job_id,experiment_id,scenario_id,replicate_id,run_id,seeds,output_dir,status,attempt_count,error,authoritative_attempt_dir,source_paths,known_white_noise_transit_snr,computational_gates_passed,scientifically_interpretable
PUB-02__deep_short__rep_0000,PUB-02,deep_short,rep_0000,tcc_calibration_confirmatory_v1__PUB-02__deep_short__rep_0000,"{""generation"": 3146241084, ""inference"": 313398846, ""predictive"": 3975458854, ""resampling"": 3768687463}",artifacts/publication_campaign/tcc_calibration_confirmatory_v1/runs/PUB-02/deep_short/rep_0000,COMPLETED,1,,artifacts/publication_campaign/tcc_calibration_confirmatory_v1/runs/PUB-02/deep_short/rep_0000/attempt_000,"[""artifacts/publication_campaign/tcc_calibration_confirmatory_v1/runs/PUB-02/deep_short/rep_0000/attempt_000/completion_manifest.json"", ""artifacts/publication_campaign/tcc_calibration_confirmatory_v1/runs/PUB-02/deep_short/rep_0000/attempt_000/environment_preflight.json"", ""artifacts/publication_campaign/tcc_calibration_confirmatory_v1/runs/PUB-02/deep_short/rep_0000/attempt_000/inference_command.json"", ""artifacts/publication_campaign/tcc_calibration_confirmatory_v1/runs/PUB-02/deep_short/rep_0000/attempt_000/inference_config.json"", ""artifacts/publication_campaign/tcc_calibration_confirmatory_v1/runs/PUB-02/deep_short/rep_0000/attempt_000/inference_started.json"", ""artifacts/publication_campaign/tcc_calibration_confirmatory_v1/runs/PUB-02/deep_short/rep_0000/attempt_000/input.csv"", ""artifacts/publication_campaign/tcc_calibration_confirmatory_v1/runs/PUB-02/deep_short/rep_0000/attempt_000/job.json"", ""artifacts/publication_campaign/tcc_calibration_confirmatory_v1/runs/PUB-02/deep_short/rep_0000/attempt_000/predictive_summary.csv"", ""artifacts/publication_campaign/tcc_calibration_confirmatory_v1/runs/PUB-02/deep_short/rep_0000/attempt_000/result.json"", ""artifacts/publication_campaign/tcc_calibration_confirmatory_v1/runs/PUB-02/deep_short/rep_0000/attempt_000/sampler_summary.csv"", ""artifacts/publication_campaign/tcc_calibration_confirmatory_v1/runs/PUB-02/deep_short/rep_0000/attempt_000/trace.nc"", ""artifacts/publication_campaign/tcc_calibration_confirmatory_v1/runs/PUB-02/deep_short/rep_0000/attempt_000/truth.json"", ""artifacts/publication_campaign/tcc_calibration_confirmatory_v1/runs/PUB-02/deep_short/rep_0000/attempt_000/worker_metadata.json""]",77.8117353932514,True,True
PUB-02__deep_short__rep_0001,PUB-02,deep_short,rep_0001,tcc_calibration_confirmatory_v1__PUB-02__deep_short__rep_0001,"{""generation"": 1380173556, ""inference"": 2998665256, ""predictive"": 3684083324, ""resampling"": 2795319849}",artifacts/publication_campaign/tcc_calibration_confirmatory_v1/runs/PUB-02/deep_short/rep_0001,COMPLETED_REJECTED,1,,artifacts/publication_campaign/tcc_calibration_confirmatory_v1/runs/PUB-02/deep_short/rep_0001/attempt_000,"[""artifacts/publication_campaign/tcc_calibration_confirmatory_v1/runs/PUB-02/deep_short/rep_0001/attempt_000/completion_manifest.json"", ""artifacts/publication_campaign/tcc_calibration_confirmatory_v1/runs/PUB-02/deep_short/rep_0001/attempt_000/environment_preflight.json"", ""artifacts/publication_campaign/tcc_calibration_confirmatory_v1/runs/PUB-02/deep_short/rep_0001/attempt_000/inference_command.json"", ""artifacts/publication_campaign/tcc_calibration_confirmatory_v1/runs/PUB-02/deep_short/rep_0001/attempt_000/inference_config.json"", ""artifacts/publication_campaign/tcc_calibration_confirmatory_v1/runs/PUB-02/deep_short/rep_0001/attempt_000/inference_started.json"", ""artifacts/publication_campaign/tcc_calibration_confirmatory_v1/runs/PUB-02/deep_short/rep_0001/attempt_000/input.csv"", ""artifacts/publication_campaign/tcc_calibration_confirmatory_v1/runs/PUB-02/deep_short/rep_0001/attempt_000/job.json"", ""artifacts/publication_campaign/tcc_calibration_confirmatory_v1/runs/PUB-02/deep_short/rep_0001/attempt_000/predictive_summary.csv"", ""artifacts/publication_campaign/tcc_calibration_confirmatory_v1/runs/PUB-02/deep_short/rep_0001/attempt_000/result.json"", ""artifacts/publication_campaign/tcc_calibration_confirmatory_v1/runs/PUB-02/deep_short/rep_0001/attempt_000/sampler_summary.csv"", ""artifacts/publication_campaign/tcc_calibration_confirmatory_v1/runs/PUB-02/deep_short/rep_0001/attempt_000/trace.nc"", ""artifacts/publication_campaign/tcc_calibration_confirmatory_v1/runs/PUB-02/deep_short/rep_0001/attempt_000/truth.json"", ""artifacts/publication_campaign/tcc_calibration_confirmatory_v1/runs/PUB-02/deep_short/rep_0001/attempt_000/worker_metadata.json""]",77.8117353932514,False,False
PUB-02__deep_short__rep_0002,PUB-02,deep_short,rep_0002,tcc_calibration_confirmatory_v1__PUB-02__deep_short__rep_0002,"{""generation"": 3413821427, ""inference"": 2868636866, ""predictive"": 2297517662, ""resampling"": 3009041239}",artifacts/publication_campaign/tcc_calibration_confirmatory_v1/runs/PUB-02/deep_short/rep_0002,COMPLETED,1,,artifacts/publication_campaign/tcc_calibration_confirmatory_v1/runs/PUB-02/deep_short/rep_0002/attempt_000,"[""artifacts/publication_campaign/tcc_calibration_confirmatory_v1/runs/PUB-02/deep_short/rep_0002/attempt_000/completion_manifest.json"", ""artifacts/publication_campaign/tcc_calibration_confirmatory_v1/runs/PUB-02/deep_short/rep_0002/attempt_000/environment_preflight.json"", ""artifacts/publication_campaign/tcc_calibration_confirmatory_v1/runs/PUB-02/deep_short/rep_0002/attempt_000/inference_command.json"", ""artifacts/publication_campaign/tcc_calibration_confirmatory_v1/runs/PUB-02/deep_short/rep_0002/attempt_000/inference_config.json"", ""artifacts/publication_campaign/tcc_calibration_confirmatory_v1/runs/PUB-02/deep_short/rep_0002/attempt_000/inference_started.json"", ""artifacts/publication_campaign/tcc_calibration_confirmatory_v1/runs/PUB-02/deep_short/rep_0002/attempt_000/input.csv"", ""artifacts/publication_campaign/tcc_calibration_confirmatory_v1/runs/PUB-02/deep_short/rep_0002/attempt_000/job.json"", ""artifacts/publication_campaign/tcc_calibration_confirmatory_v1/runs/PUB-02/deep_short/rep_0002/attempt_000/predictive_summary.csv"", ""artifacts/publication_campaign/tcc_calibration_confirmatory_v1/runs/PUB-02/deep_short/rep_0002/attempt_000/result.json"", ""artifacts/publication_campaign/tcc_calibration_confirmatory_v1/runs/PUB-02/deep_short/rep_0002/attempt_000/sampler_summary.csv"", ""artifacts/publication_campaign/tcc_calibration_confirmatory_v1/runs/PUB-02/deep_short/rep_0002/attempt_000/trace.nc"", ""artifacts/publication_campaign/tcc_calibration_confirmatory_v1/runs/PUB-02/deep_short/rep_0002/attempt_000/truth.json"", ""artifacts/publication_campaign/tcc_calibration_confirmatory_v1/runs/PUB-02/deep_short/rep_0002/attempt_000/worker_metadata.json""]",77.8117353932514,True,True
PUB-02__deep_short__rep_0003,PUB-02,deep_short,rep_0003,tcc_calibration_confirmatory_v1__PUB-02__deep_short__rep_0003,"{""generation"": 785309718, ""inference"": 1544344276, ""predictive"": 818183854, ""resampling"": 2342309158}",artifacts/publication_campaign/tcc_calibration_confirmatory_v1/runs/PUB-02/deep_short/rep_0003,COMPLETED,1,,artifacts/publication_campaign/tcc_calibration_confirmatory_v1/runs/PUB-02/deep_short/rep_0003/attempt_000,"[""artifacts/publication_campaign/tcc_calibration_confirmatory_v1/runs/PUB-02/deep_short/rep_0003/attempt_000/completion_manifest.json"", ""artifacts/publication_campaign/tcc_calibration_confirmatory_v1/runs/PUB-02/deep_short/rep_0003/attempt_000/environment_preflight.json"", ""artifacts/publication_campaign/tcc_calibration_confirmatory_v1/runs/PUB-02/deep_short/rep_0003/attempt_000/inference_command.json"", ""artifacts/publication_campaign/tcc_calibration_confirmatory_v1/runs/PUB-02/deep_short/rep_0003/attempt_000/inference_config.json"", ""artifacts/publication_campaign/tcc_calibration_confirmatory_v1/runs/PUB-02/deep_short/rep_0003/attempt_000/inference_started.json"", ""artifacts/publication_campaign/tcc_calibration_confirmatory_v1/runs/PUB-02/deep_short/rep_0003/attempt_000/input.csv"", ""artifacts/publication_campaign/tcc_calibration_confirmatory_v1/runs/PUB-02/deep_short/rep_0003/attempt_000/job.json"", ""artifacts/publication_campaign/tcc_calibration_confirmatory_v1/runs/PUB-02/deep_short/rep_0003/attempt_000/predictive_summary.csv"", ""artifacts/publication_campaign/tcc_calibration_confirmatory_v1/runs/PUB-02/deep_short/rep_0003/attempt_000/result.json"", ""artifacts/publication_campaign/tcc_calibration_confirmatory_v1/runs/PUB-02/deep_short/rep_0003/attempt_000/sampler_summary.csv"", ""artifacts/publication_campaign/tcc_calibration_confirmatory_v1/runs/PUB-02/deep_short/rep_0003/attempt_000/trace.nc"", ""artifacts/publication_campaign/tcc_calibration_confirmatory_v1/runs/PUB-02/deep_short/rep_0003/attempt_000/truth.json"", ""artifacts/publication_campaign/tcc_calibration_confirmatory_v1/runs/PUB-02/deep_short/rep_0003/attempt_000/worker_metadata.json""]",77.8117353932514,True,True
PUB-02__deep_short__rep_0004,PUB-02,deep_short,rep_0004,tcc_calibration_confirmatory_v1__PUB-02__deep_short__rep_0004,"{""generation"": 3040832076, ""inference"": 66544295, ""predictive"": 1090759165, ""resampling"": 1464334465}",artifacts/publication_campaign/tcc_calibration_confirmatory_v1/runs/PUB-02/deep_short/rep_0004,COMPLETED,1,,artifacts/publication_campaign/tcc_calibration_confirmatory_v1/runs/PUB-02/deep_short/rep_0004/attempt_000,"[""artifacts/publication_campaign/tcc_calibration_confirmatory_v1/runs/PUB-02/deep_short/rep_0004/attempt_000/completion_manifest.json"", ""artifacts/publication_campaign/tcc_calibration_confirmatory_v1/runs/PUB-02/deep_short/rep_0004/attempt_000/environment_preflight.json"", ""artifacts/publication_campaign/tcc_calibration_confirmatory_v1/runs/PUB-02/deep_short/rep_0004/attempt_000/inference_command.json"", ""artifacts/publication_campaign/tcc_calibration_confirmatory_v1/runs/PUB-02/deep_short/rep_0004/attempt_000/inference_config.json"", ""artifacts/publication_campaign/tcc_calibration_confirmatory_v1/runs/PUB-02/deep_short/rep_0004/attempt_000/inference_started.json"", ""artifacts/publication_campaign/tcc_calibration_confirmatory_v1/runs/PUB-02/deep_short/rep_0004/attempt_000/input.csv"", ""artifacts/publication_campaign/tcc_calibration_confirmatory_v1/runs/PUB-02/deep_short/rep_0004/attempt_000/job.json"", ""artifacts/publication_campaign/tcc_calibration_confirmatory_v1/runs/PUB-02/deep_short/rep_0004/attempt_000/predictive_summary.csv"", ""artifacts/publication_campaign/tcc_calibration_confirmatory_v1/runs/PUB-02/deep_short/rep_0004/attempt_000/result.json"", ""artifacts/publication_campaign/tcc_calibration_confirmatory_v1/runs/PUB-02/deep_short/rep_0004/attempt_000/sampler_summary.csv"", ""artifacts/publication_campaign/tcc_calibration_confirmatory_v1/runs/PUB-02/deep_short/rep_0004/attempt_000/trace.nc"", ""artifacts/publication_campaign/tcc_calibration_confirmatory_v1/runs/PUB-02/deep_short/rep_0004/attempt_000/truth.json"", ""artifacts/publication_campaign/tcc_calibration_confirmatory_v1/runs/PUB-02/deep_short/rep_0004/attempt_000/worker_metadata.json""]",77.8117353932514,True,True
PUB-02__deep_short__rep_0005,PUB-02,deep_short,rep_0005,tcc_calibration_confirmatory_v1__PUB-02__deep_short__rep_0005,"{""generation"": 2100435948, ""inference"": 4215519480, ""predictive"": 2844982782, ""resampling"": 4084163725}",artifacts/publication_campaign/tcc_calibration_confirmatory_v1/runs/PUB-02/deep_short/rep_0005,COMPLETED,1,,artifacts/publication_campaign/tcc_calibration_confirmatory_v1/runs/PUB-02/deep_short/rep_0005/attempt_000,"[""artifacts/publication_campaign/tcc_calibration_confirmatory_v1/runs/PUB-02/deep_short/rep_0005/attempt_000/completion_manifest.json"", ""artifacts/publication_campaign/tcc_calibration_confirmatory_v1/runs/PUB-02/deep_short/rep_0005/attempt_000/environment_preflight.json"", ""artifacts/publication_campaign/tcc_calibration_confirmatory_v1/runs/PUB-02/deep_short/rep_0005/attempt_000/inference_command.json"", ""artifacts/publication_campaign/tcc_calibration_confirmatory_v1/runs/PUB-02/deep_short/rep_0005/attempt_000/inference_config.json"", ""artifacts/publication_campaign/tcc_calibration_confirmatory_v1/runs/PUB-02/deep_short/rep_0005/attempt_000/inference_started.json"", ""artifacts/publication_campaign/tcc_calibration_confirmatory_v1/runs/PUB-02/deep_short/rep_0005/attempt_000/input.csv"", ""artifacts/publication_campaign/tcc_calibration_confirmatory_v1/runs/PUB-02/deep_short/rep_0005/attempt_000/job.json"", ""artifacts/publication_campaign/tcc_calibration_confirmatory_v1/runs/PUB-02/deep_short/rep_0005/attempt_000/predictive_summary.csv"", ""artifacts/publication_campaign/tcc_calibration_confirmatory_v1/runs/PUB-02/deep_short/rep_0005/attempt_000/result.json"", ""artifacts/publication_campaign/tcc_calibration_confirmatory_v1/runs/PUB-02/deep_short/rep_0005/attempt_000/sampler_summary.csv"", ""artifacts/publication_campaign/tcc_calibration_confirmatory_v1/runs/PUB-02/deep_short/rep_0005/attempt_000/trace.nc"", ""artifacts/publication_campaign/tcc_calibration_confirmatory_v1/runs/PUB-02/deep_short/rep_0005/attempt_000/truth.json"", ""artifacts/publication_campaign/tcc_calibration_confirmatory_v1/runs/PUB-02/deep_short/rep_0005/attempt_000/worker_metadata.json""]",77.8117353932514,True,True
PUB-02__deep_short__rep_0006,PUB-02,deep_short,rep_0006,tcc_calibration_confirmatory_v1__PUB-02__deep_short__rep_0006,"{""generation"": 3006438858, ""inference"": 3396658676, ""predictive"": 626549275, ""resampling"": 2928163483}",artifacts/publication_campaign/tcc_calibration_confirmatory_v1/runs/PUB-02/deep_short/rep_0006,COMPLETED_REJECTED,1,,artifacts/publication_campaign/tcc_calibration_confirmatory_v1/runs/PUB-02/deep_short/rep_0006/attempt_000,"[""artifacts/publication_campaign/tcc_calibration_confirmatory_v1/runs/PUB-02/deep_short/rep_0006/attempt_000/completion_manifest.json"", ""artifacts/publication_campaign/tcc_calibration_confirmatory_v1/runs/PUB-02/deep_short/rep_0006/attempt_000/environment_preflight.json"", ""artifacts/publication_campaign/tcc_calibration_confirmatory_v1/runs/PUB-02/deep_short/rep_0006/attempt_000/inference_command.json"", ""artifacts/publication_campaign/tcc_calibration_confirmatory_v1/runs/PUB-02/deep_short/rep_0006/attempt_000/inference_config.json"", ""artifacts/publication_campaign/tcc_calibration_confirmatory_v1/runs/PUB-02/deep_short/rep_0006/attempt_000/inference_started.json"", ""artifacts/publication_campaign/tcc_calibration_confirmatory_v1/runs/PUB-02/deep_short/rep_0006/attempt_000/input.csv"", ""artifacts/publication_campaign/tcc_calibration_confirmatory_v1/runs/PUB-02/deep_short/rep_0006/attempt_000/job.json"", ""artifacts/publication_campaign/tcc_calibration_confirmatory_v1/runs/PUB-02/deep_short/rep_0006/attempt_000/predictive_summary.csv"", ""artifacts/publication_campaign/tcc_calibration_confirmatory_v1/runs/PUB-02/deep_short/rep_0006/attempt_000/result.json"", ""artifacts/publication_campaign/tcc_calibration_confirmatory_v1/runs/PUB-02/deep_short/rep_0006/attempt_000/sampler_summary.csv"", ""artifacts/publication_campaign/tcc_calibration_confirmatory_v1/runs/PUB-02/deep_short/rep_0006/attempt_000/trace.nc"", ""artifacts/publication_campaign/tcc_calibration_confirmatory_v1/runs/PUB-02/deep_short/rep_0006/attempt_000/truth.json"", ""artifacts/publication_campaign/tcc_calibration_confirmatory_v1/runs/PUB-02/deep_short/rep_0006/attempt_000/worker_metadata.json""]",77.8117353932514,False,False
PUB-02__deep_short__rep_0007,PUB-02,deep_short,rep_0007,tcc_calibration_confirmatory_v1__PUB-02__deep_short__rep_0007,"{""generation"": 446935341, ""inference"": 3809563387, ""predictive"": 1373106045, ""resampling"": 4242817127}",artifacts/publication_campaign/tcc_calibration_confirmatory_v1/runs/PUB-02/deep_short/rep_0007,COMPLETED,1,,artifacts/publication_campaign/tcc_calibration_confirmatory_v1/runs/PUB-02/deep_short/rep_0007/attempt_000,"[""artifacts/publication_campaign/tcc_calibration_confirmatory_v1/runs/PUB-02/deep_short/rep_0007/attempt_000/completion_manifest.json"", ""artifacts/publication_campaign/tcc_calibration_confirmatory_v1/runs/PUB-02/deep_short/rep_0007/attempt_000/environment_preflight.json"", ""artifacts/publication_campaign/tcc_calibration_confirmatory_v1/runs/PUB-02/deep_short/rep_0007/attempt_000/inference_command.json"", ""artifacts/publication_campaign/tcc_calibration_confirmatory_v1/runs/PUB-02/deep_short/rep_0007/attempt_000/inference_config.json"", ""artifacts/publication_campaign/tcc_calibration_confirmatory_v1/runs/PUB-02/deep_short/rep_0007/attempt_000/inference_started.json"", ""artifacts/publication_campaign/tcc_calibration_confirmatory_v1/runs/PUB-02/deep_short/rep_0007/attempt_000/input.csv"", ""artifacts/publication_campaign/tcc_calibration_confirmatory_v1/runs/PUB-02/deep_short/rep_0007/attempt_000/job.json"", ""artifacts/publication_campaign/tcc_calibration_confirmatory_v1/runs/PUB-02/deep_short/rep_0007/attempt_000/predictive_summary.csv"", ""artifacts/publication_campaign/tcc_calibration_confirmatory_v1/runs/PUB-02/deep_short/rep_0007/attempt_000/result.json"", ""artifacts/publication_campaign/tcc_calibration_confirmatory_v1/runs/PUB-02/deep_short/rep_0007/attempt_000/sampler_summary.csv"", ""artifacts/publication_campaign/tcc_calibration_confirmatory_v1/runs/PUB-02/deep_short/rep_0007/attempt_000/trace.nc"", ""artifacts/publication_campaign/tcc_calibration_confirmatory_v1/runs/PUB-02/deep_short/rep_0007/attempt_000/truth.json"", ""artifacts/publication_campaign/tcc_calibration_confirmatory_v1/runs/PUB-02/deep_short/rep_0007/attempt_000/worker_metadata.json""]",77.8117353932514,True,True
PUB-02__deep_short__rep_0008,PUB-02,deep_short,rep_0008,tcc_calibration_confirmatory_v1__PUB-02__deep_short__rep_0008,"{""generation"": 3967640416, ""inference"": 1475348314, ""predictive"": 120033909, ""resampling"": 476102993}",artifacts/publication_campaign/tcc_calibration_confirmatory_v1/runs/PUB-02/deep_short/rep_0008,COMPLETED,1,,artifacts/publication_campaign/tcc_calibration_confirmatory_v1/runs/PUB-02/deep_short/rep_0008/attempt_000,"[""artifacts/publication_campaign/tcc_calibration_confirmatory_v1/runs/PUB-02/deep_short/rep_0008/attempt_000/completion_manifest.json"", ""artifacts/publication_campaign/tcc_calibration_confirmatory_v1/runs/PUB-02/deep_short/rep_0008/attempt_000/environment_preflight.json"", ""artifacts/publication_campaign/tcc_calibration_confirmatory_v1/runs/PUB-02/deep_short/rep_0008/attempt_000/inference_command.json"", ""artifacts/publication_campaign/tcc_calibration_confirmatory_v1/runs/PUB-02/deep_short/rep_0008/attempt_000/inference_config.json"", ""artifacts/publication_campaign/tcc_calibration_confirmatory_v1/runs/PUB-02/deep_short/rep_0008/attempt_000/inference_started.json"", ""artifacts/publication_campaign/tcc_calibration_confirmatory_v1/runs/PUB-02/deep_short/rep_0008/attempt_000/input.csv"", ""artifacts/publication_campaign/tcc_calibration_confirmatory_v1/runs/PUB-02/deep_short/rep_0008/attempt_000/job.json"", ""artifacts/publication_campaign/tcc_calibration_confirmatory_v1/runs/PUB-02/deep_short/rep_0008/attempt_000/predictive_summary.csv"", ""artifacts/publication_campaign/tcc_calibration_confirmatory_v1/runs/PUB-02/deep_short/rep_0008/attempt_000/result.json"", ""artifacts/publication_campaign/tcc_calibration_confirmatory_v1/runs/PUB-02/deep_short/rep_0008/attempt_000/sampler_summary.csv"", ""artifacts/publication_campaign/tcc_calibration_confirmatory_v1/runs/PUB-02/deep_short/rep_0008/attempt_000/trace.nc"", ""artifacts/publication_campaign/tcc_calibration_confirmatory_v1/runs/PUB-02/deep_short/rep_0008/attempt_000/truth.json"", ""artifacts/publication_campaign/tcc_calibration_confirmatory_v1/runs/PUB-02/deep_short/rep_0008/attempt_000/worker_metadata.json""]",77.8117353932514,True,True
PUB-02__deep_short__rep_0009,PUB-02,deep_short,rep_0009,tcc_calibration_confirmatory_v1__PUB-02__deep_short__rep_0009,"{""generation"": 474581119, ""inference"": 2680940505, ""predictive"": 1097915093, ""resampling"": 1134183099}",artifacts/publication_campaign/tcc_calibration_confirmatory_v1/runs/PUB-02/deep_short/rep_0009,COMPLETED_REJECTED,1,,artifacts/publication_campaign/tcc_calibration_confirmatory_v1/runs/PUB-02/deep_short/rep_0009/attempt_000,"[""artifacts/publication_campaign/tcc_calibration_confirmatory_v1/runs/PUB-02/deep_short/rep_0009/attempt_000/completion_manifest.json"", ""artifacts/publication_campaign/tcc_calibration_confirmatory_v1/runs/PUB-02/deep_short/rep_0009/attempt_000/environment_preflight.json"", ""artifacts/publication_campaign/tcc_calibration_confirmatory_v1/runs/PUB-02/deep_short/rep_0009/attempt_000/inference_command.json"", ""artifacts/publication_campaign/tcc_calibration_confirmatory_v1/runs/PUB-02/deep_short/rep_0009/attempt_000/inference_config.json"", ""artifacts/publication_campaign/tcc_calibration_confirmatory_v1/runs/PUB-02/deep_short/rep_0009/attempt_000/inference_started.json"", ""artifacts/publication_campaign/tcc_calibration_confirmatory_v1/runs/PUB-02/deep_short/rep_0009/attempt_000/input.csv"", ""artifacts/publication_campaign/tcc_calibration_confirmatory_v1/runs/PUB-02/deep_short/rep_0009/attempt_000/job.json"", ""artifacts/publication_campaign/tcc_calibration_confirmatory_v1/runs/PUB-02/deep_short/rep_0009/attempt_000/predictive_summary.csv"", ""artifacts/publication_campaign/tcc_calibration_confirmatory_v1/runs/PUB-02/deep_short/rep_0009/attempt_000/result.json"", ""artifacts/publication_campaign/tcc_calibration_confirmatory_v1/runs/PUB-02/deep_short/rep_0009/attempt_000/sampler_summary.csv"", ""artifacts/publication_campaign/tcc_calibration_confirmatory_v1/runs/PUB-02/deep_short/rep_0009/attempt_000/trace.nc"", ""artifacts/publication_campaign/tcc_calibration_confirmatory_v1/runs/PUB-02/deep_short/rep_0009/attempt_000/truth.json"", ""artifacts/publication_campaign/tcc_calibration_confirmatory_v1/runs/PUB-02/deep_short/rep_0009/attempt_000/worker_metadata.json""]",77.8117353932514,False,False
PUB-02__deep_short__rep_0010,PUB-02,deep_short,rep_0010,tcc_calibration_confirmatory_v1__PUB-02__deep_short__rep_0010,"{""generation"": 2048615125, ""inference"": 292219458, ""predictive"": 682237414, ""resampling"": 4285127538}",artifacts/publication_campaign/tcc_calibration_confirmatory_v1/runs/PUB-02/deep_short/rep_0010,COMPLETED_REJECTED,1,,artifacts/publication_campaign/tcc_calibration_confirmatory_v1/runs/PUB-02/deep_short/rep_0010/attempt_000,"[""artifacts/publication_campaign/tcc_calibration_confirmatory_v1/runs/PUB-02/deep_short/rep_0010/attempt_000/completion_manifest.json"", ""artifacts/publication_campaign/tcc_calibration_confirmatory_v1/runs/PUB-02/deep_short/rep_0010/attempt_000/environment_preflight.json"", ""artifacts/publication_campaign/tcc_calibration_confirmatory_v1/runs/PUB-02/deep_short/rep_0010/attempt_000/inference_command.json"", ""artifacts/publication_campaign/tcc_calibration_confirmatory_v1/runs/PUB-02/deep_short/rep_0010/attempt_000/inference_config.json"", ""artifacts/publication_campaign/tcc_calibration_confirmatory_v1/runs/PUB-02/deep_short/rep_0010/attempt_000/inference_started.json"", ""artifacts/publication_campaign/tcc_calibration_confirmatory_v1/runs/PUB-02/deep_short/rep_0010/attempt_000/input.csv"", ""artifacts/publication_campaign/tcc_calibration_confirmatory_v1/runs/PUB-02/deep_short/rep_0010/attempt_000/job.json"", ""artifacts/publication_campaign/tcc_calibration_confirmatory_v1/runs/PUB-02/deep_short/rep_0010/attempt_000/predictive_summary.csv"", ""artifacts/publication_campaign/tcc_calibration_confirmatory_v1/runs/PUB-02/deep_short/rep_0010/attempt_000/result.json"", ""artifacts/publication_campaign/tcc_calibration_confirmatory_v1/runs/PUB-02/deep_short/rep_0010/attempt_000/sampler_summary.csv"", ""artifacts/publication_campaign/tcc_calibration_confirmatory_v1/runs/PUB-02/deep_short/rep_0010/attempt_000/trace.nc"", ""artifacts/publication_campaign/tcc_calibration_confirmatory_v1/runs/PUB-02/deep_short/rep_0010/attempt_000/truth.json"", ""artifacts/publication_campaign/tcc_calibration_confirmatory_v1/runs/PUB-02/deep_short/rep_0010/attempt_000/worker_metadata.json""]",77.8117353932514,False,False
PUB-02__deep_short__rep_0011,PUB-02,deep_short,rep_0011,tcc_calibration_confirmatory_v1__PUB-02__deep_short__rep_0011,"{""generation"": 2588094897, ""inference"": 3542720266, ""predictive"": 3922530998, ""resampling"": 2761088457}",artifacts/publication_campaign/tcc_calibration_confirmatory_v1/runs/PUB-02/deep_short/rep_0011,COMPLETED,1,,artifacts/publication_campaign/tcc_calibration_confirmatory_v1/runs/PUB-02/deep_short/rep_0011/attempt_000,"[""artifacts/publication_campaign/tcc_calibration_confirmatory_v1/runs/PUB-02/deep_short/rep_0011/attempt_000/completion_manifest.json"", ""artifacts/publication_campaign/tcc_calibration_confirmatory_v1/runs/PUB-02/deep_short/rep_0011/attempt_000/environment_preflight.json"", ""artifacts/publication_campaign/tcc_calibration_confirmatory_v1/runs/PUB-02/deep_short/rep_0011/attempt_000/inference_command.json"", ""artifacts/publication_campaign/tcc_calibration_confirmatory_v1/runs/PUB-02/deep_short/rep_0011/attempt_000/inference_config.json"", ""artifacts/publication_campaign/tcc_calibration_confirmatory_v1/runs/PUB-02/deep_short/rep_0011/attempt_000/inference_started.json"", ""artifacts/publication_campaign/tcc_calibration_confirmatory_v1/runs/PUB-02/deep_short/rep_0011/attempt_000/input.csv"", ""artifacts/publication_campaign/tcc_calibration_confirmatory_v1/runs/PUB-02/deep_short/rep_0011/attempt_000/job.json"", ""artifacts/publication_campaign/tcc_calibration_confirmatory_v1/runs/PUB-02/deep_short/rep_0011/attempt_000/predictive_summary.csv"", ""artifacts/publication_campaign/tcc_calibration_confirmatory_v1/runs/PUB-02/deep_short/rep_0011/attempt_000/result.json"", ""artifacts/publication_campaign/tcc_calibration_confirmatory_v1/runs/PUB-02/deep_short/rep_0011/attempt_000/sampler_summary.csv"", ""artifacts/publication_campaign/tcc_calibration_confirmatory_v1/runs/PUB-02/deep_short/rep_0011/attempt_000/trace.nc"", ""artifacts/publication_campaign/tcc_calibration_confirmatory_v1/runs/PUB-02/deep_short/rep_0011/attempt_000/truth.json"", ""artifacts/publication_campaign/tcc_calibration_confirmatory_v1/runs/PUB-02/deep_short/rep_0011/attempt_000/worker_metadata.json""]",77.8117353932514,True,True
PUB-02__deep_short__rep_0012,PUB-02,deep_short,rep_0012,tcc_calibration_confirmatory_v1__PUB-02__deep_short__rep_0012,"{""generation"": 2874239861, ""inference"": 3205747234, ""predictive"": 1166076104, ""resampling"": 2970585988}",artifacts/publication_campaign/tcc_calibration_confirmatory_v1/runs/PUB-02/deep_short/rep_0012,COMPLETED_REJECTED,1,,artifacts/publication_campaign/tcc_calibration_confirmatory_v1/runs/PUB-02/deep_short/rep_0012/attempt_000,"[""artifacts/publication_campaign/tcc_calibration_confirmatory_v1/runs/PUB-02/deep_short/rep_0012/attempt_000/completion_manifest.json"", ""artifacts/publication_campaign/tcc_calibration_confirmatory_v1/runs/PUB-02/deep_short/rep_0012/attempt_000/environment_preflight.json"", ""artifacts/publication_campaign/tcc_calibration_confirmatory_v1/runs/PUB-02/deep_short/rep_0012/attempt_000/inference_command.json"", ""artifacts/publication_campaign/tcc_calibration_confirmatory_v1/runs/PUB-02/deep_short/rep_0012/attempt_000/inference_config.json"", ""artifacts/publication_campaign/tcc_calibration_confirmatory_v1/runs/PUB-02/deep_short/rep_0012/attempt_000/inference_started.json"", ""artifacts/publication_campaign/tcc_calibration_confirmatory_v1/runs/PUB-02/deep_short/rep_0012/attempt_000/input.csv"", ""artifacts/publication_campaign/tcc_calibration_confirmatory_v1/runs/PUB-02/deep_short/rep_0012/attempt_000/job.json"", ""artifacts/publication_campaign/tcc_calibration_confirmatory_v1/runs/PUB-02/deep_short/rep_0012/attempt_000/predictive_summary.csv"", ""artifacts/publication_campaign/tcc_calibration_confirmatory_v1/runs/PUB-02/deep_short/rep_0012/attempt_000/result.json"", ""artifacts/publication_campaign/tcc_calibration_confirmatory_v1/runs/PUB-02/deep_short/rep_0012/attempt_000/sampler_summary.csv"", ""artifacts/publication_campaign/tcc_calibration_confirmatory_v1/runs/PUB-02/deep_short/rep_0012/attempt_000/trace.nc"", ""artifacts/publication_campaign/tcc_calibration_confirmatory_v1/runs/PUB-02/deep_short/rep_0012/attempt_000/truth.json"", ""artifacts/publication_campaign/tcc_calibration_confirmatory_v1/runs/PUB-02/deep_short/rep_0012/attempt_000/worker_metadata.json""]",77.8117353932514,False,False
PUB-02__deep_short__rep_0013,PUB-02,deep_short,rep_0013,tcc_calibration_confirmatory_v1__PUB-02__deep_short__rep_0013,"{""generation"": 491541774, ""inference"": 4284462009, ""predictive"": 2774404758, ""resampling"": 427495033}",artifacts/publication_campaign/tcc_calibration_confirmatory_v1/runs/PUB-02/deep_short/rep_0013,COMPLETED,1,,artifacts/publication_campaign/tcc_calibration_confirmatory_v1/runs/PUB-02/deep_short/rep_0013/attempt_000,"[""artifacts/publication_campaign/tcc_calibration_confirmatory_v1/runs/PUB-02/deep_short/rep_0013/attempt_000/completion_manifest.json"", ""artifacts/publication_campaign/tcc_calibration_confirmatory_v1/runs/PUB-02/deep_short/rep_0013/attempt_000/environment_preflight.json"", ""artifacts/publication_campaign/tcc_calibration_confirmatory_v1/runs/PUB-02/deep_short/rep_0013/attempt_000/inference_command.json"", ""artifacts/publication_campaign/tcc_calibration_confirmatory_v1/runs/PUB-02/deep_short/rep_0013/attempt_000/inference_config.json"", ""artifacts/publication_campaign/tcc_calibration_confirmatory_v1/runs/PUB-02/deep_short/rep_0013/attempt_000/inference_started.json"", ""artifacts/publication_campaign/tcc_calibration_confirmatory_v1/runs/PUB-02/deep_short/rep_0013/attempt_000/input.csv"", ""artifacts/publication_campaign/tcc_calibration_confirmatory_v1/runs/PUB-02/deep_short/rep_0013/attempt_000/job.json"", ""artifacts/publication_campaign/tcc_calibration_confirmatory_v1/runs/PUB-02/deep_short/rep_0013/attempt_000/predictive_summary.csv"", ""artifacts/publication_campaign/tcc_calibration_confirmatory_v1/runs/PUB-02/deep_short/rep_0013/attempt_000/result.json"", ""artifacts/publication_campaign/tcc_calibration_confirmatory_v1/runs/PUB-02/deep_short/rep_0013/attempt_000/sampler_summary.csv"", ""artifacts/publication_campaign/tcc_calibration_confirmatory_v1/runs/PUB-02/deep_short/rep_0013/attempt_000/trace.nc"", ""artifacts/publication_campaign/tcc_calibration_confirmatory_v1/runs/PUB-02/deep_short/rep_0013/attempt_000/truth.json"", ""artifacts/publication_campaign/tcc_calibration_confirmatory_v1/runs/PUB-02/deep_short/rep_0013/attempt_000/worker_metadata.json""]",77.8117353932514,True,True
PUB-02__deep_short__rep_0014,PUB-02,deep_short,rep_0014,tcc_calibration_confirmatory_v1__PUB-02__deep_short__rep_0014,"{""generation"": 429047725, ""inference"": 1553872934, ""predictive"": 511359732, ""resampling"": 1384791693}",artifacts/publication_campaign/tcc_calibration_confirmatory_v1/runs/PUB-02/deep_short/rep_0014,COMPLETED,1,,artifacts/publication_campaign/tcc_calibration_confirmatory_v1/runs/PUB-02/deep_short/rep_0014/attempt_000,"[""artifacts/publication_campaign/tcc_calibration_confirmatory_v1/runs/PUB-02/deep_short/rep_0014/attempt_000/completion_manifest.json"", ""artifacts/publication_campaign/tcc_calibration_confirmatory_v1/runs/PUB-02/deep_short/rep_0014/attempt_000/environment_preflight.json"", ""artifacts/publication_campaign/tcc_calibration_confirmatory_v1/runs/PUB-02/deep_short/rep_0014/attempt_000/inference_command.json"", ""artifacts/publication_campaign/tcc_calibration_confirmatory_v1/runs/PUB-02/deep_short/rep_0014/attempt_000/inference_config.json"", ""artifacts/publication_campaign/tcc_calibration_confirmatory_v1/runs/PUB-02/deep_short/rep_0014/attempt_000/inference_started.json"", ""artifacts/publication_campaign/tcc_calibration_confirmatory_v1/runs/PUB-02/deep_short/rep_0014/attempt_000/input.csv"", ""artifacts/publication_campaign/tcc_calibration_confirmatory_v1/runs/PUB-02/deep_short/rep_0014/attempt_000/job.json"", ""artifacts/publication_campaign/tcc_calibration_confirmatory_v1/runs/PUB-02/deep_short/rep_0014/attempt_000/predictive_summary.csv"", ""artifacts/publication_campaign/tcc_calibration_confirmatory_v1/runs/PUB-02/deep_short/rep_0014/attempt_000/result.json"", ""artifacts/publication_campaign/tcc_calibration_confirmatory_v1/runs/PUB-02/deep_short/rep_0014/attempt_000/sampler_summary.csv"", ""artifacts/publication_campaign/tcc_calibration_confirmatory_v1/runs/PUB-02/deep_short/rep_0014/attempt_000/trace.nc"", ""artifacts/publication_campaign/tcc_calibration_confirmatory_v1/runs/PUB-02/deep_short/rep_0014/attempt_000/truth.json"", ""artifacts/publication_campaign/tcc_calibration_confirmatory_v1/runs/PUB-02/deep_short/rep_0014/attempt_000/worker_metadata.json""]",77.8117353932514,True,True
PUB-02__deep_short__rep_0015,PUB-02,deep_short,rep_0015,tcc_calibration_confirmatory_v1__PUB-02__deep_short__rep_0015,"{""generation"": 3193733913, ""inference"": 1237233322, ""predictive"": 820733059, ""resampling"": 1169569477}",artifacts/publication_campaign/tcc_calibration_confirmatory_v1/runs/PUB-02/deep_short/rep_0015,COMPLETED,1,,artifacts/publication_campaign/tcc_calibration_confirmatory_v1/runs/PUB-02/deep_short/rep_0015/attempt_000,"[""artifacts/publication_campaign/tcc_calibration_confirmatory_v1/runs/PUB-02/deep_short/rep_0015/attempt_000/completion_manifest.json"", ""artifacts/publication_campaign/tcc_calibration_confirmatory_v1/runs/PUB-02/deep_short/rep_0015/attempt_000/environment_preflight.json"", ""artifacts/publication_campaign/tcc_calibration_confirmatory_v1/runs/PUB-02/deep_short/rep_0015/attempt_000/inference_command.json"", ""artifacts/publication_campaign/tcc_calibration_confirmatory_v1/runs/PUB-02/deep_short/rep_0015/attempt_000/inference_config.json"", ""artifacts/publication_campaign/tcc_calibration_confirmatory_v1/runs/PUB-02/deep_short/rep_0015/attempt_000/inference_started.json"", ""artifacts/publication_campaign/tcc_calibration_confirmatory_v1/runs/PUB-02/deep_short/rep_0015/attempt_000/input.csv"", ""artifacts/publication_campaign/tcc_calibration_confirmatory_v1/runs/PUB-02/deep_short/rep_0015/attempt_000/job.json"", ""artifacts/publication_campaign/tcc_calibration_confirmatory_v1/runs/PUB-02/deep_short/rep_0015/attempt_000/predictive_summary.csv"", ""artifacts/publication_campaign/tcc_calibration_confirmatory_v1/runs/PUB-02/deep_short/rep_0015/attempt_000/result.json"", ""artifacts/publication_campaign/tcc_calibration_confirmatory_v1/runs/PUB-02/deep_short/rep_0015/attempt_000/sampler_summary.csv"", ""artifacts/publication_campaign/tcc_calibration_confirmatory_v1/runs/PUB-02/deep_short/rep_0015/attempt_000/trace.nc"", ""artifacts/publication_campaign/tcc_calibration_confirmatory_v1/runs/PUB-02/deep_short/rep_0015/attempt_000/truth.json"", ""artifacts/publication_campaign/tcc_calibration_confirmatory_v1/runs/PUB-02/deep_short/rep_0015/attempt_000/worker_metadata.json""]",77.8117353932514,True,True
PUB-02__deep_short__rep_0016,PUB-02,deep_short,rep_0016,tcc_calibration_confirmatory_v1__PUB-02__deep_short__rep_0016,"{""generation"": 24123050, ""inference"": 283021982, ""predictive"": 1176277544, ""resampling"": 755816955}",artifacts/publication_campaign/tcc_calibration_confirmatory_v1/runs/PUB-02/deep_short/rep_0016,COMPLETED,1,,artifacts/publication_campaign/tcc_calibration_confirmatory_v1/runs/PUB-02/deep_short/rep_0016/attempt_000,"[""artifacts/publication_campaign/tcc_calibration_confirmatory_v1/runs/PUB-02/deep_short/rep_0016/attempt_000/completion_manifest.json"", ""artifacts/publication_campaign/tcc_calibration_confirmatory_v1/runs/PUB-02/deep_short/rep_0016/attempt_000/environment_preflight.json"", ""artifacts/publication_campaign/tcc_calibration_confirmatory_v1/runs/PUB-02/deep_short/rep_0016/attempt_000/inference_command.json"", ""artifacts/publication_campaign/tcc_calibration_confirmatory_v1/runs/PUB-02/deep_short/rep_0016/attempt_000/inference_config.json"", ""artifacts/publication_campaign/tcc_calibration_confirmatory_v1/runs/PUB-02/deep_short/rep_0016/attempt_000/inference_started.json"", ""artifacts/publication_campaign/tcc_calibration_confirmatory_v1/runs/PUB-02/deep_short/rep_0016/attempt_000/input.csv"", ""artifacts/publication_campaign/tcc_calibration_confirmatory_v1/runs/PUB-02/deep_short/rep_0016/attempt_000/job.json"", ""artifacts/publication_campaign/tcc_calibration_confirmatory_v1/runs/PUB-02/deep_short/rep_0016/attempt_000/predictive_summary.csv"", ""artifacts/publication_campaign/tcc_calibration_confirmatory_v1/runs/PUB-02/deep_short/rep_0016/attempt_000/result.json"", ""artifacts/publication_campaign/tcc_calibration_confirmatory_v1/runs/PUB-02/deep_short/rep_0016/attempt_000/sampler_summary.csv"", ""artifacts/publication_campaign/tcc_calibration_confirmatory_v1/runs/PUB-02/deep_short/rep_0016/attempt_000/trace.nc"", ""artifacts/publication_campaign/tcc_calibration_confirmatory_v1/runs/PUB-02/deep_short/rep_0016/attempt_000/truth.json"", ""artifacts/publication_campaign/tcc_calibration_confirmatory_v1/runs/PUB-02/deep_short/rep_0016/attempt_000/worker_metadata.json""]",77.8117353932514,True,True
PUB-02__deep_short__rep_0017,PUB-02,deep_short,rep_0017,tcc_calibration_confirmatory_v1__PUB-02__deep_short__rep_0017,"{""generation"": 453157894, ""inference"": 4168129854, ""predictive"": 2269455880, ""resampling"": 197579546}",artifacts/publication_campaign/tcc_calibration_confirmatory_v1/runs/PUB-02/deep_short/rep_0017,COMPLETED,1,,artifacts/publication_campaign/tcc_calibration_confirmatory_v1/runs/PUB-02/deep_short/rep_0017/attempt_000,"[""artifacts/publication_campaign/tcc_calibration_confirmatory_v1/runs/PUB-02/deep_short/rep_0017/attempt_000/completion_manifest.json"", ""artifacts/publication_campaign/tcc_calibration_confirmatory_v1/runs/PUB-02/deep_short/rep_0017/attempt_000/environment_preflight.json"", ""artifacts/publication_campaign/tcc_calibration_confirmatory_v1/runs/PUB-02/deep_short/rep_0017/attempt_000/inference_command.json"", ""artifacts/publication_campaign/tcc_calibration_confirmatory_v1/runs/PUB-02/deep_short/rep_0017/attempt_000/inference_config.json"", ""artifacts/publication_campaign/tcc_calibration_confirmatory_v1/runs/PUB-02/deep_short/rep_0017/attempt_000/inference_started.json"", ""artifacts/publication_campaign/tcc_calibration_confirmatory_v1/runs/PUB-02/deep_short/rep_0017/attempt_000/input.csv"", ""artifacts/publication_campaign/tcc_calibration_confirmatory_v1/runs/PUB-02/deep_short/rep_0017/attempt_000/job.json"", ""artifacts/publication_campaign/tcc_calibration_confirmatory_v1/runs/PUB-02/deep_short/rep_0017/attempt_000/predictive_summary.csv"", ""artifacts/publication_campaign/tcc_calibration_confirmatory_v1/runs/PUB-02/deep_short/rep_0017/attempt_000/result.json"", ""artifacts/publication_campaign/tcc_calibration_confirmatory_v1/runs/PUB-02/deep_short/rep_0017/attempt_000/sampler_summary.csv"", ""artifacts/publication_campaign/tcc_calibration_confirmatory_v1/runs/PUB-02/deep_short/rep_0017/attempt_000/trace.nc"", ""artifacts/publication_campaign/tcc_calibration_confirmatory_v1/runs/PUB-02/deep_short/rep_0017/attempt_000/truth.json"", ""artifacts/publication_campaign/tcc_calibration_confirmatory_v1/runs/PUB-02/deep_short/rep_0017/attempt_000/worker_metadata.json""]",77.8117353932514,True,True
PUB-02__deep_short__rep_0018,PUB-02,deep_short,rep_0018,tcc_calibration_confirmatory_v1__PUB-02__deep_short__rep_0018,"{""generation"": 410471615, ""inference"": 2220109889, ""predictive"": 1070593550, ""resampling"": 2570007794}",artifacts/publication_campaign/tcc_calibration_confirmatory_v1/runs/PUB-02/deep_short/rep_0018,COMPLETED,1,,artifacts/publication_campaign/tcc_calibration_confirmatory_v1/runs/PUB-02/deep_short/rep_0018/attempt_000,"[""artifacts/publication_campaign/tcc_calibration_confirmatory_v1/runs/PUB-02/deep_short/rep_0018/attempt_000/completion_manifest.json"", ""artifacts/publication_campaign/tcc_calibration_confirmatory_v1/runs/PUB-02/deep_short/rep_0018/attempt_000/environment_preflight.json"", ""artifacts/publication_campaign/tcc_calibration_confirmatory_v1/runs/PUB-02/deep_short/rep_0018/attempt_000/inference_command.json"", ""artifacts/publication_campaign/tcc_calibration_confirmatory_v1/runs/PUB-02/deep_short/rep_0018/attempt_000/inference_config.json"", ""artifacts/publication_campaign/tcc_calibration_confirmatory_v1/runs/PUB-02/deep_short/rep_0018/attempt_000/inference_started.json"", ""artifacts/publication_campaign/tcc_calibration_confirmatory_v1/runs/PUB-02/deep_short/rep_0018/attempt_000/input.csv"", ""artifacts/publication_campaign/tcc_calibration_confirmatory_v1/runs/PUB-02/deep_short/rep_0018/attempt_000/job.json"", ""artifacts/publication_campaign/tcc_calibration_confirmatory_v1/runs/PUB-02/deep_short/rep_0018/attempt_000/predictive_summary.csv"", ""artifacts/publication_campaign/tcc_calibration_confirmatory_v1/runs/PUB-02/deep_short/rep_0018/attempt_000/result.json"", ""artifacts/publication_campaign/tcc_calibration_confirmatory_v1/runs/PUB-02/deep_short/rep_0018/attempt_000/sampler_summary.csv"", ""artifacts/publication_campaign/tcc_calibration_confirmatory_v1/runs/PUB-02/deep_short/rep_0018/attempt_000/trace.nc"", ""artifacts/publication_campaign/tcc_calibration_confirmatory_v1/runs/PUB-02/deep_short/rep_0018/attempt_000/truth.json"", ""artifacts/publication_campaign/tcc_calibration_confirmatory_v1/runs/PUB-02/deep_short/rep_0018/attempt_000/worker_metadata.json""]",77.8117353932514,True,True
PUB-02__deep_short__rep_0019,PUB-02,deep_short,rep_0019,tcc_calibration_confirmatory_v1__PUB-02__deep_short__rep_0019,"{""generation"": 1543373709, ""inference"": 3139073438, ""predictive"": 3334363514, ""resampling"": 4065941481}",artifacts/publication_campaign/tcc_calibration_confirmatory_v1/runs/PUB-02/deep_short/rep_0019,COMPLETED,1,,artifacts/publication_campaign/tcc_calibration_confirmatory_v1/runs/PUB-02/deep_short/rep_0019/attempt_000,"[""artifacts/publication_campaign/tcc_calibration_confirmatory_v1/runs/PUB-02/deep_short/rep_0019/attempt_000/completion_manifest.json"", ""artifacts/publication_campaign/tcc_calibration_confirmatory_v1/runs/PUB-02/deep_short/rep_0019/attempt_000/environment_preflight.json"", ""artifacts/publication_campaign/tcc_calibration_confirmatory_v1/runs/PUB-02/deep_short/rep_0019/attempt_000/inference_command.json"", ""artifacts/publication_campaign/tcc_calibration_confirmatory_v1/runs/PUB-02/deep_short/rep_0019/attempt_000/inference_config.json"", ""artifacts/publication_campaign/tcc_calibration_confirmatory_v1/runs/PUB-02/deep_short/rep_0019/attempt_000/inference_started.json"", ""artifacts/publication_campaign/tcc_calibration_confirmatory_v1/runs/PUB-02/deep_short/rep_0019/attempt_000/input.csv"", ""artifacts/publication_campaign/tcc_calibration_confirmatory_v1/runs/PUB-02/deep_short/rep_0019/attempt_000/job.json"", ""artifacts/publication_campaign/tcc_calibration_confirmatory_v1/runs/PUB-02/deep_short/rep_0019/attempt_000/predictive_summary.csv"", ""artifacts/publication_campaign/tcc_calibration_confirmatory_v1/runs/PUB-02/deep_short/rep_0019/attempt_000/result.json"", ""artifacts/publication_campaign/tcc_calibration_confirmatory_v1/runs/PUB-02/deep_short/rep_0019/attempt_000/sampler_summary.csv"", ""artifacts/publication_campaign/tcc_calibration_confirmatory_v1/runs/PUB-02/deep_short/rep_0019/attempt_000/trace.nc"", ""artifacts/publication_campaign/tcc_calibration_confirmatory_v1/runs/PUB-02/deep_short/rep_0019/attempt_000/truth.json"", ""artifacts/publication_campaign/tcc_calibration_confirmatory_v1/runs/PUB-02/deep_short/rep_0019/attempt_000/worker_metadata.json""]",77.8117353932514,True,True
PUB-02__deep_short__rep_0020,PUB-02,deep_short,rep_0020,tcc_calibration_confirmatory_v1__PUB-02__deep_short__rep_0020,"{""generation"": 1044499695, ""inference"": 31119173, ""predictive"": 736234103, ""resampling"": 741386823}",artifacts/publication_campaign/tcc_calibration_confirmatory_v1/runs/PUB-02/deep_short/rep_0020,COMPLETED_REJECTED,1,,artifacts/publication_campaign/tcc_calibration_confirmatory_v1/runs/PUB-02/deep_short/rep_0020/attempt_000,"[""artifacts/publication_campaign/tcc_calibration_confirmatory_v1/runs/PUB-02/deep_short/rep_0020/attempt_000/completion_manifest.json"", ""artifacts/publication_campaign/tcc_calibration_confirmatory_v1/runs/PUB-02/deep_short/rep_0020/attempt_000/environment_preflight.json"", ""artifacts/publication_campaign/tcc_calibration_confirmatory_v1/runs/PUB-02/deep_short/rep_0020/attempt_000/inference_command.json"", ""artifacts/publication_campaign/tcc_calibration_confirmatory_v1/runs/PUB-02/deep_short/rep_0020/attempt_000/inference_config.json"", ""artifacts/publication_campaign/tcc_calibration_confirmatory_v1/runs/PUB-02/deep_short/rep_0020/attempt_000/inference_started.json"", ""artifacts/publication_campaign/tcc_calibration_confirmatory_v1/runs/PUB-02/deep_short/rep_0020/attempt_000/input.csv"", ""artifacts/publication_campaign/tcc_calibration_confirmatory_v1/runs/PUB-02/deep_short/rep_0020/attempt_000/job.json"", ""artifacts/publication_campaign/tcc_calibration_confirmatory_v1/runs/PUB-02/deep_short/rep_0020/attempt_000/predictive_summary.csv"", ""artifacts/publication_campaign/tcc_calibration_confirmatory_v1/runs/PUB-02/deep_short/rep_0020/attempt_000/result.json"", ""artifacts/publication_campaign/tcc_calibration_confirmatory_v1/runs/PUB-02/deep_short/rep_0020/attempt_000/sampler_summary.csv"", ""artifacts/publication_campaign/tcc_calibration_confirmatory_v1/runs/PUB-02/deep_short/rep_0020/attempt_000/trace.nc"", ""artifacts/publication_campaign/tcc_calibration_confirmatory_v1/runs/PUB-02/deep_short/rep_0020/attempt_000/truth.json"", ""artifacts/publication_campaign/tcc_calibration_confirmatory_v1/runs/PUB-02/deep_short/rep_0020/attempt_000/worker_metadata.json""]",77.8117353932514,False,False
PUB-02__deep_short__rep_0021,PUB-02,deep_short,rep_0021,tcc_calibration_confirmatory_v1__PUB-02__deep_short__rep_0021,"{""generation"": 1604884274, ""inference"": 1655333091, ""predictive"": 3456994263, ""resampling"": 269078722}",artifacts/publication_campaign/tcc_calibration_confirmatory_v1/runs/PUB-02/deep_short/rep_0021,COMPLETED,1,,artifacts/publication_campaign/tcc_calibration_confirmatory_v1/runs/PUB-02/deep_short/rep_0021/attempt_000,"[""artifacts/publication_campaign/tcc_calibration_confirmatory_v1/runs/PUB-02/deep_short/rep_0021/attempt_000/completion_manifest.json"", ""artifacts/publication_campaign/tcc_calibration_confirmatory_v1/runs/PUB-02/deep_short/rep_0021/attempt_000/environment_preflight.json"", ""artifacts/publication_campaign/tcc_calibration_confirmatory_v1/runs/PUB-02/deep_short/rep_0021/attempt_000/inference_command.json"", ""artifacts/publication_campaign/tcc_calibration_confirmatory_v1/runs/PUB-02/deep_short/rep_0021/attempt_000/inference_config.json"", ""artifacts/publication_campaign/tcc_calibration_confirmatory_v1/runs/PUB-02/deep_short/rep_0021/attempt_000/inference_started.json"", ""artifacts/publication_campaign/tcc_calibration_confirmatory_v1/runs/PUB-02/deep_short/rep_0021/attempt_000/input.csv"", ""artifacts/publication_campaign/tcc_calibration_confirmatory_v1/runs/PUB-02/deep_short/rep_0021/attempt_000/job.json"", ""artifacts/publication_campaign/tcc_calibration_confirmatory_v1/runs/PUB-02/deep_short/rep_0021/attempt_000/predictive_summary.csv"", ""artifacts/publication_campaign/tcc_calibration_confirmatory_v1/runs/PUB-02/deep_short/rep_0021/attempt_000/result.json"", ""artifacts/publication_campaign/tcc_calibration_confirmatory_v1/runs/PUB-02/deep_short/rep_0021/attempt_000/sampler_summary.csv"", ""artifacts/publication_campaign/tcc_calibration_confirmatory_v1/runs/PUB-02/deep_short/rep_0021/attempt_000/trace.nc"", ""artifacts/publication_campaign/tcc_calibration_confirmatory_v1/runs/PUB-02/deep_short/rep_0021/attempt_000/truth.json"", ""artifacts/publication_campaign/tcc_calibration_confirmatory_v1/runs/PUB-02/deep_short/rep_0021/attempt_000/worker_metadata.json""]",77.8117353932514,True,True
PUB-02__deep_short__rep_0022,PUB-02,deep_short,rep_0022,tcc_calibration_confirmatory_v1__PUB-02__deep_short__rep_0022,"{""generation"": 1448858319, ""inference"": 2205877235, ""predictive"": 942150020, ""resampling"": 2996399425}",artifacts/publication_campaign/tcc_calibration_confirmatory_v1/runs/PUB-02/deep_short/rep_0022,COMPLETED,1,,artifacts/publication_campaign/tcc_calibration_confirmatory_v1/runs/PUB-02/deep_short/rep_0022/attempt_000,"[""artifacts/publication_campaign/tcc_calibration_confirmatory_v1/runs/PUB-02/deep_short/rep_0022/attempt_000/completion_manifest.json"", ""artifacts/publication_campaign/tcc_calibration_confirmatory_v1/runs/PUB-02/deep_short/rep_0022/attempt_000/environment_preflight.json"", ""artifacts/publication_campaign/tcc_calibration_confirmatory_v1/runs/PUB-02/deep_short/rep_0022/attempt_000/inference_command.json"", ""artifacts/publication_campaign/tcc_calibration_confirmatory_v1/runs/PUB-02/deep_short/rep_0022/attempt_000/inference_config.json"", ""artifacts/publication_campaign/tcc_calibration_confirmatory_v1/runs/PUB-02/deep_short/rep_0022/attempt_000/inference_started.json"", ""artifacts/publication_campaign/tcc_calibration_confirmatory_v1/runs/PUB-02/deep_short/rep_0022/attempt_000/input.csv"", ""artifacts/publication_campaign/tcc_calibration_confirmatory_v1/runs/PUB-02/deep_short/rep_0022/attempt_000/job.json"", ""artifacts/publication_campaign/tcc_calibration_confirmatory_v1/runs/PUB-02/deep_short/rep_0022/attempt_000/predictive_summary.csv"", ""artifacts/publication_campaign/tcc_calibration_confirmatory_v1/runs/PUB-02/deep_short/rep_0022/attempt_000/result.json"", ""artifacts/publication_campaign/tcc_calibration_confirmatory_v1/runs/PUB-02/deep_short/rep_0022/attempt_000/sampler_summary.csv"", ""artifacts/publication_campaign/tcc_calibration_confirmatory_v1/runs/PUB-02/deep_short/rep_0022/attempt_000/trace.nc"", ""artifacts/publication_campaign/tcc_calibration_confirmatory_v1/runs/PUB-02/deep_short/rep_0022/attempt_000/truth.json"", ""artifacts/publication_campaign/tcc_calibration_confirmatory_v1/runs/PUB-02/deep_short/rep_0022/attempt_000/worker_metadata.json""]",77.8117353932514,True,True
PUB-02__deep_short__rep_0023,PUB-02,deep_short,rep_0023,tcc_calibration_confirmatory_v1__PUB-02__deep_short__rep_0023,"{""generation"": 862249792, ""inference"": 1484059518, ""predictive"": 1426007980, ""resampling"": 1047334803}",artifacts/publication_campaign/tcc_calibration_confirmatory_v1/runs/PUB-02/deep_short/rep_0023,COMPLETED_REJECTED,1,,artifacts/publication_campaign/tcc_calibration_confirmatory_v1/runs/PUB-02/deep_short/rep_0023/attempt_000,"[""artifacts/publication_campaign/tcc_calibration_confirmatory_v1/runs/PUB-02/deep_short/rep_0023/attempt_000/completion_manifest.json"", ""artifacts/publication_campaign/tcc_calibration_confirmatory_v1/runs/PUB-02/deep_short/rep_0023/attempt_000/environment_preflight.json"", ""artifacts/publication_campaign/tcc_calibration_confirmatory_v1/runs/PUB-02/deep_short/rep_0023/attempt_000/inference_command.json"", ""artifacts/publication_campaign/tcc_calibration_confirmatory_v1/runs/PUB-02/deep_short/rep_0023/attempt_000/inference_config.json"", ""artifacts/publication_campaign/tcc_calibration_confirmatory_v1/runs/PUB-02/deep_short/rep_0023/attempt_000/inference_started.json"", ""artifacts/publication_campaign/tcc_calibration_confirmatory_v1/runs/PUB-02/deep_short/rep_0023/attempt_000/input.csv"", ""artifacts/publication_campaign/tcc_calibration_confirmatory_v1/runs/PUB-02/deep_short/rep_0023/attempt_000/job.json"", ""artifacts/publication_campaign/tcc_calibration_confirmatory_v1/runs/PUB-02/deep_short/rep_0023/attempt_000/predictive_summary.csv"", ""artifacts/publication_campaign/tcc_calibration_confirmatory_v1/runs/PUB-02/deep_short/rep_0023/attempt_000/result.json"", ""artifacts/publication_campaign/tcc_calibration_confirmatory_v1/runs/PUB-02/deep_short/rep_0023/attempt_000/sampler_summary.csv"", ""artifacts/publication_campaign/tcc_calibration_confirmatory_v1/runs/PUB-02/deep_short/rep_0023/attempt_000/trace.nc"", ""artifacts/publication_campaign/tcc_calibration_confirmatory_v1/runs/PUB-02/deep_short/rep_0023/attempt_000/truth.json"", ""artifacts/publication_campaign/tcc_calibration_confirmatory_v1/runs/PUB-02/deep_short/rep_0023/attempt_000/worker_metadata.json""]",77.8117353932514,False,False
PUB-02__deep_short__rep_0024,PUB-02,deep_short,rep_0024,tcc_calibration_confirmatory_v1__PUB-02__deep_short__rep_0024,"{""generation"": 2527990772, ""inference"": 306633088, ""predictive"": 2857587555, ""resampling"": 3081875068}",artifacts/publication_campaign/tcc_calibration_confirmatory_v1/runs/PUB-02/deep_short/rep_0024,COMPLETED,1,,artifacts/publication_campaign/tcc_calibration_confirmatory_v1/runs/PUB-02/deep_short/rep_0024/attempt_000,"[""artifacts/publication_campaign/tcc_calibration_confirmatory_v1/runs/PUB-02/deep_short/rep_0024/attempt_000/completion_manifest.json"", ""artifacts/publication_campaign/tcc_calibration_confirmatory_v1/runs/PUB-02/deep_short/rep_0024/attempt_000/environment_preflight.json"", ""artifacts/publication_campaign/tcc_calibration_confirmatory_v1/runs/PUB-02/deep_short/rep_0024/attempt_000/inference_command.json"", ""artifacts/publication_campaign/tcc_calibration_confirmatory_v1/runs/PUB-02/deep_short/rep_0024/attempt_000/inference_config.json"", ""artifacts/publication_campaign/tcc_calibration_confirmatory_v1/runs/PUB-02/deep_short/rep_0024/attempt_000/inference_started.json"", ""artifacts/publication_campaign/tcc_calibration_confirmatory_v1/runs/PUB-02/deep_short/rep_0024/attempt_000/input.csv"", ""artifacts/publication_campaign/tcc_calibration_confirmatory_v1/runs/PUB-02/deep_short/rep_0024/attempt_000/job.json"", ""artifacts/publication_campaign/tcc_calibration_confirmatory_v1/runs/PUB-02/deep_short/rep_0024/attempt_000/predictive_summary.csv"", ""artifacts/publication_campaign/tcc_calibration_confirmatory_v1/runs/PUB-02/deep_short/rep_0024/attempt_000/result.json"", ""artifacts/publication_campaign/tcc_calibration_confirmatory_v1/runs/PUB-02/deep_short/rep_0024/attempt_000/sampler_summary.csv"", ""artifacts/publication_campaign/tcc_calibration_confirmatory_v1/runs/PUB-02/deep_short/rep_0024/attempt_000/trace.nc"", ""artifacts/publication_campaign/tcc_calibration_confirmatory_v1/runs/PUB-02/deep_short/rep_0024/attempt_000/truth.json"", ""artifacts/publication_campaign/tcc_calibration_confirmatory_v1/runs/PUB-02/deep_short/rep_0024/attempt_000/worker_metadata.json""]",77.8117353932514,True,True
PUB-02__deep_short__rep_0025,PUB-02,deep_short,rep_0025,tcc_calibration_confirmatory_v1__PUB-02__deep_short__rep_0025,"{""generation"": 3217576177, ""inference"": 311575837, ""predictive"": 2151404477, ""resampling"": 1924749320}",artifacts/publication_campaign/tcc_calibration_confirmatory_v1/runs/PUB-02/deep_short/rep_0025,COMPLETED,1,,artifacts/publication_campaign/tcc_calibration_confirmatory_v1/runs/PUB-02/deep_short/rep_0025/attempt_000,"[""artifacts/publication_campaign/tcc_calibration_confirmatory_v1/runs/PUB-02/deep_short/rep_0025/attempt_000/completion_manifest.json"", ""artifacts/publication_campaign/tcc_calibration_confirmatory_v1/runs/PUB-02/deep_short/rep_0025/attempt_000/environment_preflight.json"", ""artifacts/publication_campaign/tcc_calibration_confirmatory_v1/runs/PUB-02/deep_short/rep_0025/attempt_000/inference_command.json"", ""artifacts/publication_campaign/tcc_calibration_confirmatory_v1/runs/PUB-02/deep_short/rep_0025/attempt_000/inference_config.json"", ""artifacts/publication_campaign/tcc_calibration_confirmatory_v1/runs/PUB-02/deep_short/rep_0025/attempt_000/inference_started.json"", ""artifacts/publication_campaign/tcc_calibration_confirmatory_v1/runs/PUB-02/deep_short/rep_0025/attempt_000/input.csv"", ""artifacts/publication_campaign/tcc_calibration_confirmatory_v1/runs/PUB-02/deep_short/rep_0025/attempt_000/job.json"", ""artifacts/publication_campaign/tcc_calibration_confirmatory_v1/runs/PUB-02/deep_short/rep_0025/attempt_000/predictive_summary.csv"", ""artifacts/publication_campaign/tcc_calibration_confirmatory_v1/runs/PUB-02/deep_short/rep_0025/attempt_000/result.json"", ""artifacts/publication_campaign/tcc_calibration_confirmatory_v1/runs/PUB-02/deep_short/rep_0025/attempt_000/sampler_summary.csv"", ""artifacts/publication_campaign/tcc_calibration_confirmatory_v1/runs/PUB-02/deep_short/rep_0025/attempt_000/trace.nc"", ""artifacts/publication_campaign/tcc_calibration_confirmatory_v1/runs/PUB-02/deep_short/rep_0025/attempt_000/truth.json"", ""artifacts/publication_campaign/tcc_calibration_confirmatory_v1/runs/PUB-02/deep_short/rep_0025/attempt_000/worker_metadata.json""]",77.8117353932514,True,True
PUB-02__deep_short__rep_0026,PUB-02,deep_short,rep_0026,tcc_calibration_confirmatory_v1__PUB-02__deep_short__rep_0026,"{""generation"": 1159525965, ""inference"": 2291751440, ""predictive"": 3722765677, ""resampling"": 1478921886}",artifacts/publication_campaign/tcc_calibration_confirmatory_v1/runs/PUB-02/deep_short/rep_0026,COMPLETED_REJECTED,1,,artifacts/publication_campaign/tcc_calibration_confirmatory_v1/runs/PUB-02/deep_short/rep_0026/attempt_000,"[""artifacts/publication_campaign/tcc_calibration_confirmatory_v1/runs/PUB-02/deep_short/rep_0026/attempt_000/completion_manifest.json"", ""artifacts/publication_campaign/tcc_calibration_confirmatory_v1/runs/PUB-02/deep_short/rep_0026/attempt_000/environment_preflight.json"", ""artifacts/publication_campaign/tcc_calibration_confirmatory_v1/runs/PUB-02/deep_short/rep_0026/attempt_000/inference_command.json"", ""artifacts/publication_campaign/tcc_calibration_confirmatory_v1/runs/PUB-02/deep_short/rep_0026/attempt_000/inference_config.json"", ""artifacts/publication_campaign/tcc_calibration_confirmatory_v1/runs/PUB-02/deep_short/rep_0026/attempt_000/inference_started.json"", ""artifacts/publication_campaign/tcc_calibration_confirmatory_v1/runs/PUB-02/deep_short/rep_0026/attempt_000/input.csv"", ""artifacts/publication_campaign/tcc_calibration_confirmatory_v1/runs/PUB-02/deep_short/rep_0026/attempt_000/job.json"", ""artifacts/publication_campaign/tcc_calibration_confirmatory_v1/runs/PUB-02/deep_short/rep_0026/attempt_000/predictive_summary.csv"", ""artifacts/publication_campaign/tcc_calibration_confirmatory_v1/runs/PUB-02/deep_short/rep_0026/attempt_000/result.json"", ""artifacts/publication_campaign/tcc_calibration_confirmatory_v1/runs/PUB-02/deep_short/rep_0026/attempt_000/sampler_summary.csv"", ""artifacts/publication_campaign/tcc_calibration_confirmatory_v1/runs/PUB-02/deep_short/rep_0026/attempt_000/trace.nc"", ""artifacts/publication_campaign/tcc_calibration_confirmatory_v1/runs/PUB-02/deep_short/rep_0026/attempt_000/truth.json"", ""artifacts/publication_campaign/tcc_calibration_confirmatory_v1/runs/PUB-02/deep_short/rep_0026/attempt_000/worker_metadata.json""]",77.8117353932514,False,False
PUB-02__deep_short__rep_0027,PUB-02,deep_short,rep_0027,tcc_calibration_confirmatory_v1__PUB-02__deep_short__rep_0027,"{""generation"": 4095027929, ""inference"": 274597063, ""predictive"": 1974045686, ""resampling"": 3137096279}",artifacts/publication_campaign/tcc_calibration_confirmatory_v1/runs/PUB-02/deep_short/rep_0027,COMPLETED_REJECTED,1,,artifacts/publication_campaign/tcc_calibration_confirmatory_v1/runs/PUB-02/deep_short/rep_0027/attempt_000,"[""artifacts/publication_campaign/tcc_calibration_confirmatory_v1/runs/PUB-02/deep_short/rep_0027/attempt_000/completion_manifest.json"", ""artifacts/publication_campaign/tcc_calibration_confirmatory_v1/runs/PUB-02/deep_short/rep_0027/attempt_000/environment_preflight.json"", ""artifacts/publication_campaign/tcc_calibration_confirmatory_v1/runs/PUB-02/deep_short/rep_0027/attempt_000/inference_command.json"", ""artifacts/publication_campaign/tcc_calibration_confirmatory_v1/runs/PUB-02/deep_short/rep_0027/attempt_000/inference_config.json"", ""artifacts/publication_campaign/tcc_calibration_confirmatory_v1/runs/PUB-02/deep_short/rep_0027/attempt_000/inference_started.json"", ""artifacts/publication_campaign/tcc_calibration_confirmatory_v1/runs/PUB-02/deep_short/rep_0027/attempt_000/input.csv"", ""artifacts/publication_campaign/tcc_calibration_confirmatory_v1/runs/PUB-02/deep_short/rep_0027/attempt_000/job.json"", ""artifacts/publication_campaign/tcc_calibration_confirmatory_v1/runs/PUB-02/deep_short/rep_0027/attempt_000/predictive_summary.csv"", ""artifacts/publication_campaign/tcc_calibration_confirmatory_v1/runs/PUB-02/deep_short/rep_0027/attempt_000/result.json"", ""artifacts/publication_campaign/tcc_calibration_confirmatory_v1/runs/PUB-02/deep_short/rep_0027/attempt_000/sampler_summary.csv"", ""artifacts/publication_campaign/tcc_calibration_confirmatory_v1/runs/PUB-02/deep_short/rep_0027/attempt_000/trace.nc"", ""artifacts/publication_campaign/tcc_calibration_confirmatory_v1/runs/PUB-02/deep_short/rep_0027/attempt_000/truth.json"", ""artifacts/publication_campaign/tcc_calibration_confirmatory_v1/runs/PUB-02/deep_short/rep_0027/attempt_000/worker_metadata.json""]",77.8117353932514,False,False
PUB-02__deep_short__rep_0028,PUB-02,deep_short,rep_0028,tcc_calibration_confirmatory_v1__PUB-02__deep_short__rep_0028,"{""generation"": 967758198, ""inference"": 2618946097, ""predictive"": 2064210155, ""resampling"": 1822827183}",artifacts/publication_campaign/tcc_calibration_confirmatory_v1/runs/PUB-02/deep_short/rep_0028,COMPLETED,1,,artifacts/publication_campaign/tcc_calibration_confirmatory_v1/runs/PUB-02/deep_short/rep_0028/attempt_000,"[""artifacts/publication_campaign/tcc_calibration_confirmatory_v1/runs/PUB-02/deep_short/rep_0028/attempt_000/completion_manifest.json"", ""artifacts/publication_campaign/tcc_calibration_confirmatory_v1/runs/PUB-02/deep_short/rep_0028/attempt_000/environment_preflight.json"", ""artifacts/publication_campaign/tcc_calibration_confirmatory_v1/runs/PUB-02/deep_short/rep_0028/attempt_000/inference_command.json"", ""artifacts/publication_campaign/tcc_calibration_confirmatory_v1/runs/PUB-02/deep_short/rep_0028/attempt_000/inference_config.json"", ""artifacts/publication_campaign/tcc_calibration_confirmatory_v1/runs/PUB-02/deep_short/rep_0028/attempt_000/inference_started.json"", ""artifacts/publication_campaign/tcc_calibration_confirmatory_v1/runs/PUB-02/deep_short/rep_0028/attempt_000/input.csv"", ""artifacts/publication_campaign/tcc_calibration_confirmatory_v1/runs/PUB-02/deep_short/rep_0028/attempt_000/job.json"", ""artifacts/publication_campaign/tcc_calibration_confirmatory_v1/runs/PUB-02/deep_short/rep_0028/attempt_000/predictive_summary.csv"", ""artifacts/publication_campaign/tcc_calibration_confirmatory_v1/runs/PUB-02/deep_short/rep_0028/attempt_000/result.json"", ""artifacts/publication_campaign/tcc_calibration_confirmatory_v1/runs/PUB-02/deep_short/rep_0028/attempt_000/sampler_summary.csv"", ""artifacts/publication_campaign/tcc_calibration_confirmatory_v1/runs/PUB-02/deep_short/rep_0028/attempt_000/trace.nc"", ""artifacts/publication_campaign/tcc_calibration_confirmatory_v1/runs/PUB-02/deep_short/rep_0028/attempt_000/truth.json"", ""artifacts/publication_campaign/tcc_calibration_confirmatory_v1/runs/PUB-02/deep_short/rep_0028/attempt_000/worker_metadata.json""]",77.8117353932514,True,True
PUB-02__deep_short__rep_0029,PUB-02,deep_short,rep_0029,tcc_calibration_confirmatory_v1__PUB-02__deep_short__rep_0029,"{""generation"": 2075635753, ""inference"": 4016849993, ""predictive"": 1372591953, ""resampling"": 3166405423}",artifacts/publication_campaign/tcc_calibration_confirmatory_v1/runs/PUB-02/deep_short/rep_0029,COMPLETED,1,,artifacts/publication_campaign/tcc_calibration_confirmatory_v1/runs/PUB-02/deep_short/rep_0029/attempt_000,"[""artifacts/publication_campaign/tcc_calibration_confirmatory_v1/runs/PUB-02/deep_short/rep_0029/attempt_000/completion_manifest.json"", ""artifacts/publication_campaign/tcc_calibration_confirmatory_v1/runs/PUB-02/deep_short/rep_0029/attempt_000/environment_preflight.json"", ""artifacts/publication_campaign/tcc_calibration_confirmatory_v1/runs/PUB-02/deep_short/rep_0029/attempt_000/inference_command.json"", ""artifacts/publication_campaign/tcc_calibration_confirmatory_v1/runs/PUB-02/deep_short/rep_0029/attempt_000/inference_config.json"", ""artifacts/publication_campaign/tcc_calibration_confirmatory_v1/runs/PUB-02/deep_short/rep_0029/attempt_000/inference_started.json"", ""artifacts/publication_campaign/tcc_calibration_confirmatory_v1/runs/PUB-02/deep_short/rep_0029/attempt_000/input.csv"", ""artifacts/publication_campaign/tcc_calibration_confirmatory_v1/runs/PUB-02/deep_short/rep_0029/attempt_000/job.json"", ""artifacts/publication_campaign/tcc_calibration_confirmatory_v1/runs/PUB-02/deep_short/rep_0029/attempt_000/predictive_summary.csv"", ""artifacts/publication_campaign/tcc_calibration_confirmatory_v1/runs/PUB-02/deep_short/rep_0029/attempt_000/result.json"", ""artifacts/publication_campaign/tcc_calibration_confirmatory_v1/runs/PUB-02/deep_short/rep_0029/attempt_000/sampler_summary.csv"", ""artifacts/publication_campaign/tcc_calibration_confirmatory_v1/runs/PUB-02/deep_short/rep_0029/attempt_000/trace.nc"", ""artifacts/publication_campaign/tcc_calibration_confirmatory_v1/runs/PUB-02/deep_short/rep_0029/attempt_000/truth.json"", ""artifacts/publication_campaign/tcc_calibration_confirmatory_v1/runs/PUB-02/deep_short/rep_0029/attempt_000/worker_metadata.json""]",77.8117353932514,True,True
PUB-02__deep_short__rep_0030,PUB-02,deep_short,rep_0030,tcc_calibration_confirmatory_v1__PUB-02__deep_short__rep_0030,"{""generation"": 2117146747, ""inference"": 1894861038, ""predictive"": 931148792, ""resampling"": 2904595975}",artifacts/publication_campaign/tcc_calibration_confirmatory_v1/runs/PUB-02/deep_short/rep_0030,COMPLETED,1,,artifacts/publication_campaign/tcc_calibration_confirmatory_v1/runs/PUB-02/deep_short/rep_0030/attempt_000,"[""artifacts/publication_campaign/tcc_calibration_confirmatory_v1/runs/PUB-02/deep_short/rep_0030/attempt_000/completion_manifest.json"", ""artifacts/publication_campaign/tcc_calibration_confirmatory_v1/runs/PUB-02/deep_short/rep_0030/attempt_000/environment_preflight.json"", ""artifacts/publication_campaign/tcc_calibration_confirmatory_v1/runs/PUB-02/deep_short/rep_0030/attempt_000/inference_command.json"", ""artifacts/publication_campaign/tcc_calibration_confirmatory_v1/runs/PUB-02/deep_short/rep_0030/attempt_000/inference_config.json"", ""artifacts/publication_campaign/tcc_calibration_confirmatory_v1/runs/PUB-02/deep_short/rep_0030/attempt_000/inference_started.json"", ""artifacts/publication_campaign/tcc_calibration_confirmatory_v1/runs/PUB-02/deep_short/rep_0030/attempt_000/input.csv"", ""artifacts/publication_campaign/tcc_calibration_confirmatory_v1/runs/PUB-02/deep_short/rep_0030/attempt_000/job.json"", ""artifacts/publication_campaign/tcc_calibration_confirmatory_v1/runs/PUB-02/deep_short/rep_0030/attempt_000/predictive_summary.csv"", ""artifacts/publication_campaign/tcc_calibration_confirmatory_v1/runs/PUB-02/deep_short/rep_0030/attempt_000/result.json"", ""artifacts/publication_campaign/tcc_calibration_confirmatory_v1/runs/PUB-02/deep_short/rep_0030/attempt_000/sampler_summary.csv"", ""artifacts/publication_campaign/tcc_calibration_confirmatory_v1/runs/PUB-02/deep_short/rep_0030/attempt_000/trace.nc"", ""artifacts/publication_campaign/tcc_calibration_confirmatory_v1/runs/PUB-02/deep_short/rep_0030/attempt_000/truth.json"", ""artifacts/publication_campaign/tcc_calibration_confirmatory_v1/runs/PUB-02/deep_short/rep_0030/attempt_000/worker_metadata.json""]",77.8117353932514,True,True
PUB-02__deep_short__rep_0031,PUB-02,deep_short,rep_0031,tcc_calibration_confirmatory_v1__PUB-02__deep_short__rep_0031,"{""generation"": 1599898811, ""inference"": 102712380, ""predictive"": 4142882662, ""resampling"": 4211363721}",artifacts/publication_campaign/tcc_calibration_confirmatory_v1/runs/PUB-02/deep_short/rep_0031,COMPLETED,1,,artifacts/publication_campaign/tcc_calibration_confirmatory_v1/runs/PUB-02/deep_short/rep_0031/attempt_000,"[""artifacts/publication_campaign/tcc_calibration_confirmatory_v1/runs/PUB-02/deep_short/rep_0031/attempt_000/completion_manifest.json"", ""artifacts/publication_campaign/tcc_calibration_confirmatory_v1/runs/PUB-02/deep_short/rep_0031/attempt_000/environment_preflight.json"", ""artifacts/publication_campaign/tcc_calibration_confirmatory_v1/runs/PUB-02/deep_short/rep_0031/attempt_000/inference_command.json"", ""artifacts/publication_campaign/tcc_calibration_confirmatory_v1/runs/PUB-02/deep_short/rep_0031/attempt_000/inference_config.json"", ""artifacts/publication_campaign/tcc_calibration_confirmatory_v1/runs/PUB-02/deep_short/rep_0031/attempt_000/inference_started.json"", ""artifacts/publication_campaign/tcc_calibration_confirmatory_v1/runs/PUB-02/deep_short/rep_0031/attempt_000/input.csv"", ""artifacts/publication_campaign/tcc_calibration_confirmatory_v1/runs/PUB-02/deep_short/rep_0031/attempt_000/job.json"", ""artifacts/publication_campaign/tcc_calibration_confirmatory_v1/runs/PUB-02/deep_short/rep_0031/attempt_000/predictive_summary.csv"", ""artifacts/publication_campaign/tcc_calibration_confirmatory_v1/runs/PUB-02/deep_short/rep_0031/attempt_000/result.json"", ""artifacts/publication_campaign/tcc_calibration_confirmatory_v1/runs/PUB-02/deep_short/rep_0031/attempt_000/sampler_summary.csv"", ""artifacts/publication_campaign/tcc_calibration_confirmatory_v1/runs/PUB-02/deep_short/rep_0031/attempt_000/trace.nc"", ""artifacts/publication_campaign/tcc_calibration_confirmatory_v1/runs/PUB-02/deep_short/rep_0031/attempt_000/truth.json"", ""artifacts/publication_campaign/tcc_calibration_confirmatory_v1/runs/PUB-02/deep_short/rep_0031/attempt_000/worker_metadata.json""]",77.8117353932514,True,True
PUB-02__deep_short__rep_0032,PUB-02,deep_short,rep_0032,tcc_calibration_confirmatory_v1__PUB-02__deep_short__rep_0032,"{""generation"": 700796859, ""inference"": 2932285696, ""predictive"": 3091012339, ""resampling"": 3791946552}",artifacts/publication_campaign/tcc_calibration_confirmatory_v1/runs/PUB-02/deep_short/rep_0032,COMPLETED,1,,artifacts/publication_campaign/tcc_calibration_confirmatory_v1/runs/PUB-02/deep_short/rep_0032/attempt_000,"[""artifacts/publication_campaign/tcc_calibration_confirmatory_v1/runs/PUB-02/deep_short/rep_0032/attempt_000/completion_manifest.json"", ""artifacts/publication_campaign/tcc_calibration_confirmatory_v1/runs/PUB-02/deep_short/rep_0032/attempt_000/environment_preflight.json"", ""artifacts/publication_campaign/tcc_calibration_confirmatory_v1/runs/PUB-02/deep_short/rep_0032/attempt_000/inference_command.json"", ""artifacts/publication_campaign/tcc_calibration_confirmatory_v1/runs/PUB-02/deep_short/rep_0032/attempt_000/inference_config.json"", ""artifacts/publication_campaign/tcc_calibration_confirmatory_v1/runs/PUB-02/deep_short/rep_0032/attempt_000/inference_started.json"", ""artifacts/publication_campaign/tcc_calibration_confirmatory_v1/runs/PUB-02/deep_short/rep_0032/attempt_000/input.csv"", ""artifacts/publication_campaign/tcc_calibration_confirmatory_v1/runs/PUB-02/deep_short/rep_0032/attempt_000/job.json"", ""artifacts/publication_campaign/tcc_calibration_confirmatory_v1/runs/PUB-02/deep_short/rep_0032/attempt_000/predictive_summary.csv"", ""artifacts/publication_campaign/tcc_calibration_confirmatory_v1/runs/PUB-02/deep_short/rep_0032/attempt_000/result.json"", ""artifacts/publication_campaign/tcc_calibration_confirmatory_v1/runs/PUB-02/deep_short/rep_0032/attempt_000/sampler_summary.csv"", ""artifacts/publication_campaign/tcc_calibration_confirmatory_v1/runs/PUB-02/deep_short/rep_0032/attempt_000/trace.nc"", ""artifacts/publication_campaign/tcc_calibration_confirmatory_v1/runs/PUB-02/deep_short/rep_0032/attempt_000/truth.json"", ""artifacts/publication_campaign/tcc_calibration_confirmatory_v1/runs/PUB-02/deep_short/rep_0032/attempt_000/worker_metadata.json""]",77.8117353932514,True,True
PUB-02__deep_short__rep_0033,PUB-02,deep_short,rep_0033,tcc_calibration_confirmatory_v1__PUB-02__deep_short__rep_0033,"{""generation"": 1173919400, ""inference"": 1301185106, ""predictive"": 3762619550, ""resampling"": 2502147348}",artifacts/publication_campaign/tcc_calibration_confirmatory_v1/runs/PUB-02/deep_short/rep_0033,COMPLETED_REJECTED,1,,artifacts/publication_campaign/tcc_calibration_confirmatory_v1/runs/PUB-02/deep_short/rep_0033/attempt_000,"[""artifacts/publication_campaign/tcc_calibration_confirmatory_v1/runs/PUB-02/deep_short/rep_0033/attempt_000/completion_manifest.json"", ""artifacts/publication_campaign/tcc_calibration_confirmatory_v1/runs/PUB-02/deep_short/rep_0033/attempt_000/environment_preflight.json"", ""artifacts/publication_campaign/tcc_calibration_confirmatory_v1/runs/PUB-02/deep_short/rep_0033/attempt_000/inference_command.json"", ""artifacts/publication_campaign/tcc_calibration_confirmatory_v1/runs/PUB-02/deep_short/rep_0033/attempt_000/inference_config.json"", ""artifacts/publication_campaign/tcc_calibration_confirmatory_v1/runs/PUB-02/deep_short/rep_0033/attempt_000/inference_started.json"", ""artifacts/publication_campaign/tcc_calibration_confirmatory_v1/runs/PUB-02/deep_short/rep_0033/attempt_000/input.csv"", ""artifacts/publication_campaign/tcc_calibration_confirmatory_v1/runs/PUB-02/deep_short/rep_0033/attempt_000/job.json"", ""artifacts/publication_campaign/tcc_calibration_confirmatory_v1/runs/PUB-02/deep_short/rep_0033/attempt_000/predictive_summary.csv"", ""artifacts/publication_campaign/tcc_calibration_confirmatory_v1/runs/PUB-02/deep_short/rep_0033/attempt_000/result.json"", ""artifacts/publication_campaign/tcc_calibration_confirmatory_v1/runs/PUB-02/deep_short/rep_0033/attempt_000/sampler_summary.csv"", ""artifacts/publication_campaign/tcc_calibration_confirmatory_v1/runs/PUB-02/deep_short/rep_0033/attempt_000/trace.nc"", ""artifacts/publication_campaign/tcc_calibration_confirmatory_v1/runs/PUB-02/deep_short/rep_0033/attempt_000/truth.json"", ""artifacts/publication_campaign/tcc_calibration_confirmatory_v1/runs/PUB-02/deep_short/rep_0033/attempt_000/worker_metadata.json""]",77.8117353932514,False,False
PUB-02__deep_short__rep_0034,PUB-02,deep_short,rep_0034,tcc_calibration_confirmatory_v1__PUB-02__deep_short__rep_0034,"{""generation"": 3166944708, ""inference"": 3599707704, ""predictive"": 718053434, ""resampling"": 141759281}",artifacts/publication_campaign/tcc_calibration_confirmatory_v1/runs/PUB-02/deep_short/rep_0034,COMPLETED,1,,artifacts/publication_campaign/tcc_calibration_confirmatory_v1/runs/PUB-02/deep_short/rep_0034/attempt_000,"[""artifacts/publication_campaign/tcc_calibration_confirmatory_v1/runs/PUB-02/deep_short/rep_0034/attempt_000/completion_manifest.json"", ""artifacts/publication_campaign/tcc_calibration_confirmatory_v1/runs/PUB-02/deep_short/rep_0034/attempt_000/environment_preflight.json"", ""artifacts/publication_campaign/tcc_calibration_confirmatory_v1/runs/PUB-02/deep_short/rep_0034/attempt_000/inference_command.json"", ""artifacts/publication_campaign/tcc_calibration_confirmatory_v1/runs/PUB-02/deep_short/rep_0034/attempt_000/inference_config.json"", ""artifacts/publication_campaign/tcc_calibration_confirmatory_v1/runs/PUB-02/deep_short/rep_0034/attempt_000/inference_started.json"", ""artifacts/publication_campaign/tcc_calibration_confirmatory_v1/runs/PUB-02/deep_short/rep_0034/attempt_000/input.csv"", ""artifacts/publication_campaign/tcc_calibration_confirmatory_v1/runs/PUB-02/deep_short/rep_0034/attempt_000/job.json"", ""artifacts/publication_campaign/tcc_calibration_confirmatory_v1/runs/PUB-02/deep_short/rep_0034/attempt_000/predictive_summary.csv"", ""artifacts/publication_campaign/tcc_calibration_confirmatory_v1/runs/PUB-02/deep_short/rep_0034/attempt_000/result.json"", ""artifacts/publication_campaign/tcc_calibration_confirmatory_v1/runs/PUB-02/deep_short/rep_0034/attempt_000/sampler_summary.csv"", ""artifacts/publication_campaign/tcc_calibration_confirmatory_v1/runs/PUB-02/deep_short/rep_0034/attempt_000/trace.nc"", ""artifacts/publication_campaign/tcc_calibration_confirmatory_v1/runs/PUB-02/deep_short/rep_0034/attempt_000/truth.json"", ""artifacts/publication_campaign/tcc_calibration_confirmatory_v1/runs/PUB-02/deep_short/rep_0034/attempt_000/worker_metadata.json""]",77.8117353932514,True,True
PUB-02__deep_short__rep_0035,PUB-02,deep_short,rep_0035,tcc_calibration_confirmatory_v1__PUB-02__deep_short__rep_0035,"{""generation"": 3302629882, ""inference"": 1886631775, ""predictive"": 1873168503, ""resampling"": 919569560}",artifacts/publication_campaign/tcc_calibration_confirmatory_v1/runs/PUB-02/deep_short/rep_0035,COMPLETED,1,,artifacts/publication_campaign/tcc_calibration_confirmatory_v1/runs/PUB-02/deep_short/rep_0035/attempt_000,"[""artifacts/publication_campaign/tcc_calibration_confirmatory_v1/runs/PUB-02/deep_short/rep_0035/attempt_000/completion_manifest.json"", ""artifacts/publication_campaign/tcc_calibration_confirmatory_v1/runs/PUB-02/deep_short/rep_0035/attempt_000/environment_preflight.json"", ""artifacts/publication_campaign/tcc_calibration_confirmatory_v1/runs/PUB-02/deep_short/rep_0035/attempt_000/inference_command.json"", ""artifacts/publication_campaign/tcc_calibration_confirmatory_v1/runs/PUB-02/deep_short/rep_0035/attempt_000/inference_config.json"", ""artifacts/publication_campaign/tcc_calibration_confirmatory_v1/runs/PUB-02/deep_short/rep_0035/attempt_000/inference_started.json"", ""artifacts/publication_campaign/tcc_calibration_confirmatory_v1/runs/PUB-02/deep_short/rep_0035/attempt_000/input.csv"", ""artifacts/publication_campaign/tcc_calibration_confirmatory_v1/runs/PUB-02/deep_short/rep_0035/attempt_000/job.json"", ""artifacts/publication_campaign/tcc_calibration_confirmatory_v1/runs/PUB-02/deep_short/rep_0035/attempt_000/predictive_summary.csv"", ""artifacts/publication_campaign/tcc_calibration_confirmatory_v1/runs/PUB-02/deep_short/rep_0035/attempt_000/result.json"", ""artifacts/publication_campaign/tcc_calibration_confirmatory_v1/runs/PUB-02/deep_short/rep_0035/attempt_000/sampler_summary.csv"", ""artifacts/publication_campaign/tcc_calibration_confirmatory_v1/runs/PUB-02/deep_short/rep_0035/attempt_000/trace.nc"", ""artifacts/publication_campaign/tcc_calibration_confirmatory_v1/runs/PUB-02/deep_short/rep_0035/attempt_000/truth.json"", ""artifacts/publication_campaign/tcc_calibration_confirmatory_v1/runs/PUB-02/deep_short/rep_0035/attempt_000/worker_metadata.json""]",77.8117353932514,True,True
PUB-02__deep_short__rep_0036,PUB-02,deep_short,rep_0036,tcc_calibration_confirmatory_v1__PUB-02__deep_short__rep_0036,"{""generation"": 550595110, ""inference"": 3335455208, ""predictive"": 1256806116, ""resampling"": 2761914711}",artifacts/publication_campaign/tcc_calibration_confirmatory_v1/runs/PUB-02/deep_short/rep_0036,COMPLETED_REJECTED,1,,artifacts/publication_campaign/tcc_calibration_confirmatory_v1/runs/PUB-02/deep_short/rep_0036/attempt_000,"[""artifacts/publication_campaign/tcc_calibration_confirmatory_v1/runs/PUB-02/deep_short/rep_0036/attempt_000/completion_manifest.json"", ""artifacts/publication_campaign/tcc_calibration_confirmatory_v1/runs/PUB-02/deep_short/rep_0036/attempt_000/environment_preflight.json"", ""artifacts/publication_campaign/tcc_calibration_confirmatory_v1/runs/PUB-02/deep_short/rep_0036/attempt_000/inference_command.json"", ""artifacts/publication_campaign/tcc_calibration_confirmatory_v1/runs/PUB-02/deep_short/rep_0036/attempt_000/inference_config.json"", ""artifacts/publication_campaign/tcc_calibration_confirmatory_v1/runs/PUB-02/deep_short/rep_0036/attempt_000/inference_started.json"", ""artifacts/publication_campaign/tcc_calibration_confirmatory_v1/runs/PUB-02/deep_short/rep_0036/attempt_000/input.csv"", ""artifacts/publication_campaign/tcc_calibration_confirmatory_v1/runs/PUB-02/deep_short/rep_0036/attempt_000/job.json"", ""artifacts/publication_campaign/tcc_calibration_confirmatory_v1/runs/PUB-02/deep_short/rep_0036/attempt_000/predictive_summary.csv"", ""artifacts/publication_campaign/tcc_calibration_confirmatory_v1/runs/PUB-02/deep_short/rep_0036/attempt_000/result.json"", ""artifacts/publication_campaign/tcc_calibration_confirmatory_v1/runs/PUB-02/deep_short/rep_0036/attempt_000/sampler_summary.csv"", ""artifacts/publication_campaign/tcc_calibration_confirmatory_v1/runs/PUB-02/deep_short/rep_0036/attempt_000/trace.nc"", ""artifacts/publication_campaign/tcc_calibration_confirmatory_v1/runs/PUB-02/deep_short/rep_0036/attempt_000/truth.json"", ""artifacts/publication_campaign/tcc_calibration_confirmatory_v1/runs/PUB-02/deep_short/rep_0036/attempt_000/worker_metadata.json""]",77.8117353932514,False,False
PUB-02__deep_short__rep_0037,PUB-02,deep_short,rep_0037,tcc_calibration_confirmatory_v1__PUB-02__deep_short__rep_0037,"{""generation"": 3740632633, ""inference"": 2981879324, ""predictive"": 2736855664, ""resampling"": 1008181270}",artifacts/publication_campaign/tcc_calibration_confirmatory_v1/runs/PUB-02/deep_short/rep_0037,COMPLETED,1,,artifacts/publication_campaign/tcc_calibration_confirmatory_v1/runs/PUB-02/deep_short/rep_0037/attempt_000,"[""artifacts/publication_campaign/tcc_calibration_confirmatory_v1/runs/PUB-02/deep_short/rep_0037/attempt_000/completion_manifest.json"", ""artifacts/publication_campaign/tcc_calibration_confirmatory_v1/runs/PUB-02/deep_short/rep_0037/attempt_000/environment_preflight.json"", ""artifacts/publication_campaign/tcc_calibration_confirmatory_v1/runs/PUB-02/deep_short/rep_0037/attempt_000/inference_command.json"", ""artifacts/publication_campaign/tcc_calibration_confirmatory_v1/runs/PUB-02/deep_short/rep_0037/attempt_000/inference_config.json"", ""artifacts/publication_campaign/tcc_calibration_confirmatory_v1/runs/PUB-02/deep_short/rep_0037/attempt_000/inference_started.json"", ""artifacts/publication_campaign/tcc_calibration_confirmatory_v1/runs/PUB-02/deep_short/rep_0037/attempt_000/input.csv"", ""artifacts/publication_campaign/tcc_calibration_confirmatory_v1/runs/PUB-02/deep_short/rep_0037/attempt_000/job.json"", ""artifacts/publication_campaign/tcc_calibration_confirmatory_v1/runs/PUB-02/deep_short/rep_0037/attempt_000/predictive_summary.csv"", ""artifacts/publication_campaign/tcc_calibration_confirmatory_v1/runs/PUB-02/deep_short/rep_0037/attempt_000/result.json"", ""artifacts/publication_campaign/tcc_calibration_confirmatory_v1/runs/PUB-02/deep_short/rep_0037/attempt_000/sampler_summary.csv"", ""artifacts/publication_campaign/tcc_calibration_confirmatory_v1/runs/PUB-02/deep_short/rep_0037/attempt_000/trace.nc"", ""artifacts/publication_campaign/tcc_calibration_confirmatory_v1/runs/PUB-02/deep_short/rep_0037/attempt_000/truth.json"", ""artifacts/publication_campaign/tcc_calibration_confirmatory_v1/runs/PUB-02/deep_short/rep_0037/attempt_000/worker_metadata.json""]",77.8117353932514,True,True
PUB-02__deep_short__rep_0038,PUB-02,deep_short,rep_0038,tcc_calibration_confirmatory_v1__PUB-02__deep_short__rep_0038,"{""generation"": 2519136682, ""inference"": 2157591118, ""predictive"": 3780976387, ""resampling"": 3894046983}",artifacts/publication_campaign/tcc_calibration_confirmatory_v1/runs/PUB-02/deep_short/rep_0038,COMPLETED_REJECTED,1,,artifacts/publication_campaign/tcc_calibration_confirmatory_v1/runs/PUB-02/deep_short/rep_0038/attempt_000,"[""artifacts/publication_campaign/tcc_calibration_confirmatory_v1/runs/PUB-02/deep_short/rep_0038/attempt_000/completion_manifest.json"", ""artifacts/publication_campaign/tcc_calibration_confirmatory_v1/runs/PUB-02/deep_short/rep_0038/attempt_000/environment_preflight.json"", ""artifacts/publication_campaign/tcc_calibration_confirmatory_v1/runs/PUB-02/deep_short/rep_0038/attempt_000/inference_command.json"", ""artifacts/publication_campaign/tcc_calibration_confirmatory_v1/runs/PUB-02/deep_short/rep_0038/attempt_000/inference_config.json"", ""artifacts/publication_campaign/tcc_calibration_confirmatory_v1/runs/PUB-02/deep_short/rep_0038/attempt_000/inference_started.json"", ""artifacts/publication_campaign/tcc_calibration_confirmatory_v1/runs/PUB-02/deep_short/rep_0038/attempt_000/input.csv"", ""artifacts/publication_campaign/tcc_calibration_confirmatory_v1/runs/PUB-02/deep_short/rep_0038/attempt_000/job.json"", ""artifacts/publication_campaign/tcc_calibration_confirmatory_v1/runs/PUB-02/deep_short/rep_0038/attempt_000/predictive_summary.csv"", ""artifacts/publication_campaign/tcc_calibration_confirmatory_v1/runs/PUB-02/deep_short/rep_0038/attempt_000/result.json"", ""artifacts/publication_campaign/tcc_calibration_confirmatory_v1/runs/PUB-02/deep_short/rep_0038/attempt_000/sampler_summary.csv"", ""artifacts/publication_campaign/tcc_calibration_confirmatory_v1/runs/PUB-02/deep_short/rep_0038/attempt_000/trace.nc"", ""artifacts/publication_campaign/tcc_calibration_confirmatory_v1/runs/PUB-02/deep_short/rep_0038/attempt_000/truth.json"", ""artifacts/publication_campaign/tcc_calibration_confirmatory_v1/runs/PUB-02/deep_short/rep_0038/attempt_000/worker_metadata.json""]",77.8117353932514,False,False
PUB-02__deep_short__rep_0039,PUB-02,deep_short,rep_0039,tcc_calibration_confirmatory_v1__PUB-02__deep_short__rep_0039,"{""generation"": 1004856219, ""inference"": 2329639753, ""predictive"": 2785671455, ""resampling"": 1808625861}",artifacts/publication_campaign/tcc_calibration_confirmatory_v1/runs/PUB-02/deep_short/rep_0039,COMPLETED,1,,artifacts/publication_campaign/tcc_calibration_confirmatory_v1/runs/PUB-02/deep_short/rep_0039/attempt_000,"[""artifacts/publication_campaign/tcc_calibration_confirmatory_v1/runs/PUB-02/deep_short/rep_0039/attempt_000/completion_manifest.json"", ""artifacts/publication_campaign/tcc_calibration_confirmatory_v1/runs/PUB-02/deep_short/rep_0039/attempt_000/environment_preflight.json"", ""artifacts/publication_campaign/tcc_calibration_confirmatory_v1/runs/PUB-02/deep_short/rep_0039/attempt_000/inference_command.json"", ""artifacts/publication_campaign/tcc_calibration_confirmatory_v1/runs/PUB-02/deep_short/rep_0039/attempt_000/inference_config.json"", ""artifacts/publication_campaign/tcc_calibration_confirmatory_v1/runs/PUB-02/deep_short/rep_0039/attempt_000/inference_started.json"", ""artifacts/publication_campaign/tcc_calibration_confirmatory_v1/runs/PUB-02/deep_short/rep_0039/attempt_000/input.csv"", ""artifacts/publication_campaign/tcc_calibration_confirmatory_v1/runs/PUB-02/deep_short/rep_0039/attempt_000/job.json"", ""artifacts/publication_campaign/tcc_calibration_confirmatory_v1/runs/PUB-02/deep_short/rep_0039/attempt_000/predictive_summary.csv"", ""artifacts/publication_campaign/tcc_calibration_confirmatory_v1/runs/PUB-02/deep_short/rep_0039/attempt_000/result.json"", ""artifacts/publication_campaign/tcc_calibration_confirmatory_v1/runs/PUB-02/deep_short/rep_0039/attempt_000/sampler_summary.csv"", ""artifacts/publication_campaign/tcc_calibration_confirmatory_v1/runs/PUB-02/deep_short/rep_0039/attempt_000/trace.nc"", ""artifacts/publication_campaign/tcc_calibration_confirmatory_v1/runs/PUB-02/deep_short/rep_0039/attempt_000/truth.json"", ""artifacts/publication_campaign/tcc_calibration_confirmatory_v1/runs/PUB-02/deep_short/rep_0039/attempt_000/worker_metadata.json""]",77.8117353932514,True,True
PUB-02__deep_short__rep_0040,PUB-02,deep_short,rep_0040,tcc_calibration_confirmatory_v1__PUB-02__deep_short__rep_0040,"{""generation"": 763813397, ""inference"": 1199179786, ""predictive"": 2220630481, ""resampling"": 2935645486}",artifacts/publication_campaign/tcc_calibration_confirmatory_v1/runs/PUB-02/deep_short/rep_0040,COMPLETED,1,,artifacts/publication_campaign/tcc_calibration_confirmatory_v1/runs/PUB-02/deep_short/rep_0040/attempt_000,"[""artifacts/publication_campaign/tcc_calibration_confirmatory_v1/runs/PUB-02/deep_short/rep_0040/attempt_000/completion_manifest.json"", ""artifacts/publication_campaign/tcc_calibration_confirmatory_v1/runs/PUB-02/deep_short/rep_0040/attempt_000/environment_preflight.json"", ""artifacts/publication_campaign/tcc_calibration_confirmatory_v1/runs/PUB-02/deep_short/rep_0040/attempt_000/inference_command.json"", ""artifacts/publication_campaign/tcc_calibration_confirmatory_v1/runs/PUB-02/deep_short/rep_0040/attempt_000/inference_config.json"", ""artifacts/publication_campaign/tcc_calibration_confirmatory_v1/runs/PUB-02/deep_short/rep_0040/attempt_000/inference_started.json"", ""artifacts/publication_campaign/tcc_calibration_confirmatory_v1/runs/PUB-02/deep_short/rep_0040/attempt_000/input.csv"", ""artifacts/publication_campaign/tcc_calibration_confirmatory_v1/runs/PUB-02/deep_short/rep_0040/attempt_000/job.json"", ""artifacts/publication_campaign/tcc_calibration_confirmatory_v1/runs/PUB-02/deep_short/rep_0040/attempt_000/predictive_summary.csv"", ""artifacts/publication_campaign/tcc_calibration_confirmatory_v1/runs/PUB-02/deep_short/rep_0040/attempt_000/result.json"", ""artifacts/publication_campaign/tcc_calibration_confirmatory_v1/runs/PUB-02/deep_short/rep_0040/attempt_000/sampler_summary.csv"", ""artifacts/publication_campaign/tcc_calibration_confirmatory_v1/runs/PUB-02/deep_short/rep_0040/attempt_000/trace.nc"", ""artifacts/publication_campaign/tcc_calibration_confirmatory_v1/runs/PUB-02/deep_short/rep_0040/attempt_000/truth.json"", ""artifacts/publication_campaign/tcc_calibration_confirmatory_v1/runs/PUB-02/deep_short/rep_0040/attempt_000/worker_metadata.json""]",77.8117353932514,True,True
PUB-02__deep_short__rep_0041,PUB-02,deep_short,rep_0041,tcc_calibration_confirmatory_v1__PUB-02__deep_short__rep_0041,"{""generation"": 599888375, ""inference"": 1382942329, ""predictive"": 1231557324, ""resampling"": 2741943724}",artifacts/publication_campaign/tcc_calibration_confirmatory_v1/runs/PUB-02/deep_short/rep_0041,COMPLETED,1,,artifacts/publication_campaign/tcc_calibration_confirmatory_v1/runs/PUB-02/deep_short/rep_0041/attempt_000,"[""artifacts/publication_campaign/tcc_calibration_confirmatory_v1/runs/PUB-02/deep_short/rep_0041/attempt_000/completion_manifest.json"", ""artifacts/publication_campaign/tcc_calibration_confirmatory_v1/runs/PUB-02/deep_short/rep_0041/attempt_000/environment_preflight.json"", ""artifacts/publication_campaign/tcc_calibration_confirmatory_v1/runs/PUB-02/deep_short/rep_0041/attempt_000/inference_command.json"", ""artifacts/publication_campaign/tcc_calibration_confirmatory_v1/runs/PUB-02/deep_short/rep_0041/attempt_000/inference_config.json"", ""artifacts/publication_campaign/tcc_calibration_confirmatory_v1/runs/PUB-02/deep_short/rep_0041/attempt_000/inference_started.json"", ""artifacts/publication_campaign/tcc_calibration_confirmatory_v1/runs/PUB-02/deep_short/rep_0041/attempt_000/input.csv"", ""artifacts/publication_campaign/tcc_calibration_confirmatory_v1/runs/PUB-02/deep_short/rep_0041/attempt_000/job.json"", ""artifacts/publication_campaign/tcc_calibration_confirmatory_v1/runs/PUB-02/deep_short/rep_0041/attempt_000/predictive_summary.csv"", ""artifacts/publication_campaign/tcc_calibration_confirmatory_v1/runs/PUB-02/deep_short/rep_0041/attempt_000/result.json"", ""artifacts/publication_campaign/tcc_calibration_confirmatory_v1/runs/PUB-02/deep_short/rep_0041/attempt_000/sampler_summary.csv"", ""artifacts/publication_campaign/tcc_calibration_confirmatory_v1/runs/PUB-02/deep_short/rep_0041/attempt_000/trace.nc"", ""artifacts/publication_campaign/tcc_calibration_confirmatory_v1/runs/PUB-02/deep_short/rep_0041/attempt_000/truth.json"", ""artifacts/publication_campaign/tcc_calibration_confirmatory_v1/runs/PUB-02/deep_short/rep_0041/attempt_000/worker_metadata.json""]",77.8117353932514,True,True
PUB-02__deep_short__rep_0042,PUB-02,deep_short,rep_0042,tcc_calibration_confirmatory_v1__PUB-02__deep_short__rep_0042,"{""generation"": 3454035901, ""inference"": 3736797068, ""predictive"": 2002531006, ""resampling"": 1232866956}",artifacts/publication_campaign/tcc_calibration_confirmatory_v1/runs/PUB-02/deep_short/rep_0042,COMPLETED,1,,artifacts/publication_campaign/tcc_calibration_confirmatory_v1/runs/PUB-02/deep_short/rep_0042/attempt_000,"[""artifacts/publication_campaign/tcc_calibration_confirmatory_v1/runs/PUB-02/deep_short/rep_0042/attempt_000/completion_manifest.json"", ""artifacts/publication_campaign/tcc_calibration_confirmatory_v1/runs/PUB-02/deep_short/rep_0042/attempt_000/environment_preflight.json"", ""artifacts/publication_campaign/tcc_calibration_confirmatory_v1/runs/PUB-02/deep_short/rep_0042/attempt_000/inference_command.json"", ""artifacts/publication_campaign/tcc_calibration_confirmatory_v1/runs/PUB-02/deep_short/rep_0042/attempt_000/inference_config.json"", ""artifacts/publication_campaign/tcc_calibration_confirmatory_v1/runs/PUB-02/deep_short/rep_0042/attempt_000/inference_started.json"", ""artifacts/publication_campaign/tcc_calibration_confirmatory_v1/runs/PUB-02/deep_short/rep_0042/attempt_000/input.csv"", ""artifacts/publication_campaign/tcc_calibration_confirmatory_v1/runs/PUB-02/deep_short/rep_0042/attempt_000/job.json"", ""artifacts/publication_campaign/tcc_calibration_confirmatory_v1/runs/PUB-02/deep_short/rep_0042/attempt_000/predictive_summary.csv"", ""artifacts/publication_campaign/tcc_calibration_confirmatory_v1/runs/PUB-02/deep_short/rep_0042/attempt_000/result.json"", ""artifacts/publication_campaign/tcc_calibration_confirmatory_v1/runs/PUB-02/deep_short/rep_0042/attempt_000/sampler_summary.csv"", ""artifacts/publication_campaign/tcc_calibration_confirmatory_v1/runs/PUB-02/deep_short/rep_0042/attempt_000/trace.nc"", ""artifacts/publication_campaign/tcc_calibration_confirmatory_v1/runs/PUB-02/deep_short/rep_0042/attempt_000/truth.json"", ""artifacts/publication_campaign/tcc_calibration_confirmatory_v1/runs/PUB-02/deep_short/rep_0042/attempt_000/worker_metadata.json""]",77.8117353932514,True,True
PUB-02__deep_short__rep_0043,PUB-02,deep_short,rep_0043,tcc_calibration_confirmatory_v1__PUB-02__deep_short__rep_0043,"{""generation"": 2611880317, ""inference"": 1146411742, ""predictive"": 3177541021, ""resampling"": 1003377810}",artifacts/publication_campaign/tcc_calibration_confirmatory_v1/runs/PUB-02/deep_short/rep_0043,COMPLETED,1,,artifacts/publication_campaign/tcc_calibration_confirmatory_v1/runs/PUB-02/deep_short/rep_0043/attempt_000,"[""artifacts/publication_campaign/tcc_calibration_confirmatory_v1/runs/PUB-02/deep_short/rep_0043/attempt_000/completion_manifest.json"", ""artifacts/publication_campaign/tcc_calibration_confirmatory_v1/runs/PUB-02/deep_short/rep_0043/attempt_000/environment_preflight.json"", ""artifacts/publication_campaign/tcc_calibration_confirmatory_v1/runs/PUB-02/deep_short/rep_0043/attempt_000/inference_command.json"", ""artifacts/publication_campaign/tcc_calibration_confirmatory_v1/runs/PUB-02/deep_short/rep_0043/attempt_000/inference_config.json"", ""artifacts/publication_campaign/tcc_calibration_confirmatory_v1/runs/PUB-02/deep_short/rep_0043/attempt_000/inference_started.json"", ""artifacts/publication_campaign/tcc_calibration_confirmatory_v1/runs/PUB-02/deep_short/rep_0043/attempt_000/input.csv"", ""artifacts/publication_campaign/tcc_calibration_confirmatory_v1/runs/PUB-02/deep_short/rep_0043/attempt_000/job.json"", ""artifacts/publication_campaign/tcc_calibration_confirmatory_v1/runs/PUB-02/deep_short/rep_0043/attempt_000/predictive_summary.csv"", ""artifacts/publication_campaign/tcc_calibration_confirmatory_v1/runs/PUB-02/deep_short/rep_0043/attempt_000/result.json"", ""artifacts/publication_campaign/tcc_calibration_confirmatory_v1/runs/PUB-02/deep_short/rep_0043/attempt_000/sampler_summary.csv"", ""artifacts/publication_campaign/tcc_calibration_confirmatory_v1/runs/PUB-02/deep_short/rep_0043/attempt_000/trace.nc"", ""artifacts/publication_campaign/tcc_calibration_confirmatory_v1/runs/PUB-02/deep_short/rep_0043/attempt_000/truth.json"", ""artifacts/publication_campaign/tcc_calibration_confirmatory_v1/runs/PUB-02/deep_short/rep_0043/attempt_000/worker_metadata.json""]",77.8117353932514,True,True
PUB-02__deep_short__rep_0044,PUB-02,deep_short,rep_0044,tcc_calibration_confirmatory_v1__PUB-02__deep_short__rep_0044,"{""generation"": 109927019, ""inference"": 1927280303, ""predictive"": 3781643256, ""resampling"": 304068098}",artifacts/publication_campaign/tcc_calibration_confirmatory_v1/runs/PUB-02/deep_short/rep_0044,COMPLETED,1,,artifacts/publication_campaign/tcc_calibration_confirmatory_v1/runs/PUB-02/deep_short/rep_0044/attempt_000,"[""artifacts/publication_campaign/tcc_calibration_confirmatory_v1/runs/PUB-02/deep_short/rep_0044/attempt_000/completion_manifest.json"", ""artifacts/publication_campaign/tcc_calibration_confirmatory_v1/runs/PUB-02/deep_short/rep_0044/attempt_000/environment_preflight.json"", ""artifacts/publication_campaign/tcc_calibration_confirmatory_v1/runs/PUB-02/deep_short/rep_0044/attempt_000/inference_command.json"", ""artifacts/publication_campaign/tcc_calibration_confirmatory_v1/runs/PUB-02/deep_short/rep_0044/attempt_000/inference_config.json"", ""artifacts/publication_campaign/tcc_calibration_confirmatory_v1/runs/PUB-02/deep_short/rep_0044/attempt_000/inference_started.json"", ""artifacts/publication_campaign/tcc_calibration_confirmatory_v1/runs/PUB-02/deep_short/rep_0044/attempt_000/input.csv"", ""artifacts/publication_campaign/tcc_calibration_confirmatory_v1/runs/PUB-02/deep_short/rep_0044/attempt_000/job.json"", ""artifacts/publication_campaign/tcc_calibration_confirmatory_v1/runs/PUB-02/deep_short/rep_0044/attempt_000/predictive_summary.csv"", ""artifacts/publication_campaign/tcc_calibration_confirmatory_v1/runs/PUB-02/deep_short/rep_0044/attempt_000/result.json"", ""artifacts/publication_campaign/tcc_calibration_confirmatory_v1/runs/PUB-02/deep_short/rep_0044/attempt_000/sampler_summary.csv"", ""artifacts/publication_campaign/tcc_calibration_confirmatory_v1/runs/PUB-02/deep_short/rep_0044/attempt_000/trace.nc"", ""artifacts/publication_campaign/tcc_calibration_confirmatory_v1/runs/PUB-02/deep_short/rep_0044/attempt_000/truth.json"", ""artifacts/publication_campaign/tcc_calibration_confirmatory_v1/runs/PUB-02/deep_short/rep_0044/attempt_000/worker_metadata.json""]",77.8117353932514,True,True
PUB-02__deep_short__rep_0045,PUB-02,deep_short,rep_0045,tcc_calibration_confirmatory_v1__PUB-02__deep_short__rep_0045,"{""generation"": 3661921642, ""inference"": 1479168982, ""predictive"": 1246023015, ""resampling"": 2665771885}",artifacts/publication_campaign/tcc_calibration_confirmatory_v1/runs/PUB-02/deep_short/rep_0045,COMPLETED,1,,artifacts/publication_campaign/tcc_calibration_confirmatory_v1/runs/PUB-02/deep_short/rep_0045/attempt_000,"[""artifacts/publication_campaign/tcc_calibration_confirmatory_v1/runs/PUB-02/deep_short/rep_0045/attempt_000/completion_manifest.json"", ""artifacts/publication_campaign/tcc_calibration_confirmatory_v1/runs/PUB-02/deep_short/rep_0045/attempt_000/environment_preflight.json"", ""artifacts/publication_campaign/tcc_calibration_confirmatory_v1/runs/PUB-02/deep_short/rep_0045/attempt_000/inference_command.json"", ""artifacts/publication_campaign/tcc_calibration_confirmatory_v1/runs/PUB-02/deep_short/rep_0045/attempt_000/inference_config.json"", ""artifacts/publication_campaign/tcc_calibration_confirmatory_v1/runs/PUB-02/deep_short/rep_0045/attempt_000/inference_started.json"", ""artifacts/publication_campaign/tcc_calibration_confirmatory_v1/runs/PUB-02/deep_short/rep_0045/attempt_000/input.csv"", ""artifacts/publication_campaign/tcc_calibration_confirmatory_v1/runs/PUB-02/deep_short/rep_0045/attempt_000/job.json"", ""artifacts/publication_campaign/tcc_calibration_confirmatory_v1/runs/PUB-02/deep_short/rep_0045/attempt_000/predictive_summary.csv"", ""artifacts/publication_campaign/tcc_calibration_confirmatory_v1/runs/PUB-02/deep_short/rep_0045/attempt_000/result.json"", ""artifacts/publication_campaign/tcc_calibration_confirmatory_v1/runs/PUB-02/deep_short/rep_0045/attempt_000/sampler_summary.csv"", ""artifacts/publication_campaign/tcc_calibration_confirmatory_v1/runs/PUB-02/deep_short/rep_0045/attempt_000/trace.nc"", ""artifacts/publication_campaign/tcc_calibration_confirmatory_v1/runs/PUB-02/deep_short/rep_0045/attempt_000/truth.json"", ""artifacts/publication_campaign/tcc_calibration_confirmatory_v1/runs/PUB-02/deep_short/rep_0045/attempt_000/worker_metadata.json""]",77.8117353932514,True,True
PUB-02__deep_short__rep_0046,PUB-02,deep_short,rep_0046,tcc_calibration_confirmatory_v1__PUB-02__deep_short__rep_0046,"{""generation"": 1594043460, ""inference"": 3620207114, ""predictive"": 2701814225, ""resampling"": 279097246}",artifacts/publication_campaign/tcc_calibration_confirmatory_v1/runs/PUB-02/deep_short/rep_0046,COMPLETED,1,,artifacts/publication_campaign/tcc_calibration_confirmatory_v1/runs/PUB-02/deep_short/rep_0046/attempt_000,"[""artifacts/publication_campaign/tcc_calibration_confirmatory_v1/runs/PUB-02/deep_short/rep_0046/attempt_000/completion_manifest.json"", ""artifacts/publication_campaign/tcc_calibration_confirmatory_v1/runs/PUB-02/deep_short/rep_0046/attempt_000/environment_preflight.json"", ""artifacts/publication_campaign/tcc_calibration_confirmatory_v1/runs/PUB-02/deep_short/rep_0046/attempt_000/inference_command.json"", ""artifacts/publication_campaign/tcc_calibration_confirmatory_v1/runs/PUB-02/deep_short/rep_0046/attempt_000/inference_config.json"", ""artifacts/publication_campaign/tcc_calibration_confirmatory_v1/runs/PUB-02/deep_short/rep_0046/attempt_000/inference_started.json"", ""artifacts/publication_campaign/tcc_calibration_confirmatory_v1/runs/PUB-02/deep_short/rep_0046/attempt_000/input.csv"", ""artifacts/publication_campaign/tcc_calibration_confirmatory_v1/runs/PUB-02/deep_short/rep_0046/attempt_000/job.json"", ""artifacts/publication_campaign/tcc_calibration_confirmatory_v1/runs/PUB-02/deep_short/rep_0046/attempt_000/predictive_summary.csv"", ""artifacts/publication_campaign/tcc_calibration_confirmatory_v1/runs/PUB-02/deep_short/rep_0046/attempt_000/result.json"", ""artifacts/publication_campaign/tcc_calibration_confirmatory_v1/runs/PUB-02/deep_short/rep_0046/attempt_000/sampler_summary.csv"", ""artifacts/publication_campaign/tcc_calibration_confirmatory_v1/runs/PUB-02/deep_short/rep_0046/attempt_000/trace.nc"", ""artifacts/publication_campaign/tcc_calibration_confirmatory_v1/runs/PUB-02/deep_short/rep_0046/attempt_000/truth.json"", ""artifacts/publication_campaign/tcc_calibration_confirmatory_v1/runs/PUB-02/deep_short/rep_0046/attempt_000/worker_metadata.json""]",77.8117353932514,True,True
PUB-02__deep_short__rep_0047,PUB-02,deep_short,rep_0047,tcc_calibration_confirmatory_v1__PUB-02__deep_short__rep_0047,"{""generation"": 3249213477, ""inference"": 954417648, ""predictive"": 2320289740, ""resampling"": 3012005025}",artifacts/publication_campaign/tcc_calibration_confirmatory_v1/runs/PUB-02/deep_short/rep_0047,COMPLETED,1,,artifacts/publication_campaign/tcc_calibration_confirmatory_v1/runs/PUB-02/deep_short/rep_0047/attempt_000,"[""artifacts/publication_campaign/tcc_calibration_confirmatory_v1/runs/PUB-02/deep_short/rep_0047/attempt_000/completion_manifest.json"", ""artifacts/publication_campaign/tcc_calibration_confirmatory_v1/runs/PUB-02/deep_short/rep_0047/attempt_000/environment_preflight.json"", ""artifacts/publication_campaign/tcc_calibration_confirmatory_v1/runs/PUB-02/deep_short/rep_0047/attempt_000/inference_command.json"", ""artifacts/publication_campaign/tcc_calibration_confirmatory_v1/runs/PUB-02/deep_short/rep_0047/attempt_000/inference_config.json"", ""artifacts/publication_campaign/tcc_calibration_confirmatory_v1/runs/PUB-02/deep_short/rep_0047/attempt_000/inference_started.json"", ""artifacts/publication_campaign/tcc_calibration_confirmatory_v1/runs/PUB-02/deep_short/rep_0047/attempt_000/input.csv"", ""artifacts/publication_campaign/tcc_calibration_confirmatory_v1/runs/PUB-02/deep_short/rep_0047/attempt_000/job.json"", ""artifacts/publication_campaign/tcc_calibration_confirmatory_v1/runs/PUB-02/deep_short/rep_0047/attempt_000/predictive_summary.csv"", ""artifacts/publication_campaign/tcc_calibration_confirmatory_v1/runs/PUB-02/deep_short/rep_0047/attempt_000/result.json"", ""artifacts/publication_campaign/tcc_calibration_confirmatory_v1/runs/PUB-02/deep_short/rep_0047/attempt_000/sampler_summary.csv"", ""artifacts/publication_campaign/tcc_calibration_confirmatory_v1/runs/PUB-02/deep_short/rep_0047/attempt_000/trace.nc"", ""artifacts/publication_campaign/tcc_calibration_confirmatory_v1/runs/PUB-02/deep_short/rep_0047/attempt_000/truth.json"", ""artifacts/publication_campaign/tcc_calibration_confirmatory_v1/runs/PUB-02/deep_short/rep_0047/attempt_000/worker_metadata.json""]",77.8117353932514,True,True
PUB-02__deep_short__rep_0048,PUB-02,deep_short,rep_0048,tcc_calibration_confirmatory_v1__PUB-02__deep_short__rep_0048,"{""generation"": 2488179471, ""inference"": 1864537384, ""predictive"": 2657927076, ""resampling"": 1030304069}",artifacts/publication_campaign/tcc_calibration_confirmatory_v1/runs/PUB-02/deep_short/rep_0048,COMPLETED,1,,artifacts/publication_campaign/tcc_calibration_confirmatory_v1/runs/PUB-02/deep_short/rep_0048/attempt_000,"[""artifacts/publication_campaign/tcc_calibration_confirmatory_v1/runs/PUB-02/deep_short/rep_0048/attempt_000/completion_manifest.json"", ""artifacts/publication_campaign/tcc_calibration_confirmatory_v1/runs/PUB-02/deep_short/rep_0048/attempt_000/environment_preflight.json"", ""artifacts/publication_campaign/tcc_calibration_confirmatory_v1/runs/PUB-02/deep_short/rep_0048/attempt_000/inference_command.json"", ""artifacts/publication_campaign/tcc_calibration_confirmatory_v1/runs/PUB-02/deep_short/rep_0048/attempt_000/inference_config.json"", ""artifacts/publication_campaign/tcc_calibration_confirmatory_v1/runs/PUB-02/deep_short/rep_0048/attempt_000/inference_started.json"", ""artifacts/publication_campaign/tcc_calibration_confirmatory_v1/runs/PUB-02/deep_short/rep_0048/attempt_000/input.csv"", ""artifacts/publication_campaign/tcc_calibration_confirmatory_v1/runs/PUB-02/deep_short/rep_0048/attempt_000/job.json"", ""artifacts/publication_campaign/tcc_calibration_confirmatory_v1/runs/PUB-02/deep_short/rep_0048/attempt_000/predictive_summary.csv"", ""artifacts/publication_campaign/tcc_calibration_confirmatory_v1/runs/PUB-02/deep_short/rep_0048/attempt_000/result.json"", ""artifacts/publication_campaign/tcc_calibration_confirmatory_v1/runs/PUB-02/deep_short/rep_0048/attempt_000/sampler_summary.csv"", ""artifacts/publication_campaign/tcc_calibration_confirmatory_v1/runs/PUB-02/deep_short/rep_0048/attempt_000/trace.nc"", ""artifacts/publication_campaign/tcc_calibration_confirmatory_v1/runs/PUB-02/deep_short/rep_0048/attempt_000/truth.json"", ""artifacts/publication_campaign/tcc_calibration_confirmatory_v1/runs/PUB-02/deep_short/rep_0048/attempt_000/worker_metadata.json""]",77.8117353932514,True,True
PUB-02__deep_short__rep_0049,PUB-02,deep_short,rep_0049,tcc_calibration_confirmatory_v1__PUB-02__deep_short__rep_0049,"{""generation"": 1490147157, ""inference"": 1154858110, ""predictive"": 3925896324, ""resampling"": 1466593026}",artifacts/publication_campaign/tcc_calibration_confirmatory_v1/runs/PUB-02/deep_short/rep_0049,COMPLETED,1,,artifacts/publication_campaign/tcc_calibration_confirmatory_v1/runs/PUB-02/deep_short/rep_0049/attempt_000,"[""artifacts/publication_campaign/tcc_calibration_confirmatory_v1/runs/PUB-02/deep_short/rep_0049/attempt_000/completion_manifest.json"", ""artifacts/publication_campaign/tcc_calibration_confirmatory_v1/runs/PUB-02/deep_short/rep_0049/attempt_000/environment_preflight.json"", ""artifacts/publication_campaign/tcc_calibration_confirmatory_v1/runs/PUB-02/deep_short/rep_0049/attempt_000/inference_command.json"", ""artifacts/publication_campaign/tcc_calibration_confirmatory_v1/runs/PUB-02/deep_short/rep_0049/attempt_000/inference_config.json"", ""artifacts/publication_campaign/tcc_calibration_confirmatory_v1/runs/PUB-02/deep_short/rep_0049/attempt_000/inference_started.json"", ""artifacts/publication_campaign/tcc_calibration_confirmatory_v1/runs/PUB-02/deep_short/rep_0049/attempt_000/input.csv"", ""artifacts/publication_campaign/tcc_calibration_confirmatory_v1/runs/PUB-02/deep_short/rep_0049/attempt_000/job.json"", ""artifacts/publication_campaign/tcc_calibration_confirmatory_v1/runs/PUB-02/deep_short/rep_0049/attempt_000/predictive_summary.csv"", ""artifacts/publication_campaign/tcc_calibration_confirmatory_v1/runs/PUB-02/deep_short/rep_0049/attempt_000/result.json"", ""artifacts/publication_campaign/tcc_calibration_confirmatory_v1/runs/PUB-02/deep_short/rep_0049/attempt_000/sampler_summary.csv"", ""artifacts/publication_campaign/tcc_calibration_confirmatory_v1/runs/PUB-02/deep_short/rep_0049/attempt_000/trace.nc"", ""artifacts/publication_campaign/tcc_calibration_confirmatory_v1/runs/PUB-02/deep_short/rep_0049/attempt_000/truth.json"", ""artifacts/publication_campaign/tcc_calibration_confirmatory_v1/runs/PUB-02/deep_short/rep_0049/attempt_000/worker_metadata.json""]",77.8117353932514,True,True
PUB-02__deep_short__rep_0050,PUB-02,deep_short,rep_0050,tcc_calibration_confirmatory_v1__PUB-02__deep_short__rep_0050,"{""generation"": 1857083347, ""inference"": 3846948790, ""predictive"": 249039345, ""resampling"": 2604819680}",artifacts/publication_campaign/tcc_calibration_confirmatory_v1/runs/PUB-02/deep_short/rep_0050,COMPLETED,1,,artifacts/publication_campaign/tcc_calibration_confirmatory_v1/runs/PUB-02/deep_short/rep_0050/attempt_000,"[""artifacts/publication_campaign/tcc_calibration_confirmatory_v1/runs/PUB-02/deep_short/rep_0050/attempt_000/completion_manifest.json"", ""artifacts/publication_campaign/tcc_calibration_confirmatory_v1/runs/PUB-02/deep_short/rep_0050/attempt_000/environment_preflight.json"", ""artifacts/publication_campaign/tcc_calibration_confirmatory_v1/runs/PUB-02/deep_short/rep_0050/attempt_000/inference_command.json"", ""artifacts/publication_campaign/tcc_calibration_confirmatory_v1/runs/PUB-02/deep_short/rep_0050/attempt_000/inference_config.json"", ""artifacts/publication_campaign/tcc_calibration_confirmatory_v1/runs/PUB-02/deep_short/rep_0050/attempt_000/inference_started.json"", ""artifacts/publication_campaign/tcc_calibration_confirmatory_v1/runs/PUB-02/deep_short/rep_0050/attempt_000/input.csv"", ""artifacts/publication_campaign/tcc_calibration_confirmatory_v1/runs/PUB-02/deep_short/rep_0050/attempt_000/job.json"", ""artifacts/publication_campaign/tcc_calibration_confirmatory_v1/runs/PUB-02/deep_short/rep_0050/attempt_000/predictive_summary.csv"", ""artifacts/publication_campaign/tcc_calibration_confirmatory_v1/runs/PUB-02/deep_short/rep_0050/attempt_000/result.json"", ""artifacts/publication_campaign/tcc_calibration_confirmatory_v1/runs/PUB-02/deep_short/rep_0050/attempt_000/sampler_summary.csv"", ""artifacts/publication_campaign/tcc_calibration_confirmatory_v1/runs/PUB-02/deep_short/rep_0050/attempt_000/trace.nc"", ""artifacts/publication_campaign/tcc_calibration_confirmatory_v1/runs/PUB-02/deep_short/rep_0050/attempt_000/truth.json"", ""artifacts/publication_campaign/tcc_calibration_confirmatory_v1/runs/PUB-02/deep_short/rep_0050/attempt_000/worker_metadata.json""]",77.8117353932514,True,True
PUB-02__deep_short__rep_0051,PUB-02,deep_short,rep_0051,tcc_calibration_confirmatory_v1__PUB-02__deep_short__rep_0051,"{""generation"": 3331661919, ""inference"": 963698097, ""predictive"": 854277910, ""resampling"": 1558914520}",artifacts/publication_campaign/tcc_calibration_confirmatory_v1/runs/PUB-02/deep_short/rep_0051,COMPLETED,1,,artifacts/publication_campaign/tcc_calibration_confirmatory_v1/runs/PUB-02/deep_short/rep_0051/attempt_000,"[""artifacts/publication_campaign/tcc_calibration_confirmatory_v1/runs/PUB-02/deep_short/rep_0051/attempt_000/completion_manifest.json"", ""artifacts/publication_campaign/tcc_calibration_confirmatory_v1/runs/PUB-02/deep_short/rep_0051/attempt_000/environment_preflight.json"", ""artifacts/publication_campaign/tcc_calibration_confirmatory_v1/runs/PUB-02/deep_short/rep_0051/attempt_000/inference_command.json"", ""artifacts/publication_campaign/tcc_calibration_confirmatory_v1/runs/PUB-02/deep_short/rep_0051/attempt_000/inference_config.json"", ""artifacts/publication_campaign/tcc_calibration_confirmatory_v1/runs/PUB-02/deep_short/rep_0051/attempt_000/inference_started.json"", ""artifacts/publication_campaign/tcc_calibration_confirmatory_v1/runs/PUB-02/deep_short/rep_0051/attempt_000/input.csv"", ""artifacts/publication_campaign/tcc_calibration_confirmatory_v1/runs/PUB-02/deep_short/rep_0051/attempt_000/job.json"", ""artifacts/publication_campaign/tcc_calibration_confirmatory_v1/runs/PUB-02/deep_short/rep_0051/attempt_000/predictive_summary.csv"", ""artifacts/publication_campaign/tcc_calibration_confirmatory_v1/runs/PUB-02/deep_short/rep_0051/attempt_000/result.json"", ""artifacts/publication_campaign/tcc_calibration_confirmatory_v1/runs/PUB-02/deep_short/rep_0051/attempt_000/sampler_summary.csv"", ""artifacts/publication_campaign/tcc_calibration_confirmatory_v1/runs/PUB-02/deep_short/rep_0051/attempt_000/trace.nc"", ""artifacts/publication_campaign/tcc_calibration_confirmatory_v1/runs/PUB-02/deep_short/rep_0051/attempt_000/truth.json"", ""artifacts/publication_campaign/tcc_calibration_confirmatory_v1/runs/PUB-02/deep_short/rep_0051/attempt_000/worker_metadata.json""]",77.8117353932514,True,True
PUB-02__deep_short__rep_0052,PUB-02,deep_short,rep_0052,tcc_calibration_confirmatory_v1__PUB-02__deep_short__rep_0052,"{""generation"": 2538438534, ""inference"": 2968225654, ""predictive"": 128200450, ""resampling"": 44891872}",artifacts/publication_campaign/tcc_calibration_confirmatory_v1/runs/PUB-02/deep_short/rep_0052,COMPLETED,1,,artifacts/publication_campaign/tcc_calibration_confirmatory_v1/runs/PUB-02/deep_short/rep_0052/attempt_000,"[""artifacts/publication_campaign/tcc_calibration_confirmatory_v1/runs/PUB-02/deep_short/rep_0052/attempt_000/completion_manifest.json"", ""artifacts/publication_campaign/tcc_calibration_confirmatory_v1/runs/PUB-02/deep_short/rep_0052/attempt_000/environment_preflight.json"", ""artifacts/publication_campaign/tcc_calibration_confirmatory_v1/runs/PUB-02/deep_short/rep_0052/attempt_000/inference_command.json"", ""artifacts/publication_campaign/tcc_calibration_confirmatory_v1/runs/PUB-02/deep_short/rep_0052/attempt_000/inference_config.json"", ""artifacts/publication_campaign/tcc_calibration_confirmatory_v1/runs/PUB-02/deep_short/rep_0052/attempt_000/inference_started.json"", ""artifacts/publication_campaign/tcc_calibration_confirmatory_v1/runs/PUB-02/deep_short/rep_0052/attempt_000/input.csv"", ""artifacts/publication_campaign/tcc_calibration_confirmatory_v1/runs/PUB-02/deep_short/rep_0052/attempt_000/job.json"", ""artifacts/publication_campaign/tcc_calibration_confirmatory_v1/runs/PUB-02/deep_short/rep_0052/attempt_000/predictive_summary.csv"", ""artifacts/publication_campaign/tcc_calibration_confirmatory_v1/runs/PUB-02/deep_short/rep_0052/attempt_000/result.json"", ""artifacts/publication_campaign/tcc_calibration_confirmatory_v1/runs/PUB-02/deep_short/rep_0052/attempt_000/sampler_summary.csv"", ""artifacts/publication_campaign/tcc_calibration_confirmatory_v1/runs/PUB-02/deep_short/rep_0052/attempt_000/trace.nc"", ""artifacts/publication_campaign/tcc_calibration_confirmatory_v1/runs/PUB-02/deep_short/rep_0052/attempt_000/truth.json"", ""artifacts/publication_campaign/tcc_calibration_confirmatory_v1/runs/PUB-02/deep_short/rep_0052/attempt_000/worker_metadata.json""]",77.8117353932514,True,True
PUB-02__deep_short__rep_0053,PUB-02,deep_short,rep_0053,tcc_calibration_confirmatory_v1__PUB-02__deep_short__rep_0053,"{""generation"": 2322587654, ""inference"": 2492326778, ""predictive"": 2707427594, ""resampling"": 4144650528}",artifacts/publication_campaign/tcc_calibration_confirmatory_v1/runs/PUB-02/deep_short/rep_0053,COMPLETED,1,,artifacts/publication_campaign/tcc_calibration_confirmatory_v1/runs/PUB-02/deep_short/rep_0053/attempt_000,"[""artifacts/publication_campaign/tcc_calibration_confirmatory_v1/runs/PUB-02/deep_short/rep_0053/attempt_000/completion_manifest.json"", ""artifacts/publication_campaign/tcc_calibration_confirmatory_v1/runs/PUB-02/deep_short/rep_0053/attempt_000/environment_preflight.json"", ""artifacts/publication_campaign/tcc_calibration_confirmatory_v1/runs/PUB-02/deep_short/rep_0053/attempt_000/inference_command.json"", ""artifacts/publication_campaign/tcc_calibration_confirmatory_v1/runs/PUB-02/deep_short/rep_0053/attempt_000/inference_config.json"", ""artifacts/publication_campaign/tcc_calibration_confirmatory_v1/runs/PUB-02/deep_short/rep_0053/attempt_000/inference_started.json"", ""artifacts/publication_campaign/tcc_calibration_confirmatory_v1/runs/PUB-02/deep_short/rep_0053/attempt_000/input.csv"", ""artifacts/publication_campaign/tcc_calibration_confirmatory_v1/runs/PUB-02/deep_short/rep_0053/attempt_000/job.json"", ""artifacts/publication_campaign/tcc_calibration_confirmatory_v1/runs/PUB-02/deep_short/rep_0053/attempt_000/predictive_summary.csv"", ""artifacts/publication_campaign/tcc_calibration_confirmatory_v1/runs/PUB-02/deep_short/rep_0053/attempt_000/result.json"", ""artifacts/publication_campaign/tcc_calibration_confirmatory_v1/runs/PUB-02/deep_short/rep_0053/attempt_000/sampler_summary.csv"", ""artifacts/publication_campaign/tcc_calibration_confirmatory_v1/runs/PUB-02/deep_short/rep_0053/attempt_000/trace.nc"", ""artifacts/publication_campaign/tcc_calibration_confirmatory_v1/runs/PUB-02/deep_short/rep_0053/attempt_000/truth.json"", ""artifacts/publication_campaign/tcc_calibration_confirmatory_v1/runs/PUB-02/deep_short/rep_0053/attempt_000/worker_metadata.json""]",77.8117353932514,True,True
PUB-02__deep_short__rep_0054,PUB-02,deep_short,rep_0054,tcc_calibration_confirmatory_v1__PUB-02__deep_short__rep_0054,"{""generation"": 2429792338, ""inference"": 4249320698, ""predictive"": 1348050279, ""resampling"": 102447378}",artifacts/publication_campaign/tcc_calibration_confirmatory_v1/runs/PUB-02/deep_short/rep_0054,COMPLETED,1,,artifacts/publication_campaign/tcc_calibration_confirmatory_v1/runs/PUB-02/deep_short/rep_0054/attempt_000,"[""artifacts/publication_campaign/tcc_calibration_confirmatory_v1/runs/PUB-02/deep_short/rep_0054/attempt_000/completion_manifest.json"", ""artifacts/publication_campaign/tcc_calibration_confirmatory_v1/runs/PUB-02/deep_short/rep_0054/attempt_000/environment_preflight.json"", ""artifacts/publication_campaign/tcc_calibration_confirmatory_v1/runs/PUB-02/deep_short/rep_0054/attempt_000/inference_command.json"", ""artifacts/publication_campaign/tcc_calibration_confirmatory_v1/runs/PUB-02/deep_short/rep_0054/attempt_000/inference_config.json"", ""artifacts/publication_campaign/tcc_calibration_confirmatory_v1/runs/PUB-02/deep_short/rep_0054/attempt_000/inference_started.json"", ""artifacts/publication_campaign/tcc_calibration_confirmatory_v1/runs/PUB-02/deep_short/rep_0054/attempt_000/input.csv"", ""artifacts/publication_campaign/tcc_calibration_confirmatory_v1/runs/PUB-02/deep_short/rep_0054/attempt_000/job.json"", ""artifacts/publication_campaign/tcc_calibration_confirmatory_v1/runs/PUB-02/deep_short/rep_0054/attempt_000/predictive_summary.csv"", ""artifacts/publication_campaign/tcc_calibration_confirmatory_v1/runs/PUB-02/deep_short/rep_0054/attempt_000/result.json"", ""artifacts/publication_campaign/tcc_calibration_confirmatory_v1/runs/PUB-02/deep_short/rep_0054/attempt_000/sampler_summary.csv"", ""artifacts/publication_campaign/tcc_calibration_confirmatory_v1/runs/PUB-02/deep_short/rep_0054/attempt_000/trace.nc"", ""artifacts/publication_campaign/tcc_calibration_confirmatory_v1/runs/PUB-02/deep_short/rep_0054/attempt_000/truth.json"", ""artifacts/publication_campaign/tcc_calibration_confirmatory_v1/runs/PUB-02/deep_short/rep_0054/attempt_000/worker_metadata.json""]",77.8117353932514,True,True
PUB-02__deep_short__rep_0055,PUB-02,deep_short,rep_0055,tcc_calibration_confirmatory_v1__PUB-02__deep_short__rep_0055,"{""generation"": 1159806121, ""inference"": 1321917471, ""predictive"": 120705104, ""resampling"": 2022675670}",artifacts/publication_campaign/tcc_calibration_confirmatory_v1/runs/PUB-02/deep_short/rep_0055,COMPLETED,1,,artifacts/publication_campaign/tcc_calibration_confirmatory_v1/runs/PUB-02/deep_short/rep_0055/attempt_000,"[""artifacts/publication_campaign/tcc_calibration_confirmatory_v1/runs/PUB-02/deep_short/rep_0055/attempt_000/completion_manifest.json"", ""artifacts/publication_campaign/tcc_calibration_confirmatory_v1/runs/PUB-02/deep_short/rep_0055/attempt_000/environment_preflight.json"", ""artifacts/publication_campaign/tcc_calibration_confirmatory_v1/runs/PUB-02/deep_short/rep_0055/attempt_000/inference_command.json"", ""artifacts/publication_campaign/tcc_calibration_confirmatory_v1/runs/PUB-02/deep_short/rep_0055/attempt_000/inference_config.json"", ""artifacts/publication_campaign/tcc_calibration_confirmatory_v1/runs/PUB-02/deep_short/rep_0055/attempt_000/inference_started.json"", ""artifacts/publication_campaign/tcc_calibration_confirmatory_v1/runs/PUB-02/deep_short/rep_0055/attempt_000/input.csv"", ""artifacts/publication_campaign/tcc_calibration_confirmatory_v1/runs/PUB-02/deep_short/rep_0055/attempt_000/job.json"", ""artifacts/publication_campaign/tcc_calibration_confirmatory_v1/runs/PUB-02/deep_short/rep_0055/attempt_000/predictive_summary.csv"", ""artifacts/publication_campaign/tcc_calibration_confirmatory_v1/runs/PUB-02/deep_short/rep_0055/attempt_000/result.json"", ""artifacts/publication_campaign/tcc_calibration_confirmatory_v1/runs/PUB-02/deep_short/rep_0055/attempt_000/sampler_summary.csv"", ""artifacts/publication_campaign/tcc_calibration_confirmatory_v1/runs/PUB-02/deep_short/rep_0055/attempt_000/trace.nc"", ""artifacts/publication_campaign/tcc_calibration_confirmatory_v1/runs/PUB-02/deep_short/rep_0055/attempt_000/truth.json"", ""artifacts/publication_campaign/tcc_calibration_confirmatory_v1/runs/PUB-02/deep_short/rep_0055/attempt_000/worker_metadata.json""]",77.8117353932514,True,True
PUB-02__deep_short__rep_0056,PUB-02,deep_short,rep_0056,tcc_calibration_confirmatory_v1__PUB-02__deep_short__rep_0056,"{""generation"": 2332126712, ""inference"": 3050320307, ""predictive"": 3041035492, ""resampling"": 3383392276}",artifacts/publication_campaign/tcc_calibration_confirmatory_v1/runs/PUB-02/deep_short/rep_0056,COMPLETED,1,,artifacts/publication_campaign/tcc_calibration_confirmatory_v1/runs/PUB-02/deep_short/rep_0056/attempt_000,"[""artifacts/publication_campaign/tcc_calibration_confirmatory_v1/runs/PUB-02/deep_short/rep_0056/attempt_000/completion_manifest.json"", ""artifacts/publication_campaign/tcc_calibration_confirmatory_v1/runs/PUB-02/deep_short/rep_0056/attempt_000/environment_preflight.json"", ""artifacts/publication_campaign/tcc_calibration_confirmatory_v1/runs/PUB-02/deep_short/rep_0056/attempt_000/inference_command.json"", ""artifacts/publication_campaign/tcc_calibration_confirmatory_v1/runs/PUB-02/deep_short/rep_0056/attempt_000/inference_config.json"", ""artifacts/publication_campaign/tcc_calibration_confirmatory_v1/runs/PUB-02/deep_short/rep_0056/attempt_000/inference_started.json"", ""artifacts/publication_campaign/tcc_calibration_confirmatory_v1/runs/PUB-02/deep_short/rep_0056/attempt_000/input.csv"", ""artifacts/publication_campaign/tcc_calibration_confirmatory_v1/runs/PUB-02/deep_short/rep_0056/attempt_000/job.json"", ""artifacts/publication_campaign/tcc_calibration_confirmatory_v1/runs/PUB-02/deep_short/rep_0056/attempt_000/predictive_summary.csv"", ""artifacts/publication_campaign/tcc_calibration_confirmatory_v1/runs/PUB-02/deep_short/rep_0056/attempt_000/result.json"", ""artifacts/publication_campaign/tcc_calibration_confirmatory_v1/runs/PUB-02/deep_short/rep_0056/attempt_000/sampler_summary.csv"", ""artifacts/publication_campaign/tcc_calibration_confirmatory_v1/runs/PUB-02/deep_short/rep_0056/attempt_000/trace.nc"", ""artifacts/publication_campaign/tcc_calibration_confirmatory_v1/runs/PUB-02/deep_short/rep_0056/attempt_000/truth.json"", ""artifacts/publication_campaign/tcc_calibration_confirmatory_v1/runs/PUB-02/deep_short/rep_0056/attempt_000/worker_metadata.json""]",77.8117353932514,True,True
PUB-02__deep_short__rep_0057,PUB-02,deep_short,rep_0057,tcc_calibration_confirmatory_v1__PUB-02__deep_short__rep_0057,"{""generation"": 3537842108, ""inference"": 1129934785, ""predictive"": 2807607740, ""resampling"": 3096449902}",artifacts/publication_campaign/tcc_calibration_confirmatory_v1/runs/PUB-02/deep_short/rep_0057,COMPLETED,1,,artifacts/publication_campaign/tcc_calibration_confirmatory_v1/runs/PUB-02/deep_short/rep_0057/attempt_000,"[""artifacts/publication_campaign/tcc_calibration_confirmatory_v1/runs/PUB-02/deep_short/rep_0057/attempt_000/completion_manifest.json"", ""artifacts/publication_campaign/tcc_calibration_confirmatory_v1/runs/PUB-02/deep_short/rep_0057/attempt_000/environment_preflight.json"", ""artifacts/publication_campaign/tcc_calibration_confirmatory_v1/runs/PUB-02/deep_short/rep_0057/attempt_000/inference_command.json"", ""artifacts/publication_campaign/tcc_calibration_confirmatory_v1/runs/PUB-02/deep_short/rep_0057/attempt_000/inference_config.json"", ""artifacts/publication_campaign/tcc_calibration_confirmatory_v1/runs/PUB-02/deep_short/rep_0057/attempt_000/inference_started.json"", ""artifacts/publication_campaign/tcc_calibration_confirmatory_v1/runs/PUB-02/deep_short/rep_0057/attempt_000/input.csv"", ""artifacts/publication_campaign/tcc_calibration_confirmatory_v1/runs/PUB-02/deep_short/rep_0057/attempt_000/job.json"", ""artifacts/publication_campaign/tcc_calibration_confirmatory_v1/runs/PUB-02/deep_short/rep_0057/attempt_000/predictive_summary.csv"", ""artifacts/publication_campaign/tcc_calibration_confirmatory_v1/runs/PUB-02/deep_short/rep_0057/attempt_000/result.json"", ""artifacts/publication_campaign/tcc_calibration_confirmatory_v1/runs/PUB-02/deep_short/rep_0057/attempt_000/sampler_summary.csv"", ""artifacts/publication_campaign/tcc_calibration_confirmatory_v1/runs/PUB-02/deep_short/rep_0057/attempt_000/trace.nc"", ""artifacts/publication_campaign/tcc_calibration_confirmatory_v1/runs/PUB-02/deep_short/rep_0057/attempt_000/truth.json"", ""artifacts/publication_campaign/tcc_calibration_confirmatory_v1/runs/PUB-02/deep_short/rep_0057/attempt_000/worker_metadata.json""]",77.8117353932514,True,True
PUB-02__deep_short__rep_0058,PUB-02,deep_short,rep_0058,tcc_calibration_confirmatory_v1__PUB-02__deep_short__rep_0058,"{""generation"": 2968476581, ""inference"": 4202208332, ""predictive"": 2546444931, ""resampling"": 3204562233}",artifacts/publication_campaign/tcc_calibration_confirmatory_v1/runs/PUB-02/deep_short/rep_0058,COMPLETED_REJECTED,1,,artifacts/publication_campaign/tcc_calibration_confirmatory_v1/runs/PUB-02/deep_short/rep_0058/attempt_000,"[""artifacts/publication_campaign/tcc_calibration_confirmatory_v1/runs/PUB-02/deep_short/rep_0058/attempt_000/completion_manifest.json"", ""artifacts/publication_campaign/tcc_calibration_confirmatory_v1/runs/PUB-02/deep_short/rep_0058/attempt_000/environment_preflight.json"", ""artifacts/publication_campaign/tcc_calibration_confirmatory_v1/runs/PUB-02/deep_short/rep_0058/attempt_000/inference_command.json"", ""artifacts/publication_campaign/tcc_calibration_confirmatory_v1/runs/PUB-02/deep_short/rep_0058/attempt_000/inference_config.json"", ""artifacts/publication_campaign/tcc_calibration_confirmatory_v1/runs/PUB-02/deep_short/rep_0058/attempt_000/inference_started.json"", ""artifacts/publication_campaign/tcc_calibration_confirmatory_v1/runs/PUB-02/deep_short/rep_0058/attempt_000/input.csv"", ""artifacts/publication_campaign/tcc_calibration_confirmatory_v1/runs/PUB-02/deep_short/rep_0058/attempt_000/job.json"", ""artifacts/publication_campaign/tcc_calibration_confirmatory_v1/runs/PUB-02/deep_short/rep_0058/attempt_000/predictive_summary.csv"", ""artifacts/publication_campaign/tcc_calibration_confirmatory_v1/runs/PUB-02/deep_short/rep_0058/attempt_000/result.json"", ""artifacts/publication_campaign/tcc_calibration_confirmatory_v1/runs/PUB-02/deep_short/rep_0058/attempt_000/sampler_summary.csv"", ""artifacts/publication_campaign/tcc_calibration_confirmatory_v1/runs/PUB-02/deep_short/rep_0058/attempt_000/trace.nc"", ""artifacts/publication_campaign/tcc_calibration_confirmatory_v1/runs/PUB-02/deep_short/rep_0058/attempt_000/truth.json"", ""artifacts/publication_campaign/tcc_calibration_confirmatory_v1/runs/PUB-02/deep_short/rep_0058/attempt_000/worker_metadata.json""]",77.8117353932514,False,False
PUB-02__deep_short__rep_0059,PUB-02,deep_short,rep_0059,tcc_calibration_confirmatory_v1__PUB-02__deep_short__rep_0059,"{""generation"": 2816213319, ""inference"": 3613518374, ""predictive"": 3739829930, ""resampling"": 1725550713}",artifacts/publication_campaign/tcc_calibration_confirmatory_v1/runs/PUB-02/deep_short/rep_0059,COMPLETED_REJECTED,1,,artifacts/publication_campaign/tcc_calibration_confirmatory_v1/runs/PUB-02/deep_short/rep_0059/attempt_000,"[""artifacts/publication_campaign/tcc_calibration_confirmatory_v1/runs/PUB-02/deep_short/rep_0059/attempt_000/completion_manifest.json"", ""artifacts/publication_campaign/tcc_calibration_confirmatory_v1/runs/PUB-02/deep_short/rep_0059/attempt_000/environment_preflight.json"", ""artifacts/publication_campaign/tcc_calibration_confirmatory_v1/runs/PUB-02/deep_short/rep_0059/attempt_000/inference_command.json"", ""artifacts/publication_campaign/tcc_calibration_confirmatory_v1/runs/PUB-02/deep_short/rep_0059/attempt_000/inference_config.json"", ""artifacts/publication_campaign/tcc_calibration_confirmatory_v1/runs/PUB-02/deep_short/rep_0059/attempt_000/inference_started.json"", ""artifacts/publication_campaign/tcc_calibration_confirmatory_v1/runs/PUB-02/deep_short/rep_0059/attempt_000/input.csv"", ""artifacts/publication_campaign/tcc_calibration_confirmatory_v1/runs/PUB-02/deep_short/rep_0059/attempt_000/job.json"", ""artifacts/publication_campaign/tcc_calibration_confirmatory_v1/runs/PUB-02/deep_short/rep_0059/attempt_000/predictive_summary.csv"", ""artifacts/publication_campaign/tcc_calibration_confirmatory_v1/runs/PUB-02/deep_short/rep_0059/attempt_000/result.json"", ""artifacts/publication_campaign/tcc_calibration_confirmatory_v1/runs/PUB-02/deep_short/rep_0059/attempt_000/sampler_summary.csv"", ""artifacts/publication_campaign/tcc_calibration_confirmatory_v1/runs/PUB-02/deep_short/rep_0059/attempt_000/trace.nc"", ""artifacts/publication_campaign/tcc_calibration_confirmatory_v1/runs/PUB-02/deep_short/rep_0059/attempt_000/truth.json"", ""artifacts/publication_campaign/tcc_calibration_confirmatory_v1/runs/PUB-02/deep_short/rep_0059/attempt_000/worker_metadata.json""]",77.8117353932514,False,False
PUB-02__deep_short__rep_0060,PUB-02,deep_short,rep_0060,tcc_calibration_confirmatory_v1__PUB-02__deep_short__rep_0060,"{""generation"": 2787880579, ""inference"": 3961454675, ""predictive"": 2175388066, ""resampling"": 1317984019}",artifacts/publication_campaign/tcc_calibration_confirmatory_v1/runs/PUB-02/deep_short/rep_0060,COMPLETED,1,,artifacts/publication_campaign/tcc_calibration_confirmatory_v1/runs/PUB-02/deep_short/rep_0060/attempt_000,"[""artifacts/publication_campaign/tcc_calibration_confirmatory_v1/runs/PUB-02/deep_short/rep_0060/attempt_000/completion_manifest.json"", ""artifacts/publication_campaign/tcc_calibration_confirmatory_v1/runs/PUB-02/deep_short/rep_0060/attempt_000/environment_preflight.json"", ""artifacts/publication_campaign/tcc_calibration_confirmatory_v1/runs/PUB-02/deep_short/rep_0060/attempt_000/inference_command.json"", ""artifacts/publication_campaign/tcc_calibration_confirmatory_v1/runs/PUB-02/deep_short/rep_0060/attempt_000/inference_config.json"", ""artifacts/publication_campaign/tcc_calibration_confirmatory_v1/runs/PUB-02/deep_short/rep_0060/attempt_000/inference_started.json"", ""artifacts/publication_campaign/tcc_calibration_confirmatory_v1/runs/PUB-02/deep_short/rep_0060/attempt_000/input.csv"", ""artifacts/publication_campaign/tcc_calibration_confirmatory_v1/runs/PUB-02/deep_short/rep_0060/attempt_000/job.json"", ""artifacts/publication_campaign/tcc_calibration_confirmatory_v1/runs/PUB-02/deep_short/rep_0060/attempt_000/predictive_summary.csv"", ""artifacts/publication_campaign/tcc_calibration_confirmatory_v1/runs/PUB-02/deep_short/rep_0060/attempt_000/result.json"", ""artifacts/publication_campaign/tcc_calibration_confirmatory_v1/runs/PUB-02/deep_short/rep_0060/attempt_000/sampler_summary.csv"", ""artifacts/publication_campaign/tcc_calibration_confirmatory_v1/runs/PUB-02/deep_short/rep_0060/attempt_000/trace.nc"", ""artifacts/publication_campaign/tcc_calibration_confirmatory_v1/runs/PUB-02/deep_short/rep_0060/attempt_000/truth.json"", ""artifacts/publication_campaign/tcc_calibration_confirmatory_v1/runs/PUB-02/deep_short/rep_0060/attempt_000/worker_metadata.json""]",77.8117353932514,True,True
PUB-02__deep_short__rep_0061,PUB-02,deep_short,rep_0061,tcc_calibration_confirmatory_v1__PUB-02__deep_short__rep_0061,"{""generation"": 1860560753, ""inference"": 2496156777, ""predictive"": 3442692292, ""resampling"": 3345576207}",artifacts/publication_campaign/tcc_calibration_confirmatory_v1/runs/PUB-02/deep_short/rep_0061,COMPLETED,1,,artifacts/publication_campaign/tcc_calibration_confirmatory_v1/runs/PUB-02/deep_short/rep_0061/attempt_000,"[""artifacts/publication_campaign/tcc_calibration_confirmatory_v1/runs/PUB-02/deep_short/rep_0061/attempt_000/completion_manifest.json"", ""artifacts/publication_campaign/tcc_calibration_confirmatory_v1/runs/PUB-02/deep_short/rep_0061/attempt_000/environment_preflight.json"", ""artifacts/publication_campaign/tcc_calibration_confirmatory_v1/runs/PUB-02/deep_short/rep_0061/attempt_000/inference_command.json"", ""artifacts/publication_campaign/tcc_calibration_confirmatory_v1/runs/PUB-02/deep_short/rep_0061/attempt_000/inference_config.json"", ""artifacts/publication_campaign/tcc_calibration_confirmatory_v1/runs/PUB-02/deep_short/rep_0061/attempt_000/inference_started.json"", ""artifacts/publication_campaign/tcc_calibration_confirmatory_v1/runs/PUB-02/deep_short/rep_0061/attempt_000/input.csv"", ""artifacts/publication_campaign/tcc_calibration_confirmatory_v1/runs/PUB-02/deep_short/rep_0061/attempt_000/job.json"", ""artifacts/publication_campaign/tcc_calibration_confirmatory_v1/runs/PUB-02/deep_short/rep_0061/attempt_000/predictive_summary.csv"", ""artifacts/publication_campaign/tcc_calibration_confirmatory_v1/runs/PUB-02/deep_short/rep_0061/attempt_000/result.json"", ""artifacts/publication_campaign/tcc_calibration_confirmatory_v1/runs/PUB-02/deep_short/rep_0061/attempt_000/sampler_summary.csv"", ""artifacts/publication_campaign/tcc_calibration_confirmatory_v1/runs/PUB-02/deep_short/rep_0061/attempt_000/trace.nc"", ""artifacts/publication_campaign/tcc_calibration_confirmatory_v1/runs/PUB-02/deep_short/rep_0061/attempt_000/truth.json"", ""artifacts/publication_campaign/tcc_calibration_confirmatory_v1/runs/PUB-02/deep_short/rep_0061/attempt_000/worker_metadata.json""]",77.8117353932514,True,True
PUB-02__deep_short__rep_0062,PUB-02,deep_short,rep_0062,tcc_calibration_confirmatory_v1__PUB-02__deep_short__rep_0062,"{""generation"": 1432673352, ""inference"": 431185541, ""predictive"": 3649471435, ""resampling"": 248004580}",artifacts/publication_campaign/tcc_calibration_confirmatory_v1/runs/PUB-02/deep_short/rep_0062,COMPLETED,1,,artifacts/publication_campaign/tcc_calibration_confirmatory_v1/runs/PUB-02/deep_short/rep_0062/attempt_000,"[""artifacts/publication_campaign/tcc_calibration_confirmatory_v1/runs/PUB-02/deep_short/rep_0062/attempt_000/completion_manifest.json"", ""artifacts/publication_campaign/tcc_calibration_confirmatory_v1/runs/PUB-02/deep_short/rep_0062/attempt_000/environment_preflight.json"", ""artifacts/publication_campaign/tcc_calibration_confirmatory_v1/runs/PUB-02/deep_short/rep_0062/attempt_000/inference_command.json"", ""artifacts/publication_campaign/tcc_calibration_confirmatory_v1/runs/PUB-02/deep_short/rep_0062/attempt_000/inference_config.json"", ""artifacts/publication_campaign/tcc_calibration_confirmatory_v1/runs/PUB-02/deep_short/rep_0062/attempt_000/inference_started.json"", ""artifacts/publication_campaign/tcc_calibration_confirmatory_v1/runs/PUB-02/deep_short/rep_0062/attempt_000/input.csv"", ""artifacts/publication_campaign/tcc_calibration_confirmatory_v1/runs/PUB-02/deep_short/rep_0062/attempt_000/job.json"", ""artifacts/publication_campaign/tcc_calibration_confirmatory_v1/runs/PUB-02/deep_short/rep_0062/attempt_000/predictive_summary.csv"", ""artifacts/publication_campaign/tcc_calibration_confirmatory_v1/runs/PUB-02/deep_short/rep_0062/attempt_000/result.json"", ""artifacts/publication_campaign/tcc_calibration_confirmatory_v1/runs/PUB-02/deep_short/rep_0062/attempt_000/sampler_summary.csv"", ""artifacts/publication_campaign/tcc_calibration_confirmatory_v1/runs/PUB-02/deep_short/rep_0062/attempt_000/trace.nc"", ""artifacts/publication_campaign/tcc_calibration_confirmatory_v1/runs/PUB-02/deep_short/rep_0062/attempt_000/truth.json"", ""artifacts/publication_campaign/tcc_calibration_confirmatory_v1/runs/PUB-02/deep_short/rep_0062/attempt_000/worker_metadata.json""]",77.8117353932514,True,True
PUB-02__deep_short__rep_0063,PUB-02,deep_short,rep_0063,tcc_calibration_confirmatory_v1__PUB-02__deep_short__rep_0063,"{""generation"": 498324470, ""inference"": 2974232415, ""predictive"": 606910955, ""resampling"": 3037198146}",artifacts/publication_campaign/tcc_calibration_confirmatory_v1/runs/PUB-02/deep_short/rep_0063,COMPLETED,1,,artifacts/publication_campaign/tcc_calibration_confirmatory_v1/runs/PUB-02/deep_short/rep_0063/attempt_000,"[""artifacts/publication_campaign/tcc_calibration_confirmatory_v1/runs/PUB-02/deep_short/rep_0063/attempt_000/completion_manifest.json"", ""artifacts/publication_campaign/tcc_calibration_confirmatory_v1/runs/PUB-02/deep_short/rep_0063/attempt_000/environment_preflight.json"", ""artifacts/publication_campaign/tcc_calibration_confirmatory_v1/runs/PUB-02/deep_short/rep_0063/attempt_000/inference_command.json"", ""artifacts/publication_campaign/tcc_calibration_confirmatory_v1/runs/PUB-02/deep_short/rep_0063/attempt_000/inference_config.json"", ""artifacts/publication_campaign/tcc_calibration_confirmatory_v1/runs/PUB-02/deep_short/rep_0063/attempt_000/inference_started.json"", ""artifacts/publication_campaign/tcc_calibration_confirmatory_v1/runs/PUB-02/deep_short/rep_0063/attempt_000/input.csv"", ""artifacts/publication_campaign/tcc_calibration_confirmatory_v1/runs/PUB-02/deep_short/rep_0063/attempt_000/job.json"", ""artifacts/publication_campaign/tcc_calibration_confirmatory_v1/runs/PUB-02/deep_short/rep_0063/attempt_000/predictive_summary.csv"", ""artifacts/publication_campaign/tcc_calibration_confirmatory_v1/runs/PUB-02/deep_short/rep_0063/attempt_000/result.json"", ""artifacts/publication_campaign/tcc_calibration_confirmatory_v1/runs/PUB-02/deep_short/rep_0063/attempt_000/sampler_summary.csv"", ""artifacts/publication_campaign/tcc_calibration_confirmatory_v1/runs/PUB-02/deep_short/rep_0063/attempt_000/trace.nc"", ""artifacts/publication_campaign/tcc_calibration_confirmatory_v1/runs/PUB-02/deep_short/rep_0063/attempt_000/truth.json"", ""artifacts/publication_campaign/tcc_calibration_confirmatory_v1/runs/PUB-02/deep_short/rep_0063/attempt_000/worker_metadata.json""]",77.8117353932514,True,True
PUB-02__deep_short__rep_0064,PUB-02,deep_short,rep_0064,tcc_calibration_confirmatory_v1__PUB-02__deep_short__rep_0064,"{""generation"": 737712603, ""inference"": 1199977842, ""predictive"": 1390974180, ""resampling"": 3379095110}",artifacts/publication_campaign/tcc_calibration_confirmatory_v1/runs/PUB-02/deep_short/rep_0064,COMPLETED,1,,artifacts/publication_campaign/tcc_calibration_confirmatory_v1/runs/PUB-02/deep_short/rep_0064/attempt_000,"[""artifacts/publication_campaign/tcc_calibration_confirmatory_v1/runs/PUB-02/deep_short/rep_0064/attempt_000/completion_manifest.json"", ""artifacts/publication_campaign/tcc_calibration_confirmatory_v1/runs/PUB-02/deep_short/rep_0064/attempt_000/environment_preflight.json"", ""artifacts/publication_campaign/tcc_calibration_confirmatory_v1/runs/PUB-02/deep_short/rep_0064/attempt_000/inference_command.json"", ""artifacts/publication_campaign/tcc_calibration_confirmatory_v1/runs/PUB-02/deep_short/rep_0064/attempt_000/inference_config.json"", ""artifacts/publication_campaign/tcc_calibration_confirmatory_v1/runs/PUB-02/deep_short/rep_0064/attempt_000/inference_started.json"", ""artifacts/publication_campaign/tcc_calibration_confirmatory_v1/runs/PUB-02/deep_short/rep_0064/attempt_000/input.csv"", ""artifacts/publication_campaign/tcc_calibration_confirmatory_v1/runs/PUB-02/deep_short/rep_0064/attempt_000/job.json"", ""artifacts/publication_campaign/tcc_calibration_confirmatory_v1/runs/PUB-02/deep_short/rep_0064/attempt_000/predictive_summary.csv"", ""artifacts/publication_campaign/tcc_calibration_confirmatory_v1/runs/PUB-02/deep_short/rep_0064/attempt_000/result.json"", ""artifacts/publication_campaign/tcc_calibration_confirmatory_v1/runs/PUB-02/deep_short/rep_0064/attempt_000/sampler_summary.csv"", ""artifacts/publication_campaign/tcc_calibration_confirmatory_v1/runs/PUB-02/deep_short/rep_0064/attempt_000/trace.nc"", ""artifacts/publication_campaign/tcc_calibration_confirmatory_v1/runs/PUB-02/deep_short/rep_0064/attempt_000/truth.json"", ""artifacts/publication_campaign/tcc_calibration_confirmatory_v1/runs/PUB-02/deep_short/rep_0064/attempt_000/worker_metadata.json""]",77.8117353932514,True,True
PUB-02__deep_short__rep_0065,PUB-02,deep_short,rep_0065,tcc_calibration_confirmatory_v1__PUB-02__deep_short__rep_0065,"{""generation"": 1773729740, ""inference"": 2754984634, ""predictive"": 3557934267, ""resampling"": 1214478128}",artifacts/publication_campaign/tcc_calibration_confirmatory_v1/runs/PUB-02/deep_short/rep_0065,COMPLETED,1,,artifacts/publication_campaign/tcc_calibration_confirmatory_v1/runs/PUB-02/deep_short/rep_0065/attempt_000,"[""artifacts/publication_campaign/tcc_calibration_confirmatory_v1/runs/PUB-02/deep_short/rep_0065/attempt_000/completion_manifest.json"", ""artifacts/publication_campaign/tcc_calibration_confirmatory_v1/runs/PUB-02/deep_short/rep_0065/attempt_000/environment_preflight.json"", ""artifacts/publication_campaign/tcc_calibration_confirmatory_v1/runs/PUB-02/deep_short/rep_0065/attempt_000/inference_command.json"", ""artifacts/publication_campaign/tcc_calibration_confirmatory_v1/runs/PUB-02/deep_short/rep_0065/attempt_000/inference_config.json"", ""artifacts/publication_campaign/tcc_calibration_confirmatory_v1/runs/PUB-02/deep_short/rep_0065/attempt_000/inference_started.json"", ""artifacts/publication_campaign/tcc_calibration_confirmatory_v1/runs/PUB-02/deep_short/rep_0065/attempt_000/input.csv"", ""artifacts/publication_campaign/tcc_calibration_confirmatory_v1/runs/PUB-02/deep_short/rep_0065/attempt_000/job.json"", ""artifacts/publication_campaign/tcc_calibration_confirmatory_v1/runs/PUB-02/deep_short/rep_0065/attempt_000/predictive_summary.csv"", ""artifacts/publication_campaign/tcc_calibration_confirmatory_v1/runs/PUB-02/deep_short/rep_0065/attempt_000/result.json"", ""artifacts/publication_campaign/tcc_calibration_confirmatory_v1/runs/PUB-02/deep_short/rep_0065/attempt_000/sampler_summary.csv"", ""artifacts/publication_campaign/tcc_calibration_confirmatory_v1/runs/PUB-02/deep_short/rep_0065/attempt_000/trace.nc"", ""artifacts/publication_campaign/tcc_calibration_confirmatory_v1/runs/PUB-02/deep_short/rep_0065/attempt_000/truth.json"", ""artifacts/publication_campaign/tcc_calibration_confirmatory_v1/runs/PUB-02/deep_short/rep_0065/attempt_000/worker_metadata.json""]",77.8117353932514,True,True
PUB-02__deep_short__rep_0066,PUB-02,deep_short,rep_0066,tcc_calibration_confirmatory_v1__PUB-02__deep_short__rep_0066,"{""generation"": 1591644410, ""inference"": 2107698747, ""predictive"": 311599238, ""resampling"": 2899807976}",artifacts/publication_campaign/tcc_calibration_confirmatory_v1/runs/PUB-02/deep_short/rep_0066,COMPLETED_REJECTED,1,,artifacts/publication_campaign/tcc_calibration_confirmatory_v1/runs/PUB-02/deep_short/rep_0066/attempt_000,"[""artifacts/publication_campaign/tcc_calibration_confirmatory_v1/runs/PUB-02/deep_short/rep_0066/attempt_000/completion_manifest.json"", ""artifacts/publication_campaign/tcc_calibration_confirmatory_v1/runs/PUB-02/deep_short/rep_0066/attempt_000/environment_preflight.json"", ""artifacts/publication_campaign/tcc_calibration_confirmatory_v1/runs/PUB-02/deep_short/rep_0066/attempt_000/inference_command.json"", ""artifacts/publication_campaign/tcc_calibration_confirmatory_v1/runs/PUB-02/deep_short/rep_0066/attempt_000/inference_config.json"", ""artifacts/publication_campaign/tcc_calibration_confirmatory_v1/runs/PUB-02/deep_short/rep_0066/attempt_000/inference_started.json"", ""artifacts/publication_campaign/tcc_calibration_confirmatory_v1/runs/PUB-02/deep_short/rep_0066/attempt_000/input.csv"", ""artifacts/publication_campaign/tcc_calibration_confirmatory_v1/runs/PUB-02/deep_short/rep_0066/attempt_000/job.json"", ""artifacts/publication_campaign/tcc_calibration_confirmatory_v1/runs/PUB-02/deep_short/rep_0066/attempt_000/predictive_summary.csv"", ""artifacts/publication_campaign/tcc_calibration_confirmatory_v1/runs/PUB-02/deep_short/rep_0066/attempt_000/result.json"", ""artifacts/publication_campaign/tcc_calibration_confirmatory_v1/runs/PUB-02/deep_short/rep_0066/attempt_000/sampler_summary.csv"", ""artifacts/publication_campaign/tcc_calibration_confirmatory_v1/runs/PUB-02/deep_short/rep_0066/attempt_000/trace.nc"", ""artifacts/publication_campaign/tcc_calibration_confirmatory_v1/runs/PUB-02/deep_short/rep_0066/attempt_000/truth.json"", ""artifacts/publication_campaign/tcc_calibration_confirmatory_v1/runs/PUB-02/deep_short/rep_0066/attempt_000/worker_metadata.json""]",77.8117353932514,False,False
PUB-02__deep_short__rep_0067,PUB-02,deep_short,rep_0067,tcc_calibration_confirmatory_v1__PUB-02__deep_short__rep_0067,"{""generation"": 697852281, ""inference"": 2478404094, ""predictive"": 3916302604, ""resampling"": 1347263593}",artifacts/publication_campaign/tcc_calibration_confirmatory_v1/runs/PUB-02/deep_short/rep_0067,COMPLETED,1,,artifacts/publication_campaign/tcc_calibration_confirmatory_v1/runs/PUB-02/deep_short/rep_0067/attempt_000,"[""artifacts/publication_campaign/tcc_calibration_confirmatory_v1/runs/PUB-02/deep_short/rep_0067/attempt_000/completion_manifest.json"", ""artifacts/publication_campaign/tcc_calibration_confirmatory_v1/runs/PUB-02/deep_short/rep_0067/attempt_000/environment_preflight.json"", ""artifacts/publication_campaign/tcc_calibration_confirmatory_v1/runs/PUB-02/deep_short/rep_0067/attempt_000/inference_command.json"", ""artifacts/publication_campaign/tcc_calibration_confirmatory_v1/runs/PUB-02/deep_short/rep_0067/attempt_000/inference_config.json"", ""artifacts/publication_campaign/tcc_calibration_confirmatory_v1/runs/PUB-02/deep_short/rep_0067/attempt_000/inference_started.json"", ""artifacts/publication_campaign/tcc_calibration_confirmatory_v1/runs/PUB-02/deep_short/rep_0067/attempt_000/input.csv"", ""artifacts/publication_campaign/tcc_calibration_confirmatory_v1/runs/PUB-02/deep_short/rep_0067/attempt_000/job.json"", ""artifacts/publication_campaign/tcc_calibration_confirmatory_v1/runs/PUB-02/deep_short/rep_0067/attempt_000/predictive_summary.csv"", ""artifacts/publication_campaign/tcc_calibration_confirmatory_v1/runs/PUB-02/deep_short/rep_0067/attempt_000/result.json"", ""artifacts/publication_campaign/tcc_calibration_confirmatory_v1/runs/PUB-02/deep_short/rep_0067/attempt_000/sampler_summary.csv"", ""artifacts/publication_campaign/tcc_calibration_confirmatory_v1/runs/PUB-02/deep_short/rep_0067/attempt_000/trace.nc"", ""artifacts/publication_campaign/tcc_calibration_confirmatory_v1/runs/PUB-02/deep_short/rep_0067/attempt_000/truth.json"", ""artifacts/publication_campaign/tcc_calibration_confirmatory_v1/runs/PUB-02/deep_short/rep_0067/attempt_000/worker_metadata.json""]",77.8117353932514,True,True
PUB-02__deep_short__rep_0068,PUB-02,deep_short,rep_0068,tcc_calibration_confirmatory_v1__PUB-02__deep_short__rep_0068,"{""generation"": 3362659010, ""inference"": 4083015233, ""predictive"": 2354647035, ""resampling"": 1706588766}",artifacts/publication_campaign/tcc_calibration_confirmatory_v1/runs/PUB-02/deep_short/rep_0068,COMPLETED_REJECTED,1,,artifacts/publication_campaign/tcc_calibration_confirmatory_v1/runs/PUB-02/deep_short/rep_0068/attempt_000,"[""artifacts/publication_campaign/tcc_calibration_confirmatory_v1/runs/PUB-02/deep_short/rep_0068/attempt_000/completion_manifest.json"", ""artifacts/publication_campaign/tcc_calibration_confirmatory_v1/runs/PUB-02/deep_short/rep_0068/attempt_000/environment_preflight.json"", ""artifacts/publication_campaign/tcc_calibration_confirmatory_v1/runs/PUB-02/deep_short/rep_0068/attempt_000/inference_command.json"", ""artifacts/publication_campaign/tcc_calibration_confirmatory_v1/runs/PUB-02/deep_short/rep_0068/attempt_000/inference_config.json"", ""artifacts/publication_campaign/tcc_calibration_confirmatory_v1/runs/PUB-02/deep_short/rep_0068/attempt_000/inference_started.json"", ""artifacts/publication_campaign/tcc_calibration_confirmatory_v1/runs/PUB-02/deep_short/rep_0068/attempt_000/input.csv"", ""artifacts/publication_campaign/tcc_calibration_confirmatory_v1/runs/PUB-02/deep_short/rep_0068/attempt_000/job.json"", ""artifacts/publication_campaign/tcc_calibration_confirmatory_v1/runs/PUB-02/deep_short/rep_0068/attempt_000/predictive_summary.csv"", ""artifacts/publication_campaign/tcc_calibration_confirmatory_v1/runs/PUB-02/deep_short/rep_0068/attempt_000/result.json"", ""artifacts/publication_campaign/tcc_calibration_confirmatory_v1/runs/PUB-02/deep_short/rep_0068/attempt_000/sampler_summary.csv"", ""artifacts/publication_campaign/tcc_calibration_confirmatory_v1/runs/PUB-02/deep_short/rep_0068/attempt_000/trace.nc"", ""artifacts/publication_campaign/tcc_calibration_confirmatory_v1/runs/PUB-02/deep_short/rep_0068/attempt_000/truth.json"", ""artifacts/publication_campaign/tcc_calibration_confirmatory_v1/runs/PUB-02/deep_short/rep_0068/attempt_000/worker_metadata.json""]",77.8117353932514,False,False
PUB-02__deep_short__rep_0069,PUB-02,deep_short,rep_0069,tcc_calibration_confirmatory_v1__PUB-02__deep_short__rep_0069,"{""generation"": 2568411221, ""inference"": 15555075, ""predictive"": 2200614029, ""resampling"": 739858110}",artifacts/publication_campaign/tcc_calibration_confirmatory_v1/runs/PUB-02/deep_short/rep_0069,COMPLETED,1,,artifacts/publication_campaign/tcc_calibration_confirmatory_v1/runs/PUB-02/deep_short/rep_0069/attempt_000,"[""artifacts/publication_campaign/tcc_calibration_confirmatory_v1/runs/PUB-02/deep_short/rep_0069/attempt_000/completion_manifest.json"", ""artifacts/publication_campaign/tcc_calibration_confirmatory_v1/runs/PUB-02/deep_short/rep_0069/attempt_000/environment_preflight.json"", ""artifacts/publication_campaign/tcc_calibration_confirmatory_v1/runs/PUB-02/deep_short/rep_0069/attempt_000/inference_command.json"", ""artifacts/publication_campaign/tcc_calibration_confirmatory_v1/runs/PUB-02/deep_short/rep_0069/attempt_000/inference_config.json"", ""artifacts/publication_campaign/tcc_calibration_confirmatory_v1/runs/PUB-02/deep_short/rep_0069/attempt_000/inference_started.json"", ""artifacts/publication_campaign/tcc_calibration_confirmatory_v1/runs/PUB-02/deep_short/rep_0069/attempt_000/input.csv"", ""artifacts/publication_campaign/tcc_calibration_confirmatory_v1/runs/PUB-02/deep_short/rep_0069/attempt_000/job.json"", ""artifacts/publication_campaign/tcc_calibration_confirmatory_v1/runs/PUB-02/deep_short/rep_0069/attempt_000/predictive_summary.csv"", ""artifacts/publication_campaign/tcc_calibration_confirmatory_v1/runs/PUB-02/deep_short/rep_0069/attempt_000/result.json"", ""artifacts/publication_campaign/tcc_calibration_confirmatory_v1/runs/PUB-02/deep_short/rep_0069/attempt_000/sampler_summary.csv"", ""artifacts/publication_campaign/tcc_calibration_confirmatory_v1/runs/PUB-02/deep_short/rep_0069/attempt_000/trace.nc"", ""artifacts/publication_campaign/tcc_calibration_confirmatory_v1/runs/PUB-02/deep_short/rep_0069/attempt_000/truth.json"", ""artifacts/publication_campaign/tcc_calibration_confirmatory_v1/runs/PUB-02/deep_short/rep_0069/attempt_000/worker_metadata.json""]",77.8117353932514,True,True
PUB-02__deep_short__rep_0070,PUB-02,deep_short,rep_0070,tcc_calibration_confirmatory_v1__PUB-02__deep_short__rep_0070,"{""generation"": 2002548838, ""inference"": 3939476296, ""predictive"": 515118993, ""resampling"": 664323803}",artifacts/publication_campaign/tcc_calibration_confirmatory_v1/runs/PUB-02/deep_short/rep_0070,COMPLETED_REJECTED,1,,artifacts/publication_campaign/tcc_calibration_confirmatory_v1/runs/PUB-02/deep_short/rep_0070/attempt_000,"[""artifacts/publication_campaign/tcc_calibration_confirmatory_v1/runs/PUB-02/deep_short/rep_0070/attempt_000/completion_manifest.json"", ""artifacts/publication_campaign/tcc_calibration_confirmatory_v1/runs/PUB-02/deep_short/rep_0070/attempt_000/environment_preflight.json"", ""artifacts/publication_campaign/tcc_calibration_confirmatory_v1/runs/PUB-02/deep_short/rep_0070/attempt_000/inference_command.json"", ""artifacts/publication_campaign/tcc_calibration_confirmatory_v1/runs/PUB-02/deep_short/rep_0070/attempt_000/inference_config.json"", ""artifacts/publication_campaign/tcc_calibration_confirmatory_v1/runs/PUB-02/deep_short/rep_0070/attempt_000/inference_started.json"", ""artifacts/publication_campaign/tcc_calibration_confirmatory_v1/runs/PUB-02/deep_short/rep_0070/attempt_000/input.csv"", ""artifacts/publication_campaign/tcc_calibration_confirmatory_v1/runs/PUB-02/deep_short/rep_0070/attempt_000/job.json"", ""artifacts/publication_campaign/tcc_calibration_confirmatory_v1/runs/PUB-02/deep_short/rep_0070/attempt_000/predictive_summary.csv"", ""artifacts/publication_campaign/tcc_calibration_confirmatory_v1/runs/PUB-02/deep_short/rep_0070/attempt_000/result.json"", ""artifacts/publication_campaign/tcc_calibration_confirmatory_v1/runs/PUB-02/deep_short/rep_0070/attempt_000/sampler_summary.csv"", ""artifacts/publication_campaign/tcc_calibration_confirmatory_v1/runs/PUB-02/deep_short/rep_0070/attempt_000/trace.nc"", ""artifacts/publication_campaign/tcc_calibration_confirmatory_v1/runs/PUB-02/deep_short/rep_0070/attempt_000/truth.json"", ""artifacts/publication_campaign/tcc_calibration_confirmatory_v1/runs/PUB-02/deep_short/rep_0070/attempt_000/worker_metadata.json""]",77.8117353932514,False,False
PUB-02__deep_short__rep_0071,PUB-02,deep_short,rep_0071,tcc_calibration_confirmatory_v1__PUB-02__deep_short__rep_0071,"{""generation"": 1002475541, ""inference"": 3646608305, ""predictive"": 221278534, ""resampling"": 3862428881}",artifacts/publication_campaign/tcc_calibration_confirmatory_v1/runs/PUB-02/deep_short/rep_0071,COMPLETED,1,,artifacts/publication_campaign/tcc_calibration_confirmatory_v1/runs/PUB-02/deep_short/rep_0071/attempt_000,"[""artifacts/publication_campaign/tcc_calibration_confirmatory_v1/runs/PUB-02/deep_short/rep_0071/attempt_000/completion_manifest.json"", ""artifacts/publication_campaign/tcc_calibration_confirmatory_v1/runs/PUB-02/deep_short/rep_0071/attempt_000/environment_preflight.json"", ""artifacts/publication_campaign/tcc_calibration_confirmatory_v1/runs/PUB-02/deep_short/rep_0071/attempt_000/inference_command.json"", ""artifacts/publication_campaign/tcc_calibration_confirmatory_v1/runs/PUB-02/deep_short/rep_0071/attempt_000/inference_config.json"", ""artifacts/publication_campaign/tcc_calibration_confirmatory_v1/runs/PUB-02/deep_short/rep_0071/attempt_000/inference_started.json"", ""artifacts/publication_campaign/tcc_calibration_confirmatory_v1/runs/PUB-02/deep_short/rep_0071/attempt_000/input.csv"", ""artifacts/publication_campaign/tcc_calibration_confirmatory_v1/runs/PUB-02/deep_short/rep_0071/attempt_000/job.json"", ""artifacts/publication_campaign/tcc_calibration_confirmatory_v1/runs/PUB-02/deep_short/rep_0071/attempt_000/predictive_summary.csv"", ""artifacts/publication_campaign/tcc_calibration_confirmatory_v1/runs/PUB-02/deep_short/rep_0071/attempt_000/result.json"", ""artifacts/publication_campaign/tcc_calibration_confirmatory_v1/runs/PUB-02/deep_short/rep_0071/attempt_000/sampler_summary.csv"", ""artifacts/publication_campaign/tcc_calibration_confirmatory_v1/runs/PUB-02/deep_short/rep_0071/attempt_000/trace.nc"", ""artifacts/publication_campaign/tcc_calibration_confirmatory_v1/runs/PUB-02/deep_short/rep_0071/attempt_000/truth.json"", ""artifacts/publication_campaign/tcc_calibration_confirmatory_v1/runs/PUB-02/deep_short/rep_0071/attempt_000/worker_metadata.json""]",77.8117353932514,True,True
PUB-02__deep_short__rep_0072,PUB-02,deep_short,rep_0072,tcc_calibration_confirmatory_v1__PUB-02__deep_short__rep_0072,"{""generation"": 2477354183, ""inference"": 771085557, ""predictive"": 1298216376, ""resampling"": 1676190657}",artifacts/publication_campaign/tcc_calibration_confirmatory_v1/runs/PUB-02/deep_short/rep_0072,COMPLETED_REJECTED,1,,artifacts/publication_campaign/tcc_calibration_confirmatory_v1/runs/PUB-02/deep_short/rep_0072/attempt_000,"[""artifacts/publication_campaign/tcc_calibration_confirmatory_v1/runs/PUB-02/deep_short/rep_0072/attempt_000/completion_manifest.json"", ""artifacts/publication_campaign/tcc_calibration_confirmatory_v1/runs/PUB-02/deep_short/rep_0072/attempt_000/environment_preflight.json"", ""artifacts/publication_campaign/tcc_calibration_confirmatory_v1/runs/PUB-02/deep_short/rep_0072/attempt_000/inference_command.json"", ""artifacts/publication_campaign/tcc_calibration_confirmatory_v1/runs/PUB-02/deep_short/rep_0072/attempt_000/inference_config.json"", ""artifacts/publication_campaign/tcc_calibration_confirmatory_v1/runs/PUB-02/deep_short/rep_0072/attempt_000/inference_started.json"", ""artifacts/publication_campaign/tcc_calibration_confirmatory_v1/runs/PUB-02/deep_short/rep_0072/attempt_000/input.csv"", ""artifacts/publication_campaign/tcc_calibration_confirmatory_v1/runs/PUB-02/deep_short/rep_0072/attempt_000/job.json"", ""artifacts/publication_campaign/tcc_calibration_confirmatory_v1/runs/PUB-02/deep_short/rep_0072/attempt_000/predictive_summary.csv"", ""artifacts/publication_campaign/tcc_calibration_confirmatory_v1/runs/PUB-02/deep_short/rep_0072/attempt_000/result.json"", ""artifacts/publication_campaign/tcc_calibration_confirmatory_v1/runs/PUB-02/deep_short/rep_0072/attempt_000/sampler_summary.csv"", ""artifacts/publication_campaign/tcc_calibration_confirmatory_v1/runs/PUB-02/deep_short/rep_0072/attempt_000/trace.nc"", ""artifacts/publication_campaign/tcc_calibration_confirmatory_v1/runs/PUB-02/deep_short/rep_0072/attempt_000/truth.json"", ""artifacts/publication_campaign/tcc_calibration_confirmatory_v1/runs/PUB-02/deep_short/rep_0072/attempt_000/worker_metadata.json""]",77.8117353932514,False,False
PUB-02__deep_short__rep_0073,PUB-02,deep_short,rep_0073,tcc_calibration_confirmatory_v1__PUB-02__deep_short__rep_0073,"{""generation"": 2437914272, ""inference"": 2697151483, ""predictive"": 3384290492, ""resampling"": 646268412}",artifacts/publication_campaign/tcc_calibration_confirmatory_v1/runs/PUB-02/deep_short/rep_0073,COMPLETED,1,,artifacts/publication_campaign/tcc_calibration_confirmatory_v1/runs/PUB-02/deep_short/rep_0073/attempt_000,"[""artifacts/publication_campaign/tcc_calibration_confirmatory_v1/runs/PUB-02/deep_short/rep_0073/attempt_000/completion_manifest.json"", ""artifacts/publication_campaign/tcc_calibration_confirmatory_v1/runs/PUB-02/deep_short/rep_0073/attempt_000/environment_preflight.json"", ""artifacts/publication_campaign/tcc_calibration_confirmatory_v1/runs/PUB-02/deep_short/rep_0073/attempt_000/inference_command.json"", ""artifacts/publication_campaign/tcc_calibration_confirmatory_v1/runs/PUB-02/deep_short/rep_0073/attempt_000/inference_config.json"", ""artifacts/publication_campaign/tcc_calibration_confirmatory_v1/runs/PUB-02/deep_short/rep_0073/attempt_000/inference_started.json"", ""artifacts/publication_campaign/tcc_calibration_confirmatory_v1/runs/PUB-02/deep_short/rep_0073/attempt_000/input.csv"", ""artifacts/publication_campaign/tcc_calibration_confirmatory_v1/runs/PUB-02/deep_short/rep_0073/attempt_000/job.json"", ""artifacts/publication_campaign/tcc_calibration_confirmatory_v1/runs/PUB-02/deep_short/rep_0073/attempt_000/predictive_summary.csv"", ""artifacts/publication_campaign/tcc_calibration_confirmatory_v1/runs/PUB-02/deep_short/rep_0073/attempt_000/result.json"", ""artifacts/publication_campaign/tcc_calibration_confirmatory_v1/runs/PUB-02/deep_short/rep_0073/attempt_000/sampler_summary.csv"", ""artifacts/publication_campaign/tcc_calibration_confirmatory_v1/runs/PUB-02/deep_short/rep_0073/attempt_000/trace.nc"", ""artifacts/publication_campaign/tcc_calibration_confirmatory_v1/runs/PUB-02/deep_short/rep_0073/attempt_000/truth.json"", ""artifacts/publication_campaign/tcc_calibration_confirmatory_v1/runs/PUB-02/deep_short/rep_0073/attempt_000/worker_metadata.json""]",77.8117353932514,True,True
PUB-02__deep_short__rep_0074,PUB-02,deep_short,rep_0074,tcc_calibration_confirmatory_v1__PUB-02__deep_short__rep_0074,"{""generation"": 2878197315, ""inference"": 1934993078, ""predictive"": 3242184802, ""resampling"": 3940352185}",artifacts/publication_campaign/tcc_calibration_confirmatory_v1/runs/PUB-02/deep_short/rep_0074,COMPLETED_REJECTED,1,,artifacts/publication_campaign/tcc_calibration_confirmatory_v1/runs/PUB-02/deep_short/rep_0074/attempt_000,"[""artifacts/publication_campaign/tcc_calibration_confirmatory_v1/runs/PUB-02/deep_short/rep_0074/attempt_000/completion_manifest.json"", ""artifacts/publication_campaign/tcc_calibration_confirmatory_v1/runs/PUB-02/deep_short/rep_0074/attempt_000/environment_preflight.json"", ""artifacts/publication_campaign/tcc_calibration_confirmatory_v1/runs/PUB-02/deep_short/rep_0074/attempt_000/inference_command.json"", ""artifacts/publication_campaign/tcc_calibration_confirmatory_v1/runs/PUB-02/deep_short/rep_0074/attempt_000/inference_config.json"", ""artifacts/publication_campaign/tcc_calibration_confirmatory_v1/runs/PUB-02/deep_short/rep_0074/attempt_000/inference_started.json"", ""artifacts/publication_campaign/tcc_calibration_confirmatory_v1/runs/PUB-02/deep_short/rep_0074/attempt_000/input.csv"", ""artifacts/publication_campaign/tcc_calibration_confirmatory_v1/runs/PUB-02/deep_short/rep_0074/attempt_000/job.json"", ""artifacts/publication_campaign/tcc_calibration_confirmatory_v1/runs/PUB-02/deep_short/rep_0074/attempt_000/predictive_summary.csv"", ""artifacts/publication_campaign/tcc_calibration_confirmatory_v1/runs/PUB-02/deep_short/rep_0074/attempt_000/result.json"", ""artifacts/publication_campaign/tcc_calibration_confirmatory_v1/runs/PUB-02/deep_short/rep_0074/attempt_000/sampler_summary.csv"", ""artifacts/publication_campaign/tcc_calibration_confirmatory_v1/runs/PUB-02/deep_short/rep_0074/attempt_000/trace.nc"", ""artifacts/publication_campaign/tcc_calibration_confirmatory_v1/runs/PUB-02/deep_short/rep_0074/attempt_000/truth.json"", ""artifacts/publication_campaign/tcc_calibration_confirmatory_v1/runs/PUB-02/deep_short/rep_0074/attempt_000/worker_metadata.json""]",77.8117353932514,False,False
PUB-02__deep_short__rep_0075,PUB-02,deep_short,rep_0075,tcc_calibration_confirmatory_v1__PUB-02__deep_short__rep_0075,"{""generation"": 326293586, ""inference"": 2044412673, ""predictive"": 4207126483, ""resampling"": 156934683}",artifacts/publication_campaign/tcc_calibration_confirmatory_v1/runs/PUB-02/deep_short/rep_0075,COMPLETED,1,,artifacts/publication_campaign/tcc_calibration_confirmatory_v1/runs/PUB-02/deep_short/rep_0075/attempt_000,"[""artifacts/publication_campaign/tcc_calibration_confirmatory_v1/runs/PUB-02/deep_short/rep_0075/attempt_000/completion_manifest.json"", ""artifacts/publication_campaign/tcc_calibration_confirmatory_v1/runs/PUB-02/deep_short/rep_0075/attempt_000/environment_preflight.json"", ""artifacts/publication_campaign/tcc_calibration_confirmatory_v1/runs/PUB-02/deep_short/rep_0075/attempt_000/inference_command.json"", ""artifacts/publication_campaign/tcc_calibration_confirmatory_v1/runs/PUB-02/deep_short/rep_0075/attempt_000/inference_config.json"", ""artifacts/publication_campaign/tcc_calibration_confirmatory_v1/runs/PUB-02/deep_short/rep_0075/attempt_000/inference_started.json"", ""artifacts/publication_campaign/tcc_calibration_confirmatory_v1/runs/PUB-02/deep_short/rep_0075/attempt_000/input.csv"", ""artifacts/publication_campaign/tcc_calibration_confirmatory_v1/runs/PUB-02/deep_short/rep_0075/attempt_000/job.json"", ""artifacts/publication_campaign/tcc_calibration_confirmatory_v1/runs/PUB-02/deep_short/rep_0075/attempt_000/predictive_summary.csv"", ""artifacts/publication_campaign/tcc_calibration_confirmatory_v1/runs/PUB-02/deep_short/rep_0075/attempt_000/result.json"", ""artifacts/publication_campaign/tcc_calibration_confirmatory_v1/runs/PUB-02/deep_short/rep_0075/attempt_000/sampler_summary.csv"", ""artifacts/publication_campaign/tcc_calibration_confirmatory_v1/runs/PUB-02/deep_short/rep_0075/attempt_000/trace.nc"", ""artifacts/publication_campaign/tcc_calibration_confirmatory_v1/runs/PUB-02/deep_short/rep_0075/attempt_000/truth.json"", ""artifacts/publication_campaign/tcc_calibration_confirmatory_v1/runs/PUB-02/deep_short/rep_0075/attempt_000/worker_metadata.json""]",77.8117353932514,True,True
PUB-02__deep_short__rep_0076,PUB-02,deep_short,rep_0076,tcc_calibration_confirmatory_v1__PUB-02__deep_short__rep_0076,"{""generation"": 2588758566, ""inference"": 4117421627, ""predictive"": 3419321804, ""resampling"": 2958882283}",artifacts/publication_campaign/tcc_calibration_confirmatory_v1/runs/PUB-02/deep_short/rep_0076,COMPLETED_REJECTED,1,,artifacts/publication_campaign/tcc_calibration_confirmatory_v1/runs/PUB-02/deep_short/rep_0076/attempt_000,"[""artifacts/publication_campaign/tcc_calibration_confirmatory_v1/runs/PUB-02/deep_short/rep_0076/attempt_000/completion_manifest.json"", ""artifacts/publication_campaign/tcc_calibration_confirmatory_v1/runs/PUB-02/deep_short/rep_0076/attempt_000/environment_preflight.json"", ""artifacts/publication_campaign/tcc_calibration_confirmatory_v1/runs/PUB-02/deep_short/rep_0076/attempt_000/inference_command.json"", ""artifacts/publication_campaign/tcc_calibration_confirmatory_v1/runs/PUB-02/deep_short/rep_0076/attempt_000/inference_config.json"", ""artifacts/publication_campaign/tcc_calibration_confirmatory_v1/runs/PUB-02/deep_short/rep_0076/attempt_000/inference_started.json"", ""artifacts/publication_campaign/tcc_calibration_confirmatory_v1/runs/PUB-02/deep_short/rep_0076/attempt_000/input.csv"", ""artifacts/publication_campaign/tcc_calibration_confirmatory_v1/runs/PUB-02/deep_short/rep_0076/attempt_000/job.json"", ""artifacts/publication_campaign/tcc_calibration_confirmatory_v1/runs/PUB-02/deep_short/rep_0076/attempt_000/predictive_summary.csv"", ""artifacts/publication_campaign/tcc_calibration_confirmatory_v1/runs/PUB-02/deep_short/rep_0076/attempt_000/result.json"", ""artifacts/publication_campaign/tcc_calibration_confirmatory_v1/runs/PUB-02/deep_short/rep_0076/attempt_000/sampler_summary.csv"", ""artifacts/publication_campaign/tcc_calibration_confirmatory_v1/runs/PUB-02/deep_short/rep_0076/attempt_000/trace.nc"", ""artifacts/publication_campaign/tcc_calibration_confirmatory_v1/runs/PUB-02/deep_short/rep_0076/attempt_000/truth.json"", ""artifacts/publication_campaign/tcc_calibration_confirmatory_v1/runs/PUB-02/deep_short/rep_0076/attempt_000/worker_metadata.json""]",77.8117353932514,False,False
PUB-02__deep_short__rep_0077,PUB-02,deep_short,rep_0077,tcc_calibration_confirmatory_v1__PUB-02__deep_short__rep_0077,"{""generation"": 933511319, ""inference"": 4223389621, ""predictive"": 1596035440, ""resampling"": 312897129}",artifacts/publication_campaign/tcc_calibration_confirmatory_v1/runs/PUB-02/deep_short/rep_0077,COMPLETED,1,,artifacts/publication_campaign/tcc_calibration_confirmatory_v1/runs/PUB-02/deep_short/rep_0077/attempt_000,"[""artifacts/publication_campaign/tcc_calibration_confirmatory_v1/runs/PUB-02/deep_short/rep_0077/attempt_000/completion_manifest.json"", ""artifacts/publication_campaign/tcc_calibration_confirmatory_v1/runs/PUB-02/deep_short/rep_0077/attempt_000/environment_preflight.json"", ""artifacts/publication_campaign/tcc_calibration_confirmatory_v1/runs/PUB-02/deep_short/rep_0077/attempt_000/inference_command.json"", ""artifacts/publication_campaign/tcc_calibration_confirmatory_v1/runs/PUB-02/deep_short/rep_0077/attempt_000/inference_config.json"", ""artifacts/publication_campaign/tcc_calibration_confirmatory_v1/runs/PUB-02/deep_short/rep_0077/attempt_000/inference_started.json"", ""artifacts/publication_campaign/tcc_calibration_confirmatory_v1/runs/PUB-02/deep_short/rep_0077/attempt_000/input.csv"", ""artifacts/publication_campaign/tcc_calibration_confirmatory_v1/runs/PUB-02/deep_short/rep_0077/attempt_000/job.json"", ""artifacts/publication_campaign/tcc_calibration_confirmatory_v1/runs/PUB-02/deep_short/rep_0077/attempt_000/predictive_summary.csv"", ""artifacts/publication_campaign/tcc_calibration_confirmatory_v1/runs/PUB-02/deep_short/rep_0077/attempt_000/result.json"", ""artifacts/publication_campaign/tcc_calibration_confirmatory_v1/runs/PUB-02/deep_short/rep_0077/attempt_000/sampler_summary.csv"", ""artifacts/publication_campaign/tcc_calibration_confirmatory_v1/runs/PUB-02/deep_short/rep_0077/attempt_000/trace.nc"", ""artifacts/publication_campaign/tcc_calibration_confirmatory_v1/runs/PUB-02/deep_short/rep_0077/attempt_000/truth.json"", ""artifacts/publication_campaign/tcc_calibration_confirmatory_v1/runs/PUB-02/deep_short/rep_0077/attempt_000/worker_metadata.json""]",77.8117353932514,True,True
PUB-02__deep_short__rep_0078,PUB-02,deep_short,rep_0078,tcc_calibration_confirmatory_v1__PUB-02__deep_short__rep_0078,"{""generation"": 98516312, ""inference"": 1616390953, ""predictive"": 3432301090, ""resampling"": 160828301}",artifacts/publication_campaign/tcc_calibration_confirmatory_v1/runs/PUB-02/deep_short/rep_0078,COMPLETED,1,,artifacts/publication_campaign/tcc_calibration_confirmatory_v1/runs/PUB-02/deep_short/rep_0078/attempt_000,"[""artifacts/publication_campaign/tcc_calibration_confirmatory_v1/runs/PUB-02/deep_short/rep_0078/attempt_000/completion_manifest.json"", ""artifacts/publication_campaign/tcc_calibration_confirmatory_v1/runs/PUB-02/deep_short/rep_0078/attempt_000/environment_preflight.json"", ""artifacts/publication_campaign/tcc_calibration_confirmatory_v1/runs/PUB-02/deep_short/rep_0078/attempt_000/inference_command.json"", ""artifacts/publication_campaign/tcc_calibration_confirmatory_v1/runs/PUB-02/deep_short/rep_0078/attempt_000/inference_config.json"", ""artifacts/publication_campaign/tcc_calibration_confirmatory_v1/runs/PUB-02/deep_short/rep_0078/attempt_000/inference_started.json"", ""artifacts/publication_campaign/tcc_calibration_confirmatory_v1/runs/PUB-02/deep_short/rep_0078/attempt_000/input.csv"", ""artifacts/publication_campaign/tcc_calibration_confirmatory_v1/runs/PUB-02/deep_short/rep_0078/attempt_000/job.json"", ""artifacts/publication_campaign/tcc_calibration_confirmatory_v1/runs/PUB-02/deep_short/rep_0078/attempt_000/predictive_summary.csv"", ""artifacts/publication_campaign/tcc_calibration_confirmatory_v1/runs/PUB-02/deep_short/rep_0078/attempt_000/result.json"", ""artifacts/publication_campaign/tcc_calibration_confirmatory_v1/runs/PUB-02/deep_short/rep_0078/attempt_000/sampler_summary.csv"", ""artifacts/publication_campaign/tcc_calibration_confirmatory_v1/runs/PUB-02/deep_short/rep_0078/attempt_000/trace.nc"", ""artifacts/publication_campaign/tcc_calibration_confirmatory_v1/runs/PUB-02/deep_short/rep_0078/attempt_000/truth.json"", ""artifacts/publication_campaign/tcc_calibration_confirmatory_v1/runs/PUB-02/deep_short/rep_0078/attempt_000/worker_metadata.json""]",77.8117353932514,True,True
PUB-02__deep_short__rep_0079,PUB-02,deep_short,rep_0079,tcc_calibration_confirmatory_v1__PUB-02__deep_short__rep_0079,"{""generation"": 3171489387, ""inference"": 1566328275, ""predictive"": 281694588, ""resampling"": 71103594}",artifacts/publication_campaign/tcc_calibration_confirmatory_v1/runs/PUB-02/deep_short/rep_0079,COMPLETED,1,,artifacts/publication_campaign/tcc_calibration_confirmatory_v1/runs/PUB-02/deep_short/rep_0079/attempt_000,"[""artifacts/publication_campaign/tcc_calibration_confirmatory_v1/runs/PUB-02/deep_short/rep_0079/attempt_000/completion_manifest.json"", ""artifacts/publication_campaign/tcc_calibration_confirmatory_v1/runs/PUB-02/deep_short/rep_0079/attempt_000/environment_preflight.json"", ""artifacts/publication_campaign/tcc_calibration_confirmatory_v1/runs/PUB-02/deep_short/rep_0079/attempt_000/inference_command.json"", ""artifacts/publication_campaign/tcc_calibration_confirmatory_v1/runs/PUB-02/deep_short/rep_0079/attempt_000/inference_config.json"", ""artifacts/publication_campaign/tcc_calibration_confirmatory_v1/runs/PUB-02/deep_short/rep_0079/attempt_000/inference_started.json"", ""artifacts/publication_campaign/tcc_calibration_confirmatory_v1/runs/PUB-02/deep_short/rep_0079/attempt_000/input.csv"", ""artifacts/publication_campaign/tcc_calibration_confirmatory_v1/runs/PUB-02/deep_short/rep_0079/attempt_000/job.json"", ""artifacts/publication_campaign/tcc_calibration_confirmatory_v1/runs/PUB-02/deep_short/rep_0079/attempt_000/predictive_summary.csv"", ""artifacts/publication_campaign/tcc_calibration_confirmatory_v1/runs/PUB-02/deep_short/rep_0079/attempt_000/result.json"", ""artifacts/publication_campaign/tcc_calibration_confirmatory_v1/runs/PUB-02/deep_short/rep_0079/attempt_000/sampler_summary.csv"", ""artifacts/publication_campaign/tcc_calibration_confirmatory_v1/runs/PUB-02/deep_short/rep_0079/attempt_000/trace.nc"", ""artifacts/publication_campaign/tcc_calibration_confirmatory_v1/runs/PUB-02/deep_short/rep_0079/attempt_000/truth.json"", ""artifacts/publication_campaign/tcc_calibration_confirmatory_v1/runs/PUB-02/deep_short/rep_0079/attempt_000/worker_metadata.json""]",77.8117353932514,True,True
PUB-02__deep_short__rep_0080,PUB-02,deep_short,rep_0080,tcc_calibration_confirmatory_v1__PUB-02__deep_short__rep_0080,"{""generation"": 641127965, ""inference"": 2135929323, ""predictive"": 2977142620, ""resampling"": 566102151}",artifacts/publication_campaign/tcc_calibration_confirmatory_v1/runs/PUB-02/deep_short/rep_0080,COMPLETED,1,,artifacts/publication_campaign/tcc_calibration_confirmatory_v1/runs/PUB-02/deep_short/rep_0080/attempt_000,"[""artifacts/publication_campaign/tcc_calibration_confirmatory_v1/runs/PUB-02/deep_short/rep_0080/attempt_000/completion_manifest.json"", ""artifacts/publication_campaign/tcc_calibration_confirmatory_v1/runs/PUB-02/deep_short/rep_0080/attempt_000/environment_preflight.json"", ""artifacts/publication_campaign/tcc_calibration_confirmatory_v1/runs/PUB-02/deep_short/rep_0080/attempt_000/inference_command.json"", ""artifacts/publication_campaign/tcc_calibration_confirmatory_v1/runs/PUB-02/deep_short/rep_0080/attempt_000/inference_config.json"", ""artifacts/publication_campaign/tcc_calibration_confirmatory_v1/runs/PUB-02/deep_short/rep_0080/attempt_000/inference_started.json"", ""artifacts/publication_campaign/tcc_calibration_confirmatory_v1/runs/PUB-02/deep_short/rep_0080/attempt_000/input.csv"", ""artifacts/publication_campaign/tcc_calibration_confirmatory_v1/runs/PUB-02/deep_short/rep_0080/attempt_000/job.json"", ""artifacts/publication_campaign/tcc_calibration_confirmatory_v1/runs/PUB-02/deep_short/rep_0080/attempt_000/predictive_summary.csv"", ""artifacts/publication_campaign/tcc_calibration_confirmatory_v1/runs/PUB-02/deep_short/rep_0080/attempt_000/result.json"", ""artifacts/publication_campaign/tcc_calibration_confirmatory_v1/runs/PUB-02/deep_short/rep_0080/attempt_000/sampler_summary.csv"", ""artifacts/publication_campaign/tcc_calibration_confirmatory_v1/runs/PUB-02/deep_short/rep_0080/attempt_000/trace.nc"", ""artifacts/publication_campaign/tcc_calibration_confirmatory_v1/runs/PUB-02/deep_short/rep_0080/attempt_000/truth.json"", ""artifacts/publication_campaign/tcc_calibration_confirmatory_v1/runs/PUB-02/deep_short/rep_0080/attempt_000/worker_metadata.json""]",77.8117353932514,True,True
PUB-02__deep_short__rep_0081,PUB-02,deep_short,rep_0081,tcc_calibration_confirmatory_v1__PUB-02__deep_short__rep_0081,"{""generation"": 1393844008, ""inference"": 2633131726, ""predictive"": 2669157577, ""resampling"": 4290536284}",artifacts/publication_campaign/tcc_calibration_confirmatory_v1/runs/PUB-02/deep_short/rep_0081,COMPLETED,1,,artifacts/publication_campaign/tcc_calibration_confirmatory_v1/runs/PUB-02/deep_short/rep_0081/attempt_000,"[""artifacts/publication_campaign/tcc_calibration_confirmatory_v1/runs/PUB-02/deep_short/rep_0081/attempt_000/completion_manifest.json"", ""artifacts/publication_campaign/tcc_calibration_confirmatory_v1/runs/PUB-02/deep_short/rep_0081/attempt_000/environment_preflight.json"", ""artifacts/publication_campaign/tcc_calibration_confirmatory_v1/runs/PUB-02/deep_short/rep_0081/attempt_000/inference_command.json"", ""artifacts/publication_campaign/tcc_calibration_confirmatory_v1/runs/PUB-02/deep_short/rep_0081/attempt_000/inference_config.json"", ""artifacts/publication_campaign/tcc_calibration_confirmatory_v1/runs/PUB-02/deep_short/rep_0081/attempt_000/inference_started.json"", ""artifacts/publication_campaign/tcc_calibration_confirmatory_v1/runs/PUB-02/deep_short/rep_0081/attempt_000/input.csv"", ""artifacts/publication_campaign/tcc_calibration_confirmatory_v1/runs/PUB-02/deep_short/rep_0081/attempt_000/job.json"", ""artifacts/publication_campaign/tcc_calibration_confirmatory_v1/runs/PUB-02/deep_short/rep_0081/attempt_000/predictive_summary.csv"", ""artifacts/publication_campaign/tcc_calibration_confirmatory_v1/runs/PUB-02/deep_short/rep_0081/attempt_000/result.json"", ""artifacts/publication_campaign/tcc_calibration_confirmatory_v1/runs/PUB-02/deep_short/rep_0081/attempt_000/sampler_summary.csv"", ""artifacts/publication_campaign/tcc_calibration_confirmatory_v1/runs/PUB-02/deep_short/rep_0081/attempt_000/trace.nc"", ""artifacts/publication_campaign/tcc_calibration_confirmatory_v1/runs/PUB-02/deep_short/rep_0081/attempt_000/truth.json"", ""artifacts/publication_campaign/tcc_calibration_confirmatory_v1/runs/PUB-02/deep_short/rep_0081/attempt_000/worker_metadata.json""]",77.8117353932514,True,True
PUB-02__deep_short__rep_0082,PUB-02,deep_short,rep_0082,tcc_calibration_confirmatory_v1__PUB-02__deep_short__rep_0082,"{""generation"": 571857384, ""inference"": 1184697732, ""predictive"": 1215898909, ""resampling"": 2511028025}",artifacts/publication_campaign/tcc_calibration_confirmatory_v1/runs/PUB-02/deep_short/rep_0082,COMPLETED,1,,artifacts/publication_campaign/tcc_calibration_confirmatory_v1/runs/PUB-02/deep_short/rep_0082/attempt_000,"[""artifacts/publication_campaign/tcc_calibration_confirmatory_v1/runs/PUB-02/deep_short/rep_0082/attempt_000/completion_manifest.json"", ""artifacts/publication_campaign/tcc_calibration_confirmatory_v1/runs/PUB-02/deep_short/rep_0082/attempt_000/environment_preflight.json"", ""artifacts/publication_campaign/tcc_calibration_confirmatory_v1/runs/PUB-02/deep_short/rep_0082/attempt_000/inference_command.json"", ""artifacts/publication_campaign/tcc_calibration_confirmatory_v1/runs/PUB-02/deep_short/rep_0082/attempt_000/inference_config.json"", ""artifacts/publication_campaign/tcc_calibration_confirmatory_v1/runs/PUB-02/deep_short/rep_0082/attempt_000/inference_started.json"", ""artifacts/publication_campaign/tcc_calibration_confirmatory_v1/runs/PUB-02/deep_short/rep_0082/attempt_000/input.csv"", ""artifacts/publication_campaign/tcc_calibration_confirmatory_v1/runs/PUB-02/deep_short/rep_0082/attempt_000/job.json"", ""artifacts/publication_campaign/tcc_calibration_confirmatory_v1/runs/PUB-02/deep_short/rep_0082/attempt_000/predictive_summary.csv"", ""artifacts/publication_campaign/tcc_calibration_confirmatory_v1/runs/PUB-02/deep_short/rep_0082/attempt_000/result.json"", ""artifacts/publication_campaign/tcc_calibration_confirmatory_v1/runs/PUB-02/deep_short/rep_0082/attempt_000/sampler_summary.csv"", ""artifacts/publication_campaign/tcc_calibration_confirmatory_v1/runs/PUB-02/deep_short/rep_0082/attempt_000/trace.nc"", ""artifacts/publication_campaign/tcc_calibration_confirmatory_v1/runs/PUB-02/deep_short/rep_0082/attempt_000/truth.json"", ""artifacts/publication_campaign/tcc_calibration_confirmatory_v1/runs/PUB-02/deep_short/rep_0082/attempt_000/worker_metadata.json""]",77.8117353932514,True,True
PUB-02__deep_short__rep_0083,PUB-02,deep_short,rep_0083,tcc_calibration_confirmatory_v1__PUB-02__deep_short__rep_0083,"{""generation"": 3420186518, ""inference"": 444229100, ""predictive"": 852756142, ""resampling"": 688997869}",artifacts/publication_campaign/tcc_calibration_confirmatory_v1/runs/PUB-02/deep_short/rep_0083,COMPLETED,1,,artifacts/publication_campaign/tcc_calibration_confirmatory_v1/runs/PUB-02/deep_short/rep_0083/attempt_000,"[""artifacts/publication_campaign/tcc_calibration_confirmatory_v1/runs/PUB-02/deep_short/rep_0083/attempt_000/completion_manifest.json"", ""artifacts/publication_campaign/tcc_calibration_confirmatory_v1/runs/PUB-02/deep_short/rep_0083/attempt_000/environment_preflight.json"", ""artifacts/publication_campaign/tcc_calibration_confirmatory_v1/runs/PUB-02/deep_short/rep_0083/attempt_000/inference_command.json"", ""artifacts/publication_campaign/tcc_calibration_confirmatory_v1/runs/PUB-02/deep_short/rep_0083/attempt_000/inference_config.json"", ""artifacts/publication_campaign/tcc_calibration_confirmatory_v1/runs/PUB-02/deep_short/rep_0083/attempt_000/inference_started.json"", ""artifacts/publication_campaign/tcc_calibration_confirmatory_v1/runs/PUB-02/deep_short/rep_0083/attempt_000/input.csv"", ""artifacts/publication_campaign/tcc_calibration_confirmatory_v1/runs/PUB-02/deep_short/rep_0083/attempt_000/job.json"", ""artifacts/publication_campaign/tcc_calibration_confirmatory_v1/runs/PUB-02/deep_short/rep_0083/attempt_000/predictive_summary.csv"", ""artifacts/publication_campaign/tcc_calibration_confirmatory_v1/runs/PUB-02/deep_short/rep_0083/attempt_000/result.json"", ""artifacts/publication_campaign/tcc_calibration_confirmatory_v1/runs/PUB-02/deep_short/rep_0083/attempt_000/sampler_summary.csv"", ""artifacts/publication_campaign/tcc_calibration_confirmatory_v1/runs/PUB-02/deep_short/rep_0083/attempt_000/trace.nc"", ""artifacts/publication_campaign/tcc_calibration_confirmatory_v1/runs/PUB-02/deep_short/rep_0083/attempt_000/truth.json"", ""artifacts/publication_campaign/tcc_calibration_confirmatory_v1/runs/PUB-02/deep_short/rep_0083/attempt_000/worker_metadata.json""]",77.8117353932514,True,True
PUB-02__deep_short__rep_0084,PUB-02,deep_short,rep_0084,tcc_calibration_confirmatory_v1__PUB-02__deep_short__rep_0084,"{""generation"": 4122438531, ""inference"": 3078132092, ""predictive"": 4074666125, ""resampling"": 298107009}",artifacts/publication_campaign/tcc_calibration_confirmatory_v1/runs/PUB-02/deep_short/rep_0084,COMPLETED,1,,artifacts/publication_campaign/tcc_calibration_confirmatory_v1/runs/PUB-02/deep_short/rep_0084/attempt_000,"[""artifacts/publication_campaign/tcc_calibration_confirmatory_v1/runs/PUB-02/deep_short/rep_0084/attempt_000/completion_manifest.json"", ""artifacts/publication_campaign/tcc_calibration_confirmatory_v1/runs/PUB-02/deep_short/rep_0084/attempt_000/environment_preflight.json"", ""artifacts/publication_campaign/tcc_calibration_confirmatory_v1/runs/PUB-02/deep_short/rep_0084/attempt_000/inference_command.json"", ""artifacts/publication_campaign/tcc_calibration_confirmatory_v1/runs/PUB-02/deep_short/rep_0084/attempt_000/inference_config.json"", ""artifacts/publication_campaign/tcc_calibration_confirmatory_v1/runs/PUB-02/deep_short/rep_0084/attempt_000/inference_started.json"", ""artifacts/publication_campaign/tcc_calibration_confirmatory_v1/runs/PUB-02/deep_short/rep_0084/attempt_000/input.csv"", ""artifacts/publication_campaign/tcc_calibration_confirmatory_v1/runs/PUB-02/deep_short/rep_0084/attempt_000/job.json"", ""artifacts/publication_campaign/tcc_calibration_confirmatory_v1/runs/PUB-02/deep_short/rep_0084/attempt_000/predictive_summary.csv"", ""artifacts/publication_campaign/tcc_calibration_confirmatory_v1/runs/PUB-02/deep_short/rep_0084/attempt_000/result.json"", ""artifacts/publication_campaign/tcc_calibration_confirmatory_v1/runs/PUB-02/deep_short/rep_0084/attempt_000/sampler_summary.csv"", ""artifacts/publication_campaign/tcc_calibration_confirmatory_v1/runs/PUB-02/deep_short/rep_0084/attempt_000/trace.nc"", ""artifacts/publication_campaign/tcc_calibration_confirmatory_v1/runs/PUB-02/deep_short/rep_0084/attempt_000/truth.json"", ""artifacts/publication_campaign/tcc_calibration_confirmatory_v1/runs/PUB-02/deep_short/rep_0084/attempt_000/worker_metadata.json""]",77.8117353932514,True,True
PUB-02__deep_short__rep_0085,PUB-02,deep_short,rep_0085,tcc_calibration_confirmatory_v1__PUB-02__deep_short__rep_0085,"{""generation"": 3937305668, ""inference"": 2019047735, ""predictive"": 1997636579, ""resampling"": 2494403374}",artifacts/publication_campaign/tcc_calibration_confirmatory_v1/runs/PUB-02/deep_short/rep_0085,COMPLETED,1,,artifacts/publication_campaign/tcc_calibration_confirmatory_v1/runs/PUB-02/deep_short/rep_0085/attempt_000,"[""artifacts/publication_campaign/tcc_calibration_confirmatory_v1/runs/PUB-02/deep_short/rep_0085/attempt_000/completion_manifest.json"", ""artifacts/publication_campaign/tcc_calibration_confirmatory_v1/runs/PUB-02/deep_short/rep_0085/attempt_000/environment_preflight.json"", ""artifacts/publication_campaign/tcc_calibration_confirmatory_v1/runs/PUB-02/deep_short/rep_0085/attempt_000/inference_command.json"", ""artifacts/publication_campaign/tcc_calibration_confirmatory_v1/runs/PUB-02/deep_short/rep_0085/attempt_000/inference_config.json"", ""artifacts/publication_campaign/tcc_calibration_confirmatory_v1/runs/PUB-02/deep_short/rep_0085/attempt_000/inference_started.json"", ""artifacts/publication_campaign/tcc_calibration_confirmatory_v1/runs/PUB-02/deep_short/rep_0085/attempt_000/input.csv"", ""artifacts/publication_campaign/tcc_calibration_confirmatory_v1/runs/PUB-02/deep_short/rep_0085/attempt_000/job.json"", ""artifacts/publication_campaign/tcc_calibration_confirmatory_v1/runs/PUB-02/deep_short/rep_0085/attempt_000/predictive_summary.csv"", ""artifacts/publication_campaign/tcc_calibration_confirmatory_v1/runs/PUB-02/deep_short/rep_0085/attempt_000/result.json"", ""artifacts/publication_campaign/tcc_calibration_confirmatory_v1/runs/PUB-02/deep_short/rep_0085/attempt_000/sampler_summary.csv"", ""artifacts/publication_campaign/tcc_calibration_confirmatory_v1/runs/PUB-02/deep_short/rep_0085/attempt_000/trace.nc"", ""artifacts/publication_campaign/tcc_calibration_confirmatory_v1/runs/PUB-02/deep_short/rep_0085/attempt_000/truth.json"", ""artifacts/publication_campaign/tcc_calibration_confirmatory_v1/runs/PUB-02/deep_short/rep_0085/attempt_000/worker_metadata.json""]",77.8117353932514,True,True
PUB-02__deep_short__rep_0086,PUB-02,deep_short,rep_0086,tcc_calibration_confirmatory_v1__PUB-02__deep_short__rep_0086,"{""generation"": 1509535428, ""inference"": 4100275375, ""predictive"": 3953126602, ""resampling"": 3128820991}",artifacts/publication_campaign/tcc_calibration_confirmatory_v1/runs/PUB-02/deep_short/rep_0086,COMPLETED,1,,artifacts/publication_campaign/tcc_calibration_confirmatory_v1/runs/PUB-02/deep_short/rep_0086/attempt_000,"[""artifacts/publication_campaign/tcc_calibration_confirmatory_v1/runs/PUB-02/deep_short/rep_0086/attempt_000/completion_manifest.json"", ""artifacts/publication_campaign/tcc_calibration_confirmatory_v1/runs/PUB-02/deep_short/rep_0086/attempt_000/environment_preflight.json"", ""artifacts/publication_campaign/tcc_calibration_confirmatory_v1/runs/PUB-02/deep_short/rep_0086/attempt_000/inference_command.json"", ""artifacts/publication_campaign/tcc_calibration_confirmatory_v1/runs/PUB-02/deep_short/rep_0086/attempt_000/inference_config.json"", ""artifacts/publication_campaign/tcc_calibration_confirmatory_v1/runs/PUB-02/deep_short/rep_0086/attempt_000/inference_started.json"", ""artifacts/publication_campaign/tcc_calibration_confirmatory_v1/runs/PUB-02/deep_short/rep_0086/attempt_000/input.csv"", ""artifacts/publication_campaign/tcc_calibration_confirmatory_v1/runs/PUB-02/deep_short/rep_0086/attempt_000/job.json"", ""artifacts/publication_campaign/tcc_calibration_confirmatory_v1/runs/PUB-02/deep_short/rep_0086/attempt_000/predictive_summary.csv"", ""artifacts/publication_campaign/tcc_calibration_confirmatory_v1/runs/PUB-02/deep_short/rep_0086/attempt_000/result.json"", ""artifacts/publication_campaign/tcc_calibration_confirmatory_v1/runs/PUB-02/deep_short/rep_0086/attempt_000/sampler_summary.csv"", ""artifacts/publication_campaign/tcc_calibration_confirmatory_v1/runs/PUB-02/deep_short/rep_0086/attempt_000/trace.nc"", ""artifacts/publication_campaign/tcc_calibration_confirmatory_v1/runs/PUB-02/deep_short/rep_0086/attempt_000/truth.json"", ""artifacts/publication_campaign/tcc_calibration_confirmatory_v1/runs/PUB-02/deep_short/rep_0086/attempt_000/worker_metadata.json""]",77.8117353932514,True,True
PUB-02__deep_short__rep_0087,PUB-02,deep_short,rep_0087,tcc_calibration_confirmatory_v1__PUB-02__deep_short__rep_0087,"{""generation"": 1938549131, ""inference"": 2842808696, ""predictive"": 3719004551, ""resampling"": 1138330195}",artifacts/publication_campaign/tcc_calibration_confirmatory_v1/runs/PUB-02/deep_short/rep_0087,COMPLETED_REJECTED,1,,artifacts/publication_campaign/tcc_calibration_confirmatory_v1/runs/PUB-02/deep_short/rep_0087/attempt_000,"[""artifacts/publication_campaign/tcc_calibration_confirmatory_v1/runs/PUB-02/deep_short/rep_0087/attempt_000/completion_manifest.json"", ""artifacts/publication_campaign/tcc_calibration_confirmatory_v1/runs/PUB-02/deep_short/rep_0087/attempt_000/environment_preflight.json"", ""artifacts/publication_campaign/tcc_calibration_confirmatory_v1/runs/PUB-02/deep_short/rep_0087/attempt_000/inference_command.json"", ""artifacts/publication_campaign/tcc_calibration_confirmatory_v1/runs/PUB-02/deep_short/rep_0087/attempt_000/inference_config.json"", ""artifacts/publication_campaign/tcc_calibration_confirmatory_v1/runs/PUB-02/deep_short/rep_0087/attempt_000/inference_started.json"", ""artifacts/publication_campaign/tcc_calibration_confirmatory_v1/runs/PUB-02/deep_short/rep_0087/attempt_000/input.csv"", ""artifacts/publication_campaign/tcc_calibration_confirmatory_v1/runs/PUB-02/deep_short/rep_0087/attempt_000/job.json"", ""artifacts/publication_campaign/tcc_calibration_confirmatory_v1/runs/PUB-02/deep_short/rep_0087/attempt_000/predictive_summary.csv"", ""artifacts/publication_campaign/tcc_calibration_confirmatory_v1/runs/PUB-02/deep_short/rep_0087/attempt_000/result.json"", ""artifacts/publication_campaign/tcc_calibration_confirmatory_v1/runs/PUB-02/deep_short/rep_0087/attempt_000/sampler_summary.csv"", ""artifacts/publication_campaign/tcc_calibration_confirmatory_v1/runs/PUB-02/deep_short/rep_0087/attempt_000/trace.nc"", ""artifacts/publication_campaign/tcc_calibration_confirmatory_v1/runs/PUB-02/deep_short/rep_0087/attempt_000/truth.json"", ""artifacts/publication_campaign/tcc_calibration_confirmatory_v1/runs/PUB-02/deep_short/rep_0087/attempt_000/worker_metadata.json""]",77.8117353932514,False,False
PUB-02__deep_short__rep_0088,PUB-02,deep_short,rep_0088,tcc_calibration_confirmatory_v1__PUB-02__deep_short__rep_0088,"{""generation"": 954459408, ""inference"": 1421250752, ""predictive"": 513229923, ""resampling"": 1576545260}",artifacts/publication_campaign/tcc_calibration_confirmatory_v1/runs/PUB-02/deep_short/rep_0088,COMPLETED_REJECTED,1,,artifacts/publication_campaign/tcc_calibration_confirmatory_v1/runs/PUB-02/deep_short/rep_0088/attempt_000,"[""artifacts/publication_campaign/tcc_calibration_confirmatory_v1/runs/PUB-02/deep_short/rep_0088/attempt_000/completion_manifest.json"", ""artifacts/publication_campaign/tcc_calibration_confirmatory_v1/runs/PUB-02/deep_short/rep_0088/attempt_000/environment_preflight.json"", ""artifacts/publication_campaign/tcc_calibration_confirmatory_v1/runs/PUB-02/deep_short/rep_0088/attempt_000/inference_command.json"", ""artifacts/publication_campaign/tcc_calibration_confirmatory_v1/runs/PUB-02/deep_short/rep_0088/attempt_000/inference_config.json"", ""artifacts/publication_campaign/tcc_calibration_confirmatory_v1/runs/PUB-02/deep_short/rep_0088/attempt_000/inference_started.json"", ""artifacts/publication_campaign/tcc_calibration_confirmatory_v1/runs/PUB-02/deep_short/rep_0088/attempt_000/input.csv"", ""artifacts/publication_campaign/tcc_calibration_confirmatory_v1/runs/PUB-02/deep_short/rep_0088/attempt_000/job.json"", ""artifacts/publication_campaign/tcc_calibration_confirmatory_v1/runs/PUB-02/deep_short/rep_0088/attempt_000/predictive_summary.csv"", ""artifacts/publication_campaign/tcc_calibration_confirmatory_v1/runs/PUB-02/deep_short/rep_0088/attempt_000/result.json"", ""artifacts/publication_campaign/tcc_calibration_confirmatory_v1/runs/PUB-02/deep_short/rep_0088/attempt_000/sampler_summary.csv"", ""artifacts/publication_campaign/tcc_calibration_confirmatory_v1/runs/PUB-02/deep_short/rep_0088/attempt_000/trace.nc"", ""artifacts/publication_campaign/tcc_calibration_confirmatory_v1/runs/PUB-02/deep_short/rep_0088/attempt_000/truth.json"", ""artifacts/publication_campaign/tcc_calibration_confirmatory_v1/runs/PUB-02/deep_short/rep_0088/attempt_000/worker_metadata.json""]",77.8117353932514,False,False
PUB-02__deep_short__rep_0089,PUB-02,deep_short,rep_0089,tcc_calibration_confirmatory_v1__PUB-02__deep_short__rep_0089,"{""generation"": 3498856608, ""inference"": 218590331, ""predictive"": 159275281, ""resampling"": 827598922}",artifacts/publication_campaign/tcc_calibration_confirmatory_v1/runs/PUB-02/deep_short/rep_0089,COMPLETED,1,,artifacts/publication_campaign/tcc_calibration_confirmatory_v1/runs/PUB-02/deep_short/rep_0089/attempt_000,"[""artifacts/publication_campaign/tcc_calibration_confirmatory_v1/runs/PUB-02/deep_short/rep_0089/attempt_000/completion_manifest.json"", ""artifacts/publication_campaign/tcc_calibration_confirmatory_v1/runs/PUB-02/deep_short/rep_0089/attempt_000/environment_preflight.json"", ""artifacts/publication_campaign/tcc_calibration_confirmatory_v1/runs/PUB-02/deep_short/rep_0089/attempt_000/inference_command.json"", ""artifacts/publication_campaign/tcc_calibration_confirmatory_v1/runs/PUB-02/deep_short/rep_0089/attempt_000/inference_config.json"", ""artifacts/publication_campaign/tcc_calibration_confirmatory_v1/runs/PUB-02/deep_short/rep_0089/attempt_000/inference_started.json"", ""artifacts/publication_campaign/tcc_calibration_confirmatory_v1/runs/PUB-02/deep_short/rep_0089/attempt_000/input.csv"", ""artifacts/publication_campaign/tcc_calibration_confirmatory_v1/runs/PUB-02/deep_short/rep_0089/attempt_000/job.json"", ""artifacts/publication_campaign/tcc_calibration_confirmatory_v1/runs/PUB-02/deep_short/rep_0089/attempt_000/predictive_summary.csv"", ""artifacts/publication_campaign/tcc_calibration_confirmatory_v1/runs/PUB-02/deep_short/rep_0089/attempt_000/result.json"", ""artifacts/publication_campaign/tcc_calibration_confirmatory_v1/runs/PUB-02/deep_short/rep_0089/attempt_000/sampler_summary.csv"", ""artifacts/publication_campaign/tcc_calibration_confirmatory_v1/runs/PUB-02/deep_short/rep_0089/attempt_000/trace.nc"", ""artifacts/publication_campaign/tcc_calibration_confirmatory_v1/runs/PUB-02/deep_short/rep_0089/attempt_000/truth.json"", ""artifacts/publication_campaign/tcc_calibration_confirmatory_v1/runs/PUB-02/deep_short/rep_0089/attempt_000/worker_metadata.json""]",77.8117353932514,True,True
PUB-02__deep_short__rep_0090,PUB-02,deep_short,rep_0090,tcc_calibration_confirmatory_v1__PUB-02__deep_short__rep_0090,"{""generation"": 1876234794, ""inference"": 1234676154, ""predictive"": 1704645427, ""resampling"": 1845875702}",artifacts/publication_campaign/tcc_calibration_confirmatory_v1/runs/PUB-02/deep_short/rep_0090,COMPLETED,1,,artifacts/publication_campaign/tcc_calibration_confirmatory_v1/runs/PUB-02/deep_short/rep_0090/attempt_000,"[""artifacts/publication_campaign/tcc_calibration_confirmatory_v1/runs/PUB-02/deep_short/rep_0090/attempt_000/completion_manifest.json"", ""artifacts/publication_campaign/tcc_calibration_confirmatory_v1/runs/PUB-02/deep_short/rep_0090/attempt_000/environment_preflight.json"", ""artifacts/publication_campaign/tcc_calibration_confirmatory_v1/runs/PUB-02/deep_short/rep_0090/attempt_000/inference_command.json"", ""artifacts/publication_campaign/tcc_calibration_confirmatory_v1/runs/PUB-02/deep_short/rep_0090/attempt_000/inference_config.json"", ""artifacts/publication_campaign/tcc_calibration_confirmatory_v1/runs/PUB-02/deep_short/rep_0090/attempt_000/inference_started.json"", ""artifacts/publication_campaign/tcc_calibration_confirmatory_v1/runs/PUB-02/deep_short/rep_0090/attempt_000/input.csv"", ""artifacts/publication_campaign/tcc_calibration_confirmatory_v1/runs/PUB-02/deep_short/rep_0090/attempt_000/job.json"", ""artifacts/publication_campaign/tcc_calibration_confirmatory_v1/runs/PUB-02/deep_short/rep_0090/attempt_000/predictive_summary.csv"", ""artifacts/publication_campaign/tcc_calibration_confirmatory_v1/runs/PUB-02/deep_short/rep_0090/attempt_000/result.json"", ""artifacts/publication_campaign/tcc_calibration_confirmatory_v1/runs/PUB-02/deep_short/rep_0090/attempt_000/sampler_summary.csv"", ""artifacts/publication_campaign/tcc_calibration_confirmatory_v1/runs/PUB-02/deep_short/rep_0090/attempt_000/trace.nc"", ""artifacts/publication_campaign/tcc_calibration_confirmatory_v1/runs/PUB-02/deep_short/rep_0090/attempt_000/truth.json"", ""artifacts/publication_campaign/tcc_calibration_confirmatory_v1/runs/PUB-02/deep_short/rep_0090/attempt_000/worker_metadata.json""]",77.8117353932514,True,True
PUB-02__deep_short__rep_0091,PUB-02,deep_short,rep_0091,tcc_calibration_confirmatory_v1__PUB-02__deep_short__rep_0091,"{""generation"": 4150976066, ""inference"": 3595352681, ""predictive"": 3045293146, ""resampling"": 1112822406}",artifacts/publication_campaign/tcc_calibration_confirmatory_v1/runs/PUB-02/deep_short/rep_0091,COMPLETED,1,,artifacts/publication_campaign/tcc_calibration_confirmatory_v1/runs/PUB-02/deep_short/rep_0091/attempt_000,"[""artifacts/publication_campaign/tcc_calibration_confirmatory_v1/runs/PUB-02/deep_short/rep_0091/attempt_000/completion_manifest.json"", ""artifacts/publication_campaign/tcc_calibration_confirmatory_v1/runs/PUB-02/deep_short/rep_0091/attempt_000/environment_preflight.json"", ""artifacts/publication_campaign/tcc_calibration_confirmatory_v1/runs/PUB-02/deep_short/rep_0091/attempt_000/inference_command.json"", ""artifacts/publication_campaign/tcc_calibration_confirmatory_v1/runs/PUB-02/deep_short/rep_0091/attempt_000/inference_config.json"", ""artifacts/publication_campaign/tcc_calibration_confirmatory_v1/runs/PUB-02/deep_short/rep_0091/attempt_000/inference_started.json"", ""artifacts/publication_campaign/tcc_calibration_confirmatory_v1/runs/PUB-02/deep_short/rep_0091/attempt_000/input.csv"", ""artifacts/publication_campaign/tcc_calibration_confirmatory_v1/runs/PUB-02/deep_short/rep_0091/attempt_000/job.json"", ""artifacts/publication_campaign/tcc_calibration_confirmatory_v1/runs/PUB-02/deep_short/rep_0091/attempt_000/predictive_summary.csv"", ""artifacts/publication_campaign/tcc_calibration_confirmatory_v1/runs/PUB-02/deep_short/rep_0091/attempt_000/result.json"", ""artifacts/publication_campaign/tcc_calibration_confirmatory_v1/runs/PUB-02/deep_short/rep_0091/attempt_000/sampler_summary.csv"", ""artifacts/publication_campaign/tcc_calibration_confirmatory_v1/runs/PUB-02/deep_short/rep_0091/attempt_000/trace.nc"", ""artifacts/publication_campaign/tcc_calibration_confirmatory_v1/runs/PUB-02/deep_short/rep_0091/attempt_000/truth.json"", ""artifacts/publication_campaign/tcc_calibration_confirmatory_v1/runs/PUB-02/deep_short/rep_0091/attempt_000/worker_metadata.json""]",77.8117353932514,True,True
PUB-02__deep_short__rep_0092,PUB-02,deep_short,rep_0092,tcc_calibration_confirmatory_v1__PUB-02__deep_short__rep_0092,"{""generation"": 3530372890, ""inference"": 955524670, ""predictive"": 1791422015, ""resampling"": 2381760172}",artifacts/publication_campaign/tcc_calibration_confirmatory_v1/runs/PUB-02/deep_short/rep_0092,COMPLETED,1,,artifacts/publication_campaign/tcc_calibration_confirmatory_v1/runs/PUB-02/deep_short/rep_0092/attempt_000,"[""artifacts/publication_campaign/tcc_calibration_confirmatory_v1/runs/PUB-02/deep_short/rep_0092/attempt_000/completion_manifest.json"", ""artifacts/publication_campaign/tcc_calibration_confirmatory_v1/runs/PUB-02/deep_short/rep_0092/attempt_000/environment_preflight.json"", ""artifacts/publication_campaign/tcc_calibration_confirmatory_v1/runs/PUB-02/deep_short/rep_0092/attempt_000/inference_command.json"", ""artifacts/publication_campaign/tcc_calibration_confirmatory_v1/runs/PUB-02/deep_short/rep_0092/attempt_000/inference_config.json"", ""artifacts/publication_campaign/tcc_calibration_confirmatory_v1/runs/PUB-02/deep_short/rep_0092/attempt_000/inference_started.json"", ""artifacts/publication_campaign/tcc_calibration_confirmatory_v1/runs/PUB-02/deep_short/rep_0092/attempt_000/input.csv"", ""artifacts/publication_campaign/tcc_calibration_confirmatory_v1/runs/PUB-02/deep_short/rep_0092/attempt_000/job.json"", ""artifacts/publication_campaign/tcc_calibration_confirmatory_v1/runs/PUB-02/deep_short/rep_0092/attempt_000/predictive_summary.csv"", ""artifacts/publication_campaign/tcc_calibration_confirmatory_v1/runs/PUB-02/deep_short/rep_0092/attempt_000/result.json"", ""artifacts/publication_campaign/tcc_calibration_confirmatory_v1/runs/PUB-02/deep_short/rep_0092/attempt_000/sampler_summary.csv"", ""artifacts/publication_campaign/tcc_calibration_confirmatory_v1/runs/PUB-02/deep_short/rep_0092/attempt_000/trace.nc"", ""artifacts/publication_campaign/tcc_calibration_confirmatory_v1/runs/PUB-02/deep_short/rep_0092/attempt_000/truth.json"", ""artifacts/publication_campaign/tcc_calibration_confirmatory_v1/runs/PUB-02/deep_short/rep_0092/attempt_000/worker_metadata.json""]",77.8117353932514,True,True
PUB-02__deep_short__rep_0093,PUB-02,deep_short,rep_0093,tcc_calibration_confirmatory_v1__PUB-02__deep_short__rep_0093,"{""generation"": 1600770084, ""inference"": 3617321851, ""predictive"": 4091195343, ""resampling"": 2709270733}",artifacts/publication_campaign/tcc_calibration_confirmatory_v1/runs/PUB-02/deep_short/rep_0093,COMPLETED,1,,artifacts/publication_campaign/tcc_calibration_confirmatory_v1/runs/PUB-02/deep_short/rep_0093/attempt_000,"[""artifacts/publication_campaign/tcc_calibration_confirmatory_v1/runs/PUB-02/deep_short/rep_0093/attempt_000/completion_manifest.json"", ""artifacts/publication_campaign/tcc_calibration_confirmatory_v1/runs/PUB-02/deep_short/rep_0093/attempt_000/environment_preflight.json"", ""artifacts/publication_campaign/tcc_calibration_confirmatory_v1/runs/PUB-02/deep_short/rep_0093/attempt_000/inference_command.json"", ""artifacts/publication_campaign/tcc_calibration_confirmatory_v1/runs/PUB-02/deep_short/rep_0093/attempt_000/inference_config.json"", ""artifacts/publication_campaign/tcc_calibration_confirmatory_v1/runs/PUB-02/deep_short/rep_0093/attempt_000/inference_started.json"", ""artifacts/publication_campaign/tcc_calibration_confirmatory_v1/runs/PUB-02/deep_short/rep_0093/attempt_000/input.csv"", ""artifacts/publication_campaign/tcc_calibration_confirmatory_v1/runs/PUB-02/deep_short/rep_0093/attempt_000/job.json"", ""artifacts/publication_campaign/tcc_calibration_confirmatory_v1/runs/PUB-02/deep_short/rep_0093/attempt_000/predictive_summary.csv"", ""artifacts/publication_campaign/tcc_calibration_confirmatory_v1/runs/PUB-02/deep_short/rep_0093/attempt_000/result.json"", ""artifacts/publication_campaign/tcc_calibration_confirmatory_v1/runs/PUB-02/deep_short/rep_0093/attempt_000/sampler_summary.csv"", ""artifacts/publication_campaign/tcc_calibration_confirmatory_v1/runs/PUB-02/deep_short/rep_0093/attempt_000/trace.nc"", ""artifacts/publication_campaign/tcc_calibration_confirmatory_v1/runs/PUB-02/deep_short/rep_0093/attempt_000/truth.json"", ""artifacts/publication_campaign/tcc_calibration_confirmatory_v1/runs/PUB-02/deep_short/rep_0093/attempt_000/worker_metadata.json""]",77.8117353932514,True,True
PUB-02__deep_short__rep_0094,PUB-02,deep_short,rep_0094,tcc_calibration_confirmatory_v1__PUB-02__deep_short__rep_0094,"{""generation"": 3620079523, ""inference"": 3663172300, ""predictive"": 3999230884, ""resampling"": 3208750343}",artifacts/publication_campaign/tcc_calibration_confirmatory_v1/runs/PUB-02/deep_short/rep_0094,COMPLETED_REJECTED,1,,artifacts/publication_campaign/tcc_calibration_confirmatory_v1/runs/PUB-02/deep_short/rep_0094/attempt_000,"[""artifacts/publication_campaign/tcc_calibration_confirmatory_v1/runs/PUB-02/deep_short/rep_0094/attempt_000/completion_manifest.json"", ""artifacts/publication_campaign/tcc_calibration_confirmatory_v1/runs/PUB-02/deep_short/rep_0094/attempt_000/environment_preflight.json"", ""artifacts/publication_campaign/tcc_calibration_confirmatory_v1/runs/PUB-02/deep_short/rep_0094/attempt_000/inference_command.json"", ""artifacts/publication_campaign/tcc_calibration_confirmatory_v1/runs/PUB-02/deep_short/rep_0094/attempt_000/inference_config.json"", ""artifacts/publication_campaign/tcc_calibration_confirmatory_v1/runs/PUB-02/deep_short/rep_0094/attempt_000/inference_started.json"", ""artifacts/publication_campaign/tcc_calibration_confirmatory_v1/runs/PUB-02/deep_short/rep_0094/attempt_000/input.csv"", ""artifacts/publication_campaign/tcc_calibration_confirmatory_v1/runs/PUB-02/deep_short/rep_0094/attempt_000/job.json"", ""artifacts/publication_campaign/tcc_calibration_confirmatory_v1/runs/PUB-02/deep_short/rep_0094/attempt_000/predictive_summary.csv"", ""artifacts/publication_campaign/tcc_calibration_confirmatory_v1/runs/PUB-02/deep_short/rep_0094/attempt_000/result.json"", ""artifacts/publication_campaign/tcc_calibration_confirmatory_v1/runs/PUB-02/deep_short/rep_0094/attempt_000/sampler_summary.csv"", ""artifacts/publication_campaign/tcc_calibration_confirmatory_v1/runs/PUB-02/deep_short/rep_0094/attempt_000/trace.nc"", ""artifacts/publication_campaign/tcc_calibration_confirmatory_v1/runs/PUB-02/deep_short/rep_0094/attempt_000/truth.json"", ""artifacts/publication_campaign/tcc_calibration_confirmatory_v1/runs/PUB-02/deep_short/rep_0094/attempt_000/worker_metadata.json""]",77.8117353932514,False,False
PUB-02__deep_short__rep_0095,PUB-02,deep_short,rep_0095,tcc_calibration_confirmatory_v1__PUB-02__deep_short__rep_0095,"{""generation"": 1765127163, ""inference"": 3978904203, ""predictive"": 3518689105, ""resampling"": 523756671}",artifacts/publication_campaign/tcc_calibration_confirmatory_v1/runs/PUB-02/deep_short/rep_0095,COMPLETED_REJECTED,1,,artifacts/publication_campaign/tcc_calibration_confirmatory_v1/runs/PUB-02/deep_short/rep_0095/attempt_000,"[""artifacts/publication_campaign/tcc_calibration_confirmatory_v1/runs/PUB-02/deep_short/rep_0095/attempt_000/completion_manifest.json"", ""artifacts/publication_campaign/tcc_calibration_confirmatory_v1/runs/PUB-02/deep_short/rep_0095/attempt_000/environment_preflight.json"", ""artifacts/publication_campaign/tcc_calibration_confirmatory_v1/runs/PUB-02/deep_short/rep_0095/attempt_000/inference_command.json"", ""artifacts/publication_campaign/tcc_calibration_confirmatory_v1/runs/PUB-02/deep_short/rep_0095/attempt_000/inference_config.json"", ""artifacts/publication_campaign/tcc_calibration_confirmatory_v1/runs/PUB-02/deep_short/rep_0095/attempt_000/inference_started.json"", ""artifacts/publication_campaign/tcc_calibration_confirmatory_v1/runs/PUB-02/deep_short/rep_0095/attempt_000/input.csv"", ""artifacts/publication_campaign/tcc_calibration_confirmatory_v1/runs/PUB-02/deep_short/rep_0095/attempt_000/job.json"", ""artifacts/publication_campaign/tcc_calibration_confirmatory_v1/runs/PUB-02/deep_short/rep_0095/attempt_000/predictive_summary.csv"", ""artifacts/publication_campaign/tcc_calibration_confirmatory_v1/runs/PUB-02/deep_short/rep_0095/attempt_000/result.json"", ""artifacts/publication_campaign/tcc_calibration_confirmatory_v1/runs/PUB-02/deep_short/rep_0095/attempt_000/sampler_summary.csv"", ""artifacts/publication_campaign/tcc_calibration_confirmatory_v1/runs/PUB-02/deep_short/rep_0095/attempt_000/trace.nc"", ""artifacts/publication_campaign/tcc_calibration_confirmatory_v1/runs/PUB-02/deep_short/rep_0095/attempt_000/truth.json"", ""artifacts/publication_campaign/tcc_calibration_confirmatory_v1/runs/PUB-02/deep_short/rep_0095/attempt_000/worker_metadata.json""]",77.8117353932514,False,False
PUB-02__deep_short__rep_0096,PUB-02,deep_short,rep_0096,tcc_calibration_confirmatory_v1__PUB-02__deep_short__rep_0096,"{""generation"": 252901282, ""inference"": 519746844, ""predictive"": 2235714404, ""resampling"": 2637404363}",artifacts/publication_campaign/tcc_calibration_confirmatory_v1/runs/PUB-02/deep_short/rep_0096,COMPLETED_REJECTED,1,,artifacts/publication_campaign/tcc_calibration_confirmatory_v1/runs/PUB-02/deep_short/rep_0096/attempt_000,"[""artifacts/publication_campaign/tcc_calibration_confirmatory_v1/runs/PUB-02/deep_short/rep_0096/attempt_000/completion_manifest.json"", ""artifacts/publication_campaign/tcc_calibration_confirmatory_v1/runs/PUB-02/deep_short/rep_0096/attempt_000/environment_preflight.json"", ""artifacts/publication_campaign/tcc_calibration_confirmatory_v1/runs/PUB-02/deep_short/rep_0096/attempt_000/inference_command.json"", ""artifacts/publication_campaign/tcc_calibration_confirmatory_v1/runs/PUB-02/deep_short/rep_0096/attempt_000/inference_config.json"", ""artifacts/publication_campaign/tcc_calibration_confirmatory_v1/runs/PUB-02/deep_short/rep_0096/attempt_000/inference_started.json"", ""artifacts/publication_campaign/tcc_calibration_confirmatory_v1/runs/PUB-02/deep_short/rep_0096/attempt_000/input.csv"", ""artifacts/publication_campaign/tcc_calibration_confirmatory_v1/runs/PUB-02/deep_short/rep_0096/attempt_000/job.json"", ""artifacts/publication_campaign/tcc_calibration_confirmatory_v1/runs/PUB-02/deep_short/rep_0096/attempt_000/predictive_summary.csv"", ""artifacts/publication_campaign/tcc_calibration_confirmatory_v1/runs/PUB-02/deep_short/rep_0096/attempt_000/result.json"", ""artifacts/publication_campaign/tcc_calibration_confirmatory_v1/runs/PUB-02/deep_short/rep_0096/attempt_000/sampler_summary.csv"", ""artifacts/publication_campaign/tcc_calibration_confirmatory_v1/runs/PUB-02/deep_short/rep_0096/attempt_000/trace.nc"", ""artifacts/publication_campaign/tcc_calibration_confirmatory_v1/runs/PUB-02/deep_short/rep_0096/attempt_000/truth.json"", ""artifacts/publication_campaign/tcc_calibration_confirmatory_v1/runs/PUB-02/deep_short/rep_0096/attempt_000/worker_metadata.json""]",77.8117353932514,False,False
PUB-02__deep_short__rep_0097,PUB-02,deep_short,rep_0097,tcc_calibration_confirmatory_v1__PUB-02__deep_short__rep_0097,"{""generation"": 2810882861, ""inference"": 2745902960, ""predictive"": 3260963782, ""resampling"": 4122585739}",artifacts/publication_campaign/tcc_calibration_confirmatory_v1/runs/PUB-02/deep_short/rep_0097,COMPLETED,1,,artifacts/publication_campaign/tcc_calibration_confirmatory_v1/runs/PUB-02/deep_short/rep_0097/attempt_000,"[""artifacts/publication_campaign/tcc_calibration_confirmatory_v1/runs/PUB-02/deep_short/rep_0097/attempt_000/completion_manifest.json"", ""artifacts/publication_campaign/tcc_calibration_confirmatory_v1/runs/PUB-02/deep_short/rep_0097/attempt_000/environment_preflight.json"", ""artifacts/publication_campaign/tcc_calibration_confirmatory_v1/runs/PUB-02/deep_short/rep_0097/attempt_000/inference_command.json"", ""artifacts/publication_campaign/tcc_calibration_confirmatory_v1/runs/PUB-02/deep_short/rep_0097/attempt_000/inference_config.json"", ""artifacts/publication_campaign/tcc_calibration_confirmatory_v1/runs/PUB-02/deep_short/rep_0097/attempt_000/inference_started.json"", ""artifacts/publication_campaign/tcc_calibration_confirmatory_v1/runs/PUB-02/deep_short/rep_0097/attempt_000/input.csv"", ""artifacts/publication_campaign/tcc_calibration_confirmatory_v1/runs/PUB-02/deep_short/rep_0097/attempt_000/job.json"", ""artifacts/publication_campaign/tcc_calibration_confirmatory_v1/runs/PUB-02/deep_short/rep_0097/attempt_000/predictive_summary.csv"", ""artifacts/publication_campaign/tcc_calibration_confirmatory_v1/runs/PUB-02/deep_short/rep_0097/attempt_000/result.json"", ""artifacts/publication_campaign/tcc_calibration_confirmatory_v1/runs/PUB-02/deep_short/rep_0097/attempt_000/sampler_summary.csv"", ""artifacts/publication_campaign/tcc_calibration_confirmatory_v1/runs/PUB-02/deep_short/rep_0097/attempt_000/trace.nc"", ""artifacts/publication_campaign/tcc_calibration_confirmatory_v1/runs/PUB-02/deep_short/rep_0097/attempt_000/truth.json"", ""artifacts/publication_campaign/tcc_calibration_confirmatory_v1/runs/PUB-02/deep_short/rep_0097/attempt_000/worker_metadata.json""]",77.8117353932514,True,True
PUB-02__deep_short__rep_0098,PUB-02,deep_short,rep_0098,tcc_calibration_confirmatory_v1__PUB-02__deep_short__rep_0098,"{""generation"": 1426475931, ""inference"": 511050663, ""predictive"": 2333915857, ""resampling"": 3220425682}",artifacts/publication_campaign/tcc_calibration_confirmatory_v1/runs/PUB-02/deep_short/rep_0098,COMPLETED,1,,artifacts/publication_campaign/tcc_calibration_confirmatory_v1/runs/PUB-02/deep_short/rep_0098/attempt_000,"[""artifacts/publication_campaign/tcc_calibration_confirmatory_v1/runs/PUB-02/deep_short/rep_0098/attempt_000/completion_manifest.json"", ""artifacts/publication_campaign/tcc_calibration_confirmatory_v1/runs/PUB-02/deep_short/rep_0098/attempt_000/environment_preflight.json"", ""artifacts/publication_campaign/tcc_calibration_confirmatory_v1/runs/PUB-02/deep_short/rep_0098/attempt_000/inference_command.json"", ""artifacts/publication_campaign/tcc_calibration_confirmatory_v1/runs/PUB-02/deep_short/rep_0098/attempt_000/inference_config.json"", ""artifacts/publication_campaign/tcc_calibration_confirmatory_v1/runs/PUB-02/deep_short/rep_0098/attempt_000/inference_started.json"", ""artifacts/publication_campaign/tcc_calibration_confirmatory_v1/runs/PUB-02/deep_short/rep_0098/attempt_000/input.csv"", ""artifacts/publication_campaign/tcc_calibration_confirmatory_v1/runs/PUB-02/deep_short/rep_0098/attempt_000/job.json"", ""artifacts/publication_campaign/tcc_calibration_confirmatory_v1/runs/PUB-02/deep_short/rep_0098/attempt_000/predictive_summary.csv"", ""artifacts/publication_campaign/tcc_calibration_confirmatory_v1/runs/PUB-02/deep_short/rep_0098/attempt_000/result.json"", ""artifacts/publication_campaign/tcc_calibration_confirmatory_v1/runs/PUB-02/deep_short/rep_0098/attempt_000/sampler_summary.csv"", ""artifacts/publication_campaign/tcc_calibration_confirmatory_v1/runs/PUB-02/deep_short/rep_0098/attempt_000/trace.nc"", ""artifacts/publication_campaign/tcc_calibration_confirmatory_v1/runs/PUB-02/deep_short/rep_0098/attempt_000/truth.json"", ""artifacts/publication_campaign/tcc_calibration_confirmatory_v1/runs/PUB-02/deep_short/rep_0098/attempt_000/worker_metadata.json""]",77.8117353932514,True,True
PUB-02__deep_short__rep_0099,PUB-02,deep_short,rep_0099,tcc_calibration_confirmatory_v1__PUB-02__deep_short__rep_0099,"{""generation"": 2349389035, ""inference"": 1894660665, ""predictive"": 2762126916, ""resampling"": 563594932}",artifacts/publication_campaign/tcc_calibration_confirmatory_v1/runs/PUB-02/deep_short/rep_0099,COMPLETED,1,,artifacts/publication_campaign/tcc_calibration_confirmatory_v1/runs/PUB-02/deep_short/rep_0099/attempt_000,"[""artifacts/publication_campaign/tcc_calibration_confirmatory_v1/runs/PUB-02/deep_short/rep_0099/attempt_000/completion_manifest.json"", ""artifacts/publication_campaign/tcc_calibration_confirmatory_v1/runs/PUB-02/deep_short/rep_0099/attempt_000/environment_preflight.json"", ""artifacts/publication_campaign/tcc_calibration_confirmatory_v1/runs/PUB-02/deep_short/rep_0099/attempt_000/inference_command.json"", ""artifacts/publication_campaign/tcc_calibration_confirmatory_v1/runs/PUB-02/deep_short/rep_0099/attempt_000/inference_config.json"", ""artifacts/publication_campaign/tcc_calibration_confirmatory_v1/runs/PUB-02/deep_short/rep_0099/attempt_000/inference_started.json"", ""artifacts/publication_campaign/tcc_calibration_confirmatory_v1/runs/PUB-02/deep_short/rep_0099/attempt_000/input.csv"", ""artifacts/publication_campaign/tcc_calibration_confirmatory_v1/runs/PUB-02/deep_short/rep_0099/attempt_000/job.json"", ""artifacts/publication_campaign/tcc_calibration_confirmatory_v1/runs/PUB-02/deep_short/rep_0099/attempt_000/predictive_summary.csv"", ""artifacts/publication_campaign/tcc_calibration_confirmatory_v1/runs/PUB-02/deep_short/rep_0099/attempt_000/result.json"", ""artifacts/publication_campaign/tcc_calibration_confirmatory_v1/runs/PUB-02/deep_short/rep_0099/attempt_000/sampler_summary.csv"", ""artifacts/publication_campaign/tcc_calibration_confirmatory_v1/runs/PUB-02/deep_short/rep_0099/attempt_000/trace.nc"", ""artifacts/publication_campaign/tcc_calibration_confirmatory_v1/runs/PUB-02/deep_short/rep_0099/attempt_000/truth.json"", ""artifacts/publication_campaign/tcc_calibration_confirmatory_v1/runs/PUB-02/deep_short/rep_0099/attempt_000/worker_metadata.json""]",77.8117353932514,True,True
PUB-02__intermediate_long__rep_0000,PUB-02,intermediate_long,rep_0000,tcc_calibration_confirmatory_v1__PUB-02__intermediate_long__rep_0000,"{""generation"": 3724595070, ""inference"": 101695389, ""predictive"": 1105974786, ""resampling"": 3805325798}",artifacts/publication_campaign/tcc_calibration_confirmatory_v1/runs/PUB-02/intermediate_long/rep_0000,COMPLETED,1,,artifacts/publication_campaign/tcc_calibration_confirmatory_v1/runs/PUB-02/intermediate_long/rep_0000/attempt_000,"[""artifacts/publication_campaign/tcc_calibration_confirmatory_v1/runs/PUB-02/intermediate_long/rep_0000/attempt_000/completion_manifest.json"", ""artifacts/publication_campaign/tcc_calibration_confirmatory_v1/runs/PUB-02/intermediate_long/rep_0000/attempt_000/environment_preflight.json"", ""artifacts/publication_campaign/tcc_calibration_confirmatory_v1/runs/PUB-02/intermediate_long/rep_0000/attempt_000/inference_command.json"", ""artifacts/publication_campaign/tcc_calibration_confirmatory_v1/runs/PUB-02/intermediate_long/rep_0000/attempt_000/inference_config.json"", ""artifacts/publication_campaign/tcc_calibration_confirmatory_v1/runs/PUB-02/intermediate_long/rep_0000/attempt_000/inference_started.json"", ""artifacts/publication_campaign/tcc_calibration_confirmatory_v1/runs/PUB-02/intermediate_long/rep_0000/attempt_000/input.csv"", ""artifacts/publication_campaign/tcc_calibration_confirmatory_v1/runs/PUB-02/intermediate_long/rep_0000/attempt_000/job.json"", ""artifacts/publication_campaign/tcc_calibration_confirmatory_v1/runs/PUB-02/intermediate_long/rep_0000/attempt_000/predictive_summary.csv"", ""artifacts/publication_campaign/tcc_calibration_confirmatory_v1/runs/PUB-02/intermediate_long/rep_0000/attempt_000/result.json"", ""artifacts/publication_campaign/tcc_calibration_confirmatory_v1/runs/PUB-02/intermediate_long/rep_0000/attempt_000/sampler_summary.csv"", ""artifacts/publication_campaign/tcc_calibration_confirmatory_v1/runs/PUB-02/intermediate_long/rep_0000/attempt_000/trace.nc"", ""artifacts/publication_campaign/tcc_calibration_confirmatory_v1/runs/PUB-02/intermediate_long/rep_0000/attempt_000/truth.json"", ""artifacts/publication_campaign/tcc_calibration_confirmatory_v1/runs/PUB-02/intermediate_long/rep_0000/attempt_000/worker_metadata.json""]",10.910726077516573,True,True
PUB-02__intermediate_long__rep_0001,PUB-02,intermediate_long,rep_0001,tcc_calibration_confirmatory_v1__PUB-02__intermediate_long__rep_0001,"{""generation"": 182176720, ""inference"": 3409242612, ""predictive"": 2995161133, ""resampling"": 4106214293}",artifacts/publication_campaign/tcc_calibration_confirmatory_v1/runs/PUB-02/intermediate_long/rep_0001,COMPLETED,1,,artifacts/publication_campaign/tcc_calibration_confirmatory_v1/runs/PUB-02/intermediate_long/rep_0001/attempt_000,"[""artifacts/publication_campaign/tcc_calibration_confirmatory_v1/runs/PUB-02/intermediate_long/rep_0001/attempt_000/completion_manifest.json"", ""artifacts/publication_campaign/tcc_calibration_confirmatory_v1/runs/PUB-02/intermediate_long/rep_0001/attempt_000/environment_preflight.json"", ""artifacts/publication_campaign/tcc_calibration_confirmatory_v1/runs/PUB-02/intermediate_long/rep_0001/attempt_000/inference_command.json"", ""artifacts/publication_campaign/tcc_calibration_confirmatory_v1/runs/PUB-02/intermediate_long/rep_0001/attempt_000/inference_config.json"", ""artifacts/publication_campaign/tcc_calibration_confirmatory_v1/runs/PUB-02/intermediate_long/rep_0001/attempt_000/inference_started.json"", ""artifacts/publication_campaign/tcc_calibration_confirmatory_v1/runs/PUB-02/intermediate_long/rep_0001/attempt_000/input.csv"", ""artifacts/publication_campaign/tcc_calibration_confirmatory_v1/runs/PUB-02/intermediate_long/rep_0001/attempt_000/job.json"", ""artifacts/publication_campaign/tcc_calibration_confirmatory_v1/runs/PUB-02/intermediate_long/rep_0001/attempt_000/predictive_summary.csv"", ""artifacts/publication_campaign/tcc_calibration_confirmatory_v1/runs/PUB-02/intermediate_long/rep_0001/attempt_000/result.json"", ""artifacts/publication_campaign/tcc_calibration_confirmatory_v1/runs/PUB-02/intermediate_long/rep_0001/attempt_000/sampler_summary.csv"", ""artifacts/publication_campaign/tcc_calibration_confirmatory_v1/runs/PUB-02/intermediate_long/rep_0001/attempt_000/trace.nc"", ""artifacts/publication_campaign/tcc_calibration_confirmatory_v1/runs/PUB-02/intermediate_long/rep_0001/attempt_000/truth.json"", ""artifacts/publication_campaign/tcc_calibration_confirmatory_v1/runs/PUB-02/intermediate_long/rep_0001/attempt_000/worker_metadata.json""]",10.910726077516573,True,True
PUB-02__intermediate_long__rep_0002,PUB-02,intermediate_long,rep_0002,tcc_calibration_confirmatory_v1__PUB-02__intermediate_long__rep_0002,"{""generation"": 2286580306, ""inference"": 110703498, ""predictive"": 2899183519, ""resampling"": 926798381}",artifacts/publication_campaign/tcc_calibration_confirmatory_v1/runs/PUB-02/intermediate_long/rep_0002,COMPLETED,1,,artifacts/publication_campaign/tcc_calibration_confirmatory_v1/runs/PUB-02/intermediate_long/rep_0002/attempt_000,"[""artifacts/publication_campaign/tcc_calibration_confirmatory_v1/runs/PUB-02/intermediate_long/rep_0002/attempt_000/completion_manifest.json"", ""artifacts/publication_campaign/tcc_calibration_confirmatory_v1/runs/PUB-02/intermediate_long/rep_0002/attempt_000/environment_preflight.json"", ""artifacts/publication_campaign/tcc_calibration_confirmatory_v1/runs/PUB-02/intermediate_long/rep_0002/attempt_000/inference_command.json"", ""artifacts/publication_campaign/tcc_calibration_confirmatory_v1/runs/PUB-02/intermediate_long/rep_0002/attempt_000/inference_config.json"", ""artifacts/publication_campaign/tcc_calibration_confirmatory_v1/runs/PUB-02/intermediate_long/rep_0002/attempt_000/inference_started.json"", ""artifacts/publication_campaign/tcc_calibration_confirmatory_v1/runs/PUB-02/intermediate_long/rep_0002/attempt_000/input.csv"", ""artifacts/publication_campaign/tcc_calibration_confirmatory_v1/runs/PUB-02/intermediate_long/rep_0002/attempt_000/job.json"", ""artifacts/publication_campaign/tcc_calibration_confirmatory_v1/runs/PUB-02/intermediate_long/rep_0002/attempt_000/predictive_summary.csv"", ""artifacts/publication_campaign/tcc_calibration_confirmatory_v1/runs/PUB-02/intermediate_long/rep_0002/attempt_000/result.json"", ""artifacts/publication_campaign/tcc_calibration_confirmatory_v1/runs/PUB-02/intermediate_long/rep_0002/attempt_000/sampler_summary.csv"", ""artifacts/publication_campaign/tcc_calibration_confirmatory_v1/runs/PUB-02/intermediate_long/rep_0002/attempt_000/trace.nc"", ""artifacts/publication_campaign/tcc_calibration_confirmatory_v1/runs/PUB-02/intermediate_long/rep_0002/attempt_000/truth.json"", ""artifacts/publication_campaign/tcc_calibration_confirmatory_v1/runs/PUB-02/intermediate_long/rep_0002/attempt_000/worker_metadata.json""]",10.910726077516573,True,True
PUB-02__intermediate_long__rep_0003,PUB-02,intermediate_long,rep_0003,tcc_calibration_confirmatory_v1__PUB-02__intermediate_long__rep_0003,"{""generation"": 610750577, ""inference"": 2003129594, ""predictive"": 2143989537, ""resampling"": 1595657561}",artifacts/publication_campaign/tcc_calibration_confirmatory_v1/runs/PUB-02/intermediate_long/rep_0003,COMPLETED,1,,artifacts/publication_campaign/tcc_calibration_confirmatory_v1/runs/PUB-02/intermediate_long/rep_0003/attempt_000,"[""artifacts/publication_campaign/tcc_calibration_confirmatory_v1/runs/PUB-02/intermediate_long/rep_0003/attempt_000/completion_manifest.json"", ""artifacts/publication_campaign/tcc_calibration_confirmatory_v1/runs/PUB-02/intermediate_long/rep_0003/attempt_000/environment_preflight.json"", ""artifacts/publication_campaign/tcc_calibration_confirmatory_v1/runs/PUB-02/intermediate_long/rep_0003/attempt_000/inference_command.json"", ""artifacts/publication_campaign/tcc_calibration_confirmatory_v1/runs/PUB-02/intermediate_long/rep_0003/attempt_000/inference_config.json"", ""artifacts/publication_campaign/tcc_calibration_confirmatory_v1/runs/PUB-02/intermediate_long/rep_0003/attempt_000/inference_started.json"", ""artifacts/publication_campaign/tcc_calibration_confirmatory_v1/runs/PUB-02/intermediate_long/rep_0003/attempt_000/input.csv"", ""artifacts/publication_campaign/tcc_calibration_confirmatory_v1/runs/PUB-02/intermediate_long/rep_0003/attempt_000/job.json"", ""artifacts/publication_campaign/tcc_calibration_confirmatory_v1/runs/PUB-02/intermediate_long/rep_0003/attempt_000/predictive_summary.csv"", ""artifacts/publication_campaign/tcc_calibration_confirmatory_v1/runs/PUB-02/intermediate_long/rep_0003/attempt_000/result.json"", ""artifacts/publication_campaign/tcc_calibration_confirmatory_v1/runs/PUB-02/intermediate_long/rep_0003/attempt_000/sampler_summary.csv"", ""artifacts/publication_campaign/tcc_calibration_confirmatory_v1/runs/PUB-02/intermediate_long/rep_0003/attempt_000/trace.nc"", ""artifacts/publication_campaign/tcc_calibration_confirmatory_v1/runs/PUB-02/intermediate_long/rep_0003/attempt_000/truth.json"", ""artifacts/publication_campaign/tcc_calibration_confirmatory_v1/runs/PUB-02/intermediate_long/rep_0003/attempt_000/worker_metadata.json""]",10.910726077516573,True,True
PUB-02__intermediate_long__rep_0004,PUB-02,intermediate_long,rep_0004,tcc_calibration_confirmatory_v1__PUB-02__intermediate_long__rep_0004,"{""generation"": 2404512188, ""inference"": 1560351406, ""predictive"": 2774560519, ""resampling"": 1869214933}",artifacts/publication_campaign/tcc_calibration_confirmatory_v1/runs/PUB-02/intermediate_long/rep_0004,COMPLETED,1,,artifacts/publication_campaign/tcc_calibration_confirmatory_v1/runs/PUB-02/intermediate_long/rep_0004/attempt_000,"[""artifacts/publication_campaign/tcc_calibration_confirmatory_v1/runs/PUB-02/intermediate_long/rep_0004/attempt_000/completion_manifest.json"", ""artifacts/publication_campaign/tcc_calibration_confirmatory_v1/runs/PUB-02/intermediate_long/rep_0004/attempt_000/environment_preflight.json"", ""artifacts/publication_campaign/tcc_calibration_confirmatory_v1/runs/PUB-02/intermediate_long/rep_0004/attempt_000/inference_command.json"", ""artifacts/publication_campaign/tcc_calibration_confirmatory_v1/runs/PUB-02/intermediate_long/rep_0004/attempt_000/inference_config.json"", ""artifacts/publication_campaign/tcc_calibration_confirmatory_v1/runs/PUB-02/intermediate_long/rep_0004/attempt_000/inference_started.json"", ""artifacts/publication_campaign/tcc_calibration_confirmatory_v1/runs/PUB-02/intermediate_long/rep_0004/attempt_000/input.csv"", ""artifacts/publication_campaign/tcc_calibration_confirmatory_v1/runs/PUB-02/intermediate_long/rep_0004/attempt_000/job.json"", ""artifacts/publication_campaign/tcc_calibration_confirmatory_v1/runs/PUB-02/intermediate_long/rep_0004/attempt_000/predictive_summary.csv"", ""artifacts/publication_campaign/tcc_calibration_confirmatory_v1/runs/PUB-02/intermediate_long/rep_0004/attempt_000/result.json"", ""artifacts/publication_campaign/tcc_calibration_confirmatory_v1/runs/PUB-02/intermediate_long/rep_0004/attempt_000/sampler_summary.csv"", ""artifacts/publication_campaign/tcc_calibration_confirmatory_v1/runs/PUB-02/intermediate_long/rep_0004/attempt_000/trace.nc"", ""artifacts/publication_campaign/tcc_calibration_confirmatory_v1/runs/PUB-02/intermediate_long/rep_0004/attempt_000/truth.json"", ""artifacts/publication_campaign/tcc_calibration_confirmatory_v1/runs/PUB-02/intermediate_long/rep_0004/attempt_000/worker_metadata.json""]",10.910726077516573,True,True
PUB-02__intermediate_long__rep_0005,PUB-02,intermediate_long,rep_0005,tcc_calibration_confirmatory_v1__PUB-02__intermediate_long__rep_0005,"{""generation"": 2782407664, ""inference"": 201197209, ""predictive"": 3626122693, ""resampling"": 2997493643}",artifacts/publication_campaign/tcc_calibration_confirmatory_v1/runs/PUB-02/intermediate_long/rep_0005,COMPLETED,1,,artifacts/publication_campaign/tcc_calibration_confirmatory_v1/runs/PUB-02/intermediate_long/rep_0005/attempt_000,"[""artifacts/publication_campaign/tcc_calibration_confirmatory_v1/runs/PUB-02/intermediate_long/rep_0005/attempt_000/completion_manifest.json"", ""artifacts/publication_campaign/tcc_calibration_confirmatory_v1/runs/PUB-02/intermediate_long/rep_0005/attempt_000/environment_preflight.json"", ""artifacts/publication_campaign/tcc_calibration_confirmatory_v1/runs/PUB-02/intermediate_long/rep_0005/attempt_000/inference_command.json"", ""artifacts/publication_campaign/tcc_calibration_confirmatory_v1/runs/PUB-02/intermediate_long/rep_0005/attempt_000/inference_config.json"", ""artifacts/publication_campaign/tcc_calibration_confirmatory_v1/runs/PUB-02/intermediate_long/rep_0005/attempt_000/inference_started.json"", ""artifacts/publication_campaign/tcc_calibration_confirmatory_v1/runs/PUB-02/intermediate_long/rep_0005/attempt_000/input.csv"", ""artifacts/publication_campaign/tcc_calibration_confirmatory_v1/runs/PUB-02/intermediate_long/rep_0005/attempt_000/job.json"", ""artifacts/publication_campaign/tcc_calibration_confirmatory_v1/runs/PUB-02/intermediate_long/rep_0005/attempt_000/predictive_summary.csv"", ""artifacts/publication_campaign/tcc_calibration_confirmatory_v1/runs/PUB-02/intermediate_long/rep_0005/attempt_000/result.json"", ""artifacts/publication_campaign/tcc_calibration_confirmatory_v1/runs/PUB-02/intermediate_long/rep_0005/attempt_000/sampler_summary.csv"", ""artifacts/publication_campaign/tcc_calibration_confirmatory_v1/runs/PUB-02/intermediate_long/rep_0005/attempt_000/trace.nc"", ""artifacts/publication_campaign/tcc_calibration_confirmatory_v1/runs/PUB-02/intermediate_long/rep_0005/attempt_000/truth.json"", ""artifacts/publication_campaign/tcc_calibration_confirmatory_v1/runs/PUB-02/intermediate_long/rep_0005/attempt_000/worker_metadata.json""]",10.910726077516573,True,True
PUB-02__intermediate_long__rep_0006,PUB-02,intermediate_long,rep_0006,tcc_calibration_confirmatory_v1__PUB-02__intermediate_long__rep_0006,"{""generation"": 1643239021, ""inference"": 2226430586, ""predictive"": 420409096, ""resampling"": 1095513207}",artifacts/publication_campaign/tcc_calibration_confirmatory_v1/runs/PUB-02/intermediate_long/rep_0006,COMPLETED,1,,artifacts/publication_campaign/tcc_calibration_confirmatory_v1/runs/PUB-02/intermediate_long/rep_0006/attempt_000,"[""artifacts/publication_campaign/tcc_calibration_confirmatory_v1/runs/PUB-02/intermediate_long/rep_0006/attempt_000/completion_manifest.json"", ""artifacts/publication_campaign/tcc_calibration_confirmatory_v1/runs/PUB-02/intermediate_long/rep_0006/attempt_000/environment_preflight.json"", ""artifacts/publication_campaign/tcc_calibration_confirmatory_v1/runs/PUB-02/intermediate_long/rep_0006/attempt_000/inference_command.json"", ""artifacts/publication_campaign/tcc_calibration_confirmatory_v1/runs/PUB-02/intermediate_long/rep_0006/attempt_000/inference_config.json"", ""artifacts/publication_campaign/tcc_calibration_confirmatory_v1/runs/PUB-02/intermediate_long/rep_0006/attempt_000/inference_started.json"", ""artifacts/publication_campaign/tcc_calibration_confirmatory_v1/runs/PUB-02/intermediate_long/rep_0006/attempt_000/input.csv"", ""artifacts/publication_campaign/tcc_calibration_confirmatory_v1/runs/PUB-02/intermediate_long/rep_0006/attempt_000/job.json"", ""artifacts/publication_campaign/tcc_calibration_confirmatory_v1/runs/PUB-02/intermediate_long/rep_0006/attempt_000/predictive_summary.csv"", ""artifacts/publication_campaign/tcc_calibration_confirmatory_v1/runs/PUB-02/intermediate_long/rep_0006/attempt_000/result.json"", ""artifacts/publication_campaign/tcc_calibration_confirmatory_v1/runs/PUB-02/intermediate_long/rep_0006/attempt_000/sampler_summary.csv"", ""artifacts/publication_campaign/tcc_calibration_confirmatory_v1/runs/PUB-02/intermediate_long/rep_0006/attempt_000/trace.nc"", ""artifacts/publication_campaign/tcc_calibration_confirmatory_v1/runs/PUB-02/intermediate_long/rep_0006/attempt_000/truth.json"", ""artifacts/publication_campaign/tcc_calibration_confirmatory_v1/runs/PUB-02/intermediate_long/rep_0006/attempt_000/worker_metadata.json""]",10.910726077516573,True,True
PUB-02__intermediate_long__rep_0007,PUB-02,intermediate_long,rep_0007,tcc_calibration_confirmatory_v1__PUB-02__intermediate_long__rep_0007,"{""generation"": 2788702591, ""inference"": 991433928, ""predictive"": 1990993127, ""resampling"": 1320320197}",artifacts/publication_campaign/tcc_calibration_confirmatory_v1/runs/PUB-02/intermediate_long/rep_0007,COMPLETED,1,,artifacts/publication_campaign/tcc_calibration_confirmatory_v1/runs/PUB-02/intermediate_long/rep_0007/attempt_000,"[""artifacts/publication_campaign/tcc_calibration_confirmatory_v1/runs/PUB-02/intermediate_long/rep_0007/attempt_000/completion_manifest.json"", ""artifacts/publication_campaign/tcc_calibration_confirmatory_v1/runs/PUB-02/intermediate_long/rep_0007/attempt_000/environment_preflight.json"", ""artifacts/publication_campaign/tcc_calibration_confirmatory_v1/runs/PUB-02/intermediate_long/rep_0007/attempt_000/inference_command.json"", ""artifacts/publication_campaign/tcc_calibration_confirmatory_v1/runs/PUB-02/intermediate_long/rep_0007/attempt_000/inference_config.json"", ""artifacts/publication_campaign/tcc_calibration_confirmatory_v1/runs/PUB-02/intermediate_long/rep_0007/attempt_000/inference_started.json"", ""artifacts/publication_campaign/tcc_calibration_confirmatory_v1/runs/PUB-02/intermediate_long/rep_0007/attempt_000/input.csv"", ""artifacts/publication_campaign/tcc_calibration_confirmatory_v1/runs/PUB-02/intermediate_long/rep_0007/attempt_000/job.json"", ""artifacts/publication_campaign/tcc_calibration_confirmatory_v1/runs/PUB-02/intermediate_long/rep_0007/attempt_000/predictive_summary.csv"", ""artifacts/publication_campaign/tcc_calibration_confirmatory_v1/runs/PUB-02/intermediate_long/rep_0007/attempt_000/result.json"", ""artifacts/publication_campaign/tcc_calibration_confirmatory_v1/runs/PUB-02/intermediate_long/rep_0007/attempt_000/sampler_summary.csv"", ""artifacts/publication_campaign/tcc_calibration_confirmatory_v1/runs/PUB-02/intermediate_long/rep_0007/attempt_000/trace.nc"", ""artifacts/publication_campaign/tcc_calibration_confirmatory_v1/runs/PUB-02/intermediate_long/rep_0007/attempt_000/truth.json"", ""artifacts/publication_campaign/tcc_calibration_confirmatory_v1/runs/PUB-02/intermediate_long/rep_0007/attempt_000/worker_metadata.json""]",10.910726077516573,True,True
PUB-02__intermediate_long__rep_0008,PUB-02,intermediate_long,rep_0008,tcc_calibration_confirmatory_v1__PUB-02__intermediate_long__rep_0008,"{""generation"": 2555462836, ""inference"": 1748047121, ""predictive"": 4111073797, ""resampling"": 3842918383}",artifacts/publication_campaign/tcc_calibration_confirmatory_v1/runs/PUB-02/intermediate_long/rep_0008,COMPLETED,1,,artifacts/publication_campaign/tcc_calibration_confirmatory_v1/runs/PUB-02/intermediate_long/rep_0008/attempt_000,"[""artifacts/publication_campaign/tcc_calibration_confirmatory_v1/runs/PUB-02/intermediate_long/rep_0008/attempt_000/completion_manifest.json"", ""artifacts/publication_campaign/tcc_calibration_confirmatory_v1/runs/PUB-02/intermediate_long/rep_0008/attempt_000/environment_preflight.json"", ""artifacts/publication_campaign/tcc_calibration_confirmatory_v1/runs/PUB-02/intermediate_long/rep_0008/attempt_000/inference_command.json"", ""artifacts/publication_campaign/tcc_calibration_confirmatory_v1/runs/PUB-02/intermediate_long/rep_0008/attempt_000/inference_config.json"", ""artifacts/publication_campaign/tcc_calibration_confirmatory_v1/runs/PUB-02/intermediate_long/rep_0008/attempt_000/inference_started.json"", ""artifacts/publication_campaign/tcc_calibration_confirmatory_v1/runs/PUB-02/intermediate_long/rep_0008/attempt_000/input.csv"", ""artifacts/publication_campaign/tcc_calibration_confirmatory_v1/runs/PUB-02/intermediate_long/rep_0008/attempt_000/job.json"", ""artifacts/publication_campaign/tcc_calibration_confirmatory_v1/runs/PUB-02/intermediate_long/rep_0008/attempt_000/predictive_summary.csv"", ""artifacts/publication_campaign/tcc_calibration_confirmatory_v1/runs/PUB-02/intermediate_long/rep_0008/attempt_000/result.json"", ""artifacts/publication_campaign/tcc_calibration_confirmatory_v1/runs/PUB-02/intermediate_long/rep_0008/attempt_000/sampler_summary.csv"", ""artifacts/publication_campaign/tcc_calibration_confirmatory_v1/runs/PUB-02/intermediate_long/rep_0008/attempt_000/trace.nc"", ""artifacts/publication_campaign/tcc_calibration_confirmatory_v1/runs/PUB-02/intermediate_long/rep_0008/attempt_000/truth.json"", ""artifacts/publication_campaign/tcc_calibration_confirmatory_v1/runs/PUB-02/intermediate_long/rep_0008/attempt_000/worker_metadata.json""]",10.910726077516573,True,True
PUB-02__intermediate_long__rep_0009,PUB-02,intermediate_long,rep_0009,tcc_calibration_confirmatory_v1__PUB-02__intermediate_long__rep_0009,"{""generation"": 779073894, ""inference"": 948101384, ""predictive"": 4223902664, ""resampling"": 1457747650}",artifacts/publication_campaign/tcc_calibration_confirmatory_v1/runs/PUB-02/intermediate_long/rep_0009,COMPLETED,1,,artifacts/publication_campaign/tcc_calibration_confirmatory_v1/runs/PUB-02/intermediate_long/rep_0009/attempt_000,"[""artifacts/publication_campaign/tcc_calibration_confirmatory_v1/runs/PUB-02/intermediate_long/rep_0009/attempt_000/completion_manifest.json"", ""artifacts/publication_campaign/tcc_calibration_confirmatory_v1/runs/PUB-02/intermediate_long/rep_0009/attempt_000/environment_preflight.json"", ""artifacts/publication_campaign/tcc_calibration_confirmatory_v1/runs/PUB-02/intermediate_long/rep_0009/attempt_000/inference_command.json"", ""artifacts/publication_campaign/tcc_calibration_confirmatory_v1/runs/PUB-02/intermediate_long/rep_0009/attempt_000/inference_config.json"", ""artifacts/publication_campaign/tcc_calibration_confirmatory_v1/runs/PUB-02/intermediate_long/rep_0009/attempt_000/inference_started.json"", ""artifacts/publication_campaign/tcc_calibration_confirmatory_v1/runs/PUB-02/intermediate_long/rep_0009/attempt_000/input.csv"", ""artifacts/publication_campaign/tcc_calibration_confirmatory_v1/runs/PUB-02/intermediate_long/rep_0009/attempt_000/job.json"", ""artifacts/publication_campaign/tcc_calibration_confirmatory_v1/runs/PUB-02/intermediate_long/rep_0009/attempt_000/predictive_summary.csv"", ""artifacts/publication_campaign/tcc_calibration_confirmatory_v1/runs/PUB-02/intermediate_long/rep_0009/attempt_000/result.json"", ""artifacts/publication_campaign/tcc_calibration_confirmatory_v1/runs/PUB-02/intermediate_long/rep_0009/attempt_000/sampler_summary.csv"", ""artifacts/publication_campaign/tcc_calibration_confirmatory_v1/runs/PUB-02/intermediate_long/rep_0009/attempt_000/trace.nc"", ""artifacts/publication_campaign/tcc_calibration_confirmatory_v1/runs/PUB-02/intermediate_long/rep_0009/attempt_000/truth.json"", ""artifacts/publication_campaign/tcc_calibration_confirmatory_v1/runs/PUB-02/intermediate_long/rep_0009/attempt_000/worker_metadata.json""]",10.910726077516573,True,True
PUB-02__intermediate_long__rep_0010,PUB-02,intermediate_long,rep_0010,tcc_calibration_confirmatory_v1__PUB-02__intermediate_long__rep_0010,"{""generation"": 2656047398, ""inference"": 3513254059, ""predictive"": 1423603176, ""resampling"": 1009109279}",artifacts/publication_campaign/tcc_calibration_confirmatory_v1/runs/PUB-02/intermediate_long/rep_0010,COMPLETED,1,,artifacts/publication_campaign/tcc_calibration_confirmatory_v1/runs/PUB-02/intermediate_long/rep_0010/attempt_000,"[""artifacts/publication_campaign/tcc_calibration_confirmatory_v1/runs/PUB-02/intermediate_long/rep_0010/attempt_000/completion_manifest.json"", ""artifacts/publication_campaign/tcc_calibration_confirmatory_v1/runs/PUB-02/intermediate_long/rep_0010/attempt_000/environment_preflight.json"", ""artifacts/publication_campaign/tcc_calibration_confirmatory_v1/runs/PUB-02/intermediate_long/rep_0010/attempt_000/inference_command.json"", ""artifacts/publication_campaign/tcc_calibration_confirmatory_v1/runs/PUB-02/intermediate_long/rep_0010/attempt_000/inference_config.json"", ""artifacts/publication_campaign/tcc_calibration_confirmatory_v1/runs/PUB-02/intermediate_long/rep_0010/attempt_000/inference_started.json"", ""artifacts/publication_campaign/tcc_calibration_confirmatory_v1/runs/PUB-02/intermediate_long/rep_0010/attempt_000/input.csv"", ""artifacts/publication_campaign/tcc_calibration_confirmatory_v1/runs/PUB-02/intermediate_long/rep_0010/attempt_000/job.json"", ""artifacts/publication_campaign/tcc_calibration_confirmatory_v1/runs/PUB-02/intermediate_long/rep_0010/attempt_000/predictive_summary.csv"", ""artifacts/publication_campaign/tcc_calibration_confirmatory_v1/runs/PUB-02/intermediate_long/rep_0010/attempt_000/result.json"", ""artifacts/publication_campaign/tcc_calibration_confirmatory_v1/runs/PUB-02/intermediate_long/rep_0010/attempt_000/sampler_summary.csv"", ""artifacts/publication_campaign/tcc_calibration_confirmatory_v1/runs/PUB-02/intermediate_long/rep_0010/attempt_000/trace.nc"", ""artifacts/publication_campaign/tcc_calibration_confirmatory_v1/runs/PUB-02/intermediate_long/rep_0010/attempt_000/truth.json"", ""artifacts/publication_campaign/tcc_calibration_confirmatory_v1/runs/PUB-02/intermediate_long/rep_0010/attempt_000/worker_metadata.json""]",10.910726077516573,True,True
PUB-02__intermediate_long__rep_0011,PUB-02,intermediate_long,rep_0011,tcc_calibration_confirmatory_v1__PUB-02__intermediate_long__rep_0011,"{""generation"": 2950024858, ""inference"": 3754800728, ""predictive"": 4143821774, ""resampling"": 3830398387}",artifacts/publication_campaign/tcc_calibration_confirmatory_v1/runs/PUB-02/intermediate_long/rep_0011,COMPLETED_REJECTED,1,,artifacts/publication_campaign/tcc_calibration_confirmatory_v1/runs/PUB-02/intermediate_long/rep_0011/attempt_000,"[""artifacts/publication_campaign/tcc_calibration_confirmatory_v1/runs/PUB-02/intermediate_long/rep_0011/attempt_000/completion_manifest.json"", ""artifacts/publication_campaign/tcc_calibration_confirmatory_v1/runs/PUB-02/intermediate_long/rep_0011/attempt_000/environment_preflight.json"", ""artifacts/publication_campaign/tcc_calibration_confirmatory_v1/runs/PUB-02/intermediate_long/rep_0011/attempt_000/inference_command.json"", ""artifacts/publication_campaign/tcc_calibration_confirmatory_v1/runs/PUB-02/intermediate_long/rep_0011/attempt_000/inference_config.json"", ""artifacts/publication_campaign/tcc_calibration_confirmatory_v1/runs/PUB-02/intermediate_long/rep_0011/attempt_000/inference_started.json"", ""artifacts/publication_campaign/tcc_calibration_confirmatory_v1/runs/PUB-02/intermediate_long/rep_0011/attempt_000/input.csv"", ""artifacts/publication_campaign/tcc_calibration_confirmatory_v1/runs/PUB-02/intermediate_long/rep_0011/attempt_000/job.json"", ""artifacts/publication_campaign/tcc_calibration_confirmatory_v1/runs/PUB-02/intermediate_long/rep_0011/attempt_000/predictive_summary.csv"", ""artifacts/publication_campaign/tcc_calibration_confirmatory_v1/runs/PUB-02/intermediate_long/rep_0011/attempt_000/result.json"", ""artifacts/publication_campaign/tcc_calibration_confirmatory_v1/runs/PUB-02/intermediate_long/rep_0011/attempt_000/sampler_summary.csv"", ""artifacts/publication_campaign/tcc_calibration_confirmatory_v1/runs/PUB-02/intermediate_long/rep_0011/attempt_000/trace.nc"", ""artifacts/publication_campaign/tcc_calibration_confirmatory_v1/runs/PUB-02/intermediate_long/rep_0011/attempt_000/truth.json"", ""artifacts/publication_campaign/tcc_calibration_confirmatory_v1/runs/PUB-02/intermediate_long/rep_0011/attempt_000/worker_metadata.json""]",10.910726077516573,False,False
PUB-02__intermediate_long__rep_0012,PUB-02,intermediate_long,rep_0012,tcc_calibration_confirmatory_v1__PUB-02__intermediate_long__rep_0012,"{""generation"": 1118145438, ""inference"": 3359613190, ""predictive"": 3794470646, ""resampling"": 2532017401}",artifacts/publication_campaign/tcc_calibration_confirmatory_v1/runs/PUB-02/intermediate_long/rep_0012,COMPLETED,1,,artifacts/publication_campaign/tcc_calibration_confirmatory_v1/runs/PUB-02/intermediate_long/rep_0012/attempt_000,"[""artifacts/publication_campaign/tcc_calibration_confirmatory_v1/runs/PUB-02/intermediate_long/rep_0012/attempt_000/completion_manifest.json"", ""artifacts/publication_campaign/tcc_calibration_confirmatory_v1/runs/PUB-02/intermediate_long/rep_0012/attempt_000/environment_preflight.json"", ""artifacts/publication_campaign/tcc_calibration_confirmatory_v1/runs/PUB-02/intermediate_long/rep_0012/attempt_000/inference_command.json"", ""artifacts/publication_campaign/tcc_calibration_confirmatory_v1/runs/PUB-02/intermediate_long/rep_0012/attempt_000/inference_config.json"", ""artifacts/publication_campaign/tcc_calibration_confirmatory_v1/runs/PUB-02/intermediate_long/rep_0012/attempt_000/inference_started.json"", ""artifacts/publication_campaign/tcc_calibration_confirmatory_v1/runs/PUB-02/intermediate_long/rep_0012/attempt_000/input.csv"", ""artifacts/publication_campaign/tcc_calibration_confirmatory_v1/runs/PUB-02/intermediate_long/rep_0012/attempt_000/job.json"", ""artifacts/publication_campaign/tcc_calibration_confirmatory_v1/runs/PUB-02/intermediate_long/rep_0012/attempt_000/predictive_summary.csv"", ""artifacts/publication_campaign/tcc_calibration_confirmatory_v1/runs/PUB-02/intermediate_long/rep_0012/attempt_000/result.json"", ""artifacts/publication_campaign/tcc_calibration_confirmatory_v1/runs/PUB-02/intermediate_long/rep_0012/attempt_000/sampler_summary.csv"", ""artifacts/publication_campaign/tcc_calibration_confirmatory_v1/runs/PUB-02/intermediate_long/rep_0012/attempt_000/trace.nc"", ""artifacts/publication_campaign/tcc_calibration_confirmatory_v1/runs/PUB-02/intermediate_long/rep_0012/attempt_000/truth.json"", ""artifacts/publication_campaign/tcc_calibration_confirmatory_v1/runs/PUB-02/intermediate_long/rep_0012/attempt_000/worker_metadata.json""]",10.910726077516573,True,True
PUB-02__intermediate_long__rep_0013,PUB-02,intermediate_long,rep_0013,tcc_calibration_confirmatory_v1__PUB-02__intermediate_long__rep_0013,"{""generation"": 4233064672, ""inference"": 4276363097, ""predictive"": 531548030, ""resampling"": 3435288407}",artifacts/publication_campaign/tcc_calibration_confirmatory_v1/runs/PUB-02/intermediate_long/rep_0013,COMPLETED,1,,artifacts/publication_campaign/tcc_calibration_confirmatory_v1/runs/PUB-02/intermediate_long/rep_0013/attempt_000,"[""artifacts/publication_campaign/tcc_calibration_confirmatory_v1/runs/PUB-02/intermediate_long/rep_0013/attempt_000/completion_manifest.json"", ""artifacts/publication_campaign/tcc_calibration_confirmatory_v1/runs/PUB-02/intermediate_long/rep_0013/attempt_000/environment_preflight.json"", ""artifacts/publication_campaign/tcc_calibration_confirmatory_v1/runs/PUB-02/intermediate_long/rep_0013/attempt_000/inference_command.json"", ""artifacts/publication_campaign/tcc_calibration_confirmatory_v1/runs/PUB-02/intermediate_long/rep_0013/attempt_000/inference_config.json"", ""artifacts/publication_campaign/tcc_calibration_confirmatory_v1/runs/PUB-02/intermediate_long/rep_0013/attempt_000/inference_started.json"", ""artifacts/publication_campaign/tcc_calibration_confirmatory_v1/runs/PUB-02/intermediate_long/rep_0013/attempt_000/input.csv"", ""artifacts/publication_campaign/tcc_calibration_confirmatory_v1/runs/PUB-02/intermediate_long/rep_0013/attempt_000/job.json"", ""artifacts/publication_campaign/tcc_calibration_confirmatory_v1/runs/PUB-02/intermediate_long/rep_0013/attempt_000/predictive_summary.csv"", ""artifacts/publication_campaign/tcc_calibration_confirmatory_v1/runs/PUB-02/intermediate_long/rep_0013/attempt_000/result.json"", ""artifacts/publication_campaign/tcc_calibration_confirmatory_v1/runs/PUB-02/intermediate_long/rep_0013/attempt_000/sampler_summary.csv"", ""artifacts/publication_campaign/tcc_calibration_confirmatory_v1/runs/PUB-02/intermediate_long/rep_0013/attempt_000/trace.nc"", ""artifacts/publication_campaign/tcc_calibration_confirmatory_v1/runs/PUB-02/intermediate_long/rep_0013/attempt_000/truth.json"", ""artifacts/publication_campaign/tcc_calibration_confirmatory_v1/runs/PUB-02/intermediate_long/rep_0013/attempt_000/worker_metadata.json""]",10.910726077516573,True,True
PUB-02__intermediate_long__rep_0014,PUB-02,intermediate_long,rep_0014,tcc_calibration_confirmatory_v1__PUB-02__intermediate_long__rep_0014,"{""generation"": 1608396073, ""inference"": 1412900047, ""predictive"": 2404333636, ""resampling"": 417154385}",artifacts/publication_campaign/tcc_calibration_confirmatory_v1/runs/PUB-02/intermediate_long/rep_0014,COMPLETED,1,,artifacts/publication_campaign/tcc_calibration_confirmatory_v1/runs/PUB-02/intermediate_long/rep_0014/attempt_000,"[""artifacts/publication_campaign/tcc_calibration_confirmatory_v1/runs/PUB-02/intermediate_long/rep_0014/attempt_000/completion_manifest.json"", ""artifacts/publication_campaign/tcc_calibration_confirmatory_v1/runs/PUB-02/intermediate_long/rep_0014/attempt_000/environment_preflight.json"", ""artifacts/publication_campaign/tcc_calibration_confirmatory_v1/runs/PUB-02/intermediate_long/rep_0014/attempt_000/inference_command.json"", ""artifacts/publication_campaign/tcc_calibration_confirmatory_v1/runs/PUB-02/intermediate_long/rep_0014/attempt_000/inference_config.json"", ""artifacts/publication_campaign/tcc_calibration_confirmatory_v1/runs/PUB-02/intermediate_long/rep_0014/attempt_000/inference_started.json"", ""artifacts/publication_campaign/tcc_calibration_confirmatory_v1/runs/PUB-02/intermediate_long/rep_0014/attempt_000/input.csv"", ""artifacts/publication_campaign/tcc_calibration_confirmatory_v1/runs/PUB-02/intermediate_long/rep_0014/attempt_000/job.json"", ""artifacts/publication_campaign/tcc_calibration_confirmatory_v1/runs/PUB-02/intermediate_long/rep_0014/attempt_000/predictive_summary.csv"", ""artifacts/publication_campaign/tcc_calibration_confirmatory_v1/runs/PUB-02/intermediate_long/rep_0014/attempt_000/result.json"", ""artifacts/publication_campaign/tcc_calibration_confirmatory_v1/runs/PUB-02/intermediate_long/rep_0014/attempt_000/sampler_summary.csv"", ""artifacts/publication_campaign/tcc_calibration_confirmatory_v1/runs/PUB-02/intermediate_long/rep_0014/attempt_000/trace.nc"", ""artifacts/publication_campaign/tcc_calibration_confirmatory_v1/runs/PUB-02/intermediate_long/rep_0014/attempt_000/truth.json"", ""artifacts/publication_campaign/tcc_calibration_confirmatory_v1/runs/PUB-02/intermediate_long/rep_0014/attempt_000/worker_metadata.json""]",10.910726077516573,True,True
PUB-02__intermediate_long__rep_0015,PUB-02,intermediate_long,rep_0015,tcc_calibration_confirmatory_v1__PUB-02__intermediate_long__rep_0015,"{""generation"": 4016120398, ""inference"": 3215659391, ""predictive"": 198018199, ""resampling"": 963365306}",artifacts/publication_campaign/tcc_calibration_confirmatory_v1/runs/PUB-02/intermediate_long/rep_0015,COMPLETED_REJECTED,1,,artifacts/publication_campaign/tcc_calibration_confirmatory_v1/runs/PUB-02/intermediate_long/rep_0015/attempt_000,"[""artifacts/publication_campaign/tcc_calibration_confirmatory_v1/runs/PUB-02/intermediate_long/rep_0015/attempt_000/completion_manifest.json"", ""artifacts/publication_campaign/tcc_calibration_confirmatory_v1/runs/PUB-02/intermediate_long/rep_0015/attempt_000/environment_preflight.json"", ""artifacts/publication_campaign/tcc_calibration_confirmatory_v1/runs/PUB-02/intermediate_long/rep_0015/attempt_000/inference_command.json"", ""artifacts/publication_campaign/tcc_calibration_confirmatory_v1/runs/PUB-02/intermediate_long/rep_0015/attempt_000/inference_config.json"", ""artifacts/publication_campaign/tcc_calibration_confirmatory_v1/runs/PUB-02/intermediate_long/rep_0015/attempt_000/inference_started.json"", ""artifacts/publication_campaign/tcc_calibration_confirmatory_v1/runs/PUB-02/intermediate_long/rep_0015/attempt_000/input.csv"", ""artifacts/publication_campaign/tcc_calibration_confirmatory_v1/runs/PUB-02/intermediate_long/rep_0015/attempt_000/job.json"", ""artifacts/publication_campaign/tcc_calibration_confirmatory_v1/runs/PUB-02/intermediate_long/rep_0015/attempt_000/predictive_summary.csv"", ""artifacts/publication_campaign/tcc_calibration_confirmatory_v1/runs/PUB-02/intermediate_long/rep_0015/attempt_000/result.json"", ""artifacts/publication_campaign/tcc_calibration_confirmatory_v1/runs/PUB-02/intermediate_long/rep_0015/attempt_000/sampler_summary.csv"", ""artifacts/publication_campaign/tcc_calibration_confirmatory_v1/runs/PUB-02/intermediate_long/rep_0015/attempt_000/trace.nc"", ""artifacts/publication_campaign/tcc_calibration_confirmatory_v1/runs/PUB-02/intermediate_long/rep_0015/attempt_000/truth.json"", ""artifacts/publication_campaign/tcc_calibration_confirmatory_v1/runs/PUB-02/intermediate_long/rep_0015/attempt_000/worker_metadata.json""]",10.910726077516573,False,False
PUB-02__intermediate_long__rep_0016,PUB-02,intermediate_long,rep_0016,tcc_calibration_confirmatory_v1__PUB-02__intermediate_long__rep_0016,"{""generation"": 925764069, ""inference"": 886344978, ""predictive"": 118039114, ""resampling"": 1244196908}",artifacts/publication_campaign/tcc_calibration_confirmatory_v1/runs/PUB-02/intermediate_long/rep_0016,COMPLETED,1,,artifacts/publication_campaign/tcc_calibration_confirmatory_v1/runs/PUB-02/intermediate_long/rep_0016/attempt_000,"[""artifacts/publication_campaign/tcc_calibration_confirmatory_v1/runs/PUB-02/intermediate_long/rep_0016/attempt_000/completion_manifest.json"", ""artifacts/publication_campaign/tcc_calibration_confirmatory_v1/runs/PUB-02/intermediate_long/rep_0016/attempt_000/environment_preflight.json"", ""artifacts/publication_campaign/tcc_calibration_confirmatory_v1/runs/PUB-02/intermediate_long/rep_0016/attempt_000/inference_command.json"", ""artifacts/publication_campaign/tcc_calibration_confirmatory_v1/runs/PUB-02/intermediate_long/rep_0016/attempt_000/inference_config.json"", ""artifacts/publication_campaign/tcc_calibration_confirmatory_v1/runs/PUB-02/intermediate_long/rep_0016/attempt_000/inference_started.json"", ""artifacts/publication_campaign/tcc_calibration_confirmatory_v1/runs/PUB-02/intermediate_long/rep_0016/attempt_000/input.csv"", ""artifacts/publication_campaign/tcc_calibration_confirmatory_v1/runs/PUB-02/intermediate_long/rep_0016/attempt_000/job.json"", ""artifacts/publication_campaign/tcc_calibration_confirmatory_v1/runs/PUB-02/intermediate_long/rep_0016/attempt_000/predictive_summary.csv"", ""artifacts/publication_campaign/tcc_calibration_confirmatory_v1/runs/PUB-02/intermediate_long/rep_0016/attempt_000/result.json"", ""artifacts/publication_campaign/tcc_calibration_confirmatory_v1/runs/PUB-02/intermediate_long/rep_0016/attempt_000/sampler_summary.csv"", ""artifacts/publication_campaign/tcc_calibration_confirmatory_v1/runs/PUB-02/intermediate_long/rep_0016/attempt_000/trace.nc"", ""artifacts/publication_campaign/tcc_calibration_confirmatory_v1/runs/PUB-02/intermediate_long/rep_0016/attempt_000/truth.json"", ""artifacts/publication_campaign/tcc_calibration_confirmatory_v1/runs/PUB-02/intermediate_long/rep_0016/attempt_000/worker_metadata.json""]",10.910726077516573,True,True
PUB-02__intermediate_long__rep_0017,PUB-02,intermediate_long,rep_0017,tcc_calibration_confirmatory_v1__PUB-02__intermediate_long__rep_0017,"{""generation"": 625076414, ""inference"": 1741871562, ""predictive"": 2139159325, ""resampling"": 1316113170}",artifacts/publication_campaign/tcc_calibration_confirmatory_v1/runs/PUB-02/intermediate_long/rep_0017,COMPLETED,1,,artifacts/publication_campaign/tcc_calibration_confirmatory_v1/runs/PUB-02/intermediate_long/rep_0017/attempt_000,"[""artifacts/publication_campaign/tcc_calibration_confirmatory_v1/runs/PUB-02/intermediate_long/rep_0017/attempt_000/completion_manifest.json"", ""artifacts/publication_campaign/tcc_calibration_confirmatory_v1/runs/PUB-02/intermediate_long/rep_0017/attempt_000/environment_preflight.json"", ""artifacts/publication_campaign/tcc_calibration_confirmatory_v1/runs/PUB-02/intermediate_long/rep_0017/attempt_000/inference_command.json"", ""artifacts/publication_campaign/tcc_calibration_confirmatory_v1/runs/PUB-02/intermediate_long/rep_0017/attempt_000/inference_config.json"", ""artifacts/publication_campaign/tcc_calibration_confirmatory_v1/runs/PUB-02/intermediate_long/rep_0017/attempt_000/inference_started.json"", ""artifacts/publication_campaign/tcc_calibration_confirmatory_v1/runs/PUB-02/intermediate_long/rep_0017/attempt_000/input.csv"", ""artifacts/publication_campaign/tcc_calibration_confirmatory_v1/runs/PUB-02/intermediate_long/rep_0017/attempt_000/job.json"", ""artifacts/publication_campaign/tcc_calibration_confirmatory_v1/runs/PUB-02/intermediate_long/rep_0017/attempt_000/predictive_summary.csv"", ""artifacts/publication_campaign/tcc_calibration_confirmatory_v1/runs/PUB-02/intermediate_long/rep_0017/attempt_000/result.json"", ""artifacts/publication_campaign/tcc_calibration_confirmatory_v1/runs/PUB-02/intermediate_long/rep_0017/attempt_000/sampler_summary.csv"", ""artifacts/publication_campaign/tcc_calibration_confirmatory_v1/runs/PUB-02/intermediate_long/rep_0017/attempt_000/trace.nc"", ""artifacts/publication_campaign/tcc_calibration_confirmatory_v1/runs/PUB-02/intermediate_long/rep_0017/attempt_000/truth.json"", ""artifacts/publication_campaign/tcc_calibration_confirmatory_v1/runs/PUB-02/intermediate_long/rep_0017/attempt_000/worker_metadata.json""]",10.910726077516573,True,True
PUB-02__intermediate_long__rep_0018,PUB-02,intermediate_long,rep_0018,tcc_calibration_confirmatory_v1__PUB-02__intermediate_long__rep_0018,"{""generation"": 3602500040, ""inference"": 758057336, ""predictive"": 1223731493, ""resampling"": 1117038462}",artifacts/publication_campaign/tcc_calibration_confirmatory_v1/runs/PUB-02/intermediate_long/rep_0018,COMPLETED,1,,artifacts/publication_campaign/tcc_calibration_confirmatory_v1/runs/PUB-02/intermediate_long/rep_0018/attempt_000,"[""artifacts/publication_campaign/tcc_calibration_confirmatory_v1/runs/PUB-02/intermediate_long/rep_0018/attempt_000/completion_manifest.json"", ""artifacts/publication_campaign/tcc_calibration_confirmatory_v1/runs/PUB-02/intermediate_long/rep_0018/attempt_000/environment_preflight.json"", ""artifacts/publication_campaign/tcc_calibration_confirmatory_v1/runs/PUB-02/intermediate_long/rep_0018/attempt_000/inference_command.json"", ""artifacts/publication_campaign/tcc_calibration_confirmatory_v1/runs/PUB-02/intermediate_long/rep_0018/attempt_000/inference_config.json"", ""artifacts/publication_campaign/tcc_calibration_confirmatory_v1/runs/PUB-02/intermediate_long/rep_0018/attempt_000/inference_started.json"", ""artifacts/publication_campaign/tcc_calibration_confirmatory_v1/runs/PUB-02/intermediate_long/rep_0018/attempt_000/input.csv"", ""artifacts/publication_campaign/tcc_calibration_confirmatory_v1/runs/PUB-02/intermediate_long/rep_0018/attempt_000/job.json"", ""artifacts/publication_campaign/tcc_calibration_confirmatory_v1/runs/PUB-02/intermediate_long/rep_0018/attempt_000/predictive_summary.csv"", ""artifacts/publication_campaign/tcc_calibration_confirmatory_v1/runs/PUB-02/intermediate_long/rep_0018/attempt_000/result.json"", ""artifacts/publication_campaign/tcc_calibration_confirmatory_v1/runs/PUB-02/intermediate_long/rep_0018/attempt_000/sampler_summary.csv"", ""artifacts/publication_campaign/tcc_calibration_confirmatory_v1/runs/PUB-02/intermediate_long/rep_0018/attempt_000/trace.nc"", ""artifacts/publication_campaign/tcc_calibration_confirmatory_v1/runs/PUB-02/intermediate_long/rep_0018/attempt_000/truth.json"", ""artifacts/publication_campaign/tcc_calibration_confirmatory_v1/runs/PUB-02/intermediate_long/rep_0018/attempt_000/worker_metadata.json""]",10.910726077516573,True,True
PUB-02__intermediate_long__rep_0019,PUB-02,intermediate_long,rep_0019,tcc_calibration_confirmatory_v1__PUB-02__intermediate_long__rep_0019,"{""generation"": 3101802270, ""inference"": 712194941, ""predictive"": 1465258562, ""resampling"": 1876521872}",artifacts/publication_campaign/tcc_calibration_confirmatory_v1/runs/PUB-02/intermediate_long/rep_0019,COMPLETED,1,,artifacts/publication_campaign/tcc_calibration_confirmatory_v1/runs/PUB-02/intermediate_long/rep_0019/attempt_000,"[""artifacts/publication_campaign/tcc_calibration_confirmatory_v1/runs/PUB-02/intermediate_long/rep_0019/attempt_000/completion_manifest.json"", ""artifacts/publication_campaign/tcc_calibration_confirmatory_v1/runs/PUB-02/intermediate_long/rep_0019/attempt_000/environment_preflight.json"", ""artifacts/publication_campaign/tcc_calibration_confirmatory_v1/runs/PUB-02/intermediate_long/rep_0019/attempt_000/inference_command.json"", ""artifacts/publication_campaign/tcc_calibration_confirmatory_v1/runs/PUB-02/intermediate_long/rep_0019/attempt_000/inference_config.json"", ""artifacts/publication_campaign/tcc_calibration_confirmatory_v1/runs/PUB-02/intermediate_long/rep_0019/attempt_000/inference_started.json"", ""artifacts/publication_campaign/tcc_calibration_confirmatory_v1/runs/PUB-02/intermediate_long/rep_0019/attempt_000/input.csv"", ""artifacts/publication_campaign/tcc_calibration_confirmatory_v1/runs/PUB-02/intermediate_long/rep_0019/attempt_000/job.json"", ""artifacts/publication_campaign/tcc_calibration_confirmatory_v1/runs/PUB-02/intermediate_long/rep_0019/attempt_000/predictive_summary.csv"", ""artifacts/publication_campaign/tcc_calibration_confirmatory_v1/runs/PUB-02/intermediate_long/rep_0019/attempt_000/result.json"", ""artifacts/publication_campaign/tcc_calibration_confirmatory_v1/runs/PUB-02/intermediate_long/rep_0019/attempt_000/sampler_summary.csv"", ""artifacts/publication_campaign/tcc_calibration_confirmatory_v1/runs/PUB-02/intermediate_long/rep_0019/attempt_000/trace.nc"", ""artifacts/publication_campaign/tcc_calibration_confirmatory_v1/runs/PUB-02/intermediate_long/rep_0019/attempt_000/truth.json"", ""artifacts/publication_campaign/tcc_calibration_confirmatory_v1/runs/PUB-02/intermediate_long/rep_0019/attempt_000/worker_metadata.json""]",10.910726077516573,True,True
PUB-02__intermediate_long__rep_0020,PUB-02,intermediate_long,rep_0020,tcc_calibration_confirmatory_v1__PUB-02__intermediate_long__rep_0020,"{""generation"": 105618345, ""inference"": 2885390258, ""predictive"": 2822148240, ""resampling"": 380850282}",artifacts/publication_campaign/tcc_calibration_confirmatory_v1/runs/PUB-02/intermediate_long/rep_0020,COMPLETED,1,,artifacts/publication_campaign/tcc_calibration_confirmatory_v1/runs/PUB-02/intermediate_long/rep_0020/attempt_000,"[""artifacts/publication_campaign/tcc_calibration_confirmatory_v1/runs/PUB-02/intermediate_long/rep_0020/attempt_000/completion_manifest.json"", ""artifacts/publication_campaign/tcc_calibration_confirmatory_v1/runs/PUB-02/intermediate_long/rep_0020/attempt_000/environment_preflight.json"", ""artifacts/publication_campaign/tcc_calibration_confirmatory_v1/runs/PUB-02/intermediate_long/rep_0020/attempt_000/inference_command.json"", ""artifacts/publication_campaign/tcc_calibration_confirmatory_v1/runs/PUB-02/intermediate_long/rep_0020/attempt_000/inference_config.json"", ""artifacts/publication_campaign/tcc_calibration_confirmatory_v1/runs/PUB-02/intermediate_long/rep_0020/attempt_000/inference_started.json"", ""artifacts/publication_campaign/tcc_calibration_confirmatory_v1/runs/PUB-02/intermediate_long/rep_0020/attempt_000/input.csv"", ""artifacts/publication_campaign/tcc_calibration_confirmatory_v1/runs/PUB-02/intermediate_long/rep_0020/attempt_000/job.json"", ""artifacts/publication_campaign/tcc_calibration_confirmatory_v1/runs/PUB-02/intermediate_long/rep_0020/attempt_000/predictive_summary.csv"", ""artifacts/publication_campaign/tcc_calibration_confirmatory_v1/runs/PUB-02/intermediate_long/rep_0020/attempt_000/result.json"", ""artifacts/publication_campaign/tcc_calibration_confirmatory_v1/runs/PUB-02/intermediate_long/rep_0020/attempt_000/sampler_summary.csv"", ""artifacts/publication_campaign/tcc_calibration_confirmatory_v1/runs/PUB-02/intermediate_long/rep_0020/attempt_000/trace.nc"", ""artifacts/publication_campaign/tcc_calibration_confirmatory_v1/runs/PUB-02/intermediate_long/rep_0020/attempt_000/truth.json"", ""artifacts/publication_campaign/tcc_calibration_confirmatory_v1/runs/PUB-02/intermediate_long/rep_0020/attempt_000/worker_metadata.json""]",10.910726077516573,True,True
PUB-02__intermediate_long__rep_0021,PUB-02,intermediate_long,rep_0021,tcc_calibration_confirmatory_v1__PUB-02__intermediate_long__rep_0021,"{""generation"": 2982214064, ""inference"": 846101934, ""predictive"": 2254482332, ""resampling"": 4085825901}",artifacts/publication_campaign/tcc_calibration_confirmatory_v1/runs/PUB-02/intermediate_long/rep_0021,COMPLETED,1,,artifacts/publication_campaign/tcc_calibration_confirmatory_v1/runs/PUB-02/intermediate_long/rep_0021/attempt_000,"[""artifacts/publication_campaign/tcc_calibration_confirmatory_v1/runs/PUB-02/intermediate_long/rep_0021/attempt_000/completion_manifest.json"", ""artifacts/publication_campaign/tcc_calibration_confirmatory_v1/runs/PUB-02/intermediate_long/rep_0021/attempt_000/environment_preflight.json"", ""artifacts/publication_campaign/tcc_calibration_confirmatory_v1/runs/PUB-02/intermediate_long/rep_0021/attempt_000/inference_command.json"", ""artifacts/publication_campaign/tcc_calibration_confirmatory_v1/runs/PUB-02/intermediate_long/rep_0021/attempt_000/inference_config.json"", ""artifacts/publication_campaign/tcc_calibration_confirmatory_v1/runs/PUB-02/intermediate_long/rep_0021/attempt_000/inference_started.json"", ""artifacts/publication_campaign/tcc_calibration_confirmatory_v1/runs/PUB-02/intermediate_long/rep_0021/attempt_000/input.csv"", ""artifacts/publication_campaign/tcc_calibration_confirmatory_v1/runs/PUB-02/intermediate_long/rep_0021/attempt_000/job.json"", ""artifacts/publication_campaign/tcc_calibration_confirmatory_v1/runs/PUB-02/intermediate_long/rep_0021/attempt_000/predictive_summary.csv"", ""artifacts/publication_campaign/tcc_calibration_confirmatory_v1/runs/PUB-02/intermediate_long/rep_0021/attempt_000/result.json"", ""artifacts/publication_campaign/tcc_calibration_confirmatory_v1/runs/PUB-02/intermediate_long/rep_0021/attempt_000/sampler_summary.csv"", ""artifacts/publication_campaign/tcc_calibration_confirmatory_v1/runs/PUB-02/intermediate_long/rep_0021/attempt_000/trace.nc"", ""artifacts/publication_campaign/tcc_calibration_confirmatory_v1/runs/PUB-02/intermediate_long/rep_0021/attempt_000/truth.json"", ""artifacts/publication_campaign/tcc_calibration_confirmatory_v1/runs/PUB-02/intermediate_long/rep_0021/attempt_000/worker_metadata.json""]",10.910726077516573,True,True
PUB-02__intermediate_long__rep_0022,PUB-02,intermediate_long,rep_0022,tcc_calibration_confirmatory_v1__PUB-02__intermediate_long__rep_0022,"{""generation"": 2513603893, ""inference"": 3008092468, ""predictive"": 2451130003, ""resampling"": 44235803}",artifacts/publication_campaign/tcc_calibration_confirmatory_v1/runs/PUB-02/intermediate_long/rep_0022,COMPLETED,1,,artifacts/publication_campaign/tcc_calibration_confirmatory_v1/runs/PUB-02/intermediate_long/rep_0022/attempt_000,"[""artifacts/publication_campaign/tcc_calibration_confirmatory_v1/runs/PUB-02/intermediate_long/rep_0022/attempt_000/completion_manifest.json"", ""artifacts/publication_campaign/tcc_calibration_confirmatory_v1/runs/PUB-02/intermediate_long/rep_0022/attempt_000/environment_preflight.json"", ""artifacts/publication_campaign/tcc_calibration_confirmatory_v1/runs/PUB-02/intermediate_long/rep_0022/attempt_000/inference_command.json"", ""artifacts/publication_campaign/tcc_calibration_confirmatory_v1/runs/PUB-02/intermediate_long/rep_0022/attempt_000/inference_config.json"", ""artifacts/publication_campaign/tcc_calibration_confirmatory_v1/runs/PUB-02/intermediate_long/rep_0022/attempt_000/inference_started.json"", ""artifacts/publication_campaign/tcc_calibration_confirmatory_v1/runs/PUB-02/intermediate_long/rep_0022/attempt_000/input.csv"", ""artifacts/publication_campaign/tcc_calibration_confirmatory_v1/runs/PUB-02/intermediate_long/rep_0022/attempt_000/job.json"", ""artifacts/publication_campaign/tcc_calibration_confirmatory_v1/runs/PUB-02/intermediate_long/rep_0022/attempt_000/predictive_summary.csv"", ""artifacts/publication_campaign/tcc_calibration_confirmatory_v1/runs/PUB-02/intermediate_long/rep_0022/attempt_000/result.json"", ""artifacts/publication_campaign/tcc_calibration_confirmatory_v1/runs/PUB-02/intermediate_long/rep_0022/attempt_000/sampler_summary.csv"", ""artifacts/publication_campaign/tcc_calibration_confirmatory_v1/runs/PUB-02/intermediate_long/rep_0022/attempt_000/trace.nc"", ""artifacts/publication_campaign/tcc_calibration_confirmatory_v1/runs/PUB-02/intermediate_long/rep_0022/attempt_000/truth.json"", ""artifacts/publication_campaign/tcc_calibration_confirmatory_v1/runs/PUB-02/intermediate_long/rep_0022/attempt_000/worker_metadata.json""]",10.910726077516573,True,True
PUB-02__intermediate_long__rep_0023,PUB-02,intermediate_long,rep_0023,tcc_calibration_confirmatory_v1__PUB-02__intermediate_long__rep_0023,"{""generation"": 694572428, ""inference"": 1185101209, ""predictive"": 1020784820, ""resampling"": 3600297161}",artifacts/publication_campaign/tcc_calibration_confirmatory_v1/runs/PUB-02/intermediate_long/rep_0023,COMPLETED,1,,artifacts/publication_campaign/tcc_calibration_confirmatory_v1/runs/PUB-02/intermediate_long/rep_0023/attempt_000,"[""artifacts/publication_campaign/tcc_calibration_confirmatory_v1/runs/PUB-02/intermediate_long/rep_0023/attempt_000/completion_manifest.json"", ""artifacts/publication_campaign/tcc_calibration_confirmatory_v1/runs/PUB-02/intermediate_long/rep_0023/attempt_000/environment_preflight.json"", ""artifacts/publication_campaign/tcc_calibration_confirmatory_v1/runs/PUB-02/intermediate_long/rep_0023/attempt_000/inference_command.json"", ""artifacts/publication_campaign/tcc_calibration_confirmatory_v1/runs/PUB-02/intermediate_long/rep_0023/attempt_000/inference_config.json"", ""artifacts/publication_campaign/tcc_calibration_confirmatory_v1/runs/PUB-02/intermediate_long/rep_0023/attempt_000/inference_started.json"", ""artifacts/publication_campaign/tcc_calibration_confirmatory_v1/runs/PUB-02/intermediate_long/rep_0023/attempt_000/input.csv"", ""artifacts/publication_campaign/tcc_calibration_confirmatory_v1/runs/PUB-02/intermediate_long/rep_0023/attempt_000/job.json"", ""artifacts/publication_campaign/tcc_calibration_confirmatory_v1/runs/PUB-02/intermediate_long/rep_0023/attempt_000/predictive_summary.csv"", ""artifacts/publication_campaign/tcc_calibration_confirmatory_v1/runs/PUB-02/intermediate_long/rep_0023/attempt_000/result.json"", ""artifacts/publication_campaign/tcc_calibration_confirmatory_v1/runs/PUB-02/intermediate_long/rep_0023/attempt_000/sampler_summary.csv"", ""artifacts/publication_campaign/tcc_calibration_confirmatory_v1/runs/PUB-02/intermediate_long/rep_0023/attempt_000/trace.nc"", ""artifacts/publication_campaign/tcc_calibration_confirmatory_v1/runs/PUB-02/intermediate_long/rep_0023/attempt_000/truth.json"", ""artifacts/publication_campaign/tcc_calibration_confirmatory_v1/runs/PUB-02/intermediate_long/rep_0023/attempt_000/worker_metadata.json""]",10.910726077516573,True,True
PUB-02__intermediate_long__rep_0024,PUB-02,intermediate_long,rep_0024,tcc_calibration_confirmatory_v1__PUB-02__intermediate_long__rep_0024,"{""generation"": 3950898779, ""inference"": 2910301992, ""predictive"": 150245867, ""resampling"": 2368930189}",artifacts/publication_campaign/tcc_calibration_confirmatory_v1/runs/PUB-02/intermediate_long/rep_0024,COMPLETED,1,,artifacts/publication_campaign/tcc_calibration_confirmatory_v1/runs/PUB-02/intermediate_long/rep_0024/attempt_000,"[""artifacts/publication_campaign/tcc_calibration_confirmatory_v1/runs/PUB-02/intermediate_long/rep_0024/attempt_000/completion_manifest.json"", ""artifacts/publication_campaign/tcc_calibration_confirmatory_v1/runs/PUB-02/intermediate_long/rep_0024/attempt_000/environment_preflight.json"", ""artifacts/publication_campaign/tcc_calibration_confirmatory_v1/runs/PUB-02/intermediate_long/rep_0024/attempt_000/inference_command.json"", ""artifacts/publication_campaign/tcc_calibration_confirmatory_v1/runs/PUB-02/intermediate_long/rep_0024/attempt_000/inference_config.json"", ""artifacts/publication_campaign/tcc_calibration_confirmatory_v1/runs/PUB-02/intermediate_long/rep_0024/attempt_000/inference_started.json"", ""artifacts/publication_campaign/tcc_calibration_confirmatory_v1/runs/PUB-02/intermediate_long/rep_0024/attempt_000/input.csv"", ""artifacts/publication_campaign/tcc_calibration_confirmatory_v1/runs/PUB-02/intermediate_long/rep_0024/attempt_000/job.json"", ""artifacts/publication_campaign/tcc_calibration_confirmatory_v1/runs/PUB-02/intermediate_long/rep_0024/attempt_000/predictive_summary.csv"", ""artifacts/publication_campaign/tcc_calibration_confirmatory_v1/runs/PUB-02/intermediate_long/rep_0024/attempt_000/result.json"", ""artifacts/publication_campaign/tcc_calibration_confirmatory_v1/runs/PUB-02/intermediate_long/rep_0024/attempt_000/sampler_summary.csv"", ""artifacts/publication_campaign/tcc_calibration_confirmatory_v1/runs/PUB-02/intermediate_long/rep_0024/attempt_000/trace.nc"", ""artifacts/publication_campaign/tcc_calibration_confirmatory_v1/runs/PUB-02/intermediate_long/rep_0024/attempt_000/truth.json"", ""artifacts/publication_campaign/tcc_calibration_confirmatory_v1/runs/PUB-02/intermediate_long/rep_0024/attempt_000/worker_metadata.json""]",10.910726077516573,True,True
PUB-02__intermediate_long__rep_0025,PUB-02,intermediate_long,rep_0025,tcc_calibration_confirmatory_v1__PUB-02__intermediate_long__rep_0025,"{""generation"": 3567954049, ""inference"": 1228194592, ""predictive"": 3251738667, ""resampling"": 1917772686}",artifacts/publication_campaign/tcc_calibration_confirmatory_v1/runs/PUB-02/intermediate_long/rep_0025,COMPLETED,1,,artifacts/publication_campaign/tcc_calibration_confirmatory_v1/runs/PUB-02/intermediate_long/rep_0025/attempt_000,"[""artifacts/publication_campaign/tcc_calibration_confirmatory_v1/runs/PUB-02/intermediate_long/rep_0025/attempt_000/completion_manifest.json"", ""artifacts/publication_campaign/tcc_calibration_confirmatory_v1/runs/PUB-02/intermediate_long/rep_0025/attempt_000/environment_preflight.json"", ""artifacts/publication_campaign/tcc_calibration_confirmatory_v1/runs/PUB-02/intermediate_long/rep_0025/attempt_000/inference_command.json"", ""artifacts/publication_campaign/tcc_calibration_confirmatory_v1/runs/PUB-02/intermediate_long/rep_0025/attempt_000/inference_config.json"", ""artifacts/publication_campaign/tcc_calibration_confirmatory_v1/runs/PUB-02/intermediate_long/rep_0025/attempt_000/inference_started.json"", ""artifacts/publication_campaign/tcc_calibration_confirmatory_v1/runs/PUB-02/intermediate_long/rep_0025/attempt_000/input.csv"", ""artifacts/publication_campaign/tcc_calibration_confirmatory_v1/runs/PUB-02/intermediate_long/rep_0025/attempt_000/job.json"", ""artifacts/publication_campaign/tcc_calibration_confirmatory_v1/runs/PUB-02/intermediate_long/rep_0025/attempt_000/predictive_summary.csv"", ""artifacts/publication_campaign/tcc_calibration_confirmatory_v1/runs/PUB-02/intermediate_long/rep_0025/attempt_000/result.json"", ""artifacts/publication_campaign/tcc_calibration_confirmatory_v1/runs/PUB-02/intermediate_long/rep_0025/attempt_000/sampler_summary.csv"", ""artifacts/publication_campaign/tcc_calibration_confirmatory_v1/runs/PUB-02/intermediate_long/rep_0025/attempt_000/trace.nc"", ""artifacts/publication_campaign/tcc_calibration_confirmatory_v1/runs/PUB-02/intermediate_long/rep_0025/attempt_000/truth.json"", ""artifacts/publication_campaign/tcc_calibration_confirmatory_v1/runs/PUB-02/intermediate_long/rep_0025/attempt_000/worker_metadata.json""]",10.910726077516573,True,True
PUB-02__intermediate_long__rep_0026,PUB-02,intermediate_long,rep_0026,tcc_calibration_confirmatory_v1__PUB-02__intermediate_long__rep_0026,"{""generation"": 24951594, ""inference"": 640550564, ""predictive"": 1514303701, ""resampling"": 2551155120}",artifacts/publication_campaign/tcc_calibration_confirmatory_v1/runs/PUB-02/intermediate_long/rep_0026,COMPLETED,1,,artifacts/publication_campaign/tcc_calibration_confirmatory_v1/runs/PUB-02/intermediate_long/rep_0026/attempt_000,"[""artifacts/publication_campaign/tcc_calibration_confirmatory_v1/runs/PUB-02/intermediate_long/rep_0026/attempt_000/completion_manifest.json"", ""artifacts/publication_campaign/tcc_calibration_confirmatory_v1/runs/PUB-02/intermediate_long/rep_0026/attempt_000/environment_preflight.json"", ""artifacts/publication_campaign/tcc_calibration_confirmatory_v1/runs/PUB-02/intermediate_long/rep_0026/attempt_000/inference_command.json"", ""artifacts/publication_campaign/tcc_calibration_confirmatory_v1/runs/PUB-02/intermediate_long/rep_0026/attempt_000/inference_config.json"", ""artifacts/publication_campaign/tcc_calibration_confirmatory_v1/runs/PUB-02/intermediate_long/rep_0026/attempt_000/inference_started.json"", ""artifacts/publication_campaign/tcc_calibration_confirmatory_v1/runs/PUB-02/intermediate_long/rep_0026/attempt_000/input.csv"", ""artifacts/publication_campaign/tcc_calibration_confirmatory_v1/runs/PUB-02/intermediate_long/rep_0026/attempt_000/job.json"", ""artifacts/publication_campaign/tcc_calibration_confirmatory_v1/runs/PUB-02/intermediate_long/rep_0026/attempt_000/predictive_summary.csv"", ""artifacts/publication_campaign/tcc_calibration_confirmatory_v1/runs/PUB-02/intermediate_long/rep_0026/attempt_000/result.json"", ""artifacts/publication_campaign/tcc_calibration_confirmatory_v1/runs/PUB-02/intermediate_long/rep_0026/attempt_000/sampler_summary.csv"", ""artifacts/publication_campaign/tcc_calibration_confirmatory_v1/runs/PUB-02/intermediate_long/rep_0026/attempt_000/trace.nc"", ""artifacts/publication_campaign/tcc_calibration_confirmatory_v1/runs/PUB-02/intermediate_long/rep_0026/attempt_000/truth.json"", ""artifacts/publication_campaign/tcc_calibration_confirmatory_v1/runs/PUB-02/intermediate_long/rep_0026/attempt_000/worker_metadata.json""]",10.910726077516573,True,True
PUB-02__intermediate_long__rep_0027,PUB-02,intermediate_long,rep_0027,tcc_calibration_confirmatory_v1__PUB-02__intermediate_long__rep_0027,"{""generation"": 722992129, ""inference"": 3744838806, ""predictive"": 3999554839, ""resampling"": 983692732}",artifacts/publication_campaign/tcc_calibration_confirmatory_v1/runs/PUB-02/intermediate_long/rep_0027,COMPLETED,1,,artifacts/publication_campaign/tcc_calibration_confirmatory_v1/runs/PUB-02/intermediate_long/rep_0027/attempt_000,"[""artifacts/publication_campaign/tcc_calibration_confirmatory_v1/runs/PUB-02/intermediate_long/rep_0027/attempt_000/completion_manifest.json"", ""artifacts/publication_campaign/tcc_calibration_confirmatory_v1/runs/PUB-02/intermediate_long/rep_0027/attempt_000/environment_preflight.json"", ""artifacts/publication_campaign/tcc_calibration_confirmatory_v1/runs/PUB-02/intermediate_long/rep_0027/attempt_000/inference_command.json"", ""artifacts/publication_campaign/tcc_calibration_confirmatory_v1/runs/PUB-02/intermediate_long/rep_0027/attempt_000/inference_config.json"", ""artifacts/publication_campaign/tcc_calibration_confirmatory_v1/runs/PUB-02/intermediate_long/rep_0027/attempt_000/inference_started.json"", ""artifacts/publication_campaign/tcc_calibration_confirmatory_v1/runs/PUB-02/intermediate_long/rep_0027/attempt_000/input.csv"", ""artifacts/publication_campaign/tcc_calibration_confirmatory_v1/runs/PUB-02/intermediate_long/rep_0027/attempt_000/job.json"", ""artifacts/publication_campaign/tcc_calibration_confirmatory_v1/runs/PUB-02/intermediate_long/rep_0027/attempt_000/predictive_summary.csv"", ""artifacts/publication_campaign/tcc_calibration_confirmatory_v1/runs/PUB-02/intermediate_long/rep_0027/attempt_000/result.json"", ""artifacts/publication_campaign/tcc_calibration_confirmatory_v1/runs/PUB-02/intermediate_long/rep_0027/attempt_000/sampler_summary.csv"", ""artifacts/publication_campaign/tcc_calibration_confirmatory_v1/runs/PUB-02/intermediate_long/rep_0027/attempt_000/trace.nc"", ""artifacts/publication_campaign/tcc_calibration_confirmatory_v1/runs/PUB-02/intermediate_long/rep_0027/attempt_000/truth.json"", ""artifacts/publication_campaign/tcc_calibration_confirmatory_v1/runs/PUB-02/intermediate_long/rep_0027/attempt_000/worker_metadata.json""]",10.910726077516573,True,True
PUB-02__intermediate_long__rep_0028,PUB-02,intermediate_long,rep_0028,tcc_calibration_confirmatory_v1__PUB-02__intermediate_long__rep_0028,"{""generation"": 6799757, ""inference"": 1132205330, ""predictive"": 268491895, ""resampling"": 51953080}",artifacts/publication_campaign/tcc_calibration_confirmatory_v1/runs/PUB-02/intermediate_long/rep_0028,COMPLETED,1,,artifacts/publication_campaign/tcc_calibration_confirmatory_v1/runs/PUB-02/intermediate_long/rep_0028/attempt_000,"[""artifacts/publication_campaign/tcc_calibration_confirmatory_v1/runs/PUB-02/intermediate_long/rep_0028/attempt_000/completion_manifest.json"", ""artifacts/publication_campaign/tcc_calibration_confirmatory_v1/runs/PUB-02/intermediate_long/rep_0028/attempt_000/environment_preflight.json"", ""artifacts/publication_campaign/tcc_calibration_confirmatory_v1/runs/PUB-02/intermediate_long/rep_0028/attempt_000/inference_command.json"", ""artifacts/publication_campaign/tcc_calibration_confirmatory_v1/runs/PUB-02/intermediate_long/rep_0028/attempt_000/inference_config.json"", ""artifacts/publication_campaign/tcc_calibration_confirmatory_v1/runs/PUB-02/intermediate_long/rep_0028/attempt_000/inference_started.json"", ""artifacts/publication_campaign/tcc_calibration_confirmatory_v1/runs/PUB-02/intermediate_long/rep_0028/attempt_000/input.csv"", ""artifacts/publication_campaign/tcc_calibration_confirmatory_v1/runs/PUB-02/intermediate_long/rep_0028/attempt_000/job.json"", ""artifacts/publication_campaign/tcc_calibration_confirmatory_v1/runs/PUB-02/intermediate_long/rep_0028/attempt_000/predictive_summary.csv"", ""artifacts/publication_campaign/tcc_calibration_confirmatory_v1/runs/PUB-02/intermediate_long/rep_0028/attempt_000/result.json"", ""artifacts/publication_campaign/tcc_calibration_confirmatory_v1/runs/PUB-02/intermediate_long/rep_0028/attempt_000/sampler_summary.csv"", ""artifacts/publication_campaign/tcc_calibration_confirmatory_v1/runs/PUB-02/intermediate_long/rep_0028/attempt_000/trace.nc"", ""artifacts/publication_campaign/tcc_calibration_confirmatory_v1/runs/PUB-02/intermediate_long/rep_0028/attempt_000/truth.json"", ""artifacts/publication_campaign/tcc_calibration_confirmatory_v1/runs/PUB-02/intermediate_long/rep_0028/attempt_000/worker_metadata.json""]",10.910726077516573,True,True
PUB-02__intermediate_long__rep_0029,PUB-02,intermediate_long,rep_0029,tcc_calibration_confirmatory_v1__PUB-02__intermediate_long__rep_0029,"{""generation"": 257839841, ""inference"": 4266194858, ""predictive"": 3152151255, ""resampling"": 1971070158}",artifacts/publication_campaign/tcc_calibration_confirmatory_v1/runs/PUB-02/intermediate_long/rep_0029,COMPLETED,1,,artifacts/publication_campaign/tcc_calibration_confirmatory_v1/runs/PUB-02/intermediate_long/rep_0029/attempt_000,"[""artifacts/publication_campaign/tcc_calibration_confirmatory_v1/runs/PUB-02/intermediate_long/rep_0029/attempt_000/completion_manifest.json"", ""artifacts/publication_campaign/tcc_calibration_confirmatory_v1/runs/PUB-02/intermediate_long/rep_0029/attempt_000/environment_preflight.json"", ""artifacts/publication_campaign/tcc_calibration_confirmatory_v1/runs/PUB-02/intermediate_long/rep_0029/attempt_000/inference_command.json"", ""artifacts/publication_campaign/tcc_calibration_confirmatory_v1/runs/PUB-02/intermediate_long/rep_0029/attempt_000/inference_config.json"", ""artifacts/publication_campaign/tcc_calibration_confirmatory_v1/runs/PUB-02/intermediate_long/rep_0029/attempt_000/inference_started.json"", ""artifacts/publication_campaign/tcc_calibration_confirmatory_v1/runs/PUB-02/intermediate_long/rep_0029/attempt_000/input.csv"", ""artifacts/publication_campaign/tcc_calibration_confirmatory_v1/runs/PUB-02/intermediate_long/rep_0029/attempt_000/job.json"", ""artifacts/publication_campaign/tcc_calibration_confirmatory_v1/runs/PUB-02/intermediate_long/rep_0029/attempt_000/predictive_summary.csv"", ""artifacts/publication_campaign/tcc_calibration_confirmatory_v1/runs/PUB-02/intermediate_long/rep_0029/attempt_000/result.json"", ""artifacts/publication_campaign/tcc_calibration_confirmatory_v1/runs/PUB-02/intermediate_long/rep_0029/attempt_000/sampler_summary.csv"", ""artifacts/publication_campaign/tcc_calibration_confirmatory_v1/runs/PUB-02/intermediate_long/rep_0029/attempt_000/trace.nc"", ""artifacts/publication_campaign/tcc_calibration_confirmatory_v1/runs/PUB-02/intermediate_long/rep_0029/attempt_000/truth.json"", ""artifacts/publication_campaign/tcc_calibration_confirmatory_v1/runs/PUB-02/intermediate_long/rep_0029/attempt_000/worker_metadata.json""]",10.910726077516573,True,True
PUB-02__intermediate_long__rep_0030,PUB-02,intermediate_long,rep_0030,tcc_calibration_confirmatory_v1__PUB-02__intermediate_long__rep_0030,"{""generation"": 1182965406, ""inference"": 3799116060, ""predictive"": 3212893651, ""resampling"": 2917570984}",artifacts/publication_campaign/tcc_calibration_confirmatory_v1/runs/PUB-02/intermediate_long/rep_0030,COMPLETED,1,,artifacts/publication_campaign/tcc_calibration_confirmatory_v1/runs/PUB-02/intermediate_long/rep_0030/attempt_000,"[""artifacts/publication_campaign/tcc_calibration_confirmatory_v1/runs/PUB-02/intermediate_long/rep_0030/attempt_000/completion_manifest.json"", ""artifacts/publication_campaign/tcc_calibration_confirmatory_v1/runs/PUB-02/intermediate_long/rep_0030/attempt_000/environment_preflight.json"", ""artifacts/publication_campaign/tcc_calibration_confirmatory_v1/runs/PUB-02/intermediate_long/rep_0030/attempt_000/inference_command.json"", ""artifacts/publication_campaign/tcc_calibration_confirmatory_v1/runs/PUB-02/intermediate_long/rep_0030/attempt_000/inference_config.json"", ""artifacts/publication_campaign/tcc_calibration_confirmatory_v1/runs/PUB-02/intermediate_long/rep_0030/attempt_000/inference_started.json"", ""artifacts/publication_campaign/tcc_calibration_confirmatory_v1/runs/PUB-02/intermediate_long/rep_0030/attempt_000/input.csv"", ""artifacts/publication_campaign/tcc_calibration_confirmatory_v1/runs/PUB-02/intermediate_long/rep_0030/attempt_000/job.json"", ""artifacts/publication_campaign/tcc_calibration_confirmatory_v1/runs/PUB-02/intermediate_long/rep_0030/attempt_000/predictive_summary.csv"", ""artifacts/publication_campaign/tcc_calibration_confirmatory_v1/runs/PUB-02/intermediate_long/rep_0030/attempt_000/result.json"", ""artifacts/publication_campaign/tcc_calibration_confirmatory_v1/runs/PUB-02/intermediate_long/rep_0030/attempt_000/sampler_summary.csv"", ""artifacts/publication_campaign/tcc_calibration_confirmatory_v1/runs/PUB-02/intermediate_long/rep_0030/attempt_000/trace.nc"", ""artifacts/publication_campaign/tcc_calibration_confirmatory_v1/runs/PUB-02/intermediate_long/rep_0030/attempt_000/truth.json"", ""artifacts/publication_campaign/tcc_calibration_confirmatory_v1/runs/PUB-02/intermediate_long/rep_0030/attempt_000/worker_metadata.json""]",10.910726077516573,True,True
PUB-02__intermediate_long__rep_0031,PUB-02,intermediate_long,rep_0031,tcc_calibration_confirmatory_v1__PUB-02__intermediate_long__rep_0031,"{""generation"": 446151268, ""inference"": 2040916246, ""predictive"": 292891145, ""resampling"": 3316685050}",artifacts/publication_campaign/tcc_calibration_confirmatory_v1/runs/PUB-02/intermediate_long/rep_0031,COMPLETED_REJECTED,1,,artifacts/publication_campaign/tcc_calibration_confirmatory_v1/runs/PUB-02/intermediate_long/rep_0031/attempt_000,"[""artifacts/publication_campaign/tcc_calibration_confirmatory_v1/runs/PUB-02/intermediate_long/rep_0031/attempt_000/completion_manifest.json"", ""artifacts/publication_campaign/tcc_calibration_confirmatory_v1/runs/PUB-02/intermediate_long/rep_0031/attempt_000/environment_preflight.json"", ""artifacts/publication_campaign/tcc_calibration_confirmatory_v1/runs/PUB-02/intermediate_long/rep_0031/attempt_000/inference_command.json"", ""artifacts/publication_campaign/tcc_calibration_confirmatory_v1/runs/PUB-02/intermediate_long/rep_0031/attempt_000/inference_config.json"", ""artifacts/publication_campaign/tcc_calibration_confirmatory_v1/runs/PUB-02/intermediate_long/rep_0031/attempt_000/inference_started.json"", ""artifacts/publication_campaign/tcc_calibration_confirmatory_v1/runs/PUB-02/intermediate_long/rep_0031/attempt_000/input.csv"", ""artifacts/publication_campaign/tcc_calibration_confirmatory_v1/runs/PUB-02/intermediate_long/rep_0031/attempt_000/job.json"", ""artifacts/publication_campaign/tcc_calibration_confirmatory_v1/runs/PUB-02/intermediate_long/rep_0031/attempt_000/predictive_summary.csv"", ""artifacts/publication_campaign/tcc_calibration_confirmatory_v1/runs/PUB-02/intermediate_long/rep_0031/attempt_000/result.json"", ""artifacts/publication_campaign/tcc_calibration_confirmatory_v1/runs/PUB-02/intermediate_long/rep_0031/attempt_000/sampler_summary.csv"", ""artifacts/publication_campaign/tcc_calibration_confirmatory_v1/runs/PUB-02/intermediate_long/rep_0031/attempt_000/trace.nc"", ""artifacts/publication_campaign/tcc_calibration_confirmatory_v1/runs/PUB-02/intermediate_long/rep_0031/attempt_000/truth.json"", ""artifacts/publication_campaign/tcc_calibration_confirmatory_v1/runs/PUB-02/intermediate_long/rep_0031/attempt_000/worker_metadata.json""]",10.910726077516573,False,False
PUB-02__intermediate_long__rep_0032,PUB-02,intermediate_long,rep_0032,tcc_calibration_confirmatory_v1__PUB-02__intermediate_long__rep_0032,"{""generation"": 3591279265, ""inference"": 1119525746, ""predictive"": 1336255619, ""resampling"": 3856973056}",artifacts/publication_campaign/tcc_calibration_confirmatory_v1/runs/PUB-02/intermediate_long/rep_0032,COMPLETED,1,,artifacts/publication_campaign/tcc_calibration_confirmatory_v1/runs/PUB-02/intermediate_long/rep_0032/attempt_000,"[""artifacts/publication_campaign/tcc_calibration_confirmatory_v1/runs/PUB-02/intermediate_long/rep_0032/attempt_000/completion_manifest.json"", ""artifacts/publication_campaign/tcc_calibration_confirmatory_v1/runs/PUB-02/intermediate_long/rep_0032/attempt_000/environment_preflight.json"", ""artifacts/publication_campaign/tcc_calibration_confirmatory_v1/runs/PUB-02/intermediate_long/rep_0032/attempt_000/inference_command.json"", ""artifacts/publication_campaign/tcc_calibration_confirmatory_v1/runs/PUB-02/intermediate_long/rep_0032/attempt_000/inference_config.json"", ""artifacts/publication_campaign/tcc_calibration_confirmatory_v1/runs/PUB-02/intermediate_long/rep_0032/attempt_000/inference_started.json"", ""artifacts/publication_campaign/tcc_calibration_confirmatory_v1/runs/PUB-02/intermediate_long/rep_0032/attempt_000/input.csv"", ""artifacts/publication_campaign/tcc_calibration_confirmatory_v1/runs/PUB-02/intermediate_long/rep_0032/attempt_000/job.json"", ""artifacts/publication_campaign/tcc_calibration_confirmatory_v1/runs/PUB-02/intermediate_long/rep_0032/attempt_000/predictive_summary.csv"", ""artifacts/publication_campaign/tcc_calibration_confirmatory_v1/runs/PUB-02/intermediate_long/rep_0032/attempt_000/result.json"", ""artifacts/publication_campaign/tcc_calibration_confirmatory_v1/runs/PUB-02/intermediate_long/rep_0032/attempt_000/sampler_summary.csv"", ""artifacts/publication_campaign/tcc_calibration_confirmatory_v1/runs/PUB-02/intermediate_long/rep_0032/attempt_000/trace.nc"", ""artifacts/publication_campaign/tcc_calibration_confirmatory_v1/runs/PUB-02/intermediate_long/rep_0032/attempt_000/truth.json"", ""artifacts/publication_campaign/tcc_calibration_confirmatory_v1/runs/PUB-02/intermediate_long/rep_0032/attempt_000/worker_metadata.json""]",10.910726077516573,True,True
PUB-02__intermediate_long__rep_0033,PUB-02,intermediate_long,rep_0033,tcc_calibration_confirmatory_v1__PUB-02__intermediate_long__rep_0033,"{""generation"": 1060863823, ""inference"": 1759576359, ""predictive"": 2490173938, ""resampling"": 2955986603}",artifacts/publication_campaign/tcc_calibration_confirmatory_v1/runs/PUB-02/intermediate_long/rep_0033,COMPLETED,1,,artifacts/publication_campaign/tcc_calibration_confirmatory_v1/runs/PUB-02/intermediate_long/rep_0033/attempt_000,"[""artifacts/publication_campaign/tcc_calibration_confirmatory_v1/runs/PUB-02/intermediate_long/rep_0033/attempt_000/completion_manifest.json"", ""artifacts/publication_campaign/tcc_calibration_confirmatory_v1/runs/PUB-02/intermediate_long/rep_0033/attempt_000/environment_preflight.json"", ""artifacts/publication_campaign/tcc_calibration_confirmatory_v1/runs/PUB-02/intermediate_long/rep_0033/attempt_000/inference_command.json"", ""artifacts/publication_campaign/tcc_calibration_confirmatory_v1/runs/PUB-02/intermediate_long/rep_0033/attempt_000/inference_config.json"", ""artifacts/publication_campaign/tcc_calibration_confirmatory_v1/runs/PUB-02/intermediate_long/rep_0033/attempt_000/inference_started.json"", ""artifacts/publication_campaign/tcc_calibration_confirmatory_v1/runs/PUB-02/intermediate_long/rep_0033/attempt_000/input.csv"", ""artifacts/publication_campaign/tcc_calibration_confirmatory_v1/runs/PUB-02/intermediate_long/rep_0033/attempt_000/job.json"", ""artifacts/publication_campaign/tcc_calibration_confirmatory_v1/runs/PUB-02/intermediate_long/rep_0033/attempt_000/predictive_summary.csv"", ""artifacts/publication_campaign/tcc_calibration_confirmatory_v1/runs/PUB-02/intermediate_long/rep_0033/attempt_000/result.json"", ""artifacts/publication_campaign/tcc_calibration_confirmatory_v1/runs/PUB-02/intermediate_long/rep_0033/attempt_000/sampler_summary.csv"", ""artifacts/publication_campaign/tcc_calibration_confirmatory_v1/runs/PUB-02/intermediate_long/rep_0033/attempt_000/trace.nc"", ""artifacts/publication_campaign/tcc_calibration_confirmatory_v1/runs/PUB-02/intermediate_long/rep_0033/attempt_000/truth.json"", ""artifacts/publication_campaign/tcc_calibration_confirmatory_v1/runs/PUB-02/intermediate_long/rep_0033/attempt_000/worker_metadata.json""]",10.910726077516573,True,True
PUB-02__intermediate_long__rep_0034,PUB-02,intermediate_long,rep_0034,tcc_calibration_confirmatory_v1__PUB-02__intermediate_long__rep_0034,"{""generation"": 4100126619, ""inference"": 3413009012, ""predictive"": 2758366930, ""resampling"": 2974153206}",artifacts/publication_campaign/tcc_calibration_confirmatory_v1/runs/PUB-02/intermediate_long/rep_0034,COMPLETED,1,,artifacts/publication_campaign/tcc_calibration_confirmatory_v1/runs/PUB-02/intermediate_long/rep_0034/attempt_000,"[""artifacts/publication_campaign/tcc_calibration_confirmatory_v1/runs/PUB-02/intermediate_long/rep_0034/attempt_000/completion_manifest.json"", ""artifacts/publication_campaign/tcc_calibration_confirmatory_v1/runs/PUB-02/intermediate_long/rep_0034/attempt_000/environment_preflight.json"", ""artifacts/publication_campaign/tcc_calibration_confirmatory_v1/runs/PUB-02/intermediate_long/rep_0034/attempt_000/inference_command.json"", ""artifacts/publication_campaign/tcc_calibration_confirmatory_v1/runs/PUB-02/intermediate_long/rep_0034/attempt_000/inference_config.json"", ""artifacts/publication_campaign/tcc_calibration_confirmatory_v1/runs/PUB-02/intermediate_long/rep_0034/attempt_000/inference_started.json"", ""artifacts/publication_campaign/tcc_calibration_confirmatory_v1/runs/PUB-02/intermediate_long/rep_0034/attempt_000/input.csv"", ""artifacts/publication_campaign/tcc_calibration_confirmatory_v1/runs/PUB-02/intermediate_long/rep_0034/attempt_000/job.json"", ""artifacts/publication_campaign/tcc_calibration_confirmatory_v1/runs/PUB-02/intermediate_long/rep_0034/attempt_000/predictive_summary.csv"", ""artifacts/publication_campaign/tcc_calibration_confirmatory_v1/runs/PUB-02/intermediate_long/rep_0034/attempt_000/result.json"", ""artifacts/publication_campaign/tcc_calibration_confirmatory_v1/runs/PUB-02/intermediate_long/rep_0034/attempt_000/sampler_summary.csv"", ""artifacts/publication_campaign/tcc_calibration_confirmatory_v1/runs/PUB-02/intermediate_long/rep_0034/attempt_000/trace.nc"", ""artifacts/publication_campaign/tcc_calibration_confirmatory_v1/runs/PUB-02/intermediate_long/rep_0034/attempt_000/truth.json"", ""artifacts/publication_campaign/tcc_calibration_confirmatory_v1/runs/PUB-02/intermediate_long/rep_0034/attempt_000/worker_metadata.json""]",10.910726077516573,True,True
PUB-02__intermediate_long__rep_0035,PUB-02,intermediate_long,rep_0035,tcc_calibration_confirmatory_v1__PUB-02__intermediate_long__rep_0035,"{""generation"": 1337794145, ""inference"": 1637004447, ""predictive"": 362125882, ""resampling"": 1569936397}",artifacts/publication_campaign/tcc_calibration_confirmatory_v1/runs/PUB-02/intermediate_long/rep_0035,COMPLETED_REJECTED,1,,artifacts/publication_campaign/tcc_calibration_confirmatory_v1/runs/PUB-02/intermediate_long/rep_0035/attempt_000,"[""artifacts/publication_campaign/tcc_calibration_confirmatory_v1/runs/PUB-02/intermediate_long/rep_0035/attempt_000/completion_manifest.json"", ""artifacts/publication_campaign/tcc_calibration_confirmatory_v1/runs/PUB-02/intermediate_long/rep_0035/attempt_000/environment_preflight.json"", ""artifacts/publication_campaign/tcc_calibration_confirmatory_v1/runs/PUB-02/intermediate_long/rep_0035/attempt_000/inference_command.json"", ""artifacts/publication_campaign/tcc_calibration_confirmatory_v1/runs/PUB-02/intermediate_long/rep_0035/attempt_000/inference_config.json"", ""artifacts/publication_campaign/tcc_calibration_confirmatory_v1/runs/PUB-02/intermediate_long/rep_0035/attempt_000/inference_started.json"", ""artifacts/publication_campaign/tcc_calibration_confirmatory_v1/runs/PUB-02/intermediate_long/rep_0035/attempt_000/input.csv"", ""artifacts/publication_campaign/tcc_calibration_confirmatory_v1/runs/PUB-02/intermediate_long/rep_0035/attempt_000/job.json"", ""artifacts/publication_campaign/tcc_calibration_confirmatory_v1/runs/PUB-02/intermediate_long/rep_0035/attempt_000/predictive_summary.csv"", ""artifacts/publication_campaign/tcc_calibration_confirmatory_v1/runs/PUB-02/intermediate_long/rep_0035/attempt_000/result.json"", ""artifacts/publication_campaign/tcc_calibration_confirmatory_v1/runs/PUB-02/intermediate_long/rep_0035/attempt_000/sampler_summary.csv"", ""artifacts/publication_campaign/tcc_calibration_confirmatory_v1/runs/PUB-02/intermediate_long/rep_0035/attempt_000/trace.nc"", ""artifacts/publication_campaign/tcc_calibration_confirmatory_v1/runs/PUB-02/intermediate_long/rep_0035/attempt_000/truth.json"", ""artifacts/publication_campaign/tcc_calibration_confirmatory_v1/runs/PUB-02/intermediate_long/rep_0035/attempt_000/worker_metadata.json""]",10.910726077516573,False,False
PUB-02__intermediate_long__rep_0036,PUB-02,intermediate_long,rep_0036,tcc_calibration_confirmatory_v1__PUB-02__intermediate_long__rep_0036,"{""generation"": 1537771437, ""inference"": 4242744107, ""predictive"": 3395426990, ""resampling"": 1078194985}",artifacts/publication_campaign/tcc_calibration_confirmatory_v1/runs/PUB-02/intermediate_long/rep_0036,COMPLETED,1,,artifacts/publication_campaign/tcc_calibration_confirmatory_v1/runs/PUB-02/intermediate_long/rep_0036/attempt_000,"[""artifacts/publication_campaign/tcc_calibration_confirmatory_v1/runs/PUB-02/intermediate_long/rep_0036/attempt_000/completion_manifest.json"", ""artifacts/publication_campaign/tcc_calibration_confirmatory_v1/runs/PUB-02/intermediate_long/rep_0036/attempt_000/environment_preflight.json"", ""artifacts/publication_campaign/tcc_calibration_confirmatory_v1/runs/PUB-02/intermediate_long/rep_0036/attempt_000/inference_command.json"", ""artifacts/publication_campaign/tcc_calibration_confirmatory_v1/runs/PUB-02/intermediate_long/rep_0036/attempt_000/inference_config.json"", ""artifacts/publication_campaign/tcc_calibration_confirmatory_v1/runs/PUB-02/intermediate_long/rep_0036/attempt_000/inference_started.json"", ""artifacts/publication_campaign/tcc_calibration_confirmatory_v1/runs/PUB-02/intermediate_long/rep_0036/attempt_000/input.csv"", ""artifacts/publication_campaign/tcc_calibration_confirmatory_v1/runs/PUB-02/intermediate_long/rep_0036/attempt_000/job.json"", ""artifacts/publication_campaign/tcc_calibration_confirmatory_v1/runs/PUB-02/intermediate_long/rep_0036/attempt_000/predictive_summary.csv"", ""artifacts/publication_campaign/tcc_calibration_confirmatory_v1/runs/PUB-02/intermediate_long/rep_0036/attempt_000/result.json"", ""artifacts/publication_campaign/tcc_calibration_confirmatory_v1/runs/PUB-02/intermediate_long/rep_0036/attempt_000/sampler_summary.csv"", ""artifacts/publication_campaign/tcc_calibration_confirmatory_v1/runs/PUB-02/intermediate_long/rep_0036/attempt_000/trace.nc"", ""artifacts/publication_campaign/tcc_calibration_confirmatory_v1/runs/PUB-02/intermediate_long/rep_0036/attempt_000/truth.json"", ""artifacts/publication_campaign/tcc_calibration_confirmatory_v1/runs/PUB-02/intermediate_long/rep_0036/attempt_000/worker_metadata.json""]",10.910726077516573,True,True
PUB-02__intermediate_long__rep_0037,PUB-02,intermediate_long,rep_0037,tcc_calibration_confirmatory_v1__PUB-02__intermediate_long__rep_0037,"{""generation"": 56417773, ""inference"": 3753364287, ""predictive"": 1848160859, ""resampling"": 2214405075}",artifacts/publication_campaign/tcc_calibration_confirmatory_v1/runs/PUB-02/intermediate_long/rep_0037,COMPLETED,1,,artifacts/publication_campaign/tcc_calibration_confirmatory_v1/runs/PUB-02/intermediate_long/rep_0037/attempt_000,"[""artifacts/publication_campaign/tcc_calibration_confirmatory_v1/runs/PUB-02/intermediate_long/rep_0037/attempt_000/completion_manifest.json"", ""artifacts/publication_campaign/tcc_calibration_confirmatory_v1/runs/PUB-02/intermediate_long/rep_0037/attempt_000/environment_preflight.json"", ""artifacts/publication_campaign/tcc_calibration_confirmatory_v1/runs/PUB-02/intermediate_long/rep_0037/attempt_000/inference_command.json"", ""artifacts/publication_campaign/tcc_calibration_confirmatory_v1/runs/PUB-02/intermediate_long/rep_0037/attempt_000/inference_config.json"", ""artifacts/publication_campaign/tcc_calibration_confirmatory_v1/runs/PUB-02/intermediate_long/rep_0037/attempt_000/inference_started.json"", ""artifacts/publication_campaign/tcc_calibration_confirmatory_v1/runs/PUB-02/intermediate_long/rep_0037/attempt_000/input.csv"", ""artifacts/publication_campaign/tcc_calibration_confirmatory_v1/runs/PUB-02/intermediate_long/rep_0037/attempt_000/job.json"", ""artifacts/publication_campaign/tcc_calibration_confirmatory_v1/runs/PUB-02/intermediate_long/rep_0037/attempt_000/predictive_summary.csv"", ""artifacts/publication_campaign/tcc_calibration_confirmatory_v1/runs/PUB-02/intermediate_long/rep_0037/attempt_000/result.json"", ""artifacts/publication_campaign/tcc_calibration_confirmatory_v1/runs/PUB-02/intermediate_long/rep_0037/attempt_000/sampler_summary.csv"", ""artifacts/publication_campaign/tcc_calibration_confirmatory_v1/runs/PUB-02/intermediate_long/rep_0037/attempt_000/trace.nc"", ""artifacts/publication_campaign/tcc_calibration_confirmatory_v1/runs/PUB-02/intermediate_long/rep_0037/attempt_000/truth.json"", ""artifacts/publication_campaign/tcc_calibration_confirmatory_v1/runs/PUB-02/intermediate_long/rep_0037/attempt_000/worker_metadata.json""]",10.910726077516573,True,True
PUB-02__intermediate_long__rep_0038,PUB-02,intermediate_long,rep_0038,tcc_calibration_confirmatory_v1__PUB-02__intermediate_long__rep_0038,"{""generation"": 2705015370, ""inference"": 2447433877, ""predictive"": 2697190510, ""resampling"": 3909512474}",artifacts/publication_campaign/tcc_calibration_confirmatory_v1/runs/PUB-02/intermediate_long/rep_0038,COMPLETED,1,,artifacts/publication_campaign/tcc_calibration_confirmatory_v1/runs/PUB-02/intermediate_long/rep_0038/attempt_000,"[""artifacts/publication_campaign/tcc_calibration_confirmatory_v1/runs/PUB-02/intermediate_long/rep_0038/attempt_000/completion_manifest.json"", ""artifacts/publication_campaign/tcc_calibration_confirmatory_v1/runs/PUB-02/intermediate_long/rep_0038/attempt_000/environment_preflight.json"", ""artifacts/publication_campaign/tcc_calibration_confirmatory_v1/runs/PUB-02/intermediate_long/rep_0038/attempt_000/inference_command.json"", ""artifacts/publication_campaign/tcc_calibration_confirmatory_v1/runs/PUB-02/intermediate_long/rep_0038/attempt_000/inference_config.json"", ""artifacts/publication_campaign/tcc_calibration_confirmatory_v1/runs/PUB-02/intermediate_long/rep_0038/attempt_000/inference_started.json"", ""artifacts/publication_campaign/tcc_calibration_confirmatory_v1/runs/PUB-02/intermediate_long/rep_0038/attempt_000/input.csv"", ""artifacts/publication_campaign/tcc_calibration_confirmatory_v1/runs/PUB-02/intermediate_long/rep_0038/attempt_000/job.json"", ""artifacts/publication_campaign/tcc_calibration_confirmatory_v1/runs/PUB-02/intermediate_long/rep_0038/attempt_000/predictive_summary.csv"", ""artifacts/publication_campaign/tcc_calibration_confirmatory_v1/runs/PUB-02/intermediate_long/rep_0038/attempt_000/result.json"", ""artifacts/publication_campaign/tcc_calibration_confirmatory_v1/runs/PUB-02/intermediate_long/rep_0038/attempt_000/sampler_summary.csv"", ""artifacts/publication_campaign/tcc_calibration_confirmatory_v1/runs/PUB-02/intermediate_long/rep_0038/attempt_000/trace.nc"", ""artifacts/publication_campaign/tcc_calibration_confirmatory_v1/runs/PUB-02/intermediate_long/rep_0038/attempt_000/truth.json"", ""artifacts/publication_campaign/tcc_calibration_confirmatory_v1/runs/PUB-02/intermediate_long/rep_0038/attempt_000/worker_metadata.json""]",10.910726077516573,True,True
PUB-02__intermediate_long__rep_0039,PUB-02,intermediate_long,rep_0039,tcc_calibration_confirmatory_v1__PUB-02__intermediate_long__rep_0039,"{""generation"": 4118905775, ""inference"": 4208370744, ""predictive"": 642932207, ""resampling"": 519926869}",artifacts/publication_campaign/tcc_calibration_confirmatory_v1/runs/PUB-02/intermediate_long/rep_0039,COMPLETED,1,,artifacts/publication_campaign/tcc_calibration_confirmatory_v1/runs/PUB-02/intermediate_long/rep_0039/attempt_000,"[""artifacts/publication_campaign/tcc_calibration_confirmatory_v1/runs/PUB-02/intermediate_long/rep_0039/attempt_000/completion_manifest.json"", ""artifacts/publication_campaign/tcc_calibration_confirmatory_v1/runs/PUB-02/intermediate_long/rep_0039/attempt_000/environment_preflight.json"", ""artifacts/publication_campaign/tcc_calibration_confirmatory_v1/runs/PUB-02/intermediate_long/rep_0039/attempt_000/inference_command.json"", ""artifacts/publication_campaign/tcc_calibration_confirmatory_v1/runs/PUB-02/intermediate_long/rep_0039/attempt_000/inference_config.json"", ""artifacts/publication_campaign/tcc_calibration_confirmatory_v1/runs/PUB-02/intermediate_long/rep_0039/attempt_000/inference_started.json"", ""artifacts/publication_campaign/tcc_calibration_confirmatory_v1/runs/PUB-02/intermediate_long/rep_0039/attempt_000/input.csv"", ""artifacts/publication_campaign/tcc_calibration_confirmatory_v1/runs/PUB-02/intermediate_long/rep_0039/attempt_000/job.json"", ""artifacts/publication_campaign/tcc_calibration_confirmatory_v1/runs/PUB-02/intermediate_long/rep_0039/attempt_000/predictive_summary.csv"", ""artifacts/publication_campaign/tcc_calibration_confirmatory_v1/runs/PUB-02/intermediate_long/rep_0039/attempt_000/result.json"", ""artifacts/publication_campaign/tcc_calibration_confirmatory_v1/runs/PUB-02/intermediate_long/rep_0039/attempt_000/sampler_summary.csv"", ""artifacts/publication_campaign/tcc_calibration_confirmatory_v1/runs/PUB-02/intermediate_long/rep_0039/attempt_000/trace.nc"", ""artifacts/publication_campaign/tcc_calibration_confirmatory_v1/runs/PUB-02/intermediate_long/rep_0039/attempt_000/truth.json"", ""artifacts/publication_campaign/tcc_calibration_confirmatory_v1/runs/PUB-02/intermediate_long/rep_0039/attempt_000/worker_metadata.json""]",10.910726077516573,True,True
PUB-02__intermediate_long__rep_0040,PUB-02,intermediate_long,rep_0040,tcc_calibration_confirmatory_v1__PUB-02__intermediate_long__rep_0040,"{""generation"": 3436791241, ""inference"": 656486593, ""predictive"": 1539185066, ""resampling"": 3832702388}",artifacts/publication_campaign/tcc_calibration_confirmatory_v1/runs/PUB-02/intermediate_long/rep_0040,COMPLETED,1,,artifacts/publication_campaign/tcc_calibration_confirmatory_v1/runs/PUB-02/intermediate_long/rep_0040/attempt_000,"[""artifacts/publication_campaign/tcc_calibration_confirmatory_v1/runs/PUB-02/intermediate_long/rep_0040/attempt_000/completion_manifest.json"", ""artifacts/publication_campaign/tcc_calibration_confirmatory_v1/runs/PUB-02/intermediate_long/rep_0040/attempt_000/environment_preflight.json"", ""artifacts/publication_campaign/tcc_calibration_confirmatory_v1/runs/PUB-02/intermediate_long/rep_0040/attempt_000/inference_command.json"", ""artifacts/publication_campaign/tcc_calibration_confirmatory_v1/runs/PUB-02/intermediate_long/rep_0040/attempt_000/inference_config.json"", ""artifacts/publication_campaign/tcc_calibration_confirmatory_v1/runs/PUB-02/intermediate_long/rep_0040/attempt_000/inference_started.json"", ""artifacts/publication_campaign/tcc_calibration_confirmatory_v1/runs/PUB-02/intermediate_long/rep_0040/attempt_000/input.csv"", ""artifacts/publication_campaign/tcc_calibration_confirmatory_v1/runs/PUB-02/intermediate_long/rep_0040/attempt_000/job.json"", ""artifacts/publication_campaign/tcc_calibration_confirmatory_v1/runs/PUB-02/intermediate_long/rep_0040/attempt_000/predictive_summary.csv"", ""artifacts/publication_campaign/tcc_calibration_confirmatory_v1/runs/PUB-02/intermediate_long/rep_0040/attempt_000/result.json"", ""artifacts/publication_campaign/tcc_calibration_confirmatory_v1/runs/PUB-02/intermediate_long/rep_0040/attempt_000/sampler_summary.csv"", ""artifacts/publication_campaign/tcc_calibration_confirmatory_v1/runs/PUB-02/intermediate_long/rep_0040/attempt_000/trace.nc"", ""artifacts/publication_campaign/tcc_calibration_confirmatory_v1/runs/PUB-02/intermediate_long/rep_0040/attempt_000/truth.json"", ""artifacts/publication_campaign/tcc_calibration_confirmatory_v1/runs/PUB-02/intermediate_long/rep_0040/attempt_000/worker_metadata.json""]",10.910726077516573,True,True
PUB-02__intermediate_long__rep_0041,PUB-02,intermediate_long,rep_0041,tcc_calibration_confirmatory_v1__PUB-02__intermediate_long__rep_0041,"{""generation"": 2687083337, ""inference"": 3398754649, ""predictive"": 1612085005, ""resampling"": 1889144094}",artifacts/publication_campaign/tcc_calibration_confirmatory_v1/runs/PUB-02/intermediate_long/rep_0041,COMPLETED,1,,artifacts/publication_campaign/tcc_calibration_confirmatory_v1/runs/PUB-02/intermediate_long/rep_0041/attempt_000,"[""artifacts/publication_campaign/tcc_calibration_confirmatory_v1/runs/PUB-02/intermediate_long/rep_0041/attempt_000/completion_manifest.json"", ""artifacts/publication_campaign/tcc_calibration_confirmatory_v1/runs/PUB-02/intermediate_long/rep_0041/attempt_000/environment_preflight.json"", ""artifacts/publication_campaign/tcc_calibration_confirmatory_v1/runs/PUB-02/intermediate_long/rep_0041/attempt_000/inference_command.json"", ""artifacts/publication_campaign/tcc_calibration_confirmatory_v1/runs/PUB-02/intermediate_long/rep_0041/attempt_000/inference_config.json"", ""artifacts/publication_campaign/tcc_calibration_confirmatory_v1/runs/PUB-02/intermediate_long/rep_0041/attempt_000/inference_started.json"", ""artifacts/publication_campaign/tcc_calibration_confirmatory_v1/runs/PUB-02/intermediate_long/rep_0041/attempt_000/input.csv"", ""artifacts/publication_campaign/tcc_calibration_confirmatory_v1/runs/PUB-02/intermediate_long/rep_0041/attempt_000/job.json"", ""artifacts/publication_campaign/tcc_calibration_confirmatory_v1/runs/PUB-02/intermediate_long/rep_0041/attempt_000/predictive_summary.csv"", ""artifacts/publication_campaign/tcc_calibration_confirmatory_v1/runs/PUB-02/intermediate_long/rep_0041/attempt_000/result.json"", ""artifacts/publication_campaign/tcc_calibration_confirmatory_v1/runs/PUB-02/intermediate_long/rep_0041/attempt_000/sampler_summary.csv"", ""artifacts/publication_campaign/tcc_calibration_confirmatory_v1/runs/PUB-02/intermediate_long/rep_0041/attempt_000/trace.nc"", ""artifacts/publication_campaign/tcc_calibration_confirmatory_v1/runs/PUB-02/intermediate_long/rep_0041/attempt_000/truth.json"", ""artifacts/publication_campaign/tcc_calibration_confirmatory_v1/runs/PUB-02/intermediate_long/rep_0041/attempt_000/worker_metadata.json""]",10.910726077516573,True,True
PUB-02__intermediate_long__rep_0042,PUB-02,intermediate_long,rep_0042,tcc_calibration_confirmatory_v1__PUB-02__intermediate_long__rep_0042,"{""generation"": 1766932613, ""inference"": 753072027, ""predictive"": 4283838026, ""resampling"": 2646306641}",artifacts/publication_campaign/tcc_calibration_confirmatory_v1/runs/PUB-02/intermediate_long/rep_0042,COMPLETED,1,,artifacts/publication_campaign/tcc_calibration_confirmatory_v1/runs/PUB-02/intermediate_long/rep_0042/attempt_000,"[""artifacts/publication_campaign/tcc_calibration_confirmatory_v1/runs/PUB-02/intermediate_long/rep_0042/attempt_000/completion_manifest.json"", ""artifacts/publication_campaign/tcc_calibration_confirmatory_v1/runs/PUB-02/intermediate_long/rep_0042/attempt_000/environment_preflight.json"", ""artifacts/publication_campaign/tcc_calibration_confirmatory_v1/runs/PUB-02/intermediate_long/rep_0042/attempt_000/inference_command.json"", ""artifacts/publication_campaign/tcc_calibration_confirmatory_v1/runs/PUB-02/intermediate_long/rep_0042/attempt_000/inference_config.json"", ""artifacts/publication_campaign/tcc_calibration_confirmatory_v1/runs/PUB-02/intermediate_long/rep_0042/attempt_000/inference_started.json"", ""artifacts/publication_campaign/tcc_calibration_confirmatory_v1/runs/PUB-02/intermediate_long/rep_0042/attempt_000/input.csv"", ""artifacts/publication_campaign/tcc_calibration_confirmatory_v1/runs/PUB-02/intermediate_long/rep_0042/attempt_000/job.json"", ""artifacts/publication_campaign/tcc_calibration_confirmatory_v1/runs/PUB-02/intermediate_long/rep_0042/attempt_000/predictive_summary.csv"", ""artifacts/publication_campaign/tcc_calibration_confirmatory_v1/runs/PUB-02/intermediate_long/rep_0042/attempt_000/result.json"", ""artifacts/publication_campaign/tcc_calibration_confirmatory_v1/runs/PUB-02/intermediate_long/rep_0042/attempt_000/sampler_summary.csv"", ""artifacts/publication_campaign/tcc_calibration_confirmatory_v1/runs/PUB-02/intermediate_long/rep_0042/attempt_000/trace.nc"", ""artifacts/publication_campaign/tcc_calibration_confirmatory_v1/runs/PUB-02/intermediate_long/rep_0042/attempt_000/truth.json"", ""artifacts/publication_campaign/tcc_calibration_confirmatory_v1/runs/PUB-02/intermediate_long/rep_0042/attempt_000/worker_metadata.json""]",10.910726077516573,True,True
PUB-02__intermediate_long__rep_0043,PUB-02,intermediate_long,rep_0043,tcc_calibration_confirmatory_v1__PUB-02__intermediate_long__rep_0043,"{""generation"": 4131168313, ""inference"": 27244815, ""predictive"": 2723514014, ""resampling"": 1616554550}",artifacts/publication_campaign/tcc_calibration_confirmatory_v1/runs/PUB-02/intermediate_long/rep_0043,COMPLETED,1,,artifacts/publication_campaign/tcc_calibration_confirmatory_v1/runs/PUB-02/intermediate_long/rep_0043/attempt_000,"[""artifacts/publication_campaign/tcc_calibration_confirmatory_v1/runs/PUB-02/intermediate_long/rep_0043/attempt_000/completion_manifest.json"", ""artifacts/publication_campaign/tcc_calibration_confirmatory_v1/runs/PUB-02/intermediate_long/rep_0043/attempt_000/environment_preflight.json"", ""artifacts/publication_campaign/tcc_calibration_confirmatory_v1/runs/PUB-02/intermediate_long/rep_0043/attempt_000/inference_command.json"", ""artifacts/publication_campaign/tcc_calibration_confirmatory_v1/runs/PUB-02/intermediate_long/rep_0043/attempt_000/inference_config.json"", ""artifacts/publication_campaign/tcc_calibration_confirmatory_v1/runs/PUB-02/intermediate_long/rep_0043/attempt_000/inference_started.json"", ""artifacts/publication_campaign/tcc_calibration_confirmatory_v1/runs/PUB-02/intermediate_long/rep_0043/attempt_000/input.csv"", ""artifacts/publication_campaign/tcc_calibration_confirmatory_v1/runs/PUB-02/intermediate_long/rep_0043/attempt_000/job.json"", ""artifacts/publication_campaign/tcc_calibration_confirmatory_v1/runs/PUB-02/intermediate_long/rep_0043/attempt_000/predictive_summary.csv"", ""artifacts/publication_campaign/tcc_calibration_confirmatory_v1/runs/PUB-02/intermediate_long/rep_0043/attempt_000/result.json"", ""artifacts/publication_campaign/tcc_calibration_confirmatory_v1/runs/PUB-02/intermediate_long/rep_0043/attempt_000/sampler_summary.csv"", ""artifacts/publication_campaign/tcc_calibration_confirmatory_v1/runs/PUB-02/intermediate_long/rep_0043/attempt_000/trace.nc"", ""artifacts/publication_campaign/tcc_calibration_confirmatory_v1/runs/PUB-02/intermediate_long/rep_0043/attempt_000/truth.json"", ""artifacts/publication_campaign/tcc_calibration_confirmatory_v1/runs/PUB-02/intermediate_long/rep_0043/attempt_000/worker_metadata.json""]",10.910726077516573,True,True
PUB-02__intermediate_long__rep_0044,PUB-02,intermediate_long,rep_0044,tcc_calibration_confirmatory_v1__PUB-02__intermediate_long__rep_0044,"{""generation"": 2978797616, ""inference"": 945281494, ""predictive"": 2163837666, ""resampling"": 3345452761}",artifacts/publication_campaign/tcc_calibration_confirmatory_v1/runs/PUB-02/intermediate_long/rep_0044,COMPLETED,1,,artifacts/publication_campaign/tcc_calibration_confirmatory_v1/runs/PUB-02/intermediate_long/rep_0044/attempt_000,"[""artifacts/publication_campaign/tcc_calibration_confirmatory_v1/runs/PUB-02/intermediate_long/rep_0044/attempt_000/completion_manifest.json"", ""artifacts/publication_campaign/tcc_calibration_confirmatory_v1/runs/PUB-02/intermediate_long/rep_0044/attempt_000/environment_preflight.json"", ""artifacts/publication_campaign/tcc_calibration_confirmatory_v1/runs/PUB-02/intermediate_long/rep_0044/attempt_000/inference_command.json"", ""artifacts/publication_campaign/tcc_calibration_confirmatory_v1/runs/PUB-02/intermediate_long/rep_0044/attempt_000/inference_config.json"", ""artifacts/publication_campaign/tcc_calibration_confirmatory_v1/runs/PUB-02/intermediate_long/rep_0044/attempt_000/inference_started.json"", ""artifacts/publication_campaign/tcc_calibration_confirmatory_v1/runs/PUB-02/intermediate_long/rep_0044/attempt_000/input.csv"", ""artifacts/publication_campaign/tcc_calibration_confirmatory_v1/runs/PUB-02/intermediate_long/rep_0044/attempt_000/job.json"", ""artifacts/publication_campaign/tcc_calibration_confirmatory_v1/runs/PUB-02/intermediate_long/rep_0044/attempt_000/predictive_summary.csv"", ""artifacts/publication_campaign/tcc_calibration_confirmatory_v1/runs/PUB-02/intermediate_long/rep_0044/attempt_000/result.json"", ""artifacts/publication_campaign/tcc_calibration_confirmatory_v1/runs/PUB-02/intermediate_long/rep_0044/attempt_000/sampler_summary.csv"", ""artifacts/publication_campaign/tcc_calibration_confirmatory_v1/runs/PUB-02/intermediate_long/rep_0044/attempt_000/trace.nc"", ""artifacts/publication_campaign/tcc_calibration_confirmatory_v1/runs/PUB-02/intermediate_long/rep_0044/attempt_000/truth.json"", ""artifacts/publication_campaign/tcc_calibration_confirmatory_v1/runs/PUB-02/intermediate_long/rep_0044/attempt_000/worker_metadata.json""]",10.910726077516573,True,True
PUB-02__intermediate_long__rep_0045,PUB-02,intermediate_long,rep_0045,tcc_calibration_confirmatory_v1__PUB-02__intermediate_long__rep_0045,"{""generation"": 38056611, ""inference"": 1812130385, ""predictive"": 1164288764, ""resampling"": 556812091}",artifacts/publication_campaign/tcc_calibration_confirmatory_v1/runs/PUB-02/intermediate_long/rep_0045,COMPLETED,1,,artifacts/publication_campaign/tcc_calibration_confirmatory_v1/runs/PUB-02/intermediate_long/rep_0045/attempt_000,"[""artifacts/publication_campaign/tcc_calibration_confirmatory_v1/runs/PUB-02/intermediate_long/rep_0045/attempt_000/completion_manifest.json"", ""artifacts/publication_campaign/tcc_calibration_confirmatory_v1/runs/PUB-02/intermediate_long/rep_0045/attempt_000/environment_preflight.json"", ""artifacts/publication_campaign/tcc_calibration_confirmatory_v1/runs/PUB-02/intermediate_long/rep_0045/attempt_000/inference_command.json"", ""artifacts/publication_campaign/tcc_calibration_confirmatory_v1/runs/PUB-02/intermediate_long/rep_0045/attempt_000/inference_config.json"", ""artifacts/publication_campaign/tcc_calibration_confirmatory_v1/runs/PUB-02/intermediate_long/rep_0045/attempt_000/inference_started.json"", ""artifacts/publication_campaign/tcc_calibration_confirmatory_v1/runs/PUB-02/intermediate_long/rep_0045/attempt_000/input.csv"", ""artifacts/publication_campaign/tcc_calibration_confirmatory_v1/runs/PUB-02/intermediate_long/rep_0045/attempt_000/job.json"", ""artifacts/publication_campaign/tcc_calibration_confirmatory_v1/runs/PUB-02/intermediate_long/rep_0045/attempt_000/predictive_summary.csv"", ""artifacts/publication_campaign/tcc_calibration_confirmatory_v1/runs/PUB-02/intermediate_long/rep_0045/attempt_000/result.json"", ""artifacts/publication_campaign/tcc_calibration_confirmatory_v1/runs/PUB-02/intermediate_long/rep_0045/attempt_000/sampler_summary.csv"", ""artifacts/publication_campaign/tcc_calibration_confirmatory_v1/runs/PUB-02/intermediate_long/rep_0045/attempt_000/trace.nc"", ""artifacts/publication_campaign/tcc_calibration_confirmatory_v1/runs/PUB-02/intermediate_long/rep_0045/attempt_000/truth.json"", ""artifacts/publication_campaign/tcc_calibration_confirmatory_v1/runs/PUB-02/intermediate_long/rep_0045/attempt_000/worker_metadata.json""]",10.910726077516573,True,True
PUB-02__intermediate_long__rep_0046,PUB-02,intermediate_long,rep_0046,tcc_calibration_confirmatory_v1__PUB-02__intermediate_long__rep_0046,"{""generation"": 3638679768, ""inference"": 2689217670, ""predictive"": 932126092, ""resampling"": 991674902}",artifacts/publication_campaign/tcc_calibration_confirmatory_v1/runs/PUB-02/intermediate_long/rep_0046,COMPLETED,1,,artifacts/publication_campaign/tcc_calibration_confirmatory_v1/runs/PUB-02/intermediate_long/rep_0046/attempt_000,"[""artifacts/publication_campaign/tcc_calibration_confirmatory_v1/runs/PUB-02/intermediate_long/rep_0046/attempt_000/completion_manifest.json"", ""artifacts/publication_campaign/tcc_calibration_confirmatory_v1/runs/PUB-02/intermediate_long/rep_0046/attempt_000/environment_preflight.json"", ""artifacts/publication_campaign/tcc_calibration_confirmatory_v1/runs/PUB-02/intermediate_long/rep_0046/attempt_000/inference_command.json"", ""artifacts/publication_campaign/tcc_calibration_confirmatory_v1/runs/PUB-02/intermediate_long/rep_0046/attempt_000/inference_config.json"", ""artifacts/publication_campaign/tcc_calibration_confirmatory_v1/runs/PUB-02/intermediate_long/rep_0046/attempt_000/inference_started.json"", ""artifacts/publication_campaign/tcc_calibration_confirmatory_v1/runs/PUB-02/intermediate_long/rep_0046/attempt_000/input.csv"", ""artifacts/publication_campaign/tcc_calibration_confirmatory_v1/runs/PUB-02/intermediate_long/rep_0046/attempt_000/job.json"", ""artifacts/publication_campaign/tcc_calibration_confirmatory_v1/runs/PUB-02/intermediate_long/rep_0046/attempt_000/predictive_summary.csv"", ""artifacts/publication_campaign/tcc_calibration_confirmatory_v1/runs/PUB-02/intermediate_long/rep_0046/attempt_000/result.json"", ""artifacts/publication_campaign/tcc_calibration_confirmatory_v1/runs/PUB-02/intermediate_long/rep_0046/attempt_000/sampler_summary.csv"", ""artifacts/publication_campaign/tcc_calibration_confirmatory_v1/runs/PUB-02/intermediate_long/rep_0046/attempt_000/trace.nc"", ""artifacts/publication_campaign/tcc_calibration_confirmatory_v1/runs/PUB-02/intermediate_long/rep_0046/attempt_000/truth.json"", ""artifacts/publication_campaign/tcc_calibration_confirmatory_v1/runs/PUB-02/intermediate_long/rep_0046/attempt_000/worker_metadata.json""]",10.910726077516573,True,True
PUB-02__intermediate_long__rep_0047,PUB-02,intermediate_long,rep_0047,tcc_calibration_confirmatory_v1__PUB-02__intermediate_long__rep_0047,"{""generation"": 4144292560, ""inference"": 159425829, ""predictive"": 984687222, ""resampling"": 4124384299}",artifacts/publication_campaign/tcc_calibration_confirmatory_v1/runs/PUB-02/intermediate_long/rep_0047,COMPLETED,1,,artifacts/publication_campaign/tcc_calibration_confirmatory_v1/runs/PUB-02/intermediate_long/rep_0047/attempt_000,"[""artifacts/publication_campaign/tcc_calibration_confirmatory_v1/runs/PUB-02/intermediate_long/rep_0047/attempt_000/completion_manifest.json"", ""artifacts/publication_campaign/tcc_calibration_confirmatory_v1/runs/PUB-02/intermediate_long/rep_0047/attempt_000/environment_preflight.json"", ""artifacts/publication_campaign/tcc_calibration_confirmatory_v1/runs/PUB-02/intermediate_long/rep_0047/attempt_000/inference_command.json"", ""artifacts/publication_campaign/tcc_calibration_confirmatory_v1/runs/PUB-02/intermediate_long/rep_0047/attempt_000/inference_config.json"", ""artifacts/publication_campaign/tcc_calibration_confirmatory_v1/runs/PUB-02/intermediate_long/rep_0047/attempt_000/inference_started.json"", ""artifacts/publication_campaign/tcc_calibration_confirmatory_v1/runs/PUB-02/intermediate_long/rep_0047/attempt_000/input.csv"", ""artifacts/publication_campaign/tcc_calibration_confirmatory_v1/runs/PUB-02/intermediate_long/rep_0047/attempt_000/job.json"", ""artifacts/publication_campaign/tcc_calibration_confirmatory_v1/runs/PUB-02/intermediate_long/rep_0047/attempt_000/predictive_summary.csv"", ""artifacts/publication_campaign/tcc_calibration_confirmatory_v1/runs/PUB-02/intermediate_long/rep_0047/attempt_000/result.json"", ""artifacts/publication_campaign/tcc_calibration_confirmatory_v1/runs/PUB-02/intermediate_long/rep_0047/attempt_000/sampler_summary.csv"", ""artifacts/publication_campaign/tcc_calibration_confirmatory_v1/runs/PUB-02/intermediate_long/rep_0047/attempt_000/trace.nc"", ""artifacts/publication_campaign/tcc_calibration_confirmatory_v1/runs/PUB-02/intermediate_long/rep_0047/attempt_000/truth.json"", ""artifacts/publication_campaign/tcc_calibration_confirmatory_v1/runs/PUB-02/intermediate_long/rep_0047/attempt_000/worker_metadata.json""]",10.910726077516573,True,True
PUB-02__intermediate_long__rep_0048,PUB-02,intermediate_long,rep_0048,tcc_calibration_confirmatory_v1__PUB-02__intermediate_long__rep_0048,"{""generation"": 3075410006, ""inference"": 3986534147, ""predictive"": 998324110, ""resampling"": 438583205}",artifacts/publication_campaign/tcc_calibration_confirmatory_v1/runs/PUB-02/intermediate_long/rep_0048,COMPLETED,1,,artifacts/publication_campaign/tcc_calibration_confirmatory_v1/runs/PUB-02/intermediate_long/rep_0048/attempt_000,"[""artifacts/publication_campaign/tcc_calibration_confirmatory_v1/runs/PUB-02/intermediate_long/rep_0048/attempt_000/completion_manifest.json"", ""artifacts/publication_campaign/tcc_calibration_confirmatory_v1/runs/PUB-02/intermediate_long/rep_0048/attempt_000/environment_preflight.json"", ""artifacts/publication_campaign/tcc_calibration_confirmatory_v1/runs/PUB-02/intermediate_long/rep_0048/attempt_000/inference_command.json"", ""artifacts/publication_campaign/tcc_calibration_confirmatory_v1/runs/PUB-02/intermediate_long/rep_0048/attempt_000/inference_config.json"", ""artifacts/publication_campaign/tcc_calibration_confirmatory_v1/runs/PUB-02/intermediate_long/rep_0048/attempt_000/inference_started.json"", ""artifacts/publication_campaign/tcc_calibration_confirmatory_v1/runs/PUB-02/intermediate_long/rep_0048/attempt_000/input.csv"", ""artifacts/publication_campaign/tcc_calibration_confirmatory_v1/runs/PUB-02/intermediate_long/rep_0048/attempt_000/job.json"", ""artifacts/publication_campaign/tcc_calibration_confirmatory_v1/runs/PUB-02/intermediate_long/rep_0048/attempt_000/predictive_summary.csv"", ""artifacts/publication_campaign/tcc_calibration_confirmatory_v1/runs/PUB-02/intermediate_long/rep_0048/attempt_000/result.json"", ""artifacts/publication_campaign/tcc_calibration_confirmatory_v1/runs/PUB-02/intermediate_long/rep_0048/attempt_000/sampler_summary.csv"", ""artifacts/publication_campaign/tcc_calibration_confirmatory_v1/runs/PUB-02/intermediate_long/rep_0048/attempt_000/trace.nc"", ""artifacts/publication_campaign/tcc_calibration_confirmatory_v1/runs/PUB-02/intermediate_long/rep_0048/attempt_000/truth.json"", ""artifacts/publication_campaign/tcc_calibration_confirmatory_v1/runs/PUB-02/intermediate_long/rep_0048/attempt_000/worker_metadata.json""]",10.910726077516573,True,True
PUB-02__intermediate_long__rep_0049,PUB-02,intermediate_long,rep_0049,tcc_calibration_confirmatory_v1__PUB-02__intermediate_long__rep_0049,"{""generation"": 3245408507, ""inference"": 3466959586, ""predictive"": 2535077882, ""resampling"": 3232823271}",artifacts/publication_campaign/tcc_calibration_confirmatory_v1/runs/PUB-02/intermediate_long/rep_0049,COMPLETED,1,,artifacts/publication_campaign/tcc_calibration_confirmatory_v1/runs/PUB-02/intermediate_long/rep_0049/attempt_000,"[""artifacts/publication_campaign/tcc_calibration_confirmatory_v1/runs/PUB-02/intermediate_long/rep_0049/attempt_000/completion_manifest.json"", ""artifacts/publication_campaign/tcc_calibration_confirmatory_v1/runs/PUB-02/intermediate_long/rep_0049/attempt_000/environment_preflight.json"", ""artifacts/publication_campaign/tcc_calibration_confirmatory_v1/runs/PUB-02/intermediate_long/rep_0049/attempt_000/inference_command.json"", ""artifacts/publication_campaign/tcc_calibration_confirmatory_v1/runs/PUB-02/intermediate_long/rep_0049/attempt_000/inference_config.json"", ""artifacts/publication_campaign/tcc_calibration_confirmatory_v1/runs/PUB-02/intermediate_long/rep_0049/attempt_000/inference_started.json"", ""artifacts/publication_campaign/tcc_calibration_confirmatory_v1/runs/PUB-02/intermediate_long/rep_0049/attempt_000/input.csv"", ""artifacts/publication_campaign/tcc_calibration_confirmatory_v1/runs/PUB-02/intermediate_long/rep_0049/attempt_000/job.json"", ""artifacts/publication_campaign/tcc_calibration_confirmatory_v1/runs/PUB-02/intermediate_long/rep_0049/attempt_000/predictive_summary.csv"", ""artifacts/publication_campaign/tcc_calibration_confirmatory_v1/runs/PUB-02/intermediate_long/rep_0049/attempt_000/result.json"", ""artifacts/publication_campaign/tcc_calibration_confirmatory_v1/runs/PUB-02/intermediate_long/rep_0049/attempt_000/sampler_summary.csv"", ""artifacts/publication_campaign/tcc_calibration_confirmatory_v1/runs/PUB-02/intermediate_long/rep_0049/attempt_000/trace.nc"", ""artifacts/publication_campaign/tcc_calibration_confirmatory_v1/runs/PUB-02/intermediate_long/rep_0049/attempt_000/truth.json"", ""artifacts/publication_campaign/tcc_calibration_confirmatory_v1/runs/PUB-02/intermediate_long/rep_0049/attempt_000/worker_metadata.json""]",10.910726077516573,True,True
PUB-02__intermediate_long__rep_0050,PUB-02,intermediate_long,rep_0050,tcc_calibration_confirmatory_v1__PUB-02__intermediate_long__rep_0050,"{""generation"": 905996868, ""inference"": 3378621071, ""predictive"": 1223247251, ""resampling"": 135427587}",artifacts/publication_campaign/tcc_calibration_confirmatory_v1/runs/PUB-02/intermediate_long/rep_0050,COMPLETED,1,,artifacts/publication_campaign/tcc_calibration_confirmatory_v1/runs/PUB-02/intermediate_long/rep_0050/attempt_000,"[""artifacts/publication_campaign/tcc_calibration_confirmatory_v1/runs/PUB-02/intermediate_long/rep_0050/attempt_000/completion_manifest.json"", ""artifacts/publication_campaign/tcc_calibration_confirmatory_v1/runs/PUB-02/intermediate_long/rep_0050/attempt_000/environment_preflight.json"", ""artifacts/publication_campaign/tcc_calibration_confirmatory_v1/runs/PUB-02/intermediate_long/rep_0050/attempt_000/inference_command.json"", ""artifacts/publication_campaign/tcc_calibration_confirmatory_v1/runs/PUB-02/intermediate_long/rep_0050/attempt_000/inference_config.json"", ""artifacts/publication_campaign/tcc_calibration_confirmatory_v1/runs/PUB-02/intermediate_long/rep_0050/attempt_000/inference_started.json"", ""artifacts/publication_campaign/tcc_calibration_confirmatory_v1/runs/PUB-02/intermediate_long/rep_0050/attempt_000/input.csv"", ""artifacts/publication_campaign/tcc_calibration_confirmatory_v1/runs/PUB-02/intermediate_long/rep_0050/attempt_000/job.json"", ""artifacts/publication_campaign/tcc_calibration_confirmatory_v1/runs/PUB-02/intermediate_long/rep_0050/attempt_000/predictive_summary.csv"", ""artifacts/publication_campaign/tcc_calibration_confirmatory_v1/runs/PUB-02/intermediate_long/rep_0050/attempt_000/result.json"", ""artifacts/publication_campaign/tcc_calibration_confirmatory_v1/runs/PUB-02/intermediate_long/rep_0050/attempt_000/sampler_summary.csv"", ""artifacts/publication_campaign/tcc_calibration_confirmatory_v1/runs/PUB-02/intermediate_long/rep_0050/attempt_000/trace.nc"", ""artifacts/publication_campaign/tcc_calibration_confirmatory_v1/runs/PUB-02/intermediate_long/rep_0050/attempt_000/truth.json"", ""artifacts/publication_campaign/tcc_calibration_confirmatory_v1/runs/PUB-02/intermediate_long/rep_0050/attempt_000/worker_metadata.json""]",10.910726077516573,True,True
PUB-02__intermediate_long__rep_0051,PUB-02,intermediate_long,rep_0051,tcc_calibration_confirmatory_v1__PUB-02__intermediate_long__rep_0051,"{""generation"": 3822780886, ""inference"": 2917452503, ""predictive"": 1588802225, ""resampling"": 1768774877}",artifacts/publication_campaign/tcc_calibration_confirmatory_v1/runs/PUB-02/intermediate_long/rep_0051,COMPLETED,1,,artifacts/publication_campaign/tcc_calibration_confirmatory_v1/runs/PUB-02/intermediate_long/rep_0051/attempt_000,"[""artifacts/publication_campaign/tcc_calibration_confirmatory_v1/runs/PUB-02/intermediate_long/rep_0051/attempt_000/completion_manifest.json"", ""artifacts/publication_campaign/tcc_calibration_confirmatory_v1/runs/PUB-02/intermediate_long/rep_0051/attempt_000/environment_preflight.json"", ""artifacts/publication_campaign/tcc_calibration_confirmatory_v1/runs/PUB-02/intermediate_long/rep_0051/attempt_000/inference_command.json"", ""artifacts/publication_campaign/tcc_calibration_confirmatory_v1/runs/PUB-02/intermediate_long/rep_0051/attempt_000/inference_config.json"", ""artifacts/publication_campaign/tcc_calibration_confirmatory_v1/runs/PUB-02/intermediate_long/rep_0051/attempt_000/inference_started.json"", ""artifacts/publication_campaign/tcc_calibration_confirmatory_v1/runs/PUB-02/intermediate_long/rep_0051/attempt_000/input.csv"", ""artifacts/publication_campaign/tcc_calibration_confirmatory_v1/runs/PUB-02/intermediate_long/rep_0051/attempt_000/job.json"", ""artifacts/publication_campaign/tcc_calibration_confirmatory_v1/runs/PUB-02/intermediate_long/rep_0051/attempt_000/predictive_summary.csv"", ""artifacts/publication_campaign/tcc_calibration_confirmatory_v1/runs/PUB-02/intermediate_long/rep_0051/attempt_000/result.json"", ""artifacts/publication_campaign/tcc_calibration_confirmatory_v1/runs/PUB-02/intermediate_long/rep_0051/attempt_000/sampler_summary.csv"", ""artifacts/publication_campaign/tcc_calibration_confirmatory_v1/runs/PUB-02/intermediate_long/rep_0051/attempt_000/trace.nc"", ""artifacts/publication_campaign/tcc_calibration_confirmatory_v1/runs/PUB-02/intermediate_long/rep_0051/attempt_000/truth.json"", ""artifacts/publication_campaign/tcc_calibration_confirmatory_v1/runs/PUB-02/intermediate_long/rep_0051/attempt_000/worker_metadata.json""]",10.910726077516573,True,True
PUB-02__intermediate_long__rep_0052,PUB-02,intermediate_long,rep_0052,tcc_calibration_confirmatory_v1__PUB-02__intermediate_long__rep_0052,"{""generation"": 1754488710, ""inference"": 1512582440, ""predictive"": 2547213220, ""resampling"": 1742446574}",artifacts/publication_campaign/tcc_calibration_confirmatory_v1/runs/PUB-02/intermediate_long/rep_0052,COMPLETED,1,,artifacts/publication_campaign/tcc_calibration_confirmatory_v1/runs/PUB-02/intermediate_long/rep_0052/attempt_000,"[""artifacts/publication_campaign/tcc_calibration_confirmatory_v1/runs/PUB-02/intermediate_long/rep_0052/attempt_000/completion_manifest.json"", ""artifacts/publication_campaign/tcc_calibration_confirmatory_v1/runs/PUB-02/intermediate_long/rep_0052/attempt_000/environment_preflight.json"", ""artifacts/publication_campaign/tcc_calibration_confirmatory_v1/runs/PUB-02/intermediate_long/rep_0052/attempt_000/inference_command.json"", ""artifacts/publication_campaign/tcc_calibration_confirmatory_v1/runs/PUB-02/intermediate_long/rep_0052/attempt_000/inference_config.json"", ""artifacts/publication_campaign/tcc_calibration_confirmatory_v1/runs/PUB-02/intermediate_long/rep_0052/attempt_000/inference_started.json"", ""artifacts/publication_campaign/tcc_calibration_confirmatory_v1/runs/PUB-02/intermediate_long/rep_0052/attempt_000/input.csv"", ""artifacts/publication_campaign/tcc_calibration_confirmatory_v1/runs/PUB-02/intermediate_long/rep_0052/attempt_000/job.json"", ""artifacts/publication_campaign/tcc_calibration_confirmatory_v1/runs/PUB-02/intermediate_long/rep_0052/attempt_000/predictive_summary.csv"", ""artifacts/publication_campaign/tcc_calibration_confirmatory_v1/runs/PUB-02/intermediate_long/rep_0052/attempt_000/result.json"", ""artifacts/publication_campaign/tcc_calibration_confirmatory_v1/runs/PUB-02/intermediate_long/rep_0052/attempt_000/sampler_summary.csv"", ""artifacts/publication_campaign/tcc_calibration_confirmatory_v1/runs/PUB-02/intermediate_long/rep_0052/attempt_000/trace.nc"", ""artifacts/publication_campaign/tcc_calibration_confirmatory_v1/runs/PUB-02/intermediate_long/rep_0052/attempt_000/truth.json"", ""artifacts/publication_campaign/tcc_calibration_confirmatory_v1/runs/PUB-02/intermediate_long/rep_0052/attempt_000/worker_metadata.json""]",10.910726077516573,True,True
PUB-02__intermediate_long__rep_0053,PUB-02,intermediate_long,rep_0053,tcc_calibration_confirmatory_v1__PUB-02__intermediate_long__rep_0053,"{""generation"": 202427688, ""inference"": 555630139, ""predictive"": 969497495, ""resampling"": 821939448}",artifacts/publication_campaign/tcc_calibration_confirmatory_v1/runs/PUB-02/intermediate_long/rep_0053,COMPLETED,1,,artifacts/publication_campaign/tcc_calibration_confirmatory_v1/runs/PUB-02/intermediate_long/rep_0053/attempt_000,"[""artifacts/publication_campaign/tcc_calibration_confirmatory_v1/runs/PUB-02/intermediate_long/rep_0053/attempt_000/completion_manifest.json"", ""artifacts/publication_campaign/tcc_calibration_confirmatory_v1/runs/PUB-02/intermediate_long/rep_0053/attempt_000/environment_preflight.json"", ""artifacts/publication_campaign/tcc_calibration_confirmatory_v1/runs/PUB-02/intermediate_long/rep_0053/attempt_000/inference_command.json"", ""artifacts/publication_campaign/tcc_calibration_confirmatory_v1/runs/PUB-02/intermediate_long/rep_0053/attempt_000/inference_config.json"", ""artifacts/publication_campaign/tcc_calibration_confirmatory_v1/runs/PUB-02/intermediate_long/rep_0053/attempt_000/inference_started.json"", ""artifacts/publication_campaign/tcc_calibration_confirmatory_v1/runs/PUB-02/intermediate_long/rep_0053/attempt_000/input.csv"", ""artifacts/publication_campaign/tcc_calibration_confirmatory_v1/runs/PUB-02/intermediate_long/rep_0053/attempt_000/job.json"", ""artifacts/publication_campaign/tcc_calibration_confirmatory_v1/runs/PUB-02/intermediate_long/rep_0053/attempt_000/predictive_summary.csv"", ""artifacts/publication_campaign/tcc_calibration_confirmatory_v1/runs/PUB-02/intermediate_long/rep_0053/attempt_000/result.json"", ""artifacts/publication_campaign/tcc_calibration_confirmatory_v1/runs/PUB-02/intermediate_long/rep_0053/attempt_000/sampler_summary.csv"", ""artifacts/publication_campaign/tcc_calibration_confirmatory_v1/runs/PUB-02/intermediate_long/rep_0053/attempt_000/trace.nc"", ""artifacts/publication_campaign/tcc_calibration_confirmatory_v1/runs/PUB-02/intermediate_long/rep_0053/attempt_000/truth.json"", ""artifacts/publication_campaign/tcc_calibration_confirmatory_v1/runs/PUB-02/intermediate_long/rep_0053/attempt_000/worker_metadata.json""]",10.910726077516573,True,True
PUB-02__intermediate_long__rep_0054,PUB-02,intermediate_long,rep_0054,tcc_calibration_confirmatory_v1__PUB-02__intermediate_long__rep_0054,"{""generation"": 54645917, ""inference"": 3721882069, ""predictive"": 1700015458, ""resampling"": 2570834328}",artifacts/publication_campaign/tcc_calibration_confirmatory_v1/runs/PUB-02/intermediate_long/rep_0054,COMPLETED,1,,artifacts/publication_campaign/tcc_calibration_confirmatory_v1/runs/PUB-02/intermediate_long/rep_0054/attempt_000,"[""artifacts/publication_campaign/tcc_calibration_confirmatory_v1/runs/PUB-02/intermediate_long/rep_0054/attempt_000/completion_manifest.json"", ""artifacts/publication_campaign/tcc_calibration_confirmatory_v1/runs/PUB-02/intermediate_long/rep_0054/attempt_000/environment_preflight.json"", ""artifacts/publication_campaign/tcc_calibration_confirmatory_v1/runs/PUB-02/intermediate_long/rep_0054/attempt_000/inference_command.json"", ""artifacts/publication_campaign/tcc_calibration_confirmatory_v1/runs/PUB-02/intermediate_long/rep_0054/attempt_000/inference_config.json"", ""artifacts/publication_campaign/tcc_calibration_confirmatory_v1/runs/PUB-02/intermediate_long/rep_0054/attempt_000/inference_started.json"", ""artifacts/publication_campaign/tcc_calibration_confirmatory_v1/runs/PUB-02/intermediate_long/rep_0054/attempt_000/input.csv"", ""artifacts/publication_campaign/tcc_calibration_confirmatory_v1/runs/PUB-02/intermediate_long/rep_0054/attempt_000/job.json"", ""artifacts/publication_campaign/tcc_calibration_confirmatory_v1/runs/PUB-02/intermediate_long/rep_0054/attempt_000/predictive_summary.csv"", ""artifacts/publication_campaign/tcc_calibration_confirmatory_v1/runs/PUB-02/intermediate_long/rep_0054/attempt_000/result.json"", ""artifacts/publication_campaign/tcc_calibration_confirmatory_v1/runs/PUB-02/intermediate_long/rep_0054/attempt_000/sampler_summary.csv"", ""artifacts/publication_campaign/tcc_calibration_confirmatory_v1/runs/PUB-02/intermediate_long/rep_0054/attempt_000/trace.nc"", ""artifacts/publication_campaign/tcc_calibration_confirmatory_v1/runs/PUB-02/intermediate_long/rep_0054/attempt_000/truth.json"", ""artifacts/publication_campaign/tcc_calibration_confirmatory_v1/runs/PUB-02/intermediate_long/rep_0054/attempt_000/worker_metadata.json""]",10.910726077516573,True,True
PUB-02__intermediate_long__rep_0055,PUB-02,intermediate_long,rep_0055,tcc_calibration_confirmatory_v1__PUB-02__intermediate_long__rep_0055,"{""generation"": 1187737929, ""inference"": 3754403760, ""predictive"": 4084874736, ""resampling"": 1965765458}",artifacts/publication_campaign/tcc_calibration_confirmatory_v1/runs/PUB-02/intermediate_long/rep_0055,COMPLETED,1,,artifacts/publication_campaign/tcc_calibration_confirmatory_v1/runs/PUB-02/intermediate_long/rep_0055/attempt_000,"[""artifacts/publication_campaign/tcc_calibration_confirmatory_v1/runs/PUB-02/intermediate_long/rep_0055/attempt_000/completion_manifest.json"", ""artifacts/publication_campaign/tcc_calibration_confirmatory_v1/runs/PUB-02/intermediate_long/rep_0055/attempt_000/environment_preflight.json"", ""artifacts/publication_campaign/tcc_calibration_confirmatory_v1/runs/PUB-02/intermediate_long/rep_0055/attempt_000/inference_command.json"", ""artifacts/publication_campaign/tcc_calibration_confirmatory_v1/runs/PUB-02/intermediate_long/rep_0055/attempt_000/inference_config.json"", ""artifacts/publication_campaign/tcc_calibration_confirmatory_v1/runs/PUB-02/intermediate_long/rep_0055/attempt_000/inference_started.json"", ""artifacts/publication_campaign/tcc_calibration_confirmatory_v1/runs/PUB-02/intermediate_long/rep_0055/attempt_000/input.csv"", ""artifacts/publication_campaign/tcc_calibration_confirmatory_v1/runs/PUB-02/intermediate_long/rep_0055/attempt_000/job.json"", ""artifacts/publication_campaign/tcc_calibration_confirmatory_v1/runs/PUB-02/intermediate_long/rep_0055/attempt_000/predictive_summary.csv"", ""artifacts/publication_campaign/tcc_calibration_confirmatory_v1/runs/PUB-02/intermediate_long/rep_0055/attempt_000/result.json"", ""artifacts/publication_campaign/tcc_calibration_confirmatory_v1/runs/PUB-02/intermediate_long/rep_0055/attempt_000/sampler_summary.csv"", ""artifacts/publication_campaign/tcc_calibration_confirmatory_v1/runs/PUB-02/intermediate_long/rep_0055/attempt_000/trace.nc"", ""artifacts/publication_campaign/tcc_calibration_confirmatory_v1/runs/PUB-02/intermediate_long/rep_0055/attempt_000/truth.json"", ""artifacts/publication_campaign/tcc_calibration_confirmatory_v1/runs/PUB-02/intermediate_long/rep_0055/attempt_000/worker_metadata.json""]",10.910726077516573,True,True
PUB-02__intermediate_long__rep_0056,PUB-02,intermediate_long,rep_0056,tcc_calibration_confirmatory_v1__PUB-02__intermediate_long__rep_0056,"{""generation"": 787045055, ""inference"": 3159474008, ""predictive"": 1393785972, ""resampling"": 2534269497}",artifacts/publication_campaign/tcc_calibration_confirmatory_v1/runs/PUB-02/intermediate_long/rep_0056,COMPLETED,1,,artifacts/publication_campaign/tcc_calibration_confirmatory_v1/runs/PUB-02/intermediate_long/rep_0056/attempt_000,"[""artifacts/publication_campaign/tcc_calibration_confirmatory_v1/runs/PUB-02/intermediate_long/rep_0056/attempt_000/completion_manifest.json"", ""artifacts/publication_campaign/tcc_calibration_confirmatory_v1/runs/PUB-02/intermediate_long/rep_0056/attempt_000/environment_preflight.json"", ""artifacts/publication_campaign/tcc_calibration_confirmatory_v1/runs/PUB-02/intermediate_long/rep_0056/attempt_000/inference_command.json"", ""artifacts/publication_campaign/tcc_calibration_confirmatory_v1/runs/PUB-02/intermediate_long/rep_0056/attempt_000/inference_config.json"", ""artifacts/publication_campaign/tcc_calibration_confirmatory_v1/runs/PUB-02/intermediate_long/rep_0056/attempt_000/inference_started.json"", ""artifacts/publication_campaign/tcc_calibration_confirmatory_v1/runs/PUB-02/intermediate_long/rep_0056/attempt_000/input.csv"", ""artifacts/publication_campaign/tcc_calibration_confirmatory_v1/runs/PUB-02/intermediate_long/rep_0056/attempt_000/job.json"", ""artifacts/publication_campaign/tcc_calibration_confirmatory_v1/runs/PUB-02/intermediate_long/rep_0056/attempt_000/predictive_summary.csv"", ""artifacts/publication_campaign/tcc_calibration_confirmatory_v1/runs/PUB-02/intermediate_long/rep_0056/attempt_000/result.json"", ""artifacts/publication_campaign/tcc_calibration_confirmatory_v1/runs/PUB-02/intermediate_long/rep_0056/attempt_000/sampler_summary.csv"", ""artifacts/publication_campaign/tcc_calibration_confirmatory_v1/runs/PUB-02/intermediate_long/rep_0056/attempt_000/trace.nc"", ""artifacts/publication_campaign/tcc_calibration_confirmatory_v1/runs/PUB-02/intermediate_long/rep_0056/attempt_000/truth.json"", ""artifacts/publication_campaign/tcc_calibration_confirmatory_v1/runs/PUB-02/intermediate_long/rep_0056/attempt_000/worker_metadata.json""]",10.910726077516573,True,True
PUB-02__intermediate_long__rep_0057,PUB-02,intermediate_long,rep_0057,tcc_calibration_confirmatory_v1__PUB-02__intermediate_long__rep_0057,"{""generation"": 670932802, ""inference"": 2868858748, ""predictive"": 2757283949, ""resampling"": 626000882}",artifacts/publication_campaign/tcc_calibration_confirmatory_v1/runs/PUB-02/intermediate_long/rep_0057,COMPLETED,1,,artifacts/publication_campaign/tcc_calibration_confirmatory_v1/runs/PUB-02/intermediate_long/rep_0057/attempt_000,"[""artifacts/publication_campaign/tcc_calibration_confirmatory_v1/runs/PUB-02/intermediate_long/rep_0057/attempt_000/completion_manifest.json"", ""artifacts/publication_campaign/tcc_calibration_confirmatory_v1/runs/PUB-02/intermediate_long/rep_0057/attempt_000/environment_preflight.json"", ""artifacts/publication_campaign/tcc_calibration_confirmatory_v1/runs/PUB-02/intermediate_long/rep_0057/attempt_000/inference_command.json"", ""artifacts/publication_campaign/tcc_calibration_confirmatory_v1/runs/PUB-02/intermediate_long/rep_0057/attempt_000/inference_config.json"", ""artifacts/publication_campaign/tcc_calibration_confirmatory_v1/runs/PUB-02/intermediate_long/rep_0057/attempt_000/inference_started.json"", ""artifacts/publication_campaign/tcc_calibration_confirmatory_v1/runs/PUB-02/intermediate_long/rep_0057/attempt_000/input.csv"", ""artifacts/publication_campaign/tcc_calibration_confirmatory_v1/runs/PUB-02/intermediate_long/rep_0057/attempt_000/job.json"", ""artifacts/publication_campaign/tcc_calibration_confirmatory_v1/runs/PUB-02/intermediate_long/rep_0057/attempt_000/predictive_summary.csv"", ""artifacts/publication_campaign/tcc_calibration_confirmatory_v1/runs/PUB-02/intermediate_long/rep_0057/attempt_000/result.json"", ""artifacts/publication_campaign/tcc_calibration_confirmatory_v1/runs/PUB-02/intermediate_long/rep_0057/attempt_000/sampler_summary.csv"", ""artifacts/publication_campaign/tcc_calibration_confirmatory_v1/runs/PUB-02/intermediate_long/rep_0057/attempt_000/trace.nc"", ""artifacts/publication_campaign/tcc_calibration_confirmatory_v1/runs/PUB-02/intermediate_long/rep_0057/attempt_000/truth.json"", ""artifacts/publication_campaign/tcc_calibration_confirmatory_v1/runs/PUB-02/intermediate_long/rep_0057/attempt_000/worker_metadata.json""]",10.910726077516573,True,True
PUB-02__intermediate_long__rep_0058,PUB-02,intermediate_long,rep_0058,tcc_calibration_confirmatory_v1__PUB-02__intermediate_long__rep_0058,"{""generation"": 2602022113, ""inference"": 2783551899, ""predictive"": 1326633791, ""resampling"": 535178026}",artifacts/publication_campaign/tcc_calibration_confirmatory_v1/runs/PUB-02/intermediate_long/rep_0058,COMPLETED_REJECTED,1,,artifacts/publication_campaign/tcc_calibration_confirmatory_v1/runs/PUB-02/intermediate_long/rep_0058/attempt_000,"[""artifacts/publication_campaign/tcc_calibration_confirmatory_v1/runs/PUB-02/intermediate_long/rep_0058/attempt_000/completion_manifest.json"", ""artifacts/publication_campaign/tcc_calibration_confirmatory_v1/runs/PUB-02/intermediate_long/rep_0058/attempt_000/environment_preflight.json"", ""artifacts/publication_campaign/tcc_calibration_confirmatory_v1/runs/PUB-02/intermediate_long/rep_0058/attempt_000/inference_command.json"", ""artifacts/publication_campaign/tcc_calibration_confirmatory_v1/runs/PUB-02/intermediate_long/rep_0058/attempt_000/inference_config.json"", ""artifacts/publication_campaign/tcc_calibration_confirmatory_v1/runs/PUB-02/intermediate_long/rep_0058/attempt_000/inference_started.json"", ""artifacts/publication_campaign/tcc_calibration_confirmatory_v1/runs/PUB-02/intermediate_long/rep_0058/attempt_000/input.csv"", ""artifacts/publication_campaign/tcc_calibration_confirmatory_v1/runs/PUB-02/intermediate_long/rep_0058/attempt_000/job.json"", ""artifacts/publication_campaign/tcc_calibration_confirmatory_v1/runs/PUB-02/intermediate_long/rep_0058/attempt_000/predictive_summary.csv"", ""artifacts/publication_campaign/tcc_calibration_confirmatory_v1/runs/PUB-02/intermediate_long/rep_0058/attempt_000/result.json"", ""artifacts/publication_campaign/tcc_calibration_confirmatory_v1/runs/PUB-02/intermediate_long/rep_0058/attempt_000/sampler_summary.csv"", ""artifacts/publication_campaign/tcc_calibration_confirmatory_v1/runs/PUB-02/intermediate_long/rep_0058/attempt_000/trace.nc"", ""artifacts/publication_campaign/tcc_calibration_confirmatory_v1/runs/PUB-02/intermediate_long/rep_0058/attempt_000/truth.json"", ""artifacts/publication_campaign/tcc_calibration_confirmatory_v1/runs/PUB-02/intermediate_long/rep_0058/attempt_000/worker_metadata.json""]",10.910726077516573,False,False
PUB-02__intermediate_long__rep_0059,PUB-02,intermediate_long,rep_0059,tcc_calibration_confirmatory_v1__PUB-02__intermediate_long__rep_0059,"{""generation"": 1606460097, ""inference"": 1917351436, ""predictive"": 511716264, ""resampling"": 3720650945}",artifacts/publication_campaign/tcc_calibration_confirmatory_v1/runs/PUB-02/intermediate_long/rep_0059,COMPLETED_REJECTED,1,,artifacts/publication_campaign/tcc_calibration_confirmatory_v1/runs/PUB-02/intermediate_long/rep_0059/attempt_000,"[""artifacts/publication_campaign/tcc_calibration_confirmatory_v1/runs/PUB-02/intermediate_long/rep_0059/attempt_000/completion_manifest.json"", ""artifacts/publication_campaign/tcc_calibration_confirmatory_v1/runs/PUB-02/intermediate_long/rep_0059/attempt_000/environment_preflight.json"", ""artifacts/publication_campaign/tcc_calibration_confirmatory_v1/runs/PUB-02/intermediate_long/rep_0059/attempt_000/inference_command.json"", ""artifacts/publication_campaign/tcc_calibration_confirmatory_v1/runs/PUB-02/intermediate_long/rep_0059/attempt_000/inference_config.json"", ""artifacts/publication_campaign/tcc_calibration_confirmatory_v1/runs/PUB-02/intermediate_long/rep_0059/attempt_000/inference_started.json"", ""artifacts/publication_campaign/tcc_calibration_confirmatory_v1/runs/PUB-02/intermediate_long/rep_0059/attempt_000/input.csv"", ""artifacts/publication_campaign/tcc_calibration_confirmatory_v1/runs/PUB-02/intermediate_long/rep_0059/attempt_000/job.json"", ""artifacts/publication_campaign/tcc_calibration_confirmatory_v1/runs/PUB-02/intermediate_long/rep_0059/attempt_000/predictive_summary.csv"", ""artifacts/publication_campaign/tcc_calibration_confirmatory_v1/runs/PUB-02/intermediate_long/rep_0059/attempt_000/result.json"", ""artifacts/publication_campaign/tcc_calibration_confirmatory_v1/runs/PUB-02/intermediate_long/rep_0059/attempt_000/sampler_summary.csv"", ""artifacts/publication_campaign/tcc_calibration_confirmatory_v1/runs/PUB-02/intermediate_long/rep_0059/attempt_000/trace.nc"", ""artifacts/publication_campaign/tcc_calibration_confirmatory_v1/runs/PUB-02/intermediate_long/rep_0059/attempt_000/truth.json"", ""artifacts/publication_campaign/tcc_calibration_confirmatory_v1/runs/PUB-02/intermediate_long/rep_0059/attempt_000/worker_metadata.json""]",10.910726077516573,False,False
PUB-02__intermediate_long__rep_0060,PUB-02,intermediate_long,rep_0060,tcc_calibration_confirmatory_v1__PUB-02__intermediate_long__rep_0060,"{""generation"": 589650082, ""inference"": 2989672611, ""predictive"": 2334467425, ""resampling"": 1128949981}",artifacts/publication_campaign/tcc_calibration_confirmatory_v1/runs/PUB-02/intermediate_long/rep_0060,COMPLETED_REJECTED,1,,artifacts/publication_campaign/tcc_calibration_confirmatory_v1/runs/PUB-02/intermediate_long/rep_0060/attempt_000,"[""artifacts/publication_campaign/tcc_calibration_confirmatory_v1/runs/PUB-02/intermediate_long/rep_0060/attempt_000/completion_manifest.json"", ""artifacts/publication_campaign/tcc_calibration_confirmatory_v1/runs/PUB-02/intermediate_long/rep_0060/attempt_000/environment_preflight.json"", ""artifacts/publication_campaign/tcc_calibration_confirmatory_v1/runs/PUB-02/intermediate_long/rep_0060/attempt_000/inference_command.json"", ""artifacts/publication_campaign/tcc_calibration_confirmatory_v1/runs/PUB-02/intermediate_long/rep_0060/attempt_000/inference_config.json"", ""artifacts/publication_campaign/tcc_calibration_confirmatory_v1/runs/PUB-02/intermediate_long/rep_0060/attempt_000/inference_started.json"", ""artifacts/publication_campaign/tcc_calibration_confirmatory_v1/runs/PUB-02/intermediate_long/rep_0060/attempt_000/input.csv"", ""artifacts/publication_campaign/tcc_calibration_confirmatory_v1/runs/PUB-02/intermediate_long/rep_0060/attempt_000/job.json"", ""artifacts/publication_campaign/tcc_calibration_confirmatory_v1/runs/PUB-02/intermediate_long/rep_0060/attempt_000/predictive_summary.csv"", ""artifacts/publication_campaign/tcc_calibration_confirmatory_v1/runs/PUB-02/intermediate_long/rep_0060/attempt_000/result.json"", ""artifacts/publication_campaign/tcc_calibration_confirmatory_v1/runs/PUB-02/intermediate_long/rep_0060/attempt_000/sampler_summary.csv"", ""artifacts/publication_campaign/tcc_calibration_confirmatory_v1/runs/PUB-02/intermediate_long/rep_0060/attempt_000/trace.nc"", ""artifacts/publication_campaign/tcc_calibration_confirmatory_v1/runs/PUB-02/intermediate_long/rep_0060/attempt_000/truth.json"", ""artifacts/publication_campaign/tcc_calibration_confirmatory_v1/runs/PUB-02/intermediate_long/rep_0060/attempt_000/worker_metadata.json""]",10.910726077516573,False,False
PUB-02__intermediate_long__rep_0061,PUB-02,intermediate_long,rep_0061,tcc_calibration_confirmatory_v1__PUB-02__intermediate_long__rep_0061,"{""generation"": 1175836757, ""inference"": 548308753, ""predictive"": 316709765, ""resampling"": 3115853582}",artifacts/publication_campaign/tcc_calibration_confirmatory_v1/runs/PUB-02/intermediate_long/rep_0061,COMPLETED_REJECTED,1,,artifacts/publication_campaign/tcc_calibration_confirmatory_v1/runs/PUB-02/intermediate_long/rep_0061/attempt_000,"[""artifacts/publication_campaign/tcc_calibration_confirmatory_v1/runs/PUB-02/intermediate_long/rep_0061/attempt_000/completion_manifest.json"", ""artifacts/publication_campaign/tcc_calibration_confirmatory_v1/runs/PUB-02/intermediate_long/rep_0061/attempt_000/environment_preflight.json"", ""artifacts/publication_campaign/tcc_calibration_confirmatory_v1/runs/PUB-02/intermediate_long/rep_0061/attempt_000/inference_command.json"", ""artifacts/publication_campaign/tcc_calibration_confirmatory_v1/runs/PUB-02/intermediate_long/rep_0061/attempt_000/inference_config.json"", ""artifacts/publication_campaign/tcc_calibration_confirmatory_v1/runs/PUB-02/intermediate_long/rep_0061/attempt_000/inference_started.json"", ""artifacts/publication_campaign/tcc_calibration_confirmatory_v1/runs/PUB-02/intermediate_long/rep_0061/attempt_000/input.csv"", ""artifacts/publication_campaign/tcc_calibration_confirmatory_v1/runs/PUB-02/intermediate_long/rep_0061/attempt_000/job.json"", ""artifacts/publication_campaign/tcc_calibration_confirmatory_v1/runs/PUB-02/intermediate_long/rep_0061/attempt_000/predictive_summary.csv"", ""artifacts/publication_campaign/tcc_calibration_confirmatory_v1/runs/PUB-02/intermediate_long/rep_0061/attempt_000/result.json"", ""artifacts/publication_campaign/tcc_calibration_confirmatory_v1/runs/PUB-02/intermediate_long/rep_0061/attempt_000/sampler_summary.csv"", ""artifacts/publication_campaign/tcc_calibration_confirmatory_v1/runs/PUB-02/intermediate_long/rep_0061/attempt_000/trace.nc"", ""artifacts/publication_campaign/tcc_calibration_confirmatory_v1/runs/PUB-02/intermediate_long/rep_0061/attempt_000/truth.json"", ""artifacts/publication_campaign/tcc_calibration_confirmatory_v1/runs/PUB-02/intermediate_long/rep_0061/attempt_000/worker_metadata.json""]",10.910726077516573,False,False
PUB-02__intermediate_long__rep_0062,PUB-02,intermediate_long,rep_0062,tcc_calibration_confirmatory_v1__PUB-02__intermediate_long__rep_0062,"{""generation"": 2577323919, ""inference"": 1910044366, ""predictive"": 4162194091, ""resampling"": 3807627125}",artifacts/publication_campaign/tcc_calibration_confirmatory_v1/runs/PUB-02/intermediate_long/rep_0062,COMPLETED,1,,artifacts/publication_campaign/tcc_calibration_confirmatory_v1/runs/PUB-02/intermediate_long/rep_0062/attempt_000,"[""artifacts/publication_campaign/tcc_calibration_confirmatory_v1/runs/PUB-02/intermediate_long/rep_0062/attempt_000/completion_manifest.json"", ""artifacts/publication_campaign/tcc_calibration_confirmatory_v1/runs/PUB-02/intermediate_long/rep_0062/attempt_000/environment_preflight.json"", ""artifacts/publication_campaign/tcc_calibration_confirmatory_v1/runs/PUB-02/intermediate_long/rep_0062/attempt_000/inference_command.json"", ""artifacts/publication_campaign/tcc_calibration_confirmatory_v1/runs/PUB-02/intermediate_long/rep_0062/attempt_000/inference_config.json"", ""artifacts/publication_campaign/tcc_calibration_confirmatory_v1/runs/PUB-02/intermediate_long/rep_0062/attempt_000/inference_started.json"", ""artifacts/publication_campaign/tcc_calibration_confirmatory_v1/runs/PUB-02/intermediate_long/rep_0062/attempt_000/input.csv"", ""artifacts/publication_campaign/tcc_calibration_confirmatory_v1/runs/PUB-02/intermediate_long/rep_0062/attempt_000/job.json"", ""artifacts/publication_campaign/tcc_calibration_confirmatory_v1/runs/PUB-02/intermediate_long/rep_0062/attempt_000/predictive_summary.csv"", ""artifacts/publication_campaign/tcc_calibration_confirmatory_v1/runs/PUB-02/intermediate_long/rep_0062/attempt_000/result.json"", ""artifacts/publication_campaign/tcc_calibration_confirmatory_v1/runs/PUB-02/intermediate_long/rep_0062/attempt_000/sampler_summary.csv"", ""artifacts/publication_campaign/tcc_calibration_confirmatory_v1/runs/PUB-02/intermediate_long/rep_0062/attempt_000/trace.nc"", ""artifacts/publication_campaign/tcc_calibration_confirmatory_v1/runs/PUB-02/intermediate_long/rep_0062/attempt_000/truth.json"", ""artifacts/publication_campaign/tcc_calibration_confirmatory_v1/runs/PUB-02/intermediate_long/rep_0062/attempt_000/worker_metadata.json""]",10.910726077516573,True,True
PUB-02__intermediate_long__rep_0063,PUB-02,intermediate_long,rep_0063,tcc_calibration_confirmatory_v1__PUB-02__intermediate_long__rep_0063,"{""generation"": 2397846548, ""inference"": 718012234, ""predictive"": 501291539, ""resampling"": 1375516745}",artifacts/publication_campaign/tcc_calibration_confirmatory_v1/runs/PUB-02/intermediate_long/rep_0063,COMPLETED_REJECTED,1,,artifacts/publication_campaign/tcc_calibration_confirmatory_v1/runs/PUB-02/intermediate_long/rep_0063/attempt_000,"[""artifacts/publication_campaign/tcc_calibration_confirmatory_v1/runs/PUB-02/intermediate_long/rep_0063/attempt_000/completion_manifest.json"", ""artifacts/publication_campaign/tcc_calibration_confirmatory_v1/runs/PUB-02/intermediate_long/rep_0063/attempt_000/environment_preflight.json"", ""artifacts/publication_campaign/tcc_calibration_confirmatory_v1/runs/PUB-02/intermediate_long/rep_0063/attempt_000/inference_command.json"", ""artifacts/publication_campaign/tcc_calibration_confirmatory_v1/runs/PUB-02/intermediate_long/rep_0063/attempt_000/inference_config.json"", ""artifacts/publication_campaign/tcc_calibration_confirmatory_v1/runs/PUB-02/intermediate_long/rep_0063/attempt_000/inference_started.json"", ""artifacts/publication_campaign/tcc_calibration_confirmatory_v1/runs/PUB-02/intermediate_long/rep_0063/attempt_000/input.csv"", ""artifacts/publication_campaign/tcc_calibration_confirmatory_v1/runs/PUB-02/intermediate_long/rep_0063/attempt_000/job.json"", ""artifacts/publication_campaign/tcc_calibration_confirmatory_v1/runs/PUB-02/intermediate_long/rep_0063/attempt_000/predictive_summary.csv"", ""artifacts/publication_campaign/tcc_calibration_confirmatory_v1/runs/PUB-02/intermediate_long/rep_0063/attempt_000/result.json"", ""artifacts/publication_campaign/tcc_calibration_confirmatory_v1/runs/PUB-02/intermediate_long/rep_0063/attempt_000/sampler_summary.csv"", ""artifacts/publication_campaign/tcc_calibration_confirmatory_v1/runs/PUB-02/intermediate_long/rep_0063/attempt_000/trace.nc"", ""artifacts/publication_campaign/tcc_calibration_confirmatory_v1/runs/PUB-02/intermediate_long/rep_0063/attempt_000/truth.json"", ""artifacts/publication_campaign/tcc_calibration_confirmatory_v1/runs/PUB-02/intermediate_long/rep_0063/attempt_000/worker_metadata.json""]",10.910726077516573,False,False
PUB-02__intermediate_long__rep_0064,PUB-02,intermediate_long,rep_0064,tcc_calibration_confirmatory_v1__PUB-02__intermediate_long__rep_0064,"{""generation"": 835932448, ""inference"": 1858632157, ""predictive"": 3833749355, ""resampling"": 3879160820}",artifacts/publication_campaign/tcc_calibration_confirmatory_v1/runs/PUB-02/intermediate_long/rep_0064,COMPLETED,1,,artifacts/publication_campaign/tcc_calibration_confirmatory_v1/runs/PUB-02/intermediate_long/rep_0064/attempt_000,"[""artifacts/publication_campaign/tcc_calibration_confirmatory_v1/runs/PUB-02/intermediate_long/rep_0064/attempt_000/completion_manifest.json"", ""artifacts/publication_campaign/tcc_calibration_confirmatory_v1/runs/PUB-02/intermediate_long/rep_0064/attempt_000/environment_preflight.json"", ""artifacts/publication_campaign/tcc_calibration_confirmatory_v1/runs/PUB-02/intermediate_long/rep_0064/attempt_000/inference_command.json"", ""artifacts/publication_campaign/tcc_calibration_confirmatory_v1/runs/PUB-02/intermediate_long/rep_0064/attempt_000/inference_config.json"", ""artifacts/publication_campaign/tcc_calibration_confirmatory_v1/runs/PUB-02/intermediate_long/rep_0064/attempt_000/inference_started.json"", ""artifacts/publication_campaign/tcc_calibration_confirmatory_v1/runs/PUB-02/intermediate_long/rep_0064/attempt_000/input.csv"", ""artifacts/publication_campaign/tcc_calibration_confirmatory_v1/runs/PUB-02/intermediate_long/rep_0064/attempt_000/job.json"", ""artifacts/publication_campaign/tcc_calibration_confirmatory_v1/runs/PUB-02/intermediate_long/rep_0064/attempt_000/predictive_summary.csv"", ""artifacts/publication_campaign/tcc_calibration_confirmatory_v1/runs/PUB-02/intermediate_long/rep_0064/attempt_000/result.json"", ""artifacts/publication_campaign/tcc_calibration_confirmatory_v1/runs/PUB-02/intermediate_long/rep_0064/attempt_000/sampler_summary.csv"", ""artifacts/publication_campaign/tcc_calibration_confirmatory_v1/runs/PUB-02/intermediate_long/rep_0064/attempt_000/trace.nc"", ""artifacts/publication_campaign/tcc_calibration_confirmatory_v1/runs/PUB-02/intermediate_long/rep_0064/attempt_000/truth.json"", ""artifacts/publication_campaign/tcc_calibration_confirmatory_v1/runs/PUB-02/intermediate_long/rep_0064/attempt_000/worker_metadata.json""]",10.910726077516573,True,True
PUB-02__intermediate_long__rep_0065,PUB-02,intermediate_long,rep_0065,tcc_calibration_confirmatory_v1__PUB-02__intermediate_long__rep_0065,"{""generation"": 1973886619, ""inference"": 3020880585, ""predictive"": 2893231389, ""resampling"": 3733524633}",artifacts/publication_campaign/tcc_calibration_confirmatory_v1/runs/PUB-02/intermediate_long/rep_0065,COMPLETED,1,,artifacts/publication_campaign/tcc_calibration_confirmatory_v1/runs/PUB-02/intermediate_long/rep_0065/attempt_000,"[""artifacts/publication_campaign/tcc_calibration_confirmatory_v1/runs/PUB-02/intermediate_long/rep_0065/attempt_000/completion_manifest.json"", ""artifacts/publication_campaign/tcc_calibration_confirmatory_v1/runs/PUB-02/intermediate_long/rep_0065/attempt_000/environment_preflight.json"", ""artifacts/publication_campaign/tcc_calibration_confirmatory_v1/runs/PUB-02/intermediate_long/rep_0065/attempt_000/inference_command.json"", ""artifacts/publication_campaign/tcc_calibration_confirmatory_v1/runs/PUB-02/intermediate_long/rep_0065/attempt_000/inference_config.json"", ""artifacts/publication_campaign/tcc_calibration_confirmatory_v1/runs/PUB-02/intermediate_long/rep_0065/attempt_000/inference_started.json"", ""artifacts/publication_campaign/tcc_calibration_confirmatory_v1/runs/PUB-02/intermediate_long/rep_0065/attempt_000/input.csv"", ""artifacts/publication_campaign/tcc_calibration_confirmatory_v1/runs/PUB-02/intermediate_long/rep_0065/attempt_000/job.json"", ""artifacts/publication_campaign/tcc_calibration_confirmatory_v1/runs/PUB-02/intermediate_long/rep_0065/attempt_000/predictive_summary.csv"", ""artifacts/publication_campaign/tcc_calibration_confirmatory_v1/runs/PUB-02/intermediate_long/rep_0065/attempt_000/result.json"", ""artifacts/publication_campaign/tcc_calibration_confirmatory_v1/runs/PUB-02/intermediate_long/rep_0065/attempt_000/sampler_summary.csv"", ""artifacts/publication_campaign/tcc_calibration_confirmatory_v1/runs/PUB-02/intermediate_long/rep_0065/attempt_000/trace.nc"", ""artifacts/publication_campaign/tcc_calibration_confirmatory_v1/runs/PUB-02/intermediate_long/rep_0065/attempt_000/truth.json"", ""artifacts/publication_campaign/tcc_calibration_confirmatory_v1/runs/PUB-02/intermediate_long/rep_0065/attempt_000/worker_metadata.json""]",10.910726077516573,True,True
PUB-02__intermediate_long__rep_0066,PUB-02,intermediate_long,rep_0066,tcc_calibration_confirmatory_v1__PUB-02__intermediate_long__rep_0066,"{""generation"": 2618988036, ""inference"": 3883773671, ""predictive"": 3516448098, ""resampling"": 1942943983}",artifacts/publication_campaign/tcc_calibration_confirmatory_v1/runs/PUB-02/intermediate_long/rep_0066,COMPLETED,1,,artifacts/publication_campaign/tcc_calibration_confirmatory_v1/runs/PUB-02/intermediate_long/rep_0066/attempt_000,"[""artifacts/publication_campaign/tcc_calibration_confirmatory_v1/runs/PUB-02/intermediate_long/rep_0066/attempt_000/completion_manifest.json"", ""artifacts/publication_campaign/tcc_calibration_confirmatory_v1/runs/PUB-02/intermediate_long/rep_0066/attempt_000/environment_preflight.json"", ""artifacts/publication_campaign/tcc_calibration_confirmatory_v1/runs/PUB-02/intermediate_long/rep_0066/attempt_000/inference_command.json"", ""artifacts/publication_campaign/tcc_calibration_confirmatory_v1/runs/PUB-02/intermediate_long/rep_0066/attempt_000/inference_config.json"", ""artifacts/publication_campaign/tcc_calibration_confirmatory_v1/runs/PUB-02/intermediate_long/rep_0066/attempt_000/inference_started.json"", ""artifacts/publication_campaign/tcc_calibration_confirmatory_v1/runs/PUB-02/intermediate_long/rep_0066/attempt_000/input.csv"", ""artifacts/publication_campaign/tcc_calibration_confirmatory_v1/runs/PUB-02/intermediate_long/rep_0066/attempt_000/job.json"", ""artifacts/publication_campaign/tcc_calibration_confirmatory_v1/runs/PUB-02/intermediate_long/rep_0066/attempt_000/predictive_summary.csv"", ""artifacts/publication_campaign/tcc_calibration_confirmatory_v1/runs/PUB-02/intermediate_long/rep_0066/attempt_000/result.json"", ""artifacts/publication_campaign/tcc_calibration_confirmatory_v1/runs/PUB-02/intermediate_long/rep_0066/attempt_000/sampler_summary.csv"", ""artifacts/publication_campaign/tcc_calibration_confirmatory_v1/runs/PUB-02/intermediate_long/rep_0066/attempt_000/trace.nc"", ""artifacts/publication_campaign/tcc_calibration_confirmatory_v1/runs/PUB-02/intermediate_long/rep_0066/attempt_000/truth.json"", ""artifacts/publication_campaign/tcc_calibration_confirmatory_v1/runs/PUB-02/intermediate_long/rep_0066/attempt_000/worker_metadata.json""]",10.910726077516573,True,True
PUB-02__intermediate_long__rep_0067,PUB-02,intermediate_long,rep_0067,tcc_calibration_confirmatory_v1__PUB-02__intermediate_long__rep_0067,"{""generation"": 2199794676, ""inference"": 3550247490, ""predictive"": 1816721855, ""resampling"": 1184248722}",artifacts/publication_campaign/tcc_calibration_confirmatory_v1/runs/PUB-02/intermediate_long/rep_0067,COMPLETED,1,,artifacts/publication_campaign/tcc_calibration_confirmatory_v1/runs/PUB-02/intermediate_long/rep_0067/attempt_000,"[""artifacts/publication_campaign/tcc_calibration_confirmatory_v1/runs/PUB-02/intermediate_long/rep_0067/attempt_000/completion_manifest.json"", ""artifacts/publication_campaign/tcc_calibration_confirmatory_v1/runs/PUB-02/intermediate_long/rep_0067/attempt_000/environment_preflight.json"", ""artifacts/publication_campaign/tcc_calibration_confirmatory_v1/runs/PUB-02/intermediate_long/rep_0067/attempt_000/inference_command.json"", ""artifacts/publication_campaign/tcc_calibration_confirmatory_v1/runs/PUB-02/intermediate_long/rep_0067/attempt_000/inference_config.json"", ""artifacts/publication_campaign/tcc_calibration_confirmatory_v1/runs/PUB-02/intermediate_long/rep_0067/attempt_000/inference_started.json"", ""artifacts/publication_campaign/tcc_calibration_confirmatory_v1/runs/PUB-02/intermediate_long/rep_0067/attempt_000/input.csv"", ""artifacts/publication_campaign/tcc_calibration_confirmatory_v1/runs/PUB-02/intermediate_long/rep_0067/attempt_000/job.json"", ""artifacts/publication_campaign/tcc_calibration_confirmatory_v1/runs/PUB-02/intermediate_long/rep_0067/attempt_000/predictive_summary.csv"", ""artifacts/publication_campaign/tcc_calibration_confirmatory_v1/runs/PUB-02/intermediate_long/rep_0067/attempt_000/result.json"", ""artifacts/publication_campaign/tcc_calibration_confirmatory_v1/runs/PUB-02/intermediate_long/rep_0067/attempt_000/sampler_summary.csv"", ""artifacts/publication_campaign/tcc_calibration_confirmatory_v1/runs/PUB-02/intermediate_long/rep_0067/attempt_000/trace.nc"", ""artifacts/publication_campaign/tcc_calibration_confirmatory_v1/runs/PUB-02/intermediate_long/rep_0067/attempt_000/truth.json"", ""artifacts/publication_campaign/tcc_calibration_confirmatory_v1/runs/PUB-02/intermediate_long/rep_0067/attempt_000/worker_metadata.json""]",10.910726077516573,True,True
PUB-02__intermediate_long__rep_0068,PUB-02,intermediate_long,rep_0068,tcc_calibration_confirmatory_v1__PUB-02__intermediate_long__rep_0068,"{""generation"": 1213249791, ""inference"": 1816437315, ""predictive"": 2892583460, ""resampling"": 4143468576}",artifacts/publication_campaign/tcc_calibration_confirmatory_v1/runs/PUB-02/intermediate_long/rep_0068,COMPLETED,1,,artifacts/publication_campaign/tcc_calibration_confirmatory_v1/runs/PUB-02/intermediate_long/rep_0068/attempt_000,"[""artifacts/publication_campaign/tcc_calibration_confirmatory_v1/runs/PUB-02/intermediate_long/rep_0068/attempt_000/completion_manifest.json"", ""artifacts/publication_campaign/tcc_calibration_confirmatory_v1/runs/PUB-02/intermediate_long/rep_0068/attempt_000/environment_preflight.json"", ""artifacts/publication_campaign/tcc_calibration_confirmatory_v1/runs/PUB-02/intermediate_long/rep_0068/attempt_000/inference_command.json"", ""artifacts/publication_campaign/tcc_calibration_confirmatory_v1/runs/PUB-02/intermediate_long/rep_0068/attempt_000/inference_config.json"", ""artifacts/publication_campaign/tcc_calibration_confirmatory_v1/runs/PUB-02/intermediate_long/rep_0068/attempt_000/inference_started.json"", ""artifacts/publication_campaign/tcc_calibration_confirmatory_v1/runs/PUB-02/intermediate_long/rep_0068/attempt_000/input.csv"", ""artifacts/publication_campaign/tcc_calibration_confirmatory_v1/runs/PUB-02/intermediate_long/rep_0068/attempt_000/job.json"", ""artifacts/publication_campaign/tcc_calibration_confirmatory_v1/runs/PUB-02/intermediate_long/rep_0068/attempt_000/predictive_summary.csv"", ""artifacts/publication_campaign/tcc_calibration_confirmatory_v1/runs/PUB-02/intermediate_long/rep_0068/attempt_000/result.json"", ""artifacts/publication_campaign/tcc_calibration_confirmatory_v1/runs/PUB-02/intermediate_long/rep_0068/attempt_000/sampler_summary.csv"", ""artifacts/publication_campaign/tcc_calibration_confirmatory_v1/runs/PUB-02/intermediate_long/rep_0068/attempt_000/trace.nc"", ""artifacts/publication_campaign/tcc_calibration_confirmatory_v1/runs/PUB-02/intermediate_long/rep_0068/attempt_000/truth.json"", ""artifacts/publication_campaign/tcc_calibration_confirmatory_v1/runs/PUB-02/intermediate_long/rep_0068/attempt_000/worker_metadata.json""]",10.910726077516573,True,True
PUB-02__intermediate_long__rep_0069,PUB-02,intermediate_long,rep_0069,tcc_calibration_confirmatory_v1__PUB-02__intermediate_long__rep_0069,"{""generation"": 2962932122, ""inference"": 1195202038, ""predictive"": 2786066917, ""resampling"": 3114925262}",artifacts/publication_campaign/tcc_calibration_confirmatory_v1/runs/PUB-02/intermediate_long/rep_0069,COMPLETED_REJECTED,1,,artifacts/publication_campaign/tcc_calibration_confirmatory_v1/runs/PUB-02/intermediate_long/rep_0069/attempt_000,"[""artifacts/publication_campaign/tcc_calibration_confirmatory_v1/runs/PUB-02/intermediate_long/rep_0069/attempt_000/completion_manifest.json"", ""artifacts/publication_campaign/tcc_calibration_confirmatory_v1/runs/PUB-02/intermediate_long/rep_0069/attempt_000/environment_preflight.json"", ""artifacts/publication_campaign/tcc_calibration_confirmatory_v1/runs/PUB-02/intermediate_long/rep_0069/attempt_000/inference_command.json"", ""artifacts/publication_campaign/tcc_calibration_confirmatory_v1/runs/PUB-02/intermediate_long/rep_0069/attempt_000/inference_config.json"", ""artifacts/publication_campaign/tcc_calibration_confirmatory_v1/runs/PUB-02/intermediate_long/rep_0069/attempt_000/inference_started.json"", ""artifacts/publication_campaign/tcc_calibration_confirmatory_v1/runs/PUB-02/intermediate_long/rep_0069/attempt_000/input.csv"", ""artifacts/publication_campaign/tcc_calibration_confirmatory_v1/runs/PUB-02/intermediate_long/rep_0069/attempt_000/job.json"", ""artifacts/publication_campaign/tcc_calibration_confirmatory_v1/runs/PUB-02/intermediate_long/rep_0069/attempt_000/predictive_summary.csv"", ""artifacts/publication_campaign/tcc_calibration_confirmatory_v1/runs/PUB-02/intermediate_long/rep_0069/attempt_000/result.json"", ""artifacts/publication_campaign/tcc_calibration_confirmatory_v1/runs/PUB-02/intermediate_long/rep_0069/attempt_000/sampler_summary.csv"", ""artifacts/publication_campaign/tcc_calibration_confirmatory_v1/runs/PUB-02/intermediate_long/rep_0069/attempt_000/trace.nc"", ""artifacts/publication_campaign/tcc_calibration_confirmatory_v1/runs/PUB-02/intermediate_long/rep_0069/attempt_000/truth.json"", ""artifacts/publication_campaign/tcc_calibration_confirmatory_v1/runs/PUB-02/intermediate_long/rep_0069/attempt_000/worker_metadata.json""]",10.910726077516573,False,False
PUB-02__intermediate_long__rep_0070,PUB-02,intermediate_long,rep_0070,tcc_calibration_confirmatory_v1__PUB-02__intermediate_long__rep_0070,"{""generation"": 3333473624, ""inference"": 2981084413, ""predictive"": 4192336318, ""resampling"": 577928418}",artifacts/publication_campaign/tcc_calibration_confirmatory_v1/runs/PUB-02/intermediate_long/rep_0070,COMPLETED,1,,artifacts/publication_campaign/tcc_calibration_confirmatory_v1/runs/PUB-02/intermediate_long/rep_0070/attempt_000,"[""artifacts/publication_campaign/tcc_calibration_confirmatory_v1/runs/PUB-02/intermediate_long/rep_0070/attempt_000/completion_manifest.json"", ""artifacts/publication_campaign/tcc_calibration_confirmatory_v1/runs/PUB-02/intermediate_long/rep_0070/attempt_000/environment_preflight.json"", ""artifacts/publication_campaign/tcc_calibration_confirmatory_v1/runs/PUB-02/intermediate_long/rep_0070/attempt_000/inference_command.json"", ""artifacts/publication_campaign/tcc_calibration_confirmatory_v1/runs/PUB-02/intermediate_long/rep_0070/attempt_000/inference_config.json"", ""artifacts/publication_campaign/tcc_calibration_confirmatory_v1/runs/PUB-02/intermediate_long/rep_0070/attempt_000/inference_started.json"", ""artifacts/publication_campaign/tcc_calibration_confirmatory_v1/runs/PUB-02/intermediate_long/rep_0070/attempt_000/input.csv"", ""artifacts/publication_campaign/tcc_calibration_confirmatory_v1/runs/PUB-02/intermediate_long/rep_0070/attempt_000/job.json"", ""artifacts/publication_campaign/tcc_calibration_confirmatory_v1/runs/PUB-02/intermediate_long/rep_0070/attempt_000/predictive_summary.csv"", ""artifacts/publication_campaign/tcc_calibration_confirmatory_v1/runs/PUB-02/intermediate_long/rep_0070/attempt_000/result.json"", ""artifacts/publication_campaign/tcc_calibration_confirmatory_v1/runs/PUB-02/intermediate_long/rep_0070/attempt_000/sampler_summary.csv"", ""artifacts/publication_campaign/tcc_calibration_confirmatory_v1/runs/PUB-02/intermediate_long/rep_0070/attempt_000/trace.nc"", ""artifacts/publication_campaign/tcc_calibration_confirmatory_v1/runs/PUB-02/intermediate_long/rep_0070/attempt_000/truth.json"", ""artifacts/publication_campaign/tcc_calibration_confirmatory_v1/runs/PUB-02/intermediate_long/rep_0070/attempt_000/worker_metadata.json""]",10.910726077516573,True,True
PUB-02__intermediate_long__rep_0071,PUB-02,intermediate_long,rep_0071,tcc_calibration_confirmatory_v1__PUB-02__intermediate_long__rep_0071,"{""generation"": 4268270602, ""inference"": 1589697478, ""predictive"": 4284489512, ""resampling"": 2362365070}",artifacts/publication_campaign/tcc_calibration_confirmatory_v1/runs/PUB-02/intermediate_long/rep_0071,COMPLETED,1,,artifacts/publication_campaign/tcc_calibration_confirmatory_v1/runs/PUB-02/intermediate_long/rep_0071/attempt_000,"[""artifacts/publication_campaign/tcc_calibration_confirmatory_v1/runs/PUB-02/intermediate_long/rep_0071/attempt_000/completion_manifest.json"", ""artifacts/publication_campaign/tcc_calibration_confirmatory_v1/runs/PUB-02/intermediate_long/rep_0071/attempt_000/environment_preflight.json"", ""artifacts/publication_campaign/tcc_calibration_confirmatory_v1/runs/PUB-02/intermediate_long/rep_0071/attempt_000/inference_command.json"", ""artifacts/publication_campaign/tcc_calibration_confirmatory_v1/runs/PUB-02/intermediate_long/rep_0071/attempt_000/inference_config.json"", ""artifacts/publication_campaign/tcc_calibration_confirmatory_v1/runs/PUB-02/intermediate_long/rep_0071/attempt_000/inference_started.json"", ""artifacts/publication_campaign/tcc_calibration_confirmatory_v1/runs/PUB-02/intermediate_long/rep_0071/attempt_000/input.csv"", ""artifacts/publication_campaign/tcc_calibration_confirmatory_v1/runs/PUB-02/intermediate_long/rep_0071/attempt_000/job.json"", ""artifacts/publication_campaign/tcc_calibration_confirmatory_v1/runs/PUB-02/intermediate_long/rep_0071/attempt_000/predictive_summary.csv"", ""artifacts/publication_campaign/tcc_calibration_confirmatory_v1/runs/PUB-02/intermediate_long/rep_0071/attempt_000/result.json"", ""artifacts/publication_campaign/tcc_calibration_confirmatory_v1/runs/PUB-02/intermediate_long/rep_0071/attempt_000/sampler_summary.csv"", ""artifacts/publication_campaign/tcc_calibration_confirmatory_v1/runs/PUB-02/intermediate_long/rep_0071/attempt_000/trace.nc"", ""artifacts/publication_campaign/tcc_calibration_confirmatory_v1/runs/PUB-02/intermediate_long/rep_0071/attempt_000/truth.json"", ""artifacts/publication_campaign/tcc_calibration_confirmatory_v1/runs/PUB-02/intermediate_long/rep_0071/attempt_000/worker_metadata.json""]",10.910726077516573,True,True
PUB-02__intermediate_long__rep_0072,PUB-02,intermediate_long,rep_0072,tcc_calibration_confirmatory_v1__PUB-02__intermediate_long__rep_0072,"{""generation"": 4046445095, ""inference"": 4131512742, ""predictive"": 2590470619, ""resampling"": 54588704}",artifacts/publication_campaign/tcc_calibration_confirmatory_v1/runs/PUB-02/intermediate_long/rep_0072,COMPLETED_REJECTED,1,,artifacts/publication_campaign/tcc_calibration_confirmatory_v1/runs/PUB-02/intermediate_long/rep_0072/attempt_000,"[""artifacts/publication_campaign/tcc_calibration_confirmatory_v1/runs/PUB-02/intermediate_long/rep_0072/attempt_000/completion_manifest.json"", ""artifacts/publication_campaign/tcc_calibration_confirmatory_v1/runs/PUB-02/intermediate_long/rep_0072/attempt_000/environment_preflight.json"", ""artifacts/publication_campaign/tcc_calibration_confirmatory_v1/runs/PUB-02/intermediate_long/rep_0072/attempt_000/inference_command.json"", ""artifacts/publication_campaign/tcc_calibration_confirmatory_v1/runs/PUB-02/intermediate_long/rep_0072/attempt_000/inference_config.json"", ""artifacts/publication_campaign/tcc_calibration_confirmatory_v1/runs/PUB-02/intermediate_long/rep_0072/attempt_000/inference_started.json"", ""artifacts/publication_campaign/tcc_calibration_confirmatory_v1/runs/PUB-02/intermediate_long/rep_0072/attempt_000/input.csv"", ""artifacts/publication_campaign/tcc_calibration_confirmatory_v1/runs/PUB-02/intermediate_long/rep_0072/attempt_000/job.json"", ""artifacts/publication_campaign/tcc_calibration_confirmatory_v1/runs/PUB-02/intermediate_long/rep_0072/attempt_000/predictive_summary.csv"", ""artifacts/publication_campaign/tcc_calibration_confirmatory_v1/runs/PUB-02/intermediate_long/rep_0072/attempt_000/result.json"", ""artifacts/publication_campaign/tcc_calibration_confirmatory_v1/runs/PUB-02/intermediate_long/rep_0072/attempt_000/sampler_summary.csv"", ""artifacts/publication_campaign/tcc_calibration_confirmatory_v1/runs/PUB-02/intermediate_long/rep_0072/attempt_000/trace.nc"", ""artifacts/publication_campaign/tcc_calibration_confirmatory_v1/runs/PUB-02/intermediate_long/rep_0072/attempt_000/truth.json"", ""artifacts/publication_campaign/tcc_calibration_confirmatory_v1/runs/PUB-02/intermediate_long/rep_0072/attempt_000/worker_metadata.json""]",10.910726077516573,False,False
PUB-02__intermediate_long__rep_0073,PUB-02,intermediate_long,rep_0073,tcc_calibration_confirmatory_v1__PUB-02__intermediate_long__rep_0073,"{""generation"": 3347820736, ""inference"": 1157850309, ""predictive"": 621323700, ""resampling"": 3910451463}",artifacts/publication_campaign/tcc_calibration_confirmatory_v1/runs/PUB-02/intermediate_long/rep_0073,COMPLETED,1,,artifacts/publication_campaign/tcc_calibration_confirmatory_v1/runs/PUB-02/intermediate_long/rep_0073/attempt_000,"[""artifacts/publication_campaign/tcc_calibration_confirmatory_v1/runs/PUB-02/intermediate_long/rep_0073/attempt_000/completion_manifest.json"", ""artifacts/publication_campaign/tcc_calibration_confirmatory_v1/runs/PUB-02/intermediate_long/rep_0073/attempt_000/environment_preflight.json"", ""artifacts/publication_campaign/tcc_calibration_confirmatory_v1/runs/PUB-02/intermediate_long/rep_0073/attempt_000/inference_command.json"", ""artifacts/publication_campaign/tcc_calibration_confirmatory_v1/runs/PUB-02/intermediate_long/rep_0073/attempt_000/inference_config.json"", ""artifacts/publication_campaign/tcc_calibration_confirmatory_v1/runs/PUB-02/intermediate_long/rep_0073/attempt_000/inference_started.json"", ""artifacts/publication_campaign/tcc_calibration_confirmatory_v1/runs/PUB-02/intermediate_long/rep_0073/attempt_000/input.csv"", ""artifacts/publication_campaign/tcc_calibration_confirmatory_v1/runs/PUB-02/intermediate_long/rep_0073/attempt_000/job.json"", ""artifacts/publication_campaign/tcc_calibration_confirmatory_v1/runs/PUB-02/intermediate_long/rep_0073/attempt_000/predictive_summary.csv"", ""artifacts/publication_campaign/tcc_calibration_confirmatory_v1/runs/PUB-02/intermediate_long/rep_0073/attempt_000/result.json"", ""artifacts/publication_campaign/tcc_calibration_confirmatory_v1/runs/PUB-02/intermediate_long/rep_0073/attempt_000/sampler_summary.csv"", ""artifacts/publication_campaign/tcc_calibration_confirmatory_v1/runs/PUB-02/intermediate_long/rep_0073/attempt_000/trace.nc"", ""artifacts/publication_campaign/tcc_calibration_confirmatory_v1/runs/PUB-02/intermediate_long/rep_0073/attempt_000/truth.json"", ""artifacts/publication_campaign/tcc_calibration_confirmatory_v1/runs/PUB-02/intermediate_long/rep_0073/attempt_000/worker_metadata.json""]",10.910726077516573,True,True
PUB-02__intermediate_long__rep_0074,PUB-02,intermediate_long,rep_0074,tcc_calibration_confirmatory_v1__PUB-02__intermediate_long__rep_0074,"{""generation"": 3546756099, ""inference"": 1434003667, ""predictive"": 1453377385, ""resampling"": 3710293514}",artifacts/publication_campaign/tcc_calibration_confirmatory_v1/runs/PUB-02/intermediate_long/rep_0074,COMPLETED,1,,artifacts/publication_campaign/tcc_calibration_confirmatory_v1/runs/PUB-02/intermediate_long/rep_0074/attempt_000,"[""artifacts/publication_campaign/tcc_calibration_confirmatory_v1/runs/PUB-02/intermediate_long/rep_0074/attempt_000/completion_manifest.json"", ""artifacts/publication_campaign/tcc_calibration_confirmatory_v1/runs/PUB-02/intermediate_long/rep_0074/attempt_000/environment_preflight.json"", ""artifacts/publication_campaign/tcc_calibration_confirmatory_v1/runs/PUB-02/intermediate_long/rep_0074/attempt_000/inference_command.json"", ""artifacts/publication_campaign/tcc_calibration_confirmatory_v1/runs/PUB-02/intermediate_long/rep_0074/attempt_000/inference_config.json"", ""artifacts/publication_campaign/tcc_calibration_confirmatory_v1/runs/PUB-02/intermediate_long/rep_0074/attempt_000/inference_started.json"", ""artifacts/publication_campaign/tcc_calibration_confirmatory_v1/runs/PUB-02/intermediate_long/rep_0074/attempt_000/input.csv"", ""artifacts/publication_campaign/tcc_calibration_confirmatory_v1/runs/PUB-02/intermediate_long/rep_0074/attempt_000/job.json"", ""artifacts/publication_campaign/tcc_calibration_confirmatory_v1/runs/PUB-02/intermediate_long/rep_0074/attempt_000/predictive_summary.csv"", ""artifacts/publication_campaign/tcc_calibration_confirmatory_v1/runs/PUB-02/intermediate_long/rep_0074/attempt_000/result.json"", ""artifacts/publication_campaign/tcc_calibration_confirmatory_v1/runs/PUB-02/intermediate_long/rep_0074/attempt_000/sampler_summary.csv"", ""artifacts/publication_campaign/tcc_calibration_confirmatory_v1/runs/PUB-02/intermediate_long/rep_0074/attempt_000/trace.nc"", ""artifacts/publication_campaign/tcc_calibration_confirmatory_v1/runs/PUB-02/intermediate_long/rep_0074/attempt_000/truth.json"", ""artifacts/publication_campaign/tcc_calibration_confirmatory_v1/runs/PUB-02/intermediate_long/rep_0074/attempt_000/worker_metadata.json""]",10.910726077516573,True,True
PUB-02__intermediate_long__rep_0075,PUB-02,intermediate_long,rep_0075,tcc_calibration_confirmatory_v1__PUB-02__intermediate_long__rep_0075,"{""generation"": 2307858801, ""inference"": 1019573289, ""predictive"": 2691437059, ""resampling"": 1966646218}",artifacts/publication_campaign/tcc_calibration_confirmatory_v1/runs/PUB-02/intermediate_long/rep_0075,COMPLETED,1,,artifacts/publication_campaign/tcc_calibration_confirmatory_v1/runs/PUB-02/intermediate_long/rep_0075/attempt_000,"[""artifacts/publication_campaign/tcc_calibration_confirmatory_v1/runs/PUB-02/intermediate_long/rep_0075/attempt_000/completion_manifest.json"", ""artifacts/publication_campaign/tcc_calibration_confirmatory_v1/runs/PUB-02/intermediate_long/rep_0075/attempt_000/environment_preflight.json"", ""artifacts/publication_campaign/tcc_calibration_confirmatory_v1/runs/PUB-02/intermediate_long/rep_0075/attempt_000/inference_command.json"", ""artifacts/publication_campaign/tcc_calibration_confirmatory_v1/runs/PUB-02/intermediate_long/rep_0075/attempt_000/inference_config.json"", ""artifacts/publication_campaign/tcc_calibration_confirmatory_v1/runs/PUB-02/intermediate_long/rep_0075/attempt_000/inference_started.json"", ""artifacts/publication_campaign/tcc_calibration_confirmatory_v1/runs/PUB-02/intermediate_long/rep_0075/attempt_000/input.csv"", ""artifacts/publication_campaign/tcc_calibration_confirmatory_v1/runs/PUB-02/intermediate_long/rep_0075/attempt_000/job.json"", ""artifacts/publication_campaign/tcc_calibration_confirmatory_v1/runs/PUB-02/intermediate_long/rep_0075/attempt_000/predictive_summary.csv"", ""artifacts/publication_campaign/tcc_calibration_confirmatory_v1/runs/PUB-02/intermediate_long/rep_0075/attempt_000/result.json"", ""artifacts/publication_campaign/tcc_calibration_confirmatory_v1/runs/PUB-02/intermediate_long/rep_0075/attempt_000/sampler_summary.csv"", ""artifacts/publication_campaign/tcc_calibration_confirmatory_v1/runs/PUB-02/intermediate_long/rep_0075/attempt_000/trace.nc"", ""artifacts/publication_campaign/tcc_calibration_confirmatory_v1/runs/PUB-02/intermediate_long/rep_0075/attempt_000/truth.json"", ""artifacts/publication_campaign/tcc_calibration_confirmatory_v1/runs/PUB-02/intermediate_long/rep_0075/attempt_000/worker_metadata.json""]",10.910726077516573,True,True
PUB-02__intermediate_long__rep_0076,PUB-02,intermediate_long,rep_0076,tcc_calibration_confirmatory_v1__PUB-02__intermediate_long__rep_0076,"{""generation"": 3954290583, ""inference"": 2331258464, ""predictive"": 2982723332, ""resampling"": 2016170643}",artifacts/publication_campaign/tcc_calibration_confirmatory_v1/runs/PUB-02/intermediate_long/rep_0076,COMPLETED_REJECTED,1,,artifacts/publication_campaign/tcc_calibration_confirmatory_v1/runs/PUB-02/intermediate_long/rep_0076/attempt_000,"[""artifacts/publication_campaign/tcc_calibration_confirmatory_v1/runs/PUB-02/intermediate_long/rep_0076/attempt_000/completion_manifest.json"", ""artifacts/publication_campaign/tcc_calibration_confirmatory_v1/runs/PUB-02/intermediate_long/rep_0076/attempt_000/environment_preflight.json"", ""artifacts/publication_campaign/tcc_calibration_confirmatory_v1/runs/PUB-02/intermediate_long/rep_0076/attempt_000/inference_command.json"", ""artifacts/publication_campaign/tcc_calibration_confirmatory_v1/runs/PUB-02/intermediate_long/rep_0076/attempt_000/inference_config.json"", ""artifacts/publication_campaign/tcc_calibration_confirmatory_v1/runs/PUB-02/intermediate_long/rep_0076/attempt_000/inference_started.json"", ""artifacts/publication_campaign/tcc_calibration_confirmatory_v1/runs/PUB-02/intermediate_long/rep_0076/attempt_000/input.csv"", ""artifacts/publication_campaign/tcc_calibration_confirmatory_v1/runs/PUB-02/intermediate_long/rep_0076/attempt_000/job.json"", ""artifacts/publication_campaign/tcc_calibration_confirmatory_v1/runs/PUB-02/intermediate_long/rep_0076/attempt_000/predictive_summary.csv"", ""artifacts/publication_campaign/tcc_calibration_confirmatory_v1/runs/PUB-02/intermediate_long/rep_0076/attempt_000/result.json"", ""artifacts/publication_campaign/tcc_calibration_confirmatory_v1/runs/PUB-02/intermediate_long/rep_0076/attempt_000/sampler_summary.csv"", ""artifacts/publication_campaign/tcc_calibration_confirmatory_v1/runs/PUB-02/intermediate_long/rep_0076/attempt_000/trace.nc"", ""artifacts/publication_campaign/tcc_calibration_confirmatory_v1/runs/PUB-02/intermediate_long/rep_0076/attempt_000/truth.json"", ""artifacts/publication_campaign/tcc_calibration_confirmatory_v1/runs/PUB-02/intermediate_long/rep_0076/attempt_000/worker_metadata.json""]",10.910726077516573,False,False
PUB-02__intermediate_long__rep_0077,PUB-02,intermediate_long,rep_0077,tcc_calibration_confirmatory_v1__PUB-02__intermediate_long__rep_0077,"{""generation"": 49085907, ""inference"": 153935804, ""predictive"": 1069047941, ""resampling"": 2406744548}",artifacts/publication_campaign/tcc_calibration_confirmatory_v1/runs/PUB-02/intermediate_long/rep_0077,COMPLETED_REJECTED,1,,artifacts/publication_campaign/tcc_calibration_confirmatory_v1/runs/PUB-02/intermediate_long/rep_0077/attempt_000,"[""artifacts/publication_campaign/tcc_calibration_confirmatory_v1/runs/PUB-02/intermediate_long/rep_0077/attempt_000/completion_manifest.json"", ""artifacts/publication_campaign/tcc_calibration_confirmatory_v1/runs/PUB-02/intermediate_long/rep_0077/attempt_000/environment_preflight.json"", ""artifacts/publication_campaign/tcc_calibration_confirmatory_v1/runs/PUB-02/intermediate_long/rep_0077/attempt_000/inference_command.json"", ""artifacts/publication_campaign/tcc_calibration_confirmatory_v1/runs/PUB-02/intermediate_long/rep_0077/attempt_000/inference_config.json"", ""artifacts/publication_campaign/tcc_calibration_confirmatory_v1/runs/PUB-02/intermediate_long/rep_0077/attempt_000/inference_started.json"", ""artifacts/publication_campaign/tcc_calibration_confirmatory_v1/runs/PUB-02/intermediate_long/rep_0077/attempt_000/input.csv"", ""artifacts/publication_campaign/tcc_calibration_confirmatory_v1/runs/PUB-02/intermediate_long/rep_0077/attempt_000/job.json"", ""artifacts/publication_campaign/tcc_calibration_confirmatory_v1/runs/PUB-02/intermediate_long/rep_0077/attempt_000/predictive_summary.csv"", ""artifacts/publication_campaign/tcc_calibration_confirmatory_v1/runs/PUB-02/intermediate_long/rep_0077/attempt_000/result.json"", ""artifacts/publication_campaign/tcc_calibration_confirmatory_v1/runs/PUB-02/intermediate_long/rep_0077/attempt_000/sampler_summary.csv"", ""artifacts/publication_campaign/tcc_calibration_confirmatory_v1/runs/PUB-02/intermediate_long/rep_0077/attempt_000/trace.nc"", ""artifacts/publication_campaign/tcc_calibration_confirmatory_v1/runs/PUB-02/intermediate_long/rep_0077/attempt_000/truth.json"", ""artifacts/publication_campaign/tcc_calibration_confirmatory_v1/runs/PUB-02/intermediate_long/rep_0077/attempt_000/worker_metadata.json""]",10.910726077516573,False,False
PUB-02__intermediate_long__rep_0078,PUB-02,intermediate_long,rep_0078,tcc_calibration_confirmatory_v1__PUB-02__intermediate_long__rep_0078,"{""generation"": 3085315655, ""inference"": 44994347, ""predictive"": 2945240195, ""resampling"": 509353871}",artifacts/publication_campaign/tcc_calibration_confirmatory_v1/runs/PUB-02/intermediate_long/rep_0078,COMPLETED,1,,artifacts/publication_campaign/tcc_calibration_confirmatory_v1/runs/PUB-02/intermediate_long/rep_0078/attempt_000,"[""artifacts/publication_campaign/tcc_calibration_confirmatory_v1/runs/PUB-02/intermediate_long/rep_0078/attempt_000/completion_manifest.json"", ""artifacts/publication_campaign/tcc_calibration_confirmatory_v1/runs/PUB-02/intermediate_long/rep_0078/attempt_000/environment_preflight.json"", ""artifacts/publication_campaign/tcc_calibration_confirmatory_v1/runs/PUB-02/intermediate_long/rep_0078/attempt_000/inference_command.json"", ""artifacts/publication_campaign/tcc_calibration_confirmatory_v1/runs/PUB-02/intermediate_long/rep_0078/attempt_000/inference_config.json"", ""artifacts/publication_campaign/tcc_calibration_confirmatory_v1/runs/PUB-02/intermediate_long/rep_0078/attempt_000/inference_started.json"", ""artifacts/publication_campaign/tcc_calibration_confirmatory_v1/runs/PUB-02/intermediate_long/rep_0078/attempt_000/input.csv"", ""artifacts/publication_campaign/tcc_calibration_confirmatory_v1/runs/PUB-02/intermediate_long/rep_0078/attempt_000/job.json"", ""artifacts/publication_campaign/tcc_calibration_confirmatory_v1/runs/PUB-02/intermediate_long/rep_0078/attempt_000/predictive_summary.csv"", ""artifacts/publication_campaign/tcc_calibration_confirmatory_v1/runs/PUB-02/intermediate_long/rep_0078/attempt_000/result.json"", ""artifacts/publication_campaign/tcc_calibration_confirmatory_v1/runs/PUB-02/intermediate_long/rep_0078/attempt_000/sampler_summary.csv"", ""artifacts/publication_campaign/tcc_calibration_confirmatory_v1/runs/PUB-02/intermediate_long/rep_0078/attempt_000/trace.nc"", ""artifacts/publication_campaign/tcc_calibration_confirmatory_v1/runs/PUB-02/intermediate_long/rep_0078/attempt_000/truth.json"", ""artifacts/publication_campaign/tcc_calibration_confirmatory_v1/runs/PUB-02/intermediate_long/rep_0078/attempt_000/worker_metadata.json""]",10.910726077516573,True,True
PUB-02__intermediate_long__rep_0079,PUB-02,intermediate_long,rep_0079,tcc_calibration_confirmatory_v1__PUB-02__intermediate_long__rep_0079,"{""generation"": 1094764594, ""inference"": 1246294982, ""predictive"": 786981068, ""resampling"": 1214871862}",artifacts/publication_campaign/tcc_calibration_confirmatory_v1/runs/PUB-02/intermediate_long/rep_0079,COMPLETED_REJECTED,1,,artifacts/publication_campaign/tcc_calibration_confirmatory_v1/runs/PUB-02/intermediate_long/rep_0079/attempt_000,"[""artifacts/publication_campaign/tcc_calibration_confirmatory_v1/runs/PUB-02/intermediate_long/rep_0079/attempt_000/completion_manifest.json"", ""artifacts/publication_campaign/tcc_calibration_confirmatory_v1/runs/PUB-02/intermediate_long/rep_0079/attempt_000/environment_preflight.json"", ""artifacts/publication_campaign/tcc_calibration_confirmatory_v1/runs/PUB-02/intermediate_long/rep_0079/attempt_000/inference_command.json"", ""artifacts/publication_campaign/tcc_calibration_confirmatory_v1/runs/PUB-02/intermediate_long/rep_0079/attempt_000/inference_config.json"", ""artifacts/publication_campaign/tcc_calibration_confirmatory_v1/runs/PUB-02/intermediate_long/rep_0079/attempt_000/inference_started.json"", ""artifacts/publication_campaign/tcc_calibration_confirmatory_v1/runs/PUB-02/intermediate_long/rep_0079/attempt_000/input.csv"", ""artifacts/publication_campaign/tcc_calibration_confirmatory_v1/runs/PUB-02/intermediate_long/rep_0079/attempt_000/job.json"", ""artifacts/publication_campaign/tcc_calibration_confirmatory_v1/runs/PUB-02/intermediate_long/rep_0079/attempt_000/predictive_summary.csv"", ""artifacts/publication_campaign/tcc_calibration_confirmatory_v1/runs/PUB-02/intermediate_long/rep_0079/attempt_000/result.json"", ""artifacts/publication_campaign/tcc_calibration_confirmatory_v1/runs/PUB-02/intermediate_long/rep_0079/attempt_000/sampler_summary.csv"", ""artifacts/publication_campaign/tcc_calibration_confirmatory_v1/runs/PUB-02/intermediate_long/rep_0079/attempt_000/trace.nc"", ""artifacts/publication_campaign/tcc_calibration_confirmatory_v1/runs/PUB-02/intermediate_long/rep_0079/attempt_000/truth.json"", ""artifacts/publication_campaign/tcc_calibration_confirmatory_v1/runs/PUB-02/intermediate_long/rep_0079/attempt_000/worker_metadata.json""]",10.910726077516573,False,False
PUB-02__intermediate_long__rep_0080,PUB-02,intermediate_long,rep_0080,tcc_calibration_confirmatory_v1__PUB-02__intermediate_long__rep_0080,"{""generation"": 847472963, ""inference"": 2037884032, ""predictive"": 4023958123, ""resampling"": 2960188258}",artifacts/publication_campaign/tcc_calibration_confirmatory_v1/runs/PUB-02/intermediate_long/rep_0080,COMPLETED,1,,artifacts/publication_campaign/tcc_calibration_confirmatory_v1/runs/PUB-02/intermediate_long/rep_0080/attempt_000,"[""artifacts/publication_campaign/tcc_calibration_confirmatory_v1/runs/PUB-02/intermediate_long/rep_0080/attempt_000/completion_manifest.json"", ""artifacts/publication_campaign/tcc_calibration_confirmatory_v1/runs/PUB-02/intermediate_long/rep_0080/attempt_000/environment_preflight.json"", ""artifacts/publication_campaign/tcc_calibration_confirmatory_v1/runs/PUB-02/intermediate_long/rep_0080/attempt_000/inference_command.json"", ""artifacts/publication_campaign/tcc_calibration_confirmatory_v1/runs/PUB-02/intermediate_long/rep_0080/attempt_000/inference_config.json"", ""artifacts/publication_campaign/tcc_calibration_confirmatory_v1/runs/PUB-02/intermediate_long/rep_0080/attempt_000/inference_started.json"", ""artifacts/publication_campaign/tcc_calibration_confirmatory_v1/runs/PUB-02/intermediate_long/rep_0080/attempt_000/input.csv"", ""artifacts/publication_campaign/tcc_calibration_confirmatory_v1/runs/PUB-02/intermediate_long/rep_0080/attempt_000/job.json"", ""artifacts/publication_campaign/tcc_calibration_confirmatory_v1/runs/PUB-02/intermediate_long/rep_0080/attempt_000/predictive_summary.csv"", ""artifacts/publication_campaign/tcc_calibration_confirmatory_v1/runs/PUB-02/intermediate_long/rep_0080/attempt_000/result.json"", ""artifacts/publication_campaign/tcc_calibration_confirmatory_v1/runs/PUB-02/intermediate_long/rep_0080/attempt_000/sampler_summary.csv"", ""artifacts/publication_campaign/tcc_calibration_confirmatory_v1/runs/PUB-02/intermediate_long/rep_0080/attempt_000/trace.nc"", ""artifacts/publication_campaign/tcc_calibration_confirmatory_v1/runs/PUB-02/intermediate_long/rep_0080/attempt_000/truth.json"", ""artifacts/publication_campaign/tcc_calibration_confirmatory_v1/runs/PUB-02/intermediate_long/rep_0080/attempt_000/worker_metadata.json""]",10.910726077516573,True,True
PUB-02__intermediate_long__rep_0081,PUB-02,intermediate_long,rep_0081,tcc_calibration_confirmatory_v1__PUB-02__intermediate_long__rep_0081,"{""generation"": 1791358097, ""inference"": 1197679905, ""predictive"": 3331040603, ""resampling"": 3096721791}",artifacts/publication_campaign/tcc_calibration_confirmatory_v1/runs/PUB-02/intermediate_long/rep_0081,COMPLETED,1,,artifacts/publication_campaign/tcc_calibration_confirmatory_v1/runs/PUB-02/intermediate_long/rep_0081/attempt_000,"[""artifacts/publication_campaign/tcc_calibration_confirmatory_v1/runs/PUB-02/intermediate_long/rep_0081/attempt_000/completion_manifest.json"", ""artifacts/publication_campaign/tcc_calibration_confirmatory_v1/runs/PUB-02/intermediate_long/rep_0081/attempt_000/environment_preflight.json"", ""artifacts/publication_campaign/tcc_calibration_confirmatory_v1/runs/PUB-02/intermediate_long/rep_0081/attempt_000/inference_command.json"", ""artifacts/publication_campaign/tcc_calibration_confirmatory_v1/runs/PUB-02/intermediate_long/rep_0081/attempt_000/inference_config.json"", ""artifacts/publication_campaign/tcc_calibration_confirmatory_v1/runs/PUB-02/intermediate_long/rep_0081/attempt_000/inference_started.json"", ""artifacts/publication_campaign/tcc_calibration_confirmatory_v1/runs/PUB-02/intermediate_long/rep_0081/attempt_000/input.csv"", ""artifacts/publication_campaign/tcc_calibration_confirmatory_v1/runs/PUB-02/intermediate_long/rep_0081/attempt_000/job.json"", ""artifacts/publication_campaign/tcc_calibration_confirmatory_v1/runs/PUB-02/intermediate_long/rep_0081/attempt_000/predictive_summary.csv"", ""artifacts/publication_campaign/tcc_calibration_confirmatory_v1/runs/PUB-02/intermediate_long/rep_0081/attempt_000/result.json"", ""artifacts/publication_campaign/tcc_calibration_confirmatory_v1/runs/PUB-02/intermediate_long/rep_0081/attempt_000/sampler_summary.csv"", ""artifacts/publication_campaign/tcc_calibration_confirmatory_v1/runs/PUB-02/intermediate_long/rep_0081/attempt_000/trace.nc"", ""artifacts/publication_campaign/tcc_calibration_confirmatory_v1/runs/PUB-02/intermediate_long/rep_0081/attempt_000/truth.json"", ""artifacts/publication_campaign/tcc_calibration_confirmatory_v1/runs/PUB-02/intermediate_long/rep_0081/attempt_000/worker_metadata.json""]",10.910726077516573,True,True
PUB-02__intermediate_long__rep_0082,PUB-02,intermediate_long,rep_0082,tcc_calibration_confirmatory_v1__PUB-02__intermediate_long__rep_0082,"{""generation"": 292519757, ""inference"": 3834269735, ""predictive"": 2759801230, ""resampling"": 1357714715}",artifacts/publication_campaign/tcc_calibration_confirmatory_v1/runs/PUB-02/intermediate_long/rep_0082,COMPLETED,1,,artifacts/publication_campaign/tcc_calibration_confirmatory_v1/runs/PUB-02/intermediate_long/rep_0082/attempt_000,"[""artifacts/publication_campaign/tcc_calibration_confirmatory_v1/runs/PUB-02/intermediate_long/rep_0082/attempt_000/completion_manifest.json"", ""artifacts/publication_campaign/tcc_calibration_confirmatory_v1/runs/PUB-02/intermediate_long/rep_0082/attempt_000/environment_preflight.json"", ""artifacts/publication_campaign/tcc_calibration_confirmatory_v1/runs/PUB-02/intermediate_long/rep_0082/attempt_000/inference_command.json"", ""artifacts/publication_campaign/tcc_calibration_confirmatory_v1/runs/PUB-02/intermediate_long/rep_0082/attempt_000/inference_config.json"", ""artifacts/publication_campaign/tcc_calibration_confirmatory_v1/runs/PUB-02/intermediate_long/rep_0082/attempt_000/inference_started.json"", ""artifacts/publication_campaign/tcc_calibration_confirmatory_v1/runs/PUB-02/intermediate_long/rep_0082/attempt_000/input.csv"", ""artifacts/publication_campaign/tcc_calibration_confirmatory_v1/runs/PUB-02/intermediate_long/rep_0082/attempt_000/job.json"", ""artifacts/publication_campaign/tcc_calibration_confirmatory_v1/runs/PUB-02/intermediate_long/rep_0082/attempt_000/predictive_summary.csv"", ""artifacts/publication_campaign/tcc_calibration_confirmatory_v1/runs/PUB-02/intermediate_long/rep_0082/attempt_000/result.json"", ""artifacts/publication_campaign/tcc_calibration_confirmatory_v1/runs/PUB-02/intermediate_long/rep_0082/attempt_000/sampler_summary.csv"", ""artifacts/publication_campaign/tcc_calibration_confirmatory_v1/runs/PUB-02/intermediate_long/rep_0082/attempt_000/trace.nc"", ""artifacts/publication_campaign/tcc_calibration_confirmatory_v1/runs/PUB-02/intermediate_long/rep_0082/attempt_000/truth.json"", ""artifacts/publication_campaign/tcc_calibration_confirmatory_v1/runs/PUB-02/intermediate_long/rep_0082/attempt_000/worker_metadata.json""]",10.910726077516573,True,True
PUB-02__intermediate_long__rep_0083,PUB-02,intermediate_long,rep_0083,tcc_calibration_confirmatory_v1__PUB-02__intermediate_long__rep_0083,"{""generation"": 862619121, ""inference"": 214835431, ""predictive"": 2061106824, ""resampling"": 1846672598}",artifacts/publication_campaign/tcc_calibration_confirmatory_v1/runs/PUB-02/intermediate_long/rep_0083,COMPLETED,1,,artifacts/publication_campaign/tcc_calibration_confirmatory_v1/runs/PUB-02/intermediate_long/rep_0083/attempt_000,"[""artifacts/publication_campaign/tcc_calibration_confirmatory_v1/runs/PUB-02/intermediate_long/rep_0083/attempt_000/completion_manifest.json"", ""artifacts/publication_campaign/tcc_calibration_confirmatory_v1/runs/PUB-02/intermediate_long/rep_0083/attempt_000/environment_preflight.json"", ""artifacts/publication_campaign/tcc_calibration_confirmatory_v1/runs/PUB-02/intermediate_long/rep_0083/attempt_000/inference_command.json"", ""artifacts/publication_campaign/tcc_calibration_confirmatory_v1/runs/PUB-02/intermediate_long/rep_0083/attempt_000/inference_config.json"", ""artifacts/publication_campaign/tcc_calibration_confirmatory_v1/runs/PUB-02/intermediate_long/rep_0083/attempt_000/inference_started.json"", ""artifacts/publication_campaign/tcc_calibration_confirmatory_v1/runs/PUB-02/intermediate_long/rep_0083/attempt_000/input.csv"", ""artifacts/publication_campaign/tcc_calibration_confirmatory_v1/runs/PUB-02/intermediate_long/rep_0083/attempt_000/job.json"", ""artifacts/publication_campaign/tcc_calibration_confirmatory_v1/runs/PUB-02/intermediate_long/rep_0083/attempt_000/predictive_summary.csv"", ""artifacts/publication_campaign/tcc_calibration_confirmatory_v1/runs/PUB-02/intermediate_long/rep_0083/attempt_000/result.json"", ""artifacts/publication_campaign/tcc_calibration_confirmatory_v1/runs/PUB-02/intermediate_long/rep_0083/attempt_000/sampler_summary.csv"", ""artifacts/publication_campaign/tcc_calibration_confirmatory_v1/runs/PUB-02/intermediate_long/rep_0083/attempt_000/trace.nc"", ""artifacts/publication_campaign/tcc_calibration_confirmatory_v1/runs/PUB-02/intermediate_long/rep_0083/attempt_000/truth.json"", ""artifacts/publication_campaign/tcc_calibration_confirmatory_v1/runs/PUB-02/intermediate_long/rep_0083/attempt_000/worker_metadata.json""]",10.910726077516573,True,True
PUB-02__intermediate_long__rep_0084,PUB-02,intermediate_long,rep_0084,tcc_calibration_confirmatory_v1__PUB-02__intermediate_long__rep_0084,"{""generation"": 1493713963, ""inference"": 1756796612, ""predictive"": 3886091887, ""resampling"": 294863187}",artifacts/publication_campaign/tcc_calibration_confirmatory_v1/runs/PUB-02/intermediate_long/rep_0084,COMPLETED,1,,artifacts/publication_campaign/tcc_calibration_confirmatory_v1/runs/PUB-02/intermediate_long/rep_0084/attempt_000,"[""artifacts/publication_campaign/tcc_calibration_confirmatory_v1/runs/PUB-02/intermediate_long/rep_0084/attempt_000/completion_manifest.json"", ""artifacts/publication_campaign/tcc_calibration_confirmatory_v1/runs/PUB-02/intermediate_long/rep_0084/attempt_000/environment_preflight.json"", ""artifacts/publication_campaign/tcc_calibration_confirmatory_v1/runs/PUB-02/intermediate_long/rep_0084/attempt_000/inference_command.json"", ""artifacts/publication_campaign/tcc_calibration_confirmatory_v1/runs/PUB-02/intermediate_long/rep_0084/attempt_000/inference_config.json"", ""artifacts/publication_campaign/tcc_calibration_confirmatory_v1/runs/PUB-02/intermediate_long/rep_0084/attempt_000/inference_started.json"", ""artifacts/publication_campaign/tcc_calibration_confirmatory_v1/runs/PUB-02/intermediate_long/rep_0084/attempt_000/input.csv"", ""artifacts/publication_campaign/tcc_calibration_confirmatory_v1/runs/PUB-02/intermediate_long/rep_0084/attempt_000/job.json"", ""artifacts/publication_campaign/tcc_calibration_confirmatory_v1/runs/PUB-02/intermediate_long/rep_0084/attempt_000/predictive_summary.csv"", ""artifacts/publication_campaign/tcc_calibration_confirmatory_v1/runs/PUB-02/intermediate_long/rep_0084/attempt_000/result.json"", ""artifacts/publication_campaign/tcc_calibration_confirmatory_v1/runs/PUB-02/intermediate_long/rep_0084/attempt_000/sampler_summary.csv"", ""artifacts/publication_campaign/tcc_calibration_confirmatory_v1/runs/PUB-02/intermediate_long/rep_0084/attempt_000/trace.nc"", ""artifacts/publication_campaign/tcc_calibration_confirmatory_v1/runs/PUB-02/intermediate_long/rep_0084/attempt_000/truth.json"", ""artifacts/publication_campaign/tcc_calibration_confirmatory_v1/runs/PUB-02/intermediate_long/rep_0084/attempt_000/worker_metadata.json""]",10.910726077516573,True,True
PUB-02__intermediate_long__rep_0085,PUB-02,intermediate_long,rep_0085,tcc_calibration_confirmatory_v1__PUB-02__intermediate_long__rep_0085,"{""generation"": 2250180835, ""inference"": 2739220662, ""predictive"": 1372310728, ""resampling"": 2593928559}",artifacts/publication_campaign/tcc_calibration_confirmatory_v1/runs/PUB-02/intermediate_long/rep_0085,COMPLETED,1,,artifacts/publication_campaign/tcc_calibration_confirmatory_v1/runs/PUB-02/intermediate_long/rep_0085/attempt_000,"[""artifacts/publication_campaign/tcc_calibration_confirmatory_v1/runs/PUB-02/intermediate_long/rep_0085/attempt_000/completion_manifest.json"", ""artifacts/publication_campaign/tcc_calibration_confirmatory_v1/runs/PUB-02/intermediate_long/rep_0085/attempt_000/environment_preflight.json"", ""artifacts/publication_campaign/tcc_calibration_confirmatory_v1/runs/PUB-02/intermediate_long/rep_0085/attempt_000/inference_command.json"", ""artifacts/publication_campaign/tcc_calibration_confirmatory_v1/runs/PUB-02/intermediate_long/rep_0085/attempt_000/inference_config.json"", ""artifacts/publication_campaign/tcc_calibration_confirmatory_v1/runs/PUB-02/intermediate_long/rep_0085/attempt_000/inference_started.json"", ""artifacts/publication_campaign/tcc_calibration_confirmatory_v1/runs/PUB-02/intermediate_long/rep_0085/attempt_000/input.csv"", ""artifacts/publication_campaign/tcc_calibration_confirmatory_v1/runs/PUB-02/intermediate_long/rep_0085/attempt_000/job.json"", ""artifacts/publication_campaign/tcc_calibration_confirmatory_v1/runs/PUB-02/intermediate_long/rep_0085/attempt_000/predictive_summary.csv"", ""artifacts/publication_campaign/tcc_calibration_confirmatory_v1/runs/PUB-02/intermediate_long/rep_0085/attempt_000/result.json"", ""artifacts/publication_campaign/tcc_calibration_confirmatory_v1/runs/PUB-02/intermediate_long/rep_0085/attempt_000/sampler_summary.csv"", ""artifacts/publication_campaign/tcc_calibration_confirmatory_v1/runs/PUB-02/intermediate_long/rep_0085/attempt_000/trace.nc"", ""artifacts/publication_campaign/tcc_calibration_confirmatory_v1/runs/PUB-02/intermediate_long/rep_0085/attempt_000/truth.json"", ""artifacts/publication_campaign/tcc_calibration_confirmatory_v1/runs/PUB-02/intermediate_long/rep_0085/attempt_000/worker_metadata.json""]",10.910726077516573,True,True
PUB-02__intermediate_long__rep_0086,PUB-02,intermediate_long,rep_0086,tcc_calibration_confirmatory_v1__PUB-02__intermediate_long__rep_0086,"{""generation"": 3034107502, ""inference"": 1140456453, ""predictive"": 4249994764, ""resampling"": 1276728794}",artifacts/publication_campaign/tcc_calibration_confirmatory_v1/runs/PUB-02/intermediate_long/rep_0086,COMPLETED,1,,artifacts/publication_campaign/tcc_calibration_confirmatory_v1/runs/PUB-02/intermediate_long/rep_0086/attempt_000,"[""artifacts/publication_campaign/tcc_calibration_confirmatory_v1/runs/PUB-02/intermediate_long/rep_0086/attempt_000/completion_manifest.json"", ""artifacts/publication_campaign/tcc_calibration_confirmatory_v1/runs/PUB-02/intermediate_long/rep_0086/attempt_000/environment_preflight.json"", ""artifacts/publication_campaign/tcc_calibration_confirmatory_v1/runs/PUB-02/intermediate_long/rep_0086/attempt_000/inference_command.json"", ""artifacts/publication_campaign/tcc_calibration_confirmatory_v1/runs/PUB-02/intermediate_long/rep_0086/attempt_000/inference_config.json"", ""artifacts/publication_campaign/tcc_calibration_confirmatory_v1/runs/PUB-02/intermediate_long/rep_0086/attempt_000/inference_started.json"", ""artifacts/publication_campaign/tcc_calibration_confirmatory_v1/runs/PUB-02/intermediate_long/rep_0086/attempt_000/input.csv"", ""artifacts/publication_campaign/tcc_calibration_confirmatory_v1/runs/PUB-02/intermediate_long/rep_0086/attempt_000/job.json"", ""artifacts/publication_campaign/tcc_calibration_confirmatory_v1/runs/PUB-02/intermediate_long/rep_0086/attempt_000/predictive_summary.csv"", ""artifacts/publication_campaign/tcc_calibration_confirmatory_v1/runs/PUB-02/intermediate_long/rep_0086/attempt_000/result.json"", ""artifacts/publication_campaign/tcc_calibration_confirmatory_v1/runs/PUB-02/intermediate_long/rep_0086/attempt_000/sampler_summary.csv"", ""artifacts/publication_campaign/tcc_calibration_confirmatory_v1/runs/PUB-02/intermediate_long/rep_0086/attempt_000/trace.nc"", ""artifacts/publication_campaign/tcc_calibration_confirmatory_v1/runs/PUB-02/intermediate_long/rep_0086/attempt_000/truth.json"", ""artifacts/publication_campaign/tcc_calibration_confirmatory_v1/runs/PUB-02/intermediate_long/rep_0086/attempt_000/worker_metadata.json""]",10.910726077516573,True,True
PUB-02__intermediate_long__rep_0087,PUB-02,intermediate_long,rep_0087,tcc_calibration_confirmatory_v1__PUB-02__intermediate_long__rep_0087,"{""generation"": 1416666935, ""inference"": 4050560424, ""predictive"": 2770049082, ""resampling"": 251892263}",artifacts/publication_campaign/tcc_calibration_confirmatory_v1/runs/PUB-02/intermediate_long/rep_0087,COMPLETED,1,,artifacts/publication_campaign/tcc_calibration_confirmatory_v1/runs/PUB-02/intermediate_long/rep_0087/attempt_000,"[""artifacts/publication_campaign/tcc_calibration_confirmatory_v1/runs/PUB-02/intermediate_long/rep_0087/attempt_000/completion_manifest.json"", ""artifacts/publication_campaign/tcc_calibration_confirmatory_v1/runs/PUB-02/intermediate_long/rep_0087/attempt_000/environment_preflight.json"", ""artifacts/publication_campaign/tcc_calibration_confirmatory_v1/runs/PUB-02/intermediate_long/rep_0087/attempt_000/inference_command.json"", ""artifacts/publication_campaign/tcc_calibration_confirmatory_v1/runs/PUB-02/intermediate_long/rep_0087/attempt_000/inference_config.json"", ""artifacts/publication_campaign/tcc_calibration_confirmatory_v1/runs/PUB-02/intermediate_long/rep_0087/attempt_000/inference_started.json"", ""artifacts/publication_campaign/tcc_calibration_confirmatory_v1/runs/PUB-02/intermediate_long/rep_0087/attempt_000/input.csv"", ""artifacts/publication_campaign/tcc_calibration_confirmatory_v1/runs/PUB-02/intermediate_long/rep_0087/attempt_000/job.json"", ""artifacts/publication_campaign/tcc_calibration_confirmatory_v1/runs/PUB-02/intermediate_long/rep_0087/attempt_000/predictive_summary.csv"", ""artifacts/publication_campaign/tcc_calibration_confirmatory_v1/runs/PUB-02/intermediate_long/rep_0087/attempt_000/result.json"", ""artifacts/publication_campaign/tcc_calibration_confirmatory_v1/runs/PUB-02/intermediate_long/rep_0087/attempt_000/sampler_summary.csv"", ""artifacts/publication_campaign/tcc_calibration_confirmatory_v1/runs/PUB-02/intermediate_long/rep_0087/attempt_000/trace.nc"", ""artifacts/publication_campaign/tcc_calibration_confirmatory_v1/runs/PUB-02/intermediate_long/rep_0087/attempt_000/truth.json"", ""artifacts/publication_campaign/tcc_calibration_confirmatory_v1/runs/PUB-02/intermediate_long/rep_0087/attempt_000/worker_metadata.json""]",10.910726077516573,True,True
PUB-02__intermediate_long__rep_0088,PUB-02,intermediate_long,rep_0088,tcc_calibration_confirmatory_v1__PUB-02__intermediate_long__rep_0088,"{""generation"": 290341534, ""inference"": 584105208, ""predictive"": 3535020746, ""resampling"": 1077934267}",artifacts/publication_campaign/tcc_calibration_confirmatory_v1/runs/PUB-02/intermediate_long/rep_0088,COMPLETED,1,,artifacts/publication_campaign/tcc_calibration_confirmatory_v1/runs/PUB-02/intermediate_long/rep_0088/attempt_000,"[""artifacts/publication_campaign/tcc_calibration_confirmatory_v1/runs/PUB-02/intermediate_long/rep_0088/attempt_000/completion_manifest.json"", ""artifacts/publication_campaign/tcc_calibration_confirmatory_v1/runs/PUB-02/intermediate_long/rep_0088/attempt_000/environment_preflight.json"", ""artifacts/publication_campaign/tcc_calibration_confirmatory_v1/runs/PUB-02/intermediate_long/rep_0088/attempt_000/inference_command.json"", ""artifacts/publication_campaign/tcc_calibration_confirmatory_v1/runs/PUB-02/intermediate_long/rep_0088/attempt_000/inference_config.json"", ""artifacts/publication_campaign/tcc_calibration_confirmatory_v1/runs/PUB-02/intermediate_long/rep_0088/attempt_000/inference_started.json"", ""artifacts/publication_campaign/tcc_calibration_confirmatory_v1/runs/PUB-02/intermediate_long/rep_0088/attempt_000/input.csv"", ""artifacts/publication_campaign/tcc_calibration_confirmatory_v1/runs/PUB-02/intermediate_long/rep_0088/attempt_000/job.json"", ""artifacts/publication_campaign/tcc_calibration_confirmatory_v1/runs/PUB-02/intermediate_long/rep_0088/attempt_000/predictive_summary.csv"", ""artifacts/publication_campaign/tcc_calibration_confirmatory_v1/runs/PUB-02/intermediate_long/rep_0088/attempt_000/result.json"", ""artifacts/publication_campaign/tcc_calibration_confirmatory_v1/runs/PUB-02/intermediate_long/rep_0088/attempt_000/sampler_summary.csv"", ""artifacts/publication_campaign/tcc_calibration_confirmatory_v1/runs/PUB-02/intermediate_long/rep_0088/attempt_000/trace.nc"", ""artifacts/publication_campaign/tcc_calibration_confirmatory_v1/runs/PUB-02/intermediate_long/rep_0088/attempt_000/truth.json"", ""artifacts/publication_campaign/tcc_calibration_confirmatory_v1/runs/PUB-02/intermediate_long/rep_0088/attempt_000/worker_metadata.json""]",10.910726077516573,True,True
PUB-02__intermediate_long__rep_0089,PUB-02,intermediate_long,rep_0089,tcc_calibration_confirmatory_v1__PUB-02__intermediate_long__rep_0089,"{""generation"": 656390736, ""inference"": 3900828917, ""predictive"": 4128242225, ""resampling"": 2166629087}",artifacts/publication_campaign/tcc_calibration_confirmatory_v1/runs/PUB-02/intermediate_long/rep_0089,COMPLETED,1,,artifacts/publication_campaign/tcc_calibration_confirmatory_v1/runs/PUB-02/intermediate_long/rep_0089/attempt_000,"[""artifacts/publication_campaign/tcc_calibration_confirmatory_v1/runs/PUB-02/intermediate_long/rep_0089/attempt_000/completion_manifest.json"", ""artifacts/publication_campaign/tcc_calibration_confirmatory_v1/runs/PUB-02/intermediate_long/rep_0089/attempt_000/environment_preflight.json"", ""artifacts/publication_campaign/tcc_calibration_confirmatory_v1/runs/PUB-02/intermediate_long/rep_0089/attempt_000/inference_command.json"", ""artifacts/publication_campaign/tcc_calibration_confirmatory_v1/runs/PUB-02/intermediate_long/rep_0089/attempt_000/inference_config.json"", ""artifacts/publication_campaign/tcc_calibration_confirmatory_v1/runs/PUB-02/intermediate_long/rep_0089/attempt_000/inference_started.json"", ""artifacts/publication_campaign/tcc_calibration_confirmatory_v1/runs/PUB-02/intermediate_long/rep_0089/attempt_000/input.csv"", ""artifacts/publication_campaign/tcc_calibration_confirmatory_v1/runs/PUB-02/intermediate_long/rep_0089/attempt_000/job.json"", ""artifacts/publication_campaign/tcc_calibration_confirmatory_v1/runs/PUB-02/intermediate_long/rep_0089/attempt_000/predictive_summary.csv"", ""artifacts/publication_campaign/tcc_calibration_confirmatory_v1/runs/PUB-02/intermediate_long/rep_0089/attempt_000/result.json"", ""artifacts/publication_campaign/tcc_calibration_confirmatory_v1/runs/PUB-02/intermediate_long/rep_0089/attempt_000/sampler_summary.csv"", ""artifacts/publication_campaign/tcc_calibration_confirmatory_v1/runs/PUB-02/intermediate_long/rep_0089/attempt_000/trace.nc"", ""artifacts/publication_campaign/tcc_calibration_confirmatory_v1/runs/PUB-02/intermediate_long/rep_0089/attempt_000/truth.json"", ""artifacts/publication_campaign/tcc_calibration_confirmatory_v1/runs/PUB-02/intermediate_long/rep_0089/attempt_000/worker_metadata.json""]",10.910726077516573,True,True
PUB-02__intermediate_long__rep_0090,PUB-02,intermediate_long,rep_0090,tcc_calibration_confirmatory_v1__PUB-02__intermediate_long__rep_0090,"{""generation"": 1618539547, ""inference"": 3251877771, ""predictive"": 1720236336, ""resampling"": 2213127036}",artifacts/publication_campaign/tcc_calibration_confirmatory_v1/runs/PUB-02/intermediate_long/rep_0090,COMPLETED,1,,artifacts/publication_campaign/tcc_calibration_confirmatory_v1/runs/PUB-02/intermediate_long/rep_0090/attempt_000,"[""artifacts/publication_campaign/tcc_calibration_confirmatory_v1/runs/PUB-02/intermediate_long/rep_0090/attempt_000/completion_manifest.json"", ""artifacts/publication_campaign/tcc_calibration_confirmatory_v1/runs/PUB-02/intermediate_long/rep_0090/attempt_000/environment_preflight.json"", ""artifacts/publication_campaign/tcc_calibration_confirmatory_v1/runs/PUB-02/intermediate_long/rep_0090/attempt_000/inference_command.json"", ""artifacts/publication_campaign/tcc_calibration_confirmatory_v1/runs/PUB-02/intermediate_long/rep_0090/attempt_000/inference_config.json"", ""artifacts/publication_campaign/tcc_calibration_confirmatory_v1/runs/PUB-02/intermediate_long/rep_0090/attempt_000/inference_started.json"", ""artifacts/publication_campaign/tcc_calibration_confirmatory_v1/runs/PUB-02/intermediate_long/rep_0090/attempt_000/input.csv"", ""artifacts/publication_campaign/tcc_calibration_confirmatory_v1/runs/PUB-02/intermediate_long/rep_0090/attempt_000/job.json"", ""artifacts/publication_campaign/tcc_calibration_confirmatory_v1/runs/PUB-02/intermediate_long/rep_0090/attempt_000/predictive_summary.csv"", ""artifacts/publication_campaign/tcc_calibration_confirmatory_v1/runs/PUB-02/intermediate_long/rep_0090/attempt_000/result.json"", ""artifacts/publication_campaign/tcc_calibration_confirmatory_v1/runs/PUB-02/intermediate_long/rep_0090/attempt_000/sampler_summary.csv"", ""artifacts/publication_campaign/tcc_calibration_confirmatory_v1/runs/PUB-02/intermediate_long/rep_0090/attempt_000/trace.nc"", ""artifacts/publication_campaign/tcc_calibration_confirmatory_v1/runs/PUB-02/intermediate_long/rep_0090/attempt_000/truth.json"", ""artifacts/publication_campaign/tcc_calibration_confirmatory_v1/runs/PUB-02/intermediate_long/rep_0090/attempt_000/worker_metadata.json""]",10.910726077516573,True,True
PUB-02__intermediate_long__rep_0091,PUB-02,intermediate_long,rep_0091,tcc_calibration_confirmatory_v1__PUB-02__intermediate_long__rep_0091,"{""generation"": 2688282568, ""inference"": 3497973472, ""predictive"": 1922084262, ""resampling"": 775030991}",artifacts/publication_campaign/tcc_calibration_confirmatory_v1/runs/PUB-02/intermediate_long/rep_0091,COMPLETED_REJECTED,1,,artifacts/publication_campaign/tcc_calibration_confirmatory_v1/runs/PUB-02/intermediate_long/rep_0091/attempt_000,"[""artifacts/publication_campaign/tcc_calibration_confirmatory_v1/runs/PUB-02/intermediate_long/rep_0091/attempt_000/completion_manifest.json"", ""artifacts/publication_campaign/tcc_calibration_confirmatory_v1/runs/PUB-02/intermediate_long/rep_0091/attempt_000/environment_preflight.json"", ""artifacts/publication_campaign/tcc_calibration_confirmatory_v1/runs/PUB-02/intermediate_long/rep_0091/attempt_000/inference_command.json"", ""artifacts/publication_campaign/tcc_calibration_confirmatory_v1/runs/PUB-02/intermediate_long/rep_0091/attempt_000/inference_config.json"", ""artifacts/publication_campaign/tcc_calibration_confirmatory_v1/runs/PUB-02/intermediate_long/rep_0091/attempt_000/inference_started.json"", ""artifacts/publication_campaign/tcc_calibration_confirmatory_v1/runs/PUB-02/intermediate_long/rep_0091/attempt_000/input.csv"", ""artifacts/publication_campaign/tcc_calibration_confirmatory_v1/runs/PUB-02/intermediate_long/rep_0091/attempt_000/job.json"", ""artifacts/publication_campaign/tcc_calibration_confirmatory_v1/runs/PUB-02/intermediate_long/rep_0091/attempt_000/predictive_summary.csv"", ""artifacts/publication_campaign/tcc_calibration_confirmatory_v1/runs/PUB-02/intermediate_long/rep_0091/attempt_000/result.json"", ""artifacts/publication_campaign/tcc_calibration_confirmatory_v1/runs/PUB-02/intermediate_long/rep_0091/attempt_000/sampler_summary.csv"", ""artifacts/publication_campaign/tcc_calibration_confirmatory_v1/runs/PUB-02/intermediate_long/rep_0091/attempt_000/trace.nc"", ""artifacts/publication_campaign/tcc_calibration_confirmatory_v1/runs/PUB-02/intermediate_long/rep_0091/attempt_000/truth.json"", ""artifacts/publication_campaign/tcc_calibration_confirmatory_v1/runs/PUB-02/intermediate_long/rep_0091/attempt_000/worker_metadata.json""]",10.910726077516573,False,False
PUB-02__intermediate_long__rep_0092,PUB-02,intermediate_long,rep_0092,tcc_calibration_confirmatory_v1__PUB-02__intermediate_long__rep_0092,"{""generation"": 1216909799, ""inference"": 980440285, ""predictive"": 3007856611, ""resampling"": 4159681286}",artifacts/publication_campaign/tcc_calibration_confirmatory_v1/runs/PUB-02/intermediate_long/rep_0092,COMPLETED,1,,artifacts/publication_campaign/tcc_calibration_confirmatory_v1/runs/PUB-02/intermediate_long/rep_0092/attempt_000,"[""artifacts/publication_campaign/tcc_calibration_confirmatory_v1/runs/PUB-02/intermediate_long/rep_0092/attempt_000/completion_manifest.json"", ""artifacts/publication_campaign/tcc_calibration_confirmatory_v1/runs/PUB-02/intermediate_long/rep_0092/attempt_000/environment_preflight.json"", ""artifacts/publication_campaign/tcc_calibration_confirmatory_v1/runs/PUB-02/intermediate_long/rep_0092/attempt_000/inference_command.json"", ""artifacts/publication_campaign/tcc_calibration_confirmatory_v1/runs/PUB-02/intermediate_long/rep_0092/attempt_000/inference_config.json"", ""artifacts/publication_campaign/tcc_calibration_confirmatory_v1/runs/PUB-02/intermediate_long/rep_0092/attempt_000/inference_started.json"", ""artifacts/publication_campaign/tcc_calibration_confirmatory_v1/runs/PUB-02/intermediate_long/rep_0092/attempt_000/input.csv"", ""artifacts/publication_campaign/tcc_calibration_confirmatory_v1/runs/PUB-02/intermediate_long/rep_0092/attempt_000/job.json"", ""artifacts/publication_campaign/tcc_calibration_confirmatory_v1/runs/PUB-02/intermediate_long/rep_0092/attempt_000/predictive_summary.csv"", ""artifacts/publication_campaign/tcc_calibration_confirmatory_v1/runs/PUB-02/intermediate_long/rep_0092/attempt_000/result.json"", ""artifacts/publication_campaign/tcc_calibration_confirmatory_v1/runs/PUB-02/intermediate_long/rep_0092/attempt_000/sampler_summary.csv"", ""artifacts/publication_campaign/tcc_calibration_confirmatory_v1/runs/PUB-02/intermediate_long/rep_0092/attempt_000/trace.nc"", ""artifacts/publication_campaign/tcc_calibration_confirmatory_v1/runs/PUB-02/intermediate_long/rep_0092/attempt_000/truth.json"", ""artifacts/publication_campaign/tcc_calibration_confirmatory_v1/runs/PUB-02/intermediate_long/rep_0092/attempt_000/worker_metadata.json""]",10.910726077516573,True,True
PUB-02__intermediate_long__rep_0093,PUB-02,intermediate_long,rep_0093,tcc_calibration_confirmatory_v1__PUB-02__intermediate_long__rep_0093,"{""generation"": 688930134, ""inference"": 2424956499, ""predictive"": 625937097, ""resampling"": 2414461127}",artifacts/publication_campaign/tcc_calibration_confirmatory_v1/runs/PUB-02/intermediate_long/rep_0093,COMPLETED_REJECTED,1,,artifacts/publication_campaign/tcc_calibration_confirmatory_v1/runs/PUB-02/intermediate_long/rep_0093/attempt_000,"[""artifacts/publication_campaign/tcc_calibration_confirmatory_v1/runs/PUB-02/intermediate_long/rep_0093/attempt_000/completion_manifest.json"", ""artifacts/publication_campaign/tcc_calibration_confirmatory_v1/runs/PUB-02/intermediate_long/rep_0093/attempt_000/environment_preflight.json"", ""artifacts/publication_campaign/tcc_calibration_confirmatory_v1/runs/PUB-02/intermediate_long/rep_0093/attempt_000/inference_command.json"", ""artifacts/publication_campaign/tcc_calibration_confirmatory_v1/runs/PUB-02/intermediate_long/rep_0093/attempt_000/inference_config.json"", ""artifacts/publication_campaign/tcc_calibration_confirmatory_v1/runs/PUB-02/intermediate_long/rep_0093/attempt_000/inference_started.json"", ""artifacts/publication_campaign/tcc_calibration_confirmatory_v1/runs/PUB-02/intermediate_long/rep_0093/attempt_000/input.csv"", ""artifacts/publication_campaign/tcc_calibration_confirmatory_v1/runs/PUB-02/intermediate_long/rep_0093/attempt_000/job.json"", ""artifacts/publication_campaign/tcc_calibration_confirmatory_v1/runs/PUB-02/intermediate_long/rep_0093/attempt_000/predictive_summary.csv"", ""artifacts/publication_campaign/tcc_calibration_confirmatory_v1/runs/PUB-02/intermediate_long/rep_0093/attempt_000/result.json"", ""artifacts/publication_campaign/tcc_calibration_confirmatory_v1/runs/PUB-02/intermediate_long/rep_0093/attempt_000/sampler_summary.csv"", ""artifacts/publication_campaign/tcc_calibration_confirmatory_v1/runs/PUB-02/intermediate_long/rep_0093/attempt_000/trace.nc"", ""artifacts/publication_campaign/tcc_calibration_confirmatory_v1/runs/PUB-02/intermediate_long/rep_0093/attempt_000/truth.json"", ""artifacts/publication_campaign/tcc_calibration_confirmatory_v1/runs/PUB-02/intermediate_long/rep_0093/attempt_000/worker_metadata.json""]",10.910726077516573,False,False
PUB-02__intermediate_long__rep_0094,PUB-02,intermediate_long,rep_0094,tcc_calibration_confirmatory_v1__PUB-02__intermediate_long__rep_0094,"{""generation"": 679619218, ""inference"": 1255327649, ""predictive"": 563388697, ""resampling"": 1284424952}",artifacts/publication_campaign/tcc_calibration_confirmatory_v1/runs/PUB-02/intermediate_long/rep_0094,COMPLETED,1,,artifacts/publication_campaign/tcc_calibration_confirmatory_v1/runs/PUB-02/intermediate_long/rep_0094/attempt_000,"[""artifacts/publication_campaign/tcc_calibration_confirmatory_v1/runs/PUB-02/intermediate_long/rep_0094/attempt_000/completion_manifest.json"", ""artifacts/publication_campaign/tcc_calibration_confirmatory_v1/runs/PUB-02/intermediate_long/rep_0094/attempt_000/environment_preflight.json"", ""artifacts/publication_campaign/tcc_calibration_confirmatory_v1/runs/PUB-02/intermediate_long/rep_0094/attempt_000/inference_command.json"", ""artifacts/publication_campaign/tcc_calibration_confirmatory_v1/runs/PUB-02/intermediate_long/rep_0094/attempt_000/inference_config.json"", ""artifacts/publication_campaign/tcc_calibration_confirmatory_v1/runs/PUB-02/intermediate_long/rep_0094/attempt_000/inference_started.json"", ""artifacts/publication_campaign/tcc_calibration_confirmatory_v1/runs/PUB-02/intermediate_long/rep_0094/attempt_000/input.csv"", ""artifacts/publication_campaign/tcc_calibration_confirmatory_v1/runs/PUB-02/intermediate_long/rep_0094/attempt_000/job.json"", ""artifacts/publication_campaign/tcc_calibration_confirmatory_v1/runs/PUB-02/intermediate_long/rep_0094/attempt_000/predictive_summary.csv"", ""artifacts/publication_campaign/tcc_calibration_confirmatory_v1/runs/PUB-02/intermediate_long/rep_0094/attempt_000/result.json"", ""artifacts/publication_campaign/tcc_calibration_confirmatory_v1/runs/PUB-02/intermediate_long/rep_0094/attempt_000/sampler_summary.csv"", ""artifacts/publication_campaign/tcc_calibration_confirmatory_v1/runs/PUB-02/intermediate_long/rep_0094/attempt_000/trace.nc"", ""artifacts/publication_campaign/tcc_calibration_confirmatory_v1/runs/PUB-02/intermediate_long/rep_0094/attempt_000/truth.json"", ""artifacts/publication_campaign/tcc_calibration_confirmatory_v1/runs/PUB-02/intermediate_long/rep_0094/attempt_000/worker_metadata.json""]",10.910726077516573,True,True
PUB-02__intermediate_long__rep_0095,PUB-02,intermediate_long,rep_0095,tcc_calibration_confirmatory_v1__PUB-02__intermediate_long__rep_0095,"{""generation"": 2950579539, ""inference"": 172090149, ""predictive"": 1383074020, ""resampling"": 3095611210}",artifacts/publication_campaign/tcc_calibration_confirmatory_v1/runs/PUB-02/intermediate_long/rep_0095,COMPLETED,1,,artifacts/publication_campaign/tcc_calibration_confirmatory_v1/runs/PUB-02/intermediate_long/rep_0095/attempt_000,"[""artifacts/publication_campaign/tcc_calibration_confirmatory_v1/runs/PUB-02/intermediate_long/rep_0095/attempt_000/completion_manifest.json"", ""artifacts/publication_campaign/tcc_calibration_confirmatory_v1/runs/PUB-02/intermediate_long/rep_0095/attempt_000/environment_preflight.json"", ""artifacts/publication_campaign/tcc_calibration_confirmatory_v1/runs/PUB-02/intermediate_long/rep_0095/attempt_000/inference_command.json"", ""artifacts/publication_campaign/tcc_calibration_confirmatory_v1/runs/PUB-02/intermediate_long/rep_0095/attempt_000/inference_config.json"", ""artifacts/publication_campaign/tcc_calibration_confirmatory_v1/runs/PUB-02/intermediate_long/rep_0095/attempt_000/inference_started.json"", ""artifacts/publication_campaign/tcc_calibration_confirmatory_v1/runs/PUB-02/intermediate_long/rep_0095/attempt_000/input.csv"", ""artifacts/publication_campaign/tcc_calibration_confirmatory_v1/runs/PUB-02/intermediate_long/rep_0095/attempt_000/job.json"", ""artifacts/publication_campaign/tcc_calibration_confirmatory_v1/runs/PUB-02/intermediate_long/rep_0095/attempt_000/predictive_summary.csv"", ""artifacts/publication_campaign/tcc_calibration_confirmatory_v1/runs/PUB-02/intermediate_long/rep_0095/attempt_000/result.json"", ""artifacts/publication_campaign/tcc_calibration_confirmatory_v1/runs/PUB-02/intermediate_long/rep_0095/attempt_000/sampler_summary.csv"", ""artifacts/publication_campaign/tcc_calibration_confirmatory_v1/runs/PUB-02/intermediate_long/rep_0095/attempt_000/trace.nc"", ""artifacts/publication_campaign/tcc_calibration_confirmatory_v1/runs/PUB-02/intermediate_long/rep_0095/attempt_000/truth.json"", ""artifacts/publication_campaign/tcc_calibration_confirmatory_v1/runs/PUB-02/intermediate_long/rep_0095/attempt_000/worker_metadata.json""]",10.910726077516573,True,True
PUB-02__intermediate_long__rep_0096,PUB-02,intermediate_long,rep_0096,tcc_calibration_confirmatory_v1__PUB-02__intermediate_long__rep_0096,"{""generation"": 2744351386, ""inference"": 663853987, ""predictive"": 1681502486, ""resampling"": 791486593}",artifacts/publication_campaign/tcc_calibration_confirmatory_v1/runs/PUB-02/intermediate_long/rep_0096,COMPLETED,1,,artifacts/publication_campaign/tcc_calibration_confirmatory_v1/runs/PUB-02/intermediate_long/rep_0096/attempt_000,"[""artifacts/publication_campaign/tcc_calibration_confirmatory_v1/runs/PUB-02/intermediate_long/rep_0096/attempt_000/completion_manifest.json"", ""artifacts/publication_campaign/tcc_calibration_confirmatory_v1/runs/PUB-02/intermediate_long/rep_0096/attempt_000/environment_preflight.json"", ""artifacts/publication_campaign/tcc_calibration_confirmatory_v1/runs/PUB-02/intermediate_long/rep_0096/attempt_000/inference_command.json"", ""artifacts/publication_campaign/tcc_calibration_confirmatory_v1/runs/PUB-02/intermediate_long/rep_0096/attempt_000/inference_config.json"", ""artifacts/publication_campaign/tcc_calibration_confirmatory_v1/runs/PUB-02/intermediate_long/rep_0096/attempt_000/inference_started.json"", ""artifacts/publication_campaign/tcc_calibration_confirmatory_v1/runs/PUB-02/intermediate_long/rep_0096/attempt_000/input.csv"", ""artifacts/publication_campaign/tcc_calibration_confirmatory_v1/runs/PUB-02/intermediate_long/rep_0096/attempt_000/job.json"", ""artifacts/publication_campaign/tcc_calibration_confirmatory_v1/runs/PUB-02/intermediate_long/rep_0096/attempt_000/predictive_summary.csv"", ""artifacts/publication_campaign/tcc_calibration_confirmatory_v1/runs/PUB-02/intermediate_long/rep_0096/attempt_000/result.json"", ""artifacts/publication_campaign/tcc_calibration_confirmatory_v1/runs/PUB-02/intermediate_long/rep_0096/attempt_000/sampler_summary.csv"", ""artifacts/publication_campaign/tcc_calibration_confirmatory_v1/runs/PUB-02/intermediate_long/rep_0096/attempt_000/trace.nc"", ""artifacts/publication_campaign/tcc_calibration_confirmatory_v1/runs/PUB-02/intermediate_long/rep_0096/attempt_000/truth.json"", ""artifacts/publication_campaign/tcc_calibration_confirmatory_v1/runs/PUB-02/intermediate_long/rep_0096/attempt_000/worker_metadata.json""]",10.910726077516573,True,True
PUB-02__intermediate_long__rep_0097,PUB-02,intermediate_long,rep_0097,tcc_calibration_confirmatory_v1__PUB-02__intermediate_long__rep_0097,"{""generation"": 2945765351, ""inference"": 419989782, ""predictive"": 730432423, ""resampling"": 2800394961}",artifacts/publication_campaign/tcc_calibration_confirmatory_v1/runs/PUB-02/intermediate_long/rep_0097,COMPLETED,1,,artifacts/publication_campaign/tcc_calibration_confirmatory_v1/runs/PUB-02/intermediate_long/rep_0097/attempt_000,"[""artifacts/publication_campaign/tcc_calibration_confirmatory_v1/runs/PUB-02/intermediate_long/rep_0097/attempt_000/completion_manifest.json"", ""artifacts/publication_campaign/tcc_calibration_confirmatory_v1/runs/PUB-02/intermediate_long/rep_0097/attempt_000/environment_preflight.json"", ""artifacts/publication_campaign/tcc_calibration_confirmatory_v1/runs/PUB-02/intermediate_long/rep_0097/attempt_000/inference_command.json"", ""artifacts/publication_campaign/tcc_calibration_confirmatory_v1/runs/PUB-02/intermediate_long/rep_0097/attempt_000/inference_config.json"", ""artifacts/publication_campaign/tcc_calibration_confirmatory_v1/runs/PUB-02/intermediate_long/rep_0097/attempt_000/inference_started.json"", ""artifacts/publication_campaign/tcc_calibration_confirmatory_v1/runs/PUB-02/intermediate_long/rep_0097/attempt_000/input.csv"", ""artifacts/publication_campaign/tcc_calibration_confirmatory_v1/runs/PUB-02/intermediate_long/rep_0097/attempt_000/job.json"", ""artifacts/publication_campaign/tcc_calibration_confirmatory_v1/runs/PUB-02/intermediate_long/rep_0097/attempt_000/predictive_summary.csv"", ""artifacts/publication_campaign/tcc_calibration_confirmatory_v1/runs/PUB-02/intermediate_long/rep_0097/attempt_000/result.json"", ""artifacts/publication_campaign/tcc_calibration_confirmatory_v1/runs/PUB-02/intermediate_long/rep_0097/attempt_000/sampler_summary.csv"", ""artifacts/publication_campaign/tcc_calibration_confirmatory_v1/runs/PUB-02/intermediate_long/rep_0097/attempt_000/trace.nc"", ""artifacts/publication_campaign/tcc_calibration_confirmatory_v1/runs/PUB-02/intermediate_long/rep_0097/attempt_000/truth.json"", ""artifacts/publication_campaign/tcc_calibration_confirmatory_v1/runs/PUB-02/intermediate_long/rep_0097/attempt_000/worker_metadata.json""]",10.910726077516573,True,True
PUB-02__intermediate_long__rep_0098,PUB-02,intermediate_long,rep_0098,tcc_calibration_confirmatory_v1__PUB-02__intermediate_long__rep_0098,"{""generation"": 855201714, ""inference"": 1750502383, ""predictive"": 2717678307, ""resampling"": 614931214}",artifacts/publication_campaign/tcc_calibration_confirmatory_v1/runs/PUB-02/intermediate_long/rep_0098,COMPLETED,1,,artifacts/publication_campaign/tcc_calibration_confirmatory_v1/runs/PUB-02/intermediate_long/rep_0098/attempt_000,"[""artifacts/publication_campaign/tcc_calibration_confirmatory_v1/runs/PUB-02/intermediate_long/rep_0098/attempt_000/completion_manifest.json"", ""artifacts/publication_campaign/tcc_calibration_confirmatory_v1/runs/PUB-02/intermediate_long/rep_0098/attempt_000/environment_preflight.json"", ""artifacts/publication_campaign/tcc_calibration_confirmatory_v1/runs/PUB-02/intermediate_long/rep_0098/attempt_000/inference_command.json"", ""artifacts/publication_campaign/tcc_calibration_confirmatory_v1/runs/PUB-02/intermediate_long/rep_0098/attempt_000/inference_config.json"", ""artifacts/publication_campaign/tcc_calibration_confirmatory_v1/runs/PUB-02/intermediate_long/rep_0098/attempt_000/inference_started.json"", ""artifacts/publication_campaign/tcc_calibration_confirmatory_v1/runs/PUB-02/intermediate_long/rep_0098/attempt_000/input.csv"", ""artifacts/publication_campaign/tcc_calibration_confirmatory_v1/runs/PUB-02/intermediate_long/rep_0098/attempt_000/job.json"", ""artifacts/publication_campaign/tcc_calibration_confirmatory_v1/runs/PUB-02/intermediate_long/rep_0098/attempt_000/predictive_summary.csv"", ""artifacts/publication_campaign/tcc_calibration_confirmatory_v1/runs/PUB-02/intermediate_long/rep_0098/attempt_000/result.json"", ""artifacts/publication_campaign/tcc_calibration_confirmatory_v1/runs/PUB-02/intermediate_long/rep_0098/attempt_000/sampler_summary.csv"", ""artifacts/publication_campaign/tcc_calibration_confirmatory_v1/runs/PUB-02/intermediate_long/rep_0098/attempt_000/trace.nc"", ""artifacts/publication_campaign/tcc_calibration_confirmatory_v1/runs/PUB-02/intermediate_long/rep_0098/attempt_000/truth.json"", ""artifacts/publication_campaign/tcc_calibration_confirmatory_v1/runs/PUB-02/intermediate_long/rep_0098/attempt_000/worker_metadata.json""]",10.910726077516573,True,True
PUB-02__intermediate_long__rep_0099,PUB-02,intermediate_long,rep_0099,tcc_calibration_confirmatory_v1__PUB-02__intermediate_long__rep_0099,"{""generation"": 2802625860, ""inference"": 679904552, ""predictive"": 133079743, ""resampling"": 4022877443}",artifacts/publication_campaign/tcc_calibration_confirmatory_v1/runs/PUB-02/intermediate_long/rep_0099,COMPLETED,1,,artifacts/publication_campaign/tcc_calibration_confirmatory_v1/runs/PUB-02/intermediate_long/rep_0099/attempt_000,"[""artifacts/publication_campaign/tcc_calibration_confirmatory_v1/runs/PUB-02/intermediate_long/rep_0099/attempt_000/completion_manifest.json"", ""artifacts/publication_campaign/tcc_calibration_confirmatory_v1/runs/PUB-02/intermediate_long/rep_0099/attempt_000/environment_preflight.json"", ""artifacts/publication_campaign/tcc_calibration_confirmatory_v1/runs/PUB-02/intermediate_long/rep_0099/attempt_000/inference_command.json"", ""artifacts/publication_campaign/tcc_calibration_confirmatory_v1/runs/PUB-02/intermediate_long/rep_0099/attempt_000/inference_config.json"", ""artifacts/publication_campaign/tcc_calibration_confirmatory_v1/runs/PUB-02/intermediate_long/rep_0099/attempt_000/inference_started.json"", ""artifacts/publication_campaign/tcc_calibration_confirmatory_v1/runs/PUB-02/intermediate_long/rep_0099/attempt_000/input.csv"", ""artifacts/publication_campaign/tcc_calibration_confirmatory_v1/runs/PUB-02/intermediate_long/rep_0099/attempt_000/job.json"", ""artifacts/publication_campaign/tcc_calibration_confirmatory_v1/runs/PUB-02/intermediate_long/rep_0099/attempt_000/predictive_summary.csv"", ""artifacts/publication_campaign/tcc_calibration_confirmatory_v1/runs/PUB-02/intermediate_long/rep_0099/attempt_000/result.json"", ""artifacts/publication_campaign/tcc_calibration_confirmatory_v1/runs/PUB-02/intermediate_long/rep_0099/attempt_000/sampler_summary.csv"", ""artifacts/publication_campaign/tcc_calibration_confirmatory_v1/runs/PUB-02/intermediate_long/rep_0099/attempt_000/trace.nc"", ""artifacts/publication_campaign/tcc_calibration_confirmatory_v1/runs/PUB-02/intermediate_long/rep_0099/attempt_000/truth.json"", ""artifacts/publication_campaign/tcc_calibration_confirmatory_v1/runs/PUB-02/intermediate_long/rep_0099/attempt_000/worker_metadata.json""]",10.910726077516573,True,True
PUB-02__shallow_short__rep_0000,PUB-02,shallow_short,rep_0000,tcc_calibration_confirmatory_v1__PUB-02__shallow_short__rep_0000,"{""generation"": 2339143578, ""inference"": 1818106732, ""predictive"": 3420960383, ""resampling"": 2926597506}",artifacts/publication_campaign/tcc_calibration_confirmatory_v1/runs/PUB-02/shallow_short/rep_0000,COMPLETED_REJECTED,1,,artifacts/publication_campaign/tcc_calibration_confirmatory_v1/runs/PUB-02/shallow_short/rep_0000/attempt_000,"[""artifacts/publication_campaign/tcc_calibration_confirmatory_v1/runs/PUB-02/shallow_short/rep_0000/attempt_000/completion_manifest.json"", ""artifacts/publication_campaign/tcc_calibration_confirmatory_v1/runs/PUB-02/shallow_short/rep_0000/attempt_000/environment_preflight.json"", ""artifacts/publication_campaign/tcc_calibration_confirmatory_v1/runs/PUB-02/shallow_short/rep_0000/attempt_000/inference_command.json"", ""artifacts/publication_campaign/tcc_calibration_confirmatory_v1/runs/PUB-02/shallow_short/rep_0000/attempt_000/inference_config.json"", ""artifacts/publication_campaign/tcc_calibration_confirmatory_v1/runs/PUB-02/shallow_short/rep_0000/attempt_000/inference_started.json"", ""artifacts/publication_campaign/tcc_calibration_confirmatory_v1/runs/PUB-02/shallow_short/rep_0000/attempt_000/input.csv"", ""artifacts/publication_campaign/tcc_calibration_confirmatory_v1/runs/PUB-02/shallow_short/rep_0000/attempt_000/job.json"", ""artifacts/publication_campaign/tcc_calibration_confirmatory_v1/runs/PUB-02/shallow_short/rep_0000/attempt_000/predictive_summary.csv"", ""artifacts/publication_campaign/tcc_calibration_confirmatory_v1/runs/PUB-02/shallow_short/rep_0000/attempt_000/result.json"", ""artifacts/publication_campaign/tcc_calibration_confirmatory_v1/runs/PUB-02/shallow_short/rep_0000/attempt_000/sampler_summary.csv"", ""artifacts/publication_campaign/tcc_calibration_confirmatory_v1/runs/PUB-02/shallow_short/rep_0000/attempt_000/trace.nc"", ""artifacts/publication_campaign/tcc_calibration_confirmatory_v1/runs/PUB-02/shallow_short/rep_0000/attempt_000/truth.json"", ""artifacts/publication_campaign/tcc_calibration_confirmatory_v1/runs/PUB-02/shallow_short/rep_0000/attempt_000/worker_metadata.json""]",12.53286519422971,False,False
PUB-02__shallow_short__rep_0001,PUB-02,shallow_short,rep_0001,tcc_calibration_confirmatory_v1__PUB-02__shallow_short__rep_0001,"{""generation"": 561285278, ""inference"": 1673328955, ""predictive"": 711024278, ""resampling"": 2058601141}",artifacts/publication_campaign/tcc_calibration_confirmatory_v1/runs/PUB-02/shallow_short/rep_0001,COMPLETED,1,,artifacts/publication_campaign/tcc_calibration_confirmatory_v1/runs/PUB-02/shallow_short/rep_0001/attempt_000,"[""artifacts/publication_campaign/tcc_calibration_confirmatory_v1/runs/PUB-02/shallow_short/rep_0001/attempt_000/completion_manifest.json"", ""artifacts/publication_campaign/tcc_calibration_confirmatory_v1/runs/PUB-02/shallow_short/rep_0001/attempt_000/environment_preflight.json"", ""artifacts/publication_campaign/tcc_calibration_confirmatory_v1/runs/PUB-02/shallow_short/rep_0001/attempt_000/inference_command.json"", ""artifacts/publication_campaign/tcc_calibration_confirmatory_v1/runs/PUB-02/shallow_short/rep_0001/attempt_000/inference_config.json"", ""artifacts/publication_campaign/tcc_calibration_confirmatory_v1/runs/PUB-02/shallow_short/rep_0001/attempt_000/inference_started.json"", ""artifacts/publication_campaign/tcc_calibration_confirmatory_v1/runs/PUB-02/shallow_short/rep_0001/attempt_000/input.csv"", ""artifacts/publication_campaign/tcc_calibration_confirmatory_v1/runs/PUB-02/shallow_short/rep_0001/attempt_000/job.json"", ""artifacts/publication_campaign/tcc_calibration_confirmatory_v1/runs/PUB-02/shallow_short/rep_0001/attempt_000/predictive_summary.csv"", ""artifacts/publication_campaign/tcc_calibration_confirmatory_v1/runs/PUB-02/shallow_short/rep_0001/attempt_000/result.json"", ""artifacts/publication_campaign/tcc_calibration_confirmatory_v1/runs/PUB-02/shallow_short/rep_0001/attempt_000/sampler_summary.csv"", ""artifacts/publication_campaign/tcc_calibration_confirmatory_v1/runs/PUB-02/shallow_short/rep_0001/attempt_000/trace.nc"", ""artifacts/publication_campaign/tcc_calibration_confirmatory_v1/runs/PUB-02/shallow_short/rep_0001/attempt_000/truth.json"", ""artifacts/publication_campaign/tcc_calibration_confirmatory_v1/runs/PUB-02/shallow_short/rep_0001/attempt_000/worker_metadata.json""]",12.53286519422971,True,True
PUB-02__shallow_short__rep_0002,PUB-02,shallow_short,rep_0002,tcc_calibration_confirmatory_v1__PUB-02__shallow_short__rep_0002,"{""generation"": 3918886135, ""inference"": 622709129, ""predictive"": 2204066311, ""resampling"": 2100351922}",artifacts/publication_campaign/tcc_calibration_confirmatory_v1/runs/PUB-02/shallow_short/rep_0002,COMPLETED,1,,artifacts/publication_campaign/tcc_calibration_confirmatory_v1/runs/PUB-02/shallow_short/rep_0002/attempt_000,"[""artifacts/publication_campaign/tcc_calibration_confirmatory_v1/runs/PUB-02/shallow_short/rep_0002/attempt_000/completion_manifest.json"", ""artifacts/publication_campaign/tcc_calibration_confirmatory_v1/runs/PUB-02/shallow_short/rep_0002/attempt_000/environment_preflight.json"", ""artifacts/publication_campaign/tcc_calibration_confirmatory_v1/runs/PUB-02/shallow_short/rep_0002/attempt_000/inference_command.json"", ""artifacts/publication_campaign/tcc_calibration_confirmatory_v1/runs/PUB-02/shallow_short/rep_0002/attempt_000/inference_config.json"", ""artifacts/publication_campaign/tcc_calibration_confirmatory_v1/runs/PUB-02/shallow_short/rep_0002/attempt_000/inference_started.json"", ""artifacts/publication_campaign/tcc_calibration_confirmatory_v1/runs/PUB-02/shallow_short/rep_0002/attempt_000/input.csv"", ""artifacts/publication_campaign/tcc_calibration_confirmatory_v1/runs/PUB-02/shallow_short/rep_0002/attempt_000/job.json"", ""artifacts/publication_campaign/tcc_calibration_confirmatory_v1/runs/PUB-02/shallow_short/rep_0002/attempt_000/predictive_summary.csv"", ""artifacts/publication_campaign/tcc_calibration_confirmatory_v1/runs/PUB-02/shallow_short/rep_0002/attempt_000/result.json"", ""artifacts/publication_campaign/tcc_calibration_confirmatory_v1/runs/PUB-02/shallow_short/rep_0002/attempt_000/sampler_summary.csv"", ""artifacts/publication_campaign/tcc_calibration_confirmatory_v1/runs/PUB-02/shallow_short/rep_0002/attempt_000/trace.nc"", ""artifacts/publication_campaign/tcc_calibration_confirmatory_v1/runs/PUB-02/shallow_short/rep_0002/attempt_000/truth.json"", ""artifacts/publication_campaign/tcc_calibration_confirmatory_v1/runs/PUB-02/shallow_short/rep_0002/attempt_000/worker_metadata.json""]",12.53286519422971,True,True
PUB-02__shallow_short__rep_0003,PUB-02,shallow_short,rep_0003,tcc_calibration_confirmatory_v1__PUB-02__shallow_short__rep_0003,"{""generation"": 4127871916, ""inference"": 2994157661, ""predictive"": 871930133, ""resampling"": 280854968}",artifacts/publication_campaign/tcc_calibration_confirmatory_v1/runs/PUB-02/shallow_short/rep_0003,COMPLETED,1,,artifacts/publication_campaign/tcc_calibration_confirmatory_v1/runs/PUB-02/shallow_short/rep_0003/attempt_000,"[""artifacts/publication_campaign/tcc_calibration_confirmatory_v1/runs/PUB-02/shallow_short/rep_0003/attempt_000/completion_manifest.json"", ""artifacts/publication_campaign/tcc_calibration_confirmatory_v1/runs/PUB-02/shallow_short/rep_0003/attempt_000/environment_preflight.json"", ""artifacts/publication_campaign/tcc_calibration_confirmatory_v1/runs/PUB-02/shallow_short/rep_0003/attempt_000/inference_command.json"", ""artifacts/publication_campaign/tcc_calibration_confirmatory_v1/runs/PUB-02/shallow_short/rep_0003/attempt_000/inference_config.json"", ""artifacts/publication_campaign/tcc_calibration_confirmatory_v1/runs/PUB-02/shallow_short/rep_0003/attempt_000/inference_started.json"", ""artifacts/publication_campaign/tcc_calibration_confirmatory_v1/runs/PUB-02/shallow_short/rep_0003/attempt_000/input.csv"", ""artifacts/publication_campaign/tcc_calibration_confirmatory_v1/runs/PUB-02/shallow_short/rep_0003/attempt_000/job.json"", ""artifacts/publication_campaign/tcc_calibration_confirmatory_v1/runs/PUB-02/shallow_short/rep_0003/attempt_000/predictive_summary.csv"", ""artifacts/publication_campaign/tcc_calibration_confirmatory_v1/runs/PUB-02/shallow_short/rep_0003/attempt_000/result.json"", ""artifacts/publication_campaign/tcc_calibration_confirmatory_v1/runs/PUB-02/shallow_short/rep_0003/attempt_000/sampler_summary.csv"", ""artifacts/publication_campaign/tcc_calibration_confirmatory_v1/runs/PUB-02/shallow_short/rep_0003/attempt_000/trace.nc"", ""artifacts/publication_campaign/tcc_calibration_confirmatory_v1/runs/PUB-02/shallow_short/rep_0003/attempt_000/truth.json"", ""artifacts/publication_campaign/tcc_calibration_confirmatory_v1/runs/PUB-02/shallow_short/rep_0003/attempt_000/worker_metadata.json""]",12.53286519422971,True,True
PUB-02__shallow_short__rep_0004,PUB-02,shallow_short,rep_0004,tcc_calibration_confirmatory_v1__PUB-02__shallow_short__rep_0004,"{""generation"": 2568868658, ""inference"": 215124015, ""predictive"": 1986631336, ""resampling"": 2414568615}",artifacts/publication_campaign/tcc_calibration_confirmatory_v1/runs/PUB-02/shallow_short/rep_0004,COMPLETED,1,,artifacts/publication_campaign/tcc_calibration_confirmatory_v1/runs/PUB-02/shallow_short/rep_0004/attempt_000,"[""artifacts/publication_campaign/tcc_calibration_confirmatory_v1/runs/PUB-02/shallow_short/rep_0004/attempt_000/completion_manifest.json"", ""artifacts/publication_campaign/tcc_calibration_confirmatory_v1/runs/PUB-02/shallow_short/rep_0004/attempt_000/environment_preflight.json"", ""artifacts/publication_campaign/tcc_calibration_confirmatory_v1/runs/PUB-02/shallow_short/rep_0004/attempt_000/inference_command.json"", ""artifacts/publication_campaign/tcc_calibration_confirmatory_v1/runs/PUB-02/shallow_short/rep_0004/attempt_000/inference_config.json"", ""artifacts/publication_campaign/tcc_calibration_confirmatory_v1/runs/PUB-02/shallow_short/rep_0004/attempt_000/inference_started.json"", ""artifacts/publication_campaign/tcc_calibration_confirmatory_v1/runs/PUB-02/shallow_short/rep_0004/attempt_000/input.csv"", ""artifacts/publication_campaign/tcc_calibration_confirmatory_v1/runs/PUB-02/shallow_short/rep_0004/attempt_000/job.json"", ""artifacts/publication_campaign/tcc_calibration_confirmatory_v1/runs/PUB-02/shallow_short/rep_0004/attempt_000/predictive_summary.csv"", ""artifacts/publication_campaign/tcc_calibration_confirmatory_v1/runs/PUB-02/shallow_short/rep_0004/attempt_000/result.json"", ""artifacts/publication_campaign/tcc_calibration_confirmatory_v1/runs/PUB-02/shallow_short/rep_0004/attempt_000/sampler_summary.csv"", ""artifacts/publication_campaign/tcc_calibration_confirmatory_v1/runs/PUB-02/shallow_short/rep_0004/attempt_000/trace.nc"", ""artifacts/publication_campaign/tcc_calibration_confirmatory_v1/runs/PUB-02/shallow_short/rep_0004/attempt_000/truth.json"", ""artifacts/publication_campaign/tcc_calibration_confirmatory_v1/runs/PUB-02/shallow_short/rep_0004/attempt_000/worker_metadata.json""]",12.53286519422971,True,True
PUB-02__shallow_short__rep_0005,PUB-02,shallow_short,rep_0005,tcc_calibration_confirmatory_v1__PUB-02__shallow_short__rep_0005,"{""generation"": 2492802291, ""inference"": 10153268, ""predictive"": 1251758160, ""resampling"": 2743412356}",artifacts/publication_campaign/tcc_calibration_confirmatory_v1/runs/PUB-02/shallow_short/rep_0005,COMPLETED,1,,artifacts/publication_campaign/tcc_calibration_confirmatory_v1/runs/PUB-02/shallow_short/rep_0005/attempt_000,"[""artifacts/publication_campaign/tcc_calibration_confirmatory_v1/runs/PUB-02/shallow_short/rep_0005/attempt_000/completion_manifest.json"", ""artifacts/publication_campaign/tcc_calibration_confirmatory_v1/runs/PUB-02/shallow_short/rep_0005/attempt_000/environment_preflight.json"", ""artifacts/publication_campaign/tcc_calibration_confirmatory_v1/runs/PUB-02/shallow_short/rep_0005/attempt_000/inference_command.json"", ""artifacts/publication_campaign/tcc_calibration_confirmatory_v1/runs/PUB-02/shallow_short/rep_0005/attempt_000/inference_config.json"", ""artifacts/publication_campaign/tcc_calibration_confirmatory_v1/runs/PUB-02/shallow_short/rep_0005/attempt_000/inference_started.json"", ""artifacts/publication_campaign/tcc_calibration_confirmatory_v1/runs/PUB-02/shallow_short/rep_0005/attempt_000/input.csv"", ""artifacts/publication_campaign/tcc_calibration_confirmatory_v1/runs/PUB-02/shallow_short/rep_0005/attempt_000/job.json"", ""artifacts/publication_campaign/tcc_calibration_confirmatory_v1/runs/PUB-02/shallow_short/rep_0005/attempt_000/predictive_summary.csv"", ""artifacts/publication_campaign/tcc_calibration_confirmatory_v1/runs/PUB-02/shallow_short/rep_0005/attempt_000/result.json"", ""artifacts/publication_campaign/tcc_calibration_confirmatory_v1/runs/PUB-02/shallow_short/rep_0005/attempt_000/sampler_summary.csv"", ""artifacts/publication_campaign/tcc_calibration_confirmatory_v1/runs/PUB-02/shallow_short/rep_0005/attempt_000/trace.nc"", ""artifacts/publication_campaign/tcc_calibration_confirmatory_v1/runs/PUB-02/shallow_short/rep_0005/attempt_000/truth.json"", ""artifacts/publication_campaign/tcc_calibration_confirmatory_v1/runs/PUB-02/shallow_short/rep_0005/attempt_000/worker_metadata.json""]",12.53286519422971,True,True
PUB-02__shallow_short__rep_0006,PUB-02,shallow_short,rep_0006,tcc_calibration_confirmatory_v1__PUB-02__shallow_short__rep_0006,"{""generation"": 232313030, ""inference"": 4250532546, ""predictive"": 473983213, ""resampling"": 3703631990}",artifacts/publication_campaign/tcc_calibration_confirmatory_v1/runs/PUB-02/shallow_short/rep_0006,COMPLETED,1,,artifacts/publication_campaign/tcc_calibration_confirmatory_v1/runs/PUB-02/shallow_short/rep_0006/attempt_000,"[""artifacts/publication_campaign/tcc_calibration_confirmatory_v1/runs/PUB-02/shallow_short/rep_0006/attempt_000/completion_manifest.json"", ""artifacts/publication_campaign/tcc_calibration_confirmatory_v1/runs/PUB-02/shallow_short/rep_0006/attempt_000/environment_preflight.json"", ""artifacts/publication_campaign/tcc_calibration_confirmatory_v1/runs/PUB-02/shallow_short/rep_0006/attempt_000/inference_command.json"", ""artifacts/publication_campaign/tcc_calibration_confirmatory_v1/runs/PUB-02/shallow_short/rep_0006/attempt_000/inference_config.json"", ""artifacts/publication_campaign/tcc_calibration_confirmatory_v1/runs/PUB-02/shallow_short/rep_0006/attempt_000/inference_started.json"", ""artifacts/publication_campaign/tcc_calibration_confirmatory_v1/runs/PUB-02/shallow_short/rep_0006/attempt_000/input.csv"", ""artifacts/publication_campaign/tcc_calibration_confirmatory_v1/runs/PUB-02/shallow_short/rep_0006/attempt_000/job.json"", ""artifacts/publication_campaign/tcc_calibration_confirmatory_v1/runs/PUB-02/shallow_short/rep_0006/attempt_000/predictive_summary.csv"", ""artifacts/publication_campaign/tcc_calibration_confirmatory_v1/runs/PUB-02/shallow_short/rep_0006/attempt_000/result.json"", ""artifacts/publication_campaign/tcc_calibration_confirmatory_v1/runs/PUB-02/shallow_short/rep_0006/attempt_000/sampler_summary.csv"", ""artifacts/publication_campaign/tcc_calibration_confirmatory_v1/runs/PUB-02/shallow_short/rep_0006/attempt_000/trace.nc"", ""artifacts/publication_campaign/tcc_calibration_confirmatory_v1/runs/PUB-02/shallow_short/rep_0006/attempt_000/truth.json"", ""artifacts/publication_campaign/tcc_calibration_confirmatory_v1/runs/PUB-02/shallow_short/rep_0006/attempt_000/worker_metadata.json""]",12.53286519422971,True,True
PUB-02__shallow_short__rep_0007,PUB-02,shallow_short,rep_0007,tcc_calibration_confirmatory_v1__PUB-02__shallow_short__rep_0007,"{""generation"": 2237057244, ""inference"": 580494184, ""predictive"": 1852842586, ""resampling"": 1397303892}",artifacts/publication_campaign/tcc_calibration_confirmatory_v1/runs/PUB-02/shallow_short/rep_0007,COMPLETED,1,,artifacts/publication_campaign/tcc_calibration_confirmatory_v1/runs/PUB-02/shallow_short/rep_0007/attempt_000,"[""artifacts/publication_campaign/tcc_calibration_confirmatory_v1/runs/PUB-02/shallow_short/rep_0007/attempt_000/completion_manifest.json"", ""artifacts/publication_campaign/tcc_calibration_confirmatory_v1/runs/PUB-02/shallow_short/rep_0007/attempt_000/environment_preflight.json"", ""artifacts/publication_campaign/tcc_calibration_confirmatory_v1/runs/PUB-02/shallow_short/rep_0007/attempt_000/inference_command.json"", ""artifacts/publication_campaign/tcc_calibration_confirmatory_v1/runs/PUB-02/shallow_short/rep_0007/attempt_000/inference_config.json"", ""artifacts/publication_campaign/tcc_calibration_confirmatory_v1/runs/PUB-02/shallow_short/rep_0007/attempt_000/inference_started.json"", ""artifacts/publication_campaign/tcc_calibration_confirmatory_v1/runs/PUB-02/shallow_short/rep_0007/attempt_000/input.csv"", ""artifacts/publication_campaign/tcc_calibration_confirmatory_v1/runs/PUB-02/shallow_short/rep_0007/attempt_000/job.json"", ""artifacts/publication_campaign/tcc_calibration_confirmatory_v1/runs/PUB-02/shallow_short/rep_0007/attempt_000/predictive_summary.csv"", ""artifacts/publication_campaign/tcc_calibration_confirmatory_v1/runs/PUB-02/shallow_short/rep_0007/attempt_000/result.json"", ""artifacts/publication_campaign/tcc_calibration_confirmatory_v1/runs/PUB-02/shallow_short/rep_0007/attempt_000/sampler_summary.csv"", ""artifacts/publication_campaign/tcc_calibration_confirmatory_v1/runs/PUB-02/shallow_short/rep_0007/attempt_000/trace.nc"", ""artifacts/publication_campaign/tcc_calibration_confirmatory_v1/runs/PUB-02/shallow_short/rep_0007/attempt_000/truth.json"", ""artifacts/publication_campaign/tcc_calibration_confirmatory_v1/runs/PUB-02/shallow_short/rep_0007/attempt_000/worker_metadata.json""]",12.53286519422971,True,True
PUB-02__shallow_short__rep_0008,PUB-02,shallow_short,rep_0008,tcc_calibration_confirmatory_v1__PUB-02__shallow_short__rep_0008,"{""generation"": 1780827637, ""inference"": 4217181092, ""predictive"": 3704706596, ""resampling"": 1588391206}",artifacts/publication_campaign/tcc_calibration_confirmatory_v1/runs/PUB-02/shallow_short/rep_0008,COMPLETED,1,,artifacts/publication_campaign/tcc_calibration_confirmatory_v1/runs/PUB-02/shallow_short/rep_0008/attempt_000,"[""artifacts/publication_campaign/tcc_calibration_confirmatory_v1/runs/PUB-02/shallow_short/rep_0008/attempt_000/completion_manifest.json"", ""artifacts/publication_campaign/tcc_calibration_confirmatory_v1/runs/PUB-02/shallow_short/rep_0008/attempt_000/environment_preflight.json"", ""artifacts/publication_campaign/tcc_calibration_confirmatory_v1/runs/PUB-02/shallow_short/rep_0008/attempt_000/inference_command.json"", ""artifacts/publication_campaign/tcc_calibration_confirmatory_v1/runs/PUB-02/shallow_short/rep_0008/attempt_000/inference_config.json"", ""artifacts/publication_campaign/tcc_calibration_confirmatory_v1/runs/PUB-02/shallow_short/rep_0008/attempt_000/inference_started.json"", ""artifacts/publication_campaign/tcc_calibration_confirmatory_v1/runs/PUB-02/shallow_short/rep_0008/attempt_000/input.csv"", ""artifacts/publication_campaign/tcc_calibration_confirmatory_v1/runs/PUB-02/shallow_short/rep_0008/attempt_000/job.json"", ""artifacts/publication_campaign/tcc_calibration_confirmatory_v1/runs/PUB-02/shallow_short/rep_0008/attempt_000/predictive_summary.csv"", ""artifacts/publication_campaign/tcc_calibration_confirmatory_v1/runs/PUB-02/shallow_short/rep_0008/attempt_000/result.json"", ""artifacts/publication_campaign/tcc_calibration_confirmatory_v1/runs/PUB-02/shallow_short/rep_0008/attempt_000/sampler_summary.csv"", ""artifacts/publication_campaign/tcc_calibration_confirmatory_v1/runs/PUB-02/shallow_short/rep_0008/attempt_000/trace.nc"", ""artifacts/publication_campaign/tcc_calibration_confirmatory_v1/runs/PUB-02/shallow_short/rep_0008/attempt_000/truth.json"", ""artifacts/publication_campaign/tcc_calibration_confirmatory_v1/runs/PUB-02/shallow_short/rep_0008/attempt_000/worker_metadata.json""]",12.53286519422971,True,True
PUB-02__shallow_short__rep_0009,PUB-02,shallow_short,rep_0009,tcc_calibration_confirmatory_v1__PUB-02__shallow_short__rep_0009,"{""generation"": 3381690646, ""inference"": 4003127153, ""predictive"": 1039556663, ""resampling"": 763050683}",artifacts/publication_campaign/tcc_calibration_confirmatory_v1/runs/PUB-02/shallow_short/rep_0009,COMPLETED_REJECTED,1,,artifacts/publication_campaign/tcc_calibration_confirmatory_v1/runs/PUB-02/shallow_short/rep_0009/attempt_000,"[""artifacts/publication_campaign/tcc_calibration_confirmatory_v1/runs/PUB-02/shallow_short/rep_0009/attempt_000/completion_manifest.json"", ""artifacts/publication_campaign/tcc_calibration_confirmatory_v1/runs/PUB-02/shallow_short/rep_0009/attempt_000/environment_preflight.json"", ""artifacts/publication_campaign/tcc_calibration_confirmatory_v1/runs/PUB-02/shallow_short/rep_0009/attempt_000/inference_command.json"", ""artifacts/publication_campaign/tcc_calibration_confirmatory_v1/runs/PUB-02/shallow_short/rep_0009/attempt_000/inference_config.json"", ""artifacts/publication_campaign/tcc_calibration_confirmatory_v1/runs/PUB-02/shallow_short/rep_0009/attempt_000/inference_started.json"", ""artifacts/publication_campaign/tcc_calibration_confirmatory_v1/runs/PUB-02/shallow_short/rep_0009/attempt_000/input.csv"", ""artifacts/publication_campaign/tcc_calibration_confirmatory_v1/runs/PUB-02/shallow_short/rep_0009/attempt_000/job.json"", ""artifacts/publication_campaign/tcc_calibration_confirmatory_v1/runs/PUB-02/shallow_short/rep_0009/attempt_000/predictive_summary.csv"", ""artifacts/publication_campaign/tcc_calibration_confirmatory_v1/runs/PUB-02/shallow_short/rep_0009/attempt_000/result.json"", ""artifacts/publication_campaign/tcc_calibration_confirmatory_v1/runs/PUB-02/shallow_short/rep_0009/attempt_000/sampler_summary.csv"", ""artifacts/publication_campaign/tcc_calibration_confirmatory_v1/runs/PUB-02/shallow_short/rep_0009/attempt_000/trace.nc"", ""artifacts/publication_campaign/tcc_calibration_confirmatory_v1/runs/PUB-02/shallow_short/rep_0009/attempt_000/truth.json"", ""artifacts/publication_campaign/tcc_calibration_confirmatory_v1/runs/PUB-02/shallow_short/rep_0009/attempt_000/worker_metadata.json""]",12.53286519422971,False,False
PUB-02__shallow_short__rep_0010,PUB-02,shallow_short,rep_0010,tcc_calibration_confirmatory_v1__PUB-02__shallow_short__rep_0010,"{""generation"": 974726884, ""inference"": 4030243153, ""predictive"": 2511194558, ""resampling"": 2669607978}",artifacts/publication_campaign/tcc_calibration_confirmatory_v1/runs/PUB-02/shallow_short/rep_0010,COMPLETED,1,,artifacts/publication_campaign/tcc_calibration_confirmatory_v1/runs/PUB-02/shallow_short/rep_0010/attempt_000,"[""artifacts/publication_campaign/tcc_calibration_confirmatory_v1/runs/PUB-02/shallow_short/rep_0010/attempt_000/completion_manifest.json"", ""artifacts/publication_campaign/tcc_calibration_confirmatory_v1/runs/PUB-02/shallow_short/rep_0010/attempt_000/environment_preflight.json"", ""artifacts/publication_campaign/tcc_calibration_confirmatory_v1/runs/PUB-02/shallow_short/rep_0010/attempt_000/inference_command.json"", ""artifacts/publication_campaign/tcc_calibration_confirmatory_v1/runs/PUB-02/shallow_short/rep_0010/attempt_000/inference_config.json"", ""artifacts/publication_campaign/tcc_calibration_confirmatory_v1/runs/PUB-02/shallow_short/rep_0010/attempt_000/inference_started.json"", ""artifacts/publication_campaign/tcc_calibration_confirmatory_v1/runs/PUB-02/shallow_short/rep_0010/attempt_000/input.csv"", ""artifacts/publication_campaign/tcc_calibration_confirmatory_v1/runs/PUB-02/shallow_short/rep_0010/attempt_000/job.json"", ""artifacts/publication_campaign/tcc_calibration_confirmatory_v1/runs/PUB-02/shallow_short/rep_0010/attempt_000/predictive_summary.csv"", ""artifacts/publication_campaign/tcc_calibration_confirmatory_v1/runs/PUB-02/shallow_short/rep_0010/attempt_000/result.json"", ""artifacts/publication_campaign/tcc_calibration_confirmatory_v1/runs/PUB-02/shallow_short/rep_0010/attempt_000/sampler_summary.csv"", ""artifacts/publication_campaign/tcc_calibration_confirmatory_v1/runs/PUB-02/shallow_short/rep_0010/attempt_000/trace.nc"", ""artifacts/publication_campaign/tcc_calibration_confirmatory_v1/runs/PUB-02/shallow_short/rep_0010/attempt_000/truth.json"", ""artifacts/publication_campaign/tcc_calibration_confirmatory_v1/runs/PUB-02/shallow_short/rep_0010/attempt_000/worker_metadata.json""]",12.53286519422971,True,True
PUB-02__shallow_short__rep_0011,PUB-02,shallow_short,rep_0011,tcc_calibration_confirmatory_v1__PUB-02__shallow_short__rep_0011,"{""generation"": 1951151672, ""inference"": 3455810586, ""predictive"": 2809054474, ""resampling"": 437195719}",artifacts/publication_campaign/tcc_calibration_confirmatory_v1/runs/PUB-02/shallow_short/rep_0011,COMPLETED,1,,artifacts/publication_campaign/tcc_calibration_confirmatory_v1/runs/PUB-02/shallow_short/rep_0011/attempt_000,"[""artifacts/publication_campaign/tcc_calibration_confirmatory_v1/runs/PUB-02/shallow_short/rep_0011/attempt_000/completion_manifest.json"", ""artifacts/publication_campaign/tcc_calibration_confirmatory_v1/runs/PUB-02/shallow_short/rep_0011/attempt_000/environment_preflight.json"", ""artifacts/publication_campaign/tcc_calibration_confirmatory_v1/runs/PUB-02/shallow_short/rep_0011/attempt_000/inference_command.json"", ""artifacts/publication_campaign/tcc_calibration_confirmatory_v1/runs/PUB-02/shallow_short/rep_0011/attempt_000/inference_config.json"", ""artifacts/publication_campaign/tcc_calibration_confirmatory_v1/runs/PUB-02/shallow_short/rep_0011/attempt_000/inference_started.json"", ""artifacts/publication_campaign/tcc_calibration_confirmatory_v1/runs/PUB-02/shallow_short/rep_0011/attempt_000/input.csv"", ""artifacts/publication_campaign/tcc_calibration_confirmatory_v1/runs/PUB-02/shallow_short/rep_0011/attempt_000/job.json"", ""artifacts/publication_campaign/tcc_calibration_confirmatory_v1/runs/PUB-02/shallow_short/rep_0011/attempt_000/predictive_summary.csv"", ""artifacts/publication_campaign/tcc_calibration_confirmatory_v1/runs/PUB-02/shallow_short/rep_0011/attempt_000/result.json"", ""artifacts/publication_campaign/tcc_calibration_confirmatory_v1/runs/PUB-02/shallow_short/rep_0011/attempt_000/sampler_summary.csv"", ""artifacts/publication_campaign/tcc_calibration_confirmatory_v1/runs/PUB-02/shallow_short/rep_0011/attempt_000/trace.nc"", ""artifacts/publication_campaign/tcc_calibration_confirmatory_v1/runs/PUB-02/shallow_short/rep_0011/attempt_000/truth.json"", ""artifacts/publication_campaign/tcc_calibration_confirmatory_v1/runs/PUB-02/shallow_short/rep_0011/attempt_000/worker_metadata.json""]",12.53286519422971,True,True
PUB-02__shallow_short__rep_0012,PUB-02,shallow_short,rep_0012,tcc_calibration_confirmatory_v1__PUB-02__shallow_short__rep_0012,"{""generation"": 4071061617, ""inference"": 1540219727, ""predictive"": 2159032539, ""resampling"": 2475302856}",artifacts/publication_campaign/tcc_calibration_confirmatory_v1/runs/PUB-02/shallow_short/rep_0012,COMPLETED,1,,artifacts/publication_campaign/tcc_calibration_confirmatory_v1/runs/PUB-02/shallow_short/rep_0012/attempt_000,"[""artifacts/publication_campaign/tcc_calibration_confirmatory_v1/runs/PUB-02/shallow_short/rep_0012/attempt_000/completion_manifest.json"", ""artifacts/publication_campaign/tcc_calibration_confirmatory_v1/runs/PUB-02/shallow_short/rep_0012/attempt_000/environment_preflight.json"", ""artifacts/publication_campaign/tcc_calibration_confirmatory_v1/runs/PUB-02/shallow_short/rep_0012/attempt_000/inference_command.json"", ""artifacts/publication_campaign/tcc_calibration_confirmatory_v1/runs/PUB-02/shallow_short/rep_0012/attempt_000/inference_config.json"", ""artifacts/publication_campaign/tcc_calibration_confirmatory_v1/runs/PUB-02/shallow_short/rep_0012/attempt_000/inference_started.json"", ""artifacts/publication_campaign/tcc_calibration_confirmatory_v1/runs/PUB-02/shallow_short/rep_0012/attempt_000/input.csv"", ""artifacts/publication_campaign/tcc_calibration_confirmatory_v1/runs/PUB-02/shallow_short/rep_0012/attempt_000/job.json"", ""artifacts/publication_campaign/tcc_calibration_confirmatory_v1/runs/PUB-02/shallow_short/rep_0012/attempt_000/predictive_summary.csv"", ""artifacts/publication_campaign/tcc_calibration_confirmatory_v1/runs/PUB-02/shallow_short/rep_0012/attempt_000/result.json"", ""artifacts/publication_campaign/tcc_calibration_confirmatory_v1/runs/PUB-02/shallow_short/rep_0012/attempt_000/sampler_summary.csv"", ""artifacts/publication_campaign/tcc_calibration_confirmatory_v1/runs/PUB-02/shallow_short/rep_0012/attempt_000/trace.nc"", ""artifacts/publication_campaign/tcc_calibration_confirmatory_v1/runs/PUB-02/shallow_short/rep_0012/attempt_000/truth.json"", ""artifacts/publication_campaign/tcc_calibration_confirmatory_v1/runs/PUB-02/shallow_short/rep_0012/attempt_000/worker_metadata.json""]",12.53286519422971,True,True
PUB-02__shallow_short__rep_0013,PUB-02,shallow_short,rep_0013,tcc_calibration_confirmatory_v1__PUB-02__shallow_short__rep_0013,"{""generation"": 3160300662, ""inference"": 3947388085, ""predictive"": 933835429, ""resampling"": 1022015612}",artifacts/publication_campaign/tcc_calibration_confirmatory_v1/runs/PUB-02/shallow_short/rep_0013,COMPLETED,1,,artifacts/publication_campaign/tcc_calibration_confirmatory_v1/runs/PUB-02/shallow_short/rep_0013/attempt_000,"[""artifacts/publication_campaign/tcc_calibration_confirmatory_v1/runs/PUB-02/shallow_short/rep_0013/attempt_000/completion_manifest.json"", ""artifacts/publication_campaign/tcc_calibration_confirmatory_v1/runs/PUB-02/shallow_short/rep_0013/attempt_000/environment_preflight.json"", ""artifacts/publication_campaign/tcc_calibration_confirmatory_v1/runs/PUB-02/shallow_short/rep_0013/attempt_000/inference_command.json"", ""artifacts/publication_campaign/tcc_calibration_confirmatory_v1/runs/PUB-02/shallow_short/rep_0013/attempt_000/inference_config.json"", ""artifacts/publication_campaign/tcc_calibration_confirmatory_v1/runs/PUB-02/shallow_short/rep_0013/attempt_000/inference_started.json"", ""artifacts/publication_campaign/tcc_calibration_confirmatory_v1/runs/PUB-02/shallow_short/rep_0013/attempt_000/input.csv"", ""artifacts/publication_campaign/tcc_calibration_confirmatory_v1/runs/PUB-02/shallow_short/rep_0013/attempt_000/job.json"", ""artifacts/publication_campaign/tcc_calibration_confirmatory_v1/runs/PUB-02/shallow_short/rep_0013/attempt_000/predictive_summary.csv"", ""artifacts/publication_campaign/tcc_calibration_confirmatory_v1/runs/PUB-02/shallow_short/rep_0013/attempt_000/result.json"", ""artifacts/publication_campaign/tcc_calibration_confirmatory_v1/runs/PUB-02/shallow_short/rep_0013/attempt_000/sampler_summary.csv"", ""artifacts/publication_campaign/tcc_calibration_confirmatory_v1/runs/PUB-02/shallow_short/rep_0013/attempt_000/trace.nc"", ""artifacts/publication_campaign/tcc_calibration_confirmatory_v1/runs/PUB-02/shallow_short/rep_0013/attempt_000/truth.json"", ""artifacts/publication_campaign/tcc_calibration_confirmatory_v1/runs/PUB-02/shallow_short/rep_0013/attempt_000/worker_metadata.json""]",12.53286519422971,True,True
PUB-02__shallow_short__rep_0014,PUB-02,shallow_short,rep_0014,tcc_calibration_confirmatory_v1__PUB-02__shallow_short__rep_0014,"{""generation"": 2434882591, ""inference"": 120161129, ""predictive"": 3474493503, ""resampling"": 2095176997}",artifacts/publication_campaign/tcc_calibration_confirmatory_v1/runs/PUB-02/shallow_short/rep_0014,COMPLETED,1,,artifacts/publication_campaign/tcc_calibration_confirmatory_v1/runs/PUB-02/shallow_short/rep_0014/attempt_000,"[""artifacts/publication_campaign/tcc_calibration_confirmatory_v1/runs/PUB-02/shallow_short/rep_0014/attempt_000/completion_manifest.json"", ""artifacts/publication_campaign/tcc_calibration_confirmatory_v1/runs/PUB-02/shallow_short/rep_0014/attempt_000/environment_preflight.json"", ""artifacts/publication_campaign/tcc_calibration_confirmatory_v1/runs/PUB-02/shallow_short/rep_0014/attempt_000/inference_command.json"", ""artifacts/publication_campaign/tcc_calibration_confirmatory_v1/runs/PUB-02/shallow_short/rep_0014/attempt_000/inference_config.json"", ""artifacts/publication_campaign/tcc_calibration_confirmatory_v1/runs/PUB-02/shallow_short/rep_0014/attempt_000/inference_started.json"", ""artifacts/publication_campaign/tcc_calibration_confirmatory_v1/runs/PUB-02/shallow_short/rep_0014/attempt_000/input.csv"", ""artifacts/publication_campaign/tcc_calibration_confirmatory_v1/runs/PUB-02/shallow_short/rep_0014/attempt_000/job.json"", ""artifacts/publication_campaign/tcc_calibration_confirmatory_v1/runs/PUB-02/shallow_short/rep_0014/attempt_000/predictive_summary.csv"", ""artifacts/publication_campaign/tcc_calibration_confirmatory_v1/runs/PUB-02/shallow_short/rep_0014/attempt_000/result.json"", ""artifacts/publication_campaign/tcc_calibration_confirmatory_v1/runs/PUB-02/shallow_short/rep_0014/attempt_000/sampler_summary.csv"", ""artifacts/publication_campaign/tcc_calibration_confirmatory_v1/runs/PUB-02/shallow_short/rep_0014/attempt_000/trace.nc"", ""artifacts/publication_campaign/tcc_calibration_confirmatory_v1/runs/PUB-02/shallow_short/rep_0014/attempt_000/truth.json"", ""artifacts/publication_campaign/tcc_calibration_confirmatory_v1/runs/PUB-02/shallow_short/rep_0014/attempt_000/worker_metadata.json""]",12.53286519422971,True,True
PUB-02__shallow_short__rep_0015,PUB-02,shallow_short,rep_0015,tcc_calibration_confirmatory_v1__PUB-02__shallow_short__rep_0015,"{""generation"": 2079920040, ""inference"": 3700341209, ""predictive"": 1755505646, ""resampling"": 4278313230}",artifacts/publication_campaign/tcc_calibration_confirmatory_v1/runs/PUB-02/shallow_short/rep_0015,COMPLETED,1,,artifacts/publication_campaign/tcc_calibration_confirmatory_v1/runs/PUB-02/shallow_short/rep_0015/attempt_000,"[""artifacts/publication_campaign/tcc_calibration_confirmatory_v1/runs/PUB-02/shallow_short/rep_0015/attempt_000/completion_manifest.json"", ""artifacts/publication_campaign/tcc_calibration_confirmatory_v1/runs/PUB-02/shallow_short/rep_0015/attempt_000/environment_preflight.json"", ""artifacts/publication_campaign/tcc_calibration_confirmatory_v1/runs/PUB-02/shallow_short/rep_0015/attempt_000/inference_command.json"", ""artifacts/publication_campaign/tcc_calibration_confirmatory_v1/runs/PUB-02/shallow_short/rep_0015/attempt_000/inference_config.json"", ""artifacts/publication_campaign/tcc_calibration_confirmatory_v1/runs/PUB-02/shallow_short/rep_0015/attempt_000/inference_started.json"", ""artifacts/publication_campaign/tcc_calibration_confirmatory_v1/runs/PUB-02/shallow_short/rep_0015/attempt_000/input.csv"", ""artifacts/publication_campaign/tcc_calibration_confirmatory_v1/runs/PUB-02/shallow_short/rep_0015/attempt_000/job.json"", ""artifacts/publication_campaign/tcc_calibration_confirmatory_v1/runs/PUB-02/shallow_short/rep_0015/attempt_000/predictive_summary.csv"", ""artifacts/publication_campaign/tcc_calibration_confirmatory_v1/runs/PUB-02/shallow_short/rep_0015/attempt_000/result.json"", ""artifacts/publication_campaign/tcc_calibration_confirmatory_v1/runs/PUB-02/shallow_short/rep_0015/attempt_000/sampler_summary.csv"", ""artifacts/publication_campaign/tcc_calibration_confirmatory_v1/runs/PUB-02/shallow_short/rep_0015/attempt_000/trace.nc"", ""artifacts/publication_campaign/tcc_calibration_confirmatory_v1/runs/PUB-02/shallow_short/rep_0015/attempt_000/truth.json"", ""artifacts/publication_campaign/tcc_calibration_confirmatory_v1/runs/PUB-02/shallow_short/rep_0015/attempt_000/worker_metadata.json""]",12.53286519422971,True,True
PUB-02__shallow_short__rep_0016,PUB-02,shallow_short,rep_0016,tcc_calibration_confirmatory_v1__PUB-02__shallow_short__rep_0016,"{""generation"": 3198125887, ""inference"": 2958933832, ""predictive"": 2697049722, ""resampling"": 995338639}",artifacts/publication_campaign/tcc_calibration_confirmatory_v1/runs/PUB-02/shallow_short/rep_0016,COMPLETED,1,,artifacts/publication_campaign/tcc_calibration_confirmatory_v1/runs/PUB-02/shallow_short/rep_0016/attempt_000,"[""artifacts/publication_campaign/tcc_calibration_confirmatory_v1/runs/PUB-02/shallow_short/rep_0016/attempt_000/completion_manifest.json"", ""artifacts/publication_campaign/tcc_calibration_confirmatory_v1/runs/PUB-02/shallow_short/rep_0016/attempt_000/environment_preflight.json"", ""artifacts/publication_campaign/tcc_calibration_confirmatory_v1/runs/PUB-02/shallow_short/rep_0016/attempt_000/inference_command.json"", ""artifacts/publication_campaign/tcc_calibration_confirmatory_v1/runs/PUB-02/shallow_short/rep_0016/attempt_000/inference_config.json"", ""artifacts/publication_campaign/tcc_calibration_confirmatory_v1/runs/PUB-02/shallow_short/rep_0016/attempt_000/inference_started.json"", ""artifacts/publication_campaign/tcc_calibration_confirmatory_v1/runs/PUB-02/shallow_short/rep_0016/attempt_000/input.csv"", ""artifacts/publication_campaign/tcc_calibration_confirmatory_v1/runs/PUB-02/shallow_short/rep_0016/attempt_000/job.json"", ""artifacts/publication_campaign/tcc_calibration_confirmatory_v1/runs/PUB-02/shallow_short/rep_0016/attempt_000/predictive_summary.csv"", ""artifacts/publication_campaign/tcc_calibration_confirmatory_v1/runs/PUB-02/shallow_short/rep_0016/attempt_000/result.json"", ""artifacts/publication_campaign/tcc_calibration_confirmatory_v1/runs/PUB-02/shallow_short/rep_0016/attempt_000/sampler_summary.csv"", ""artifacts/publication_campaign/tcc_calibration_confirmatory_v1/runs/PUB-02/shallow_short/rep_0016/attempt_000/trace.nc"", ""artifacts/publication_campaign/tcc_calibration_confirmatory_v1/runs/PUB-02/shallow_short/rep_0016/attempt_000/truth.json"", ""artifacts/publication_campaign/tcc_calibration_confirmatory_v1/runs/PUB-02/shallow_short/rep_0016/attempt_000/worker_metadata.json""]",12.53286519422971,True,True
PUB-02__shallow_short__rep_0017,PUB-02,shallow_short,rep_0017,tcc_calibration_confirmatory_v1__PUB-02__shallow_short__rep_0017,"{""generation"": 2380447391, ""inference"": 1256755790, ""predictive"": 3433900932, ""resampling"": 3719790268}",artifacts/publication_campaign/tcc_calibration_confirmatory_v1/runs/PUB-02/shallow_short/rep_0017,COMPLETED,1,,artifacts/publication_campaign/tcc_calibration_confirmatory_v1/runs/PUB-02/shallow_short/rep_0017/attempt_000,"[""artifacts/publication_campaign/tcc_calibration_confirmatory_v1/runs/PUB-02/shallow_short/rep_0017/attempt_000/completion_manifest.json"", ""artifacts/publication_campaign/tcc_calibration_confirmatory_v1/runs/PUB-02/shallow_short/rep_0017/attempt_000/environment_preflight.json"", ""artifacts/publication_campaign/tcc_calibration_confirmatory_v1/runs/PUB-02/shallow_short/rep_0017/attempt_000/inference_command.json"", ""artifacts/publication_campaign/tcc_calibration_confirmatory_v1/runs/PUB-02/shallow_short/rep_0017/attempt_000/inference_config.json"", ""artifacts/publication_campaign/tcc_calibration_confirmatory_v1/runs/PUB-02/shallow_short/rep_0017/attempt_000/inference_started.json"", ""artifacts/publication_campaign/tcc_calibration_confirmatory_v1/runs/PUB-02/shallow_short/rep_0017/attempt_000/input.csv"", ""artifacts/publication_campaign/tcc_calibration_confirmatory_v1/runs/PUB-02/shallow_short/rep_0017/attempt_000/job.json"", ""artifacts/publication_campaign/tcc_calibration_confirmatory_v1/runs/PUB-02/shallow_short/rep_0017/attempt_000/predictive_summary.csv"", ""artifacts/publication_campaign/tcc_calibration_confirmatory_v1/runs/PUB-02/shallow_short/rep_0017/attempt_000/result.json"", ""artifacts/publication_campaign/tcc_calibration_confirmatory_v1/runs/PUB-02/shallow_short/rep_0017/attempt_000/sampler_summary.csv"", ""artifacts/publication_campaign/tcc_calibration_confirmatory_v1/runs/PUB-02/shallow_short/rep_0017/attempt_000/trace.nc"", ""artifacts/publication_campaign/tcc_calibration_confirmatory_v1/runs/PUB-02/shallow_short/rep_0017/attempt_000/truth.json"", ""artifacts/publication_campaign/tcc_calibration_confirmatory_v1/runs/PUB-02/shallow_short/rep_0017/attempt_000/worker_metadata.json""]",12.53286519422971,True,True
PUB-02__shallow_short__rep_0018,PUB-02,shallow_short,rep_0018,tcc_calibration_confirmatory_v1__PUB-02__shallow_short__rep_0018,"{""generation"": 874514435, ""inference"": 3585084791, ""predictive"": 3246501771, ""resampling"": 3187195581}",artifacts/publication_campaign/tcc_calibration_confirmatory_v1/runs/PUB-02/shallow_short/rep_0018,COMPLETED,1,,artifacts/publication_campaign/tcc_calibration_confirmatory_v1/runs/PUB-02/shallow_short/rep_0018/attempt_000,"[""artifacts/publication_campaign/tcc_calibration_confirmatory_v1/runs/PUB-02/shallow_short/rep_0018/attempt_000/completion_manifest.json"", ""artifacts/publication_campaign/tcc_calibration_confirmatory_v1/runs/PUB-02/shallow_short/rep_0018/attempt_000/environment_preflight.json"", ""artifacts/publication_campaign/tcc_calibration_confirmatory_v1/runs/PUB-02/shallow_short/rep_0018/attempt_000/inference_command.json"", ""artifacts/publication_campaign/tcc_calibration_confirmatory_v1/runs/PUB-02/shallow_short/rep_0018/attempt_000/inference_config.json"", ""artifacts/publication_campaign/tcc_calibration_confirmatory_v1/runs/PUB-02/shallow_short/rep_0018/attempt_000/inference_started.json"", ""artifacts/publication_campaign/tcc_calibration_confirmatory_v1/runs/PUB-02/shallow_short/rep_0018/attempt_000/input.csv"", ""artifacts/publication_campaign/tcc_calibration_confirmatory_v1/runs/PUB-02/shallow_short/rep_0018/attempt_000/job.json"", ""artifacts/publication_campaign/tcc_calibration_confirmatory_v1/runs/PUB-02/shallow_short/rep_0018/attempt_000/predictive_summary.csv"", ""artifacts/publication_campaign/tcc_calibration_confirmatory_v1/runs/PUB-02/shallow_short/rep_0018/attempt_000/result.json"", ""artifacts/publication_campaign/tcc_calibration_confirmatory_v1/runs/PUB-02/shallow_short/rep_0018/attempt_000/sampler_summary.csv"", ""artifacts/publication_campaign/tcc_calibration_confirmatory_v1/runs/PUB-02/shallow_short/rep_0018/attempt_000/trace.nc"", ""artifacts/publication_campaign/tcc_calibration_confirmatory_v1/runs/PUB-02/shallow_short/rep_0018/attempt_000/truth.json"", ""artifacts/publication_campaign/tcc_calibration_confirmatory_v1/runs/PUB-02/shallow_short/rep_0018/attempt_000/worker_metadata.json""]",12.53286519422971,True,True
PUB-02__shallow_short__rep_0019,PUB-02,shallow_short,rep_0019,tcc_calibration_confirmatory_v1__PUB-02__shallow_short__rep_0019,"{""generation"": 149534819, ""inference"": 844235516, ""predictive"": 4042284876, ""resampling"": 3377504638}",artifacts/publication_campaign/tcc_calibration_confirmatory_v1/runs/PUB-02/shallow_short/rep_0019,COMPLETED,1,,artifacts/publication_campaign/tcc_calibration_confirmatory_v1/runs/PUB-02/shallow_short/rep_0019/attempt_000,"[""artifacts/publication_campaign/tcc_calibration_confirmatory_v1/runs/PUB-02/shallow_short/rep_0019/attempt_000/completion_manifest.json"", ""artifacts/publication_campaign/tcc_calibration_confirmatory_v1/runs/PUB-02/shallow_short/rep_0019/attempt_000/environment_preflight.json"", ""artifacts/publication_campaign/tcc_calibration_confirmatory_v1/runs/PUB-02/shallow_short/rep_0019/attempt_000/inference_command.json"", ""artifacts/publication_campaign/tcc_calibration_confirmatory_v1/runs/PUB-02/shallow_short/rep_0019/attempt_000/inference_config.json"", ""artifacts/publication_campaign/tcc_calibration_confirmatory_v1/runs/PUB-02/shallow_short/rep_0019/attempt_000/inference_started.json"", ""artifacts/publication_campaign/tcc_calibration_confirmatory_v1/runs/PUB-02/shallow_short/rep_0019/attempt_000/input.csv"", ""artifacts/publication_campaign/tcc_calibration_confirmatory_v1/runs/PUB-02/shallow_short/rep_0019/attempt_000/job.json"", ""artifacts/publication_campaign/tcc_calibration_confirmatory_v1/runs/PUB-02/shallow_short/rep_0019/attempt_000/predictive_summary.csv"", ""artifacts/publication_campaign/tcc_calibration_confirmatory_v1/runs/PUB-02/shallow_short/rep_0019/attempt_000/result.json"", ""artifacts/publication_campaign/tcc_calibration_confirmatory_v1/runs/PUB-02/shallow_short/rep_0019/attempt_000/sampler_summary.csv"", ""artifacts/publication_campaign/tcc_calibration_confirmatory_v1/runs/PUB-02/shallow_short/rep_0019/attempt_000/trace.nc"", ""artifacts/publication_campaign/tcc_calibration_confirmatory_v1/runs/PUB-02/shallow_short/rep_0019/attempt_000/truth.json"", ""artifacts/publication_campaign/tcc_calibration_confirmatory_v1/runs/PUB-02/shallow_short/rep_0019/attempt_000/worker_metadata.json""]",12.53286519422971,True,True
PUB-02__shallow_short__rep_0020,PUB-02,shallow_short,rep_0020,tcc_calibration_confirmatory_v1__PUB-02__shallow_short__rep_0020,"{""generation"": 1296559400, ""inference"": 3155085463, ""predictive"": 3290266892, ""resampling"": 3236231391}",artifacts/publication_campaign/tcc_calibration_confirmatory_v1/runs/PUB-02/shallow_short/rep_0020,COMPLETED,1,,artifacts/publication_campaign/tcc_calibration_confirmatory_v1/runs/PUB-02/shallow_short/rep_0020/attempt_000,"[""artifacts/publication_campaign/tcc_calibration_confirmatory_v1/runs/PUB-02/shallow_short/rep_0020/attempt_000/completion_manifest.json"", ""artifacts/publication_campaign/tcc_calibration_confirmatory_v1/runs/PUB-02/shallow_short/rep_0020/attempt_000/environment_preflight.json"", ""artifacts/publication_campaign/tcc_calibration_confirmatory_v1/runs/PUB-02/shallow_short/rep_0020/attempt_000/inference_command.json"", ""artifacts/publication_campaign/tcc_calibration_confirmatory_v1/runs/PUB-02/shallow_short/rep_0020/attempt_000/inference_config.json"", ""artifacts/publication_campaign/tcc_calibration_confirmatory_v1/runs/PUB-02/shallow_short/rep_0020/attempt_000/inference_started.json"", ""artifacts/publication_campaign/tcc_calibration_confirmatory_v1/runs/PUB-02/shallow_short/rep_0020/attempt_000/input.csv"", ""artifacts/publication_campaign/tcc_calibration_confirmatory_v1/runs/PUB-02/shallow_short/rep_0020/attempt_000/job.json"", ""artifacts/publication_campaign/tcc_calibration_confirmatory_v1/runs/PUB-02/shallow_short/rep_0020/attempt_000/predictive_summary.csv"", ""artifacts/publication_campaign/tcc_calibration_confirmatory_v1/runs/PUB-02/shallow_short/rep_0020/attempt_000/result.json"", ""artifacts/publication_campaign/tcc_calibration_confirmatory_v1/runs/PUB-02/shallow_short/rep_0020/attempt_000/sampler_summary.csv"", ""artifacts/publication_campaign/tcc_calibration_confirmatory_v1/runs/PUB-02/shallow_short/rep_0020/attempt_000/trace.nc"", ""artifacts/publication_campaign/tcc_calibration_confirmatory_v1/runs/PUB-02/shallow_short/rep_0020/attempt_000/truth.json"", ""artifacts/publication_campaign/tcc_calibration_confirmatory_v1/runs/PUB-02/shallow_short/rep_0020/attempt_000/worker_metadata.json""]",12.53286519422971,True,True
PUB-02__shallow_short__rep_0021,PUB-02,shallow_short,rep_0021,tcc_calibration_confirmatory_v1__PUB-02__shallow_short__rep_0021,"{""generation"": 3047886385, ""inference"": 808996991, ""predictive"": 2985682762, ""resampling"": 282412726}",artifacts/publication_campaign/tcc_calibration_confirmatory_v1/runs/PUB-02/shallow_short/rep_0021,COMPLETED,1,,artifacts/publication_campaign/tcc_calibration_confirmatory_v1/runs/PUB-02/shallow_short/rep_0021/attempt_000,"[""artifacts/publication_campaign/tcc_calibration_confirmatory_v1/runs/PUB-02/shallow_short/rep_0021/attempt_000/completion_manifest.json"", ""artifacts/publication_campaign/tcc_calibration_confirmatory_v1/runs/PUB-02/shallow_short/rep_0021/attempt_000/environment_preflight.json"", ""artifacts/publication_campaign/tcc_calibration_confirmatory_v1/runs/PUB-02/shallow_short/rep_0021/attempt_000/inference_command.json"", ""artifacts/publication_campaign/tcc_calibration_confirmatory_v1/runs/PUB-02/shallow_short/rep_0021/attempt_000/inference_config.json"", ""artifacts/publication_campaign/tcc_calibration_confirmatory_v1/runs/PUB-02/shallow_short/rep_0021/attempt_000/inference_started.json"", ""artifacts/publication_campaign/tcc_calibration_confirmatory_v1/runs/PUB-02/shallow_short/rep_0021/attempt_000/input.csv"", ""artifacts/publication_campaign/tcc_calibration_confirmatory_v1/runs/PUB-02/shallow_short/rep_0021/attempt_000/job.json"", ""artifacts/publication_campaign/tcc_calibration_confirmatory_v1/runs/PUB-02/shallow_short/rep_0021/attempt_000/predictive_summary.csv"", ""artifacts/publication_campaign/tcc_calibration_confirmatory_v1/runs/PUB-02/shallow_short/rep_0021/attempt_000/result.json"", ""artifacts/publication_campaign/tcc_calibration_confirmatory_v1/runs/PUB-02/shallow_short/rep_0021/attempt_000/sampler_summary.csv"", ""artifacts/publication_campaign/tcc_calibration_confirmatory_v1/runs/PUB-02/shallow_short/rep_0021/attempt_000/trace.nc"", ""artifacts/publication_campaign/tcc_calibration_confirmatory_v1/runs/PUB-02/shallow_short/rep_0021/attempt_000/truth.json"", ""artifacts/publication_campaign/tcc_calibration_confirmatory_v1/runs/PUB-02/shallow_short/rep_0021/attempt_000/worker_metadata.json""]",12.53286519422971,True,True
PUB-02__shallow_short__rep_0022,PUB-02,shallow_short,rep_0022,tcc_calibration_confirmatory_v1__PUB-02__shallow_short__rep_0022,"{""generation"": 2371588957, ""inference"": 1919505474, ""predictive"": 908051389, ""resampling"": 366356296}",artifacts/publication_campaign/tcc_calibration_confirmatory_v1/runs/PUB-02/shallow_short/rep_0022,COMPLETED,1,,artifacts/publication_campaign/tcc_calibration_confirmatory_v1/runs/PUB-02/shallow_short/rep_0022/attempt_000,"[""artifacts/publication_campaign/tcc_calibration_confirmatory_v1/runs/PUB-02/shallow_short/rep_0022/attempt_000/completion_manifest.json"", ""artifacts/publication_campaign/tcc_calibration_confirmatory_v1/runs/PUB-02/shallow_short/rep_0022/attempt_000/environment_preflight.json"", ""artifacts/publication_campaign/tcc_calibration_confirmatory_v1/runs/PUB-02/shallow_short/rep_0022/attempt_000/inference_command.json"", ""artifacts/publication_campaign/tcc_calibration_confirmatory_v1/runs/PUB-02/shallow_short/rep_0022/attempt_000/inference_config.json"", ""artifacts/publication_campaign/tcc_calibration_confirmatory_v1/runs/PUB-02/shallow_short/rep_0022/attempt_000/inference_started.json"", ""artifacts/publication_campaign/tcc_calibration_confirmatory_v1/runs/PUB-02/shallow_short/rep_0022/attempt_000/input.csv"", ""artifacts/publication_campaign/tcc_calibration_confirmatory_v1/runs/PUB-02/shallow_short/rep_0022/attempt_000/job.json"", ""artifacts/publication_campaign/tcc_calibration_confirmatory_v1/runs/PUB-02/shallow_short/rep_0022/attempt_000/predictive_summary.csv"", ""artifacts/publication_campaign/tcc_calibration_confirmatory_v1/runs/PUB-02/shallow_short/rep_0022/attempt_000/result.json"", ""artifacts/publication_campaign/tcc_calibration_confirmatory_v1/runs/PUB-02/shallow_short/rep_0022/attempt_000/sampler_summary.csv"", ""artifacts/publication_campaign/tcc_calibration_confirmatory_v1/runs/PUB-02/shallow_short/rep_0022/attempt_000/trace.nc"", ""artifacts/publication_campaign/tcc_calibration_confirmatory_v1/runs/PUB-02/shallow_short/rep_0022/attempt_000/truth.json"", ""artifacts/publication_campaign/tcc_calibration_confirmatory_v1/runs/PUB-02/shallow_short/rep_0022/attempt_000/worker_metadata.json""]",12.53286519422971,True,True
PUB-02__shallow_short__rep_0023,PUB-02,shallow_short,rep_0023,tcc_calibration_confirmatory_v1__PUB-02__shallow_short__rep_0023,"{""generation"": 2115448239, ""inference"": 1277667936, ""predictive"": 2650515598, ""resampling"": 685093880}",artifacts/publication_campaign/tcc_calibration_confirmatory_v1/runs/PUB-02/shallow_short/rep_0023,COMPLETED,1,,artifacts/publication_campaign/tcc_calibration_confirmatory_v1/runs/PUB-02/shallow_short/rep_0023/attempt_000,"[""artifacts/publication_campaign/tcc_calibration_confirmatory_v1/runs/PUB-02/shallow_short/rep_0023/attempt_000/completion_manifest.json"", ""artifacts/publication_campaign/tcc_calibration_confirmatory_v1/runs/PUB-02/shallow_short/rep_0023/attempt_000/environment_preflight.json"", ""artifacts/publication_campaign/tcc_calibration_confirmatory_v1/runs/PUB-02/shallow_short/rep_0023/attempt_000/inference_command.json"", ""artifacts/publication_campaign/tcc_calibration_confirmatory_v1/runs/PUB-02/shallow_short/rep_0023/attempt_000/inference_config.json"", ""artifacts/publication_campaign/tcc_calibration_confirmatory_v1/runs/PUB-02/shallow_short/rep_0023/attempt_000/inference_started.json"", ""artifacts/publication_campaign/tcc_calibration_confirmatory_v1/runs/PUB-02/shallow_short/rep_0023/attempt_000/input.csv"", ""artifacts/publication_campaign/tcc_calibration_confirmatory_v1/runs/PUB-02/shallow_short/rep_0023/attempt_000/job.json"", ""artifacts/publication_campaign/tcc_calibration_confirmatory_v1/runs/PUB-02/shallow_short/rep_0023/attempt_000/predictive_summary.csv"", ""artifacts/publication_campaign/tcc_calibration_confirmatory_v1/runs/PUB-02/shallow_short/rep_0023/attempt_000/result.json"", ""artifacts/publication_campaign/tcc_calibration_confirmatory_v1/runs/PUB-02/shallow_short/rep_0023/attempt_000/sampler_summary.csv"", ""artifacts/publication_campaign/tcc_calibration_confirmatory_v1/runs/PUB-02/shallow_short/rep_0023/attempt_000/trace.nc"", ""artifacts/publication_campaign/tcc_calibration_confirmatory_v1/runs/PUB-02/shallow_short/rep_0023/attempt_000/truth.json"", ""artifacts/publication_campaign/tcc_calibration_confirmatory_v1/runs/PUB-02/shallow_short/rep_0023/attempt_000/worker_metadata.json""]",12.53286519422971,True,True
PUB-02__shallow_short__rep_0024,PUB-02,shallow_short,rep_0024,tcc_calibration_confirmatory_v1__PUB-02__shallow_short__rep_0024,"{""generation"": 3794282372, ""inference"": 3950904389, ""predictive"": 3974501064, ""resampling"": 2384981327}",artifacts/publication_campaign/tcc_calibration_confirmatory_v1/runs/PUB-02/shallow_short/rep_0024,COMPLETED,1,,artifacts/publication_campaign/tcc_calibration_confirmatory_v1/runs/PUB-02/shallow_short/rep_0024/attempt_000,"[""artifacts/publication_campaign/tcc_calibration_confirmatory_v1/runs/PUB-02/shallow_short/rep_0024/attempt_000/completion_manifest.json"", ""artifacts/publication_campaign/tcc_calibration_confirmatory_v1/runs/PUB-02/shallow_short/rep_0024/attempt_000/environment_preflight.json"", ""artifacts/publication_campaign/tcc_calibration_confirmatory_v1/runs/PUB-02/shallow_short/rep_0024/attempt_000/inference_command.json"", ""artifacts/publication_campaign/tcc_calibration_confirmatory_v1/runs/PUB-02/shallow_short/rep_0024/attempt_000/inference_config.json"", ""artifacts/publication_campaign/tcc_calibration_confirmatory_v1/runs/PUB-02/shallow_short/rep_0024/attempt_000/inference_started.json"", ""artifacts/publication_campaign/tcc_calibration_confirmatory_v1/runs/PUB-02/shallow_short/rep_0024/attempt_000/input.csv"", ""artifacts/publication_campaign/tcc_calibration_confirmatory_v1/runs/PUB-02/shallow_short/rep_0024/attempt_000/job.json"", ""artifacts/publication_campaign/tcc_calibration_confirmatory_v1/runs/PUB-02/shallow_short/rep_0024/attempt_000/predictive_summary.csv"", ""artifacts/publication_campaign/tcc_calibration_confirmatory_v1/runs/PUB-02/shallow_short/rep_0024/attempt_000/result.json"", ""artifacts/publication_campaign/tcc_calibration_confirmatory_v1/runs/PUB-02/shallow_short/rep_0024/attempt_000/sampler_summary.csv"", ""artifacts/publication_campaign/tcc_calibration_confirmatory_v1/runs/PUB-02/shallow_short/rep_0024/attempt_000/trace.nc"", ""artifacts/publication_campaign/tcc_calibration_confirmatory_v1/runs/PUB-02/shallow_short/rep_0024/attempt_000/truth.json"", ""artifacts/publication_campaign/tcc_calibration_confirmatory_v1/runs/PUB-02/shallow_short/rep_0024/attempt_000/worker_metadata.json""]",12.53286519422971,True,True
PUB-02__shallow_short__rep_0025,PUB-02,shallow_short,rep_0025,tcc_calibration_confirmatory_v1__PUB-02__shallow_short__rep_0025,"{""generation"": 4159048462, ""inference"": 1479683230, ""predictive"": 998886827, ""resampling"": 3248784719}",artifacts/publication_campaign/tcc_calibration_confirmatory_v1/runs/PUB-02/shallow_short/rep_0025,COMPLETED,1,,artifacts/publication_campaign/tcc_calibration_confirmatory_v1/runs/PUB-02/shallow_short/rep_0025/attempt_000,"[""artifacts/publication_campaign/tcc_calibration_confirmatory_v1/runs/PUB-02/shallow_short/rep_0025/attempt_000/completion_manifest.json"", ""artifacts/publication_campaign/tcc_calibration_confirmatory_v1/runs/PUB-02/shallow_short/rep_0025/attempt_000/environment_preflight.json"", ""artifacts/publication_campaign/tcc_calibration_confirmatory_v1/runs/PUB-02/shallow_short/rep_0025/attempt_000/inference_command.json"", ""artifacts/publication_campaign/tcc_calibration_confirmatory_v1/runs/PUB-02/shallow_short/rep_0025/attempt_000/inference_config.json"", ""artifacts/publication_campaign/tcc_calibration_confirmatory_v1/runs/PUB-02/shallow_short/rep_0025/attempt_000/inference_started.json"", ""artifacts/publication_campaign/tcc_calibration_confirmatory_v1/runs/PUB-02/shallow_short/rep_0025/attempt_000/input.csv"", ""artifacts/publication_campaign/tcc_calibration_confirmatory_v1/runs/PUB-02/shallow_short/rep_0025/attempt_000/job.json"", ""artifacts/publication_campaign/tcc_calibration_confirmatory_v1/runs/PUB-02/shallow_short/rep_0025/attempt_000/predictive_summary.csv"", ""artifacts/publication_campaign/tcc_calibration_confirmatory_v1/runs/PUB-02/shallow_short/rep_0025/attempt_000/result.json"", ""artifacts/publication_campaign/tcc_calibration_confirmatory_v1/runs/PUB-02/shallow_short/rep_0025/attempt_000/sampler_summary.csv"", ""artifacts/publication_campaign/tcc_calibration_confirmatory_v1/runs/PUB-02/shallow_short/rep_0025/attempt_000/trace.nc"", ""artifacts/publication_campaign/tcc_calibration_confirmatory_v1/runs/PUB-02/shallow_short/rep_0025/attempt_000/truth.json"", ""artifacts/publication_campaign/tcc_calibration_confirmatory_v1/runs/PUB-02/shallow_short/rep_0025/attempt_000/worker_metadata.json""]",12.53286519422971,True,True
PUB-02__shallow_short__rep_0026,PUB-02,shallow_short,rep_0026,tcc_calibration_confirmatory_v1__PUB-02__shallow_short__rep_0026,"{""generation"": 1634553913, ""inference"": 2065531464, ""predictive"": 2957122264, ""resampling"": 1499367544}",artifacts/publication_campaign/tcc_calibration_confirmatory_v1/runs/PUB-02/shallow_short/rep_0026,COMPLETED,1,,artifacts/publication_campaign/tcc_calibration_confirmatory_v1/runs/PUB-02/shallow_short/rep_0026/attempt_000,"[""artifacts/publication_campaign/tcc_calibration_confirmatory_v1/runs/PUB-02/shallow_short/rep_0026/attempt_000/completion_manifest.json"", ""artifacts/publication_campaign/tcc_calibration_confirmatory_v1/runs/PUB-02/shallow_short/rep_0026/attempt_000/environment_preflight.json"", ""artifacts/publication_campaign/tcc_calibration_confirmatory_v1/runs/PUB-02/shallow_short/rep_0026/attempt_000/inference_command.json"", ""artifacts/publication_campaign/tcc_calibration_confirmatory_v1/runs/PUB-02/shallow_short/rep_0026/attempt_000/inference_config.json"", ""artifacts/publication_campaign/tcc_calibration_confirmatory_v1/runs/PUB-02/shallow_short/rep_0026/attempt_000/inference_started.json"", ""artifacts/publication_campaign/tcc_calibration_confirmatory_v1/runs/PUB-02/shallow_short/rep_0026/attempt_000/input.csv"", ""artifacts/publication_campaign/tcc_calibration_confirmatory_v1/runs/PUB-02/shallow_short/rep_0026/attempt_000/job.json"", ""artifacts/publication_campaign/tcc_calibration_confirmatory_v1/runs/PUB-02/shallow_short/rep_0026/attempt_000/predictive_summary.csv"", ""artifacts/publication_campaign/tcc_calibration_confirmatory_v1/runs/PUB-02/shallow_short/rep_0026/attempt_000/result.json"", ""artifacts/publication_campaign/tcc_calibration_confirmatory_v1/runs/PUB-02/shallow_short/rep_0026/attempt_000/sampler_summary.csv"", ""artifacts/publication_campaign/tcc_calibration_confirmatory_v1/runs/PUB-02/shallow_short/rep_0026/attempt_000/trace.nc"", ""artifacts/publication_campaign/tcc_calibration_confirmatory_v1/runs/PUB-02/shallow_short/rep_0026/attempt_000/truth.json"", ""artifacts/publication_campaign/tcc_calibration_confirmatory_v1/runs/PUB-02/shallow_short/rep_0026/attempt_000/worker_metadata.json""]",12.53286519422971,True,True
PUB-02__shallow_short__rep_0027,PUB-02,shallow_short,rep_0027,tcc_calibration_confirmatory_v1__PUB-02__shallow_short__rep_0027,"{""generation"": 2335296519, ""inference"": 2577523530, ""predictive"": 1366841146, ""resampling"": 3484413271}",artifacts/publication_campaign/tcc_calibration_confirmatory_v1/runs/PUB-02/shallow_short/rep_0027,COMPLETED_REJECTED,1,,artifacts/publication_campaign/tcc_calibration_confirmatory_v1/runs/PUB-02/shallow_short/rep_0027/attempt_000,"[""artifacts/publication_campaign/tcc_calibration_confirmatory_v1/runs/PUB-02/shallow_short/rep_0027/attempt_000/completion_manifest.json"", ""artifacts/publication_campaign/tcc_calibration_confirmatory_v1/runs/PUB-02/shallow_short/rep_0027/attempt_000/environment_preflight.json"", ""artifacts/publication_campaign/tcc_calibration_confirmatory_v1/runs/PUB-02/shallow_short/rep_0027/attempt_000/inference_command.json"", ""artifacts/publication_campaign/tcc_calibration_confirmatory_v1/runs/PUB-02/shallow_short/rep_0027/attempt_000/inference_config.json"", ""artifacts/publication_campaign/tcc_calibration_confirmatory_v1/runs/PUB-02/shallow_short/rep_0027/attempt_000/inference_started.json"", ""artifacts/publication_campaign/tcc_calibration_confirmatory_v1/runs/PUB-02/shallow_short/rep_0027/attempt_000/input.csv"", ""artifacts/publication_campaign/tcc_calibration_confirmatory_v1/runs/PUB-02/shallow_short/rep_0027/attempt_000/job.json"", ""artifacts/publication_campaign/tcc_calibration_confirmatory_v1/runs/PUB-02/shallow_short/rep_0027/attempt_000/predictive_summary.csv"", ""artifacts/publication_campaign/tcc_calibration_confirmatory_v1/runs/PUB-02/shallow_short/rep_0027/attempt_000/result.json"", ""artifacts/publication_campaign/tcc_calibration_confirmatory_v1/runs/PUB-02/shallow_short/rep_0027/attempt_000/sampler_summary.csv"", ""artifacts/publication_campaign/tcc_calibration_confirmatory_v1/runs/PUB-02/shallow_short/rep_0027/attempt_000/trace.nc"", ""artifacts/publication_campaign/tcc_calibration_confirmatory_v1/runs/PUB-02/shallow_short/rep_0027/attempt_000/truth.json"", ""artifacts/publication_campaign/tcc_calibration_confirmatory_v1/runs/PUB-02/shallow_short/rep_0027/attempt_000/worker_metadata.json""]",12.53286519422971,False,False
PUB-02__shallow_short__rep_0028,PUB-02,shallow_short,rep_0028,tcc_calibration_confirmatory_v1__PUB-02__shallow_short__rep_0028,"{""generation"": 1330389894, ""inference"": 2280257327, ""predictive"": 1790307168, ""resampling"": 2546911102}",artifacts/publication_campaign/tcc_calibration_confirmatory_v1/runs/PUB-02/shallow_short/rep_0028,COMPLETED,1,,artifacts/publication_campaign/tcc_calibration_confirmatory_v1/runs/PUB-02/shallow_short/rep_0028/attempt_000,"[""artifacts/publication_campaign/tcc_calibration_confirmatory_v1/runs/PUB-02/shallow_short/rep_0028/attempt_000/completion_manifest.json"", ""artifacts/publication_campaign/tcc_calibration_confirmatory_v1/runs/PUB-02/shallow_short/rep_0028/attempt_000/environment_preflight.json"", ""artifacts/publication_campaign/tcc_calibration_confirmatory_v1/runs/PUB-02/shallow_short/rep_0028/attempt_000/inference_command.json"", ""artifacts/publication_campaign/tcc_calibration_confirmatory_v1/runs/PUB-02/shallow_short/rep_0028/attempt_000/inference_config.json"", ""artifacts/publication_campaign/tcc_calibration_confirmatory_v1/runs/PUB-02/shallow_short/rep_0028/attempt_000/inference_started.json"", ""artifacts/publication_campaign/tcc_calibration_confirmatory_v1/runs/PUB-02/shallow_short/rep_0028/attempt_000/input.csv"", ""artifacts/publication_campaign/tcc_calibration_confirmatory_v1/runs/PUB-02/shallow_short/rep_0028/attempt_000/job.json"", ""artifacts/publication_campaign/tcc_calibration_confirmatory_v1/runs/PUB-02/shallow_short/rep_0028/attempt_000/predictive_summary.csv"", ""artifacts/publication_campaign/tcc_calibration_confirmatory_v1/runs/PUB-02/shallow_short/rep_0028/attempt_000/result.json"", ""artifacts/publication_campaign/tcc_calibration_confirmatory_v1/runs/PUB-02/shallow_short/rep_0028/attempt_000/sampler_summary.csv"", ""artifacts/publication_campaign/tcc_calibration_confirmatory_v1/runs/PUB-02/shallow_short/rep_0028/attempt_000/trace.nc"", ""artifacts/publication_campaign/tcc_calibration_confirmatory_v1/runs/PUB-02/shallow_short/rep_0028/attempt_000/truth.json"", ""artifacts/publication_campaign/tcc_calibration_confirmatory_v1/runs/PUB-02/shallow_short/rep_0028/attempt_000/worker_metadata.json""]",12.53286519422971,True,True
PUB-02__shallow_short__rep_0029,PUB-02,shallow_short,rep_0029,tcc_calibration_confirmatory_v1__PUB-02__shallow_short__rep_0029,"{""generation"": 366400469, ""inference"": 2503963088, ""predictive"": 1338876170, ""resampling"": 1928782566}",artifacts/publication_campaign/tcc_calibration_confirmatory_v1/runs/PUB-02/shallow_short/rep_0029,COMPLETED,1,,artifacts/publication_campaign/tcc_calibration_confirmatory_v1/runs/PUB-02/shallow_short/rep_0029/attempt_000,"[""artifacts/publication_campaign/tcc_calibration_confirmatory_v1/runs/PUB-02/shallow_short/rep_0029/attempt_000/completion_manifest.json"", ""artifacts/publication_campaign/tcc_calibration_confirmatory_v1/runs/PUB-02/shallow_short/rep_0029/attempt_000/environment_preflight.json"", ""artifacts/publication_campaign/tcc_calibration_confirmatory_v1/runs/PUB-02/shallow_short/rep_0029/attempt_000/inference_command.json"", ""artifacts/publication_campaign/tcc_calibration_confirmatory_v1/runs/PUB-02/shallow_short/rep_0029/attempt_000/inference_config.json"", ""artifacts/publication_campaign/tcc_calibration_confirmatory_v1/runs/PUB-02/shallow_short/rep_0029/attempt_000/inference_started.json"", ""artifacts/publication_campaign/tcc_calibration_confirmatory_v1/runs/PUB-02/shallow_short/rep_0029/attempt_000/input.csv"", ""artifacts/publication_campaign/tcc_calibration_confirmatory_v1/runs/PUB-02/shallow_short/rep_0029/attempt_000/job.json"", ""artifacts/publication_campaign/tcc_calibration_confirmatory_v1/runs/PUB-02/shallow_short/rep_0029/attempt_000/predictive_summary.csv"", ""artifacts/publication_campaign/tcc_calibration_confirmatory_v1/runs/PUB-02/shallow_short/rep_0029/attempt_000/result.json"", ""artifacts/publication_campaign/tcc_calibration_confirmatory_v1/runs/PUB-02/shallow_short/rep_0029/attempt_000/sampler_summary.csv"", ""artifacts/publication_campaign/tcc_calibration_confirmatory_v1/runs/PUB-02/shallow_short/rep_0029/attempt_000/trace.nc"", ""artifacts/publication_campaign/tcc_calibration_confirmatory_v1/runs/PUB-02/shallow_short/rep_0029/attempt_000/truth.json"", ""artifacts/publication_campaign/tcc_calibration_confirmatory_v1/runs/PUB-02/shallow_short/rep_0029/attempt_000/worker_metadata.json""]",12.53286519422971,True,True
PUB-02__shallow_short__rep_0030,PUB-02,shallow_short,rep_0030,tcc_calibration_confirmatory_v1__PUB-02__shallow_short__rep_0030,"{""generation"": 815984753, ""inference"": 615404250, ""predictive"": 780403695, ""resampling"": 2302921178}",artifacts/publication_campaign/tcc_calibration_confirmatory_v1/runs/PUB-02/shallow_short/rep_0030,COMPLETED,1,,artifacts/publication_campaign/tcc_calibration_confirmatory_v1/runs/PUB-02/shallow_short/rep_0030/attempt_000,"[""artifacts/publication_campaign/tcc_calibration_confirmatory_v1/runs/PUB-02/shallow_short/rep_0030/attempt_000/completion_manifest.json"", ""artifacts/publication_campaign/tcc_calibration_confirmatory_v1/runs/PUB-02/shallow_short/rep_0030/attempt_000/environment_preflight.json"", ""artifacts/publication_campaign/tcc_calibration_confirmatory_v1/runs/PUB-02/shallow_short/rep_0030/attempt_000/inference_command.json"", ""artifacts/publication_campaign/tcc_calibration_confirmatory_v1/runs/PUB-02/shallow_short/rep_0030/attempt_000/inference_config.json"", ""artifacts/publication_campaign/tcc_calibration_confirmatory_v1/runs/PUB-02/shallow_short/rep_0030/attempt_000/inference_started.json"", ""artifacts/publication_campaign/tcc_calibration_confirmatory_v1/runs/PUB-02/shallow_short/rep_0030/attempt_000/input.csv"", ""artifacts/publication_campaign/tcc_calibration_confirmatory_v1/runs/PUB-02/shallow_short/rep_0030/attempt_000/job.json"", ""artifacts/publication_campaign/tcc_calibration_confirmatory_v1/runs/PUB-02/shallow_short/rep_0030/attempt_000/predictive_summary.csv"", ""artifacts/publication_campaign/tcc_calibration_confirmatory_v1/runs/PUB-02/shallow_short/rep_0030/attempt_000/result.json"", ""artifacts/publication_campaign/tcc_calibration_confirmatory_v1/runs/PUB-02/shallow_short/rep_0030/attempt_000/sampler_summary.csv"", ""artifacts/publication_campaign/tcc_calibration_confirmatory_v1/runs/PUB-02/shallow_short/rep_0030/attempt_000/trace.nc"", ""artifacts/publication_campaign/tcc_calibration_confirmatory_v1/runs/PUB-02/shallow_short/rep_0030/attempt_000/truth.json"", ""artifacts/publication_campaign/tcc_calibration_confirmatory_v1/runs/PUB-02/shallow_short/rep_0030/attempt_000/worker_metadata.json""]",12.53286519422971,True,True
PUB-02__shallow_short__rep_0031,PUB-02,shallow_short,rep_0031,tcc_calibration_confirmatory_v1__PUB-02__shallow_short__rep_0031,"{""generation"": 382973313, ""inference"": 1250364315, ""predictive"": 720766768, ""resampling"": 3729928002}",artifacts/publication_campaign/tcc_calibration_confirmatory_v1/runs/PUB-02/shallow_short/rep_0031,COMPLETED,1,,artifacts/publication_campaign/tcc_calibration_confirmatory_v1/runs/PUB-02/shallow_short/rep_0031/attempt_000,"[""artifacts/publication_campaign/tcc_calibration_confirmatory_v1/runs/PUB-02/shallow_short/rep_0031/attempt_000/completion_manifest.json"", ""artifacts/publication_campaign/tcc_calibration_confirmatory_v1/runs/PUB-02/shallow_short/rep_0031/attempt_000/environment_preflight.json"", ""artifacts/publication_campaign/tcc_calibration_confirmatory_v1/runs/PUB-02/shallow_short/rep_0031/attempt_000/inference_command.json"", ""artifacts/publication_campaign/tcc_calibration_confirmatory_v1/runs/PUB-02/shallow_short/rep_0031/attempt_000/inference_config.json"", ""artifacts/publication_campaign/tcc_calibration_confirmatory_v1/runs/PUB-02/shallow_short/rep_0031/attempt_000/inference_started.json"", ""artifacts/publication_campaign/tcc_calibration_confirmatory_v1/runs/PUB-02/shallow_short/rep_0031/attempt_000/input.csv"", ""artifacts/publication_campaign/tcc_calibration_confirmatory_v1/runs/PUB-02/shallow_short/rep_0031/attempt_000/job.json"", ""artifacts/publication_campaign/tcc_calibration_confirmatory_v1/runs/PUB-02/shallow_short/rep_0031/attempt_000/predictive_summary.csv"", ""artifacts/publication_campaign/tcc_calibration_confirmatory_v1/runs/PUB-02/shallow_short/rep_0031/attempt_000/result.json"", ""artifacts/publication_campaign/tcc_calibration_confirmatory_v1/runs/PUB-02/shallow_short/rep_0031/attempt_000/sampler_summary.csv"", ""artifacts/publication_campaign/tcc_calibration_confirmatory_v1/runs/PUB-02/shallow_short/rep_0031/attempt_000/trace.nc"", ""artifacts/publication_campaign/tcc_calibration_confirmatory_v1/runs/PUB-02/shallow_short/rep_0031/attempt_000/truth.json"", ""artifacts/publication_campaign/tcc_calibration_confirmatory_v1/runs/PUB-02/shallow_short/rep_0031/attempt_000/worker_metadata.json""]",12.53286519422971,True,True
PUB-02__shallow_short__rep_0032,PUB-02,shallow_short,rep_0032,tcc_calibration_confirmatory_v1__PUB-02__shallow_short__rep_0032,"{""generation"": 324418190, ""inference"": 139038111, ""predictive"": 3429416637, ""resampling"": 4089080444}",artifacts/publication_campaign/tcc_calibration_confirmatory_v1/runs/PUB-02/shallow_short/rep_0032,COMPLETED,1,,artifacts/publication_campaign/tcc_calibration_confirmatory_v1/runs/PUB-02/shallow_short/rep_0032/attempt_000,"[""artifacts/publication_campaign/tcc_calibration_confirmatory_v1/runs/PUB-02/shallow_short/rep_0032/attempt_000/completion_manifest.json"", ""artifacts/publication_campaign/tcc_calibration_confirmatory_v1/runs/PUB-02/shallow_short/rep_0032/attempt_000/environment_preflight.json"", ""artifacts/publication_campaign/tcc_calibration_confirmatory_v1/runs/PUB-02/shallow_short/rep_0032/attempt_000/inference_command.json"", ""artifacts/publication_campaign/tcc_calibration_confirmatory_v1/runs/PUB-02/shallow_short/rep_0032/attempt_000/inference_config.json"", ""artifacts/publication_campaign/tcc_calibration_confirmatory_v1/runs/PUB-02/shallow_short/rep_0032/attempt_000/inference_started.json"", ""artifacts/publication_campaign/tcc_calibration_confirmatory_v1/runs/PUB-02/shallow_short/rep_0032/attempt_000/input.csv"", ""artifacts/publication_campaign/tcc_calibration_confirmatory_v1/runs/PUB-02/shallow_short/rep_0032/attempt_000/job.json"", ""artifacts/publication_campaign/tcc_calibration_confirmatory_v1/runs/PUB-02/shallow_short/rep_0032/attempt_000/predictive_summary.csv"", ""artifacts/publication_campaign/tcc_calibration_confirmatory_v1/runs/PUB-02/shallow_short/rep_0032/attempt_000/result.json"", ""artifacts/publication_campaign/tcc_calibration_confirmatory_v1/runs/PUB-02/shallow_short/rep_0032/attempt_000/sampler_summary.csv"", ""artifacts/publication_campaign/tcc_calibration_confirmatory_v1/runs/PUB-02/shallow_short/rep_0032/attempt_000/trace.nc"", ""artifacts/publication_campaign/tcc_calibration_confirmatory_v1/runs/PUB-02/shallow_short/rep_0032/attempt_000/truth.json"", ""artifacts/publication_campaign/tcc_calibration_confirmatory_v1/runs/PUB-02/shallow_short/rep_0032/attempt_000/worker_metadata.json""]",12.53286519422971,True,True
PUB-02__shallow_short__rep_0033,PUB-02,shallow_short,rep_0033,tcc_calibration_confirmatory_v1__PUB-02__shallow_short__rep_0033,"{""generation"": 1252729511, ""inference"": 1067349926, ""predictive"": 2933239698, ""resampling"": 3898333065}",artifacts/publication_campaign/tcc_calibration_confirmatory_v1/runs/PUB-02/shallow_short/rep_0033,COMPLETED,1,,artifacts/publication_campaign/tcc_calibration_confirmatory_v1/runs/PUB-02/shallow_short/rep_0033/attempt_000,"[""artifacts/publication_campaign/tcc_calibration_confirmatory_v1/runs/PUB-02/shallow_short/rep_0033/attempt_000/completion_manifest.json"", ""artifacts/publication_campaign/tcc_calibration_confirmatory_v1/runs/PUB-02/shallow_short/rep_0033/attempt_000/environment_preflight.json"", ""artifacts/publication_campaign/tcc_calibration_confirmatory_v1/runs/PUB-02/shallow_short/rep_0033/attempt_000/inference_command.json"", ""artifacts/publication_campaign/tcc_calibration_confirmatory_v1/runs/PUB-02/shallow_short/rep_0033/attempt_000/inference_config.json"", ""artifacts/publication_campaign/tcc_calibration_confirmatory_v1/runs/PUB-02/shallow_short/rep_0033/attempt_000/inference_started.json"", ""artifacts/publication_campaign/tcc_calibration_confirmatory_v1/runs/PUB-02/shallow_short/rep_0033/attempt_000/input.csv"", ""artifacts/publication_campaign/tcc_calibration_confirmatory_v1/runs/PUB-02/shallow_short/rep_0033/attempt_000/job.json"", ""artifacts/publication_campaign/tcc_calibration_confirmatory_v1/runs/PUB-02/shallow_short/rep_0033/attempt_000/predictive_summary.csv"", ""artifacts/publication_campaign/tcc_calibration_confirmatory_v1/runs/PUB-02/shallow_short/rep_0033/attempt_000/result.json"", ""artifacts/publication_campaign/tcc_calibration_confirmatory_v1/runs/PUB-02/shallow_short/rep_0033/attempt_000/sampler_summary.csv"", ""artifacts/publication_campaign/tcc_calibration_confirmatory_v1/runs/PUB-02/shallow_short/rep_0033/attempt_000/trace.nc"", ""artifacts/publication_campaign/tcc_calibration_confirmatory_v1/runs/PUB-02/shallow_short/rep_0033/attempt_000/truth.json"", ""artifacts/publication_campaign/tcc_calibration_confirmatory_v1/runs/PUB-02/shallow_short/rep_0033/attempt_000/worker_metadata.json""]",12.53286519422971,True,True
PUB-02__shallow_short__rep_0034,PUB-02,shallow_short,rep_0034,tcc_calibration_confirmatory_v1__PUB-02__shallow_short__rep_0034,"{""generation"": 2862759919, ""inference"": 3435146845, ""predictive"": 1002975617, ""resampling"": 597005769}",artifacts/publication_campaign/tcc_calibration_confirmatory_v1/runs/PUB-02/shallow_short/rep_0034,COMPLETED,1,,artifacts/publication_campaign/tcc_calibration_confirmatory_v1/runs/PUB-02/shallow_short/rep_0034/attempt_000,"[""artifacts/publication_campaign/tcc_calibration_confirmatory_v1/runs/PUB-02/shallow_short/rep_0034/attempt_000/completion_manifest.json"", ""artifacts/publication_campaign/tcc_calibration_confirmatory_v1/runs/PUB-02/shallow_short/rep_0034/attempt_000/environment_preflight.json"", ""artifacts/publication_campaign/tcc_calibration_confirmatory_v1/runs/PUB-02/shallow_short/rep_0034/attempt_000/inference_command.json"", ""artifacts/publication_campaign/tcc_calibration_confirmatory_v1/runs/PUB-02/shallow_short/rep_0034/attempt_000/inference_config.json"", ""artifacts/publication_campaign/tcc_calibration_confirmatory_v1/runs/PUB-02/shallow_short/rep_0034/attempt_000/inference_started.json"", ""artifacts/publication_campaign/tcc_calibration_confirmatory_v1/runs/PUB-02/shallow_short/rep_0034/attempt_000/input.csv"", ""artifacts/publication_campaign/tcc_calibration_confirmatory_v1/runs/PUB-02/shallow_short/rep_0034/attempt_000/job.json"", ""artifacts/publication_campaign/tcc_calibration_confirmatory_v1/runs/PUB-02/shallow_short/rep_0034/attempt_000/predictive_summary.csv"", ""artifacts/publication_campaign/tcc_calibration_confirmatory_v1/runs/PUB-02/shallow_short/rep_0034/attempt_000/result.json"", ""artifacts/publication_campaign/tcc_calibration_confirmatory_v1/runs/PUB-02/shallow_short/rep_0034/attempt_000/sampler_summary.csv"", ""artifacts/publication_campaign/tcc_calibration_confirmatory_v1/runs/PUB-02/shallow_short/rep_0034/attempt_000/trace.nc"", ""artifacts/publication_campaign/tcc_calibration_confirmatory_v1/runs/PUB-02/shallow_short/rep_0034/attempt_000/truth.json"", ""artifacts/publication_campaign/tcc_calibration_confirmatory_v1/runs/PUB-02/shallow_short/rep_0034/attempt_000/worker_metadata.json""]",12.53286519422971,True,True
PUB-02__shallow_short__rep_0035,PUB-02,shallow_short,rep_0035,tcc_calibration_confirmatory_v1__PUB-02__shallow_short__rep_0035,"{""generation"": 3587588768, ""inference"": 4225833032, ""predictive"": 1896819825, ""resampling"": 1934517275}",artifacts/publication_campaign/tcc_calibration_confirmatory_v1/runs/PUB-02/shallow_short/rep_0035,COMPLETED,1,,artifacts/publication_campaign/tcc_calibration_confirmatory_v1/runs/PUB-02/shallow_short/rep_0035/attempt_000,"[""artifacts/publication_campaign/tcc_calibration_confirmatory_v1/runs/PUB-02/shallow_short/rep_0035/attempt_000/completion_manifest.json"", ""artifacts/publication_campaign/tcc_calibration_confirmatory_v1/runs/PUB-02/shallow_short/rep_0035/attempt_000/environment_preflight.json"", ""artifacts/publication_campaign/tcc_calibration_confirmatory_v1/runs/PUB-02/shallow_short/rep_0035/attempt_000/inference_command.json"", ""artifacts/publication_campaign/tcc_calibration_confirmatory_v1/runs/PUB-02/shallow_short/rep_0035/attempt_000/inference_config.json"", ""artifacts/publication_campaign/tcc_calibration_confirmatory_v1/runs/PUB-02/shallow_short/rep_0035/attempt_000/inference_started.json"", ""artifacts/publication_campaign/tcc_calibration_confirmatory_v1/runs/PUB-02/shallow_short/rep_0035/attempt_000/input.csv"", ""artifacts/publication_campaign/tcc_calibration_confirmatory_v1/runs/PUB-02/shallow_short/rep_0035/attempt_000/job.json"", ""artifacts/publication_campaign/tcc_calibration_confirmatory_v1/runs/PUB-02/shallow_short/rep_0035/attempt_000/predictive_summary.csv"", ""artifacts/publication_campaign/tcc_calibration_confirmatory_v1/runs/PUB-02/shallow_short/rep_0035/attempt_000/result.json"", ""artifacts/publication_campaign/tcc_calibration_confirmatory_v1/runs/PUB-02/shallow_short/rep_0035/attempt_000/sampler_summary.csv"", ""artifacts/publication_campaign/tcc_calibration_confirmatory_v1/runs/PUB-02/shallow_short/rep_0035/attempt_000/trace.nc"", ""artifacts/publication_campaign/tcc_calibration_confirmatory_v1/runs/PUB-02/shallow_short/rep_0035/attempt_000/truth.json"", ""artifacts/publication_campaign/tcc_calibration_confirmatory_v1/runs/PUB-02/shallow_short/rep_0035/attempt_000/worker_metadata.json""]",12.53286519422971,True,True
PUB-02__shallow_short__rep_0036,PUB-02,shallow_short,rep_0036,tcc_calibration_confirmatory_v1__PUB-02__shallow_short__rep_0036,"{""generation"": 130446800, ""inference"": 572523515, ""predictive"": 1954066778, ""resampling"": 2598003079}",artifacts/publication_campaign/tcc_calibration_confirmatory_v1/runs/PUB-02/shallow_short/rep_0036,COMPLETED_REJECTED,1,,artifacts/publication_campaign/tcc_calibration_confirmatory_v1/runs/PUB-02/shallow_short/rep_0036/attempt_000,"[""artifacts/publication_campaign/tcc_calibration_confirmatory_v1/runs/PUB-02/shallow_short/rep_0036/attempt_000/completion_manifest.json"", ""artifacts/publication_campaign/tcc_calibration_confirmatory_v1/runs/PUB-02/shallow_short/rep_0036/attempt_000/environment_preflight.json"", ""artifacts/publication_campaign/tcc_calibration_confirmatory_v1/runs/PUB-02/shallow_short/rep_0036/attempt_000/inference_command.json"", ""artifacts/publication_campaign/tcc_calibration_confirmatory_v1/runs/PUB-02/shallow_short/rep_0036/attempt_000/inference_config.json"", ""artifacts/publication_campaign/tcc_calibration_confirmatory_v1/runs/PUB-02/shallow_short/rep_0036/attempt_000/inference_started.json"", ""artifacts/publication_campaign/tcc_calibration_confirmatory_v1/runs/PUB-02/shallow_short/rep_0036/attempt_000/input.csv"", ""artifacts/publication_campaign/tcc_calibration_confirmatory_v1/runs/PUB-02/shallow_short/rep_0036/attempt_000/job.json"", ""artifacts/publication_campaign/tcc_calibration_confirmatory_v1/runs/PUB-02/shallow_short/rep_0036/attempt_000/predictive_summary.csv"", ""artifacts/publication_campaign/tcc_calibration_confirmatory_v1/runs/PUB-02/shallow_short/rep_0036/attempt_000/result.json"", ""artifacts/publication_campaign/tcc_calibration_confirmatory_v1/runs/PUB-02/shallow_short/rep_0036/attempt_000/sampler_summary.csv"", ""artifacts/publication_campaign/tcc_calibration_confirmatory_v1/runs/PUB-02/shallow_short/rep_0036/attempt_000/trace.nc"", ""artifacts/publication_campaign/tcc_calibration_confirmatory_v1/runs/PUB-02/shallow_short/rep_0036/attempt_000/truth.json"", ""artifacts/publication_campaign/tcc_calibration_confirmatory_v1/runs/PUB-02/shallow_short/rep_0036/attempt_000/worker_metadata.json""]",12.53286519422971,False,False
PUB-02__shallow_short__rep_0037,PUB-02,shallow_short,rep_0037,tcc_calibration_confirmatory_v1__PUB-02__shallow_short__rep_0037,"{""generation"": 1736331600, ""inference"": 2981777386, ""predictive"": 1457018102, ""resampling"": 2160601733}",artifacts/publication_campaign/tcc_calibration_confirmatory_v1/runs/PUB-02/shallow_short/rep_0037,COMPLETED,1,,artifacts/publication_campaign/tcc_calibration_confirmatory_v1/runs/PUB-02/shallow_short/rep_0037/attempt_000,"[""artifacts/publication_campaign/tcc_calibration_confirmatory_v1/runs/PUB-02/shallow_short/rep_0037/attempt_000/completion_manifest.json"", ""artifacts/publication_campaign/tcc_calibration_confirmatory_v1/runs/PUB-02/shallow_short/rep_0037/attempt_000/environment_preflight.json"", ""artifacts/publication_campaign/tcc_calibration_confirmatory_v1/runs/PUB-02/shallow_short/rep_0037/attempt_000/inference_command.json"", ""artifacts/publication_campaign/tcc_calibration_confirmatory_v1/runs/PUB-02/shallow_short/rep_0037/attempt_000/inference_config.json"", ""artifacts/publication_campaign/tcc_calibration_confirmatory_v1/runs/PUB-02/shallow_short/rep_0037/attempt_000/inference_started.json"", ""artifacts/publication_campaign/tcc_calibration_confirmatory_v1/runs/PUB-02/shallow_short/rep_0037/attempt_000/input.csv"", ""artifacts/publication_campaign/tcc_calibration_confirmatory_v1/runs/PUB-02/shallow_short/rep_0037/attempt_000/job.json"", ""artifacts/publication_campaign/tcc_calibration_confirmatory_v1/runs/PUB-02/shallow_short/rep_0037/attempt_000/predictive_summary.csv"", ""artifacts/publication_campaign/tcc_calibration_confirmatory_v1/runs/PUB-02/shallow_short/rep_0037/attempt_000/result.json"", ""artifacts/publication_campaign/tcc_calibration_confirmatory_v1/runs/PUB-02/shallow_short/rep_0037/attempt_000/sampler_summary.csv"", ""artifacts/publication_campaign/tcc_calibration_confirmatory_v1/runs/PUB-02/shallow_short/rep_0037/attempt_000/trace.nc"", ""artifacts/publication_campaign/tcc_calibration_confirmatory_v1/runs/PUB-02/shallow_short/rep_0037/attempt_000/truth.json"", ""artifacts/publication_campaign/tcc_calibration_confirmatory_v1/runs/PUB-02/shallow_short/rep_0037/attempt_000/worker_metadata.json""]",12.53286519422971,True,True
PUB-02__shallow_short__rep_0038,PUB-02,shallow_short,rep_0038,tcc_calibration_confirmatory_v1__PUB-02__shallow_short__rep_0038,"{""generation"": 1588416052, ""inference"": 1775166770, ""predictive"": 805186105, ""resampling"": 4218073604}",artifacts/publication_campaign/tcc_calibration_confirmatory_v1/runs/PUB-02/shallow_short/rep_0038,COMPLETED,1,,artifacts/publication_campaign/tcc_calibration_confirmatory_v1/runs/PUB-02/shallow_short/rep_0038/attempt_000,"[""artifacts/publication_campaign/tcc_calibration_confirmatory_v1/runs/PUB-02/shallow_short/rep_0038/attempt_000/completion_manifest.json"", ""artifacts/publication_campaign/tcc_calibration_confirmatory_v1/runs/PUB-02/shallow_short/rep_0038/attempt_000/environment_preflight.json"", ""artifacts/publication_campaign/tcc_calibration_confirmatory_v1/runs/PUB-02/shallow_short/rep_0038/attempt_000/inference_command.json"", ""artifacts/publication_campaign/tcc_calibration_confirmatory_v1/runs/PUB-02/shallow_short/rep_0038/attempt_000/inference_config.json"", ""artifacts/publication_campaign/tcc_calibration_confirmatory_v1/runs/PUB-02/shallow_short/rep_0038/attempt_000/inference_started.json"", ""artifacts/publication_campaign/tcc_calibration_confirmatory_v1/runs/PUB-02/shallow_short/rep_0038/attempt_000/input.csv"", ""artifacts/publication_campaign/tcc_calibration_confirmatory_v1/runs/PUB-02/shallow_short/rep_0038/attempt_000/job.json"", ""artifacts/publication_campaign/tcc_calibration_confirmatory_v1/runs/PUB-02/shallow_short/rep_0038/attempt_000/predictive_summary.csv"", ""artifacts/publication_campaign/tcc_calibration_confirmatory_v1/runs/PUB-02/shallow_short/rep_0038/attempt_000/result.json"", ""artifacts/publication_campaign/tcc_calibration_confirmatory_v1/runs/PUB-02/shallow_short/rep_0038/attempt_000/sampler_summary.csv"", ""artifacts/publication_campaign/tcc_calibration_confirmatory_v1/runs/PUB-02/shallow_short/rep_0038/attempt_000/trace.nc"", ""artifacts/publication_campaign/tcc_calibration_confirmatory_v1/runs/PUB-02/shallow_short/rep_0038/attempt_000/truth.json"", ""artifacts/publication_campaign/tcc_calibration_confirmatory_v1/runs/PUB-02/shallow_short/rep_0038/attempt_000/worker_metadata.json""]",12.53286519422971,True,True
PUB-02__shallow_short__rep_0039,PUB-02,shallow_short,rep_0039,tcc_calibration_confirmatory_v1__PUB-02__shallow_short__rep_0039,"{""generation"": 409426732, ""inference"": 925868752, ""predictive"": 1669779731, ""resampling"": 1778741012}",artifacts/publication_campaign/tcc_calibration_confirmatory_v1/runs/PUB-02/shallow_short/rep_0039,COMPLETED,1,,artifacts/publication_campaign/tcc_calibration_confirmatory_v1/runs/PUB-02/shallow_short/rep_0039/attempt_000,"[""artifacts/publication_campaign/tcc_calibration_confirmatory_v1/runs/PUB-02/shallow_short/rep_0039/attempt_000/completion_manifest.json"", ""artifacts/publication_campaign/tcc_calibration_confirmatory_v1/runs/PUB-02/shallow_short/rep_0039/attempt_000/environment_preflight.json"", ""artifacts/publication_campaign/tcc_calibration_confirmatory_v1/runs/PUB-02/shallow_short/rep_0039/attempt_000/inference_command.json"", ""artifacts/publication_campaign/tcc_calibration_confirmatory_v1/runs/PUB-02/shallow_short/rep_0039/attempt_000/inference_config.json"", ""artifacts/publication_campaign/tcc_calibration_confirmatory_v1/runs/PUB-02/shallow_short/rep_0039/attempt_000/inference_started.json"", ""artifacts/publication_campaign/tcc_calibration_confirmatory_v1/runs/PUB-02/shallow_short/rep_0039/attempt_000/input.csv"", ""artifacts/publication_campaign/tcc_calibration_confirmatory_v1/runs/PUB-02/shallow_short/rep_0039/attempt_000/job.json"", ""artifacts/publication_campaign/tcc_calibration_confirmatory_v1/runs/PUB-02/shallow_short/rep_0039/attempt_000/predictive_summary.csv"", ""artifacts/publication_campaign/tcc_calibration_confirmatory_v1/runs/PUB-02/shallow_short/rep_0039/attempt_000/result.json"", ""artifacts/publication_campaign/tcc_calibration_confirmatory_v1/runs/PUB-02/shallow_short/rep_0039/attempt_000/sampler_summary.csv"", ""artifacts/publication_campaign/tcc_calibration_confirmatory_v1/runs/PUB-02/shallow_short/rep_0039/attempt_000/trace.nc"", ""artifacts/publication_campaign/tcc_calibration_confirmatory_v1/runs/PUB-02/shallow_short/rep_0039/attempt_000/truth.json"", ""artifacts/publication_campaign/tcc_calibration_confirmatory_v1/runs/PUB-02/shallow_short/rep_0039/attempt_000/worker_metadata.json""]",12.53286519422971,True,True
PUB-02__shallow_short__rep_0040,PUB-02,shallow_short,rep_0040,tcc_calibration_confirmatory_v1__PUB-02__shallow_short__rep_0040,"{""generation"": 2384988, ""inference"": 2393530805, ""predictive"": 4171443406, ""resampling"": 221325264}",artifacts/publication_campaign/tcc_calibration_confirmatory_v1/runs/PUB-02/shallow_short/rep_0040,COMPLETED,1,,artifacts/publication_campaign/tcc_calibration_confirmatory_v1/runs/PUB-02/shallow_short/rep_0040/attempt_000,"[""artifacts/publication_campaign/tcc_calibration_confirmatory_v1/runs/PUB-02/shallow_short/rep_0040/attempt_000/completion_manifest.json"", ""artifacts/publication_campaign/tcc_calibration_confirmatory_v1/runs/PUB-02/shallow_short/rep_0040/attempt_000/environment_preflight.json"", ""artifacts/publication_campaign/tcc_calibration_confirmatory_v1/runs/PUB-02/shallow_short/rep_0040/attempt_000/inference_command.json"", ""artifacts/publication_campaign/tcc_calibration_confirmatory_v1/runs/PUB-02/shallow_short/rep_0040/attempt_000/inference_config.json"", ""artifacts/publication_campaign/tcc_calibration_confirmatory_v1/runs/PUB-02/shallow_short/rep_0040/attempt_000/inference_started.json"", ""artifacts/publication_campaign/tcc_calibration_confirmatory_v1/runs/PUB-02/shallow_short/rep_0040/attempt_000/input.csv"", ""artifacts/publication_campaign/tcc_calibration_confirmatory_v1/runs/PUB-02/shallow_short/rep_0040/attempt_000/job.json"", ""artifacts/publication_campaign/tcc_calibration_confirmatory_v1/runs/PUB-02/shallow_short/rep_0040/attempt_000/predictive_summary.csv"", ""artifacts/publication_campaign/tcc_calibration_confirmatory_v1/runs/PUB-02/shallow_short/rep_0040/attempt_000/result.json"", ""artifacts/publication_campaign/tcc_calibration_confirmatory_v1/runs/PUB-02/shallow_short/rep_0040/attempt_000/sampler_summary.csv"", ""artifacts/publication_campaign/tcc_calibration_confirmatory_v1/runs/PUB-02/shallow_short/rep_0040/attempt_000/trace.nc"", ""artifacts/publication_campaign/tcc_calibration_confirmatory_v1/runs/PUB-02/shallow_short/rep_0040/attempt_000/truth.json"", ""artifacts/publication_campaign/tcc_calibration_confirmatory_v1/runs/PUB-02/shallow_short/rep_0040/attempt_000/worker_metadata.json""]",12.53286519422971,True,True
PUB-02__shallow_short__rep_0041,PUB-02,shallow_short,rep_0041,tcc_calibration_confirmatory_v1__PUB-02__shallow_short__rep_0041,"{""generation"": 2001737637, ""inference"": 2778136932, ""predictive"": 2117265731, ""resampling"": 3238490930}",artifacts/publication_campaign/tcc_calibration_confirmatory_v1/runs/PUB-02/shallow_short/rep_0041,COMPLETED,1,,artifacts/publication_campaign/tcc_calibration_confirmatory_v1/runs/PUB-02/shallow_short/rep_0041/attempt_000,"[""artifacts/publication_campaign/tcc_calibration_confirmatory_v1/runs/PUB-02/shallow_short/rep_0041/attempt_000/completion_manifest.json"", ""artifacts/publication_campaign/tcc_calibration_confirmatory_v1/runs/PUB-02/shallow_short/rep_0041/attempt_000/environment_preflight.json"", ""artifacts/publication_campaign/tcc_calibration_confirmatory_v1/runs/PUB-02/shallow_short/rep_0041/attempt_000/inference_command.json"", ""artifacts/publication_campaign/tcc_calibration_confirmatory_v1/runs/PUB-02/shallow_short/rep_0041/attempt_000/inference_config.json"", ""artifacts/publication_campaign/tcc_calibration_confirmatory_v1/runs/PUB-02/shallow_short/rep_0041/attempt_000/inference_started.json"", ""artifacts/publication_campaign/tcc_calibration_confirmatory_v1/runs/PUB-02/shallow_short/rep_0041/attempt_000/input.csv"", ""artifacts/publication_campaign/tcc_calibration_confirmatory_v1/runs/PUB-02/shallow_short/rep_0041/attempt_000/job.json"", ""artifacts/publication_campaign/tcc_calibration_confirmatory_v1/runs/PUB-02/shallow_short/rep_0041/attempt_000/predictive_summary.csv"", ""artifacts/publication_campaign/tcc_calibration_confirmatory_v1/runs/PUB-02/shallow_short/rep_0041/attempt_000/result.json"", ""artifacts/publication_campaign/tcc_calibration_confirmatory_v1/runs/PUB-02/shallow_short/rep_0041/attempt_000/sampler_summary.csv"", ""artifacts/publication_campaign/tcc_calibration_confirmatory_v1/runs/PUB-02/shallow_short/rep_0041/attempt_000/trace.nc"", ""artifacts/publication_campaign/tcc_calibration_confirmatory_v1/runs/PUB-02/shallow_short/rep_0041/attempt_000/truth.json"", ""artifacts/publication_campaign/tcc_calibration_confirmatory_v1/runs/PUB-02/shallow_short/rep_0041/attempt_000/worker_metadata.json""]",12.53286519422971,True,True
PUB-02__shallow_short__rep_0042,PUB-02,shallow_short,rep_0042,tcc_calibration_confirmatory_v1__PUB-02__shallow_short__rep_0042,"{""generation"": 3125611075, ""inference"": 3825167162, ""predictive"": 2410168554, ""resampling"": 2194778054}",artifacts/publication_campaign/tcc_calibration_confirmatory_v1/runs/PUB-02/shallow_short/rep_0042,COMPLETED,1,,artifacts/publication_campaign/tcc_calibration_confirmatory_v1/runs/PUB-02/shallow_short/rep_0042/attempt_000,"[""artifacts/publication_campaign/tcc_calibration_confirmatory_v1/runs/PUB-02/shallow_short/rep_0042/attempt_000/completion_manifest.json"", ""artifacts/publication_campaign/tcc_calibration_confirmatory_v1/runs/PUB-02/shallow_short/rep_0042/attempt_000/environment_preflight.json"", ""artifacts/publication_campaign/tcc_calibration_confirmatory_v1/runs/PUB-02/shallow_short/rep_0042/attempt_000/inference_command.json"", ""artifacts/publication_campaign/tcc_calibration_confirmatory_v1/runs/PUB-02/shallow_short/rep_0042/attempt_000/inference_config.json"", ""artifacts/publication_campaign/tcc_calibration_confirmatory_v1/runs/PUB-02/shallow_short/rep_0042/attempt_000/inference_started.json"", ""artifacts/publication_campaign/tcc_calibration_confirmatory_v1/runs/PUB-02/shallow_short/rep_0042/attempt_000/input.csv"", ""artifacts/publication_campaign/tcc_calibration_confirmatory_v1/runs/PUB-02/shallow_short/rep_0042/attempt_000/job.json"", ""artifacts/publication_campaign/tcc_calibration_confirmatory_v1/runs/PUB-02/shallow_short/rep_0042/attempt_000/predictive_summary.csv"", ""artifacts/publication_campaign/tcc_calibration_confirmatory_v1/runs/PUB-02/shallow_short/rep_0042/attempt_000/result.json"", ""artifacts/publication_campaign/tcc_calibration_confirmatory_v1/runs/PUB-02/shallow_short/rep_0042/attempt_000/sampler_summary.csv"", ""artifacts/publication_campaign/tcc_calibration_confirmatory_v1/runs/PUB-02/shallow_short/rep_0042/attempt_000/trace.nc"", ""artifacts/publication_campaign/tcc_calibration_confirmatory_v1/runs/PUB-02/shallow_short/rep_0042/attempt_000/truth.json"", ""artifacts/publication_campaign/tcc_calibration_confirmatory_v1/runs/PUB-02/shallow_short/rep_0042/attempt_000/worker_metadata.json""]",12.53286519422971,True,True
PUB-02__shallow_short__rep_0043,PUB-02,shallow_short,rep_0043,tcc_calibration_confirmatory_v1__PUB-02__shallow_short__rep_0043,"{""generation"": 471107494, ""inference"": 262227351, ""predictive"": 3554977871, ""resampling"": 3187855348}",artifacts/publication_campaign/tcc_calibration_confirmatory_v1/runs/PUB-02/shallow_short/rep_0043,COMPLETED,1,,artifacts/publication_campaign/tcc_calibration_confirmatory_v1/runs/PUB-02/shallow_short/rep_0043/attempt_000,"[""artifacts/publication_campaign/tcc_calibration_confirmatory_v1/runs/PUB-02/shallow_short/rep_0043/attempt_000/completion_manifest.json"", ""artifacts/publication_campaign/tcc_calibration_confirmatory_v1/runs/PUB-02/shallow_short/rep_0043/attempt_000/environment_preflight.json"", ""artifacts/publication_campaign/tcc_calibration_confirmatory_v1/runs/PUB-02/shallow_short/rep_0043/attempt_000/inference_command.json"", ""artifacts/publication_campaign/tcc_calibration_confirmatory_v1/runs/PUB-02/shallow_short/rep_0043/attempt_000/inference_config.json"", ""artifacts/publication_campaign/tcc_calibration_confirmatory_v1/runs/PUB-02/shallow_short/rep_0043/attempt_000/inference_started.json"", ""artifacts/publication_campaign/tcc_calibration_confirmatory_v1/runs/PUB-02/shallow_short/rep_0043/attempt_000/input.csv"", ""artifacts/publication_campaign/tcc_calibration_confirmatory_v1/runs/PUB-02/shallow_short/rep_0043/attempt_000/job.json"", ""artifacts/publication_campaign/tcc_calibration_confirmatory_v1/runs/PUB-02/shallow_short/rep_0043/attempt_000/predictive_summary.csv"", ""artifacts/publication_campaign/tcc_calibration_confirmatory_v1/runs/PUB-02/shallow_short/rep_0043/attempt_000/result.json"", ""artifacts/publication_campaign/tcc_calibration_confirmatory_v1/runs/PUB-02/shallow_short/rep_0043/attempt_000/sampler_summary.csv"", ""artifacts/publication_campaign/tcc_calibration_confirmatory_v1/runs/PUB-02/shallow_short/rep_0043/attempt_000/trace.nc"", ""artifacts/publication_campaign/tcc_calibration_confirmatory_v1/runs/PUB-02/shallow_short/rep_0043/attempt_000/truth.json"", ""artifacts/publication_campaign/tcc_calibration_confirmatory_v1/runs/PUB-02/shallow_short/rep_0043/attempt_000/worker_metadata.json""]",12.53286519422971,True,True
PUB-02__shallow_short__rep_0044,PUB-02,shallow_short,rep_0044,tcc_calibration_confirmatory_v1__PUB-02__shallow_short__rep_0044,"{""generation"": 1552352706, ""inference"": 1979309638, ""predictive"": 1304723120, ""resampling"": 1297859318}",artifacts/publication_campaign/tcc_calibration_confirmatory_v1/runs/PUB-02/shallow_short/rep_0044,COMPLETED,1,,artifacts/publication_campaign/tcc_calibration_confirmatory_v1/runs/PUB-02/shallow_short/rep_0044/attempt_000,"[""artifacts/publication_campaign/tcc_calibration_confirmatory_v1/runs/PUB-02/shallow_short/rep_0044/attempt_000/completion_manifest.json"", ""artifacts/publication_campaign/tcc_calibration_confirmatory_v1/runs/PUB-02/shallow_short/rep_0044/attempt_000/environment_preflight.json"", ""artifacts/publication_campaign/tcc_calibration_confirmatory_v1/runs/PUB-02/shallow_short/rep_0044/attempt_000/inference_command.json"", ""artifacts/publication_campaign/tcc_calibration_confirmatory_v1/runs/PUB-02/shallow_short/rep_0044/attempt_000/inference_config.json"", ""artifacts/publication_campaign/tcc_calibration_confirmatory_v1/runs/PUB-02/shallow_short/rep_0044/attempt_000/inference_started.json"", ""artifacts/publication_campaign/tcc_calibration_confirmatory_v1/runs/PUB-02/shallow_short/rep_0044/attempt_000/input.csv"", ""artifacts/publication_campaign/tcc_calibration_confirmatory_v1/runs/PUB-02/shallow_short/rep_0044/attempt_000/job.json"", ""artifacts/publication_campaign/tcc_calibration_confirmatory_v1/runs/PUB-02/shallow_short/rep_0044/attempt_000/predictive_summary.csv"", ""artifacts/publication_campaign/tcc_calibration_confirmatory_v1/runs/PUB-02/shallow_short/rep_0044/attempt_000/result.json"", ""artifacts/publication_campaign/tcc_calibration_confirmatory_v1/runs/PUB-02/shallow_short/rep_0044/attempt_000/sampler_summary.csv"", ""artifacts/publication_campaign/tcc_calibration_confirmatory_v1/runs/PUB-02/shallow_short/rep_0044/attempt_000/trace.nc"", ""artifacts/publication_campaign/tcc_calibration_confirmatory_v1/runs/PUB-02/shallow_short/rep_0044/attempt_000/truth.json"", ""artifacts/publication_campaign/tcc_calibration_confirmatory_v1/runs/PUB-02/shallow_short/rep_0044/attempt_000/worker_metadata.json""]",12.53286519422971,True,True
PUB-02__shallow_short__rep_0045,PUB-02,shallow_short,rep_0045,tcc_calibration_confirmatory_v1__PUB-02__shallow_short__rep_0045,"{""generation"": 2935374827, ""inference"": 3449899512, ""predictive"": 4161883065, ""resampling"": 3424359655}",artifacts/publication_campaign/tcc_calibration_confirmatory_v1/runs/PUB-02/shallow_short/rep_0045,COMPLETED,1,,artifacts/publication_campaign/tcc_calibration_confirmatory_v1/runs/PUB-02/shallow_short/rep_0045/attempt_000,"[""artifacts/publication_campaign/tcc_calibration_confirmatory_v1/runs/PUB-02/shallow_short/rep_0045/attempt_000/completion_manifest.json"", ""artifacts/publication_campaign/tcc_calibration_confirmatory_v1/runs/PUB-02/shallow_short/rep_0045/attempt_000/environment_preflight.json"", ""artifacts/publication_campaign/tcc_calibration_confirmatory_v1/runs/PUB-02/shallow_short/rep_0045/attempt_000/inference_command.json"", ""artifacts/publication_campaign/tcc_calibration_confirmatory_v1/runs/PUB-02/shallow_short/rep_0045/attempt_000/inference_config.json"", ""artifacts/publication_campaign/tcc_calibration_confirmatory_v1/runs/PUB-02/shallow_short/rep_0045/attempt_000/inference_started.json"", ""artifacts/publication_campaign/tcc_calibration_confirmatory_v1/runs/PUB-02/shallow_short/rep_0045/attempt_000/input.csv"", ""artifacts/publication_campaign/tcc_calibration_confirmatory_v1/runs/PUB-02/shallow_short/rep_0045/attempt_000/job.json"", ""artifacts/publication_campaign/tcc_calibration_confirmatory_v1/runs/PUB-02/shallow_short/rep_0045/attempt_000/predictive_summary.csv"", ""artifacts/publication_campaign/tcc_calibration_confirmatory_v1/runs/PUB-02/shallow_short/rep_0045/attempt_000/result.json"", ""artifacts/publication_campaign/tcc_calibration_confirmatory_v1/runs/PUB-02/shallow_short/rep_0045/attempt_000/sampler_summary.csv"", ""artifacts/publication_campaign/tcc_calibration_confirmatory_v1/runs/PUB-02/shallow_short/rep_0045/attempt_000/trace.nc"", ""artifacts/publication_campaign/tcc_calibration_confirmatory_v1/runs/PUB-02/shallow_short/rep_0045/attempt_000/truth.json"", ""artifacts/publication_campaign/tcc_calibration_confirmatory_v1/runs/PUB-02/shallow_short/rep_0045/attempt_000/worker_metadata.json""]",12.53286519422971,True,True
PUB-02__shallow_short__rep_0046,PUB-02,shallow_short,rep_0046,tcc_calibration_confirmatory_v1__PUB-02__shallow_short__rep_0046,"{""generation"": 1970787024, ""inference"": 623835773, ""predictive"": 198143144, ""resampling"": 357850654}",artifacts/publication_campaign/tcc_calibration_confirmatory_v1/runs/PUB-02/shallow_short/rep_0046,COMPLETED,1,,artifacts/publication_campaign/tcc_calibration_confirmatory_v1/runs/PUB-02/shallow_short/rep_0046/attempt_000,"[""artifacts/publication_campaign/tcc_calibration_confirmatory_v1/runs/PUB-02/shallow_short/rep_0046/attempt_000/completion_manifest.json"", ""artifacts/publication_campaign/tcc_calibration_confirmatory_v1/runs/PUB-02/shallow_short/rep_0046/attempt_000/environment_preflight.json"", ""artifacts/publication_campaign/tcc_calibration_confirmatory_v1/runs/PUB-02/shallow_short/rep_0046/attempt_000/inference_command.json"", ""artifacts/publication_campaign/tcc_calibration_confirmatory_v1/runs/PUB-02/shallow_short/rep_0046/attempt_000/inference_config.json"", ""artifacts/publication_campaign/tcc_calibration_confirmatory_v1/runs/PUB-02/shallow_short/rep_0046/attempt_000/inference_started.json"", ""artifacts/publication_campaign/tcc_calibration_confirmatory_v1/runs/PUB-02/shallow_short/rep_0046/attempt_000/input.csv"", ""artifacts/publication_campaign/tcc_calibration_confirmatory_v1/runs/PUB-02/shallow_short/rep_0046/attempt_000/job.json"", ""artifacts/publication_campaign/tcc_calibration_confirmatory_v1/runs/PUB-02/shallow_short/rep_0046/attempt_000/predictive_summary.csv"", ""artifacts/publication_campaign/tcc_calibration_confirmatory_v1/runs/PUB-02/shallow_short/rep_0046/attempt_000/result.json"", ""artifacts/publication_campaign/tcc_calibration_confirmatory_v1/runs/PUB-02/shallow_short/rep_0046/attempt_000/sampler_summary.csv"", ""artifacts/publication_campaign/tcc_calibration_confirmatory_v1/runs/PUB-02/shallow_short/rep_0046/attempt_000/trace.nc"", ""artifacts/publication_campaign/tcc_calibration_confirmatory_v1/runs/PUB-02/shallow_short/rep_0046/attempt_000/truth.json"", ""artifacts/publication_campaign/tcc_calibration_confirmatory_v1/runs/PUB-02/shallow_short/rep_0046/attempt_000/worker_metadata.json""]",12.53286519422971,True,True
PUB-02__shallow_short__rep_0047,PUB-02,shallow_short,rep_0047,tcc_calibration_confirmatory_v1__PUB-02__shallow_short__rep_0047,"{""generation"": 2558748518, ""inference"": 3469941010, ""predictive"": 1513433066, ""resampling"": 3848752057}",artifacts/publication_campaign/tcc_calibration_confirmatory_v1/runs/PUB-02/shallow_short/rep_0047,COMPLETED,1,,artifacts/publication_campaign/tcc_calibration_confirmatory_v1/runs/PUB-02/shallow_short/rep_0047/attempt_000,"[""artifacts/publication_campaign/tcc_calibration_confirmatory_v1/runs/PUB-02/shallow_short/rep_0047/attempt_000/completion_manifest.json"", ""artifacts/publication_campaign/tcc_calibration_confirmatory_v1/runs/PUB-02/shallow_short/rep_0047/attempt_000/environment_preflight.json"", ""artifacts/publication_campaign/tcc_calibration_confirmatory_v1/runs/PUB-02/shallow_short/rep_0047/attempt_000/inference_command.json"", ""artifacts/publication_campaign/tcc_calibration_confirmatory_v1/runs/PUB-02/shallow_short/rep_0047/attempt_000/inference_config.json"", ""artifacts/publication_campaign/tcc_calibration_confirmatory_v1/runs/PUB-02/shallow_short/rep_0047/attempt_000/inference_started.json"", ""artifacts/publication_campaign/tcc_calibration_confirmatory_v1/runs/PUB-02/shallow_short/rep_0047/attempt_000/input.csv"", ""artifacts/publication_campaign/tcc_calibration_confirmatory_v1/runs/PUB-02/shallow_short/rep_0047/attempt_000/job.json"", ""artifacts/publication_campaign/tcc_calibration_confirmatory_v1/runs/PUB-02/shallow_short/rep_0047/attempt_000/predictive_summary.csv"", ""artifacts/publication_campaign/tcc_calibration_confirmatory_v1/runs/PUB-02/shallow_short/rep_0047/attempt_000/result.json"", ""artifacts/publication_campaign/tcc_calibration_confirmatory_v1/runs/PUB-02/shallow_short/rep_0047/attempt_000/sampler_summary.csv"", ""artifacts/publication_campaign/tcc_calibration_confirmatory_v1/runs/PUB-02/shallow_short/rep_0047/attempt_000/trace.nc"", ""artifacts/publication_campaign/tcc_calibration_confirmatory_v1/runs/PUB-02/shallow_short/rep_0047/attempt_000/truth.json"", ""artifacts/publication_campaign/tcc_calibration_confirmatory_v1/runs/PUB-02/shallow_short/rep_0047/attempt_000/worker_metadata.json""]",12.53286519422971,True,True
PUB-02__shallow_short__rep_0048,PUB-02,shallow_short,rep_0048,tcc_calibration_confirmatory_v1__PUB-02__shallow_short__rep_0048,"{""generation"": 1483336700, ""inference"": 388448444, ""predictive"": 1612692781, ""resampling"": 2477868024}",artifacts/publication_campaign/tcc_calibration_confirmatory_v1/runs/PUB-02/shallow_short/rep_0048,COMPLETED,1,,artifacts/publication_campaign/tcc_calibration_confirmatory_v1/runs/PUB-02/shallow_short/rep_0048/attempt_000,"[""artifacts/publication_campaign/tcc_calibration_confirmatory_v1/runs/PUB-02/shallow_short/rep_0048/attempt_000/completion_manifest.json"", ""artifacts/publication_campaign/tcc_calibration_confirmatory_v1/runs/PUB-02/shallow_short/rep_0048/attempt_000/environment_preflight.json"", ""artifacts/publication_campaign/tcc_calibration_confirmatory_v1/runs/PUB-02/shallow_short/rep_0048/attempt_000/inference_command.json"", ""artifacts/publication_campaign/tcc_calibration_confirmatory_v1/runs/PUB-02/shallow_short/rep_0048/attempt_000/inference_config.json"", ""artifacts/publication_campaign/tcc_calibration_confirmatory_v1/runs/PUB-02/shallow_short/rep_0048/attempt_000/inference_started.json"", ""artifacts/publication_campaign/tcc_calibration_confirmatory_v1/runs/PUB-02/shallow_short/rep_0048/attempt_000/input.csv"", ""artifacts/publication_campaign/tcc_calibration_confirmatory_v1/runs/PUB-02/shallow_short/rep_0048/attempt_000/job.json"", ""artifacts/publication_campaign/tcc_calibration_confirmatory_v1/runs/PUB-02/shallow_short/rep_0048/attempt_000/predictive_summary.csv"", ""artifacts/publication_campaign/tcc_calibration_confirmatory_v1/runs/PUB-02/shallow_short/rep_0048/attempt_000/result.json"", ""artifacts/publication_campaign/tcc_calibration_confirmatory_v1/runs/PUB-02/shallow_short/rep_0048/attempt_000/sampler_summary.csv"", ""artifacts/publication_campaign/tcc_calibration_confirmatory_v1/runs/PUB-02/shallow_short/rep_0048/attempt_000/trace.nc"", ""artifacts/publication_campaign/tcc_calibration_confirmatory_v1/runs/PUB-02/shallow_short/rep_0048/attempt_000/truth.json"", ""artifacts/publication_campaign/tcc_calibration_confirmatory_v1/runs/PUB-02/shallow_short/rep_0048/attempt_000/worker_metadata.json""]",12.53286519422971,True,True
PUB-02__shallow_short__rep_0049,PUB-02,shallow_short,rep_0049,tcc_calibration_confirmatory_v1__PUB-02__shallow_short__rep_0049,"{""generation"": 3856679415, ""inference"": 3883633222, ""predictive"": 3516689981, ""resampling"": 436198840}",artifacts/publication_campaign/tcc_calibration_confirmatory_v1/runs/PUB-02/shallow_short/rep_0049,COMPLETED,1,,artifacts/publication_campaign/tcc_calibration_confirmatory_v1/runs/PUB-02/shallow_short/rep_0049/attempt_000,"[""artifacts/publication_campaign/tcc_calibration_confirmatory_v1/runs/PUB-02/shallow_short/rep_0049/attempt_000/completion_manifest.json"", ""artifacts/publication_campaign/tcc_calibration_confirmatory_v1/runs/PUB-02/shallow_short/rep_0049/attempt_000/environment_preflight.json"", ""artifacts/publication_campaign/tcc_calibration_confirmatory_v1/runs/PUB-02/shallow_short/rep_0049/attempt_000/inference_command.json"", ""artifacts/publication_campaign/tcc_calibration_confirmatory_v1/runs/PUB-02/shallow_short/rep_0049/attempt_000/inference_config.json"", ""artifacts/publication_campaign/tcc_calibration_confirmatory_v1/runs/PUB-02/shallow_short/rep_0049/attempt_000/inference_started.json"", ""artifacts/publication_campaign/tcc_calibration_confirmatory_v1/runs/PUB-02/shallow_short/rep_0049/attempt_000/input.csv"", ""artifacts/publication_campaign/tcc_calibration_confirmatory_v1/runs/PUB-02/shallow_short/rep_0049/attempt_000/job.json"", ""artifacts/publication_campaign/tcc_calibration_confirmatory_v1/runs/PUB-02/shallow_short/rep_0049/attempt_000/predictive_summary.csv"", ""artifacts/publication_campaign/tcc_calibration_confirmatory_v1/runs/PUB-02/shallow_short/rep_0049/attempt_000/result.json"", ""artifacts/publication_campaign/tcc_calibration_confirmatory_v1/runs/PUB-02/shallow_short/rep_0049/attempt_000/sampler_summary.csv"", ""artifacts/publication_campaign/tcc_calibration_confirmatory_v1/runs/PUB-02/shallow_short/rep_0049/attempt_000/trace.nc"", ""artifacts/publication_campaign/tcc_calibration_confirmatory_v1/runs/PUB-02/shallow_short/rep_0049/attempt_000/truth.json"", ""artifacts/publication_campaign/tcc_calibration_confirmatory_v1/runs/PUB-02/shallow_short/rep_0049/attempt_000/worker_metadata.json""]",12.53286519422971,True,True
PUB-02__shallow_short__rep_0050,PUB-02,shallow_short,rep_0050,tcc_calibration_confirmatory_v1__PUB-02__shallow_short__rep_0050,"{""generation"": 255073335, ""inference"": 1068881794, ""predictive"": 2459961219, ""resampling"": 1678018588}",artifacts/publication_campaign/tcc_calibration_confirmatory_v1/runs/PUB-02/shallow_short/rep_0050,COMPLETED,1,,artifacts/publication_campaign/tcc_calibration_confirmatory_v1/runs/PUB-02/shallow_short/rep_0050/attempt_000,"[""artifacts/publication_campaign/tcc_calibration_confirmatory_v1/runs/PUB-02/shallow_short/rep_0050/attempt_000/completion_manifest.json"", ""artifacts/publication_campaign/tcc_calibration_confirmatory_v1/runs/PUB-02/shallow_short/rep_0050/attempt_000/environment_preflight.json"", ""artifacts/publication_campaign/tcc_calibration_confirmatory_v1/runs/PUB-02/shallow_short/rep_0050/attempt_000/inference_command.json"", ""artifacts/publication_campaign/tcc_calibration_confirmatory_v1/runs/PUB-02/shallow_short/rep_0050/attempt_000/inference_config.json"", ""artifacts/publication_campaign/tcc_calibration_confirmatory_v1/runs/PUB-02/shallow_short/rep_0050/attempt_000/inference_started.json"", ""artifacts/publication_campaign/tcc_calibration_confirmatory_v1/runs/PUB-02/shallow_short/rep_0050/attempt_000/input.csv"", ""artifacts/publication_campaign/tcc_calibration_confirmatory_v1/runs/PUB-02/shallow_short/rep_0050/attempt_000/job.json"", ""artifacts/publication_campaign/tcc_calibration_confirmatory_v1/runs/PUB-02/shallow_short/rep_0050/attempt_000/predictive_summary.csv"", ""artifacts/publication_campaign/tcc_calibration_confirmatory_v1/runs/PUB-02/shallow_short/rep_0050/attempt_000/result.json"", ""artifacts/publication_campaign/tcc_calibration_confirmatory_v1/runs/PUB-02/shallow_short/rep_0050/attempt_000/sampler_summary.csv"", ""artifacts/publication_campaign/tcc_calibration_confirmatory_v1/runs/PUB-02/shallow_short/rep_0050/attempt_000/trace.nc"", ""artifacts/publication_campaign/tcc_calibration_confirmatory_v1/runs/PUB-02/shallow_short/rep_0050/attempt_000/truth.json"", ""artifacts/publication_campaign/tcc_calibration_confirmatory_v1/runs/PUB-02/shallow_short/rep_0050/attempt_000/worker_metadata.json""]",12.53286519422971,True,True
PUB-02__shallow_short__rep_0051,PUB-02,shallow_short,rep_0051,tcc_calibration_confirmatory_v1__PUB-02__shallow_short__rep_0051,"{""generation"": 1077278716, ""inference"": 4234877259, ""predictive"": 2907961453, ""resampling"": 3068087773}",artifacts/publication_campaign/tcc_calibration_confirmatory_v1/runs/PUB-02/shallow_short/rep_0051,COMPLETED,1,,artifacts/publication_campaign/tcc_calibration_confirmatory_v1/runs/PUB-02/shallow_short/rep_0051/attempt_000,"[""artifacts/publication_campaign/tcc_calibration_confirmatory_v1/runs/PUB-02/shallow_short/rep_0051/attempt_000/completion_manifest.json"", ""artifacts/publication_campaign/tcc_calibration_confirmatory_v1/runs/PUB-02/shallow_short/rep_0051/attempt_000/environment_preflight.json"", ""artifacts/publication_campaign/tcc_calibration_confirmatory_v1/runs/PUB-02/shallow_short/rep_0051/attempt_000/inference_command.json"", ""artifacts/publication_campaign/tcc_calibration_confirmatory_v1/runs/PUB-02/shallow_short/rep_0051/attempt_000/inference_config.json"", ""artifacts/publication_campaign/tcc_calibration_confirmatory_v1/runs/PUB-02/shallow_short/rep_0051/attempt_000/inference_started.json"", ""artifacts/publication_campaign/tcc_calibration_confirmatory_v1/runs/PUB-02/shallow_short/rep_0051/attempt_000/input.csv"", ""artifacts/publication_campaign/tcc_calibration_confirmatory_v1/runs/PUB-02/shallow_short/rep_0051/attempt_000/job.json"", ""artifacts/publication_campaign/tcc_calibration_confirmatory_v1/runs/PUB-02/shallow_short/rep_0051/attempt_000/predictive_summary.csv"", ""artifacts/publication_campaign/tcc_calibration_confirmatory_v1/runs/PUB-02/shallow_short/rep_0051/attempt_000/result.json"", ""artifacts/publication_campaign/tcc_calibration_confirmatory_v1/runs/PUB-02/shallow_short/rep_0051/attempt_000/sampler_summary.csv"", ""artifacts/publication_campaign/tcc_calibration_confirmatory_v1/runs/PUB-02/shallow_short/rep_0051/attempt_000/trace.nc"", ""artifacts/publication_campaign/tcc_calibration_confirmatory_v1/runs/PUB-02/shallow_short/rep_0051/attempt_000/truth.json"", ""artifacts/publication_campaign/tcc_calibration_confirmatory_v1/runs/PUB-02/shallow_short/rep_0051/attempt_000/worker_metadata.json""]",12.53286519422971,True,True
PUB-02__shallow_short__rep_0052,PUB-02,shallow_short,rep_0052,tcc_calibration_confirmatory_v1__PUB-02__shallow_short__rep_0052,"{""generation"": 3976032011, ""inference"": 1678961136, ""predictive"": 524303681, ""resampling"": 479798027}",artifacts/publication_campaign/tcc_calibration_confirmatory_v1/runs/PUB-02/shallow_short/rep_0052,COMPLETED,1,,artifacts/publication_campaign/tcc_calibration_confirmatory_v1/runs/PUB-02/shallow_short/rep_0052/attempt_000,"[""artifacts/publication_campaign/tcc_calibration_confirmatory_v1/runs/PUB-02/shallow_short/rep_0052/attempt_000/completion_manifest.json"", ""artifacts/publication_campaign/tcc_calibration_confirmatory_v1/runs/PUB-02/shallow_short/rep_0052/attempt_000/environment_preflight.json"", ""artifacts/publication_campaign/tcc_calibration_confirmatory_v1/runs/PUB-02/shallow_short/rep_0052/attempt_000/inference_command.json"", ""artifacts/publication_campaign/tcc_calibration_confirmatory_v1/runs/PUB-02/shallow_short/rep_0052/attempt_000/inference_config.json"", ""artifacts/publication_campaign/tcc_calibration_confirmatory_v1/runs/PUB-02/shallow_short/rep_0052/attempt_000/inference_started.json"", ""artifacts/publication_campaign/tcc_calibration_confirmatory_v1/runs/PUB-02/shallow_short/rep_0052/attempt_000/input.csv"", ""artifacts/publication_campaign/tcc_calibration_confirmatory_v1/runs/PUB-02/shallow_short/rep_0052/attempt_000/job.json"", ""artifacts/publication_campaign/tcc_calibration_confirmatory_v1/runs/PUB-02/shallow_short/rep_0052/attempt_000/predictive_summary.csv"", ""artifacts/publication_campaign/tcc_calibration_confirmatory_v1/runs/PUB-02/shallow_short/rep_0052/attempt_000/result.json"", ""artifacts/publication_campaign/tcc_calibration_confirmatory_v1/runs/PUB-02/shallow_short/rep_0052/attempt_000/sampler_summary.csv"", ""artifacts/publication_campaign/tcc_calibration_confirmatory_v1/runs/PUB-02/shallow_short/rep_0052/attempt_000/trace.nc"", ""artifacts/publication_campaign/tcc_calibration_confirmatory_v1/runs/PUB-02/shallow_short/rep_0052/attempt_000/truth.json"", ""artifacts/publication_campaign/tcc_calibration_confirmatory_v1/runs/PUB-02/shallow_short/rep_0052/attempt_000/worker_metadata.json""]",12.53286519422971,True,True
PUB-02__shallow_short__rep_0053,PUB-02,shallow_short,rep_0053,tcc_calibration_confirmatory_v1__PUB-02__shallow_short__rep_0053,"{""generation"": 2202493571, ""inference"": 2997667451, ""predictive"": 2987556892, ""resampling"": 141985480}",artifacts/publication_campaign/tcc_calibration_confirmatory_v1/runs/PUB-02/shallow_short/rep_0053,COMPLETED,1,,artifacts/publication_campaign/tcc_calibration_confirmatory_v1/runs/PUB-02/shallow_short/rep_0053/attempt_000,"[""artifacts/publication_campaign/tcc_calibration_confirmatory_v1/runs/PUB-02/shallow_short/rep_0053/attempt_000/completion_manifest.json"", ""artifacts/publication_campaign/tcc_calibration_confirmatory_v1/runs/PUB-02/shallow_short/rep_0053/attempt_000/environment_preflight.json"", ""artifacts/publication_campaign/tcc_calibration_confirmatory_v1/runs/PUB-02/shallow_short/rep_0053/attempt_000/inference_command.json"", ""artifacts/publication_campaign/tcc_calibration_confirmatory_v1/runs/PUB-02/shallow_short/rep_0053/attempt_000/inference_config.json"", ""artifacts/publication_campaign/tcc_calibration_confirmatory_v1/runs/PUB-02/shallow_short/rep_0053/attempt_000/inference_started.json"", ""artifacts/publication_campaign/tcc_calibration_confirmatory_v1/runs/PUB-02/shallow_short/rep_0053/attempt_000/input.csv"", ""artifacts/publication_campaign/tcc_calibration_confirmatory_v1/runs/PUB-02/shallow_short/rep_0053/attempt_000/job.json"", ""artifacts/publication_campaign/tcc_calibration_confirmatory_v1/runs/PUB-02/shallow_short/rep_0053/attempt_000/predictive_summary.csv"", ""artifacts/publication_campaign/tcc_calibration_confirmatory_v1/runs/PUB-02/shallow_short/rep_0053/attempt_000/result.json"", ""artifacts/publication_campaign/tcc_calibration_confirmatory_v1/runs/PUB-02/shallow_short/rep_0053/attempt_000/sampler_summary.csv"", ""artifacts/publication_campaign/tcc_calibration_confirmatory_v1/runs/PUB-02/shallow_short/rep_0053/attempt_000/trace.nc"", ""artifacts/publication_campaign/tcc_calibration_confirmatory_v1/runs/PUB-02/shallow_short/rep_0053/attempt_000/truth.json"", ""artifacts/publication_campaign/tcc_calibration_confirmatory_v1/runs/PUB-02/shallow_short/rep_0053/attempt_000/worker_metadata.json""]",12.53286519422971,True,True
PUB-02__shallow_short__rep_0054,PUB-02,shallow_short,rep_0054,tcc_calibration_confirmatory_v1__PUB-02__shallow_short__rep_0054,"{""generation"": 3658953974, ""inference"": 3151690425, ""predictive"": 3364033110, ""resampling"": 3282898568}",artifacts/publication_campaign/tcc_calibration_confirmatory_v1/runs/PUB-02/shallow_short/rep_0054,COMPLETED,1,,artifacts/publication_campaign/tcc_calibration_confirmatory_v1/runs/PUB-02/shallow_short/rep_0054/attempt_000,"[""artifacts/publication_campaign/tcc_calibration_confirmatory_v1/runs/PUB-02/shallow_short/rep_0054/attempt_000/completion_manifest.json"", ""artifacts/publication_campaign/tcc_calibration_confirmatory_v1/runs/PUB-02/shallow_short/rep_0054/attempt_000/environment_preflight.json"", ""artifacts/publication_campaign/tcc_calibration_confirmatory_v1/runs/PUB-02/shallow_short/rep_0054/attempt_000/inference_command.json"", ""artifacts/publication_campaign/tcc_calibration_confirmatory_v1/runs/PUB-02/shallow_short/rep_0054/attempt_000/inference_config.json"", ""artifacts/publication_campaign/tcc_calibration_confirmatory_v1/runs/PUB-02/shallow_short/rep_0054/attempt_000/inference_started.json"", ""artifacts/publication_campaign/tcc_calibration_confirmatory_v1/runs/PUB-02/shallow_short/rep_0054/attempt_000/input.csv"", ""artifacts/publication_campaign/tcc_calibration_confirmatory_v1/runs/PUB-02/shallow_short/rep_0054/attempt_000/job.json"", ""artifacts/publication_campaign/tcc_calibration_confirmatory_v1/runs/PUB-02/shallow_short/rep_0054/attempt_000/predictive_summary.csv"", ""artifacts/publication_campaign/tcc_calibration_confirmatory_v1/runs/PUB-02/shallow_short/rep_0054/attempt_000/result.json"", ""artifacts/publication_campaign/tcc_calibration_confirmatory_v1/runs/PUB-02/shallow_short/rep_0054/attempt_000/sampler_summary.csv"", ""artifacts/publication_campaign/tcc_calibration_confirmatory_v1/runs/PUB-02/shallow_short/rep_0054/attempt_000/trace.nc"", ""artifacts/publication_campaign/tcc_calibration_confirmatory_v1/runs/PUB-02/shallow_short/rep_0054/attempt_000/truth.json"", ""artifacts/publication_campaign/tcc_calibration_confirmatory_v1/runs/PUB-02/shallow_short/rep_0054/attempt_000/worker_metadata.json""]",12.53286519422971,True,True
PUB-02__shallow_short__rep_0055,PUB-02,shallow_short,rep_0055,tcc_calibration_confirmatory_v1__PUB-02__shallow_short__rep_0055,"{""generation"": 536571826, ""inference"": 1567682654, ""predictive"": 3977426979, ""resampling"": 3407038922}",artifacts/publication_campaign/tcc_calibration_confirmatory_v1/runs/PUB-02/shallow_short/rep_0055,COMPLETED,1,,artifacts/publication_campaign/tcc_calibration_confirmatory_v1/runs/PUB-02/shallow_short/rep_0055/attempt_000,"[""artifacts/publication_campaign/tcc_calibration_confirmatory_v1/runs/PUB-02/shallow_short/rep_0055/attempt_000/completion_manifest.json"", ""artifacts/publication_campaign/tcc_calibration_confirmatory_v1/runs/PUB-02/shallow_short/rep_0055/attempt_000/environment_preflight.json"", ""artifacts/publication_campaign/tcc_calibration_confirmatory_v1/runs/PUB-02/shallow_short/rep_0055/attempt_000/inference_command.json"", ""artifacts/publication_campaign/tcc_calibration_confirmatory_v1/runs/PUB-02/shallow_short/rep_0055/attempt_000/inference_config.json"", ""artifacts/publication_campaign/tcc_calibration_confirmatory_v1/runs/PUB-02/shallow_short/rep_0055/attempt_000/inference_started.json"", ""artifacts/publication_campaign/tcc_calibration_confirmatory_v1/runs/PUB-02/shallow_short/rep_0055/attempt_000/input.csv"", ""artifacts/publication_campaign/tcc_calibration_confirmatory_v1/runs/PUB-02/shallow_short/rep_0055/attempt_000/job.json"", ""artifacts/publication_campaign/tcc_calibration_confirmatory_v1/runs/PUB-02/shallow_short/rep_0055/attempt_000/predictive_summary.csv"", ""artifacts/publication_campaign/tcc_calibration_confirmatory_v1/runs/PUB-02/shallow_short/rep_0055/attempt_000/result.json"", ""artifacts/publication_campaign/tcc_calibration_confirmatory_v1/runs/PUB-02/shallow_short/rep_0055/attempt_000/sampler_summary.csv"", ""artifacts/publication_campaign/tcc_calibration_confirmatory_v1/runs/PUB-02/shallow_short/rep_0055/attempt_000/trace.nc"", ""artifacts/publication_campaign/tcc_calibration_confirmatory_v1/runs/PUB-02/shallow_short/rep_0055/attempt_000/truth.json"", ""artifacts/publication_campaign/tcc_calibration_confirmatory_v1/runs/PUB-02/shallow_short/rep_0055/attempt_000/worker_metadata.json""]",12.53286519422971,True,True
PUB-02__shallow_short__rep_0056,PUB-02,shallow_short,rep_0056,tcc_calibration_confirmatory_v1__PUB-02__shallow_short__rep_0056,"{""generation"": 4010383594, ""inference"": 295381121, ""predictive"": 1536952930, ""resampling"": 3462466456}",artifacts/publication_campaign/tcc_calibration_confirmatory_v1/runs/PUB-02/shallow_short/rep_0056,COMPLETED,1,,artifacts/publication_campaign/tcc_calibration_confirmatory_v1/runs/PUB-02/shallow_short/rep_0056/attempt_000,"[""artifacts/publication_campaign/tcc_calibration_confirmatory_v1/runs/PUB-02/shallow_short/rep_0056/attempt_000/completion_manifest.json"", ""artifacts/publication_campaign/tcc_calibration_confirmatory_v1/runs/PUB-02/shallow_short/rep_0056/attempt_000/environment_preflight.json"", ""artifacts/publication_campaign/tcc_calibration_confirmatory_v1/runs/PUB-02/shallow_short/rep_0056/attempt_000/inference_command.json"", ""artifacts/publication_campaign/tcc_calibration_confirmatory_v1/runs/PUB-02/shallow_short/rep_0056/attempt_000/inference_config.json"", ""artifacts/publication_campaign/tcc_calibration_confirmatory_v1/runs/PUB-02/shallow_short/rep_0056/attempt_000/inference_started.json"", ""artifacts/publication_campaign/tcc_calibration_confirmatory_v1/runs/PUB-02/shallow_short/rep_0056/attempt_000/input.csv"", ""artifacts/publication_campaign/tcc_calibration_confirmatory_v1/runs/PUB-02/shallow_short/rep_0056/attempt_000/job.json"", ""artifacts/publication_campaign/tcc_calibration_confirmatory_v1/runs/PUB-02/shallow_short/rep_0056/attempt_000/predictive_summary.csv"", ""artifacts/publication_campaign/tcc_calibration_confirmatory_v1/runs/PUB-02/shallow_short/rep_0056/attempt_000/result.json"", ""artifacts/publication_campaign/tcc_calibration_confirmatory_v1/runs/PUB-02/shallow_short/rep_0056/attempt_000/sampler_summary.csv"", ""artifacts/publication_campaign/tcc_calibration_confirmatory_v1/runs/PUB-02/shallow_short/rep_0056/attempt_000/trace.nc"", ""artifacts/publication_campaign/tcc_calibration_confirmatory_v1/runs/PUB-02/shallow_short/rep_0056/attempt_000/truth.json"", ""artifacts/publication_campaign/tcc_calibration_confirmatory_v1/runs/PUB-02/shallow_short/rep_0056/attempt_000/worker_metadata.json""]",12.53286519422971,True,True
PUB-02__shallow_short__rep_0057,PUB-02,shallow_short,rep_0057,tcc_calibration_confirmatory_v1__PUB-02__shallow_short__rep_0057,"{""generation"": 715113421, ""inference"": 2445781739, ""predictive"": 858931604, ""resampling"": 675400103}",artifacts/publication_campaign/tcc_calibration_confirmatory_v1/runs/PUB-02/shallow_short/rep_0057,COMPLETED,1,,artifacts/publication_campaign/tcc_calibration_confirmatory_v1/runs/PUB-02/shallow_short/rep_0057/attempt_000,"[""artifacts/publication_campaign/tcc_calibration_confirmatory_v1/runs/PUB-02/shallow_short/rep_0057/attempt_000/completion_manifest.json"", ""artifacts/publication_campaign/tcc_calibration_confirmatory_v1/runs/PUB-02/shallow_short/rep_0057/attempt_000/environment_preflight.json"", ""artifacts/publication_campaign/tcc_calibration_confirmatory_v1/runs/PUB-02/shallow_short/rep_0057/attempt_000/inference_command.json"", ""artifacts/publication_campaign/tcc_calibration_confirmatory_v1/runs/PUB-02/shallow_short/rep_0057/attempt_000/inference_config.json"", ""artifacts/publication_campaign/tcc_calibration_confirmatory_v1/runs/PUB-02/shallow_short/rep_0057/attempt_000/inference_started.json"", ""artifacts/publication_campaign/tcc_calibration_confirmatory_v1/runs/PUB-02/shallow_short/rep_0057/attempt_000/input.csv"", ""artifacts/publication_campaign/tcc_calibration_confirmatory_v1/runs/PUB-02/shallow_short/rep_0057/attempt_000/job.json"", ""artifacts/publication_campaign/tcc_calibration_confirmatory_v1/runs/PUB-02/shallow_short/rep_0057/attempt_000/predictive_summary.csv"", ""artifacts/publication_campaign/tcc_calibration_confirmatory_v1/runs/PUB-02/shallow_short/rep_0057/attempt_000/result.json"", ""artifacts/publication_campaign/tcc_calibration_confirmatory_v1/runs/PUB-02/shallow_short/rep_0057/attempt_000/sampler_summary.csv"", ""artifacts/publication_campaign/tcc_calibration_confirmatory_v1/runs/PUB-02/shallow_short/rep_0057/attempt_000/trace.nc"", ""artifacts/publication_campaign/tcc_calibration_confirmatory_v1/runs/PUB-02/shallow_short/rep_0057/attempt_000/truth.json"", ""artifacts/publication_campaign/tcc_calibration_confirmatory_v1/runs/PUB-02/shallow_short/rep_0057/attempt_000/worker_metadata.json""]",12.53286519422971,True,True
PUB-02__shallow_short__rep_0058,PUB-02,shallow_short,rep_0058,tcc_calibration_confirmatory_v1__PUB-02__shallow_short__rep_0058,"{""generation"": 2271433984, ""inference"": 360413797, ""predictive"": 1249314754, ""resampling"": 2351377453}",artifacts/publication_campaign/tcc_calibration_confirmatory_v1/runs/PUB-02/shallow_short/rep_0058,COMPLETED,1,,artifacts/publication_campaign/tcc_calibration_confirmatory_v1/runs/PUB-02/shallow_short/rep_0058/attempt_000,"[""artifacts/publication_campaign/tcc_calibration_confirmatory_v1/runs/PUB-02/shallow_short/rep_0058/attempt_000/completion_manifest.json"", ""artifacts/publication_campaign/tcc_calibration_confirmatory_v1/runs/PUB-02/shallow_short/rep_0058/attempt_000/environment_preflight.json"", ""artifacts/publication_campaign/tcc_calibration_confirmatory_v1/runs/PUB-02/shallow_short/rep_0058/attempt_000/inference_command.json"", ""artifacts/publication_campaign/tcc_calibration_confirmatory_v1/runs/PUB-02/shallow_short/rep_0058/attempt_000/inference_config.json"", ""artifacts/publication_campaign/tcc_calibration_confirmatory_v1/runs/PUB-02/shallow_short/rep_0058/attempt_000/inference_started.json"", ""artifacts/publication_campaign/tcc_calibration_confirmatory_v1/runs/PUB-02/shallow_short/rep_0058/attempt_000/input.csv"", ""artifacts/publication_campaign/tcc_calibration_confirmatory_v1/runs/PUB-02/shallow_short/rep_0058/attempt_000/job.json"", ""artifacts/publication_campaign/tcc_calibration_confirmatory_v1/runs/PUB-02/shallow_short/rep_0058/attempt_000/predictive_summary.csv"", ""artifacts/publication_campaign/tcc_calibration_confirmatory_v1/runs/PUB-02/shallow_short/rep_0058/attempt_000/result.json"", ""artifacts/publication_campaign/tcc_calibration_confirmatory_v1/runs/PUB-02/shallow_short/rep_0058/attempt_000/sampler_summary.csv"", ""artifacts/publication_campaign/tcc_calibration_confirmatory_v1/runs/PUB-02/shallow_short/rep_0058/attempt_000/trace.nc"", ""artifacts/publication_campaign/tcc_calibration_confirmatory_v1/runs/PUB-02/shallow_short/rep_0058/attempt_000/truth.json"", ""artifacts/publication_campaign/tcc_calibration_confirmatory_v1/runs/PUB-02/shallow_short/rep_0058/attempt_000/worker_metadata.json""]",12.53286519422971,True,True
PUB-02__shallow_short__rep_0059,PUB-02,shallow_short,rep_0059,tcc_calibration_confirmatory_v1__PUB-02__shallow_short__rep_0059,"{""generation"": 4060167222, ""inference"": 1165420548, ""predictive"": 1439805849, ""resampling"": 3859956581}",artifacts/publication_campaign/tcc_calibration_confirmatory_v1/runs/PUB-02/shallow_short/rep_0059,COMPLETED,1,,artifacts/publication_campaign/tcc_calibration_confirmatory_v1/runs/PUB-02/shallow_short/rep_0059/attempt_000,"[""artifacts/publication_campaign/tcc_calibration_confirmatory_v1/runs/PUB-02/shallow_short/rep_0059/attempt_000/completion_manifest.json"", ""artifacts/publication_campaign/tcc_calibration_confirmatory_v1/runs/PUB-02/shallow_short/rep_0059/attempt_000/environment_preflight.json"", ""artifacts/publication_campaign/tcc_calibration_confirmatory_v1/runs/PUB-02/shallow_short/rep_0059/attempt_000/inference_command.json"", ""artifacts/publication_campaign/tcc_calibration_confirmatory_v1/runs/PUB-02/shallow_short/rep_0059/attempt_000/inference_config.json"", ""artifacts/publication_campaign/tcc_calibration_confirmatory_v1/runs/PUB-02/shallow_short/rep_0059/attempt_000/inference_started.json"", ""artifacts/publication_campaign/tcc_calibration_confirmatory_v1/runs/PUB-02/shallow_short/rep_0059/attempt_000/input.csv"", ""artifacts/publication_campaign/tcc_calibration_confirmatory_v1/runs/PUB-02/shallow_short/rep_0059/attempt_000/job.json"", ""artifacts/publication_campaign/tcc_calibration_confirmatory_v1/runs/PUB-02/shallow_short/rep_0059/attempt_000/predictive_summary.csv"", ""artifacts/publication_campaign/tcc_calibration_confirmatory_v1/runs/PUB-02/shallow_short/rep_0059/attempt_000/result.json"", ""artifacts/publication_campaign/tcc_calibration_confirmatory_v1/runs/PUB-02/shallow_short/rep_0059/attempt_000/sampler_summary.csv"", ""artifacts/publication_campaign/tcc_calibration_confirmatory_v1/runs/PUB-02/shallow_short/rep_0059/attempt_000/trace.nc"", ""artifacts/publication_campaign/tcc_calibration_confirmatory_v1/runs/PUB-02/shallow_short/rep_0059/attempt_000/truth.json"", ""artifacts/publication_campaign/tcc_calibration_confirmatory_v1/runs/PUB-02/shallow_short/rep_0059/attempt_000/worker_metadata.json""]",12.53286519422971,True,True
PUB-02__shallow_short__rep_0060,PUB-02,shallow_short,rep_0060,tcc_calibration_confirmatory_v1__PUB-02__shallow_short__rep_0060,"{""generation"": 4164742604, ""inference"": 2706649143, ""predictive"": 653728385, ""resampling"": 2809817080}",artifacts/publication_campaign/tcc_calibration_confirmatory_v1/runs/PUB-02/shallow_short/rep_0060,COMPLETED,1,,artifacts/publication_campaign/tcc_calibration_confirmatory_v1/runs/PUB-02/shallow_short/rep_0060/attempt_000,"[""artifacts/publication_campaign/tcc_calibration_confirmatory_v1/runs/PUB-02/shallow_short/rep_0060/attempt_000/completion_manifest.json"", ""artifacts/publication_campaign/tcc_calibration_confirmatory_v1/runs/PUB-02/shallow_short/rep_0060/attempt_000/environment_preflight.json"", ""artifacts/publication_campaign/tcc_calibration_confirmatory_v1/runs/PUB-02/shallow_short/rep_0060/attempt_000/inference_command.json"", ""artifacts/publication_campaign/tcc_calibration_confirmatory_v1/runs/PUB-02/shallow_short/rep_0060/attempt_000/inference_config.json"", ""artifacts/publication_campaign/tcc_calibration_confirmatory_v1/runs/PUB-02/shallow_short/rep_0060/attempt_000/inference_started.json"", ""artifacts/publication_campaign/tcc_calibration_confirmatory_v1/runs/PUB-02/shallow_short/rep_0060/attempt_000/input.csv"", ""artifacts/publication_campaign/tcc_calibration_confirmatory_v1/runs/PUB-02/shallow_short/rep_0060/attempt_000/job.json"", ""artifacts/publication_campaign/tcc_calibration_confirmatory_v1/runs/PUB-02/shallow_short/rep_0060/attempt_000/predictive_summary.csv"", ""artifacts/publication_campaign/tcc_calibration_confirmatory_v1/runs/PUB-02/shallow_short/rep_0060/attempt_000/result.json"", ""artifacts/publication_campaign/tcc_calibration_confirmatory_v1/runs/PUB-02/shallow_short/rep_0060/attempt_000/sampler_summary.csv"", ""artifacts/publication_campaign/tcc_calibration_confirmatory_v1/runs/PUB-02/shallow_short/rep_0060/attempt_000/trace.nc"", ""artifacts/publication_campaign/tcc_calibration_confirmatory_v1/runs/PUB-02/shallow_short/rep_0060/attempt_000/truth.json"", ""artifacts/publication_campaign/tcc_calibration_confirmatory_v1/runs/PUB-02/shallow_short/rep_0060/attempt_000/worker_metadata.json""]",12.53286519422971,True,True
PUB-02__shallow_short__rep_0061,PUB-02,shallow_short,rep_0061,tcc_calibration_confirmatory_v1__PUB-02__shallow_short__rep_0061,"{""generation"": 1947333220, ""inference"": 310870958, ""predictive"": 2151547916, ""resampling"": 1888421819}",artifacts/publication_campaign/tcc_calibration_confirmatory_v1/runs/PUB-02/shallow_short/rep_0061,COMPLETED_REJECTED,1,,artifacts/publication_campaign/tcc_calibration_confirmatory_v1/runs/PUB-02/shallow_short/rep_0061/attempt_000,"[""artifacts/publication_campaign/tcc_calibration_confirmatory_v1/runs/PUB-02/shallow_short/rep_0061/attempt_000/completion_manifest.json"", ""artifacts/publication_campaign/tcc_calibration_confirmatory_v1/runs/PUB-02/shallow_short/rep_0061/attempt_000/environment_preflight.json"", ""artifacts/publication_campaign/tcc_calibration_confirmatory_v1/runs/PUB-02/shallow_short/rep_0061/attempt_000/inference_command.json"", ""artifacts/publication_campaign/tcc_calibration_confirmatory_v1/runs/PUB-02/shallow_short/rep_0061/attempt_000/inference_config.json"", ""artifacts/publication_campaign/tcc_calibration_confirmatory_v1/runs/PUB-02/shallow_short/rep_0061/attempt_000/inference_started.json"", ""artifacts/publication_campaign/tcc_calibration_confirmatory_v1/runs/PUB-02/shallow_short/rep_0061/attempt_000/input.csv"", ""artifacts/publication_campaign/tcc_calibration_confirmatory_v1/runs/PUB-02/shallow_short/rep_0061/attempt_000/job.json"", ""artifacts/publication_campaign/tcc_calibration_confirmatory_v1/runs/PUB-02/shallow_short/rep_0061/attempt_000/predictive_summary.csv"", ""artifacts/publication_campaign/tcc_calibration_confirmatory_v1/runs/PUB-02/shallow_short/rep_0061/attempt_000/result.json"", ""artifacts/publication_campaign/tcc_calibration_confirmatory_v1/runs/PUB-02/shallow_short/rep_0061/attempt_000/sampler_summary.csv"", ""artifacts/publication_campaign/tcc_calibration_confirmatory_v1/runs/PUB-02/shallow_short/rep_0061/attempt_000/trace.nc"", ""artifacts/publication_campaign/tcc_calibration_confirmatory_v1/runs/PUB-02/shallow_short/rep_0061/attempt_000/truth.json"", ""artifacts/publication_campaign/tcc_calibration_confirmatory_v1/runs/PUB-02/shallow_short/rep_0061/attempt_000/worker_metadata.json""]",12.53286519422971,False,False
PUB-02__shallow_short__rep_0062,PUB-02,shallow_short,rep_0062,tcc_calibration_confirmatory_v1__PUB-02__shallow_short__rep_0062,"{""generation"": 3184920072, ""inference"": 790948904, ""predictive"": 1298795504, ""resampling"": 3871679176}",artifacts/publication_campaign/tcc_calibration_confirmatory_v1/runs/PUB-02/shallow_short/rep_0062,COMPLETED,1,,artifacts/publication_campaign/tcc_calibration_confirmatory_v1/runs/PUB-02/shallow_short/rep_0062/attempt_000,"[""artifacts/publication_campaign/tcc_calibration_confirmatory_v1/runs/PUB-02/shallow_short/rep_0062/attempt_000/completion_manifest.json"", ""artifacts/publication_campaign/tcc_calibration_confirmatory_v1/runs/PUB-02/shallow_short/rep_0062/attempt_000/environment_preflight.json"", ""artifacts/publication_campaign/tcc_calibration_confirmatory_v1/runs/PUB-02/shallow_short/rep_0062/attempt_000/inference_command.json"", ""artifacts/publication_campaign/tcc_calibration_confirmatory_v1/runs/PUB-02/shallow_short/rep_0062/attempt_000/inference_config.json"", ""artifacts/publication_campaign/tcc_calibration_confirmatory_v1/runs/PUB-02/shallow_short/rep_0062/attempt_000/inference_started.json"", ""artifacts/publication_campaign/tcc_calibration_confirmatory_v1/runs/PUB-02/shallow_short/rep_0062/attempt_000/input.csv"", ""artifacts/publication_campaign/tcc_calibration_confirmatory_v1/runs/PUB-02/shallow_short/rep_0062/attempt_000/job.json"", ""artifacts/publication_campaign/tcc_calibration_confirmatory_v1/runs/PUB-02/shallow_short/rep_0062/attempt_000/predictive_summary.csv"", ""artifacts/publication_campaign/tcc_calibration_confirmatory_v1/runs/PUB-02/shallow_short/rep_0062/attempt_000/result.json"", ""artifacts/publication_campaign/tcc_calibration_confirmatory_v1/runs/PUB-02/shallow_short/rep_0062/attempt_000/sampler_summary.csv"", ""artifacts/publication_campaign/tcc_calibration_confirmatory_v1/runs/PUB-02/shallow_short/rep_0062/attempt_000/trace.nc"", ""artifacts/publication_campaign/tcc_calibration_confirmatory_v1/runs/PUB-02/shallow_short/rep_0062/attempt_000/truth.json"", ""artifacts/publication_campaign/tcc_calibration_confirmatory_v1/runs/PUB-02/shallow_short/rep_0062/attempt_000/worker_metadata.json""]",12.53286519422971,True,True
PUB-02__shallow_short__rep_0063,PUB-02,shallow_short,rep_0063,tcc_calibration_confirmatory_v1__PUB-02__shallow_short__rep_0063,"{""generation"": 83203185, ""inference"": 1595310378, ""predictive"": 47000796, ""resampling"": 1257091997}",artifacts/publication_campaign/tcc_calibration_confirmatory_v1/runs/PUB-02/shallow_short/rep_0063,COMPLETED,1,,artifacts/publication_campaign/tcc_calibration_confirmatory_v1/runs/PUB-02/shallow_short/rep_0063/attempt_000,"[""artifacts/publication_campaign/tcc_calibration_confirmatory_v1/runs/PUB-02/shallow_short/rep_0063/attempt_000/completion_manifest.json"", ""artifacts/publication_campaign/tcc_calibration_confirmatory_v1/runs/PUB-02/shallow_short/rep_0063/attempt_000/environment_preflight.json"", ""artifacts/publication_campaign/tcc_calibration_confirmatory_v1/runs/PUB-02/shallow_short/rep_0063/attempt_000/inference_command.json"", ""artifacts/publication_campaign/tcc_calibration_confirmatory_v1/runs/PUB-02/shallow_short/rep_0063/attempt_000/inference_config.json"", ""artifacts/publication_campaign/tcc_calibration_confirmatory_v1/runs/PUB-02/shallow_short/rep_0063/attempt_000/inference_started.json"", ""artifacts/publication_campaign/tcc_calibration_confirmatory_v1/runs/PUB-02/shallow_short/rep_0063/attempt_000/input.csv"", ""artifacts/publication_campaign/tcc_calibration_confirmatory_v1/runs/PUB-02/shallow_short/rep_0063/attempt_000/job.json"", ""artifacts/publication_campaign/tcc_calibration_confirmatory_v1/runs/PUB-02/shallow_short/rep_0063/attempt_000/predictive_summary.csv"", ""artifacts/publication_campaign/tcc_calibration_confirmatory_v1/runs/PUB-02/shallow_short/rep_0063/attempt_000/result.json"", ""artifacts/publication_campaign/tcc_calibration_confirmatory_v1/runs/PUB-02/shallow_short/rep_0063/attempt_000/sampler_summary.csv"", ""artifacts/publication_campaign/tcc_calibration_confirmatory_v1/runs/PUB-02/shallow_short/rep_0063/attempt_000/trace.nc"", ""artifacts/publication_campaign/tcc_calibration_confirmatory_v1/runs/PUB-02/shallow_short/rep_0063/attempt_000/truth.json"", ""artifacts/publication_campaign/tcc_calibration_confirmatory_v1/runs/PUB-02/shallow_short/rep_0063/attempt_000/worker_metadata.json""]",12.53286519422971,True,True
PUB-02__shallow_short__rep_0064,PUB-02,shallow_short,rep_0064,tcc_calibration_confirmatory_v1__PUB-02__shallow_short__rep_0064,"{""generation"": 1556826078, ""inference"": 2555364254, ""predictive"": 3704246728, ""resampling"": 695067018}",artifacts/publication_campaign/tcc_calibration_confirmatory_v1/runs/PUB-02/shallow_short/rep_0064,COMPLETED,1,,artifacts/publication_campaign/tcc_calibration_confirmatory_v1/runs/PUB-02/shallow_short/rep_0064/attempt_000,"[""artifacts/publication_campaign/tcc_calibration_confirmatory_v1/runs/PUB-02/shallow_short/rep_0064/attempt_000/completion_manifest.json"", ""artifacts/publication_campaign/tcc_calibration_confirmatory_v1/runs/PUB-02/shallow_short/rep_0064/attempt_000/environment_preflight.json"", ""artifacts/publication_campaign/tcc_calibration_confirmatory_v1/runs/PUB-02/shallow_short/rep_0064/attempt_000/inference_command.json"", ""artifacts/publication_campaign/tcc_calibration_confirmatory_v1/runs/PUB-02/shallow_short/rep_0064/attempt_000/inference_config.json"", ""artifacts/publication_campaign/tcc_calibration_confirmatory_v1/runs/PUB-02/shallow_short/rep_0064/attempt_000/inference_started.json"", ""artifacts/publication_campaign/tcc_calibration_confirmatory_v1/runs/PUB-02/shallow_short/rep_0064/attempt_000/input.csv"", ""artifacts/publication_campaign/tcc_calibration_confirmatory_v1/runs/PUB-02/shallow_short/rep_0064/attempt_000/job.json"", ""artifacts/publication_campaign/tcc_calibration_confirmatory_v1/runs/PUB-02/shallow_short/rep_0064/attempt_000/predictive_summary.csv"", ""artifacts/publication_campaign/tcc_calibration_confirmatory_v1/runs/PUB-02/shallow_short/rep_0064/attempt_000/result.json"", ""artifacts/publication_campaign/tcc_calibration_confirmatory_v1/runs/PUB-02/shallow_short/rep_0064/attempt_000/sampler_summary.csv"", ""artifacts/publication_campaign/tcc_calibration_confirmatory_v1/runs/PUB-02/shallow_short/rep_0064/attempt_000/trace.nc"", ""artifacts/publication_campaign/tcc_calibration_confirmatory_v1/runs/PUB-02/shallow_short/rep_0064/attempt_000/truth.json"", ""artifacts/publication_campaign/tcc_calibration_confirmatory_v1/runs/PUB-02/shallow_short/rep_0064/attempt_000/worker_metadata.json""]",12.53286519422971,True,True
PUB-02__shallow_short__rep_0065,PUB-02,shallow_short,rep_0065,tcc_calibration_confirmatory_v1__PUB-02__shallow_short__rep_0065,"{""generation"": 3752876433, ""inference"": 2769742571, ""predictive"": 3522918605, ""resampling"": 2955353230}",artifacts/publication_campaign/tcc_calibration_confirmatory_v1/runs/PUB-02/shallow_short/rep_0065,COMPLETED,1,,artifacts/publication_campaign/tcc_calibration_confirmatory_v1/runs/PUB-02/shallow_short/rep_0065/attempt_000,"[""artifacts/publication_campaign/tcc_calibration_confirmatory_v1/runs/PUB-02/shallow_short/rep_0065/attempt_000/completion_manifest.json"", ""artifacts/publication_campaign/tcc_calibration_confirmatory_v1/runs/PUB-02/shallow_short/rep_0065/attempt_000/environment_preflight.json"", ""artifacts/publication_campaign/tcc_calibration_confirmatory_v1/runs/PUB-02/shallow_short/rep_0065/attempt_000/inference_command.json"", ""artifacts/publication_campaign/tcc_calibration_confirmatory_v1/runs/PUB-02/shallow_short/rep_0065/attempt_000/inference_config.json"", ""artifacts/publication_campaign/tcc_calibration_confirmatory_v1/runs/PUB-02/shallow_short/rep_0065/attempt_000/inference_started.json"", ""artifacts/publication_campaign/tcc_calibration_confirmatory_v1/runs/PUB-02/shallow_short/rep_0065/attempt_000/input.csv"", ""artifacts/publication_campaign/tcc_calibration_confirmatory_v1/runs/PUB-02/shallow_short/rep_0065/attempt_000/job.json"", ""artifacts/publication_campaign/tcc_calibration_confirmatory_v1/runs/PUB-02/shallow_short/rep_0065/attempt_000/predictive_summary.csv"", ""artifacts/publication_campaign/tcc_calibration_confirmatory_v1/runs/PUB-02/shallow_short/rep_0065/attempt_000/result.json"", ""artifacts/publication_campaign/tcc_calibration_confirmatory_v1/runs/PUB-02/shallow_short/rep_0065/attempt_000/sampler_summary.csv"", ""artifacts/publication_campaign/tcc_calibration_confirmatory_v1/runs/PUB-02/shallow_short/rep_0065/attempt_000/trace.nc"", ""artifacts/publication_campaign/tcc_calibration_confirmatory_v1/runs/PUB-02/shallow_short/rep_0065/attempt_000/truth.json"", ""artifacts/publication_campaign/tcc_calibration_confirmatory_v1/runs/PUB-02/shallow_short/rep_0065/attempt_000/worker_metadata.json""]",12.53286519422971,True,True
PUB-02__shallow_short__rep_0066,PUB-02,shallow_short,rep_0066,tcc_calibration_confirmatory_v1__PUB-02__shallow_short__rep_0066,"{""generation"": 3035625296, ""inference"": 1666714733, ""predictive"": 1352938464, ""resampling"": 4245691147}",artifacts/publication_campaign/tcc_calibration_confirmatory_v1/runs/PUB-02/shallow_short/rep_0066,COMPLETED,1,,artifacts/publication_campaign/tcc_calibration_confirmatory_v1/runs/PUB-02/shallow_short/rep_0066/attempt_000,"[""artifacts/publication_campaign/tcc_calibration_confirmatory_v1/runs/PUB-02/shallow_short/rep_0066/attempt_000/completion_manifest.json"", ""artifacts/publication_campaign/tcc_calibration_confirmatory_v1/runs/PUB-02/shallow_short/rep_0066/attempt_000/environment_preflight.json"", ""artifacts/publication_campaign/tcc_calibration_confirmatory_v1/runs/PUB-02/shallow_short/rep_0066/attempt_000/inference_command.json"", ""artifacts/publication_campaign/tcc_calibration_confirmatory_v1/runs/PUB-02/shallow_short/rep_0066/attempt_000/inference_config.json"", ""artifacts/publication_campaign/tcc_calibration_confirmatory_v1/runs/PUB-02/shallow_short/rep_0066/attempt_000/inference_started.json"", ""artifacts/publication_campaign/tcc_calibration_confirmatory_v1/runs/PUB-02/shallow_short/rep_0066/attempt_000/input.csv"", ""artifacts/publication_campaign/tcc_calibration_confirmatory_v1/runs/PUB-02/shallow_short/rep_0066/attempt_000/job.json"", ""artifacts/publication_campaign/tcc_calibration_confirmatory_v1/runs/PUB-02/shallow_short/rep_0066/attempt_000/predictive_summary.csv"", ""artifacts/publication_campaign/tcc_calibration_confirmatory_v1/runs/PUB-02/shallow_short/rep_0066/attempt_000/result.json"", ""artifacts/publication_campaign/tcc_calibration_confirmatory_v1/runs/PUB-02/shallow_short/rep_0066/attempt_000/sampler_summary.csv"", ""artifacts/publication_campaign/tcc_calibration_confirmatory_v1/runs/PUB-02/shallow_short/rep_0066/attempt_000/trace.nc"", ""artifacts/publication_campaign/tcc_calibration_confirmatory_v1/runs/PUB-02/shallow_short/rep_0066/attempt_000/truth.json"", ""artifacts/publication_campaign/tcc_calibration_confirmatory_v1/runs/PUB-02/shallow_short/rep_0066/attempt_000/worker_metadata.json""]",12.53286519422971,True,True
PUB-02__shallow_short__rep_0067,PUB-02,shallow_short,rep_0067,tcc_calibration_confirmatory_v1__PUB-02__shallow_short__rep_0067,"{""generation"": 849480423, ""inference"": 674749462, ""predictive"": 339561651, ""resampling"": 548315773}",artifacts/publication_campaign/tcc_calibration_confirmatory_v1/runs/PUB-02/shallow_short/rep_0067,COMPLETED,1,,artifacts/publication_campaign/tcc_calibration_confirmatory_v1/runs/PUB-02/shallow_short/rep_0067/attempt_000,"[""artifacts/publication_campaign/tcc_calibration_confirmatory_v1/runs/PUB-02/shallow_short/rep_0067/attempt_000/completion_manifest.json"", ""artifacts/publication_campaign/tcc_calibration_confirmatory_v1/runs/PUB-02/shallow_short/rep_0067/attempt_000/environment_preflight.json"", ""artifacts/publication_campaign/tcc_calibration_confirmatory_v1/runs/PUB-02/shallow_short/rep_0067/attempt_000/inference_command.json"", ""artifacts/publication_campaign/tcc_calibration_confirmatory_v1/runs/PUB-02/shallow_short/rep_0067/attempt_000/inference_config.json"", ""artifacts/publication_campaign/tcc_calibration_confirmatory_v1/runs/PUB-02/shallow_short/rep_0067/attempt_000/inference_started.json"", ""artifacts/publication_campaign/tcc_calibration_confirmatory_v1/runs/PUB-02/shallow_short/rep_0067/attempt_000/input.csv"", ""artifacts/publication_campaign/tcc_calibration_confirmatory_v1/runs/PUB-02/shallow_short/rep_0067/attempt_000/job.json"", ""artifacts/publication_campaign/tcc_calibration_confirmatory_v1/runs/PUB-02/shallow_short/rep_0067/attempt_000/predictive_summary.csv"", ""artifacts/publication_campaign/tcc_calibration_confirmatory_v1/runs/PUB-02/shallow_short/rep_0067/attempt_000/result.json"", ""artifacts/publication_campaign/tcc_calibration_confirmatory_v1/runs/PUB-02/shallow_short/rep_0067/attempt_000/sampler_summary.csv"", ""artifacts/publication_campaign/tcc_calibration_confirmatory_v1/runs/PUB-02/shallow_short/rep_0067/attempt_000/trace.nc"", ""artifacts/publication_campaign/tcc_calibration_confirmatory_v1/runs/PUB-02/shallow_short/rep_0067/attempt_000/truth.json"", ""artifacts/publication_campaign/tcc_calibration_confirmatory_v1/runs/PUB-02/shallow_short/rep_0067/attempt_000/worker_metadata.json""]",12.53286519422971,True,True
PUB-02__shallow_short__rep_0068,PUB-02,shallow_short,rep_0068,tcc_calibration_confirmatory_v1__PUB-02__shallow_short__rep_0068,"{""generation"": 2848140862, ""inference"": 2793426491, ""predictive"": 2852250766, ""resampling"": 4258172199}",artifacts/publication_campaign/tcc_calibration_confirmatory_v1/runs/PUB-02/shallow_short/rep_0068,COMPLETED_REJECTED,1,,artifacts/publication_campaign/tcc_calibration_confirmatory_v1/runs/PUB-02/shallow_short/rep_0068/attempt_000,"[""artifacts/publication_campaign/tcc_calibration_confirmatory_v1/runs/PUB-02/shallow_short/rep_0068/attempt_000/completion_manifest.json"", ""artifacts/publication_campaign/tcc_calibration_confirmatory_v1/runs/PUB-02/shallow_short/rep_0068/attempt_000/environment_preflight.json"", ""artifacts/publication_campaign/tcc_calibration_confirmatory_v1/runs/PUB-02/shallow_short/rep_0068/attempt_000/inference_command.json"", ""artifacts/publication_campaign/tcc_calibration_confirmatory_v1/runs/PUB-02/shallow_short/rep_0068/attempt_000/inference_config.json"", ""artifacts/publication_campaign/tcc_calibration_confirmatory_v1/runs/PUB-02/shallow_short/rep_0068/attempt_000/inference_started.json"", ""artifacts/publication_campaign/tcc_calibration_confirmatory_v1/runs/PUB-02/shallow_short/rep_0068/attempt_000/input.csv"", ""artifacts/publication_campaign/tcc_calibration_confirmatory_v1/runs/PUB-02/shallow_short/rep_0068/attempt_000/job.json"", ""artifacts/publication_campaign/tcc_calibration_confirmatory_v1/runs/PUB-02/shallow_short/rep_0068/attempt_000/predictive_summary.csv"", ""artifacts/publication_campaign/tcc_calibration_confirmatory_v1/runs/PUB-02/shallow_short/rep_0068/attempt_000/result.json"", ""artifacts/publication_campaign/tcc_calibration_confirmatory_v1/runs/PUB-02/shallow_short/rep_0068/attempt_000/sampler_summary.csv"", ""artifacts/publication_campaign/tcc_calibration_confirmatory_v1/runs/PUB-02/shallow_short/rep_0068/attempt_000/trace.nc"", ""artifacts/publication_campaign/tcc_calibration_confirmatory_v1/runs/PUB-02/shallow_short/rep_0068/attempt_000/truth.json"", ""artifacts/publication_campaign/tcc_calibration_confirmatory_v1/runs/PUB-02/shallow_short/rep_0068/attempt_000/worker_metadata.json""]",12.53286519422971,False,False
PUB-02__shallow_short__rep_0069,PUB-02,shallow_short,rep_0069,tcc_calibration_confirmatory_v1__PUB-02__shallow_short__rep_0069,"{""generation"": 2695502298, ""inference"": 3973216798, ""predictive"": 504076767, ""resampling"": 3064916895}",artifacts/publication_campaign/tcc_calibration_confirmatory_v1/runs/PUB-02/shallow_short/rep_0069,COMPLETED,1,,artifacts/publication_campaign/tcc_calibration_confirmatory_v1/runs/PUB-02/shallow_short/rep_0069/attempt_000,"[""artifacts/publication_campaign/tcc_calibration_confirmatory_v1/runs/PUB-02/shallow_short/rep_0069/attempt_000/completion_manifest.json"", ""artifacts/publication_campaign/tcc_calibration_confirmatory_v1/runs/PUB-02/shallow_short/rep_0069/attempt_000/environment_preflight.json"", ""artifacts/publication_campaign/tcc_calibration_confirmatory_v1/runs/PUB-02/shallow_short/rep_0069/attempt_000/inference_command.json"", ""artifacts/publication_campaign/tcc_calibration_confirmatory_v1/runs/PUB-02/shallow_short/rep_0069/attempt_000/inference_config.json"", ""artifacts/publication_campaign/tcc_calibration_confirmatory_v1/runs/PUB-02/shallow_short/rep_0069/attempt_000/inference_started.json"", ""artifacts/publication_campaign/tcc_calibration_confirmatory_v1/runs/PUB-02/shallow_short/rep_0069/attempt_000/input.csv"", ""artifacts/publication_campaign/tcc_calibration_confirmatory_v1/runs/PUB-02/shallow_short/rep_0069/attempt_000/job.json"", ""artifacts/publication_campaign/tcc_calibration_confirmatory_v1/runs/PUB-02/shallow_short/rep_0069/attempt_000/predictive_summary.csv"", ""artifacts/publication_campaign/tcc_calibration_confirmatory_v1/runs/PUB-02/shallow_short/rep_0069/attempt_000/result.json"", ""artifacts/publication_campaign/tcc_calibration_confirmatory_v1/runs/PUB-02/shallow_short/rep_0069/attempt_000/sampler_summary.csv"", ""artifacts/publication_campaign/tcc_calibration_confirmatory_v1/runs/PUB-02/shallow_short/rep_0069/attempt_000/trace.nc"", ""artifacts/publication_campaign/tcc_calibration_confirmatory_v1/runs/PUB-02/shallow_short/rep_0069/attempt_000/truth.json"", ""artifacts/publication_campaign/tcc_calibration_confirmatory_v1/runs/PUB-02/shallow_short/rep_0069/attempt_000/worker_metadata.json""]",12.53286519422971,True,True
PUB-02__shallow_short__rep_0070,PUB-02,shallow_short,rep_0070,tcc_calibration_confirmatory_v1__PUB-02__shallow_short__rep_0070,"{""generation"": 163284607, ""inference"": 504124709, ""predictive"": 2675625832, ""resampling"": 2989517822}",artifacts/publication_campaign/tcc_calibration_confirmatory_v1/runs/PUB-02/shallow_short/rep_0070,COMPLETED,1,,artifacts/publication_campaign/tcc_calibration_confirmatory_v1/runs/PUB-02/shallow_short/rep_0070/attempt_000,"[""artifacts/publication_campaign/tcc_calibration_confirmatory_v1/runs/PUB-02/shallow_short/rep_0070/attempt_000/completion_manifest.json"", ""artifacts/publication_campaign/tcc_calibration_confirmatory_v1/runs/PUB-02/shallow_short/rep_0070/attempt_000/environment_preflight.json"", ""artifacts/publication_campaign/tcc_calibration_confirmatory_v1/runs/PUB-02/shallow_short/rep_0070/attempt_000/inference_command.json"", ""artifacts/publication_campaign/tcc_calibration_confirmatory_v1/runs/PUB-02/shallow_short/rep_0070/attempt_000/inference_config.json"", ""artifacts/publication_campaign/tcc_calibration_confirmatory_v1/runs/PUB-02/shallow_short/rep_0070/attempt_000/inference_started.json"", ""artifacts/publication_campaign/tcc_calibration_confirmatory_v1/runs/PUB-02/shallow_short/rep_0070/attempt_000/input.csv"", ""artifacts/publication_campaign/tcc_calibration_confirmatory_v1/runs/PUB-02/shallow_short/rep_0070/attempt_000/job.json"", ""artifacts/publication_campaign/tcc_calibration_confirmatory_v1/runs/PUB-02/shallow_short/rep_0070/attempt_000/predictive_summary.csv"", ""artifacts/publication_campaign/tcc_calibration_confirmatory_v1/runs/PUB-02/shallow_short/rep_0070/attempt_000/result.json"", ""artifacts/publication_campaign/tcc_calibration_confirmatory_v1/runs/PUB-02/shallow_short/rep_0070/attempt_000/sampler_summary.csv"", ""artifacts/publication_campaign/tcc_calibration_confirmatory_v1/runs/PUB-02/shallow_short/rep_0070/attempt_000/trace.nc"", ""artifacts/publication_campaign/tcc_calibration_confirmatory_v1/runs/PUB-02/shallow_short/rep_0070/attempt_000/truth.json"", ""artifacts/publication_campaign/tcc_calibration_confirmatory_v1/runs/PUB-02/shallow_short/rep_0070/attempt_000/worker_metadata.json""]",12.53286519422971,True,True
PUB-02__shallow_short__rep_0071,PUB-02,shallow_short,rep_0071,tcc_calibration_confirmatory_v1__PUB-02__shallow_short__rep_0071,"{""generation"": 2113048429, ""inference"": 4128016333, ""predictive"": 2232973955, ""resampling"": 505802349}",artifacts/publication_campaign/tcc_calibration_confirmatory_v1/runs/PUB-02/shallow_short/rep_0071,COMPLETED,1,,artifacts/publication_campaign/tcc_calibration_confirmatory_v1/runs/PUB-02/shallow_short/rep_0071/attempt_000,"[""artifacts/publication_campaign/tcc_calibration_confirmatory_v1/runs/PUB-02/shallow_short/rep_0071/attempt_000/completion_manifest.json"", ""artifacts/publication_campaign/tcc_calibration_confirmatory_v1/runs/PUB-02/shallow_short/rep_0071/attempt_000/environment_preflight.json"", ""artifacts/publication_campaign/tcc_calibration_confirmatory_v1/runs/PUB-02/shallow_short/rep_0071/attempt_000/inference_command.json"", ""artifacts/publication_campaign/tcc_calibration_confirmatory_v1/runs/PUB-02/shallow_short/rep_0071/attempt_000/inference_config.json"", ""artifacts/publication_campaign/tcc_calibration_confirmatory_v1/runs/PUB-02/shallow_short/rep_0071/attempt_000/inference_started.json"", ""artifacts/publication_campaign/tcc_calibration_confirmatory_v1/runs/PUB-02/shallow_short/rep_0071/attempt_000/input.csv"", ""artifacts/publication_campaign/tcc_calibration_confirmatory_v1/runs/PUB-02/shallow_short/rep_0071/attempt_000/job.json"", ""artifacts/publication_campaign/tcc_calibration_confirmatory_v1/runs/PUB-02/shallow_short/rep_0071/attempt_000/predictive_summary.csv"", ""artifacts/publication_campaign/tcc_calibration_confirmatory_v1/runs/PUB-02/shallow_short/rep_0071/attempt_000/result.json"", ""artifacts/publication_campaign/tcc_calibration_confirmatory_v1/runs/PUB-02/shallow_short/rep_0071/attempt_000/sampler_summary.csv"", ""artifacts/publication_campaign/tcc_calibration_confirmatory_v1/runs/PUB-02/shallow_short/rep_0071/attempt_000/trace.nc"", ""artifacts/publication_campaign/tcc_calibration_confirmatory_v1/runs/PUB-02/shallow_short/rep_0071/attempt_000/truth.json"", ""artifacts/publication_campaign/tcc_calibration_confirmatory_v1/runs/PUB-02/shallow_short/rep_0071/attempt_000/worker_metadata.json""]",12.53286519422971,True,True
PUB-02__shallow_short__rep_0072,PUB-02,shallow_short,rep_0072,tcc_calibration_confirmatory_v1__PUB-02__shallow_short__rep_0072,"{""generation"": 3179887309, ""inference"": 2341595594, ""predictive"": 2810606905, ""resampling"": 1817099124}",artifacts/publication_campaign/tcc_calibration_confirmatory_v1/runs/PUB-02/shallow_short/rep_0072,COMPLETED,1,,artifacts/publication_campaign/tcc_calibration_confirmatory_v1/runs/PUB-02/shallow_short/rep_0072/attempt_000,"[""artifacts/publication_campaign/tcc_calibration_confirmatory_v1/runs/PUB-02/shallow_short/rep_0072/attempt_000/completion_manifest.json"", ""artifacts/publication_campaign/tcc_calibration_confirmatory_v1/runs/PUB-02/shallow_short/rep_0072/attempt_000/environment_preflight.json"", ""artifacts/publication_campaign/tcc_calibration_confirmatory_v1/runs/PUB-02/shallow_short/rep_0072/attempt_000/inference_command.json"", ""artifacts/publication_campaign/tcc_calibration_confirmatory_v1/runs/PUB-02/shallow_short/rep_0072/attempt_000/inference_config.json"", ""artifacts/publication_campaign/tcc_calibration_confirmatory_v1/runs/PUB-02/shallow_short/rep_0072/attempt_000/inference_started.json"", ""artifacts/publication_campaign/tcc_calibration_confirmatory_v1/runs/PUB-02/shallow_short/rep_0072/attempt_000/input.csv"", ""artifacts/publication_campaign/tcc_calibration_confirmatory_v1/runs/PUB-02/shallow_short/rep_0072/attempt_000/job.json"", ""artifacts/publication_campaign/tcc_calibration_confirmatory_v1/runs/PUB-02/shallow_short/rep_0072/attempt_000/predictive_summary.csv"", ""artifacts/publication_campaign/tcc_calibration_confirmatory_v1/runs/PUB-02/shallow_short/rep_0072/attempt_000/result.json"", ""artifacts/publication_campaign/tcc_calibration_confirmatory_v1/runs/PUB-02/shallow_short/rep_0072/attempt_000/sampler_summary.csv"", ""artifacts/publication_campaign/tcc_calibration_confirmatory_v1/runs/PUB-02/shallow_short/rep_0072/attempt_000/trace.nc"", ""artifacts/publication_campaign/tcc_calibration_confirmatory_v1/runs/PUB-02/shallow_short/rep_0072/attempt_000/truth.json"", ""artifacts/publication_campaign/tcc_calibration_confirmatory_v1/runs/PUB-02/shallow_short/rep_0072/attempt_000/worker_metadata.json""]",12.53286519422971,True,True
PUB-02__shallow_short__rep_0073,PUB-02,shallow_short,rep_0073,tcc_calibration_confirmatory_v1__PUB-02__shallow_short__rep_0073,"{""generation"": 3355970815, ""inference"": 1993067198, ""predictive"": 1362909576, ""resampling"": 4245373804}",artifacts/publication_campaign/tcc_calibration_confirmatory_v1/runs/PUB-02/shallow_short/rep_0073,COMPLETED_REJECTED,1,,artifacts/publication_campaign/tcc_calibration_confirmatory_v1/runs/PUB-02/shallow_short/rep_0073/attempt_000,"[""artifacts/publication_campaign/tcc_calibration_confirmatory_v1/runs/PUB-02/shallow_short/rep_0073/attempt_000/completion_manifest.json"", ""artifacts/publication_campaign/tcc_calibration_confirmatory_v1/runs/PUB-02/shallow_short/rep_0073/attempt_000/environment_preflight.json"", ""artifacts/publication_campaign/tcc_calibration_confirmatory_v1/runs/PUB-02/shallow_short/rep_0073/attempt_000/inference_command.json"", ""artifacts/publication_campaign/tcc_calibration_confirmatory_v1/runs/PUB-02/shallow_short/rep_0073/attempt_000/inference_config.json"", ""artifacts/publication_campaign/tcc_calibration_confirmatory_v1/runs/PUB-02/shallow_short/rep_0073/attempt_000/inference_started.json"", ""artifacts/publication_campaign/tcc_calibration_confirmatory_v1/runs/PUB-02/shallow_short/rep_0073/attempt_000/input.csv"", ""artifacts/publication_campaign/tcc_calibration_confirmatory_v1/runs/PUB-02/shallow_short/rep_0073/attempt_000/job.json"", ""artifacts/publication_campaign/tcc_calibration_confirmatory_v1/runs/PUB-02/shallow_short/rep_0073/attempt_000/predictive_summary.csv"", ""artifacts/publication_campaign/tcc_calibration_confirmatory_v1/runs/PUB-02/shallow_short/rep_0073/attempt_000/result.json"", ""artifacts/publication_campaign/tcc_calibration_confirmatory_v1/runs/PUB-02/shallow_short/rep_0073/attempt_000/sampler_summary.csv"", ""artifacts/publication_campaign/tcc_calibration_confirmatory_v1/runs/PUB-02/shallow_short/rep_0073/attempt_000/trace.nc"", ""artifacts/publication_campaign/tcc_calibration_confirmatory_v1/runs/PUB-02/shallow_short/rep_0073/attempt_000/truth.json"", ""artifacts/publication_campaign/tcc_calibration_confirmatory_v1/runs/PUB-02/shallow_short/rep_0073/attempt_000/worker_metadata.json""]",12.53286519422971,False,False
PUB-02__shallow_short__rep_0074,PUB-02,shallow_short,rep_0074,tcc_calibration_confirmatory_v1__PUB-02__shallow_short__rep_0074,"{""generation"": 2008068119, ""inference"": 3521109556, ""predictive"": 3908402348, ""resampling"": 731145318}",artifacts/publication_campaign/tcc_calibration_confirmatory_v1/runs/PUB-02/shallow_short/rep_0074,COMPLETED,1,,artifacts/publication_campaign/tcc_calibration_confirmatory_v1/runs/PUB-02/shallow_short/rep_0074/attempt_000,"[""artifacts/publication_campaign/tcc_calibration_confirmatory_v1/runs/PUB-02/shallow_short/rep_0074/attempt_000/completion_manifest.json"", ""artifacts/publication_campaign/tcc_calibration_confirmatory_v1/runs/PUB-02/shallow_short/rep_0074/attempt_000/environment_preflight.json"", ""artifacts/publication_campaign/tcc_calibration_confirmatory_v1/runs/PUB-02/shallow_short/rep_0074/attempt_000/inference_command.json"", ""artifacts/publication_campaign/tcc_calibration_confirmatory_v1/runs/PUB-02/shallow_short/rep_0074/attempt_000/inference_config.json"", ""artifacts/publication_campaign/tcc_calibration_confirmatory_v1/runs/PUB-02/shallow_short/rep_0074/attempt_000/inference_started.json"", ""artifacts/publication_campaign/tcc_calibration_confirmatory_v1/runs/PUB-02/shallow_short/rep_0074/attempt_000/input.csv"", ""artifacts/publication_campaign/tcc_calibration_confirmatory_v1/runs/PUB-02/shallow_short/rep_0074/attempt_000/job.json"", ""artifacts/publication_campaign/tcc_calibration_confirmatory_v1/runs/PUB-02/shallow_short/rep_0074/attempt_000/predictive_summary.csv"", ""artifacts/publication_campaign/tcc_calibration_confirmatory_v1/runs/PUB-02/shallow_short/rep_0074/attempt_000/result.json"", ""artifacts/publication_campaign/tcc_calibration_confirmatory_v1/runs/PUB-02/shallow_short/rep_0074/attempt_000/sampler_summary.csv"", ""artifacts/publication_campaign/tcc_calibration_confirmatory_v1/runs/PUB-02/shallow_short/rep_0074/attempt_000/trace.nc"", ""artifacts/publication_campaign/tcc_calibration_confirmatory_v1/runs/PUB-02/shallow_short/rep_0074/attempt_000/truth.json"", ""artifacts/publication_campaign/tcc_calibration_confirmatory_v1/runs/PUB-02/shallow_short/rep_0074/attempt_000/worker_metadata.json""]",12.53286519422971,True,True
PUB-02__shallow_short__rep_0075,PUB-02,shallow_short,rep_0075,tcc_calibration_confirmatory_v1__PUB-02__shallow_short__rep_0075,"{""generation"": 4099491953, ""inference"": 4007099243, ""predictive"": 2551456586, ""resampling"": 708515021}",artifacts/publication_campaign/tcc_calibration_confirmatory_v1/runs/PUB-02/shallow_short/rep_0075,COMPLETED,1,,artifacts/publication_campaign/tcc_calibration_confirmatory_v1/runs/PUB-02/shallow_short/rep_0075/attempt_000,"[""artifacts/publication_campaign/tcc_calibration_confirmatory_v1/runs/PUB-02/shallow_short/rep_0075/attempt_000/completion_manifest.json"", ""artifacts/publication_campaign/tcc_calibration_confirmatory_v1/runs/PUB-02/shallow_short/rep_0075/attempt_000/environment_preflight.json"", ""artifacts/publication_campaign/tcc_calibration_confirmatory_v1/runs/PUB-02/shallow_short/rep_0075/attempt_000/inference_command.json"", ""artifacts/publication_campaign/tcc_calibration_confirmatory_v1/runs/PUB-02/shallow_short/rep_0075/attempt_000/inference_config.json"", ""artifacts/publication_campaign/tcc_calibration_confirmatory_v1/runs/PUB-02/shallow_short/rep_0075/attempt_000/inference_started.json"", ""artifacts/publication_campaign/tcc_calibration_confirmatory_v1/runs/PUB-02/shallow_short/rep_0075/attempt_000/input.csv"", ""artifacts/publication_campaign/tcc_calibration_confirmatory_v1/runs/PUB-02/shallow_short/rep_0075/attempt_000/job.json"", ""artifacts/publication_campaign/tcc_calibration_confirmatory_v1/runs/PUB-02/shallow_short/rep_0075/attempt_000/predictive_summary.csv"", ""artifacts/publication_campaign/tcc_calibration_confirmatory_v1/runs/PUB-02/shallow_short/rep_0075/attempt_000/result.json"", ""artifacts/publication_campaign/tcc_calibration_confirmatory_v1/runs/PUB-02/shallow_short/rep_0075/attempt_000/sampler_summary.csv"", ""artifacts/publication_campaign/tcc_calibration_confirmatory_v1/runs/PUB-02/shallow_short/rep_0075/attempt_000/trace.nc"", ""artifacts/publication_campaign/tcc_calibration_confirmatory_v1/runs/PUB-02/shallow_short/rep_0075/attempt_000/truth.json"", ""artifacts/publication_campaign/tcc_calibration_confirmatory_v1/runs/PUB-02/shallow_short/rep_0075/attempt_000/worker_metadata.json""]",12.53286519422971,True,True
PUB-02__shallow_short__rep_0076,PUB-02,shallow_short,rep_0076,tcc_calibration_confirmatory_v1__PUB-02__shallow_short__rep_0076,"{""generation"": 1443126159, ""inference"": 2426454341, ""predictive"": 2595817002, ""resampling"": 1050042284}",artifacts/publication_campaign/tcc_calibration_confirmatory_v1/runs/PUB-02/shallow_short/rep_0076,COMPLETED,1,,artifacts/publication_campaign/tcc_calibration_confirmatory_v1/runs/PUB-02/shallow_short/rep_0076/attempt_000,"[""artifacts/publication_campaign/tcc_calibration_confirmatory_v1/runs/PUB-02/shallow_short/rep_0076/attempt_000/completion_manifest.json"", ""artifacts/publication_campaign/tcc_calibration_confirmatory_v1/runs/PUB-02/shallow_short/rep_0076/attempt_000/environment_preflight.json"", ""artifacts/publication_campaign/tcc_calibration_confirmatory_v1/runs/PUB-02/shallow_short/rep_0076/attempt_000/inference_command.json"", ""artifacts/publication_campaign/tcc_calibration_confirmatory_v1/runs/PUB-02/shallow_short/rep_0076/attempt_000/inference_config.json"", ""artifacts/publication_campaign/tcc_calibration_confirmatory_v1/runs/PUB-02/shallow_short/rep_0076/attempt_000/inference_started.json"", ""artifacts/publication_campaign/tcc_calibration_confirmatory_v1/runs/PUB-02/shallow_short/rep_0076/attempt_000/input.csv"", ""artifacts/publication_campaign/tcc_calibration_confirmatory_v1/runs/PUB-02/shallow_short/rep_0076/attempt_000/job.json"", ""artifacts/publication_campaign/tcc_calibration_confirmatory_v1/runs/PUB-02/shallow_short/rep_0076/attempt_000/predictive_summary.csv"", ""artifacts/publication_campaign/tcc_calibration_confirmatory_v1/runs/PUB-02/shallow_short/rep_0076/attempt_000/result.json"", ""artifacts/publication_campaign/tcc_calibration_confirmatory_v1/runs/PUB-02/shallow_short/rep_0076/attempt_000/sampler_summary.csv"", ""artifacts/publication_campaign/tcc_calibration_confirmatory_v1/runs/PUB-02/shallow_short/rep_0076/attempt_000/trace.nc"", ""artifacts/publication_campaign/tcc_calibration_confirmatory_v1/runs/PUB-02/shallow_short/rep_0076/attempt_000/truth.json"", ""artifacts/publication_campaign/tcc_calibration_confirmatory_v1/runs/PUB-02/shallow_short/rep_0076/attempt_000/worker_metadata.json""]",12.53286519422971,True,True
PUB-02__shallow_short__rep_0077,PUB-02,shallow_short,rep_0077,tcc_calibration_confirmatory_v1__PUB-02__shallow_short__rep_0077,"{""generation"": 3042161487, ""inference"": 3833043294, ""predictive"": 1769410306, ""resampling"": 1419018875}",artifacts/publication_campaign/tcc_calibration_confirmatory_v1/runs/PUB-02/shallow_short/rep_0077,COMPLETED,1,,artifacts/publication_campaign/tcc_calibration_confirmatory_v1/runs/PUB-02/shallow_short/rep_0077/attempt_000,"[""artifacts/publication_campaign/tcc_calibration_confirmatory_v1/runs/PUB-02/shallow_short/rep_0077/attempt_000/completion_manifest.json"", ""artifacts/publication_campaign/tcc_calibration_confirmatory_v1/runs/PUB-02/shallow_short/rep_0077/attempt_000/environment_preflight.json"", ""artifacts/publication_campaign/tcc_calibration_confirmatory_v1/runs/PUB-02/shallow_short/rep_0077/attempt_000/inference_command.json"", ""artifacts/publication_campaign/tcc_calibration_confirmatory_v1/runs/PUB-02/shallow_short/rep_0077/attempt_000/inference_config.json"", ""artifacts/publication_campaign/tcc_calibration_confirmatory_v1/runs/PUB-02/shallow_short/rep_0077/attempt_000/inference_started.json"", ""artifacts/publication_campaign/tcc_calibration_confirmatory_v1/runs/PUB-02/shallow_short/rep_0077/attempt_000/input.csv"", ""artifacts/publication_campaign/tcc_calibration_confirmatory_v1/runs/PUB-02/shallow_short/rep_0077/attempt_000/job.json"", ""artifacts/publication_campaign/tcc_calibration_confirmatory_v1/runs/PUB-02/shallow_short/rep_0077/attempt_000/predictive_summary.csv"", ""artifacts/publication_campaign/tcc_calibration_confirmatory_v1/runs/PUB-02/shallow_short/rep_0077/attempt_000/result.json"", ""artifacts/publication_campaign/tcc_calibration_confirmatory_v1/runs/PUB-02/shallow_short/rep_0077/attempt_000/sampler_summary.csv"", ""artifacts/publication_campaign/tcc_calibration_confirmatory_v1/runs/PUB-02/shallow_short/rep_0077/attempt_000/trace.nc"", ""artifacts/publication_campaign/tcc_calibration_confirmatory_v1/runs/PUB-02/shallow_short/rep_0077/attempt_000/truth.json"", ""artifacts/publication_campaign/tcc_calibration_confirmatory_v1/runs/PUB-02/shallow_short/rep_0077/attempt_000/worker_metadata.json""]",12.53286519422971,True,True
PUB-02__shallow_short__rep_0078,PUB-02,shallow_short,rep_0078,tcc_calibration_confirmatory_v1__PUB-02__shallow_short__rep_0078,"{""generation"": 178777012, ""inference"": 2015856910, ""predictive"": 4072004870, ""resampling"": 3888476517}",artifacts/publication_campaign/tcc_calibration_confirmatory_v1/runs/PUB-02/shallow_short/rep_0078,COMPLETED,1,,artifacts/publication_campaign/tcc_calibration_confirmatory_v1/runs/PUB-02/shallow_short/rep_0078/attempt_000,"[""artifacts/publication_campaign/tcc_calibration_confirmatory_v1/runs/PUB-02/shallow_short/rep_0078/attempt_000/completion_manifest.json"", ""artifacts/publication_campaign/tcc_calibration_confirmatory_v1/runs/PUB-02/shallow_short/rep_0078/attempt_000/environment_preflight.json"", ""artifacts/publication_campaign/tcc_calibration_confirmatory_v1/runs/PUB-02/shallow_short/rep_0078/attempt_000/inference_command.json"", ""artifacts/publication_campaign/tcc_calibration_confirmatory_v1/runs/PUB-02/shallow_short/rep_0078/attempt_000/inference_config.json"", ""artifacts/publication_campaign/tcc_calibration_confirmatory_v1/runs/PUB-02/shallow_short/rep_0078/attempt_000/inference_started.json"", ""artifacts/publication_campaign/tcc_calibration_confirmatory_v1/runs/PUB-02/shallow_short/rep_0078/attempt_000/input.csv"", ""artifacts/publication_campaign/tcc_calibration_confirmatory_v1/runs/PUB-02/shallow_short/rep_0078/attempt_000/job.json"", ""artifacts/publication_campaign/tcc_calibration_confirmatory_v1/runs/PUB-02/shallow_short/rep_0078/attempt_000/predictive_summary.csv"", ""artifacts/publication_campaign/tcc_calibration_confirmatory_v1/runs/PUB-02/shallow_short/rep_0078/attempt_000/result.json"", ""artifacts/publication_campaign/tcc_calibration_confirmatory_v1/runs/PUB-02/shallow_short/rep_0078/attempt_000/sampler_summary.csv"", ""artifacts/publication_campaign/tcc_calibration_confirmatory_v1/runs/PUB-02/shallow_short/rep_0078/attempt_000/trace.nc"", ""artifacts/publication_campaign/tcc_calibration_confirmatory_v1/runs/PUB-02/shallow_short/rep_0078/attempt_000/truth.json"", ""artifacts/publication_campaign/tcc_calibration_confirmatory_v1/runs/PUB-02/shallow_short/rep_0078/attempt_000/worker_metadata.json""]",12.53286519422971,True,True
PUB-02__shallow_short__rep_0079,PUB-02,shallow_short,rep_0079,tcc_calibration_confirmatory_v1__PUB-02__shallow_short__rep_0079,"{""generation"": 3491423642, ""inference"": 1572299113, ""predictive"": 1766222957, ""resampling"": 495051104}",artifacts/publication_campaign/tcc_calibration_confirmatory_v1/runs/PUB-02/shallow_short/rep_0079,COMPLETED,1,,artifacts/publication_campaign/tcc_calibration_confirmatory_v1/runs/PUB-02/shallow_short/rep_0079/attempt_000,"[""artifacts/publication_campaign/tcc_calibration_confirmatory_v1/runs/PUB-02/shallow_short/rep_0079/attempt_000/completion_manifest.json"", ""artifacts/publication_campaign/tcc_calibration_confirmatory_v1/runs/PUB-02/shallow_short/rep_0079/attempt_000/environment_preflight.json"", ""artifacts/publication_campaign/tcc_calibration_confirmatory_v1/runs/PUB-02/shallow_short/rep_0079/attempt_000/inference_command.json"", ""artifacts/publication_campaign/tcc_calibration_confirmatory_v1/runs/PUB-02/shallow_short/rep_0079/attempt_000/inference_config.json"", ""artifacts/publication_campaign/tcc_calibration_confirmatory_v1/runs/PUB-02/shallow_short/rep_0079/attempt_000/inference_started.json"", ""artifacts/publication_campaign/tcc_calibration_confirmatory_v1/runs/PUB-02/shallow_short/rep_0079/attempt_000/input.csv"", ""artifacts/publication_campaign/tcc_calibration_confirmatory_v1/runs/PUB-02/shallow_short/rep_0079/attempt_000/job.json"", ""artifacts/publication_campaign/tcc_calibration_confirmatory_v1/runs/PUB-02/shallow_short/rep_0079/attempt_000/predictive_summary.csv"", ""artifacts/publication_campaign/tcc_calibration_confirmatory_v1/runs/PUB-02/shallow_short/rep_0079/attempt_000/result.json"", ""artifacts/publication_campaign/tcc_calibration_confirmatory_v1/runs/PUB-02/shallow_short/rep_0079/attempt_000/sampler_summary.csv"", ""artifacts/publication_campaign/tcc_calibration_confirmatory_v1/runs/PUB-02/shallow_short/rep_0079/attempt_000/trace.nc"", ""artifacts/publication_campaign/tcc_calibration_confirmatory_v1/runs/PUB-02/shallow_short/rep_0079/attempt_000/truth.json"", ""artifacts/publication_campaign/tcc_calibration_confirmatory_v1/runs/PUB-02/shallow_short/rep_0079/attempt_000/worker_metadata.json""]",12.53286519422971,True,True
PUB-02__shallow_short__rep_0080,PUB-02,shallow_short,rep_0080,tcc_calibration_confirmatory_v1__PUB-02__shallow_short__rep_0080,"{""generation"": 3843474741, ""inference"": 1076240398, ""predictive"": 2083091147, ""resampling"": 800350833}",artifacts/publication_campaign/tcc_calibration_confirmatory_v1/runs/PUB-02/shallow_short/rep_0080,COMPLETED,1,,artifacts/publication_campaign/tcc_calibration_confirmatory_v1/runs/PUB-02/shallow_short/rep_0080/attempt_000,"[""artifacts/publication_campaign/tcc_calibration_confirmatory_v1/runs/PUB-02/shallow_short/rep_0080/attempt_000/completion_manifest.json"", ""artifacts/publication_campaign/tcc_calibration_confirmatory_v1/runs/PUB-02/shallow_short/rep_0080/attempt_000/environment_preflight.json"", ""artifacts/publication_campaign/tcc_calibration_confirmatory_v1/runs/PUB-02/shallow_short/rep_0080/attempt_000/inference_command.json"", ""artifacts/publication_campaign/tcc_calibration_confirmatory_v1/runs/PUB-02/shallow_short/rep_0080/attempt_000/inference_config.json"", ""artifacts/publication_campaign/tcc_calibration_confirmatory_v1/runs/PUB-02/shallow_short/rep_0080/attempt_000/inference_started.json"", ""artifacts/publication_campaign/tcc_calibration_confirmatory_v1/runs/PUB-02/shallow_short/rep_0080/attempt_000/input.csv"", ""artifacts/publication_campaign/tcc_calibration_confirmatory_v1/runs/PUB-02/shallow_short/rep_0080/attempt_000/job.json"", ""artifacts/publication_campaign/tcc_calibration_confirmatory_v1/runs/PUB-02/shallow_short/rep_0080/attempt_000/predictive_summary.csv"", ""artifacts/publication_campaign/tcc_calibration_confirmatory_v1/runs/PUB-02/shallow_short/rep_0080/attempt_000/result.json"", ""artifacts/publication_campaign/tcc_calibration_confirmatory_v1/runs/PUB-02/shallow_short/rep_0080/attempt_000/sampler_summary.csv"", ""artifacts/publication_campaign/tcc_calibration_confirmatory_v1/runs/PUB-02/shallow_short/rep_0080/attempt_000/trace.nc"", ""artifacts/publication_campaign/tcc_calibration_confirmatory_v1/runs/PUB-02/shallow_short/rep_0080/attempt_000/truth.json"", ""artifacts/publication_campaign/tcc_calibration_confirmatory_v1/runs/PUB-02/shallow_short/rep_0080/attempt_000/worker_metadata.json""]",12.53286519422971,True,True
PUB-02__shallow_short__rep_0081,PUB-02,shallow_short,rep_0081,tcc_calibration_confirmatory_v1__PUB-02__shallow_short__rep_0081,"{""generation"": 4219560298, ""inference"": 2739621933, ""predictive"": 940808831, ""resampling"": 3488828372}",artifacts/publication_campaign/tcc_calibration_confirmatory_v1/runs/PUB-02/shallow_short/rep_0081,COMPLETED,1,,artifacts/publication_campaign/tcc_calibration_confirmatory_v1/runs/PUB-02/shallow_short/rep_0081/attempt_000,"[""artifacts/publication_campaign/tcc_calibration_confirmatory_v1/runs/PUB-02/shallow_short/rep_0081/attempt_000/completion_manifest.json"", ""artifacts/publication_campaign/tcc_calibration_confirmatory_v1/runs/PUB-02/shallow_short/rep_0081/attempt_000/environment_preflight.json"", ""artifacts/publication_campaign/tcc_calibration_confirmatory_v1/runs/PUB-02/shallow_short/rep_0081/attempt_000/inference_command.json"", ""artifacts/publication_campaign/tcc_calibration_confirmatory_v1/runs/PUB-02/shallow_short/rep_0081/attempt_000/inference_config.json"", ""artifacts/publication_campaign/tcc_calibration_confirmatory_v1/runs/PUB-02/shallow_short/rep_0081/attempt_000/inference_started.json"", ""artifacts/publication_campaign/tcc_calibration_confirmatory_v1/runs/PUB-02/shallow_short/rep_0081/attempt_000/input.csv"", ""artifacts/publication_campaign/tcc_calibration_confirmatory_v1/runs/PUB-02/shallow_short/rep_0081/attempt_000/job.json"", ""artifacts/publication_campaign/tcc_calibration_confirmatory_v1/runs/PUB-02/shallow_short/rep_0081/attempt_000/predictive_summary.csv"", ""artifacts/publication_campaign/tcc_calibration_confirmatory_v1/runs/PUB-02/shallow_short/rep_0081/attempt_000/result.json"", ""artifacts/publication_campaign/tcc_calibration_confirmatory_v1/runs/PUB-02/shallow_short/rep_0081/attempt_000/sampler_summary.csv"", ""artifacts/publication_campaign/tcc_calibration_confirmatory_v1/runs/PUB-02/shallow_short/rep_0081/attempt_000/trace.nc"", ""artifacts/publication_campaign/tcc_calibration_confirmatory_v1/runs/PUB-02/shallow_short/rep_0081/attempt_000/truth.json"", ""artifacts/publication_campaign/tcc_calibration_confirmatory_v1/runs/PUB-02/shallow_short/rep_0081/attempt_000/worker_metadata.json""]",12.53286519422971,True,True
PUB-02__shallow_short__rep_0082,PUB-02,shallow_short,rep_0082,tcc_calibration_confirmatory_v1__PUB-02__shallow_short__rep_0082,"{""generation"": 1428094394, ""inference"": 4165694852, ""predictive"": 2120082847, ""resampling"": 95045248}",artifacts/publication_campaign/tcc_calibration_confirmatory_v1/runs/PUB-02/shallow_short/rep_0082,COMPLETED,1,,artifacts/publication_campaign/tcc_calibration_confirmatory_v1/runs/PUB-02/shallow_short/rep_0082/attempt_000,"[""artifacts/publication_campaign/tcc_calibration_confirmatory_v1/runs/PUB-02/shallow_short/rep_0082/attempt_000/completion_manifest.json"", ""artifacts/publication_campaign/tcc_calibration_confirmatory_v1/runs/PUB-02/shallow_short/rep_0082/attempt_000/environment_preflight.json"", ""artifacts/publication_campaign/tcc_calibration_confirmatory_v1/runs/PUB-02/shallow_short/rep_0082/attempt_000/inference_command.json"", ""artifacts/publication_campaign/tcc_calibration_confirmatory_v1/runs/PUB-02/shallow_short/rep_0082/attempt_000/inference_config.json"", ""artifacts/publication_campaign/tcc_calibration_confirmatory_v1/runs/PUB-02/shallow_short/rep_0082/attempt_000/inference_started.json"", ""artifacts/publication_campaign/tcc_calibration_confirmatory_v1/runs/PUB-02/shallow_short/rep_0082/attempt_000/input.csv"", ""artifacts/publication_campaign/tcc_calibration_confirmatory_v1/runs/PUB-02/shallow_short/rep_0082/attempt_000/job.json"", ""artifacts/publication_campaign/tcc_calibration_confirmatory_v1/runs/PUB-02/shallow_short/rep_0082/attempt_000/predictive_summary.csv"", ""artifacts/publication_campaign/tcc_calibration_confirmatory_v1/runs/PUB-02/shallow_short/rep_0082/attempt_000/result.json"", ""artifacts/publication_campaign/tcc_calibration_confirmatory_v1/runs/PUB-02/shallow_short/rep_0082/attempt_000/sampler_summary.csv"", ""artifacts/publication_campaign/tcc_calibration_confirmatory_v1/runs/PUB-02/shallow_short/rep_0082/attempt_000/trace.nc"", ""artifacts/publication_campaign/tcc_calibration_confirmatory_v1/runs/PUB-02/shallow_short/rep_0082/attempt_000/truth.json"", ""artifacts/publication_campaign/tcc_calibration_confirmatory_v1/runs/PUB-02/shallow_short/rep_0082/attempt_000/worker_metadata.json""]",12.53286519422971,True,True
PUB-02__shallow_short__rep_0083,PUB-02,shallow_short,rep_0083,tcc_calibration_confirmatory_v1__PUB-02__shallow_short__rep_0083,"{""generation"": 3712206075, ""inference"": 2724576579, ""predictive"": 2167043256, ""resampling"": 4085815208}",artifacts/publication_campaign/tcc_calibration_confirmatory_v1/runs/PUB-02/shallow_short/rep_0083,COMPLETED,1,,artifacts/publication_campaign/tcc_calibration_confirmatory_v1/runs/PUB-02/shallow_short/rep_0083/attempt_000,"[""artifacts/publication_campaign/tcc_calibration_confirmatory_v1/runs/PUB-02/shallow_short/rep_0083/attempt_000/completion_manifest.json"", ""artifacts/publication_campaign/tcc_calibration_confirmatory_v1/runs/PUB-02/shallow_short/rep_0083/attempt_000/environment_preflight.json"", ""artifacts/publication_campaign/tcc_calibration_confirmatory_v1/runs/PUB-02/shallow_short/rep_0083/attempt_000/inference_command.json"", ""artifacts/publication_campaign/tcc_calibration_confirmatory_v1/runs/PUB-02/shallow_short/rep_0083/attempt_000/inference_config.json"", ""artifacts/publication_campaign/tcc_calibration_confirmatory_v1/runs/PUB-02/shallow_short/rep_0083/attempt_000/inference_started.json"", ""artifacts/publication_campaign/tcc_calibration_confirmatory_v1/runs/PUB-02/shallow_short/rep_0083/attempt_000/input.csv"", ""artifacts/publication_campaign/tcc_calibration_confirmatory_v1/runs/PUB-02/shallow_short/rep_0083/attempt_000/job.json"", ""artifacts/publication_campaign/tcc_calibration_confirmatory_v1/runs/PUB-02/shallow_short/rep_0083/attempt_000/predictive_summary.csv"", ""artifacts/publication_campaign/tcc_calibration_confirmatory_v1/runs/PUB-02/shallow_short/rep_0083/attempt_000/result.json"", ""artifacts/publication_campaign/tcc_calibration_confirmatory_v1/runs/PUB-02/shallow_short/rep_0083/attempt_000/sampler_summary.csv"", ""artifacts/publication_campaign/tcc_calibration_confirmatory_v1/runs/PUB-02/shallow_short/rep_0083/attempt_000/trace.nc"", ""artifacts/publication_campaign/tcc_calibration_confirmatory_v1/runs/PUB-02/shallow_short/rep_0083/attempt_000/truth.json"", ""artifacts/publication_campaign/tcc_calibration_confirmatory_v1/runs/PUB-02/shallow_short/rep_0083/attempt_000/worker_metadata.json""]",12.53286519422971,True,True
PUB-02__shallow_short__rep_0084,PUB-02,shallow_short,rep_0084,tcc_calibration_confirmatory_v1__PUB-02__shallow_short__rep_0084,"{""generation"": 1697872161, ""inference"": 2446059043, ""predictive"": 1231437110, ""resampling"": 1641964097}",artifacts/publication_campaign/tcc_calibration_confirmatory_v1/runs/PUB-02/shallow_short/rep_0084,COMPLETED,1,,artifacts/publication_campaign/tcc_calibration_confirmatory_v1/runs/PUB-02/shallow_short/rep_0084/attempt_000,"[""artifacts/publication_campaign/tcc_calibration_confirmatory_v1/runs/PUB-02/shallow_short/rep_0084/attempt_000/completion_manifest.json"", ""artifacts/publication_campaign/tcc_calibration_confirmatory_v1/runs/PUB-02/shallow_short/rep_0084/attempt_000/environment_preflight.json"", ""artifacts/publication_campaign/tcc_calibration_confirmatory_v1/runs/PUB-02/shallow_short/rep_0084/attempt_000/inference_command.json"", ""artifacts/publication_campaign/tcc_calibration_confirmatory_v1/runs/PUB-02/shallow_short/rep_0084/attempt_000/inference_config.json"", ""artifacts/publication_campaign/tcc_calibration_confirmatory_v1/runs/PUB-02/shallow_short/rep_0084/attempt_000/inference_started.json"", ""artifacts/publication_campaign/tcc_calibration_confirmatory_v1/runs/PUB-02/shallow_short/rep_0084/attempt_000/input.csv"", ""artifacts/publication_campaign/tcc_calibration_confirmatory_v1/runs/PUB-02/shallow_short/rep_0084/attempt_000/job.json"", ""artifacts/publication_campaign/tcc_calibration_confirmatory_v1/runs/PUB-02/shallow_short/rep_0084/attempt_000/predictive_summary.csv"", ""artifacts/publication_campaign/tcc_calibration_confirmatory_v1/runs/PUB-02/shallow_short/rep_0084/attempt_000/result.json"", ""artifacts/publication_campaign/tcc_calibration_confirmatory_v1/runs/PUB-02/shallow_short/rep_0084/attempt_000/sampler_summary.csv"", ""artifacts/publication_campaign/tcc_calibration_confirmatory_v1/runs/PUB-02/shallow_short/rep_0084/attempt_000/trace.nc"", ""artifacts/publication_campaign/tcc_calibration_confirmatory_v1/runs/PUB-02/shallow_short/rep_0084/attempt_000/truth.json"", ""artifacts/publication_campaign/tcc_calibration_confirmatory_v1/runs/PUB-02/shallow_short/rep_0084/attempt_000/worker_metadata.json""]",12.53286519422971,True,True
PUB-02__shallow_short__rep_0085,PUB-02,shallow_short,rep_0085,tcc_calibration_confirmatory_v1__PUB-02__shallow_short__rep_0085,"{""generation"": 1216049698, ""inference"": 1251285578, ""predictive"": 2469370495, ""resampling"": 2387350467}",artifacts/publication_campaign/tcc_calibration_confirmatory_v1/runs/PUB-02/shallow_short/rep_0085,COMPLETED,1,,artifacts/publication_campaign/tcc_calibration_confirmatory_v1/runs/PUB-02/shallow_short/rep_0085/attempt_000,"[""artifacts/publication_campaign/tcc_calibration_confirmatory_v1/runs/PUB-02/shallow_short/rep_0085/attempt_000/completion_manifest.json"", ""artifacts/publication_campaign/tcc_calibration_confirmatory_v1/runs/PUB-02/shallow_short/rep_0085/attempt_000/environment_preflight.json"", ""artifacts/publication_campaign/tcc_calibration_confirmatory_v1/runs/PUB-02/shallow_short/rep_0085/attempt_000/inference_command.json"", ""artifacts/publication_campaign/tcc_calibration_confirmatory_v1/runs/PUB-02/shallow_short/rep_0085/attempt_000/inference_config.json"", ""artifacts/publication_campaign/tcc_calibration_confirmatory_v1/runs/PUB-02/shallow_short/rep_0085/attempt_000/inference_started.json"", ""artifacts/publication_campaign/tcc_calibration_confirmatory_v1/runs/PUB-02/shallow_short/rep_0085/attempt_000/input.csv"", ""artifacts/publication_campaign/tcc_calibration_confirmatory_v1/runs/PUB-02/shallow_short/rep_0085/attempt_000/job.json"", ""artifacts/publication_campaign/tcc_calibration_confirmatory_v1/runs/PUB-02/shallow_short/rep_0085/attempt_000/predictive_summary.csv"", ""artifacts/publication_campaign/tcc_calibration_confirmatory_v1/runs/PUB-02/shallow_short/rep_0085/attempt_000/result.json"", ""artifacts/publication_campaign/tcc_calibration_confirmatory_v1/runs/PUB-02/shallow_short/rep_0085/attempt_000/sampler_summary.csv"", ""artifacts/publication_campaign/tcc_calibration_confirmatory_v1/runs/PUB-02/shallow_short/rep_0085/attempt_000/trace.nc"", ""artifacts/publication_campaign/tcc_calibration_confirmatory_v1/runs/PUB-02/shallow_short/rep_0085/attempt_000/truth.json"", ""artifacts/publication_campaign/tcc_calibration_confirmatory_v1/runs/PUB-02/shallow_short/rep_0085/attempt_000/worker_metadata.json""]",12.53286519422971,True,True
PUB-02__shallow_short__rep_0086,PUB-02,shallow_short,rep_0086,tcc_calibration_confirmatory_v1__PUB-02__shallow_short__rep_0086,"{""generation"": 1530541709, ""inference"": 3242286125, ""predictive"": 522312873, ""resampling"": 3315943339}",artifacts/publication_campaign/tcc_calibration_confirmatory_v1/runs/PUB-02/shallow_short/rep_0086,COMPLETED,1,,artifacts/publication_campaign/tcc_calibration_confirmatory_v1/runs/PUB-02/shallow_short/rep_0086/attempt_000,"[""artifacts/publication_campaign/tcc_calibration_confirmatory_v1/runs/PUB-02/shallow_short/rep_0086/attempt_000/completion_manifest.json"", ""artifacts/publication_campaign/tcc_calibration_confirmatory_v1/runs/PUB-02/shallow_short/rep_0086/attempt_000/environment_preflight.json"", ""artifacts/publication_campaign/tcc_calibration_confirmatory_v1/runs/PUB-02/shallow_short/rep_0086/attempt_000/inference_command.json"", ""artifacts/publication_campaign/tcc_calibration_confirmatory_v1/runs/PUB-02/shallow_short/rep_0086/attempt_000/inference_config.json"", ""artifacts/publication_campaign/tcc_calibration_confirmatory_v1/runs/PUB-02/shallow_short/rep_0086/attempt_000/inference_started.json"", ""artifacts/publication_campaign/tcc_calibration_confirmatory_v1/runs/PUB-02/shallow_short/rep_0086/attempt_000/input.csv"", ""artifacts/publication_campaign/tcc_calibration_confirmatory_v1/runs/PUB-02/shallow_short/rep_0086/attempt_000/job.json"", ""artifacts/publication_campaign/tcc_calibration_confirmatory_v1/runs/PUB-02/shallow_short/rep_0086/attempt_000/predictive_summary.csv"", ""artifacts/publication_campaign/tcc_calibration_confirmatory_v1/runs/PUB-02/shallow_short/rep_0086/attempt_000/result.json"", ""artifacts/publication_campaign/tcc_calibration_confirmatory_v1/runs/PUB-02/shallow_short/rep_0086/attempt_000/sampler_summary.csv"", ""artifacts/publication_campaign/tcc_calibration_confirmatory_v1/runs/PUB-02/shallow_short/rep_0086/attempt_000/trace.nc"", ""artifacts/publication_campaign/tcc_calibration_confirmatory_v1/runs/PUB-02/shallow_short/rep_0086/attempt_000/truth.json"", ""artifacts/publication_campaign/tcc_calibration_confirmatory_v1/runs/PUB-02/shallow_short/rep_0086/attempt_000/worker_metadata.json""]",12.53286519422971,True,True
PUB-02__shallow_short__rep_0087,PUB-02,shallow_short,rep_0087,tcc_calibration_confirmatory_v1__PUB-02__shallow_short__rep_0087,"{""generation"": 736994835, ""inference"": 2506477481, ""predictive"": 269069960, ""resampling"": 519993788}",artifacts/publication_campaign/tcc_calibration_confirmatory_v1/runs/PUB-02/shallow_short/rep_0087,COMPLETED,1,,artifacts/publication_campaign/tcc_calibration_confirmatory_v1/runs/PUB-02/shallow_short/rep_0087/attempt_000,"[""artifacts/publication_campaign/tcc_calibration_confirmatory_v1/runs/PUB-02/shallow_short/rep_0087/attempt_000/completion_manifest.json"", ""artifacts/publication_campaign/tcc_calibration_confirmatory_v1/runs/PUB-02/shallow_short/rep_0087/attempt_000/environment_preflight.json"", ""artifacts/publication_campaign/tcc_calibration_confirmatory_v1/runs/PUB-02/shallow_short/rep_0087/attempt_000/inference_command.json"", ""artifacts/publication_campaign/tcc_calibration_confirmatory_v1/runs/PUB-02/shallow_short/rep_0087/attempt_000/inference_config.json"", ""artifacts/publication_campaign/tcc_calibration_confirmatory_v1/runs/PUB-02/shallow_short/rep_0087/attempt_000/inference_started.json"", ""artifacts/publication_campaign/tcc_calibration_confirmatory_v1/runs/PUB-02/shallow_short/rep_0087/attempt_000/input.csv"", ""artifacts/publication_campaign/tcc_calibration_confirmatory_v1/runs/PUB-02/shallow_short/rep_0087/attempt_000/job.json"", ""artifacts/publication_campaign/tcc_calibration_confirmatory_v1/runs/PUB-02/shallow_short/rep_0087/attempt_000/predictive_summary.csv"", ""artifacts/publication_campaign/tcc_calibration_confirmatory_v1/runs/PUB-02/shallow_short/rep_0087/attempt_000/result.json"", ""artifacts/publication_campaign/tcc_calibration_confirmatory_v1/runs/PUB-02/shallow_short/rep_0087/attempt_000/sampler_summary.csv"", ""artifacts/publication_campaign/tcc_calibration_confirmatory_v1/runs/PUB-02/shallow_short/rep_0087/attempt_000/trace.nc"", ""artifacts/publication_campaign/tcc_calibration_confirmatory_v1/runs/PUB-02/shallow_short/rep_0087/attempt_000/truth.json"", ""artifacts/publication_campaign/tcc_calibration_confirmatory_v1/runs/PUB-02/shallow_short/rep_0087/attempt_000/worker_metadata.json""]",12.53286519422971,True,True
PUB-02__shallow_short__rep_0088,PUB-02,shallow_short,rep_0088,tcc_calibration_confirmatory_v1__PUB-02__shallow_short__rep_0088,"{""generation"": 552801739, ""inference"": 4104095622, ""predictive"": 1755550364, ""resampling"": 891207347}",artifacts/publication_campaign/tcc_calibration_confirmatory_v1/runs/PUB-02/shallow_short/rep_0088,COMPLETED,1,,artifacts/publication_campaign/tcc_calibration_confirmatory_v1/runs/PUB-02/shallow_short/rep_0088/attempt_000,"[""artifacts/publication_campaign/tcc_calibration_confirmatory_v1/runs/PUB-02/shallow_short/rep_0088/attempt_000/completion_manifest.json"", ""artifacts/publication_campaign/tcc_calibration_confirmatory_v1/runs/PUB-02/shallow_short/rep_0088/attempt_000/environment_preflight.json"", ""artifacts/publication_campaign/tcc_calibration_confirmatory_v1/runs/PUB-02/shallow_short/rep_0088/attempt_000/inference_command.json"", ""artifacts/publication_campaign/tcc_calibration_confirmatory_v1/runs/PUB-02/shallow_short/rep_0088/attempt_000/inference_config.json"", ""artifacts/publication_campaign/tcc_calibration_confirmatory_v1/runs/PUB-02/shallow_short/rep_0088/attempt_000/inference_started.json"", ""artifacts/publication_campaign/tcc_calibration_confirmatory_v1/runs/PUB-02/shallow_short/rep_0088/attempt_000/input.csv"", ""artifacts/publication_campaign/tcc_calibration_confirmatory_v1/runs/PUB-02/shallow_short/rep_0088/attempt_000/job.json"", ""artifacts/publication_campaign/tcc_calibration_confirmatory_v1/runs/PUB-02/shallow_short/rep_0088/attempt_000/predictive_summary.csv"", ""artifacts/publication_campaign/tcc_calibration_confirmatory_v1/runs/PUB-02/shallow_short/rep_0088/attempt_000/result.json"", ""artifacts/publication_campaign/tcc_calibration_confirmatory_v1/runs/PUB-02/shallow_short/rep_0088/attempt_000/sampler_summary.csv"", ""artifacts/publication_campaign/tcc_calibration_confirmatory_v1/runs/PUB-02/shallow_short/rep_0088/attempt_000/trace.nc"", ""artifacts/publication_campaign/tcc_calibration_confirmatory_v1/runs/PUB-02/shallow_short/rep_0088/attempt_000/truth.json"", ""artifacts/publication_campaign/tcc_calibration_confirmatory_v1/runs/PUB-02/shallow_short/rep_0088/attempt_000/worker_metadata.json""]",12.53286519422971,True,True
PUB-02__shallow_short__rep_0089,PUB-02,shallow_short,rep_0089,tcc_calibration_confirmatory_v1__PUB-02__shallow_short__rep_0089,"{""generation"": 934856431, ""inference"": 1855525281, ""predictive"": 2949668991, ""resampling"": 3135732317}",artifacts/publication_campaign/tcc_calibration_confirmatory_v1/runs/PUB-02/shallow_short/rep_0089,COMPLETED,1,,artifacts/publication_campaign/tcc_calibration_confirmatory_v1/runs/PUB-02/shallow_short/rep_0089/attempt_000,"[""artifacts/publication_campaign/tcc_calibration_confirmatory_v1/runs/PUB-02/shallow_short/rep_0089/attempt_000/completion_manifest.json"", ""artifacts/publication_campaign/tcc_calibration_confirmatory_v1/runs/PUB-02/shallow_short/rep_0089/attempt_000/environment_preflight.json"", ""artifacts/publication_campaign/tcc_calibration_confirmatory_v1/runs/PUB-02/shallow_short/rep_0089/attempt_000/inference_command.json"", ""artifacts/publication_campaign/tcc_calibration_confirmatory_v1/runs/PUB-02/shallow_short/rep_0089/attempt_000/inference_config.json"", ""artifacts/publication_campaign/tcc_calibration_confirmatory_v1/runs/PUB-02/shallow_short/rep_0089/attempt_000/inference_started.json"", ""artifacts/publication_campaign/tcc_calibration_confirmatory_v1/runs/PUB-02/shallow_short/rep_0089/attempt_000/input.csv"", ""artifacts/publication_campaign/tcc_calibration_confirmatory_v1/runs/PUB-02/shallow_short/rep_0089/attempt_000/job.json"", ""artifacts/publication_campaign/tcc_calibration_confirmatory_v1/runs/PUB-02/shallow_short/rep_0089/attempt_000/predictive_summary.csv"", ""artifacts/publication_campaign/tcc_calibration_confirmatory_v1/runs/PUB-02/shallow_short/rep_0089/attempt_000/result.json"", ""artifacts/publication_campaign/tcc_calibration_confirmatory_v1/runs/PUB-02/shallow_short/rep_0089/attempt_000/sampler_summary.csv"", ""artifacts/publication_campaign/tcc_calibration_confirmatory_v1/runs/PUB-02/shallow_short/rep_0089/attempt_000/trace.nc"", ""artifacts/publication_campaign/tcc_calibration_confirmatory_v1/runs/PUB-02/shallow_short/rep_0089/attempt_000/truth.json"", ""artifacts/publication_campaign/tcc_calibration_confirmatory_v1/runs/PUB-02/shallow_short/rep_0089/attempt_000/worker_metadata.json""]",12.53286519422971,True,True
PUB-02__shallow_short__rep_0090,PUB-02,shallow_short,rep_0090,tcc_calibration_confirmatory_v1__PUB-02__shallow_short__rep_0090,"{""generation"": 2896297027, ""inference"": 2344239061, ""predictive"": 1789580294, ""resampling"": 1745821690}",artifacts/publication_campaign/tcc_calibration_confirmatory_v1/runs/PUB-02/shallow_short/rep_0090,COMPLETED,1,,artifacts/publication_campaign/tcc_calibration_confirmatory_v1/runs/PUB-02/shallow_short/rep_0090/attempt_000,"[""artifacts/publication_campaign/tcc_calibration_confirmatory_v1/runs/PUB-02/shallow_short/rep_0090/attempt_000/completion_manifest.json"", ""artifacts/publication_campaign/tcc_calibration_confirmatory_v1/runs/PUB-02/shallow_short/rep_0090/attempt_000/environment_preflight.json"", ""artifacts/publication_campaign/tcc_calibration_confirmatory_v1/runs/PUB-02/shallow_short/rep_0090/attempt_000/inference_command.json"", ""artifacts/publication_campaign/tcc_calibration_confirmatory_v1/runs/PUB-02/shallow_short/rep_0090/attempt_000/inference_config.json"", ""artifacts/publication_campaign/tcc_calibration_confirmatory_v1/runs/PUB-02/shallow_short/rep_0090/attempt_000/inference_started.json"", ""artifacts/publication_campaign/tcc_calibration_confirmatory_v1/runs/PUB-02/shallow_short/rep_0090/attempt_000/input.csv"", ""artifacts/publication_campaign/tcc_calibration_confirmatory_v1/runs/PUB-02/shallow_short/rep_0090/attempt_000/job.json"", ""artifacts/publication_campaign/tcc_calibration_confirmatory_v1/runs/PUB-02/shallow_short/rep_0090/attempt_000/predictive_summary.csv"", ""artifacts/publication_campaign/tcc_calibration_confirmatory_v1/runs/PUB-02/shallow_short/rep_0090/attempt_000/result.json"", ""artifacts/publication_campaign/tcc_calibration_confirmatory_v1/runs/PUB-02/shallow_short/rep_0090/attempt_000/sampler_summary.csv"", ""artifacts/publication_campaign/tcc_calibration_confirmatory_v1/runs/PUB-02/shallow_short/rep_0090/attempt_000/trace.nc"", ""artifacts/publication_campaign/tcc_calibration_confirmatory_v1/runs/PUB-02/shallow_short/rep_0090/attempt_000/truth.json"", ""artifacts/publication_campaign/tcc_calibration_confirmatory_v1/runs/PUB-02/shallow_short/rep_0090/attempt_000/worker_metadata.json""]",12.53286519422971,True,True
PUB-02__shallow_short__rep_0091,PUB-02,shallow_short,rep_0091,tcc_calibration_confirmatory_v1__PUB-02__shallow_short__rep_0091,"{""generation"": 3111275793, ""inference"": 961579860, ""predictive"": 609334730, ""resampling"": 178096143}",artifacts/publication_campaign/tcc_calibration_confirmatory_v1/runs/PUB-02/shallow_short/rep_0091,COMPLETED,1,,artifacts/publication_campaign/tcc_calibration_confirmatory_v1/runs/PUB-02/shallow_short/rep_0091/attempt_000,"[""artifacts/publication_campaign/tcc_calibration_confirmatory_v1/runs/PUB-02/shallow_short/rep_0091/attempt_000/completion_manifest.json"", ""artifacts/publication_campaign/tcc_calibration_confirmatory_v1/runs/PUB-02/shallow_short/rep_0091/attempt_000/environment_preflight.json"", ""artifacts/publication_campaign/tcc_calibration_confirmatory_v1/runs/PUB-02/shallow_short/rep_0091/attempt_000/inference_command.json"", ""artifacts/publication_campaign/tcc_calibration_confirmatory_v1/runs/PUB-02/shallow_short/rep_0091/attempt_000/inference_config.json"", ""artifacts/publication_campaign/tcc_calibration_confirmatory_v1/runs/PUB-02/shallow_short/rep_0091/attempt_000/inference_started.json"", ""artifacts/publication_campaign/tcc_calibration_confirmatory_v1/runs/PUB-02/shallow_short/rep_0091/attempt_000/input.csv"", ""artifacts/publication_campaign/tcc_calibration_confirmatory_v1/runs/PUB-02/shallow_short/rep_0091/attempt_000/job.json"", ""artifacts/publication_campaign/tcc_calibration_confirmatory_v1/runs/PUB-02/shallow_short/rep_0091/attempt_000/predictive_summary.csv"", ""artifacts/publication_campaign/tcc_calibration_confirmatory_v1/runs/PUB-02/shallow_short/rep_0091/attempt_000/result.json"", ""artifacts/publication_campaign/tcc_calibration_confirmatory_v1/runs/PUB-02/shallow_short/rep_0091/attempt_000/sampler_summary.csv"", ""artifacts/publication_campaign/tcc_calibration_confirmatory_v1/runs/PUB-02/shallow_short/rep_0091/attempt_000/trace.nc"", ""artifacts/publication_campaign/tcc_calibration_confirmatory_v1/runs/PUB-02/shallow_short/rep_0091/attempt_000/truth.json"", ""artifacts/publication_campaign/tcc_calibration_confirmatory_v1/runs/PUB-02/shallow_short/rep_0091/attempt_000/worker_metadata.json""]",12.53286519422971,True,True
PUB-02__shallow_short__rep_0092,PUB-02,shallow_short,rep_0092,tcc_calibration_confirmatory_v1__PUB-02__shallow_short__rep_0092,"{""generation"": 4106311165, ""inference"": 3860802973, ""predictive"": 62229777, ""resampling"": 4249627038}",artifacts/publication_campaign/tcc_calibration_confirmatory_v1/runs/PUB-02/shallow_short/rep_0092,COMPLETED,1,,artifacts/publication_campaign/tcc_calibration_confirmatory_v1/runs/PUB-02/shallow_short/rep_0092/attempt_000,"[""artifacts/publication_campaign/tcc_calibration_confirmatory_v1/runs/PUB-02/shallow_short/rep_0092/attempt_000/completion_manifest.json"", ""artifacts/publication_campaign/tcc_calibration_confirmatory_v1/runs/PUB-02/shallow_short/rep_0092/attempt_000/environment_preflight.json"", ""artifacts/publication_campaign/tcc_calibration_confirmatory_v1/runs/PUB-02/shallow_short/rep_0092/attempt_000/inference_command.json"", ""artifacts/publication_campaign/tcc_calibration_confirmatory_v1/runs/PUB-02/shallow_short/rep_0092/attempt_000/inference_config.json"", ""artifacts/publication_campaign/tcc_calibration_confirmatory_v1/runs/PUB-02/shallow_short/rep_0092/attempt_000/inference_started.json"", ""artifacts/publication_campaign/tcc_calibration_confirmatory_v1/runs/PUB-02/shallow_short/rep_0092/attempt_000/input.csv"", ""artifacts/publication_campaign/tcc_calibration_confirmatory_v1/runs/PUB-02/shallow_short/rep_0092/attempt_000/job.json"", ""artifacts/publication_campaign/tcc_calibration_confirmatory_v1/runs/PUB-02/shallow_short/rep_0092/attempt_000/predictive_summary.csv"", ""artifacts/publication_campaign/tcc_calibration_confirmatory_v1/runs/PUB-02/shallow_short/rep_0092/attempt_000/result.json"", ""artifacts/publication_campaign/tcc_calibration_confirmatory_v1/runs/PUB-02/shallow_short/rep_0092/attempt_000/sampler_summary.csv"", ""artifacts/publication_campaign/tcc_calibration_confirmatory_v1/runs/PUB-02/shallow_short/rep_0092/attempt_000/trace.nc"", ""artifacts/publication_campaign/tcc_calibration_confirmatory_v1/runs/PUB-02/shallow_short/rep_0092/attempt_000/truth.json"", ""artifacts/publication_campaign/tcc_calibration_confirmatory_v1/runs/PUB-02/shallow_short/rep_0092/attempt_000/worker_metadata.json""]",12.53286519422971,True,True
PUB-02__shallow_short__rep_0093,PUB-02,shallow_short,rep_0093,tcc_calibration_confirmatory_v1__PUB-02__shallow_short__rep_0093,"{""generation"": 3676014255, ""inference"": 2315009830, ""predictive"": 349675814, ""resampling"": 3560419121}",artifacts/publication_campaign/tcc_calibration_confirmatory_v1/runs/PUB-02/shallow_short/rep_0093,COMPLETED,1,,artifacts/publication_campaign/tcc_calibration_confirmatory_v1/runs/PUB-02/shallow_short/rep_0093/attempt_000,"[""artifacts/publication_campaign/tcc_calibration_confirmatory_v1/runs/PUB-02/shallow_short/rep_0093/attempt_000/completion_manifest.json"", ""artifacts/publication_campaign/tcc_calibration_confirmatory_v1/runs/PUB-02/shallow_short/rep_0093/attempt_000/environment_preflight.json"", ""artifacts/publication_campaign/tcc_calibration_confirmatory_v1/runs/PUB-02/shallow_short/rep_0093/attempt_000/inference_command.json"", ""artifacts/publication_campaign/tcc_calibration_confirmatory_v1/runs/PUB-02/shallow_short/rep_0093/attempt_000/inference_config.json"", ""artifacts/publication_campaign/tcc_calibration_confirmatory_v1/runs/PUB-02/shallow_short/rep_0093/attempt_000/inference_started.json"", ""artifacts/publication_campaign/tcc_calibration_confirmatory_v1/runs/PUB-02/shallow_short/rep_0093/attempt_000/input.csv"", ""artifacts/publication_campaign/tcc_calibration_confirmatory_v1/runs/PUB-02/shallow_short/rep_0093/attempt_000/job.json"", ""artifacts/publication_campaign/tcc_calibration_confirmatory_v1/runs/PUB-02/shallow_short/rep_0093/attempt_000/predictive_summary.csv"", ""artifacts/publication_campaign/tcc_calibration_confirmatory_v1/runs/PUB-02/shallow_short/rep_0093/attempt_000/result.json"", ""artifacts/publication_campaign/tcc_calibration_confirmatory_v1/runs/PUB-02/shallow_short/rep_0093/attempt_000/sampler_summary.csv"", ""artifacts/publication_campaign/tcc_calibration_confirmatory_v1/runs/PUB-02/shallow_short/rep_0093/attempt_000/trace.nc"", ""artifacts/publication_campaign/tcc_calibration_confirmatory_v1/runs/PUB-02/shallow_short/rep_0093/attempt_000/truth.json"", ""artifacts/publication_campaign/tcc_calibration_confirmatory_v1/runs/PUB-02/shallow_short/rep_0093/attempt_000/worker_metadata.json""]",12.53286519422971,True,True
PUB-02__shallow_short__rep_0094,PUB-02,shallow_short,rep_0094,tcc_calibration_confirmatory_v1__PUB-02__shallow_short__rep_0094,"{""generation"": 398572110, ""inference"": 1966974741, ""predictive"": 2826298679, ""resampling"": 1144373325}",artifacts/publication_campaign/tcc_calibration_confirmatory_v1/runs/PUB-02/shallow_short/rep_0094,COMPLETED,1,,artifacts/publication_campaign/tcc_calibration_confirmatory_v1/runs/PUB-02/shallow_short/rep_0094/attempt_000,"[""artifacts/publication_campaign/tcc_calibration_confirmatory_v1/runs/PUB-02/shallow_short/rep_0094/attempt_000/completion_manifest.json"", ""artifacts/publication_campaign/tcc_calibration_confirmatory_v1/runs/PUB-02/shallow_short/rep_0094/attempt_000/environment_preflight.json"", ""artifacts/publication_campaign/tcc_calibration_confirmatory_v1/runs/PUB-02/shallow_short/rep_0094/attempt_000/inference_command.json"", ""artifacts/publication_campaign/tcc_calibration_confirmatory_v1/runs/PUB-02/shallow_short/rep_0094/attempt_000/inference_config.json"", ""artifacts/publication_campaign/tcc_calibration_confirmatory_v1/runs/PUB-02/shallow_short/rep_0094/attempt_000/inference_started.json"", ""artifacts/publication_campaign/tcc_calibration_confirmatory_v1/runs/PUB-02/shallow_short/rep_0094/attempt_000/input.csv"", ""artifacts/publication_campaign/tcc_calibration_confirmatory_v1/runs/PUB-02/shallow_short/rep_0094/attempt_000/job.json"", ""artifacts/publication_campaign/tcc_calibration_confirmatory_v1/runs/PUB-02/shallow_short/rep_0094/attempt_000/predictive_summary.csv"", ""artifacts/publication_campaign/tcc_calibration_confirmatory_v1/runs/PUB-02/shallow_short/rep_0094/attempt_000/result.json"", ""artifacts/publication_campaign/tcc_calibration_confirmatory_v1/runs/PUB-02/shallow_short/rep_0094/attempt_000/sampler_summary.csv"", ""artifacts/publication_campaign/tcc_calibration_confirmatory_v1/runs/PUB-02/shallow_short/rep_0094/attempt_000/trace.nc"", ""artifacts/publication_campaign/tcc_calibration_confirmatory_v1/runs/PUB-02/shallow_short/rep_0094/attempt_000/truth.json"", ""artifacts/publication_campaign/tcc_calibration_confirmatory_v1/runs/PUB-02/shallow_short/rep_0094/attempt_000/worker_metadata.json""]",12.53286519422971,True,True
PUB-02__shallow_short__rep_0095,PUB-02,shallow_short,rep_0095,tcc_calibration_confirmatory_v1__PUB-02__shallow_short__rep_0095,"{""generation"": 2231898116, ""inference"": 4026128622, ""predictive"": 576176929, ""resampling"": 600769541}",artifacts/publication_campaign/tcc_calibration_confirmatory_v1/runs/PUB-02/shallow_short/rep_0095,COMPLETED,1,,artifacts/publication_campaign/tcc_calibration_confirmatory_v1/runs/PUB-02/shallow_short/rep_0095/attempt_000,"[""artifacts/publication_campaign/tcc_calibration_confirmatory_v1/runs/PUB-02/shallow_short/rep_0095/attempt_000/completion_manifest.json"", ""artifacts/publication_campaign/tcc_calibration_confirmatory_v1/runs/PUB-02/shallow_short/rep_0095/attempt_000/environment_preflight.json"", ""artifacts/publication_campaign/tcc_calibration_confirmatory_v1/runs/PUB-02/shallow_short/rep_0095/attempt_000/inference_command.json"", ""artifacts/publication_campaign/tcc_calibration_confirmatory_v1/runs/PUB-02/shallow_short/rep_0095/attempt_000/inference_config.json"", ""artifacts/publication_campaign/tcc_calibration_confirmatory_v1/runs/PUB-02/shallow_short/rep_0095/attempt_000/inference_started.json"", ""artifacts/publication_campaign/tcc_calibration_confirmatory_v1/runs/PUB-02/shallow_short/rep_0095/attempt_000/input.csv"", ""artifacts/publication_campaign/tcc_calibration_confirmatory_v1/runs/PUB-02/shallow_short/rep_0095/attempt_000/job.json"", ""artifacts/publication_campaign/tcc_calibration_confirmatory_v1/runs/PUB-02/shallow_short/rep_0095/attempt_000/predictive_summary.csv"", ""artifacts/publication_campaign/tcc_calibration_confirmatory_v1/runs/PUB-02/shallow_short/rep_0095/attempt_000/result.json"", ""artifacts/publication_campaign/tcc_calibration_confirmatory_v1/runs/PUB-02/shallow_short/rep_0095/attempt_000/sampler_summary.csv"", ""artifacts/publication_campaign/tcc_calibration_confirmatory_v1/runs/PUB-02/shallow_short/rep_0095/attempt_000/trace.nc"", ""artifacts/publication_campaign/tcc_calibration_confirmatory_v1/runs/PUB-02/shallow_short/rep_0095/attempt_000/truth.json"", ""artifacts/publication_campaign/tcc_calibration_confirmatory_v1/runs/PUB-02/shallow_short/rep_0095/attempt_000/worker_metadata.json""]",12.53286519422971,True,True
PUB-02__shallow_short__rep_0096,PUB-02,shallow_short,rep_0096,tcc_calibration_confirmatory_v1__PUB-02__shallow_short__rep_0096,"{""generation"": 912177999, ""inference"": 3637843072, ""predictive"": 253395804, ""resampling"": 3790115666}",artifacts/publication_campaign/tcc_calibration_confirmatory_v1/runs/PUB-02/shallow_short/rep_0096,COMPLETED,1,,artifacts/publication_campaign/tcc_calibration_confirmatory_v1/runs/PUB-02/shallow_short/rep_0096/attempt_000,"[""artifacts/publication_campaign/tcc_calibration_confirmatory_v1/runs/PUB-02/shallow_short/rep_0096/attempt_000/completion_manifest.json"", ""artifacts/publication_campaign/tcc_calibration_confirmatory_v1/runs/PUB-02/shallow_short/rep_0096/attempt_000/environment_preflight.json"", ""artifacts/publication_campaign/tcc_calibration_confirmatory_v1/runs/PUB-02/shallow_short/rep_0096/attempt_000/inference_command.json"", ""artifacts/publication_campaign/tcc_calibration_confirmatory_v1/runs/PUB-02/shallow_short/rep_0096/attempt_000/inference_config.json"", ""artifacts/publication_campaign/tcc_calibration_confirmatory_v1/runs/PUB-02/shallow_short/rep_0096/attempt_000/inference_started.json"", ""artifacts/publication_campaign/tcc_calibration_confirmatory_v1/runs/PUB-02/shallow_short/rep_0096/attempt_000/input.csv"", ""artifacts/publication_campaign/tcc_calibration_confirmatory_v1/runs/PUB-02/shallow_short/rep_0096/attempt_000/job.json"", ""artifacts/publication_campaign/tcc_calibration_confirmatory_v1/runs/PUB-02/shallow_short/rep_0096/attempt_000/predictive_summary.csv"", ""artifacts/publication_campaign/tcc_calibration_confirmatory_v1/runs/PUB-02/shallow_short/rep_0096/attempt_000/result.json"", ""artifacts/publication_campaign/tcc_calibration_confirmatory_v1/runs/PUB-02/shallow_short/rep_0096/attempt_000/sampler_summary.csv"", ""artifacts/publication_campaign/tcc_calibration_confirmatory_v1/runs/PUB-02/shallow_short/rep_0096/attempt_000/trace.nc"", ""artifacts/publication_campaign/tcc_calibration_confirmatory_v1/runs/PUB-02/shallow_short/rep_0096/attempt_000/truth.json"", ""artifacts/publication_campaign/tcc_calibration_confirmatory_v1/runs/PUB-02/shallow_short/rep_0096/attempt_000/worker_metadata.json""]",12.53286519422971,True,True
PUB-02__shallow_short__rep_0097,PUB-02,shallow_short,rep_0097,tcc_calibration_confirmatory_v1__PUB-02__shallow_short__rep_0097,"{""generation"": 4241675497, ""inference"": 2474420252, ""predictive"": 2524349438, ""resampling"": 3141969350}",artifacts/publication_campaign/tcc_calibration_confirmatory_v1/runs/PUB-02/shallow_short/rep_0097,COMPLETED,1,,artifacts/publication_campaign/tcc_calibration_confirmatory_v1/runs/PUB-02/shallow_short/rep_0097/attempt_000,"[""artifacts/publication_campaign/tcc_calibration_confirmatory_v1/runs/PUB-02/shallow_short/rep_0097/attempt_000/completion_manifest.json"", ""artifacts/publication_campaign/tcc_calibration_confirmatory_v1/runs/PUB-02/shallow_short/rep_0097/attempt_000/environment_preflight.json"", ""artifacts/publication_campaign/tcc_calibration_confirmatory_v1/runs/PUB-02/shallow_short/rep_0097/attempt_000/inference_command.json"", ""artifacts/publication_campaign/tcc_calibration_confirmatory_v1/runs/PUB-02/shallow_short/rep_0097/attempt_000/inference_config.json"", ""artifacts/publication_campaign/tcc_calibration_confirmatory_v1/runs/PUB-02/shallow_short/rep_0097/attempt_000/inference_started.json"", ""artifacts/publication_campaign/tcc_calibration_confirmatory_v1/runs/PUB-02/shallow_short/rep_0097/attempt_000/input.csv"", ""artifacts/publication_campaign/tcc_calibration_confirmatory_v1/runs/PUB-02/shallow_short/rep_0097/attempt_000/job.json"", ""artifacts/publication_campaign/tcc_calibration_confirmatory_v1/runs/PUB-02/shallow_short/rep_0097/attempt_000/predictive_summary.csv"", ""artifacts/publication_campaign/tcc_calibration_confirmatory_v1/runs/PUB-02/shallow_short/rep_0097/attempt_000/result.json"", ""artifacts/publication_campaign/tcc_calibration_confirmatory_v1/runs/PUB-02/shallow_short/rep_0097/attempt_000/sampler_summary.csv"", ""artifacts/publication_campaign/tcc_calibration_confirmatory_v1/runs/PUB-02/shallow_short/rep_0097/attempt_000/trace.nc"", ""artifacts/publication_campaign/tcc_calibration_confirmatory_v1/runs/PUB-02/shallow_short/rep_0097/attempt_000/truth.json"", ""artifacts/publication_campaign/tcc_calibration_confirmatory_v1/runs/PUB-02/shallow_short/rep_0097/attempt_000/worker_metadata.json""]",12.53286519422971,True,True
PUB-02__shallow_short__rep_0098,PUB-02,shallow_short,rep_0098,tcc_calibration_confirmatory_v1__PUB-02__shallow_short__rep_0098,"{""generation"": 3428245364, ""inference"": 609360558, ""predictive"": 3335062158, ""resampling"": 856329643}",artifacts/publication_campaign/tcc_calibration_confirmatory_v1/runs/PUB-02/shallow_short/rep_0098,COMPLETED,1,,artifacts/publication_campaign/tcc_calibration_confirmatory_v1/runs/PUB-02/shallow_short/rep_0098/attempt_000,"[""artifacts/publication_campaign/tcc_calibration_confirmatory_v1/runs/PUB-02/shallow_short/rep_0098/attempt_000/completion_manifest.json"", ""artifacts/publication_campaign/tcc_calibration_confirmatory_v1/runs/PUB-02/shallow_short/rep_0098/attempt_000/environment_preflight.json"", ""artifacts/publication_campaign/tcc_calibration_confirmatory_v1/runs/PUB-02/shallow_short/rep_0098/attempt_000/inference_command.json"", ""artifacts/publication_campaign/tcc_calibration_confirmatory_v1/runs/PUB-02/shallow_short/rep_0098/attempt_000/inference_config.json"", ""artifacts/publication_campaign/tcc_calibration_confirmatory_v1/runs/PUB-02/shallow_short/rep_0098/attempt_000/inference_started.json"", ""artifacts/publication_campaign/tcc_calibration_confirmatory_v1/runs/PUB-02/shallow_short/rep_0098/attempt_000/input.csv"", ""artifacts/publication_campaign/tcc_calibration_confirmatory_v1/runs/PUB-02/shallow_short/rep_0098/attempt_000/job.json"", ""artifacts/publication_campaign/tcc_calibration_confirmatory_v1/runs/PUB-02/shallow_short/rep_0098/attempt_000/predictive_summary.csv"", ""artifacts/publication_campaign/tcc_calibration_confirmatory_v1/runs/PUB-02/shallow_short/rep_0098/attempt_000/result.json"", ""artifacts/publication_campaign/tcc_calibration_confirmatory_v1/runs/PUB-02/shallow_short/rep_0098/attempt_000/sampler_summary.csv"", ""artifacts/publication_campaign/tcc_calibration_confirmatory_v1/runs/PUB-02/shallow_short/rep_0098/attempt_000/trace.nc"", ""artifacts/publication_campaign/tcc_calibration_confirmatory_v1/runs/PUB-02/shallow_short/rep_0098/attempt_000/truth.json"", ""artifacts/publication_campaign/tcc_calibration_confirmatory_v1/runs/PUB-02/shallow_short/rep_0098/attempt_000/worker_metadata.json""]",12.53286519422971,True,True
PUB-02__shallow_short__rep_0099,PUB-02,shallow_short,rep_0099,tcc_calibration_confirmatory_v1__PUB-02__shallow_short__rep_0099,"{""generation"": 4017538867, ""inference"": 881747873, ""predictive"": 3464487245, ""resampling"": 3849279309}",artifacts/publication_campaign/tcc_calibration_confirmatory_v1/runs/PUB-02/shallow_short/rep_0099,COMPLETED,1,,artifacts/publication_campaign/tcc_calibration_confirmatory_v1/runs/PUB-02/shallow_short/rep_0099/attempt_000,"[""artifacts/publication_campaign/tcc_calibration_confirmatory_v1/runs/PUB-02/shallow_short/rep_0099/attempt_000/completion_manifest.json"", ""artifacts/publication_campaign/tcc_calibration_confirmatory_v1/runs/PUB-02/shallow_short/rep_0099/attempt_000/environment_preflight.json"", ""artifacts/publication_campaign/tcc_calibration_confirmatory_v1/runs/PUB-02/shallow_short/rep_0099/attempt_000/inference_command.json"", ""artifacts/publication_campaign/tcc_calibration_confirmatory_v1/runs/PUB-02/shallow_short/rep_0099/attempt_000/inference_config.json"", ""artifacts/publication_campaign/tcc_calibration_confirmatory_v1/runs/PUB-02/shallow_short/rep_0099/attempt_000/inference_started.json"", ""artifacts/publication_campaign/tcc_calibration_confirmatory_v1/runs/PUB-02/shallow_short/rep_0099/attempt_000/input.csv"", ""artifacts/publication_campaign/tcc_calibration_confirmatory_v1/runs/PUB-02/shallow_short/rep_0099/attempt_000/job.json"", ""artifacts/publication_campaign/tcc_calibration_confirmatory_v1/runs/PUB-02/shallow_short/rep_0099/attempt_000/predictive_summary.csv"", ""artifacts/publication_campaign/tcc_calibration_confirmatory_v1/runs/PUB-02/shallow_short/rep_0099/attempt_000/result.json"", ""artifacts/publication_campaign/tcc_calibration_confirmatory_v1/runs/PUB-02/shallow_short/rep_0099/attempt_000/sampler_summary.csv"", ""artifacts/publication_campaign/tcc_calibration_confirmatory_v1/runs/PUB-02/shallow_short/rep_0099/attempt_000/trace.nc"", ""artifacts/publication_campaign/tcc_calibration_confirmatory_v1/runs/PUB-02/shallow_short/rep_0099/attempt_000/truth.json"", ""artifacts/publication_campaign/tcc_calibration_confirmatory_v1/runs/PUB-02/shallow_short/rep_0099/attempt_000/worker_metadata.json""]",12.53286519422971,True,True
PUB-02__near_limit_long__rep_0000,PUB-02,near_limit_long,rep_0000,tcc_calibration_confirmatory_v1__PUB-02__near_limit_long__rep_0000,"{""generation"": 3894078489, ""inference"": 690005846, ""predictive"": 1882923179, ""resampling"": 3918526240}",artifacts/publication_campaign/tcc_calibration_confirmatory_v1/runs/PUB-02/near_limit_long/rep_0000,COMPLETED,1,,artifacts/publication_campaign/tcc_calibration_confirmatory_v1/runs/PUB-02/near_limit_long/rep_0000/attempt_000,"[""artifacts/publication_campaign/tcc_calibration_confirmatory_v1/runs/PUB-02/near_limit_long/rep_0000/attempt_000/completion_manifest.json"", ""artifacts/publication_campaign/tcc_calibration_confirmatory_v1/runs/PUB-02/near_limit_long/rep_0000/attempt_000/environment_preflight.json"", ""artifacts/publication_campaign/tcc_calibration_confirmatory_v1/runs/PUB-02/near_limit_long/rep_0000/attempt_000/inference_command.json"", ""artifacts/publication_campaign/tcc_calibration_confirmatory_v1/runs/PUB-02/near_limit_long/rep_0000/attempt_000/inference_config.json"", ""artifacts/publication_campaign/tcc_calibration_confirmatory_v1/runs/PUB-02/near_limit_long/rep_0000/attempt_000/inference_started.json"", ""artifacts/publication_campaign/tcc_calibration_confirmatory_v1/runs/PUB-02/near_limit_long/rep_0000/attempt_000/input.csv"", ""artifacts/publication_campaign/tcc_calibration_confirmatory_v1/runs/PUB-02/near_limit_long/rep_0000/attempt_000/job.json"", ""artifacts/publication_campaign/tcc_calibration_confirmatory_v1/runs/PUB-02/near_limit_long/rep_0000/attempt_000/predictive_summary.csv"", ""artifacts/publication_campaign/tcc_calibration_confirmatory_v1/runs/PUB-02/near_limit_long/rep_0000/attempt_000/result.json"", ""artifacts/publication_campaign/tcc_calibration_confirmatory_v1/runs/PUB-02/near_limit_long/rep_0000/attempt_000/sampler_summary.csv"", ""artifacts/publication_campaign/tcc_calibration_confirmatory_v1/runs/PUB-02/near_limit_long/rep_0000/attempt_000/trace.nc"", ""artifacts/publication_campaign/tcc_calibration_confirmatory_v1/runs/PUB-02/near_limit_long/rep_0000/attempt_000/truth.json"", ""artifacts/publication_campaign/tcc_calibration_confirmatory_v1/runs/PUB-02/near_limit_long/rep_0000/attempt_000/worker_metadata.json""]",0.47044871064209004,True,True
PUB-02__near_limit_long__rep_0001,PUB-02,near_limit_long,rep_0001,tcc_calibration_confirmatory_v1__PUB-02__near_limit_long__rep_0001,"{""generation"": 565563845, ""inference"": 1193989346, ""predictive"": 3312309790, ""resampling"": 3144890976}",artifacts/publication_campaign/tcc_calibration_confirmatory_v1/runs/PUB-02/near_limit_long/rep_0001,COMPLETED,1,,artifacts/publication_campaign/tcc_calibration_confirmatory_v1/runs/PUB-02/near_limit_long/rep_0001/attempt_000,"[""artifacts/publication_campaign/tcc_calibration_confirmatory_v1/runs/PUB-02/near_limit_long/rep_0001/attempt_000/completion_manifest.json"", ""artifacts/publication_campaign/tcc_calibration_confirmatory_v1/runs/PUB-02/near_limit_long/rep_0001/attempt_000/environment_preflight.json"", ""artifacts/publication_campaign/tcc_calibration_confirmatory_v1/runs/PUB-02/near_limit_long/rep_0001/attempt_000/inference_command.json"", ""artifacts/publication_campaign/tcc_calibration_confirmatory_v1/runs/PUB-02/near_limit_long/rep_0001/attempt_000/inference_config.json"", ""artifacts/publication_campaign/tcc_calibration_confirmatory_v1/runs/PUB-02/near_limit_long/rep_0001/attempt_000/inference_started.json"", ""artifacts/publication_campaign/tcc_calibration_confirmatory_v1/runs/PUB-02/near_limit_long/rep_0001/attempt_000/input.csv"", ""artifacts/publication_campaign/tcc_calibration_confirmatory_v1/runs/PUB-02/near_limit_long/rep_0001/attempt_000/job.json"", ""artifacts/publication_campaign/tcc_calibration_confirmatory_v1/runs/PUB-02/near_limit_long/rep_0001/attempt_000/predictive_summary.csv"", ""artifacts/publication_campaign/tcc_calibration_confirmatory_v1/runs/PUB-02/near_limit_long/rep_0001/attempt_000/result.json"", ""artifacts/publication_campaign/tcc_calibration_confirmatory_v1/runs/PUB-02/near_limit_long/rep_0001/attempt_000/sampler_summary.csv"", ""artifacts/publication_campaign/tcc_calibration_confirmatory_v1/runs/PUB-02/near_limit_long/rep_0001/attempt_000/trace.nc"", ""artifacts/publication_campaign/tcc_calibration_confirmatory_v1/runs/PUB-02/near_limit_long/rep_0001/attempt_000/truth.json"", ""artifacts/publication_campaign/tcc_calibration_confirmatory_v1/runs/PUB-02/near_limit_long/rep_0001/attempt_000/worker_metadata.json""]",0.47044871064209004,True,True
PUB-02__near_limit_long__rep_0002,PUB-02,near_limit_long,rep_0002,tcc_calibration_confirmatory_v1__PUB-02__near_limit_long__rep_0002,"{""generation"": 2056008590, ""inference"": 585573284, ""predictive"": 2615583429, ""resampling"": 2939488717}",artifacts/publication_campaign/tcc_calibration_confirmatory_v1/runs/PUB-02/near_limit_long/rep_0002,COMPLETED,1,,artifacts/publication_campaign/tcc_calibration_confirmatory_v1/runs/PUB-02/near_limit_long/rep_0002/attempt_000,"[""artifacts/publication_campaign/tcc_calibration_confirmatory_v1/runs/PUB-02/near_limit_long/rep_0002/attempt_000/completion_manifest.json"", ""artifacts/publication_campaign/tcc_calibration_confirmatory_v1/runs/PUB-02/near_limit_long/rep_0002/attempt_000/environment_preflight.json"", ""artifacts/publication_campaign/tcc_calibration_confirmatory_v1/runs/PUB-02/near_limit_long/rep_0002/attempt_000/inference_command.json"", ""artifacts/publication_campaign/tcc_calibration_confirmatory_v1/runs/PUB-02/near_limit_long/rep_0002/attempt_000/inference_config.json"", ""artifacts/publication_campaign/tcc_calibration_confirmatory_v1/runs/PUB-02/near_limit_long/rep_0002/attempt_000/inference_started.json"", ""artifacts/publication_campaign/tcc_calibration_confirmatory_v1/runs/PUB-02/near_limit_long/rep_0002/attempt_000/input.csv"", ""artifacts/publication_campaign/tcc_calibration_confirmatory_v1/runs/PUB-02/near_limit_long/rep_0002/attempt_000/job.json"", ""artifacts/publication_campaign/tcc_calibration_confirmatory_v1/runs/PUB-02/near_limit_long/rep_0002/attempt_000/predictive_summary.csv"", ""artifacts/publication_campaign/tcc_calibration_confirmatory_v1/runs/PUB-02/near_limit_long/rep_0002/attempt_000/result.json"", ""artifacts/publication_campaign/tcc_calibration_confirmatory_v1/runs/PUB-02/near_limit_long/rep_0002/attempt_000/sampler_summary.csv"", ""artifacts/publication_campaign/tcc_calibration_confirmatory_v1/runs/PUB-02/near_limit_long/rep_0002/attempt_000/trace.nc"", ""artifacts/publication_campaign/tcc_calibration_confirmatory_v1/runs/PUB-02/near_limit_long/rep_0002/attempt_000/truth.json"", ""artifacts/publication_campaign/tcc_calibration_confirmatory_v1/runs/PUB-02/near_limit_long/rep_0002/attempt_000/worker_metadata.json""]",0.47044871064209004,True,True
PUB-02__near_limit_long__rep_0003,PUB-02,near_limit_long,rep_0003,tcc_calibration_confirmatory_v1__PUB-02__near_limit_long__rep_0003,"{""generation"": 110148000, ""inference"": 3209647172, ""predictive"": 1953097695, ""resampling"": 3486652485}",artifacts/publication_campaign/tcc_calibration_confirmatory_v1/runs/PUB-02/near_limit_long/rep_0003,COMPLETED,1,,artifacts/publication_campaign/tcc_calibration_confirmatory_v1/runs/PUB-02/near_limit_long/rep_0003/attempt_000,"[""artifacts/publication_campaign/tcc_calibration_confirmatory_v1/runs/PUB-02/near_limit_long/rep_0003/attempt_000/completion_manifest.json"", ""artifacts/publication_campaign/tcc_calibration_confirmatory_v1/runs/PUB-02/near_limit_long/rep_0003/attempt_000/environment_preflight.json"", ""artifacts/publication_campaign/tcc_calibration_confirmatory_v1/runs/PUB-02/near_limit_long/rep_0003/attempt_000/inference_command.json"", ""artifacts/publication_campaign/tcc_calibration_confirmatory_v1/runs/PUB-02/near_limit_long/rep_0003/attempt_000/inference_config.json"", ""artifacts/publication_campaign/tcc_calibration_confirmatory_v1/runs/PUB-02/near_limit_long/rep_0003/attempt_000/inference_started.json"", ""artifacts/publication_campaign/tcc_calibration_confirmatory_v1/runs/PUB-02/near_limit_long/rep_0003/attempt_000/input.csv"", ""artifacts/publication_campaign/tcc_calibration_confirmatory_v1/runs/PUB-02/near_limit_long/rep_0003/attempt_000/job.json"", ""artifacts/publication_campaign/tcc_calibration_confirmatory_v1/runs/PUB-02/near_limit_long/rep_0003/attempt_000/predictive_summary.csv"", ""artifacts/publication_campaign/tcc_calibration_confirmatory_v1/runs/PUB-02/near_limit_long/rep_0003/attempt_000/result.json"", ""artifacts/publication_campaign/tcc_calibration_confirmatory_v1/runs/PUB-02/near_limit_long/rep_0003/attempt_000/sampler_summary.csv"", ""artifacts/publication_campaign/tcc_calibration_confirmatory_v1/runs/PUB-02/near_limit_long/rep_0003/attempt_000/trace.nc"", ""artifacts/publication_campaign/tcc_calibration_confirmatory_v1/runs/PUB-02/near_limit_long/rep_0003/attempt_000/truth.json"", ""artifacts/publication_campaign/tcc_calibration_confirmatory_v1/runs/PUB-02/near_limit_long/rep_0003/attempt_000/worker_metadata.json""]",0.47044871064209004,True,True
PUB-02__near_limit_long__rep_0004,PUB-02,near_limit_long,rep_0004,tcc_calibration_confirmatory_v1__PUB-02__near_limit_long__rep_0004,"{""generation"": 608890627, ""inference"": 1584741965, ""predictive"": 4266451474, ""resampling"": 1360622439}",artifacts/publication_campaign/tcc_calibration_confirmatory_v1/runs/PUB-02/near_limit_long/rep_0004,COMPLETED,1,,artifacts/publication_campaign/tcc_calibration_confirmatory_v1/runs/PUB-02/near_limit_long/rep_0004/attempt_000,"[""artifacts/publication_campaign/tcc_calibration_confirmatory_v1/runs/PUB-02/near_limit_long/rep_0004/attempt_000/completion_manifest.json"", ""artifacts/publication_campaign/tcc_calibration_confirmatory_v1/runs/PUB-02/near_limit_long/rep_0004/attempt_000/environment_preflight.json"", ""artifacts/publication_campaign/tcc_calibration_confirmatory_v1/runs/PUB-02/near_limit_long/rep_0004/attempt_000/inference_command.json"", ""artifacts/publication_campaign/tcc_calibration_confirmatory_v1/runs/PUB-02/near_limit_long/rep_0004/attempt_000/inference_config.json"", ""artifacts/publication_campaign/tcc_calibration_confirmatory_v1/runs/PUB-02/near_limit_long/rep_0004/attempt_000/inference_started.json"", ""artifacts/publication_campaign/tcc_calibration_confirmatory_v1/runs/PUB-02/near_limit_long/rep_0004/attempt_000/input.csv"", ""artifacts/publication_campaign/tcc_calibration_confirmatory_v1/runs/PUB-02/near_limit_long/rep_0004/attempt_000/job.json"", ""artifacts/publication_campaign/tcc_calibration_confirmatory_v1/runs/PUB-02/near_limit_long/rep_0004/attempt_000/predictive_summary.csv"", ""artifacts/publication_campaign/tcc_calibration_confirmatory_v1/runs/PUB-02/near_limit_long/rep_0004/attempt_000/result.json"", ""artifacts/publication_campaign/tcc_calibration_confirmatory_v1/runs/PUB-02/near_limit_long/rep_0004/attempt_000/sampler_summary.csv"", ""artifacts/publication_campaign/tcc_calibration_confirmatory_v1/runs/PUB-02/near_limit_long/rep_0004/attempt_000/trace.nc"", ""artifacts/publication_campaign/tcc_calibration_confirmatory_v1/runs/PUB-02/near_limit_long/rep_0004/attempt_000/truth.json"", ""artifacts/publication_campaign/tcc_calibration_confirmatory_v1/runs/PUB-02/near_limit_long/rep_0004/attempt_000/worker_metadata.json""]",0.47044871064209004,True,True
PUB-02__near_limit_long__rep_0005,PUB-02,near_limit_long,rep_0005,tcc_calibration_confirmatory_v1__PUB-02__near_limit_long__rep_0005,"{""generation"": 3274845344, ""inference"": 1262799644, ""predictive"": 786772101, ""resampling"": 1312913183}",artifacts/publication_campaign/tcc_calibration_confirmatory_v1/runs/PUB-02/near_limit_long/rep_0005,COMPLETED,1,,artifacts/publication_campaign/tcc_calibration_confirmatory_v1/runs/PUB-02/near_limit_long/rep_0005/attempt_000,"[""artifacts/publication_campaign/tcc_calibration_confirmatory_v1/runs/PUB-02/near_limit_long/rep_0005/attempt_000/completion_manifest.json"", ""artifacts/publication_campaign/tcc_calibration_confirmatory_v1/runs/PUB-02/near_limit_long/rep_0005/attempt_000/environment_preflight.json"", ""artifacts/publication_campaign/tcc_calibration_confirmatory_v1/runs/PUB-02/near_limit_long/rep_0005/attempt_000/inference_command.json"", ""artifacts/publication_campaign/tcc_calibration_confirmatory_v1/runs/PUB-02/near_limit_long/rep_0005/attempt_000/inference_config.json"", ""artifacts/publication_campaign/tcc_calibration_confirmatory_v1/runs/PUB-02/near_limit_long/rep_0005/attempt_000/inference_started.json"", ""artifacts/publication_campaign/tcc_calibration_confirmatory_v1/runs/PUB-02/near_limit_long/rep_0005/attempt_000/input.csv"", ""artifacts/publication_campaign/tcc_calibration_confirmatory_v1/runs/PUB-02/near_limit_long/rep_0005/attempt_000/job.json"", ""artifacts/publication_campaign/tcc_calibration_confirmatory_v1/runs/PUB-02/near_limit_long/rep_0005/attempt_000/predictive_summary.csv"", ""artifacts/publication_campaign/tcc_calibration_confirmatory_v1/runs/PUB-02/near_limit_long/rep_0005/attempt_000/result.json"", ""artifacts/publication_campaign/tcc_calibration_confirmatory_v1/runs/PUB-02/near_limit_long/rep_0005/attempt_000/sampler_summary.csv"", ""artifacts/publication_campaign/tcc_calibration_confirmatory_v1/runs/PUB-02/near_limit_long/rep_0005/attempt_000/trace.nc"", ""artifacts/publication_campaign/tcc_calibration_confirmatory_v1/runs/PUB-02/near_limit_long/rep_0005/attempt_000/truth.json"", ""artifacts/publication_campaign/tcc_calibration_confirmatory_v1/runs/PUB-02/near_limit_long/rep_0005/attempt_000/worker_metadata.json""]",0.47044871064209004,True,True
PUB-02__near_limit_long__rep_0006,PUB-02,near_limit_long,rep_0006,tcc_calibration_confirmatory_v1__PUB-02__near_limit_long__rep_0006,"{""generation"": 1086816124, ""inference"": 3350553864, ""predictive"": 1377666894, ""resampling"": 4042439774}",artifacts/publication_campaign/tcc_calibration_confirmatory_v1/runs/PUB-02/near_limit_long/rep_0006,COMPLETED,1,,artifacts/publication_campaign/tcc_calibration_confirmatory_v1/runs/PUB-02/near_limit_long/rep_0006/attempt_000,"[""artifacts/publication_campaign/tcc_calibration_confirmatory_v1/runs/PUB-02/near_limit_long/rep_0006/attempt_000/completion_manifest.json"", ""artifacts/publication_campaign/tcc_calibration_confirmatory_v1/runs/PUB-02/near_limit_long/rep_0006/attempt_000/environment_preflight.json"", ""artifacts/publication_campaign/tcc_calibration_confirmatory_v1/runs/PUB-02/near_limit_long/rep_0006/attempt_000/inference_command.json"", ""artifacts/publication_campaign/tcc_calibration_confirmatory_v1/runs/PUB-02/near_limit_long/rep_0006/attempt_000/inference_config.json"", ""artifacts/publication_campaign/tcc_calibration_confirmatory_v1/runs/PUB-02/near_limit_long/rep_0006/attempt_000/inference_started.json"", ""artifacts/publication_campaign/tcc_calibration_confirmatory_v1/runs/PUB-02/near_limit_long/rep_0006/attempt_000/input.csv"", ""artifacts/publication_campaign/tcc_calibration_confirmatory_v1/runs/PUB-02/near_limit_long/rep_0006/attempt_000/job.json"", ""artifacts/publication_campaign/tcc_calibration_confirmatory_v1/runs/PUB-02/near_limit_long/rep_0006/attempt_000/predictive_summary.csv"", ""artifacts/publication_campaign/tcc_calibration_confirmatory_v1/runs/PUB-02/near_limit_long/rep_0006/attempt_000/result.json"", ""artifacts/publication_campaign/tcc_calibration_confirmatory_v1/runs/PUB-02/near_limit_long/rep_0006/attempt_000/sampler_summary.csv"", ""artifacts/publication_campaign/tcc_calibration_confirmatory_v1/runs/PUB-02/near_limit_long/rep_0006/attempt_000/trace.nc"", ""artifacts/publication_campaign/tcc_calibration_confirmatory_v1/runs/PUB-02/near_limit_long/rep_0006/attempt_000/truth.json"", ""artifacts/publication_campaign/tcc_calibration_confirmatory_v1/runs/PUB-02/near_limit_long/rep_0006/attempt_000/worker_metadata.json""]",0.47044871064209004,True,True
PUB-02__near_limit_long__rep_0007,PUB-02,near_limit_long,rep_0007,tcc_calibration_confirmatory_v1__PUB-02__near_limit_long__rep_0007,"{""generation"": 3990449446, ""inference"": 1363124132, ""predictive"": 2034952880, ""resampling"": 3750353074}",artifacts/publication_campaign/tcc_calibration_confirmatory_v1/runs/PUB-02/near_limit_long/rep_0007,COMPLETED_REJECTED,1,,artifacts/publication_campaign/tcc_calibration_confirmatory_v1/runs/PUB-02/near_limit_long/rep_0007/attempt_000,"[""artifacts/publication_campaign/tcc_calibration_confirmatory_v1/runs/PUB-02/near_limit_long/rep_0007/attempt_000/completion_manifest.json"", ""artifacts/publication_campaign/tcc_calibration_confirmatory_v1/runs/PUB-02/near_limit_long/rep_0007/attempt_000/environment_preflight.json"", ""artifacts/publication_campaign/tcc_calibration_confirmatory_v1/runs/PUB-02/near_limit_long/rep_0007/attempt_000/inference_command.json"", ""artifacts/publication_campaign/tcc_calibration_confirmatory_v1/runs/PUB-02/near_limit_long/rep_0007/attempt_000/inference_config.json"", ""artifacts/publication_campaign/tcc_calibration_confirmatory_v1/runs/PUB-02/near_limit_long/rep_0007/attempt_000/inference_started.json"", ""artifacts/publication_campaign/tcc_calibration_confirmatory_v1/runs/PUB-02/near_limit_long/rep_0007/attempt_000/input.csv"", ""artifacts/publication_campaign/tcc_calibration_confirmatory_v1/runs/PUB-02/near_limit_long/rep_0007/attempt_000/job.json"", ""artifacts/publication_campaign/tcc_calibration_confirmatory_v1/runs/PUB-02/near_limit_long/rep_0007/attempt_000/predictive_summary.csv"", ""artifacts/publication_campaign/tcc_calibration_confirmatory_v1/runs/PUB-02/near_limit_long/rep_0007/attempt_000/result.json"", ""artifacts/publication_campaign/tcc_calibration_confirmatory_v1/runs/PUB-02/near_limit_long/rep_0007/attempt_000/sampler_summary.csv"", ""artifacts/publication_campaign/tcc_calibration_confirmatory_v1/runs/PUB-02/near_limit_long/rep_0007/attempt_000/trace.nc"", ""artifacts/publication_campaign/tcc_calibration_confirmatory_v1/runs/PUB-02/near_limit_long/rep_0007/attempt_000/truth.json"", ""artifacts/publication_campaign/tcc_calibration_confirmatory_v1/runs/PUB-02/near_limit_long/rep_0007/attempt_000/worker_metadata.json""]",0.47044871064209004,False,False
PUB-02__near_limit_long__rep_0008,PUB-02,near_limit_long,rep_0008,tcc_calibration_confirmatory_v1__PUB-02__near_limit_long__rep_0008,"{""generation"": 3413695673, ""inference"": 2678467581, ""predictive"": 1364807216, ""resampling"": 2073850684}",artifacts/publication_campaign/tcc_calibration_confirmatory_v1/runs/PUB-02/near_limit_long/rep_0008,COMPLETED,1,,artifacts/publication_campaign/tcc_calibration_confirmatory_v1/runs/PUB-02/near_limit_long/rep_0008/attempt_000,"[""artifacts/publication_campaign/tcc_calibration_confirmatory_v1/runs/PUB-02/near_limit_long/rep_0008/attempt_000/completion_manifest.json"", ""artifacts/publication_campaign/tcc_calibration_confirmatory_v1/runs/PUB-02/near_limit_long/rep_0008/attempt_000/environment_preflight.json"", ""artifacts/publication_campaign/tcc_calibration_confirmatory_v1/runs/PUB-02/near_limit_long/rep_0008/attempt_000/inference_command.json"", ""artifacts/publication_campaign/tcc_calibration_confirmatory_v1/runs/PUB-02/near_limit_long/rep_0008/attempt_000/inference_config.json"", ""artifacts/publication_campaign/tcc_calibration_confirmatory_v1/runs/PUB-02/near_limit_long/rep_0008/attempt_000/inference_started.json"", ""artifacts/publication_campaign/tcc_calibration_confirmatory_v1/runs/PUB-02/near_limit_long/rep_0008/attempt_000/input.csv"", ""artifacts/publication_campaign/tcc_calibration_confirmatory_v1/runs/PUB-02/near_limit_long/rep_0008/attempt_000/job.json"", ""artifacts/publication_campaign/tcc_calibration_confirmatory_v1/runs/PUB-02/near_limit_long/rep_0008/attempt_000/predictive_summary.csv"", ""artifacts/publication_campaign/tcc_calibration_confirmatory_v1/runs/PUB-02/near_limit_long/rep_0008/attempt_000/result.json"", ""artifacts/publication_campaign/tcc_calibration_confirmatory_v1/runs/PUB-02/near_limit_long/rep_0008/attempt_000/sampler_summary.csv"", ""artifacts/publication_campaign/tcc_calibration_confirmatory_v1/runs/PUB-02/near_limit_long/rep_0008/attempt_000/trace.nc"", ""artifacts/publication_campaign/tcc_calibration_confirmatory_v1/runs/PUB-02/near_limit_long/rep_0008/attempt_000/truth.json"", ""artifacts/publication_campaign/tcc_calibration_confirmatory_v1/runs/PUB-02/near_limit_long/rep_0008/attempt_000/worker_metadata.json""]",0.47044871064209004,True,True
PUB-02__near_limit_long__rep_0009,PUB-02,near_limit_long,rep_0009,tcc_calibration_confirmatory_v1__PUB-02__near_limit_long__rep_0009,"{""generation"": 2333421919, ""inference"": 1429064427, ""predictive"": 3841453090, ""resampling"": 1948711843}",artifacts/publication_campaign/tcc_calibration_confirmatory_v1/runs/PUB-02/near_limit_long/rep_0009,COMPLETED,1,,artifacts/publication_campaign/tcc_calibration_confirmatory_v1/runs/PUB-02/near_limit_long/rep_0009/attempt_000,"[""artifacts/publication_campaign/tcc_calibration_confirmatory_v1/runs/PUB-02/near_limit_long/rep_0009/attempt_000/completion_manifest.json"", ""artifacts/publication_campaign/tcc_calibration_confirmatory_v1/runs/PUB-02/near_limit_long/rep_0009/attempt_000/environment_preflight.json"", ""artifacts/publication_campaign/tcc_calibration_confirmatory_v1/runs/PUB-02/near_limit_long/rep_0009/attempt_000/inference_command.json"", ""artifacts/publication_campaign/tcc_calibration_confirmatory_v1/runs/PUB-02/near_limit_long/rep_0009/attempt_000/inference_config.json"", ""artifacts/publication_campaign/tcc_calibration_confirmatory_v1/runs/PUB-02/near_limit_long/rep_0009/attempt_000/inference_started.json"", ""artifacts/publication_campaign/tcc_calibration_confirmatory_v1/runs/PUB-02/near_limit_long/rep_0009/attempt_000/input.csv"", ""artifacts/publication_campaign/tcc_calibration_confirmatory_v1/runs/PUB-02/near_limit_long/rep_0009/attempt_000/job.json"", ""artifacts/publication_campaign/tcc_calibration_confirmatory_v1/runs/PUB-02/near_limit_long/rep_0009/attempt_000/predictive_summary.csv"", ""artifacts/publication_campaign/tcc_calibration_confirmatory_v1/runs/PUB-02/near_limit_long/rep_0009/attempt_000/result.json"", ""artifacts/publication_campaign/tcc_calibration_confirmatory_v1/runs/PUB-02/near_limit_long/rep_0009/attempt_000/sampler_summary.csv"", ""artifacts/publication_campaign/tcc_calibration_confirmatory_v1/runs/PUB-02/near_limit_long/rep_0009/attempt_000/trace.nc"", ""artifacts/publication_campaign/tcc_calibration_confirmatory_v1/runs/PUB-02/near_limit_long/rep_0009/attempt_000/truth.json"", ""artifacts/publication_campaign/tcc_calibration_confirmatory_v1/runs/PUB-02/near_limit_long/rep_0009/attempt_000/worker_metadata.json""]",0.47044871064209004,True,True
PUB-02__near_limit_long__rep_0010,PUB-02,near_limit_long,rep_0010,tcc_calibration_confirmatory_v1__PUB-02__near_limit_long__rep_0010,"{""generation"": 418793728, ""inference"": 2688854828, ""predictive"": 2711318113, ""resampling"": 1698185197}",artifacts/publication_campaign/tcc_calibration_confirmatory_v1/runs/PUB-02/near_limit_long/rep_0010,COMPLETED,1,,artifacts/publication_campaign/tcc_calibration_confirmatory_v1/runs/PUB-02/near_limit_long/rep_0010/attempt_000,"[""artifacts/publication_campaign/tcc_calibration_confirmatory_v1/runs/PUB-02/near_limit_long/rep_0010/attempt_000/completion_manifest.json"", ""artifacts/publication_campaign/tcc_calibration_confirmatory_v1/runs/PUB-02/near_limit_long/rep_0010/attempt_000/environment_preflight.json"", ""artifacts/publication_campaign/tcc_calibration_confirmatory_v1/runs/PUB-02/near_limit_long/rep_0010/attempt_000/inference_command.json"", ""artifacts/publication_campaign/tcc_calibration_confirmatory_v1/runs/PUB-02/near_limit_long/rep_0010/attempt_000/inference_config.json"", ""artifacts/publication_campaign/tcc_calibration_confirmatory_v1/runs/PUB-02/near_limit_long/rep_0010/attempt_000/inference_started.json"", ""artifacts/publication_campaign/tcc_calibration_confirmatory_v1/runs/PUB-02/near_limit_long/rep_0010/attempt_000/input.csv"", ""artifacts/publication_campaign/tcc_calibration_confirmatory_v1/runs/PUB-02/near_limit_long/rep_0010/attempt_000/job.json"", ""artifacts/publication_campaign/tcc_calibration_confirmatory_v1/runs/PUB-02/near_limit_long/rep_0010/attempt_000/predictive_summary.csv"", ""artifacts/publication_campaign/tcc_calibration_confirmatory_v1/runs/PUB-02/near_limit_long/rep_0010/attempt_000/result.json"", ""artifacts/publication_campaign/tcc_calibration_confirmatory_v1/runs/PUB-02/near_limit_long/rep_0010/attempt_000/sampler_summary.csv"", ""artifacts/publication_campaign/tcc_calibration_confirmatory_v1/runs/PUB-02/near_limit_long/rep_0010/attempt_000/trace.nc"", ""artifacts/publication_campaign/tcc_calibration_confirmatory_v1/runs/PUB-02/near_limit_long/rep_0010/attempt_000/truth.json"", ""artifacts/publication_campaign/tcc_calibration_confirmatory_v1/runs/PUB-02/near_limit_long/rep_0010/attempt_000/worker_metadata.json""]",0.47044871064209004,True,True
PUB-02__near_limit_long__rep_0011,PUB-02,near_limit_long,rep_0011,tcc_calibration_confirmatory_v1__PUB-02__near_limit_long__rep_0011,"{""generation"": 4000617658, ""inference"": 3901323068, ""predictive"": 1673869155, ""resampling"": 3575387974}",artifacts/publication_campaign/tcc_calibration_confirmatory_v1/runs/PUB-02/near_limit_long/rep_0011,COMPLETED,1,,artifacts/publication_campaign/tcc_calibration_confirmatory_v1/runs/PUB-02/near_limit_long/rep_0011/attempt_000,"[""artifacts/publication_campaign/tcc_calibration_confirmatory_v1/runs/PUB-02/near_limit_long/rep_0011/attempt_000/completion_manifest.json"", ""artifacts/publication_campaign/tcc_calibration_confirmatory_v1/runs/PUB-02/near_limit_long/rep_0011/attempt_000/environment_preflight.json"", ""artifacts/publication_campaign/tcc_calibration_confirmatory_v1/runs/PUB-02/near_limit_long/rep_0011/attempt_000/inference_command.json"", ""artifacts/publication_campaign/tcc_calibration_confirmatory_v1/runs/PUB-02/near_limit_long/rep_0011/attempt_000/inference_config.json"", ""artifacts/publication_campaign/tcc_calibration_confirmatory_v1/runs/PUB-02/near_limit_long/rep_0011/attempt_000/inference_started.json"", ""artifacts/publication_campaign/tcc_calibration_confirmatory_v1/runs/PUB-02/near_limit_long/rep_0011/attempt_000/input.csv"", ""artifacts/publication_campaign/tcc_calibration_confirmatory_v1/runs/PUB-02/near_limit_long/rep_0011/attempt_000/job.json"", ""artifacts/publication_campaign/tcc_calibration_confirmatory_v1/runs/PUB-02/near_limit_long/rep_0011/attempt_000/predictive_summary.csv"", ""artifacts/publication_campaign/tcc_calibration_confirmatory_v1/runs/PUB-02/near_limit_long/rep_0011/attempt_000/result.json"", ""artifacts/publication_campaign/tcc_calibration_confirmatory_v1/runs/PUB-02/near_limit_long/rep_0011/attempt_000/sampler_summary.csv"", ""artifacts/publication_campaign/tcc_calibration_confirmatory_v1/runs/PUB-02/near_limit_long/rep_0011/attempt_000/trace.nc"", ""artifacts/publication_campaign/tcc_calibration_confirmatory_v1/runs/PUB-02/near_limit_long/rep_0011/attempt_000/truth.json"", ""artifacts/publication_campaign/tcc_calibration_confirmatory_v1/runs/PUB-02/near_limit_long/rep_0011/attempt_000/worker_metadata.json""]",0.47044871064209004,True,True
PUB-02__near_limit_long__rep_0012,PUB-02,near_limit_long,rep_0012,tcc_calibration_confirmatory_v1__PUB-02__near_limit_long__rep_0012,"{""generation"": 1715808950, ""inference"": 4054563357, ""predictive"": 4156071377, ""resampling"": 280593937}",artifacts/publication_campaign/tcc_calibration_confirmatory_v1/runs/PUB-02/near_limit_long/rep_0012,COMPLETED,1,,artifacts/publication_campaign/tcc_calibration_confirmatory_v1/runs/PUB-02/near_limit_long/rep_0012/attempt_000,"[""artifacts/publication_campaign/tcc_calibration_confirmatory_v1/runs/PUB-02/near_limit_long/rep_0012/attempt_000/completion_manifest.json"", ""artifacts/publication_campaign/tcc_calibration_confirmatory_v1/runs/PUB-02/near_limit_long/rep_0012/attempt_000/environment_preflight.json"", ""artifacts/publication_campaign/tcc_calibration_confirmatory_v1/runs/PUB-02/near_limit_long/rep_0012/attempt_000/inference_command.json"", ""artifacts/publication_campaign/tcc_calibration_confirmatory_v1/runs/PUB-02/near_limit_long/rep_0012/attempt_000/inference_config.json"", ""artifacts/publication_campaign/tcc_calibration_confirmatory_v1/runs/PUB-02/near_limit_long/rep_0012/attempt_000/inference_started.json"", ""artifacts/publication_campaign/tcc_calibration_confirmatory_v1/runs/PUB-02/near_limit_long/rep_0012/attempt_000/input.csv"", ""artifacts/publication_campaign/tcc_calibration_confirmatory_v1/runs/PUB-02/near_limit_long/rep_0012/attempt_000/job.json"", ""artifacts/publication_campaign/tcc_calibration_confirmatory_v1/runs/PUB-02/near_limit_long/rep_0012/attempt_000/predictive_summary.csv"", ""artifacts/publication_campaign/tcc_calibration_confirmatory_v1/runs/PUB-02/near_limit_long/rep_0012/attempt_000/result.json"", ""artifacts/publication_campaign/tcc_calibration_confirmatory_v1/runs/PUB-02/near_limit_long/rep_0012/attempt_000/sampler_summary.csv"", ""artifacts/publication_campaign/tcc_calibration_confirmatory_v1/runs/PUB-02/near_limit_long/rep_0012/attempt_000/trace.nc"", ""artifacts/publication_campaign/tcc_calibration_confirmatory_v1/runs/PUB-02/near_limit_long/rep_0012/attempt_000/truth.json"", ""artifacts/publication_campaign/tcc_calibration_confirmatory_v1/runs/PUB-02/near_limit_long/rep_0012/attempt_000/worker_metadata.json""]",0.47044871064209004,True,True
PUB-02__near_limit_long__rep_0013,PUB-02,near_limit_long,rep_0013,tcc_calibration_confirmatory_v1__PUB-02__near_limit_long__rep_0013,"{""generation"": 2552044010, ""inference"": 394449054, ""predictive"": 929169070, ""resampling"": 3454986468}",artifacts/publication_campaign/tcc_calibration_confirmatory_v1/runs/PUB-02/near_limit_long/rep_0013,COMPLETED,1,,artifacts/publication_campaign/tcc_calibration_confirmatory_v1/runs/PUB-02/near_limit_long/rep_0013/attempt_000,"[""artifacts/publication_campaign/tcc_calibration_confirmatory_v1/runs/PUB-02/near_limit_long/rep_0013/attempt_000/completion_manifest.json"", ""artifacts/publication_campaign/tcc_calibration_confirmatory_v1/runs/PUB-02/near_limit_long/rep_0013/attempt_000/environment_preflight.json"", ""artifacts/publication_campaign/tcc_calibration_confirmatory_v1/runs/PUB-02/near_limit_long/rep_0013/attempt_000/inference_command.json"", ""artifacts/publication_campaign/tcc_calibration_confirmatory_v1/runs/PUB-02/near_limit_long/rep_0013/attempt_000/inference_config.json"", ""artifacts/publication_campaign/tcc_calibration_confirmatory_v1/runs/PUB-02/near_limit_long/rep_0013/attempt_000/inference_started.json"", ""artifacts/publication_campaign/tcc_calibration_confirmatory_v1/runs/PUB-02/near_limit_long/rep_0013/attempt_000/input.csv"", ""artifacts/publication_campaign/tcc_calibration_confirmatory_v1/runs/PUB-02/near_limit_long/rep_0013/attempt_000/job.json"", ""artifacts/publication_campaign/tcc_calibration_confirmatory_v1/runs/PUB-02/near_limit_long/rep_0013/attempt_000/predictive_summary.csv"", ""artifacts/publication_campaign/tcc_calibration_confirmatory_v1/runs/PUB-02/near_limit_long/rep_0013/attempt_000/result.json"", ""artifacts/publication_campaign/tcc_calibration_confirmatory_v1/runs/PUB-02/near_limit_long/rep_0013/attempt_000/sampler_summary.csv"", ""artifacts/publication_campaign/tcc_calibration_confirmatory_v1/runs/PUB-02/near_limit_long/rep_0013/attempt_000/trace.nc"", ""artifacts/publication_campaign/tcc_calibration_confirmatory_v1/runs/PUB-02/near_limit_long/rep_0013/attempt_000/truth.json"", ""artifacts/publication_campaign/tcc_calibration_confirmatory_v1/runs/PUB-02/near_limit_long/rep_0013/attempt_000/worker_metadata.json""]",0.47044871064209004,True,True
PUB-02__near_limit_long__rep_0014,PUB-02,near_limit_long,rep_0014,tcc_calibration_confirmatory_v1__PUB-02__near_limit_long__rep_0014,"{""generation"": 3601017536, ""inference"": 2044088947, ""predictive"": 4160621288, ""resampling"": 2673072148}",artifacts/publication_campaign/tcc_calibration_confirmatory_v1/runs/PUB-02/near_limit_long/rep_0014,COMPLETED_REJECTED,1,,artifacts/publication_campaign/tcc_calibration_confirmatory_v1/runs/PUB-02/near_limit_long/rep_0014/attempt_000,"[""artifacts/publication_campaign/tcc_calibration_confirmatory_v1/runs/PUB-02/near_limit_long/rep_0014/attempt_000/completion_manifest.json"", ""artifacts/publication_campaign/tcc_calibration_confirmatory_v1/runs/PUB-02/near_limit_long/rep_0014/attempt_000/environment_preflight.json"", ""artifacts/publication_campaign/tcc_calibration_confirmatory_v1/runs/PUB-02/near_limit_long/rep_0014/attempt_000/inference_command.json"", ""artifacts/publication_campaign/tcc_calibration_confirmatory_v1/runs/PUB-02/near_limit_long/rep_0014/attempt_000/inference_config.json"", ""artifacts/publication_campaign/tcc_calibration_confirmatory_v1/runs/PUB-02/near_limit_long/rep_0014/attempt_000/inference_started.json"", ""artifacts/publication_campaign/tcc_calibration_confirmatory_v1/runs/PUB-02/near_limit_long/rep_0014/attempt_000/input.csv"", ""artifacts/publication_campaign/tcc_calibration_confirmatory_v1/runs/PUB-02/near_limit_long/rep_0014/attempt_000/job.json"", ""artifacts/publication_campaign/tcc_calibration_confirmatory_v1/runs/PUB-02/near_limit_long/rep_0014/attempt_000/predictive_summary.csv"", ""artifacts/publication_campaign/tcc_calibration_confirmatory_v1/runs/PUB-02/near_limit_long/rep_0014/attempt_000/result.json"", ""artifacts/publication_campaign/tcc_calibration_confirmatory_v1/runs/PUB-02/near_limit_long/rep_0014/attempt_000/sampler_summary.csv"", ""artifacts/publication_campaign/tcc_calibration_confirmatory_v1/runs/PUB-02/near_limit_long/rep_0014/attempt_000/trace.nc"", ""artifacts/publication_campaign/tcc_calibration_confirmatory_v1/runs/PUB-02/near_limit_long/rep_0014/attempt_000/truth.json"", ""artifacts/publication_campaign/tcc_calibration_confirmatory_v1/runs/PUB-02/near_limit_long/rep_0014/attempt_000/worker_metadata.json""]",0.47044871064209004,False,False
PUB-02__near_limit_long__rep_0015,PUB-02,near_limit_long,rep_0015,tcc_calibration_confirmatory_v1__PUB-02__near_limit_long__rep_0015,"{""generation"": 2936340442, ""inference"": 2598263594, ""predictive"": 1178596943, ""resampling"": 1571278321}",artifacts/publication_campaign/tcc_calibration_confirmatory_v1/runs/PUB-02/near_limit_long/rep_0015,COMPLETED,1,,artifacts/publication_campaign/tcc_calibration_confirmatory_v1/runs/PUB-02/near_limit_long/rep_0015/attempt_000,"[""artifacts/publication_campaign/tcc_calibration_confirmatory_v1/runs/PUB-02/near_limit_long/rep_0015/attempt_000/completion_manifest.json"", ""artifacts/publication_campaign/tcc_calibration_confirmatory_v1/runs/PUB-02/near_limit_long/rep_0015/attempt_000/environment_preflight.json"", ""artifacts/publication_campaign/tcc_calibration_confirmatory_v1/runs/PUB-02/near_limit_long/rep_0015/attempt_000/inference_command.json"", ""artifacts/publication_campaign/tcc_calibration_confirmatory_v1/runs/PUB-02/near_limit_long/rep_0015/attempt_000/inference_config.json"", ""artifacts/publication_campaign/tcc_calibration_confirmatory_v1/runs/PUB-02/near_limit_long/rep_0015/attempt_000/inference_started.json"", ""artifacts/publication_campaign/tcc_calibration_confirmatory_v1/runs/PUB-02/near_limit_long/rep_0015/attempt_000/input.csv"", ""artifacts/publication_campaign/tcc_calibration_confirmatory_v1/runs/PUB-02/near_limit_long/rep_0015/attempt_000/job.json"", ""artifacts/publication_campaign/tcc_calibration_confirmatory_v1/runs/PUB-02/near_limit_long/rep_0015/attempt_000/predictive_summary.csv"", ""artifacts/publication_campaign/tcc_calibration_confirmatory_v1/runs/PUB-02/near_limit_long/rep_0015/attempt_000/result.json"", ""artifacts/publication_campaign/tcc_calibration_confirmatory_v1/runs/PUB-02/near_limit_long/rep_0015/attempt_000/sampler_summary.csv"", ""artifacts/publication_campaign/tcc_calibration_confirmatory_v1/runs/PUB-02/near_limit_long/rep_0015/attempt_000/trace.nc"", ""artifacts/publication_campaign/tcc_calibration_confirmatory_v1/runs/PUB-02/near_limit_long/rep_0015/attempt_000/truth.json"", ""artifacts/publication_campaign/tcc_calibration_confirmatory_v1/runs/PUB-02/near_limit_long/rep_0015/attempt_000/worker_metadata.json""]",0.47044871064209004,True,True
PUB-02__near_limit_long__rep_0016,PUB-02,near_limit_long,rep_0016,tcc_calibration_confirmatory_v1__PUB-02__near_limit_long__rep_0016,"{""generation"": 106737344, ""inference"": 1918685205, ""predictive"": 1119142741, ""resampling"": 2661409623}",artifacts/publication_campaign/tcc_calibration_confirmatory_v1/runs/PUB-02/near_limit_long/rep_0016,COMPLETED,1,,artifacts/publication_campaign/tcc_calibration_confirmatory_v1/runs/PUB-02/near_limit_long/rep_0016/attempt_000,"[""artifacts/publication_campaign/tcc_calibration_confirmatory_v1/runs/PUB-02/near_limit_long/rep_0016/attempt_000/completion_manifest.json"", ""artifacts/publication_campaign/tcc_calibration_confirmatory_v1/runs/PUB-02/near_limit_long/rep_0016/attempt_000/environment_preflight.json"", ""artifacts/publication_campaign/tcc_calibration_confirmatory_v1/runs/PUB-02/near_limit_long/rep_0016/attempt_000/inference_command.json"", ""artifacts/publication_campaign/tcc_calibration_confirmatory_v1/runs/PUB-02/near_limit_long/rep_0016/attempt_000/inference_config.json"", ""artifacts/publication_campaign/tcc_calibration_confirmatory_v1/runs/PUB-02/near_limit_long/rep_0016/attempt_000/inference_started.json"", ""artifacts/publication_campaign/tcc_calibration_confirmatory_v1/runs/PUB-02/near_limit_long/rep_0016/attempt_000/input.csv"", ""artifacts/publication_campaign/tcc_calibration_confirmatory_v1/runs/PUB-02/near_limit_long/rep_0016/attempt_000/job.json"", ""artifacts/publication_campaign/tcc_calibration_confirmatory_v1/runs/PUB-02/near_limit_long/rep_0016/attempt_000/predictive_summary.csv"", ""artifacts/publication_campaign/tcc_calibration_confirmatory_v1/runs/PUB-02/near_limit_long/rep_0016/attempt_000/result.json"", ""artifacts/publication_campaign/tcc_calibration_confirmatory_v1/runs/PUB-02/near_limit_long/rep_0016/attempt_000/sampler_summary.csv"", ""artifacts/publication_campaign/tcc_calibration_confirmatory_v1/runs/PUB-02/near_limit_long/rep_0016/attempt_000/trace.nc"", ""artifacts/publication_campaign/tcc_calibration_confirmatory_v1/runs/PUB-02/near_limit_long/rep_0016/attempt_000/truth.json"", ""artifacts/publication_campaign/tcc_calibration_confirmatory_v1/runs/PUB-02/near_limit_long/rep_0016/attempt_000/worker_metadata.json""]",0.47044871064209004,True,True
PUB-02__near_limit_long__rep_0017,PUB-02,near_limit_long,rep_0017,tcc_calibration_confirmatory_v1__PUB-02__near_limit_long__rep_0017,"{""generation"": 313858413, ""inference"": 1904259204, ""predictive"": 3878471734, ""resampling"": 3033715239}",artifacts/publication_campaign/tcc_calibration_confirmatory_v1/runs/PUB-02/near_limit_long/rep_0017,COMPLETED,1,,artifacts/publication_campaign/tcc_calibration_confirmatory_v1/runs/PUB-02/near_limit_long/rep_0017/attempt_000,"[""artifacts/publication_campaign/tcc_calibration_confirmatory_v1/runs/PUB-02/near_limit_long/rep_0017/attempt_000/completion_manifest.json"", ""artifacts/publication_campaign/tcc_calibration_confirmatory_v1/runs/PUB-02/near_limit_long/rep_0017/attempt_000/environment_preflight.json"", ""artifacts/publication_campaign/tcc_calibration_confirmatory_v1/runs/PUB-02/near_limit_long/rep_0017/attempt_000/inference_command.json"", ""artifacts/publication_campaign/tcc_calibration_confirmatory_v1/runs/PUB-02/near_limit_long/rep_0017/attempt_000/inference_config.json"", ""artifacts/publication_campaign/tcc_calibration_confirmatory_v1/runs/PUB-02/near_limit_long/rep_0017/attempt_000/inference_started.json"", ""artifacts/publication_campaign/tcc_calibration_confirmatory_v1/runs/PUB-02/near_limit_long/rep_0017/attempt_000/input.csv"", ""artifacts/publication_campaign/tcc_calibration_confirmatory_v1/runs/PUB-02/near_limit_long/rep_0017/attempt_000/job.json"", ""artifacts/publication_campaign/tcc_calibration_confirmatory_v1/runs/PUB-02/near_limit_long/rep_0017/attempt_000/predictive_summary.csv"", ""artifacts/publication_campaign/tcc_calibration_confirmatory_v1/runs/PUB-02/near_limit_long/rep_0017/attempt_000/result.json"", ""artifacts/publication_campaign/tcc_calibration_confirmatory_v1/runs/PUB-02/near_limit_long/rep_0017/attempt_000/sampler_summary.csv"", ""artifacts/publication_campaign/tcc_calibration_confirmatory_v1/runs/PUB-02/near_limit_long/rep_0017/attempt_000/trace.nc"", ""artifacts/publication_campaign/tcc_calibration_confirmatory_v1/runs/PUB-02/near_limit_long/rep_0017/attempt_000/truth.json"", ""artifacts/publication_campaign/tcc_calibration_confirmatory_v1/runs/PUB-02/near_limit_long/rep_0017/attempt_000/worker_metadata.json""]",0.47044871064209004,True,True
PUB-02__near_limit_long__rep_0018,PUB-02,near_limit_long,rep_0018,tcc_calibration_confirmatory_v1__PUB-02__near_limit_long__rep_0018,"{""generation"": 973681915, ""inference"": 3922088587, ""predictive"": 3595687447, ""resampling"": 4287968625}",artifacts/publication_campaign/tcc_calibration_confirmatory_v1/runs/PUB-02/near_limit_long/rep_0018,COMPLETED,1,,artifacts/publication_campaign/tcc_calibration_confirmatory_v1/runs/PUB-02/near_limit_long/rep_0018/attempt_000,"[""artifacts/publication_campaign/tcc_calibration_confirmatory_v1/runs/PUB-02/near_limit_long/rep_0018/attempt_000/completion_manifest.json"", ""artifacts/publication_campaign/tcc_calibration_confirmatory_v1/runs/PUB-02/near_limit_long/rep_0018/attempt_000/environment_preflight.json"", ""artifacts/publication_campaign/tcc_calibration_confirmatory_v1/runs/PUB-02/near_limit_long/rep_0018/attempt_000/inference_command.json"", ""artifacts/publication_campaign/tcc_calibration_confirmatory_v1/runs/PUB-02/near_limit_long/rep_0018/attempt_000/inference_config.json"", ""artifacts/publication_campaign/tcc_calibration_confirmatory_v1/runs/PUB-02/near_limit_long/rep_0018/attempt_000/inference_started.json"", ""artifacts/publication_campaign/tcc_calibration_confirmatory_v1/runs/PUB-02/near_limit_long/rep_0018/attempt_000/input.csv"", ""artifacts/publication_campaign/tcc_calibration_confirmatory_v1/runs/PUB-02/near_limit_long/rep_0018/attempt_000/job.json"", ""artifacts/publication_campaign/tcc_calibration_confirmatory_v1/runs/PUB-02/near_limit_long/rep_0018/attempt_000/predictive_summary.csv"", ""artifacts/publication_campaign/tcc_calibration_confirmatory_v1/runs/PUB-02/near_limit_long/rep_0018/attempt_000/result.json"", ""artifacts/publication_campaign/tcc_calibration_confirmatory_v1/runs/PUB-02/near_limit_long/rep_0018/attempt_000/sampler_summary.csv"", ""artifacts/publication_campaign/tcc_calibration_confirmatory_v1/runs/PUB-02/near_limit_long/rep_0018/attempt_000/trace.nc"", ""artifacts/publication_campaign/tcc_calibration_confirmatory_v1/runs/PUB-02/near_limit_long/rep_0018/attempt_000/truth.json"", ""artifacts/publication_campaign/tcc_calibration_confirmatory_v1/runs/PUB-02/near_limit_long/rep_0018/attempt_000/worker_metadata.json""]",0.47044871064209004,True,True
PUB-02__near_limit_long__rep_0019,PUB-02,near_limit_long,rep_0019,tcc_calibration_confirmatory_v1__PUB-02__near_limit_long__rep_0019,"{""generation"": 425784392, ""inference"": 1192327148, ""predictive"": 2253524681, ""resampling"": 4076067929}",artifacts/publication_campaign/tcc_calibration_confirmatory_v1/runs/PUB-02/near_limit_long/rep_0019,COMPLETED,1,,artifacts/publication_campaign/tcc_calibration_confirmatory_v1/runs/PUB-02/near_limit_long/rep_0019/attempt_000,"[""artifacts/publication_campaign/tcc_calibration_confirmatory_v1/runs/PUB-02/near_limit_long/rep_0019/attempt_000/completion_manifest.json"", ""artifacts/publication_campaign/tcc_calibration_confirmatory_v1/runs/PUB-02/near_limit_long/rep_0019/attempt_000/environment_preflight.json"", ""artifacts/publication_campaign/tcc_calibration_confirmatory_v1/runs/PUB-02/near_limit_long/rep_0019/attempt_000/inference_command.json"", ""artifacts/publication_campaign/tcc_calibration_confirmatory_v1/runs/PUB-02/near_limit_long/rep_0019/attempt_000/inference_config.json"", ""artifacts/publication_campaign/tcc_calibration_confirmatory_v1/runs/PUB-02/near_limit_long/rep_0019/attempt_000/inference_started.json"", ""artifacts/publication_campaign/tcc_calibration_confirmatory_v1/runs/PUB-02/near_limit_long/rep_0019/attempt_000/input.csv"", ""artifacts/publication_campaign/tcc_calibration_confirmatory_v1/runs/PUB-02/near_limit_long/rep_0019/attempt_000/job.json"", ""artifacts/publication_campaign/tcc_calibration_confirmatory_v1/runs/PUB-02/near_limit_long/rep_0019/attempt_000/predictive_summary.csv"", ""artifacts/publication_campaign/tcc_calibration_confirmatory_v1/runs/PUB-02/near_limit_long/rep_0019/attempt_000/result.json"", ""artifacts/publication_campaign/tcc_calibration_confirmatory_v1/runs/PUB-02/near_limit_long/rep_0019/attempt_000/sampler_summary.csv"", ""artifacts/publication_campaign/tcc_calibration_confirmatory_v1/runs/PUB-02/near_limit_long/rep_0019/attempt_000/trace.nc"", ""artifacts/publication_campaign/tcc_calibration_confirmatory_v1/runs/PUB-02/near_limit_long/rep_0019/attempt_000/truth.json"", ""artifacts/publication_campaign/tcc_calibration_confirmatory_v1/runs/PUB-02/near_limit_long/rep_0019/attempt_000/worker_metadata.json""]",0.47044871064209004,True,True
PUB-02__near_limit_long__rep_0020,PUB-02,near_limit_long,rep_0020,tcc_calibration_confirmatory_v1__PUB-02__near_limit_long__rep_0020,"{""generation"": 2138400767, ""inference"": 3889675960, ""predictive"": 2454606032, ""resampling"": 1072329905}",artifacts/publication_campaign/tcc_calibration_confirmatory_v1/runs/PUB-02/near_limit_long/rep_0020,COMPLETED,1,,artifacts/publication_campaign/tcc_calibration_confirmatory_v1/runs/PUB-02/near_limit_long/rep_0020/attempt_000,"[""artifacts/publication_campaign/tcc_calibration_confirmatory_v1/runs/PUB-02/near_limit_long/rep_0020/attempt_000/completion_manifest.json"", ""artifacts/publication_campaign/tcc_calibration_confirmatory_v1/runs/PUB-02/near_limit_long/rep_0020/attempt_000/environment_preflight.json"", ""artifacts/publication_campaign/tcc_calibration_confirmatory_v1/runs/PUB-02/near_limit_long/rep_0020/attempt_000/inference_command.json"", ""artifacts/publication_campaign/tcc_calibration_confirmatory_v1/runs/PUB-02/near_limit_long/rep_0020/attempt_000/inference_config.json"", ""artifacts/publication_campaign/tcc_calibration_confirmatory_v1/runs/PUB-02/near_limit_long/rep_0020/attempt_000/inference_started.json"", ""artifacts/publication_campaign/tcc_calibration_confirmatory_v1/runs/PUB-02/near_limit_long/rep_0020/attempt_000/input.csv"", ""artifacts/publication_campaign/tcc_calibration_confirmatory_v1/runs/PUB-02/near_limit_long/rep_0020/attempt_000/job.json"", ""artifacts/publication_campaign/tcc_calibration_confirmatory_v1/runs/PUB-02/near_limit_long/rep_0020/attempt_000/predictive_summary.csv"", ""artifacts/publication_campaign/tcc_calibration_confirmatory_v1/runs/PUB-02/near_limit_long/rep_0020/attempt_000/result.json"", ""artifacts/publication_campaign/tcc_calibration_confirmatory_v1/runs/PUB-02/near_limit_long/rep_0020/attempt_000/sampler_summary.csv"", ""artifacts/publication_campaign/tcc_calibration_confirmatory_v1/runs/PUB-02/near_limit_long/rep_0020/attempt_000/trace.nc"", ""artifacts/publication_campaign/tcc_calibration_confirmatory_v1/runs/PUB-02/near_limit_long/rep_0020/attempt_000/truth.json"", ""artifacts/publication_campaign/tcc_calibration_confirmatory_v1/runs/PUB-02/near_limit_long/rep_0020/attempt_000/worker_metadata.json""]",0.47044871064209004,True,True
PUB-02__near_limit_long__rep_0021,PUB-02,near_limit_long,rep_0021,tcc_calibration_confirmatory_v1__PUB-02__near_limit_long__rep_0021,"{""generation"": 455938123, ""inference"": 2836441015, ""predictive"": 1554682489, ""resampling"": 2760415757}",artifacts/publication_campaign/tcc_calibration_confirmatory_v1/runs/PUB-02/near_limit_long/rep_0021,COMPLETED,1,,artifacts/publication_campaign/tcc_calibration_confirmatory_v1/runs/PUB-02/near_limit_long/rep_0021/attempt_000,"[""artifacts/publication_campaign/tcc_calibration_confirmatory_v1/runs/PUB-02/near_limit_long/rep_0021/attempt_000/completion_manifest.json"", ""artifacts/publication_campaign/tcc_calibration_confirmatory_v1/runs/PUB-02/near_limit_long/rep_0021/attempt_000/environment_preflight.json"", ""artifacts/publication_campaign/tcc_calibration_confirmatory_v1/runs/PUB-02/near_limit_long/rep_0021/attempt_000/inference_command.json"", ""artifacts/publication_campaign/tcc_calibration_confirmatory_v1/runs/PUB-02/near_limit_long/rep_0021/attempt_000/inference_config.json"", ""artifacts/publication_campaign/tcc_calibration_confirmatory_v1/runs/PUB-02/near_limit_long/rep_0021/attempt_000/inference_started.json"", ""artifacts/publication_campaign/tcc_calibration_confirmatory_v1/runs/PUB-02/near_limit_long/rep_0021/attempt_000/input.csv"", ""artifacts/publication_campaign/tcc_calibration_confirmatory_v1/runs/PUB-02/near_limit_long/rep_0021/attempt_000/job.json"", ""artifacts/publication_campaign/tcc_calibration_confirmatory_v1/runs/PUB-02/near_limit_long/rep_0021/attempt_000/predictive_summary.csv"", ""artifacts/publication_campaign/tcc_calibration_confirmatory_v1/runs/PUB-02/near_limit_long/rep_0021/attempt_000/result.json"", ""artifacts/publication_campaign/tcc_calibration_confirmatory_v1/runs/PUB-02/near_limit_long/rep_0021/attempt_000/sampler_summary.csv"", ""artifacts/publication_campaign/tcc_calibration_confirmatory_v1/runs/PUB-02/near_limit_long/rep_0021/attempt_000/trace.nc"", ""artifacts/publication_campaign/tcc_calibration_confirmatory_v1/runs/PUB-02/near_limit_long/rep_0021/attempt_000/truth.json"", ""artifacts/publication_campaign/tcc_calibration_confirmatory_v1/runs/PUB-02/near_limit_long/rep_0021/attempt_000/worker_metadata.json""]",0.47044871064209004,True,True
PUB-02__near_limit_long__rep_0022,PUB-02,near_limit_long,rep_0022,tcc_calibration_confirmatory_v1__PUB-02__near_limit_long__rep_0022,"{""generation"": 3005896018, ""inference"": 3265844703, ""predictive"": 1200027086, ""resampling"": 2865747454}",artifacts/publication_campaign/tcc_calibration_confirmatory_v1/runs/PUB-02/near_limit_long/rep_0022,COMPLETED,1,,artifacts/publication_campaign/tcc_calibration_confirmatory_v1/runs/PUB-02/near_limit_long/rep_0022/attempt_000,"[""artifacts/publication_campaign/tcc_calibration_confirmatory_v1/runs/PUB-02/near_limit_long/rep_0022/attempt_000/completion_manifest.json"", ""artifacts/publication_campaign/tcc_calibration_confirmatory_v1/runs/PUB-02/near_limit_long/rep_0022/attempt_000/environment_preflight.json"", ""artifacts/publication_campaign/tcc_calibration_confirmatory_v1/runs/PUB-02/near_limit_long/rep_0022/attempt_000/inference_command.json"", ""artifacts/publication_campaign/tcc_calibration_confirmatory_v1/runs/PUB-02/near_limit_long/rep_0022/attempt_000/inference_config.json"", ""artifacts/publication_campaign/tcc_calibration_confirmatory_v1/runs/PUB-02/near_limit_long/rep_0022/attempt_000/inference_started.json"", ""artifacts/publication_campaign/tcc_calibration_confirmatory_v1/runs/PUB-02/near_limit_long/rep_0022/attempt_000/input.csv"", ""artifacts/publication_campaign/tcc_calibration_confirmatory_v1/runs/PUB-02/near_limit_long/rep_0022/attempt_000/job.json"", ""artifacts/publication_campaign/tcc_calibration_confirmatory_v1/runs/PUB-02/near_limit_long/rep_0022/attempt_000/predictive_summary.csv"", ""artifacts/publication_campaign/tcc_calibration_confirmatory_v1/runs/PUB-02/near_limit_long/rep_0022/attempt_000/result.json"", ""artifacts/publication_campaign/tcc_calibration_confirmatory_v1/runs/PUB-02/near_limit_long/rep_0022/attempt_000/sampler_summary.csv"", ""artifacts/publication_campaign/tcc_calibration_confirmatory_v1/runs/PUB-02/near_limit_long/rep_0022/attempt_000/trace.nc"", ""artifacts/publication_campaign/tcc_calibration_confirmatory_v1/runs/PUB-02/near_limit_long/rep_0022/attempt_000/truth.json"", ""artifacts/publication_campaign/tcc_calibration_confirmatory_v1/runs/PUB-02/near_limit_long/rep_0022/attempt_000/worker_metadata.json""]",0.47044871064209004,True,True
PUB-02__near_limit_long__rep_0023,PUB-02,near_limit_long,rep_0023,tcc_calibration_confirmatory_v1__PUB-02__near_limit_long__rep_0023,"{""generation"": 1435358920, ""inference"": 2215276927, ""predictive"": 1981744249, ""resampling"": 431726071}",artifacts/publication_campaign/tcc_calibration_confirmatory_v1/runs/PUB-02/near_limit_long/rep_0023,COMPLETED,1,,artifacts/publication_campaign/tcc_calibration_confirmatory_v1/runs/PUB-02/near_limit_long/rep_0023/attempt_000,"[""artifacts/publication_campaign/tcc_calibration_confirmatory_v1/runs/PUB-02/near_limit_long/rep_0023/attempt_000/completion_manifest.json"", ""artifacts/publication_campaign/tcc_calibration_confirmatory_v1/runs/PUB-02/near_limit_long/rep_0023/attempt_000/environment_preflight.json"", ""artifacts/publication_campaign/tcc_calibration_confirmatory_v1/runs/PUB-02/near_limit_long/rep_0023/attempt_000/inference_command.json"", ""artifacts/publication_campaign/tcc_calibration_confirmatory_v1/runs/PUB-02/near_limit_long/rep_0023/attempt_000/inference_config.json"", ""artifacts/publication_campaign/tcc_calibration_confirmatory_v1/runs/PUB-02/near_limit_long/rep_0023/attempt_000/inference_started.json"", ""artifacts/publication_campaign/tcc_calibration_confirmatory_v1/runs/PUB-02/near_limit_long/rep_0023/attempt_000/input.csv"", ""artifacts/publication_campaign/tcc_calibration_confirmatory_v1/runs/PUB-02/near_limit_long/rep_0023/attempt_000/job.json"", ""artifacts/publication_campaign/tcc_calibration_confirmatory_v1/runs/PUB-02/near_limit_long/rep_0023/attempt_000/predictive_summary.csv"", ""artifacts/publication_campaign/tcc_calibration_confirmatory_v1/runs/PUB-02/near_limit_long/rep_0023/attempt_000/result.json"", ""artifacts/publication_campaign/tcc_calibration_confirmatory_v1/runs/PUB-02/near_limit_long/rep_0023/attempt_000/sampler_summary.csv"", ""artifacts/publication_campaign/tcc_calibration_confirmatory_v1/runs/PUB-02/near_limit_long/rep_0023/attempt_000/trace.nc"", ""artifacts/publication_campaign/tcc_calibration_confirmatory_v1/runs/PUB-02/near_limit_long/rep_0023/attempt_000/truth.json"", ""artifacts/publication_campaign/tcc_calibration_confirmatory_v1/runs/PUB-02/near_limit_long/rep_0023/attempt_000/worker_metadata.json""]",0.47044871064209004,True,True
PUB-02__near_limit_long__rep_0024,PUB-02,near_limit_long,rep_0024,tcc_calibration_confirmatory_v1__PUB-02__near_limit_long__rep_0024,"{""generation"": 3452424890, ""inference"": 171731096, ""predictive"": 25758850, ""resampling"": 1429845889}",artifacts/publication_campaign/tcc_calibration_confirmatory_v1/runs/PUB-02/near_limit_long/rep_0024,COMPLETED,1,,artifacts/publication_campaign/tcc_calibration_confirmatory_v1/runs/PUB-02/near_limit_long/rep_0024/attempt_000,"[""artifacts/publication_campaign/tcc_calibration_confirmatory_v1/runs/PUB-02/near_limit_long/rep_0024/attempt_000/completion_manifest.json"", ""artifacts/publication_campaign/tcc_calibration_confirmatory_v1/runs/PUB-02/near_limit_long/rep_0024/attempt_000/environment_preflight.json"", ""artifacts/publication_campaign/tcc_calibration_confirmatory_v1/runs/PUB-02/near_limit_long/rep_0024/attempt_000/inference_command.json"", ""artifacts/publication_campaign/tcc_calibration_confirmatory_v1/runs/PUB-02/near_limit_long/rep_0024/attempt_000/inference_config.json"", ""artifacts/publication_campaign/tcc_calibration_confirmatory_v1/runs/PUB-02/near_limit_long/rep_0024/attempt_000/inference_started.json"", ""artifacts/publication_campaign/tcc_calibration_confirmatory_v1/runs/PUB-02/near_limit_long/rep_0024/attempt_000/input.csv"", ""artifacts/publication_campaign/tcc_calibration_confirmatory_v1/runs/PUB-02/near_limit_long/rep_0024/attempt_000/job.json"", ""artifacts/publication_campaign/tcc_calibration_confirmatory_v1/runs/PUB-02/near_limit_long/rep_0024/attempt_000/predictive_summary.csv"", ""artifacts/publication_campaign/tcc_calibration_confirmatory_v1/runs/PUB-02/near_limit_long/rep_0024/attempt_000/result.json"", ""artifacts/publication_campaign/tcc_calibration_confirmatory_v1/runs/PUB-02/near_limit_long/rep_0024/attempt_000/sampler_summary.csv"", ""artifacts/publication_campaign/tcc_calibration_confirmatory_v1/runs/PUB-02/near_limit_long/rep_0024/attempt_000/trace.nc"", ""artifacts/publication_campaign/tcc_calibration_confirmatory_v1/runs/PUB-02/near_limit_long/rep_0024/attempt_000/truth.json"", ""artifacts/publication_campaign/tcc_calibration_confirmatory_v1/runs/PUB-02/near_limit_long/rep_0024/attempt_000/worker_metadata.json""]",0.47044871064209004,True,True
PUB-02__near_limit_long__rep_0025,PUB-02,near_limit_long,rep_0025,tcc_calibration_confirmatory_v1__PUB-02__near_limit_long__rep_0025,"{""generation"": 3678548514, ""inference"": 124145584, ""predictive"": 1101685159, ""resampling"": 297536971}",artifacts/publication_campaign/tcc_calibration_confirmatory_v1/runs/PUB-02/near_limit_long/rep_0025,COMPLETED,1,,artifacts/publication_campaign/tcc_calibration_confirmatory_v1/runs/PUB-02/near_limit_long/rep_0025/attempt_000,"[""artifacts/publication_campaign/tcc_calibration_confirmatory_v1/runs/PUB-02/near_limit_long/rep_0025/attempt_000/completion_manifest.json"", ""artifacts/publication_campaign/tcc_calibration_confirmatory_v1/runs/PUB-02/near_limit_long/rep_0025/attempt_000/environment_preflight.json"", ""artifacts/publication_campaign/tcc_calibration_confirmatory_v1/runs/PUB-02/near_limit_long/rep_0025/attempt_000/inference_command.json"", ""artifacts/publication_campaign/tcc_calibration_confirmatory_v1/runs/PUB-02/near_limit_long/rep_0025/attempt_000/inference_config.json"", ""artifacts/publication_campaign/tcc_calibration_confirmatory_v1/runs/PUB-02/near_limit_long/rep_0025/attempt_000/inference_started.json"", ""artifacts/publication_campaign/tcc_calibration_confirmatory_v1/runs/PUB-02/near_limit_long/rep_0025/attempt_000/input.csv"", ""artifacts/publication_campaign/tcc_calibration_confirmatory_v1/runs/PUB-02/near_limit_long/rep_0025/attempt_000/job.json"", ""artifacts/publication_campaign/tcc_calibration_confirmatory_v1/runs/PUB-02/near_limit_long/rep_0025/attempt_000/predictive_summary.csv"", ""artifacts/publication_campaign/tcc_calibration_confirmatory_v1/runs/PUB-02/near_limit_long/rep_0025/attempt_000/result.json"", ""artifacts/publication_campaign/tcc_calibration_confirmatory_v1/runs/PUB-02/near_limit_long/rep_0025/attempt_000/sampler_summary.csv"", ""artifacts/publication_campaign/tcc_calibration_confirmatory_v1/runs/PUB-02/near_limit_long/rep_0025/attempt_000/trace.nc"", ""artifacts/publication_campaign/tcc_calibration_confirmatory_v1/runs/PUB-02/near_limit_long/rep_0025/attempt_000/truth.json"", ""artifacts/publication_campaign/tcc_calibration_confirmatory_v1/runs/PUB-02/near_limit_long/rep_0025/attempt_000/worker_metadata.json""]",0.47044871064209004,True,True
PUB-02__near_limit_long__rep_0026,PUB-02,near_limit_long,rep_0026,tcc_calibration_confirmatory_v1__PUB-02__near_limit_long__rep_0026,"{""generation"": 1472325379, ""inference"": 4177701336, ""predictive"": 2528490387, ""resampling"": 3802999818}",artifacts/publication_campaign/tcc_calibration_confirmatory_v1/runs/PUB-02/near_limit_long/rep_0026,COMPLETED,1,,artifacts/publication_campaign/tcc_calibration_confirmatory_v1/runs/PUB-02/near_limit_long/rep_0026/attempt_000,"[""artifacts/publication_campaign/tcc_calibration_confirmatory_v1/runs/PUB-02/near_limit_long/rep_0026/attempt_000/completion_manifest.json"", ""artifacts/publication_campaign/tcc_calibration_confirmatory_v1/runs/PUB-02/near_limit_long/rep_0026/attempt_000/environment_preflight.json"", ""artifacts/publication_campaign/tcc_calibration_confirmatory_v1/runs/PUB-02/near_limit_long/rep_0026/attempt_000/inference_command.json"", ""artifacts/publication_campaign/tcc_calibration_confirmatory_v1/runs/PUB-02/near_limit_long/rep_0026/attempt_000/inference_config.json"", ""artifacts/publication_campaign/tcc_calibration_confirmatory_v1/runs/PUB-02/near_limit_long/rep_0026/attempt_000/inference_started.json"", ""artifacts/publication_campaign/tcc_calibration_confirmatory_v1/runs/PUB-02/near_limit_long/rep_0026/attempt_000/input.csv"", ""artifacts/publication_campaign/tcc_calibration_confirmatory_v1/runs/PUB-02/near_limit_long/rep_0026/attempt_000/job.json"", ""artifacts/publication_campaign/tcc_calibration_confirmatory_v1/runs/PUB-02/near_limit_long/rep_0026/attempt_000/predictive_summary.csv"", ""artifacts/publication_campaign/tcc_calibration_confirmatory_v1/runs/PUB-02/near_limit_long/rep_0026/attempt_000/result.json"", ""artifacts/publication_campaign/tcc_calibration_confirmatory_v1/runs/PUB-02/near_limit_long/rep_0026/attempt_000/sampler_summary.csv"", ""artifacts/publication_campaign/tcc_calibration_confirmatory_v1/runs/PUB-02/near_limit_long/rep_0026/attempt_000/trace.nc"", ""artifacts/publication_campaign/tcc_calibration_confirmatory_v1/runs/PUB-02/near_limit_long/rep_0026/attempt_000/truth.json"", ""artifacts/publication_campaign/tcc_calibration_confirmatory_v1/runs/PUB-02/near_limit_long/rep_0026/attempt_000/worker_metadata.json""]",0.47044871064209004,True,True
PUB-02__near_limit_long__rep_0027,PUB-02,near_limit_long,rep_0027,tcc_calibration_confirmatory_v1__PUB-02__near_limit_long__rep_0027,"{""generation"": 727202500, ""inference"": 2458798866, ""predictive"": 1238750469, ""resampling"": 3128993329}",artifacts/publication_campaign/tcc_calibration_confirmatory_v1/runs/PUB-02/near_limit_long/rep_0027,COMPLETED,1,,artifacts/publication_campaign/tcc_calibration_confirmatory_v1/runs/PUB-02/near_limit_long/rep_0027/attempt_000,"[""artifacts/publication_campaign/tcc_calibration_confirmatory_v1/runs/PUB-02/near_limit_long/rep_0027/attempt_000/completion_manifest.json"", ""artifacts/publication_campaign/tcc_calibration_confirmatory_v1/runs/PUB-02/near_limit_long/rep_0027/attempt_000/environment_preflight.json"", ""artifacts/publication_campaign/tcc_calibration_confirmatory_v1/runs/PUB-02/near_limit_long/rep_0027/attempt_000/inference_command.json"", ""artifacts/publication_campaign/tcc_calibration_confirmatory_v1/runs/PUB-02/near_limit_long/rep_0027/attempt_000/inference_config.json"", ""artifacts/publication_campaign/tcc_calibration_confirmatory_v1/runs/PUB-02/near_limit_long/rep_0027/attempt_000/inference_started.json"", ""artifacts/publication_campaign/tcc_calibration_confirmatory_v1/runs/PUB-02/near_limit_long/rep_0027/attempt_000/input.csv"", ""artifacts/publication_campaign/tcc_calibration_confirmatory_v1/runs/PUB-02/near_limit_long/rep_0027/attempt_000/job.json"", ""artifacts/publication_campaign/tcc_calibration_confirmatory_v1/runs/PUB-02/near_limit_long/rep_0027/attempt_000/predictive_summary.csv"", ""artifacts/publication_campaign/tcc_calibration_confirmatory_v1/runs/PUB-02/near_limit_long/rep_0027/attempt_000/result.json"", ""artifacts/publication_campaign/tcc_calibration_confirmatory_v1/runs/PUB-02/near_limit_long/rep_0027/attempt_000/sampler_summary.csv"", ""artifacts/publication_campaign/tcc_calibration_confirmatory_v1/runs/PUB-02/near_limit_long/rep_0027/attempt_000/trace.nc"", ""artifacts/publication_campaign/tcc_calibration_confirmatory_v1/runs/PUB-02/near_limit_long/rep_0027/attempt_000/truth.json"", ""artifacts/publication_campaign/tcc_calibration_confirmatory_v1/runs/PUB-02/near_limit_long/rep_0027/attempt_000/worker_metadata.json""]",0.47044871064209004,True,True
PUB-02__near_limit_long__rep_0028,PUB-02,near_limit_long,rep_0028,tcc_calibration_confirmatory_v1__PUB-02__near_limit_long__rep_0028,"{""generation"": 2607341529, ""inference"": 2281134043, ""predictive"": 3292725898, ""resampling"": 3651956074}",artifacts/publication_campaign/tcc_calibration_confirmatory_v1/runs/PUB-02/near_limit_long/rep_0028,COMPLETED,1,,artifacts/publication_campaign/tcc_calibration_confirmatory_v1/runs/PUB-02/near_limit_long/rep_0028/attempt_000,"[""artifacts/publication_campaign/tcc_calibration_confirmatory_v1/runs/PUB-02/near_limit_long/rep_0028/attempt_000/completion_manifest.json"", ""artifacts/publication_campaign/tcc_calibration_confirmatory_v1/runs/PUB-02/near_limit_long/rep_0028/attempt_000/environment_preflight.json"", ""artifacts/publication_campaign/tcc_calibration_confirmatory_v1/runs/PUB-02/near_limit_long/rep_0028/attempt_000/inference_command.json"", ""artifacts/publication_campaign/tcc_calibration_confirmatory_v1/runs/PUB-02/near_limit_long/rep_0028/attempt_000/inference_config.json"", ""artifacts/publication_campaign/tcc_calibration_confirmatory_v1/runs/PUB-02/near_limit_long/rep_0028/attempt_000/inference_started.json"", ""artifacts/publication_campaign/tcc_calibration_confirmatory_v1/runs/PUB-02/near_limit_long/rep_0028/attempt_000/input.csv"", ""artifacts/publication_campaign/tcc_calibration_confirmatory_v1/runs/PUB-02/near_limit_long/rep_0028/attempt_000/job.json"", ""artifacts/publication_campaign/tcc_calibration_confirmatory_v1/runs/PUB-02/near_limit_long/rep_0028/attempt_000/predictive_summary.csv"", ""artifacts/publication_campaign/tcc_calibration_confirmatory_v1/runs/PUB-02/near_limit_long/rep_0028/attempt_000/result.json"", ""artifacts/publication_campaign/tcc_calibration_confirmatory_v1/runs/PUB-02/near_limit_long/rep_0028/attempt_000/sampler_summary.csv"", ""artifacts/publication_campaign/tcc_calibration_confirmatory_v1/runs/PUB-02/near_limit_long/rep_0028/attempt_000/trace.nc"", ""artifacts/publication_campaign/tcc_calibration_confirmatory_v1/runs/PUB-02/near_limit_long/rep_0028/attempt_000/truth.json"", ""artifacts/publication_campaign/tcc_calibration_confirmatory_v1/runs/PUB-02/near_limit_long/rep_0028/attempt_000/worker_metadata.json""]",0.47044871064209004,True,True
PUB-02__near_limit_long__rep_0029,PUB-02,near_limit_long,rep_0029,tcc_calibration_confirmatory_v1__PUB-02__near_limit_long__rep_0029,"{""generation"": 1530162551, ""inference"": 2858541761, ""predictive"": 3165938842, ""resampling"": 734821534}",artifacts/publication_campaign/tcc_calibration_confirmatory_v1/runs/PUB-02/near_limit_long/rep_0029,COMPLETED_REJECTED,1,,artifacts/publication_campaign/tcc_calibration_confirmatory_v1/runs/PUB-02/near_limit_long/rep_0029/attempt_000,"[""artifacts/publication_campaign/tcc_calibration_confirmatory_v1/runs/PUB-02/near_limit_long/rep_0029/attempt_000/completion_manifest.json"", ""artifacts/publication_campaign/tcc_calibration_confirmatory_v1/runs/PUB-02/near_limit_long/rep_0029/attempt_000/environment_preflight.json"", ""artifacts/publication_campaign/tcc_calibration_confirmatory_v1/runs/PUB-02/near_limit_long/rep_0029/attempt_000/inference_command.json"", ""artifacts/publication_campaign/tcc_calibration_confirmatory_v1/runs/PUB-02/near_limit_long/rep_0029/attempt_000/inference_config.json"", ""artifacts/publication_campaign/tcc_calibration_confirmatory_v1/runs/PUB-02/near_limit_long/rep_0029/attempt_000/inference_started.json"", ""artifacts/publication_campaign/tcc_calibration_confirmatory_v1/runs/PUB-02/near_limit_long/rep_0029/attempt_000/input.csv"", ""artifacts/publication_campaign/tcc_calibration_confirmatory_v1/runs/PUB-02/near_limit_long/rep_0029/attempt_000/job.json"", ""artifacts/publication_campaign/tcc_calibration_confirmatory_v1/runs/PUB-02/near_limit_long/rep_0029/attempt_000/predictive_summary.csv"", ""artifacts/publication_campaign/tcc_calibration_confirmatory_v1/runs/PUB-02/near_limit_long/rep_0029/attempt_000/result.json"", ""artifacts/publication_campaign/tcc_calibration_confirmatory_v1/runs/PUB-02/near_limit_long/rep_0029/attempt_000/sampler_summary.csv"", ""artifacts/publication_campaign/tcc_calibration_confirmatory_v1/runs/PUB-02/near_limit_long/rep_0029/attempt_000/trace.nc"", ""artifacts/publication_campaign/tcc_calibration_confirmatory_v1/runs/PUB-02/near_limit_long/rep_0029/attempt_000/truth.json"", ""artifacts/publication_campaign/tcc_calibration_confirmatory_v1/runs/PUB-02/near_limit_long/rep_0029/attempt_000/worker_metadata.json""]",0.47044871064209004,False,False
PUB-02__near_limit_long__rep_0030,PUB-02,near_limit_long,rep_0030,tcc_calibration_confirmatory_v1__PUB-02__near_limit_long__rep_0030,"{""generation"": 2453749223, ""inference"": 426063363, ""predictive"": 337612918, ""resampling"": 4071440455}",artifacts/publication_campaign/tcc_calibration_confirmatory_v1/runs/PUB-02/near_limit_long/rep_0030,COMPLETED,1,,artifacts/publication_campaign/tcc_calibration_confirmatory_v1/runs/PUB-02/near_limit_long/rep_0030/attempt_000,"[""artifacts/publication_campaign/tcc_calibration_confirmatory_v1/runs/PUB-02/near_limit_long/rep_0030/attempt_000/completion_manifest.json"", ""artifacts/publication_campaign/tcc_calibration_confirmatory_v1/runs/PUB-02/near_limit_long/rep_0030/attempt_000/environment_preflight.json"", ""artifacts/publication_campaign/tcc_calibration_confirmatory_v1/runs/PUB-02/near_limit_long/rep_0030/attempt_000/inference_command.json"", ""artifacts/publication_campaign/tcc_calibration_confirmatory_v1/runs/PUB-02/near_limit_long/rep_0030/attempt_000/inference_config.json"", ""artifacts/publication_campaign/tcc_calibration_confirmatory_v1/runs/PUB-02/near_limit_long/rep_0030/attempt_000/inference_started.json"", ""artifacts/publication_campaign/tcc_calibration_confirmatory_v1/runs/PUB-02/near_limit_long/rep_0030/attempt_000/input.csv"", ""artifacts/publication_campaign/tcc_calibration_confirmatory_v1/runs/PUB-02/near_limit_long/rep_0030/attempt_000/job.json"", ""artifacts/publication_campaign/tcc_calibration_confirmatory_v1/runs/PUB-02/near_limit_long/rep_0030/attempt_000/predictive_summary.csv"", ""artifacts/publication_campaign/tcc_calibration_confirmatory_v1/runs/PUB-02/near_limit_long/rep_0030/attempt_000/result.json"", ""artifacts/publication_campaign/tcc_calibration_confirmatory_v1/runs/PUB-02/near_limit_long/rep_0030/attempt_000/sampler_summary.csv"", ""artifacts/publication_campaign/tcc_calibration_confirmatory_v1/runs/PUB-02/near_limit_long/rep_0030/attempt_000/trace.nc"", ""artifacts/publication_campaign/tcc_calibration_confirmatory_v1/runs/PUB-02/near_limit_long/rep_0030/attempt_000/truth.json"", ""artifacts/publication_campaign/tcc_calibration_confirmatory_v1/runs/PUB-02/near_limit_long/rep_0030/attempt_000/worker_metadata.json""]",0.47044871064209004,True,True
PUB-02__near_limit_long__rep_0031,PUB-02,near_limit_long,rep_0031,tcc_calibration_confirmatory_v1__PUB-02__near_limit_long__rep_0031,"{""generation"": 800218613, ""inference"": 1516172561, ""predictive"": 3189087500, ""resampling"": 1270622437}",artifacts/publication_campaign/tcc_calibration_confirmatory_v1/runs/PUB-02/near_limit_long/rep_0031,COMPLETED,1,,artifacts/publication_campaign/tcc_calibration_confirmatory_v1/runs/PUB-02/near_limit_long/rep_0031/attempt_000,"[""artifacts/publication_campaign/tcc_calibration_confirmatory_v1/runs/PUB-02/near_limit_long/rep_0031/attempt_000/completion_manifest.json"", ""artifacts/publication_campaign/tcc_calibration_confirmatory_v1/runs/PUB-02/near_limit_long/rep_0031/attempt_000/environment_preflight.json"", ""artifacts/publication_campaign/tcc_calibration_confirmatory_v1/runs/PUB-02/near_limit_long/rep_0031/attempt_000/inference_command.json"", ""artifacts/publication_campaign/tcc_calibration_confirmatory_v1/runs/PUB-02/near_limit_long/rep_0031/attempt_000/inference_config.json"", ""artifacts/publication_campaign/tcc_calibration_confirmatory_v1/runs/PUB-02/near_limit_long/rep_0031/attempt_000/inference_started.json"", ""artifacts/publication_campaign/tcc_calibration_confirmatory_v1/runs/PUB-02/near_limit_long/rep_0031/attempt_000/input.csv"", ""artifacts/publication_campaign/tcc_calibration_confirmatory_v1/runs/PUB-02/near_limit_long/rep_0031/attempt_000/job.json"", ""artifacts/publication_campaign/tcc_calibration_confirmatory_v1/runs/PUB-02/near_limit_long/rep_0031/attempt_000/predictive_summary.csv"", ""artifacts/publication_campaign/tcc_calibration_confirmatory_v1/runs/PUB-02/near_limit_long/rep_0031/attempt_000/result.json"", ""artifacts/publication_campaign/tcc_calibration_confirmatory_v1/runs/PUB-02/near_limit_long/rep_0031/attempt_000/sampler_summary.csv"", ""artifacts/publication_campaign/tcc_calibration_confirmatory_v1/runs/PUB-02/near_limit_long/rep_0031/attempt_000/trace.nc"", ""artifacts/publication_campaign/tcc_calibration_confirmatory_v1/runs/PUB-02/near_limit_long/rep_0031/attempt_000/truth.json"", ""artifacts/publication_campaign/tcc_calibration_confirmatory_v1/runs/PUB-02/near_limit_long/rep_0031/attempt_000/worker_metadata.json""]",0.47044871064209004,True,True
PUB-02__near_limit_long__rep_0032,PUB-02,near_limit_long,rep_0032,tcc_calibration_confirmatory_v1__PUB-02__near_limit_long__rep_0032,"{""generation"": 2410373334, ""inference"": 3977475897, ""predictive"": 860100098, ""resampling"": 17232006}",artifacts/publication_campaign/tcc_calibration_confirmatory_v1/runs/PUB-02/near_limit_long/rep_0032,COMPLETED,1,,artifacts/publication_campaign/tcc_calibration_confirmatory_v1/runs/PUB-02/near_limit_long/rep_0032/attempt_000,"[""artifacts/publication_campaign/tcc_calibration_confirmatory_v1/runs/PUB-02/near_limit_long/rep_0032/attempt_000/completion_manifest.json"", ""artifacts/publication_campaign/tcc_calibration_confirmatory_v1/runs/PUB-02/near_limit_long/rep_0032/attempt_000/environment_preflight.json"", ""artifacts/publication_campaign/tcc_calibration_confirmatory_v1/runs/PUB-02/near_limit_long/rep_0032/attempt_000/inference_command.json"", ""artifacts/publication_campaign/tcc_calibration_confirmatory_v1/runs/PUB-02/near_limit_long/rep_0032/attempt_000/inference_config.json"", ""artifacts/publication_campaign/tcc_calibration_confirmatory_v1/runs/PUB-02/near_limit_long/rep_0032/attempt_000/inference_started.json"", ""artifacts/publication_campaign/tcc_calibration_confirmatory_v1/runs/PUB-02/near_limit_long/rep_0032/attempt_000/input.csv"", ""artifacts/publication_campaign/tcc_calibration_confirmatory_v1/runs/PUB-02/near_limit_long/rep_0032/attempt_000/job.json"", ""artifacts/publication_campaign/tcc_calibration_confirmatory_v1/runs/PUB-02/near_limit_long/rep_0032/attempt_000/predictive_summary.csv"", ""artifacts/publication_campaign/tcc_calibration_confirmatory_v1/runs/PUB-02/near_limit_long/rep_0032/attempt_000/result.json"", ""artifacts/publication_campaign/tcc_calibration_confirmatory_v1/runs/PUB-02/near_limit_long/rep_0032/attempt_000/sampler_summary.csv"", ""artifacts/publication_campaign/tcc_calibration_confirmatory_v1/runs/PUB-02/near_limit_long/rep_0032/attempt_000/trace.nc"", ""artifacts/publication_campaign/tcc_calibration_confirmatory_v1/runs/PUB-02/near_limit_long/rep_0032/attempt_000/truth.json"", ""artifacts/publication_campaign/tcc_calibration_confirmatory_v1/runs/PUB-02/near_limit_long/rep_0032/attempt_000/worker_metadata.json""]",0.47044871064209004,True,True
PUB-02__near_limit_long__rep_0033,PUB-02,near_limit_long,rep_0033,tcc_calibration_confirmatory_v1__PUB-02__near_limit_long__rep_0033,"{""generation"": 3919941700, ""inference"": 3657069426, ""predictive"": 1082305109, ""resampling"": 3190823947}",artifacts/publication_campaign/tcc_calibration_confirmatory_v1/runs/PUB-02/near_limit_long/rep_0033,COMPLETED,1,,artifacts/publication_campaign/tcc_calibration_confirmatory_v1/runs/PUB-02/near_limit_long/rep_0033/attempt_000,"[""artifacts/publication_campaign/tcc_calibration_confirmatory_v1/runs/PUB-02/near_limit_long/rep_0033/attempt_000/completion_manifest.json"", ""artifacts/publication_campaign/tcc_calibration_confirmatory_v1/runs/PUB-02/near_limit_long/rep_0033/attempt_000/environment_preflight.json"", ""artifacts/publication_campaign/tcc_calibration_confirmatory_v1/runs/PUB-02/near_limit_long/rep_0033/attempt_000/inference_command.json"", ""artifacts/publication_campaign/tcc_calibration_confirmatory_v1/runs/PUB-02/near_limit_long/rep_0033/attempt_000/inference_config.json"", ""artifacts/publication_campaign/tcc_calibration_confirmatory_v1/runs/PUB-02/near_limit_long/rep_0033/attempt_000/inference_started.json"", ""artifacts/publication_campaign/tcc_calibration_confirmatory_v1/runs/PUB-02/near_limit_long/rep_0033/attempt_000/input.csv"", ""artifacts/publication_campaign/tcc_calibration_confirmatory_v1/runs/PUB-02/near_limit_long/rep_0033/attempt_000/job.json"", ""artifacts/publication_campaign/tcc_calibration_confirmatory_v1/runs/PUB-02/near_limit_long/rep_0033/attempt_000/predictive_summary.csv"", ""artifacts/publication_campaign/tcc_calibration_confirmatory_v1/runs/PUB-02/near_limit_long/rep_0033/attempt_000/result.json"", ""artifacts/publication_campaign/tcc_calibration_confirmatory_v1/runs/PUB-02/near_limit_long/rep_0033/attempt_000/sampler_summary.csv"", ""artifacts/publication_campaign/tcc_calibration_confirmatory_v1/runs/PUB-02/near_limit_long/rep_0033/attempt_000/trace.nc"", ""artifacts/publication_campaign/tcc_calibration_confirmatory_v1/runs/PUB-02/near_limit_long/rep_0033/attempt_000/truth.json"", ""artifacts/publication_campaign/tcc_calibration_confirmatory_v1/runs/PUB-02/near_limit_long/rep_0033/attempt_000/worker_metadata.json""]",0.47044871064209004,True,True
PUB-02__near_limit_long__rep_0034,PUB-02,near_limit_long,rep_0034,tcc_calibration_confirmatory_v1__PUB-02__near_limit_long__rep_0034,"{""generation"": 2311457767, ""inference"": 2523201308, ""predictive"": 1020281994, ""resampling"": 3844953389}",artifacts/publication_campaign/tcc_calibration_confirmatory_v1/runs/PUB-02/near_limit_long/rep_0034,COMPLETED_REJECTED,1,,artifacts/publication_campaign/tcc_calibration_confirmatory_v1/runs/PUB-02/near_limit_long/rep_0034/attempt_000,"[""artifacts/publication_campaign/tcc_calibration_confirmatory_v1/runs/PUB-02/near_limit_long/rep_0034/attempt_000/completion_manifest.json"", ""artifacts/publication_campaign/tcc_calibration_confirmatory_v1/runs/PUB-02/near_limit_long/rep_0034/attempt_000/environment_preflight.json"", ""artifacts/publication_campaign/tcc_calibration_confirmatory_v1/runs/PUB-02/near_limit_long/rep_0034/attempt_000/inference_command.json"", ""artifacts/publication_campaign/tcc_calibration_confirmatory_v1/runs/PUB-02/near_limit_long/rep_0034/attempt_000/inference_config.json"", ""artifacts/publication_campaign/tcc_calibration_confirmatory_v1/runs/PUB-02/near_limit_long/rep_0034/attempt_000/inference_started.json"", ""artifacts/publication_campaign/tcc_calibration_confirmatory_v1/runs/PUB-02/near_limit_long/rep_0034/attempt_000/input.csv"", ""artifacts/publication_campaign/tcc_calibration_confirmatory_v1/runs/PUB-02/near_limit_long/rep_0034/attempt_000/job.json"", ""artifacts/publication_campaign/tcc_calibration_confirmatory_v1/runs/PUB-02/near_limit_long/rep_0034/attempt_000/predictive_summary.csv"", ""artifacts/publication_campaign/tcc_calibration_confirmatory_v1/runs/PUB-02/near_limit_long/rep_0034/attempt_000/result.json"", ""artifacts/publication_campaign/tcc_calibration_confirmatory_v1/runs/PUB-02/near_limit_long/rep_0034/attempt_000/sampler_summary.csv"", ""artifacts/publication_campaign/tcc_calibration_confirmatory_v1/runs/PUB-02/near_limit_long/rep_0034/attempt_000/trace.nc"", ""artifacts/publication_campaign/tcc_calibration_confirmatory_v1/runs/PUB-02/near_limit_long/rep_0034/attempt_000/truth.json"", ""artifacts/publication_campaign/tcc_calibration_confirmatory_v1/runs/PUB-02/near_limit_long/rep_0034/attempt_000/worker_metadata.json""]",0.47044871064209004,False,False
PUB-02__near_limit_long__rep_0035,PUB-02,near_limit_long,rep_0035,tcc_calibration_confirmatory_v1__PUB-02__near_limit_long__rep_0035,"{""generation"": 1326935567, ""inference"": 66838969, ""predictive"": 2057799827, ""resampling"": 1865927001}",artifacts/publication_campaign/tcc_calibration_confirmatory_v1/runs/PUB-02/near_limit_long/rep_0035,COMPLETED,1,,artifacts/publication_campaign/tcc_calibration_confirmatory_v1/runs/PUB-02/near_limit_long/rep_0035/attempt_000,"[""artifacts/publication_campaign/tcc_calibration_confirmatory_v1/runs/PUB-02/near_limit_long/rep_0035/attempt_000/completion_manifest.json"", ""artifacts/publication_campaign/tcc_calibration_confirmatory_v1/runs/PUB-02/near_limit_long/rep_0035/attempt_000/environment_preflight.json"", ""artifacts/publication_campaign/tcc_calibration_confirmatory_v1/runs/PUB-02/near_limit_long/rep_0035/attempt_000/inference_command.json"", ""artifacts/publication_campaign/tcc_calibration_confirmatory_v1/runs/PUB-02/near_limit_long/rep_0035/attempt_000/inference_config.json"", ""artifacts/publication_campaign/tcc_calibration_confirmatory_v1/runs/PUB-02/near_limit_long/rep_0035/attempt_000/inference_started.json"", ""artifacts/publication_campaign/tcc_calibration_confirmatory_v1/runs/PUB-02/near_limit_long/rep_0035/attempt_000/input.csv"", ""artifacts/publication_campaign/tcc_calibration_confirmatory_v1/runs/PUB-02/near_limit_long/rep_0035/attempt_000/job.json"", ""artifacts/publication_campaign/tcc_calibration_confirmatory_v1/runs/PUB-02/near_limit_long/rep_0035/attempt_000/predictive_summary.csv"", ""artifacts/publication_campaign/tcc_calibration_confirmatory_v1/runs/PUB-02/near_limit_long/rep_0035/attempt_000/result.json"", ""artifacts/publication_campaign/tcc_calibration_confirmatory_v1/runs/PUB-02/near_limit_long/rep_0035/attempt_000/sampler_summary.csv"", ""artifacts/publication_campaign/tcc_calibration_confirmatory_v1/runs/PUB-02/near_limit_long/rep_0035/attempt_000/trace.nc"", ""artifacts/publication_campaign/tcc_calibration_confirmatory_v1/runs/PUB-02/near_limit_long/rep_0035/attempt_000/truth.json"", ""artifacts/publication_campaign/tcc_calibration_confirmatory_v1/runs/PUB-02/near_limit_long/rep_0035/attempt_000/worker_metadata.json""]",0.47044871064209004,True,True
PUB-02__near_limit_long__rep_0036,PUB-02,near_limit_long,rep_0036,tcc_calibration_confirmatory_v1__PUB-02__near_limit_long__rep_0036,"{""generation"": 1704968972, ""inference"": 2061078197, ""predictive"": 3332443806, ""resampling"": 3241703178}",artifacts/publication_campaign/tcc_calibration_confirmatory_v1/runs/PUB-02/near_limit_long/rep_0036,COMPLETED,1,,artifacts/publication_campaign/tcc_calibration_confirmatory_v1/runs/PUB-02/near_limit_long/rep_0036/attempt_000,"[""artifacts/publication_campaign/tcc_calibration_confirmatory_v1/runs/PUB-02/near_limit_long/rep_0036/attempt_000/completion_manifest.json"", ""artifacts/publication_campaign/tcc_calibration_confirmatory_v1/runs/PUB-02/near_limit_long/rep_0036/attempt_000/environment_preflight.json"", ""artifacts/publication_campaign/tcc_calibration_confirmatory_v1/runs/PUB-02/near_limit_long/rep_0036/attempt_000/inference_command.json"", ""artifacts/publication_campaign/tcc_calibration_confirmatory_v1/runs/PUB-02/near_limit_long/rep_0036/attempt_000/inference_config.json"", ""artifacts/publication_campaign/tcc_calibration_confirmatory_v1/runs/PUB-02/near_limit_long/rep_0036/attempt_000/inference_started.json"", ""artifacts/publication_campaign/tcc_calibration_confirmatory_v1/runs/PUB-02/near_limit_long/rep_0036/attempt_000/input.csv"", ""artifacts/publication_campaign/tcc_calibration_confirmatory_v1/runs/PUB-02/near_limit_long/rep_0036/attempt_000/job.json"", ""artifacts/publication_campaign/tcc_calibration_confirmatory_v1/runs/PUB-02/near_limit_long/rep_0036/attempt_000/predictive_summary.csv"", ""artifacts/publication_campaign/tcc_calibration_confirmatory_v1/runs/PUB-02/near_limit_long/rep_0036/attempt_000/result.json"", ""artifacts/publication_campaign/tcc_calibration_confirmatory_v1/runs/PUB-02/near_limit_long/rep_0036/attempt_000/sampler_summary.csv"", ""artifacts/publication_campaign/tcc_calibration_confirmatory_v1/runs/PUB-02/near_limit_long/rep_0036/attempt_000/trace.nc"", ""artifacts/publication_campaign/tcc_calibration_confirmatory_v1/runs/PUB-02/near_limit_long/rep_0036/attempt_000/truth.json"", ""artifacts/publication_campaign/tcc_calibration_confirmatory_v1/runs/PUB-02/near_limit_long/rep_0036/attempt_000/worker_metadata.json""]",0.47044871064209004,True,True
PUB-02__near_limit_long__rep_0037,PUB-02,near_limit_long,rep_0037,tcc_calibration_confirmatory_v1__PUB-02__near_limit_long__rep_0037,"{""generation"": 4059020565, ""inference"": 3677698561, ""predictive"": 1844867096, ""resampling"": 940729923}",artifacts/publication_campaign/tcc_calibration_confirmatory_v1/runs/PUB-02/near_limit_long/rep_0037,COMPLETED_REJECTED,1,,artifacts/publication_campaign/tcc_calibration_confirmatory_v1/runs/PUB-02/near_limit_long/rep_0037/attempt_000,"[""artifacts/publication_campaign/tcc_calibration_confirmatory_v1/runs/PUB-02/near_limit_long/rep_0037/attempt_000/completion_manifest.json"", ""artifacts/publication_campaign/tcc_calibration_confirmatory_v1/runs/PUB-02/near_limit_long/rep_0037/attempt_000/environment_preflight.json"", ""artifacts/publication_campaign/tcc_calibration_confirmatory_v1/runs/PUB-02/near_limit_long/rep_0037/attempt_000/inference_command.json"", ""artifacts/publication_campaign/tcc_calibration_confirmatory_v1/runs/PUB-02/near_limit_long/rep_0037/attempt_000/inference_config.json"", ""artifacts/publication_campaign/tcc_calibration_confirmatory_v1/runs/PUB-02/near_limit_long/rep_0037/attempt_000/inference_started.json"", ""artifacts/publication_campaign/tcc_calibration_confirmatory_v1/runs/PUB-02/near_limit_long/rep_0037/attempt_000/input.csv"", ""artifacts/publication_campaign/tcc_calibration_confirmatory_v1/runs/PUB-02/near_limit_long/rep_0037/attempt_000/job.json"", ""artifacts/publication_campaign/tcc_calibration_confirmatory_v1/runs/PUB-02/near_limit_long/rep_0037/attempt_000/predictive_summary.csv"", ""artifacts/publication_campaign/tcc_calibration_confirmatory_v1/runs/PUB-02/near_limit_long/rep_0037/attempt_000/result.json"", ""artifacts/publication_campaign/tcc_calibration_confirmatory_v1/runs/PUB-02/near_limit_long/rep_0037/attempt_000/sampler_summary.csv"", ""artifacts/publication_campaign/tcc_calibration_confirmatory_v1/runs/PUB-02/near_limit_long/rep_0037/attempt_000/trace.nc"", ""artifacts/publication_campaign/tcc_calibration_confirmatory_v1/runs/PUB-02/near_limit_long/rep_0037/attempt_000/truth.json"", ""artifacts/publication_campaign/tcc_calibration_confirmatory_v1/runs/PUB-02/near_limit_long/rep_0037/attempt_000/worker_metadata.json""]",0.47044871064209004,False,False
PUB-02__near_limit_long__rep_0038,PUB-02,near_limit_long,rep_0038,tcc_calibration_confirmatory_v1__PUB-02__near_limit_long__rep_0038,"{""generation"": 3427122764, ""inference"": 3745317800, ""predictive"": 500997171, ""resampling"": 2790837032}",artifacts/publication_campaign/tcc_calibration_confirmatory_v1/runs/PUB-02/near_limit_long/rep_0038,COMPLETED,1,,artifacts/publication_campaign/tcc_calibration_confirmatory_v1/runs/PUB-02/near_limit_long/rep_0038/attempt_000,"[""artifacts/publication_campaign/tcc_calibration_confirmatory_v1/runs/PUB-02/near_limit_long/rep_0038/attempt_000/completion_manifest.json"", ""artifacts/publication_campaign/tcc_calibration_confirmatory_v1/runs/PUB-02/near_limit_long/rep_0038/attempt_000/environment_preflight.json"", ""artifacts/publication_campaign/tcc_calibration_confirmatory_v1/runs/PUB-02/near_limit_long/rep_0038/attempt_000/inference_command.json"", ""artifacts/publication_campaign/tcc_calibration_confirmatory_v1/runs/PUB-02/near_limit_long/rep_0038/attempt_000/inference_config.json"", ""artifacts/publication_campaign/tcc_calibration_confirmatory_v1/runs/PUB-02/near_limit_long/rep_0038/attempt_000/inference_started.json"", ""artifacts/publication_campaign/tcc_calibration_confirmatory_v1/runs/PUB-02/near_limit_long/rep_0038/attempt_000/input.csv"", ""artifacts/publication_campaign/tcc_calibration_confirmatory_v1/runs/PUB-02/near_limit_long/rep_0038/attempt_000/job.json"", ""artifacts/publication_campaign/tcc_calibration_confirmatory_v1/runs/PUB-02/near_limit_long/rep_0038/attempt_000/predictive_summary.csv"", ""artifacts/publication_campaign/tcc_calibration_confirmatory_v1/runs/PUB-02/near_limit_long/rep_0038/attempt_000/result.json"", ""artifacts/publication_campaign/tcc_calibration_confirmatory_v1/runs/PUB-02/near_limit_long/rep_0038/attempt_000/sampler_summary.csv"", ""artifacts/publication_campaign/tcc_calibration_confirmatory_v1/runs/PUB-02/near_limit_long/rep_0038/attempt_000/trace.nc"", ""artifacts/publication_campaign/tcc_calibration_confirmatory_v1/runs/PUB-02/near_limit_long/rep_0038/attempt_000/truth.json"", ""artifacts/publication_campaign/tcc_calibration_confirmatory_v1/runs/PUB-02/near_limit_long/rep_0038/attempt_000/worker_metadata.json""]",0.47044871064209004,True,True
PUB-02__near_limit_long__rep_0039,PUB-02,near_limit_long,rep_0039,tcc_calibration_confirmatory_v1__PUB-02__near_limit_long__rep_0039,"{""generation"": 1924468348, ""inference"": 3417813358, ""predictive"": 331348559, ""resampling"": 302068315}",artifacts/publication_campaign/tcc_calibration_confirmatory_v1/runs/PUB-02/near_limit_long/rep_0039,COMPLETED_REJECTED,1,,artifacts/publication_campaign/tcc_calibration_confirmatory_v1/runs/PUB-02/near_limit_long/rep_0039/attempt_000,"[""artifacts/publication_campaign/tcc_calibration_confirmatory_v1/runs/PUB-02/near_limit_long/rep_0039/attempt_000/completion_manifest.json"", ""artifacts/publication_campaign/tcc_calibration_confirmatory_v1/runs/PUB-02/near_limit_long/rep_0039/attempt_000/environment_preflight.json"", ""artifacts/publication_campaign/tcc_calibration_confirmatory_v1/runs/PUB-02/near_limit_long/rep_0039/attempt_000/inference_command.json"", ""artifacts/publication_campaign/tcc_calibration_confirmatory_v1/runs/PUB-02/near_limit_long/rep_0039/attempt_000/inference_config.json"", ""artifacts/publication_campaign/tcc_calibration_confirmatory_v1/runs/PUB-02/near_limit_long/rep_0039/attempt_000/inference_started.json"", ""artifacts/publication_campaign/tcc_calibration_confirmatory_v1/runs/PUB-02/near_limit_long/rep_0039/attempt_000/input.csv"", ""artifacts/publication_campaign/tcc_calibration_confirmatory_v1/runs/PUB-02/near_limit_long/rep_0039/attempt_000/job.json"", ""artifacts/publication_campaign/tcc_calibration_confirmatory_v1/runs/PUB-02/near_limit_long/rep_0039/attempt_000/predictive_summary.csv"", ""artifacts/publication_campaign/tcc_calibration_confirmatory_v1/runs/PUB-02/near_limit_long/rep_0039/attempt_000/result.json"", ""artifacts/publication_campaign/tcc_calibration_confirmatory_v1/runs/PUB-02/near_limit_long/rep_0039/attempt_000/sampler_summary.csv"", ""artifacts/publication_campaign/tcc_calibration_confirmatory_v1/runs/PUB-02/near_limit_long/rep_0039/attempt_000/trace.nc"", ""artifacts/publication_campaign/tcc_calibration_confirmatory_v1/runs/PUB-02/near_limit_long/rep_0039/attempt_000/truth.json"", ""artifacts/publication_campaign/tcc_calibration_confirmatory_v1/runs/PUB-02/near_limit_long/rep_0039/attempt_000/worker_metadata.json""]",0.47044871064209004,False,False
PUB-02__near_limit_long__rep_0040,PUB-02,near_limit_long,rep_0040,tcc_calibration_confirmatory_v1__PUB-02__near_limit_long__rep_0040,"{""generation"": 3583416256, ""inference"": 4092924165, ""predictive"": 3597002876, ""resampling"": 1689884141}",artifacts/publication_campaign/tcc_calibration_confirmatory_v1/runs/PUB-02/near_limit_long/rep_0040,COMPLETED,1,,artifacts/publication_campaign/tcc_calibration_confirmatory_v1/runs/PUB-02/near_limit_long/rep_0040/attempt_000,"[""artifacts/publication_campaign/tcc_calibration_confirmatory_v1/runs/PUB-02/near_limit_long/rep_0040/attempt_000/completion_manifest.json"", ""artifacts/publication_campaign/tcc_calibration_confirmatory_v1/runs/PUB-02/near_limit_long/rep_0040/attempt_000/environment_preflight.json"", ""artifacts/publication_campaign/tcc_calibration_confirmatory_v1/runs/PUB-02/near_limit_long/rep_0040/attempt_000/inference_command.json"", ""artifacts/publication_campaign/tcc_calibration_confirmatory_v1/runs/PUB-02/near_limit_long/rep_0040/attempt_000/inference_config.json"", ""artifacts/publication_campaign/tcc_calibration_confirmatory_v1/runs/PUB-02/near_limit_long/rep_0040/attempt_000/inference_started.json"", ""artifacts/publication_campaign/tcc_calibration_confirmatory_v1/runs/PUB-02/near_limit_long/rep_0040/attempt_000/input.csv"", ""artifacts/publication_campaign/tcc_calibration_confirmatory_v1/runs/PUB-02/near_limit_long/rep_0040/attempt_000/job.json"", ""artifacts/publication_campaign/tcc_calibration_confirmatory_v1/runs/PUB-02/near_limit_long/rep_0040/attempt_000/predictive_summary.csv"", ""artifacts/publication_campaign/tcc_calibration_confirmatory_v1/runs/PUB-02/near_limit_long/rep_0040/attempt_000/result.json"", ""artifacts/publication_campaign/tcc_calibration_confirmatory_v1/runs/PUB-02/near_limit_long/rep_0040/attempt_000/sampler_summary.csv"", ""artifacts/publication_campaign/tcc_calibration_confirmatory_v1/runs/PUB-02/near_limit_long/rep_0040/attempt_000/trace.nc"", ""artifacts/publication_campaign/tcc_calibration_confirmatory_v1/runs/PUB-02/near_limit_long/rep_0040/attempt_000/truth.json"", ""artifacts/publication_campaign/tcc_calibration_confirmatory_v1/runs/PUB-02/near_limit_long/rep_0040/attempt_000/worker_metadata.json""]",0.47044871064209004,True,True
PUB-02__near_limit_long__rep_0041,PUB-02,near_limit_long,rep_0041,tcc_calibration_confirmatory_v1__PUB-02__near_limit_long__rep_0041,"{""generation"": 1528985665, ""inference"": 3111011411, ""predictive"": 3409085031, ""resampling"": 1579219992}",artifacts/publication_campaign/tcc_calibration_confirmatory_v1/runs/PUB-02/near_limit_long/rep_0041,COMPLETED,1,,artifacts/publication_campaign/tcc_calibration_confirmatory_v1/runs/PUB-02/near_limit_long/rep_0041/attempt_000,"[""artifacts/publication_campaign/tcc_calibration_confirmatory_v1/runs/PUB-02/near_limit_long/rep_0041/attempt_000/completion_manifest.json"", ""artifacts/publication_campaign/tcc_calibration_confirmatory_v1/runs/PUB-02/near_limit_long/rep_0041/attempt_000/environment_preflight.json"", ""artifacts/publication_campaign/tcc_calibration_confirmatory_v1/runs/PUB-02/near_limit_long/rep_0041/attempt_000/inference_command.json"", ""artifacts/publication_campaign/tcc_calibration_confirmatory_v1/runs/PUB-02/near_limit_long/rep_0041/attempt_000/inference_config.json"", ""artifacts/publication_campaign/tcc_calibration_confirmatory_v1/runs/PUB-02/near_limit_long/rep_0041/attempt_000/inference_started.json"", ""artifacts/publication_campaign/tcc_calibration_confirmatory_v1/runs/PUB-02/near_limit_long/rep_0041/attempt_000/input.csv"", ""artifacts/publication_campaign/tcc_calibration_confirmatory_v1/runs/PUB-02/near_limit_long/rep_0041/attempt_000/job.json"", ""artifacts/publication_campaign/tcc_calibration_confirmatory_v1/runs/PUB-02/near_limit_long/rep_0041/attempt_000/predictive_summary.csv"", ""artifacts/publication_campaign/tcc_calibration_confirmatory_v1/runs/PUB-02/near_limit_long/rep_0041/attempt_000/result.json"", ""artifacts/publication_campaign/tcc_calibration_confirmatory_v1/runs/PUB-02/near_limit_long/rep_0041/attempt_000/sampler_summary.csv"", ""artifacts/publication_campaign/tcc_calibration_confirmatory_v1/runs/PUB-02/near_limit_long/rep_0041/attempt_000/trace.nc"", ""artifacts/publication_campaign/tcc_calibration_confirmatory_v1/runs/PUB-02/near_limit_long/rep_0041/attempt_000/truth.json"", ""artifacts/publication_campaign/tcc_calibration_confirmatory_v1/runs/PUB-02/near_limit_long/rep_0041/attempt_000/worker_metadata.json""]",0.47044871064209004,True,True
PUB-02__near_limit_long__rep_0042,PUB-02,near_limit_long,rep_0042,tcc_calibration_confirmatory_v1__PUB-02__near_limit_long__rep_0042,"{""generation"": 3001288920, ""inference"": 1547932785, ""predictive"": 259393029, ""resampling"": 3258850813}",artifacts/publication_campaign/tcc_calibration_confirmatory_v1/runs/PUB-02/near_limit_long/rep_0042,COMPLETED_REJECTED,1,,artifacts/publication_campaign/tcc_calibration_confirmatory_v1/runs/PUB-02/near_limit_long/rep_0042/attempt_000,"[""artifacts/publication_campaign/tcc_calibration_confirmatory_v1/runs/PUB-02/near_limit_long/rep_0042/attempt_000/completion_manifest.json"", ""artifacts/publication_campaign/tcc_calibration_confirmatory_v1/runs/PUB-02/near_limit_long/rep_0042/attempt_000/environment_preflight.json"", ""artifacts/publication_campaign/tcc_calibration_confirmatory_v1/runs/PUB-02/near_limit_long/rep_0042/attempt_000/inference_command.json"", ""artifacts/publication_campaign/tcc_calibration_confirmatory_v1/runs/PUB-02/near_limit_long/rep_0042/attempt_000/inference_config.json"", ""artifacts/publication_campaign/tcc_calibration_confirmatory_v1/runs/PUB-02/near_limit_long/rep_0042/attempt_000/inference_started.json"", ""artifacts/publication_campaign/tcc_calibration_confirmatory_v1/runs/PUB-02/near_limit_long/rep_0042/attempt_000/input.csv"", ""artifacts/publication_campaign/tcc_calibration_confirmatory_v1/runs/PUB-02/near_limit_long/rep_0042/attempt_000/job.json"", ""artifacts/publication_campaign/tcc_calibration_confirmatory_v1/runs/PUB-02/near_limit_long/rep_0042/attempt_000/predictive_summary.csv"", ""artifacts/publication_campaign/tcc_calibration_confirmatory_v1/runs/PUB-02/near_limit_long/rep_0042/attempt_000/result.json"", ""artifacts/publication_campaign/tcc_calibration_confirmatory_v1/runs/PUB-02/near_limit_long/rep_0042/attempt_000/sampler_summary.csv"", ""artifacts/publication_campaign/tcc_calibration_confirmatory_v1/runs/PUB-02/near_limit_long/rep_0042/attempt_000/trace.nc"", ""artifacts/publication_campaign/tcc_calibration_confirmatory_v1/runs/PUB-02/near_limit_long/rep_0042/attempt_000/truth.json"", ""artifacts/publication_campaign/tcc_calibration_confirmatory_v1/runs/PUB-02/near_limit_long/rep_0042/attempt_000/worker_metadata.json""]",0.47044871064209004,False,False
PUB-02__near_limit_long__rep_0043,PUB-02,near_limit_long,rep_0043,tcc_calibration_confirmatory_v1__PUB-02__near_limit_long__rep_0043,"{""generation"": 1532532092, ""inference"": 3537414739, ""predictive"": 3845151648, ""resampling"": 198627716}",artifacts/publication_campaign/tcc_calibration_confirmatory_v1/runs/PUB-02/near_limit_long/rep_0043,COMPLETED,1,,artifacts/publication_campaign/tcc_calibration_confirmatory_v1/runs/PUB-02/near_limit_long/rep_0043/attempt_000,"[""artifacts/publication_campaign/tcc_calibration_confirmatory_v1/runs/PUB-02/near_limit_long/rep_0043/attempt_000/completion_manifest.json"", ""artifacts/publication_campaign/tcc_calibration_confirmatory_v1/runs/PUB-02/near_limit_long/rep_0043/attempt_000/environment_preflight.json"", ""artifacts/publication_campaign/tcc_calibration_confirmatory_v1/runs/PUB-02/near_limit_long/rep_0043/attempt_000/inference_command.json"", ""artifacts/publication_campaign/tcc_calibration_confirmatory_v1/runs/PUB-02/near_limit_long/rep_0043/attempt_000/inference_config.json"", ""artifacts/publication_campaign/tcc_calibration_confirmatory_v1/runs/PUB-02/near_limit_long/rep_0043/attempt_000/inference_started.json"", ""artifacts/publication_campaign/tcc_calibration_confirmatory_v1/runs/PUB-02/near_limit_long/rep_0043/attempt_000/input.csv"", ""artifacts/publication_campaign/tcc_calibration_confirmatory_v1/runs/PUB-02/near_limit_long/rep_0043/attempt_000/job.json"", ""artifacts/publication_campaign/tcc_calibration_confirmatory_v1/runs/PUB-02/near_limit_long/rep_0043/attempt_000/predictive_summary.csv"", ""artifacts/publication_campaign/tcc_calibration_confirmatory_v1/runs/PUB-02/near_limit_long/rep_0043/attempt_000/result.json"", ""artifacts/publication_campaign/tcc_calibration_confirmatory_v1/runs/PUB-02/near_limit_long/rep_0043/attempt_000/sampler_summary.csv"", ""artifacts/publication_campaign/tcc_calibration_confirmatory_v1/runs/PUB-02/near_limit_long/rep_0043/attempt_000/trace.nc"", ""artifacts/publication_campaign/tcc_calibration_confirmatory_v1/runs/PUB-02/near_limit_long/rep_0043/attempt_000/truth.json"", ""artifacts/publication_campaign/tcc_calibration_confirmatory_v1/runs/PUB-02/near_limit_long/rep_0043/attempt_000/worker_metadata.json""]",0.47044871064209004,True,True
PUB-02__near_limit_long__rep_0044,PUB-02,near_limit_long,rep_0044,tcc_calibration_confirmatory_v1__PUB-02__near_limit_long__rep_0044,"{""generation"": 882388601, ""inference"": 1404571215, ""predictive"": 1602046130, ""resampling"": 3850488083}",artifacts/publication_campaign/tcc_calibration_confirmatory_v1/runs/PUB-02/near_limit_long/rep_0044,COMPLETED,1,,artifacts/publication_campaign/tcc_calibration_confirmatory_v1/runs/PUB-02/near_limit_long/rep_0044/attempt_000,"[""artifacts/publication_campaign/tcc_calibration_confirmatory_v1/runs/PUB-02/near_limit_long/rep_0044/attempt_000/completion_manifest.json"", ""artifacts/publication_campaign/tcc_calibration_confirmatory_v1/runs/PUB-02/near_limit_long/rep_0044/attempt_000/environment_preflight.json"", ""artifacts/publication_campaign/tcc_calibration_confirmatory_v1/runs/PUB-02/near_limit_long/rep_0044/attempt_000/inference_command.json"", ""artifacts/publication_campaign/tcc_calibration_confirmatory_v1/runs/PUB-02/near_limit_long/rep_0044/attempt_000/inference_config.json"", ""artifacts/publication_campaign/tcc_calibration_confirmatory_v1/runs/PUB-02/near_limit_long/rep_0044/attempt_000/inference_started.json"", ""artifacts/publication_campaign/tcc_calibration_confirmatory_v1/runs/PUB-02/near_limit_long/rep_0044/attempt_000/input.csv"", ""artifacts/publication_campaign/tcc_calibration_confirmatory_v1/runs/PUB-02/near_limit_long/rep_0044/attempt_000/job.json"", ""artifacts/publication_campaign/tcc_calibration_confirmatory_v1/runs/PUB-02/near_limit_long/rep_0044/attempt_000/predictive_summary.csv"", ""artifacts/publication_campaign/tcc_calibration_confirmatory_v1/runs/PUB-02/near_limit_long/rep_0044/attempt_000/result.json"", ""artifacts/publication_campaign/tcc_calibration_confirmatory_v1/runs/PUB-02/near_limit_long/rep_0044/attempt_000/sampler_summary.csv"", ""artifacts/publication_campaign/tcc_calibration_confirmatory_v1/runs/PUB-02/near_limit_long/rep_0044/attempt_000/trace.nc"", ""artifacts/publication_campaign/tcc_calibration_confirmatory_v1/runs/PUB-02/near_limit_long/rep_0044/attempt_000/truth.json"", ""artifacts/publication_campaign/tcc_calibration_confirmatory_v1/runs/PUB-02/near_limit_long/rep_0044/attempt_000/worker_metadata.json""]",0.47044871064209004,True,True
PUB-02__near_limit_long__rep_0045,PUB-02,near_limit_long,rep_0045,tcc_calibration_confirmatory_v1__PUB-02__near_limit_long__rep_0045,"{""generation"": 1566053096, ""inference"": 60633836, ""predictive"": 2881183078, ""resampling"": 3243907269}",artifacts/publication_campaign/tcc_calibration_confirmatory_v1/runs/PUB-02/near_limit_long/rep_0045,COMPLETED,1,,artifacts/publication_campaign/tcc_calibration_confirmatory_v1/runs/PUB-02/near_limit_long/rep_0045/attempt_000,"[""artifacts/publication_campaign/tcc_calibration_confirmatory_v1/runs/PUB-02/near_limit_long/rep_0045/attempt_000/completion_manifest.json"", ""artifacts/publication_campaign/tcc_calibration_confirmatory_v1/runs/PUB-02/near_limit_long/rep_0045/attempt_000/environment_preflight.json"", ""artifacts/publication_campaign/tcc_calibration_confirmatory_v1/runs/PUB-02/near_limit_long/rep_0045/attempt_000/inference_command.json"", ""artifacts/publication_campaign/tcc_calibration_confirmatory_v1/runs/PUB-02/near_limit_long/rep_0045/attempt_000/inference_config.json"", ""artifacts/publication_campaign/tcc_calibration_confirmatory_v1/runs/PUB-02/near_limit_long/rep_0045/attempt_000/inference_started.json"", ""artifacts/publication_campaign/tcc_calibration_confirmatory_v1/runs/PUB-02/near_limit_long/rep_0045/attempt_000/input.csv"", ""artifacts/publication_campaign/tcc_calibration_confirmatory_v1/runs/PUB-02/near_limit_long/rep_0045/attempt_000/job.json"", ""artifacts/publication_campaign/tcc_calibration_confirmatory_v1/runs/PUB-02/near_limit_long/rep_0045/attempt_000/predictive_summary.csv"", ""artifacts/publication_campaign/tcc_calibration_confirmatory_v1/runs/PUB-02/near_limit_long/rep_0045/attempt_000/result.json"", ""artifacts/publication_campaign/tcc_calibration_confirmatory_v1/runs/PUB-02/near_limit_long/rep_0045/attempt_000/sampler_summary.csv"", ""artifacts/publication_campaign/tcc_calibration_confirmatory_v1/runs/PUB-02/near_limit_long/rep_0045/attempt_000/trace.nc"", ""artifacts/publication_campaign/tcc_calibration_confirmatory_v1/runs/PUB-02/near_limit_long/rep_0045/attempt_000/truth.json"", ""artifacts/publication_campaign/tcc_calibration_confirmatory_v1/runs/PUB-02/near_limit_long/rep_0045/attempt_000/worker_metadata.json""]",0.47044871064209004,True,True
PUB-02__near_limit_long__rep_0046,PUB-02,near_limit_long,rep_0046,tcc_calibration_confirmatory_v1__PUB-02__near_limit_long__rep_0046,"{""generation"": 1007516364, ""inference"": 1749854906, ""predictive"": 3182008152, ""resampling"": 1534583001}",artifacts/publication_campaign/tcc_calibration_confirmatory_v1/runs/PUB-02/near_limit_long/rep_0046,COMPLETED,1,,artifacts/publication_campaign/tcc_calibration_confirmatory_v1/runs/PUB-02/near_limit_long/rep_0046/attempt_000,"[""artifacts/publication_campaign/tcc_calibration_confirmatory_v1/runs/PUB-02/near_limit_long/rep_0046/attempt_000/completion_manifest.json"", ""artifacts/publication_campaign/tcc_calibration_confirmatory_v1/runs/PUB-02/near_limit_long/rep_0046/attempt_000/environment_preflight.json"", ""artifacts/publication_campaign/tcc_calibration_confirmatory_v1/runs/PUB-02/near_limit_long/rep_0046/attempt_000/inference_command.json"", ""artifacts/publication_campaign/tcc_calibration_confirmatory_v1/runs/PUB-02/near_limit_long/rep_0046/attempt_000/inference_config.json"", ""artifacts/publication_campaign/tcc_calibration_confirmatory_v1/runs/PUB-02/near_limit_long/rep_0046/attempt_000/inference_started.json"", ""artifacts/publication_campaign/tcc_calibration_confirmatory_v1/runs/PUB-02/near_limit_long/rep_0046/attempt_000/input.csv"", ""artifacts/publication_campaign/tcc_calibration_confirmatory_v1/runs/PUB-02/near_limit_long/rep_0046/attempt_000/job.json"", ""artifacts/publication_campaign/tcc_calibration_confirmatory_v1/runs/PUB-02/near_limit_long/rep_0046/attempt_000/predictive_summary.csv"", ""artifacts/publication_campaign/tcc_calibration_confirmatory_v1/runs/PUB-02/near_limit_long/rep_0046/attempt_000/result.json"", ""artifacts/publication_campaign/tcc_calibration_confirmatory_v1/runs/PUB-02/near_limit_long/rep_0046/attempt_000/sampler_summary.csv"", ""artifacts/publication_campaign/tcc_calibration_confirmatory_v1/runs/PUB-02/near_limit_long/rep_0046/attempt_000/trace.nc"", ""artifacts/publication_campaign/tcc_calibration_confirmatory_v1/runs/PUB-02/near_limit_long/rep_0046/attempt_000/truth.json"", ""artifacts/publication_campaign/tcc_calibration_confirmatory_v1/runs/PUB-02/near_limit_long/rep_0046/attempt_000/worker_metadata.json""]",0.47044871064209004,True,True
PUB-02__near_limit_long__rep_0047,PUB-02,near_limit_long,rep_0047,tcc_calibration_confirmatory_v1__PUB-02__near_limit_long__rep_0047,"{""generation"": 248473433, ""inference"": 2223822109, ""predictive"": 1810721877, ""resampling"": 4038302409}",artifacts/publication_campaign/tcc_calibration_confirmatory_v1/runs/PUB-02/near_limit_long/rep_0047,COMPLETED,1,,artifacts/publication_campaign/tcc_calibration_confirmatory_v1/runs/PUB-02/near_limit_long/rep_0047/attempt_000,"[""artifacts/publication_campaign/tcc_calibration_confirmatory_v1/runs/PUB-02/near_limit_long/rep_0047/attempt_000/completion_manifest.json"", ""artifacts/publication_campaign/tcc_calibration_confirmatory_v1/runs/PUB-02/near_limit_long/rep_0047/attempt_000/environment_preflight.json"", ""artifacts/publication_campaign/tcc_calibration_confirmatory_v1/runs/PUB-02/near_limit_long/rep_0047/attempt_000/inference_command.json"", ""artifacts/publication_campaign/tcc_calibration_confirmatory_v1/runs/PUB-02/near_limit_long/rep_0047/attempt_000/inference_config.json"", ""artifacts/publication_campaign/tcc_calibration_confirmatory_v1/runs/PUB-02/near_limit_long/rep_0047/attempt_000/inference_started.json"", ""artifacts/publication_campaign/tcc_calibration_confirmatory_v1/runs/PUB-02/near_limit_long/rep_0047/attempt_000/input.csv"", ""artifacts/publication_campaign/tcc_calibration_confirmatory_v1/runs/PUB-02/near_limit_long/rep_0047/attempt_000/job.json"", ""artifacts/publication_campaign/tcc_calibration_confirmatory_v1/runs/PUB-02/near_limit_long/rep_0047/attempt_000/predictive_summary.csv"", ""artifacts/publication_campaign/tcc_calibration_confirmatory_v1/runs/PUB-02/near_limit_long/rep_0047/attempt_000/result.json"", ""artifacts/publication_campaign/tcc_calibration_confirmatory_v1/runs/PUB-02/near_limit_long/rep_0047/attempt_000/sampler_summary.csv"", ""artifacts/publication_campaign/tcc_calibration_confirmatory_v1/runs/PUB-02/near_limit_long/rep_0047/attempt_000/trace.nc"", ""artifacts/publication_campaign/tcc_calibration_confirmatory_v1/runs/PUB-02/near_limit_long/rep_0047/attempt_000/truth.json"", ""artifacts/publication_campaign/tcc_calibration_confirmatory_v1/runs/PUB-02/near_limit_long/rep_0047/attempt_000/worker_metadata.json""]",0.47044871064209004,True,True
PUB-02__near_limit_long__rep_0048,PUB-02,near_limit_long,rep_0048,tcc_calibration_confirmatory_v1__PUB-02__near_limit_long__rep_0048,"{""generation"": 3757107369, ""inference"": 743603836, ""predictive"": 2617720739, ""resampling"": 2650183022}",artifacts/publication_campaign/tcc_calibration_confirmatory_v1/runs/PUB-02/near_limit_long/rep_0048,COMPLETED,1,,artifacts/publication_campaign/tcc_calibration_confirmatory_v1/runs/PUB-02/near_limit_long/rep_0048/attempt_000,"[""artifacts/publication_campaign/tcc_calibration_confirmatory_v1/runs/PUB-02/near_limit_long/rep_0048/attempt_000/completion_manifest.json"", ""artifacts/publication_campaign/tcc_calibration_confirmatory_v1/runs/PUB-02/near_limit_long/rep_0048/attempt_000/environment_preflight.json"", ""artifacts/publication_campaign/tcc_calibration_confirmatory_v1/runs/PUB-02/near_limit_long/rep_0048/attempt_000/inference_command.json"", ""artifacts/publication_campaign/tcc_calibration_confirmatory_v1/runs/PUB-02/near_limit_long/rep_0048/attempt_000/inference_config.json"", ""artifacts/publication_campaign/tcc_calibration_confirmatory_v1/runs/PUB-02/near_limit_long/rep_0048/attempt_000/inference_started.json"", ""artifacts/publication_campaign/tcc_calibration_confirmatory_v1/runs/PUB-02/near_limit_long/rep_0048/attempt_000/input.csv"", ""artifacts/publication_campaign/tcc_calibration_confirmatory_v1/runs/PUB-02/near_limit_long/rep_0048/attempt_000/job.json"", ""artifacts/publication_campaign/tcc_calibration_confirmatory_v1/runs/PUB-02/near_limit_long/rep_0048/attempt_000/predictive_summary.csv"", ""artifacts/publication_campaign/tcc_calibration_confirmatory_v1/runs/PUB-02/near_limit_long/rep_0048/attempt_000/result.json"", ""artifacts/publication_campaign/tcc_calibration_confirmatory_v1/runs/PUB-02/near_limit_long/rep_0048/attempt_000/sampler_summary.csv"", ""artifacts/publication_campaign/tcc_calibration_confirmatory_v1/runs/PUB-02/near_limit_long/rep_0048/attempt_000/trace.nc"", ""artifacts/publication_campaign/tcc_calibration_confirmatory_v1/runs/PUB-02/near_limit_long/rep_0048/attempt_000/truth.json"", ""artifacts/publication_campaign/tcc_calibration_confirmatory_v1/runs/PUB-02/near_limit_long/rep_0048/attempt_000/worker_metadata.json""]",0.47044871064209004,True,True
PUB-02__near_limit_long__rep_0049,PUB-02,near_limit_long,rep_0049,tcc_calibration_confirmatory_v1__PUB-02__near_limit_long__rep_0049,"{""generation"": 2556075602, ""inference"": 731135998, ""predictive"": 1205920990, ""resampling"": 1545668784}",artifacts/publication_campaign/tcc_calibration_confirmatory_v1/runs/PUB-02/near_limit_long/rep_0049,COMPLETED,1,,artifacts/publication_campaign/tcc_calibration_confirmatory_v1/runs/PUB-02/near_limit_long/rep_0049/attempt_000,"[""artifacts/publication_campaign/tcc_calibration_confirmatory_v1/runs/PUB-02/near_limit_long/rep_0049/attempt_000/completion_manifest.json"", ""artifacts/publication_campaign/tcc_calibration_confirmatory_v1/runs/PUB-02/near_limit_long/rep_0049/attempt_000/environment_preflight.json"", ""artifacts/publication_campaign/tcc_calibration_confirmatory_v1/runs/PUB-02/near_limit_long/rep_0049/attempt_000/inference_command.json"", ""artifacts/publication_campaign/tcc_calibration_confirmatory_v1/runs/PUB-02/near_limit_long/rep_0049/attempt_000/inference_config.json"", ""artifacts/publication_campaign/tcc_calibration_confirmatory_v1/runs/PUB-02/near_limit_long/rep_0049/attempt_000/inference_started.json"", ""artifacts/publication_campaign/tcc_calibration_confirmatory_v1/runs/PUB-02/near_limit_long/rep_0049/attempt_000/input.csv"", ""artifacts/publication_campaign/tcc_calibration_confirmatory_v1/runs/PUB-02/near_limit_long/rep_0049/attempt_000/job.json"", ""artifacts/publication_campaign/tcc_calibration_confirmatory_v1/runs/PUB-02/near_limit_long/rep_0049/attempt_000/predictive_summary.csv"", ""artifacts/publication_campaign/tcc_calibration_confirmatory_v1/runs/PUB-02/near_limit_long/rep_0049/attempt_000/result.json"", ""artifacts/publication_campaign/tcc_calibration_confirmatory_v1/runs/PUB-02/near_limit_long/rep_0049/attempt_000/sampler_summary.csv"", ""artifacts/publication_campaign/tcc_calibration_confirmatory_v1/runs/PUB-02/near_limit_long/rep_0049/attempt_000/trace.nc"", ""artifacts/publication_campaign/tcc_calibration_confirmatory_v1/runs/PUB-02/near_limit_long/rep_0049/attempt_000/truth.json"", ""artifacts/publication_campaign/tcc_calibration_confirmatory_v1/runs/PUB-02/near_limit_long/rep_0049/attempt_000/worker_metadata.json""]",0.47044871064209004,True,True
PUB-02__near_limit_long__rep_0050,PUB-02,near_limit_long,rep_0050,tcc_calibration_confirmatory_v1__PUB-02__near_limit_long__rep_0050,"{""generation"": 2201532591, ""inference"": 1552278926, ""predictive"": 1505238215, ""resampling"": 780660422}",artifacts/publication_campaign/tcc_calibration_confirmatory_v1/runs/PUB-02/near_limit_long/rep_0050,COMPLETED_REJECTED,1,,artifacts/publication_campaign/tcc_calibration_confirmatory_v1/runs/PUB-02/near_limit_long/rep_0050/attempt_000,"[""artifacts/publication_campaign/tcc_calibration_confirmatory_v1/runs/PUB-02/near_limit_long/rep_0050/attempt_000/completion_manifest.json"", ""artifacts/publication_campaign/tcc_calibration_confirmatory_v1/runs/PUB-02/near_limit_long/rep_0050/attempt_000/environment_preflight.json"", ""artifacts/publication_campaign/tcc_calibration_confirmatory_v1/runs/PUB-02/near_limit_long/rep_0050/attempt_000/inference_command.json"", ""artifacts/publication_campaign/tcc_calibration_confirmatory_v1/runs/PUB-02/near_limit_long/rep_0050/attempt_000/inference_config.json"", ""artifacts/publication_campaign/tcc_calibration_confirmatory_v1/runs/PUB-02/near_limit_long/rep_0050/attempt_000/inference_started.json"", ""artifacts/publication_campaign/tcc_calibration_confirmatory_v1/runs/PUB-02/near_limit_long/rep_0050/attempt_000/input.csv"", ""artifacts/publication_campaign/tcc_calibration_confirmatory_v1/runs/PUB-02/near_limit_long/rep_0050/attempt_000/job.json"", ""artifacts/publication_campaign/tcc_calibration_confirmatory_v1/runs/PUB-02/near_limit_long/rep_0050/attempt_000/predictive_summary.csv"", ""artifacts/publication_campaign/tcc_calibration_confirmatory_v1/runs/PUB-02/near_limit_long/rep_0050/attempt_000/result.json"", ""artifacts/publication_campaign/tcc_calibration_confirmatory_v1/runs/PUB-02/near_limit_long/rep_0050/attempt_000/sampler_summary.csv"", ""artifacts/publication_campaign/tcc_calibration_confirmatory_v1/runs/PUB-02/near_limit_long/rep_0050/attempt_000/trace.nc"", ""artifacts/publication_campaign/tcc_calibration_confirmatory_v1/runs/PUB-02/near_limit_long/rep_0050/attempt_000/truth.json"", ""artifacts/publication_campaign/tcc_calibration_confirmatory_v1/runs/PUB-02/near_limit_long/rep_0050/attempt_000/worker_metadata.json""]",0.47044871064209004,False,False
PUB-02__near_limit_long__rep_0051,PUB-02,near_limit_long,rep_0051,tcc_calibration_confirmatory_v1__PUB-02__near_limit_long__rep_0051,"{""generation"": 139107992, ""inference"": 2991695619, ""predictive"": 233072348, ""resampling"": 4105934478}",artifacts/publication_campaign/tcc_calibration_confirmatory_v1/runs/PUB-02/near_limit_long/rep_0051,COMPLETED_REJECTED,1,,artifacts/publication_campaign/tcc_calibration_confirmatory_v1/runs/PUB-02/near_limit_long/rep_0051/attempt_000,"[""artifacts/publication_campaign/tcc_calibration_confirmatory_v1/runs/PUB-02/near_limit_long/rep_0051/attempt_000/completion_manifest.json"", ""artifacts/publication_campaign/tcc_calibration_confirmatory_v1/runs/PUB-02/near_limit_long/rep_0051/attempt_000/environment_preflight.json"", ""artifacts/publication_campaign/tcc_calibration_confirmatory_v1/runs/PUB-02/near_limit_long/rep_0051/attempt_000/inference_command.json"", ""artifacts/publication_campaign/tcc_calibration_confirmatory_v1/runs/PUB-02/near_limit_long/rep_0051/attempt_000/inference_config.json"", ""artifacts/publication_campaign/tcc_calibration_confirmatory_v1/runs/PUB-02/near_limit_long/rep_0051/attempt_000/inference_started.json"", ""artifacts/publication_campaign/tcc_calibration_confirmatory_v1/runs/PUB-02/near_limit_long/rep_0051/attempt_000/input.csv"", ""artifacts/publication_campaign/tcc_calibration_confirmatory_v1/runs/PUB-02/near_limit_long/rep_0051/attempt_000/job.json"", ""artifacts/publication_campaign/tcc_calibration_confirmatory_v1/runs/PUB-02/near_limit_long/rep_0051/attempt_000/predictive_summary.csv"", ""artifacts/publication_campaign/tcc_calibration_confirmatory_v1/runs/PUB-02/near_limit_long/rep_0051/attempt_000/result.json"", ""artifacts/publication_campaign/tcc_calibration_confirmatory_v1/runs/PUB-02/near_limit_long/rep_0051/attempt_000/sampler_summary.csv"", ""artifacts/publication_campaign/tcc_calibration_confirmatory_v1/runs/PUB-02/near_limit_long/rep_0051/attempt_000/trace.nc"", ""artifacts/publication_campaign/tcc_calibration_confirmatory_v1/runs/PUB-02/near_limit_long/rep_0051/attempt_000/truth.json"", ""artifacts/publication_campaign/tcc_calibration_confirmatory_v1/runs/PUB-02/near_limit_long/rep_0051/attempt_000/worker_metadata.json""]",0.47044871064209004,False,False
PUB-02__near_limit_long__rep_0052,PUB-02,near_limit_long,rep_0052,tcc_calibration_confirmatory_v1__PUB-02__near_limit_long__rep_0052,"{""generation"": 2312202869, ""inference"": 2198524898, ""predictive"": 1191491092, ""resampling"": 649488725}",artifacts/publication_campaign/tcc_calibration_confirmatory_v1/runs/PUB-02/near_limit_long/rep_0052,COMPLETED,1,,artifacts/publication_campaign/tcc_calibration_confirmatory_v1/runs/PUB-02/near_limit_long/rep_0052/attempt_000,"[""artifacts/publication_campaign/tcc_calibration_confirmatory_v1/runs/PUB-02/near_limit_long/rep_0052/attempt_000/completion_manifest.json"", ""artifacts/publication_campaign/tcc_calibration_confirmatory_v1/runs/PUB-02/near_limit_long/rep_0052/attempt_000/environment_preflight.json"", ""artifacts/publication_campaign/tcc_calibration_confirmatory_v1/runs/PUB-02/near_limit_long/rep_0052/attempt_000/inference_command.json"", ""artifacts/publication_campaign/tcc_calibration_confirmatory_v1/runs/PUB-02/near_limit_long/rep_0052/attempt_000/inference_config.json"", ""artifacts/publication_campaign/tcc_calibration_confirmatory_v1/runs/PUB-02/near_limit_long/rep_0052/attempt_000/inference_started.json"", ""artifacts/publication_campaign/tcc_calibration_confirmatory_v1/runs/PUB-02/near_limit_long/rep_0052/attempt_000/input.csv"", ""artifacts/publication_campaign/tcc_calibration_confirmatory_v1/runs/PUB-02/near_limit_long/rep_0052/attempt_000/job.json"", ""artifacts/publication_campaign/tcc_calibration_confirmatory_v1/runs/PUB-02/near_limit_long/rep_0052/attempt_000/predictive_summary.csv"", ""artifacts/publication_campaign/tcc_calibration_confirmatory_v1/runs/PUB-02/near_limit_long/rep_0052/attempt_000/result.json"", ""artifacts/publication_campaign/tcc_calibration_confirmatory_v1/runs/PUB-02/near_limit_long/rep_0052/attempt_000/sampler_summary.csv"", ""artifacts/publication_campaign/tcc_calibration_confirmatory_v1/runs/PUB-02/near_limit_long/rep_0052/attempt_000/trace.nc"", ""artifacts/publication_campaign/tcc_calibration_confirmatory_v1/runs/PUB-02/near_limit_long/rep_0052/attempt_000/truth.json"", ""artifacts/publication_campaign/tcc_calibration_confirmatory_v1/runs/PUB-02/near_limit_long/rep_0052/attempt_000/worker_metadata.json""]",0.47044871064209004,True,True
PUB-02__near_limit_long__rep_0053,PUB-02,near_limit_long,rep_0053,tcc_calibration_confirmatory_v1__PUB-02__near_limit_long__rep_0053,"{""generation"": 4014653587, ""inference"": 1491909136, ""predictive"": 3485085959, ""resampling"": 1749489015}",artifacts/publication_campaign/tcc_calibration_confirmatory_v1/runs/PUB-02/near_limit_long/rep_0053,COMPLETED,1,,artifacts/publication_campaign/tcc_calibration_confirmatory_v1/runs/PUB-02/near_limit_long/rep_0053/attempt_000,"[""artifacts/publication_campaign/tcc_calibration_confirmatory_v1/runs/PUB-02/near_limit_long/rep_0053/attempt_000/completion_manifest.json"", ""artifacts/publication_campaign/tcc_calibration_confirmatory_v1/runs/PUB-02/near_limit_long/rep_0053/attempt_000/environment_preflight.json"", ""artifacts/publication_campaign/tcc_calibration_confirmatory_v1/runs/PUB-02/near_limit_long/rep_0053/attempt_000/inference_command.json"", ""artifacts/publication_campaign/tcc_calibration_confirmatory_v1/runs/PUB-02/near_limit_long/rep_0053/attempt_000/inference_config.json"", ""artifacts/publication_campaign/tcc_calibration_confirmatory_v1/runs/PUB-02/near_limit_long/rep_0053/attempt_000/inference_started.json"", ""artifacts/publication_campaign/tcc_calibration_confirmatory_v1/runs/PUB-02/near_limit_long/rep_0053/attempt_000/input.csv"", ""artifacts/publication_campaign/tcc_calibration_confirmatory_v1/runs/PUB-02/near_limit_long/rep_0053/attempt_000/job.json"", ""artifacts/publication_campaign/tcc_calibration_confirmatory_v1/runs/PUB-02/near_limit_long/rep_0053/attempt_000/predictive_summary.csv"", ""artifacts/publication_campaign/tcc_calibration_confirmatory_v1/runs/PUB-02/near_limit_long/rep_0053/attempt_000/result.json"", ""artifacts/publication_campaign/tcc_calibration_confirmatory_v1/runs/PUB-02/near_limit_long/rep_0053/attempt_000/sampler_summary.csv"", ""artifacts/publication_campaign/tcc_calibration_confirmatory_v1/runs/PUB-02/near_limit_long/rep_0053/attempt_000/trace.nc"", ""artifacts/publication_campaign/tcc_calibration_confirmatory_v1/runs/PUB-02/near_limit_long/rep_0053/attempt_000/truth.json"", ""artifacts/publication_campaign/tcc_calibration_confirmatory_v1/runs/PUB-02/near_limit_long/rep_0053/attempt_000/worker_metadata.json""]",0.47044871064209004,True,True
PUB-02__near_limit_long__rep_0054,PUB-02,near_limit_long,rep_0054,tcc_calibration_confirmatory_v1__PUB-02__near_limit_long__rep_0054,"{""generation"": 2983552298, ""inference"": 2256192676, ""predictive"": 2469775793, ""resampling"": 4135993310}",artifacts/publication_campaign/tcc_calibration_confirmatory_v1/runs/PUB-02/near_limit_long/rep_0054,COMPLETED,1,,artifacts/publication_campaign/tcc_calibration_confirmatory_v1/runs/PUB-02/near_limit_long/rep_0054/attempt_000,"[""artifacts/publication_campaign/tcc_calibration_confirmatory_v1/runs/PUB-02/near_limit_long/rep_0054/attempt_000/completion_manifest.json"", ""artifacts/publication_campaign/tcc_calibration_confirmatory_v1/runs/PUB-02/near_limit_long/rep_0054/attempt_000/environment_preflight.json"", ""artifacts/publication_campaign/tcc_calibration_confirmatory_v1/runs/PUB-02/near_limit_long/rep_0054/attempt_000/inference_command.json"", ""artifacts/publication_campaign/tcc_calibration_confirmatory_v1/runs/PUB-02/near_limit_long/rep_0054/attempt_000/inference_config.json"", ""artifacts/publication_campaign/tcc_calibration_confirmatory_v1/runs/PUB-02/near_limit_long/rep_0054/attempt_000/inference_started.json"", ""artifacts/publication_campaign/tcc_calibration_confirmatory_v1/runs/PUB-02/near_limit_long/rep_0054/attempt_000/input.csv"", ""artifacts/publication_campaign/tcc_calibration_confirmatory_v1/runs/PUB-02/near_limit_long/rep_0054/attempt_000/job.json"", ""artifacts/publication_campaign/tcc_calibration_confirmatory_v1/runs/PUB-02/near_limit_long/rep_0054/attempt_000/predictive_summary.csv"", ""artifacts/publication_campaign/tcc_calibration_confirmatory_v1/runs/PUB-02/near_limit_long/rep_0054/attempt_000/result.json"", ""artifacts/publication_campaign/tcc_calibration_confirmatory_v1/runs/PUB-02/near_limit_long/rep_0054/attempt_000/sampler_summary.csv"", ""artifacts/publication_campaign/tcc_calibration_confirmatory_v1/runs/PUB-02/near_limit_long/rep_0054/attempt_000/trace.nc"", ""artifacts/publication_campaign/tcc_calibration_confirmatory_v1/runs/PUB-02/near_limit_long/rep_0054/attempt_000/truth.json"", ""artifacts/publication_campaign/tcc_calibration_confirmatory_v1/runs/PUB-02/near_limit_long/rep_0054/attempt_000/worker_metadata.json""]",0.47044871064209004,True,True
PUB-02__near_limit_long__rep_0055,PUB-02,near_limit_long,rep_0055,tcc_calibration_confirmatory_v1__PUB-02__near_limit_long__rep_0055,"{""generation"": 3339698571, ""inference"": 2714611851, ""predictive"": 2669736108, ""resampling"": 3452234288}",artifacts/publication_campaign/tcc_calibration_confirmatory_v1/runs/PUB-02/near_limit_long/rep_0055,COMPLETED,1,,artifacts/publication_campaign/tcc_calibration_confirmatory_v1/runs/PUB-02/near_limit_long/rep_0055/attempt_000,"[""artifacts/publication_campaign/tcc_calibration_confirmatory_v1/runs/PUB-02/near_limit_long/rep_0055/attempt_000/completion_manifest.json"", ""artifacts/publication_campaign/tcc_calibration_confirmatory_v1/runs/PUB-02/near_limit_long/rep_0055/attempt_000/environment_preflight.json"", ""artifacts/publication_campaign/tcc_calibration_confirmatory_v1/runs/PUB-02/near_limit_long/rep_0055/attempt_000/inference_command.json"", ""artifacts/publication_campaign/tcc_calibration_confirmatory_v1/runs/PUB-02/near_limit_long/rep_0055/attempt_000/inference_config.json"", ""artifacts/publication_campaign/tcc_calibration_confirmatory_v1/runs/PUB-02/near_limit_long/rep_0055/attempt_000/inference_started.json"", ""artifacts/publication_campaign/tcc_calibration_confirmatory_v1/runs/PUB-02/near_limit_long/rep_0055/attempt_000/input.csv"", ""artifacts/publication_campaign/tcc_calibration_confirmatory_v1/runs/PUB-02/near_limit_long/rep_0055/attempt_000/job.json"", ""artifacts/publication_campaign/tcc_calibration_confirmatory_v1/runs/PUB-02/near_limit_long/rep_0055/attempt_000/predictive_summary.csv"", ""artifacts/publication_campaign/tcc_calibration_confirmatory_v1/runs/PUB-02/near_limit_long/rep_0055/attempt_000/result.json"", ""artifacts/publication_campaign/tcc_calibration_confirmatory_v1/runs/PUB-02/near_limit_long/rep_0055/attempt_000/sampler_summary.csv"", ""artifacts/publication_campaign/tcc_calibration_confirmatory_v1/runs/PUB-02/near_limit_long/rep_0055/attempt_000/trace.nc"", ""artifacts/publication_campaign/tcc_calibration_confirmatory_v1/runs/PUB-02/near_limit_long/rep_0055/attempt_000/truth.json"", ""artifacts/publication_campaign/tcc_calibration_confirmatory_v1/runs/PUB-02/near_limit_long/rep_0055/attempt_000/worker_metadata.json""]",0.47044871064209004,True,True
PUB-02__near_limit_long__rep_0056,PUB-02,near_limit_long,rep_0056,tcc_calibration_confirmatory_v1__PUB-02__near_limit_long__rep_0056,"{""generation"": 3076006715, ""inference"": 1397888529, ""predictive"": 1743084920, ""resampling"": 2900882518}",artifacts/publication_campaign/tcc_calibration_confirmatory_v1/runs/PUB-02/near_limit_long/rep_0056,COMPLETED,1,,artifacts/publication_campaign/tcc_calibration_confirmatory_v1/runs/PUB-02/near_limit_long/rep_0056/attempt_000,"[""artifacts/publication_campaign/tcc_calibration_confirmatory_v1/runs/PUB-02/near_limit_long/rep_0056/attempt_000/completion_manifest.json"", ""artifacts/publication_campaign/tcc_calibration_confirmatory_v1/runs/PUB-02/near_limit_long/rep_0056/attempt_000/environment_preflight.json"", ""artifacts/publication_campaign/tcc_calibration_confirmatory_v1/runs/PUB-02/near_limit_long/rep_0056/attempt_000/inference_command.json"", ""artifacts/publication_campaign/tcc_calibration_confirmatory_v1/runs/PUB-02/near_limit_long/rep_0056/attempt_000/inference_config.json"", ""artifacts/publication_campaign/tcc_calibration_confirmatory_v1/runs/PUB-02/near_limit_long/rep_0056/attempt_000/inference_started.json"", ""artifacts/publication_campaign/tcc_calibration_confirmatory_v1/runs/PUB-02/near_limit_long/rep_0056/attempt_000/input.csv"", ""artifacts/publication_campaign/tcc_calibration_confirmatory_v1/runs/PUB-02/near_limit_long/rep_0056/attempt_000/job.json"", ""artifacts/publication_campaign/tcc_calibration_confirmatory_v1/runs/PUB-02/near_limit_long/rep_0056/attempt_000/predictive_summary.csv"", ""artifacts/publication_campaign/tcc_calibration_confirmatory_v1/runs/PUB-02/near_limit_long/rep_0056/attempt_000/result.json"", ""artifacts/publication_campaign/tcc_calibration_confirmatory_v1/runs/PUB-02/near_limit_long/rep_0056/attempt_000/sampler_summary.csv"", ""artifacts/publication_campaign/tcc_calibration_confirmatory_v1/runs/PUB-02/near_limit_long/rep_0056/attempt_000/trace.nc"", ""artifacts/publication_campaign/tcc_calibration_confirmatory_v1/runs/PUB-02/near_limit_long/rep_0056/attempt_000/truth.json"", ""artifacts/publication_campaign/tcc_calibration_confirmatory_v1/runs/PUB-02/near_limit_long/rep_0056/attempt_000/worker_metadata.json""]",0.47044871064209004,True,True
PUB-02__near_limit_long__rep_0057,PUB-02,near_limit_long,rep_0057,tcc_calibration_confirmatory_v1__PUB-02__near_limit_long__rep_0057,"{""generation"": 392867429, ""inference"": 4241515382, ""predictive"": 4282826708, ""resampling"": 90127593}",artifacts/publication_campaign/tcc_calibration_confirmatory_v1/runs/PUB-02/near_limit_long/rep_0057,COMPLETED,1,,artifacts/publication_campaign/tcc_calibration_confirmatory_v1/runs/PUB-02/near_limit_long/rep_0057/attempt_000,"[""artifacts/publication_campaign/tcc_calibration_confirmatory_v1/runs/PUB-02/near_limit_long/rep_0057/attempt_000/completion_manifest.json"", ""artifacts/publication_campaign/tcc_calibration_confirmatory_v1/runs/PUB-02/near_limit_long/rep_0057/attempt_000/environment_preflight.json"", ""artifacts/publication_campaign/tcc_calibration_confirmatory_v1/runs/PUB-02/near_limit_long/rep_0057/attempt_000/inference_command.json"", ""artifacts/publication_campaign/tcc_calibration_confirmatory_v1/runs/PUB-02/near_limit_long/rep_0057/attempt_000/inference_config.json"", ""artifacts/publication_campaign/tcc_calibration_confirmatory_v1/runs/PUB-02/near_limit_long/rep_0057/attempt_000/inference_started.json"", ""artifacts/publication_campaign/tcc_calibration_confirmatory_v1/runs/PUB-02/near_limit_long/rep_0057/attempt_000/input.csv"", ""artifacts/publication_campaign/tcc_calibration_confirmatory_v1/runs/PUB-02/near_limit_long/rep_0057/attempt_000/job.json"", ""artifacts/publication_campaign/tcc_calibration_confirmatory_v1/runs/PUB-02/near_limit_long/rep_0057/attempt_000/predictive_summary.csv"", ""artifacts/publication_campaign/tcc_calibration_confirmatory_v1/runs/PUB-02/near_limit_long/rep_0057/attempt_000/result.json"", ""artifacts/publication_campaign/tcc_calibration_confirmatory_v1/runs/PUB-02/near_limit_long/rep_0057/attempt_000/sampler_summary.csv"", ""artifacts/publication_campaign/tcc_calibration_confirmatory_v1/runs/PUB-02/near_limit_long/rep_0057/attempt_000/trace.nc"", ""artifacts/publication_campaign/tcc_calibration_confirmatory_v1/runs/PUB-02/near_limit_long/rep_0057/attempt_000/truth.json"", ""artifacts/publication_campaign/tcc_calibration_confirmatory_v1/runs/PUB-02/near_limit_long/rep_0057/attempt_000/worker_metadata.json""]",0.47044871064209004,True,True
PUB-02__near_limit_long__rep_0058,PUB-02,near_limit_long,rep_0058,tcc_calibration_confirmatory_v1__PUB-02__near_limit_long__rep_0058,"{""generation"": 3951434768, ""inference"": 207796729, ""predictive"": 1537377095, ""resampling"": 1674894800}",artifacts/publication_campaign/tcc_calibration_confirmatory_v1/runs/PUB-02/near_limit_long/rep_0058,COMPLETED,1,,artifacts/publication_campaign/tcc_calibration_confirmatory_v1/runs/PUB-02/near_limit_long/rep_0058/attempt_000,"[""artifacts/publication_campaign/tcc_calibration_confirmatory_v1/runs/PUB-02/near_limit_long/rep_0058/attempt_000/completion_manifest.json"", ""artifacts/publication_campaign/tcc_calibration_confirmatory_v1/runs/PUB-02/near_limit_long/rep_0058/attempt_000/environment_preflight.json"", ""artifacts/publication_campaign/tcc_calibration_confirmatory_v1/runs/PUB-02/near_limit_long/rep_0058/attempt_000/inference_command.json"", ""artifacts/publication_campaign/tcc_calibration_confirmatory_v1/runs/PUB-02/near_limit_long/rep_0058/attempt_000/inference_config.json"", ""artifacts/publication_campaign/tcc_calibration_confirmatory_v1/runs/PUB-02/near_limit_long/rep_0058/attempt_000/inference_started.json"", ""artifacts/publication_campaign/tcc_calibration_confirmatory_v1/runs/PUB-02/near_limit_long/rep_0058/attempt_000/input.csv"", ""artifacts/publication_campaign/tcc_calibration_confirmatory_v1/runs/PUB-02/near_limit_long/rep_0058/attempt_000/job.json"", ""artifacts/publication_campaign/tcc_calibration_confirmatory_v1/runs/PUB-02/near_limit_long/rep_0058/attempt_000/predictive_summary.csv"", ""artifacts/publication_campaign/tcc_calibration_confirmatory_v1/runs/PUB-02/near_limit_long/rep_0058/attempt_000/result.json"", ""artifacts/publication_campaign/tcc_calibration_confirmatory_v1/runs/PUB-02/near_limit_long/rep_0058/attempt_000/sampler_summary.csv"", ""artifacts/publication_campaign/tcc_calibration_confirmatory_v1/runs/PUB-02/near_limit_long/rep_0058/attempt_000/trace.nc"", ""artifacts/publication_campaign/tcc_calibration_confirmatory_v1/runs/PUB-02/near_limit_long/rep_0058/attempt_000/truth.json"", ""artifacts/publication_campaign/tcc_calibration_confirmatory_v1/runs/PUB-02/near_limit_long/rep_0058/attempt_000/worker_metadata.json""]",0.47044871064209004,True,True
PUB-02__near_limit_long__rep_0059,PUB-02,near_limit_long,rep_0059,tcc_calibration_confirmatory_v1__PUB-02__near_limit_long__rep_0059,"{""generation"": 2090722483, ""inference"": 2526213569, ""predictive"": 1556741397, ""resampling"": 662379123}",artifacts/publication_campaign/tcc_calibration_confirmatory_v1/runs/PUB-02/near_limit_long/rep_0059,COMPLETED,1,,artifacts/publication_campaign/tcc_calibration_confirmatory_v1/runs/PUB-02/near_limit_long/rep_0059/attempt_000,"[""artifacts/publication_campaign/tcc_calibration_confirmatory_v1/runs/PUB-02/near_limit_long/rep_0059/attempt_000/completion_manifest.json"", ""artifacts/publication_campaign/tcc_calibration_confirmatory_v1/runs/PUB-02/near_limit_long/rep_0059/attempt_000/environment_preflight.json"", ""artifacts/publication_campaign/tcc_calibration_confirmatory_v1/runs/PUB-02/near_limit_long/rep_0059/attempt_000/inference_command.json"", ""artifacts/publication_campaign/tcc_calibration_confirmatory_v1/runs/PUB-02/near_limit_long/rep_0059/attempt_000/inference_config.json"", ""artifacts/publication_campaign/tcc_calibration_confirmatory_v1/runs/PUB-02/near_limit_long/rep_0059/attempt_000/inference_started.json"", ""artifacts/publication_campaign/tcc_calibration_confirmatory_v1/runs/PUB-02/near_limit_long/rep_0059/attempt_000/input.csv"", ""artifacts/publication_campaign/tcc_calibration_confirmatory_v1/runs/PUB-02/near_limit_long/rep_0059/attempt_000/job.json"", ""artifacts/publication_campaign/tcc_calibration_confirmatory_v1/runs/PUB-02/near_limit_long/rep_0059/attempt_000/predictive_summary.csv"", ""artifacts/publication_campaign/tcc_calibration_confirmatory_v1/runs/PUB-02/near_limit_long/rep_0059/attempt_000/result.json"", ""artifacts/publication_campaign/tcc_calibration_confirmatory_v1/runs/PUB-02/near_limit_long/rep_0059/attempt_000/sampler_summary.csv"", ""artifacts/publication_campaign/tcc_calibration_confirmatory_v1/runs/PUB-02/near_limit_long/rep_0059/attempt_000/trace.nc"", ""artifacts/publication_campaign/tcc_calibration_confirmatory_v1/runs/PUB-02/near_limit_long/rep_0059/attempt_000/truth.json"", ""artifacts/publication_campaign/tcc_calibration_confirmatory_v1/runs/PUB-02/near_limit_long/rep_0059/attempt_000/worker_metadata.json""]",0.47044871064209004,True,True
PUB-02__near_limit_long__rep_0060,PUB-02,near_limit_long,rep_0060,tcc_calibration_confirmatory_v1__PUB-02__near_limit_long__rep_0060,"{""generation"": 744852850, ""inference"": 835847135, ""predictive"": 3369800891, ""resampling"": 2015133204}",artifacts/publication_campaign/tcc_calibration_confirmatory_v1/runs/PUB-02/near_limit_long/rep_0060,COMPLETED,1,,artifacts/publication_campaign/tcc_calibration_confirmatory_v1/runs/PUB-02/near_limit_long/rep_0060/attempt_000,"[""artifacts/publication_campaign/tcc_calibration_confirmatory_v1/runs/PUB-02/near_limit_long/rep_0060/attempt_000/completion_manifest.json"", ""artifacts/publication_campaign/tcc_calibration_confirmatory_v1/runs/PUB-02/near_limit_long/rep_0060/attempt_000/environment_preflight.json"", ""artifacts/publication_campaign/tcc_calibration_confirmatory_v1/runs/PUB-02/near_limit_long/rep_0060/attempt_000/inference_command.json"", ""artifacts/publication_campaign/tcc_calibration_confirmatory_v1/runs/PUB-02/near_limit_long/rep_0060/attempt_000/inference_config.json"", ""artifacts/publication_campaign/tcc_calibration_confirmatory_v1/runs/PUB-02/near_limit_long/rep_0060/attempt_000/inference_started.json"", ""artifacts/publication_campaign/tcc_calibration_confirmatory_v1/runs/PUB-02/near_limit_long/rep_0060/attempt_000/input.csv"", ""artifacts/publication_campaign/tcc_calibration_confirmatory_v1/runs/PUB-02/near_limit_long/rep_0060/attempt_000/job.json"", ""artifacts/publication_campaign/tcc_calibration_confirmatory_v1/runs/PUB-02/near_limit_long/rep_0060/attempt_000/predictive_summary.csv"", ""artifacts/publication_campaign/tcc_calibration_confirmatory_v1/runs/PUB-02/near_limit_long/rep_0060/attempt_000/result.json"", ""artifacts/publication_campaign/tcc_calibration_confirmatory_v1/runs/PUB-02/near_limit_long/rep_0060/attempt_000/sampler_summary.csv"", ""artifacts/publication_campaign/tcc_calibration_confirmatory_v1/runs/PUB-02/near_limit_long/rep_0060/attempt_000/trace.nc"", ""artifacts/publication_campaign/tcc_calibration_confirmatory_v1/runs/PUB-02/near_limit_long/rep_0060/attempt_000/truth.json"", ""artifacts/publication_campaign/tcc_calibration_confirmatory_v1/runs/PUB-02/near_limit_long/rep_0060/attempt_000/worker_metadata.json""]",0.47044871064209004,True,True
PUB-02__near_limit_long__rep_0061,PUB-02,near_limit_long,rep_0061,tcc_calibration_confirmatory_v1__PUB-02__near_limit_long__rep_0061,"{""generation"": 2808163483, ""inference"": 4129775071, ""predictive"": 1123738302, ""resampling"": 3700696047}",artifacts/publication_campaign/tcc_calibration_confirmatory_v1/runs/PUB-02/near_limit_long/rep_0061,COMPLETED,1,,artifacts/publication_campaign/tcc_calibration_confirmatory_v1/runs/PUB-02/near_limit_long/rep_0061/attempt_000,"[""artifacts/publication_campaign/tcc_calibration_confirmatory_v1/runs/PUB-02/near_limit_long/rep_0061/attempt_000/completion_manifest.json"", ""artifacts/publication_campaign/tcc_calibration_confirmatory_v1/runs/PUB-02/near_limit_long/rep_0061/attempt_000/environment_preflight.json"", ""artifacts/publication_campaign/tcc_calibration_confirmatory_v1/runs/PUB-02/near_limit_long/rep_0061/attempt_000/inference_command.json"", ""artifacts/publication_campaign/tcc_calibration_confirmatory_v1/runs/PUB-02/near_limit_long/rep_0061/attempt_000/inference_config.json"", ""artifacts/publication_campaign/tcc_calibration_confirmatory_v1/runs/PUB-02/near_limit_long/rep_0061/attempt_000/inference_started.json"", ""artifacts/publication_campaign/tcc_calibration_confirmatory_v1/runs/PUB-02/near_limit_long/rep_0061/attempt_000/input.csv"", ""artifacts/publication_campaign/tcc_calibration_confirmatory_v1/runs/PUB-02/near_limit_long/rep_0061/attempt_000/job.json"", ""artifacts/publication_campaign/tcc_calibration_confirmatory_v1/runs/PUB-02/near_limit_long/rep_0061/attempt_000/predictive_summary.csv"", ""artifacts/publication_campaign/tcc_calibration_confirmatory_v1/runs/PUB-02/near_limit_long/rep_0061/attempt_000/result.json"", ""artifacts/publication_campaign/tcc_calibration_confirmatory_v1/runs/PUB-02/near_limit_long/rep_0061/attempt_000/sampler_summary.csv"", ""artifacts/publication_campaign/tcc_calibration_confirmatory_v1/runs/PUB-02/near_limit_long/rep_0061/attempt_000/trace.nc"", ""artifacts/publication_campaign/tcc_calibration_confirmatory_v1/runs/PUB-02/near_limit_long/rep_0061/attempt_000/truth.json"", ""artifacts/publication_campaign/tcc_calibration_confirmatory_v1/runs/PUB-02/near_limit_long/rep_0061/attempt_000/worker_metadata.json""]",0.47044871064209004,True,True
PUB-02__near_limit_long__rep_0062,PUB-02,near_limit_long,rep_0062,tcc_calibration_confirmatory_v1__PUB-02__near_limit_long__rep_0062,"{""generation"": 1544498381, ""inference"": 277911254, ""predictive"": 2887634937, ""resampling"": 1628038940}",artifacts/publication_campaign/tcc_calibration_confirmatory_v1/runs/PUB-02/near_limit_long/rep_0062,COMPLETED,1,,artifacts/publication_campaign/tcc_calibration_confirmatory_v1/runs/PUB-02/near_limit_long/rep_0062/attempt_000,"[""artifacts/publication_campaign/tcc_calibration_confirmatory_v1/runs/PUB-02/near_limit_long/rep_0062/attempt_000/completion_manifest.json"", ""artifacts/publication_campaign/tcc_calibration_confirmatory_v1/runs/PUB-02/near_limit_long/rep_0062/attempt_000/environment_preflight.json"", ""artifacts/publication_campaign/tcc_calibration_confirmatory_v1/runs/PUB-02/near_limit_long/rep_0062/attempt_000/inference_command.json"", ""artifacts/publication_campaign/tcc_calibration_confirmatory_v1/runs/PUB-02/near_limit_long/rep_0062/attempt_000/inference_config.json"", ""artifacts/publication_campaign/tcc_calibration_confirmatory_v1/runs/PUB-02/near_limit_long/rep_0062/attempt_000/inference_started.json"", ""artifacts/publication_campaign/tcc_calibration_confirmatory_v1/runs/PUB-02/near_limit_long/rep_0062/attempt_000/input.csv"", ""artifacts/publication_campaign/tcc_calibration_confirmatory_v1/runs/PUB-02/near_limit_long/rep_0062/attempt_000/job.json"", ""artifacts/publication_campaign/tcc_calibration_confirmatory_v1/runs/PUB-02/near_limit_long/rep_0062/attempt_000/predictive_summary.csv"", ""artifacts/publication_campaign/tcc_calibration_confirmatory_v1/runs/PUB-02/near_limit_long/rep_0062/attempt_000/result.json"", ""artifacts/publication_campaign/tcc_calibration_confirmatory_v1/runs/PUB-02/near_limit_long/rep_0062/attempt_000/sampler_summary.csv"", ""artifacts/publication_campaign/tcc_calibration_confirmatory_v1/runs/PUB-02/near_limit_long/rep_0062/attempt_000/trace.nc"", ""artifacts/publication_campaign/tcc_calibration_confirmatory_v1/runs/PUB-02/near_limit_long/rep_0062/attempt_000/truth.json"", ""artifacts/publication_campaign/tcc_calibration_confirmatory_v1/runs/PUB-02/near_limit_long/rep_0062/attempt_000/worker_metadata.json""]",0.47044871064209004,True,True
PUB-02__near_limit_long__rep_0063,PUB-02,near_limit_long,rep_0063,tcc_calibration_confirmatory_v1__PUB-02__near_limit_long__rep_0063,"{""generation"": 2928424644, ""inference"": 3839683498, ""predictive"": 1037751194, ""resampling"": 3769754841}",artifacts/publication_campaign/tcc_calibration_confirmatory_v1/runs/PUB-02/near_limit_long/rep_0063,COMPLETED,1,,artifacts/publication_campaign/tcc_calibration_confirmatory_v1/runs/PUB-02/near_limit_long/rep_0063/attempt_000,"[""artifacts/publication_campaign/tcc_calibration_confirmatory_v1/runs/PUB-02/near_limit_long/rep_0063/attempt_000/completion_manifest.json"", ""artifacts/publication_campaign/tcc_calibration_confirmatory_v1/runs/PUB-02/near_limit_long/rep_0063/attempt_000/environment_preflight.json"", ""artifacts/publication_campaign/tcc_calibration_confirmatory_v1/runs/PUB-02/near_limit_long/rep_0063/attempt_000/inference_command.json"", ""artifacts/publication_campaign/tcc_calibration_confirmatory_v1/runs/PUB-02/near_limit_long/rep_0063/attempt_000/inference_config.json"", ""artifacts/publication_campaign/tcc_calibration_confirmatory_v1/runs/PUB-02/near_limit_long/rep_0063/attempt_000/inference_started.json"", ""artifacts/publication_campaign/tcc_calibration_confirmatory_v1/runs/PUB-02/near_limit_long/rep_0063/attempt_000/input.csv"", ""artifacts/publication_campaign/tcc_calibration_confirmatory_v1/runs/PUB-02/near_limit_long/rep_0063/attempt_000/job.json"", ""artifacts/publication_campaign/tcc_calibration_confirmatory_v1/runs/PUB-02/near_limit_long/rep_0063/attempt_000/predictive_summary.csv"", ""artifacts/publication_campaign/tcc_calibration_confirmatory_v1/runs/PUB-02/near_limit_long/rep_0063/attempt_000/result.json"", ""artifacts/publication_campaign/tcc_calibration_confirmatory_v1/runs/PUB-02/near_limit_long/rep_0063/attempt_000/sampler_summary.csv"", ""artifacts/publication_campaign/tcc_calibration_confirmatory_v1/runs/PUB-02/near_limit_long/rep_0063/attempt_000/trace.nc"", ""artifacts/publication_campaign/tcc_calibration_confirmatory_v1/runs/PUB-02/near_limit_long/rep_0063/attempt_000/truth.json"", ""artifacts/publication_campaign/tcc_calibration_confirmatory_v1/runs/PUB-02/near_limit_long/rep_0063/attempt_000/worker_metadata.json""]",0.47044871064209004,True,True
PUB-02__near_limit_long__rep_0064,PUB-02,near_limit_long,rep_0064,tcc_calibration_confirmatory_v1__PUB-02__near_limit_long__rep_0064,"{""generation"": 130656406, ""inference"": 3325053146, ""predictive"": 880850485, ""resampling"": 183430637}",artifacts/publication_campaign/tcc_calibration_confirmatory_v1/runs/PUB-02/near_limit_long/rep_0064,COMPLETED,1,,artifacts/publication_campaign/tcc_calibration_confirmatory_v1/runs/PUB-02/near_limit_long/rep_0064/attempt_000,"[""artifacts/publication_campaign/tcc_calibration_confirmatory_v1/runs/PUB-02/near_limit_long/rep_0064/attempt_000/completion_manifest.json"", ""artifacts/publication_campaign/tcc_calibration_confirmatory_v1/runs/PUB-02/near_limit_long/rep_0064/attempt_000/environment_preflight.json"", ""artifacts/publication_campaign/tcc_calibration_confirmatory_v1/runs/PUB-02/near_limit_long/rep_0064/attempt_000/inference_command.json"", ""artifacts/publication_campaign/tcc_calibration_confirmatory_v1/runs/PUB-02/near_limit_long/rep_0064/attempt_000/inference_config.json"", ""artifacts/publication_campaign/tcc_calibration_confirmatory_v1/runs/PUB-02/near_limit_long/rep_0064/attempt_000/inference_started.json"", ""artifacts/publication_campaign/tcc_calibration_confirmatory_v1/runs/PUB-02/near_limit_long/rep_0064/attempt_000/input.csv"", ""artifacts/publication_campaign/tcc_calibration_confirmatory_v1/runs/PUB-02/near_limit_long/rep_0064/attempt_000/job.json"", ""artifacts/publication_campaign/tcc_calibration_confirmatory_v1/runs/PUB-02/near_limit_long/rep_0064/attempt_000/predictive_summary.csv"", ""artifacts/publication_campaign/tcc_calibration_confirmatory_v1/runs/PUB-02/near_limit_long/rep_0064/attempt_000/result.json"", ""artifacts/publication_campaign/tcc_calibration_confirmatory_v1/runs/PUB-02/near_limit_long/rep_0064/attempt_000/sampler_summary.csv"", ""artifacts/publication_campaign/tcc_calibration_confirmatory_v1/runs/PUB-02/near_limit_long/rep_0064/attempt_000/trace.nc"", ""artifacts/publication_campaign/tcc_calibration_confirmatory_v1/runs/PUB-02/near_limit_long/rep_0064/attempt_000/truth.json"", ""artifacts/publication_campaign/tcc_calibration_confirmatory_v1/runs/PUB-02/near_limit_long/rep_0064/attempt_000/worker_metadata.json""]",0.47044871064209004,True,True
PUB-02__near_limit_long__rep_0065,PUB-02,near_limit_long,rep_0065,tcc_calibration_confirmatory_v1__PUB-02__near_limit_long__rep_0065,"{""generation"": 1177122726, ""inference"": 1922494849, ""predictive"": 928517992, ""resampling"": 826158629}",artifacts/publication_campaign/tcc_calibration_confirmatory_v1/runs/PUB-02/near_limit_long/rep_0065,COMPLETED_REJECTED,1,,artifacts/publication_campaign/tcc_calibration_confirmatory_v1/runs/PUB-02/near_limit_long/rep_0065/attempt_000,"[""artifacts/publication_campaign/tcc_calibration_confirmatory_v1/runs/PUB-02/near_limit_long/rep_0065/attempt_000/completion_manifest.json"", ""artifacts/publication_campaign/tcc_calibration_confirmatory_v1/runs/PUB-02/near_limit_long/rep_0065/attempt_000/environment_preflight.json"", ""artifacts/publication_campaign/tcc_calibration_confirmatory_v1/runs/PUB-02/near_limit_long/rep_0065/attempt_000/inference_command.json"", ""artifacts/publication_campaign/tcc_calibration_confirmatory_v1/runs/PUB-02/near_limit_long/rep_0065/attempt_000/inference_config.json"", ""artifacts/publication_campaign/tcc_calibration_confirmatory_v1/runs/PUB-02/near_limit_long/rep_0065/attempt_000/inference_started.json"", ""artifacts/publication_campaign/tcc_calibration_confirmatory_v1/runs/PUB-02/near_limit_long/rep_0065/attempt_000/input.csv"", ""artifacts/publication_campaign/tcc_calibration_confirmatory_v1/runs/PUB-02/near_limit_long/rep_0065/attempt_000/job.json"", ""artifacts/publication_campaign/tcc_calibration_confirmatory_v1/runs/PUB-02/near_limit_long/rep_0065/attempt_000/predictive_summary.csv"", ""artifacts/publication_campaign/tcc_calibration_confirmatory_v1/runs/PUB-02/near_limit_long/rep_0065/attempt_000/result.json"", ""artifacts/publication_campaign/tcc_calibration_confirmatory_v1/runs/PUB-02/near_limit_long/rep_0065/attempt_000/sampler_summary.csv"", ""artifacts/publication_campaign/tcc_calibration_confirmatory_v1/runs/PUB-02/near_limit_long/rep_0065/attempt_000/trace.nc"", ""artifacts/publication_campaign/tcc_calibration_confirmatory_v1/runs/PUB-02/near_limit_long/rep_0065/attempt_000/truth.json"", ""artifacts/publication_campaign/tcc_calibration_confirmatory_v1/runs/PUB-02/near_limit_long/rep_0065/attempt_000/worker_metadata.json""]",0.47044871064209004,False,False
PUB-02__near_limit_long__rep_0066,PUB-02,near_limit_long,rep_0066,tcc_calibration_confirmatory_v1__PUB-02__near_limit_long__rep_0066,"{""generation"": 1456410243, ""inference"": 2210362213, ""predictive"": 981244206, ""resampling"": 1922500832}",artifacts/publication_campaign/tcc_calibration_confirmatory_v1/runs/PUB-02/near_limit_long/rep_0066,COMPLETED_REJECTED,1,,artifacts/publication_campaign/tcc_calibration_confirmatory_v1/runs/PUB-02/near_limit_long/rep_0066/attempt_000,"[""artifacts/publication_campaign/tcc_calibration_confirmatory_v1/runs/PUB-02/near_limit_long/rep_0066/attempt_000/completion_manifest.json"", ""artifacts/publication_campaign/tcc_calibration_confirmatory_v1/runs/PUB-02/near_limit_long/rep_0066/attempt_000/environment_preflight.json"", ""artifacts/publication_campaign/tcc_calibration_confirmatory_v1/runs/PUB-02/near_limit_long/rep_0066/attempt_000/inference_command.json"", ""artifacts/publication_campaign/tcc_calibration_confirmatory_v1/runs/PUB-02/near_limit_long/rep_0066/attempt_000/inference_config.json"", ""artifacts/publication_campaign/tcc_calibration_confirmatory_v1/runs/PUB-02/near_limit_long/rep_0066/attempt_000/inference_started.json"", ""artifacts/publication_campaign/tcc_calibration_confirmatory_v1/runs/PUB-02/near_limit_long/rep_0066/attempt_000/input.csv"", ""artifacts/publication_campaign/tcc_calibration_confirmatory_v1/runs/PUB-02/near_limit_long/rep_0066/attempt_000/job.json"", ""artifacts/publication_campaign/tcc_calibration_confirmatory_v1/runs/PUB-02/near_limit_long/rep_0066/attempt_000/predictive_summary.csv"", ""artifacts/publication_campaign/tcc_calibration_confirmatory_v1/runs/PUB-02/near_limit_long/rep_0066/attempt_000/result.json"", ""artifacts/publication_campaign/tcc_calibration_confirmatory_v1/runs/PUB-02/near_limit_long/rep_0066/attempt_000/sampler_summary.csv"", ""artifacts/publication_campaign/tcc_calibration_confirmatory_v1/runs/PUB-02/near_limit_long/rep_0066/attempt_000/trace.nc"", ""artifacts/publication_campaign/tcc_calibration_confirmatory_v1/runs/PUB-02/near_limit_long/rep_0066/attempt_000/truth.json"", ""artifacts/publication_campaign/tcc_calibration_confirmatory_v1/runs/PUB-02/near_limit_long/rep_0066/attempt_000/worker_metadata.json""]",0.47044871064209004,False,False
PUB-02__near_limit_long__rep_0067,PUB-02,near_limit_long,rep_0067,tcc_calibration_confirmatory_v1__PUB-02__near_limit_long__rep_0067,"{""generation"": 3849218070, ""inference"": 135333708, ""predictive"": 3453120799, ""resampling"": 3436080019}",artifacts/publication_campaign/tcc_calibration_confirmatory_v1/runs/PUB-02/near_limit_long/rep_0067,COMPLETED,1,,artifacts/publication_campaign/tcc_calibration_confirmatory_v1/runs/PUB-02/near_limit_long/rep_0067/attempt_000,"[""artifacts/publication_campaign/tcc_calibration_confirmatory_v1/runs/PUB-02/near_limit_long/rep_0067/attempt_000/completion_manifest.json"", ""artifacts/publication_campaign/tcc_calibration_confirmatory_v1/runs/PUB-02/near_limit_long/rep_0067/attempt_000/environment_preflight.json"", ""artifacts/publication_campaign/tcc_calibration_confirmatory_v1/runs/PUB-02/near_limit_long/rep_0067/attempt_000/inference_command.json"", ""artifacts/publication_campaign/tcc_calibration_confirmatory_v1/runs/PUB-02/near_limit_long/rep_0067/attempt_000/inference_config.json"", ""artifacts/publication_campaign/tcc_calibration_confirmatory_v1/runs/PUB-02/near_limit_long/rep_0067/attempt_000/inference_started.json"", ""artifacts/publication_campaign/tcc_calibration_confirmatory_v1/runs/PUB-02/near_limit_long/rep_0067/attempt_000/input.csv"", ""artifacts/publication_campaign/tcc_calibration_confirmatory_v1/runs/PUB-02/near_limit_long/rep_0067/attempt_000/job.json"", ""artifacts/publication_campaign/tcc_calibration_confirmatory_v1/runs/PUB-02/near_limit_long/rep_0067/attempt_000/predictive_summary.csv"", ""artifacts/publication_campaign/tcc_calibration_confirmatory_v1/runs/PUB-02/near_limit_long/rep_0067/attempt_000/result.json"", ""artifacts/publication_campaign/tcc_calibration_confirmatory_v1/runs/PUB-02/near_limit_long/rep_0067/attempt_000/sampler_summary.csv"", ""artifacts/publication_campaign/tcc_calibration_confirmatory_v1/runs/PUB-02/near_limit_long/rep_0067/attempt_000/trace.nc"", ""artifacts/publication_campaign/tcc_calibration_confirmatory_v1/runs/PUB-02/near_limit_long/rep_0067/attempt_000/truth.json"", ""artifacts/publication_campaign/tcc_calibration_confirmatory_v1/runs/PUB-02/near_limit_long/rep_0067/attempt_000/worker_metadata.json""]",0.47044871064209004,True,True
PUB-02__near_limit_long__rep_0068,PUB-02,near_limit_long,rep_0068,tcc_calibration_confirmatory_v1__PUB-02__near_limit_long__rep_0068,"{""generation"": 412367102, ""inference"": 3710493146, ""predictive"": 1387527639, ""resampling"": 1257934473}",artifacts/publication_campaign/tcc_calibration_confirmatory_v1/runs/PUB-02/near_limit_long/rep_0068,COMPLETED,1,,artifacts/publication_campaign/tcc_calibration_confirmatory_v1/runs/PUB-02/near_limit_long/rep_0068/attempt_000,"[""artifacts/publication_campaign/tcc_calibration_confirmatory_v1/runs/PUB-02/near_limit_long/rep_0068/attempt_000/completion_manifest.json"", ""artifacts/publication_campaign/tcc_calibration_confirmatory_v1/runs/PUB-02/near_limit_long/rep_0068/attempt_000/environment_preflight.json"", ""artifacts/publication_campaign/tcc_calibration_confirmatory_v1/runs/PUB-02/near_limit_long/rep_0068/attempt_000/inference_command.json"", ""artifacts/publication_campaign/tcc_calibration_confirmatory_v1/runs/PUB-02/near_limit_long/rep_0068/attempt_000/inference_config.json"", ""artifacts/publication_campaign/tcc_calibration_confirmatory_v1/runs/PUB-02/near_limit_long/rep_0068/attempt_000/inference_started.json"", ""artifacts/publication_campaign/tcc_calibration_confirmatory_v1/runs/PUB-02/near_limit_long/rep_0068/attempt_000/input.csv"", ""artifacts/publication_campaign/tcc_calibration_confirmatory_v1/runs/PUB-02/near_limit_long/rep_0068/attempt_000/job.json"", ""artifacts/publication_campaign/tcc_calibration_confirmatory_v1/runs/PUB-02/near_limit_long/rep_0068/attempt_000/predictive_summary.csv"", ""artifacts/publication_campaign/tcc_calibration_confirmatory_v1/runs/PUB-02/near_limit_long/rep_0068/attempt_000/result.json"", ""artifacts/publication_campaign/tcc_calibration_confirmatory_v1/runs/PUB-02/near_limit_long/rep_0068/attempt_000/sampler_summary.csv"", ""artifacts/publication_campaign/tcc_calibration_confirmatory_v1/runs/PUB-02/near_limit_long/rep_0068/attempt_000/trace.nc"", ""artifacts/publication_campaign/tcc_calibration_confirmatory_v1/runs/PUB-02/near_limit_long/rep_0068/attempt_000/truth.json"", ""artifacts/publication_campaign/tcc_calibration_confirmatory_v1/runs/PUB-02/near_limit_long/rep_0068/attempt_000/worker_metadata.json""]",0.47044871064209004,True,True
PUB-02__near_limit_long__rep_0069,PUB-02,near_limit_long,rep_0069,tcc_calibration_confirmatory_v1__PUB-02__near_limit_long__rep_0069,"{""generation"": 1098289993, ""inference"": 1990548184, ""predictive"": 2482655404, ""resampling"": 1055448055}",artifacts/publication_campaign/tcc_calibration_confirmatory_v1/runs/PUB-02/near_limit_long/rep_0069,COMPLETED,1,,artifacts/publication_campaign/tcc_calibration_confirmatory_v1/runs/PUB-02/near_limit_long/rep_0069/attempt_000,"[""artifacts/publication_campaign/tcc_calibration_confirmatory_v1/runs/PUB-02/near_limit_long/rep_0069/attempt_000/completion_manifest.json"", ""artifacts/publication_campaign/tcc_calibration_confirmatory_v1/runs/PUB-02/near_limit_long/rep_0069/attempt_000/environment_preflight.json"", ""artifacts/publication_campaign/tcc_calibration_confirmatory_v1/runs/PUB-02/near_limit_long/rep_0069/attempt_000/inference_command.json"", ""artifacts/publication_campaign/tcc_calibration_confirmatory_v1/runs/PUB-02/near_limit_long/rep_0069/attempt_000/inference_config.json"", ""artifacts/publication_campaign/tcc_calibration_confirmatory_v1/runs/PUB-02/near_limit_long/rep_0069/attempt_000/inference_started.json"", ""artifacts/publication_campaign/tcc_calibration_confirmatory_v1/runs/PUB-02/near_limit_long/rep_0069/attempt_000/input.csv"", ""artifacts/publication_campaign/tcc_calibration_confirmatory_v1/runs/PUB-02/near_limit_long/rep_0069/attempt_000/job.json"", ""artifacts/publication_campaign/tcc_calibration_confirmatory_v1/runs/PUB-02/near_limit_long/rep_0069/attempt_000/predictive_summary.csv"", ""artifacts/publication_campaign/tcc_calibration_confirmatory_v1/runs/PUB-02/near_limit_long/rep_0069/attempt_000/result.json"", ""artifacts/publication_campaign/tcc_calibration_confirmatory_v1/runs/PUB-02/near_limit_long/rep_0069/attempt_000/sampler_summary.csv"", ""artifacts/publication_campaign/tcc_calibration_confirmatory_v1/runs/PUB-02/near_limit_long/rep_0069/attempt_000/trace.nc"", ""artifacts/publication_campaign/tcc_calibration_confirmatory_v1/runs/PUB-02/near_limit_long/rep_0069/attempt_000/truth.json"", ""artifacts/publication_campaign/tcc_calibration_confirmatory_v1/runs/PUB-02/near_limit_long/rep_0069/attempt_000/worker_metadata.json""]",0.47044871064209004,True,True
PUB-02__near_limit_long__rep_0070,PUB-02,near_limit_long,rep_0070,tcc_calibration_confirmatory_v1__PUB-02__near_limit_long__rep_0070,"{""generation"": 4177694099, ""inference"": 2539343557, ""predictive"": 2870171023, ""resampling"": 495380051}",artifacts/publication_campaign/tcc_calibration_confirmatory_v1/runs/PUB-02/near_limit_long/rep_0070,COMPLETED,1,,artifacts/publication_campaign/tcc_calibration_confirmatory_v1/runs/PUB-02/near_limit_long/rep_0070/attempt_000,"[""artifacts/publication_campaign/tcc_calibration_confirmatory_v1/runs/PUB-02/near_limit_long/rep_0070/attempt_000/completion_manifest.json"", ""artifacts/publication_campaign/tcc_calibration_confirmatory_v1/runs/PUB-02/near_limit_long/rep_0070/attempt_000/environment_preflight.json"", ""artifacts/publication_campaign/tcc_calibration_confirmatory_v1/runs/PUB-02/near_limit_long/rep_0070/attempt_000/inference_command.json"", ""artifacts/publication_campaign/tcc_calibration_confirmatory_v1/runs/PUB-02/near_limit_long/rep_0070/attempt_000/inference_config.json"", ""artifacts/publication_campaign/tcc_calibration_confirmatory_v1/runs/PUB-02/near_limit_long/rep_0070/attempt_000/inference_started.json"", ""artifacts/publication_campaign/tcc_calibration_confirmatory_v1/runs/PUB-02/near_limit_long/rep_0070/attempt_000/input.csv"", ""artifacts/publication_campaign/tcc_calibration_confirmatory_v1/runs/PUB-02/near_limit_long/rep_0070/attempt_000/job.json"", ""artifacts/publication_campaign/tcc_calibration_confirmatory_v1/runs/PUB-02/near_limit_long/rep_0070/attempt_000/predictive_summary.csv"", ""artifacts/publication_campaign/tcc_calibration_confirmatory_v1/runs/PUB-02/near_limit_long/rep_0070/attempt_000/result.json"", ""artifacts/publication_campaign/tcc_calibration_confirmatory_v1/runs/PUB-02/near_limit_long/rep_0070/attempt_000/sampler_summary.csv"", ""artifacts/publication_campaign/tcc_calibration_confirmatory_v1/runs/PUB-02/near_limit_long/rep_0070/attempt_000/trace.nc"", ""artifacts/publication_campaign/tcc_calibration_confirmatory_v1/runs/PUB-02/near_limit_long/rep_0070/attempt_000/truth.json"", ""artifacts/publication_campaign/tcc_calibration_confirmatory_v1/runs/PUB-02/near_limit_long/rep_0070/attempt_000/worker_metadata.json""]",0.47044871064209004,True,True
PUB-02__near_limit_long__rep_0071,PUB-02,near_limit_long,rep_0071,tcc_calibration_confirmatory_v1__PUB-02__near_limit_long__rep_0071,"{""generation"": 229796216, ""inference"": 3886911104, ""predictive"": 1280090056, ""resampling"": 1646547939}",artifacts/publication_campaign/tcc_calibration_confirmatory_v1/runs/PUB-02/near_limit_long/rep_0071,COMPLETED,1,,artifacts/publication_campaign/tcc_calibration_confirmatory_v1/runs/PUB-02/near_limit_long/rep_0071/attempt_000,"[""artifacts/publication_campaign/tcc_calibration_confirmatory_v1/runs/PUB-02/near_limit_long/rep_0071/attempt_000/completion_manifest.json"", ""artifacts/publication_campaign/tcc_calibration_confirmatory_v1/runs/PUB-02/near_limit_long/rep_0071/attempt_000/environment_preflight.json"", ""artifacts/publication_campaign/tcc_calibration_confirmatory_v1/runs/PUB-02/near_limit_long/rep_0071/attempt_000/inference_command.json"", ""artifacts/publication_campaign/tcc_calibration_confirmatory_v1/runs/PUB-02/near_limit_long/rep_0071/attempt_000/inference_config.json"", ""artifacts/publication_campaign/tcc_calibration_confirmatory_v1/runs/PUB-02/near_limit_long/rep_0071/attempt_000/inference_started.json"", ""artifacts/publication_campaign/tcc_calibration_confirmatory_v1/runs/PUB-02/near_limit_long/rep_0071/attempt_000/input.csv"", ""artifacts/publication_campaign/tcc_calibration_confirmatory_v1/runs/PUB-02/near_limit_long/rep_0071/attempt_000/job.json"", ""artifacts/publication_campaign/tcc_calibration_confirmatory_v1/runs/PUB-02/near_limit_long/rep_0071/attempt_000/predictive_summary.csv"", ""artifacts/publication_campaign/tcc_calibration_confirmatory_v1/runs/PUB-02/near_limit_long/rep_0071/attempt_000/result.json"", ""artifacts/publication_campaign/tcc_calibration_confirmatory_v1/runs/PUB-02/near_limit_long/rep_0071/attempt_000/sampler_summary.csv"", ""artifacts/publication_campaign/tcc_calibration_confirmatory_v1/runs/PUB-02/near_limit_long/rep_0071/attempt_000/trace.nc"", ""artifacts/publication_campaign/tcc_calibration_confirmatory_v1/runs/PUB-02/near_limit_long/rep_0071/attempt_000/truth.json"", ""artifacts/publication_campaign/tcc_calibration_confirmatory_v1/runs/PUB-02/near_limit_long/rep_0071/attempt_000/worker_metadata.json""]",0.47044871064209004,True,True
PUB-02__near_limit_long__rep_0072,PUB-02,near_limit_long,rep_0072,tcc_calibration_confirmatory_v1__PUB-02__near_limit_long__rep_0072,"{""generation"": 1565570977, ""inference"": 2118118748, ""predictive"": 1618929360, ""resampling"": 4254499799}",artifacts/publication_campaign/tcc_calibration_confirmatory_v1/runs/PUB-02/near_limit_long/rep_0072,COMPLETED,1,,artifacts/publication_campaign/tcc_calibration_confirmatory_v1/runs/PUB-02/near_limit_long/rep_0072/attempt_000,"[""artifacts/publication_campaign/tcc_calibration_confirmatory_v1/runs/PUB-02/near_limit_long/rep_0072/attempt_000/completion_manifest.json"", ""artifacts/publication_campaign/tcc_calibration_confirmatory_v1/runs/PUB-02/near_limit_long/rep_0072/attempt_000/environment_preflight.json"", ""artifacts/publication_campaign/tcc_calibration_confirmatory_v1/runs/PUB-02/near_limit_long/rep_0072/attempt_000/inference_command.json"", ""artifacts/publication_campaign/tcc_calibration_confirmatory_v1/runs/PUB-02/near_limit_long/rep_0072/attempt_000/inference_config.json"", ""artifacts/publication_campaign/tcc_calibration_confirmatory_v1/runs/PUB-02/near_limit_long/rep_0072/attempt_000/inference_started.json"", ""artifacts/publication_campaign/tcc_calibration_confirmatory_v1/runs/PUB-02/near_limit_long/rep_0072/attempt_000/input.csv"", ""artifacts/publication_campaign/tcc_calibration_confirmatory_v1/runs/PUB-02/near_limit_long/rep_0072/attempt_000/job.json"", ""artifacts/publication_campaign/tcc_calibration_confirmatory_v1/runs/PUB-02/near_limit_long/rep_0072/attempt_000/predictive_summary.csv"", ""artifacts/publication_campaign/tcc_calibration_confirmatory_v1/runs/PUB-02/near_limit_long/rep_0072/attempt_000/result.json"", ""artifacts/publication_campaign/tcc_calibration_confirmatory_v1/runs/PUB-02/near_limit_long/rep_0072/attempt_000/sampler_summary.csv"", ""artifacts/publication_campaign/tcc_calibration_confirmatory_v1/runs/PUB-02/near_limit_long/rep_0072/attempt_000/trace.nc"", ""artifacts/publication_campaign/tcc_calibration_confirmatory_v1/runs/PUB-02/near_limit_long/rep_0072/attempt_000/truth.json"", ""artifacts/publication_campaign/tcc_calibration_confirmatory_v1/runs/PUB-02/near_limit_long/rep_0072/attempt_000/worker_metadata.json""]",0.47044871064209004,True,True
PUB-02__near_limit_long__rep_0073,PUB-02,near_limit_long,rep_0073,tcc_calibration_confirmatory_v1__PUB-02__near_limit_long__rep_0073,"{""generation"": 705196972, ""inference"": 412146083, ""predictive"": 2168385265, ""resampling"": 2707616547}",artifacts/publication_campaign/tcc_calibration_confirmatory_v1/runs/PUB-02/near_limit_long/rep_0073,COMPLETED_REJECTED,1,,artifacts/publication_campaign/tcc_calibration_confirmatory_v1/runs/PUB-02/near_limit_long/rep_0073/attempt_000,"[""artifacts/publication_campaign/tcc_calibration_confirmatory_v1/runs/PUB-02/near_limit_long/rep_0073/attempt_000/completion_manifest.json"", ""artifacts/publication_campaign/tcc_calibration_confirmatory_v1/runs/PUB-02/near_limit_long/rep_0073/attempt_000/environment_preflight.json"", ""artifacts/publication_campaign/tcc_calibration_confirmatory_v1/runs/PUB-02/near_limit_long/rep_0073/attempt_000/inference_command.json"", ""artifacts/publication_campaign/tcc_calibration_confirmatory_v1/runs/PUB-02/near_limit_long/rep_0073/attempt_000/inference_config.json"", ""artifacts/publication_campaign/tcc_calibration_confirmatory_v1/runs/PUB-02/near_limit_long/rep_0073/attempt_000/inference_started.json"", ""artifacts/publication_campaign/tcc_calibration_confirmatory_v1/runs/PUB-02/near_limit_long/rep_0073/attempt_000/input.csv"", ""artifacts/publication_campaign/tcc_calibration_confirmatory_v1/runs/PUB-02/near_limit_long/rep_0073/attempt_000/job.json"", ""artifacts/publication_campaign/tcc_calibration_confirmatory_v1/runs/PUB-02/near_limit_long/rep_0073/attempt_000/predictive_summary.csv"", ""artifacts/publication_campaign/tcc_calibration_confirmatory_v1/runs/PUB-02/near_limit_long/rep_0073/attempt_000/result.json"", ""artifacts/publication_campaign/tcc_calibration_confirmatory_v1/runs/PUB-02/near_limit_long/rep_0073/attempt_000/sampler_summary.csv"", ""artifacts/publication_campaign/tcc_calibration_confirmatory_v1/runs/PUB-02/near_limit_long/rep_0073/attempt_000/trace.nc"", ""artifacts/publication_campaign/tcc_calibration_confirmatory_v1/runs/PUB-02/near_limit_long/rep_0073/attempt_000/truth.json"", ""artifacts/publication_campaign/tcc_calibration_confirmatory_v1/runs/PUB-02/near_limit_long/rep_0073/attempt_000/worker_metadata.json""]",0.47044871064209004,False,False
PUB-02__near_limit_long__rep_0074,PUB-02,near_limit_long,rep_0074,tcc_calibration_confirmatory_v1__PUB-02__near_limit_long__rep_0074,"{""generation"": 3172791036, ""inference"": 3013075378, ""predictive"": 1604215058, ""resampling"": 118275268}",artifacts/publication_campaign/tcc_calibration_confirmatory_v1/runs/PUB-02/near_limit_long/rep_0074,COMPLETED,1,,artifacts/publication_campaign/tcc_calibration_confirmatory_v1/runs/PUB-02/near_limit_long/rep_0074/attempt_000,"[""artifacts/publication_campaign/tcc_calibration_confirmatory_v1/runs/PUB-02/near_limit_long/rep_0074/attempt_000/completion_manifest.json"", ""artifacts/publication_campaign/tcc_calibration_confirmatory_v1/runs/PUB-02/near_limit_long/rep_0074/attempt_000/environment_preflight.json"", ""artifacts/publication_campaign/tcc_calibration_confirmatory_v1/runs/PUB-02/near_limit_long/rep_0074/attempt_000/inference_command.json"", ""artifacts/publication_campaign/tcc_calibration_confirmatory_v1/runs/PUB-02/near_limit_long/rep_0074/attempt_000/inference_config.json"", ""artifacts/publication_campaign/tcc_calibration_confirmatory_v1/runs/PUB-02/near_limit_long/rep_0074/attempt_000/inference_started.json"", ""artifacts/publication_campaign/tcc_calibration_confirmatory_v1/runs/PUB-02/near_limit_long/rep_0074/attempt_000/input.csv"", ""artifacts/publication_campaign/tcc_calibration_confirmatory_v1/runs/PUB-02/near_limit_long/rep_0074/attempt_000/job.json"", ""artifacts/publication_campaign/tcc_calibration_confirmatory_v1/runs/PUB-02/near_limit_long/rep_0074/attempt_000/predictive_summary.csv"", ""artifacts/publication_campaign/tcc_calibration_confirmatory_v1/runs/PUB-02/near_limit_long/rep_0074/attempt_000/result.json"", ""artifacts/publication_campaign/tcc_calibration_confirmatory_v1/runs/PUB-02/near_limit_long/rep_0074/attempt_000/sampler_summary.csv"", ""artifacts/publication_campaign/tcc_calibration_confirmatory_v1/runs/PUB-02/near_limit_long/rep_0074/attempt_000/trace.nc"", ""artifacts/publication_campaign/tcc_calibration_confirmatory_v1/runs/PUB-02/near_limit_long/rep_0074/attempt_000/truth.json"", ""artifacts/publication_campaign/tcc_calibration_confirmatory_v1/runs/PUB-02/near_limit_long/rep_0074/attempt_000/worker_metadata.json""]",0.47044871064209004,True,True
PUB-02__near_limit_long__rep_0075,PUB-02,near_limit_long,rep_0075,tcc_calibration_confirmatory_v1__PUB-02__near_limit_long__rep_0075,"{""generation"": 3517076825, ""inference"": 2127871602, ""predictive"": 2845934380, ""resampling"": 3863594347}",artifacts/publication_campaign/tcc_calibration_confirmatory_v1/runs/PUB-02/near_limit_long/rep_0075,COMPLETED_REJECTED,1,,artifacts/publication_campaign/tcc_calibration_confirmatory_v1/runs/PUB-02/near_limit_long/rep_0075/attempt_000,"[""artifacts/publication_campaign/tcc_calibration_confirmatory_v1/runs/PUB-02/near_limit_long/rep_0075/attempt_000/completion_manifest.json"", ""artifacts/publication_campaign/tcc_calibration_confirmatory_v1/runs/PUB-02/near_limit_long/rep_0075/attempt_000/environment_preflight.json"", ""artifacts/publication_campaign/tcc_calibration_confirmatory_v1/runs/PUB-02/near_limit_long/rep_0075/attempt_000/inference_command.json"", ""artifacts/publication_campaign/tcc_calibration_confirmatory_v1/runs/PUB-02/near_limit_long/rep_0075/attempt_000/inference_config.json"", ""artifacts/publication_campaign/tcc_calibration_confirmatory_v1/runs/PUB-02/near_limit_long/rep_0075/attempt_000/inference_started.json"", ""artifacts/publication_campaign/tcc_calibration_confirmatory_v1/runs/PUB-02/near_limit_long/rep_0075/attempt_000/input.csv"", ""artifacts/publication_campaign/tcc_calibration_confirmatory_v1/runs/PUB-02/near_limit_long/rep_0075/attempt_000/job.json"", ""artifacts/publication_campaign/tcc_calibration_confirmatory_v1/runs/PUB-02/near_limit_long/rep_0075/attempt_000/predictive_summary.csv"", ""artifacts/publication_campaign/tcc_calibration_confirmatory_v1/runs/PUB-02/near_limit_long/rep_0075/attempt_000/result.json"", ""artifacts/publication_campaign/tcc_calibration_confirmatory_v1/runs/PUB-02/near_limit_long/rep_0075/attempt_000/sampler_summary.csv"", ""artifacts/publication_campaign/tcc_calibration_confirmatory_v1/runs/PUB-02/near_limit_long/rep_0075/attempt_000/trace.nc"", ""artifacts/publication_campaign/tcc_calibration_confirmatory_v1/runs/PUB-02/near_limit_long/rep_0075/attempt_000/truth.json"", ""artifacts/publication_campaign/tcc_calibration_confirmatory_v1/runs/PUB-02/near_limit_long/rep_0075/attempt_000/worker_metadata.json""]",0.47044871064209004,False,False
PUB-02__near_limit_long__rep_0076,PUB-02,near_limit_long,rep_0076,tcc_calibration_confirmatory_v1__PUB-02__near_limit_long__rep_0076,"{""generation"": 762425357, ""inference"": 1244569543, ""predictive"": 348272228, ""resampling"": 132169214}",artifacts/publication_campaign/tcc_calibration_confirmatory_v1/runs/PUB-02/near_limit_long/rep_0076,COMPLETED,1,,artifacts/publication_campaign/tcc_calibration_confirmatory_v1/runs/PUB-02/near_limit_long/rep_0076/attempt_000,"[""artifacts/publication_campaign/tcc_calibration_confirmatory_v1/runs/PUB-02/near_limit_long/rep_0076/attempt_000/completion_manifest.json"", ""artifacts/publication_campaign/tcc_calibration_confirmatory_v1/runs/PUB-02/near_limit_long/rep_0076/attempt_000/environment_preflight.json"", ""artifacts/publication_campaign/tcc_calibration_confirmatory_v1/runs/PUB-02/near_limit_long/rep_0076/attempt_000/inference_command.json"", ""artifacts/publication_campaign/tcc_calibration_confirmatory_v1/runs/PUB-02/near_limit_long/rep_0076/attempt_000/inference_config.json"", ""artifacts/publication_campaign/tcc_calibration_confirmatory_v1/runs/PUB-02/near_limit_long/rep_0076/attempt_000/inference_started.json"", ""artifacts/publication_campaign/tcc_calibration_confirmatory_v1/runs/PUB-02/near_limit_long/rep_0076/attempt_000/input.csv"", ""artifacts/publication_campaign/tcc_calibration_confirmatory_v1/runs/PUB-02/near_limit_long/rep_0076/attempt_000/job.json"", ""artifacts/publication_campaign/tcc_calibration_confirmatory_v1/runs/PUB-02/near_limit_long/rep_0076/attempt_000/predictive_summary.csv"", ""artifacts/publication_campaign/tcc_calibration_confirmatory_v1/runs/PUB-02/near_limit_long/rep_0076/attempt_000/result.json"", ""artifacts/publication_campaign/tcc_calibration_confirmatory_v1/runs/PUB-02/near_limit_long/rep_0076/attempt_000/sampler_summary.csv"", ""artifacts/publication_campaign/tcc_calibration_confirmatory_v1/runs/PUB-02/near_limit_long/rep_0076/attempt_000/trace.nc"", ""artifacts/publication_campaign/tcc_calibration_confirmatory_v1/runs/PUB-02/near_limit_long/rep_0076/attempt_000/truth.json"", ""artifacts/publication_campaign/tcc_calibration_confirmatory_v1/runs/PUB-02/near_limit_long/rep_0076/attempt_000/worker_metadata.json""]",0.47044871064209004,True,True
PUB-02__near_limit_long__rep_0077,PUB-02,near_limit_long,rep_0077,tcc_calibration_confirmatory_v1__PUB-02__near_limit_long__rep_0077,"{""generation"": 3781279158, ""inference"": 2605814672, ""predictive"": 2425303198, ""resampling"": 2916143112}",artifacts/publication_campaign/tcc_calibration_confirmatory_v1/runs/PUB-02/near_limit_long/rep_0077,COMPLETED,1,,artifacts/publication_campaign/tcc_calibration_confirmatory_v1/runs/PUB-02/near_limit_long/rep_0077/attempt_000,"[""artifacts/publication_campaign/tcc_calibration_confirmatory_v1/runs/PUB-02/near_limit_long/rep_0077/attempt_000/completion_manifest.json"", ""artifacts/publication_campaign/tcc_calibration_confirmatory_v1/runs/PUB-02/near_limit_long/rep_0077/attempt_000/environment_preflight.json"", ""artifacts/publication_campaign/tcc_calibration_confirmatory_v1/runs/PUB-02/near_limit_long/rep_0077/attempt_000/inference_command.json"", ""artifacts/publication_campaign/tcc_calibration_confirmatory_v1/runs/PUB-02/near_limit_long/rep_0077/attempt_000/inference_config.json"", ""artifacts/publication_campaign/tcc_calibration_confirmatory_v1/runs/PUB-02/near_limit_long/rep_0077/attempt_000/inference_started.json"", ""artifacts/publication_campaign/tcc_calibration_confirmatory_v1/runs/PUB-02/near_limit_long/rep_0077/attempt_000/input.csv"", ""artifacts/publication_campaign/tcc_calibration_confirmatory_v1/runs/PUB-02/near_limit_long/rep_0077/attempt_000/job.json"", ""artifacts/publication_campaign/tcc_calibration_confirmatory_v1/runs/PUB-02/near_limit_long/rep_0077/attempt_000/predictive_summary.csv"", ""artifacts/publication_campaign/tcc_calibration_confirmatory_v1/runs/PUB-02/near_limit_long/rep_0077/attempt_000/result.json"", ""artifacts/publication_campaign/tcc_calibration_confirmatory_v1/runs/PUB-02/near_limit_long/rep_0077/attempt_000/sampler_summary.csv"", ""artifacts/publication_campaign/tcc_calibration_confirmatory_v1/runs/PUB-02/near_limit_long/rep_0077/attempt_000/trace.nc"", ""artifacts/publication_campaign/tcc_calibration_confirmatory_v1/runs/PUB-02/near_limit_long/rep_0077/attempt_000/truth.json"", ""artifacts/publication_campaign/tcc_calibration_confirmatory_v1/runs/PUB-02/near_limit_long/rep_0077/attempt_000/worker_metadata.json""]",0.47044871064209004,True,True
PUB-02__near_limit_long__rep_0078,PUB-02,near_limit_long,rep_0078,tcc_calibration_confirmatory_v1__PUB-02__near_limit_long__rep_0078,"{""generation"": 805472983, ""inference"": 2198192966, ""predictive"": 737936677, ""resampling"": 1332906562}",artifacts/publication_campaign/tcc_calibration_confirmatory_v1/runs/PUB-02/near_limit_long/rep_0078,COMPLETED,1,,artifacts/publication_campaign/tcc_calibration_confirmatory_v1/runs/PUB-02/near_limit_long/rep_0078/attempt_000,"[""artifacts/publication_campaign/tcc_calibration_confirmatory_v1/runs/PUB-02/near_limit_long/rep_0078/attempt_000/completion_manifest.json"", ""artifacts/publication_campaign/tcc_calibration_confirmatory_v1/runs/PUB-02/near_limit_long/rep_0078/attempt_000/environment_preflight.json"", ""artifacts/publication_campaign/tcc_calibration_confirmatory_v1/runs/PUB-02/near_limit_long/rep_0078/attempt_000/inference_command.json"", ""artifacts/publication_campaign/tcc_calibration_confirmatory_v1/runs/PUB-02/near_limit_long/rep_0078/attempt_000/inference_config.json"", ""artifacts/publication_campaign/tcc_calibration_confirmatory_v1/runs/PUB-02/near_limit_long/rep_0078/attempt_000/inference_started.json"", ""artifacts/publication_campaign/tcc_calibration_confirmatory_v1/runs/PUB-02/near_limit_long/rep_0078/attempt_000/input.csv"", ""artifacts/publication_campaign/tcc_calibration_confirmatory_v1/runs/PUB-02/near_limit_long/rep_0078/attempt_000/job.json"", ""artifacts/publication_campaign/tcc_calibration_confirmatory_v1/runs/PUB-02/near_limit_long/rep_0078/attempt_000/predictive_summary.csv"", ""artifacts/publication_campaign/tcc_calibration_confirmatory_v1/runs/PUB-02/near_limit_long/rep_0078/attempt_000/result.json"", ""artifacts/publication_campaign/tcc_calibration_confirmatory_v1/runs/PUB-02/near_limit_long/rep_0078/attempt_000/sampler_summary.csv"", ""artifacts/publication_campaign/tcc_calibration_confirmatory_v1/runs/PUB-02/near_limit_long/rep_0078/attempt_000/trace.nc"", ""artifacts/publication_campaign/tcc_calibration_confirmatory_v1/runs/PUB-02/near_limit_long/rep_0078/attempt_000/truth.json"", ""artifacts/publication_campaign/tcc_calibration_confirmatory_v1/runs/PUB-02/near_limit_long/rep_0078/attempt_000/worker_metadata.json""]",0.47044871064209004,True,True
PUB-02__near_limit_long__rep_0079,PUB-02,near_limit_long,rep_0079,tcc_calibration_confirmatory_v1__PUB-02__near_limit_long__rep_0079,"{""generation"": 585629307, ""inference"": 749772834, ""predictive"": 429783475, ""resampling"": 1758668426}",artifacts/publication_campaign/tcc_calibration_confirmatory_v1/runs/PUB-02/near_limit_long/rep_0079,COMPLETED,1,,artifacts/publication_campaign/tcc_calibration_confirmatory_v1/runs/PUB-02/near_limit_long/rep_0079/attempt_000,"[""artifacts/publication_campaign/tcc_calibration_confirmatory_v1/runs/PUB-02/near_limit_long/rep_0079/attempt_000/completion_manifest.json"", ""artifacts/publication_campaign/tcc_calibration_confirmatory_v1/runs/PUB-02/near_limit_long/rep_0079/attempt_000/environment_preflight.json"", ""artifacts/publication_campaign/tcc_calibration_confirmatory_v1/runs/PUB-02/near_limit_long/rep_0079/attempt_000/inference_command.json"", ""artifacts/publication_campaign/tcc_calibration_confirmatory_v1/runs/PUB-02/near_limit_long/rep_0079/attempt_000/inference_config.json"", ""artifacts/publication_campaign/tcc_calibration_confirmatory_v1/runs/PUB-02/near_limit_long/rep_0079/attempt_000/inference_started.json"", ""artifacts/publication_campaign/tcc_calibration_confirmatory_v1/runs/PUB-02/near_limit_long/rep_0079/attempt_000/input.csv"", ""artifacts/publication_campaign/tcc_calibration_confirmatory_v1/runs/PUB-02/near_limit_long/rep_0079/attempt_000/job.json"", ""artifacts/publication_campaign/tcc_calibration_confirmatory_v1/runs/PUB-02/near_limit_long/rep_0079/attempt_000/predictive_summary.csv"", ""artifacts/publication_campaign/tcc_calibration_confirmatory_v1/runs/PUB-02/near_limit_long/rep_0079/attempt_000/result.json"", ""artifacts/publication_campaign/tcc_calibration_confirmatory_v1/runs/PUB-02/near_limit_long/rep_0079/attempt_000/sampler_summary.csv"", ""artifacts/publication_campaign/tcc_calibration_confirmatory_v1/runs/PUB-02/near_limit_long/rep_0079/attempt_000/trace.nc"", ""artifacts/publication_campaign/tcc_calibration_confirmatory_v1/runs/PUB-02/near_limit_long/rep_0079/attempt_000/truth.json"", ""artifacts/publication_campaign/tcc_calibration_confirmatory_v1/runs/PUB-02/near_limit_long/rep_0079/attempt_000/worker_metadata.json""]",0.47044871064209004,True,True
PUB-02__near_limit_long__rep_0080,PUB-02,near_limit_long,rep_0080,tcc_calibration_confirmatory_v1__PUB-02__near_limit_long__rep_0080,"{""generation"": 487110548, ""inference"": 3789099851, ""predictive"": 3417650508, ""resampling"": 3406356134}",artifacts/publication_campaign/tcc_calibration_confirmatory_v1/runs/PUB-02/near_limit_long/rep_0080,COMPLETED,1,,artifacts/publication_campaign/tcc_calibration_confirmatory_v1/runs/PUB-02/near_limit_long/rep_0080/attempt_000,"[""artifacts/publication_campaign/tcc_calibration_confirmatory_v1/runs/PUB-02/near_limit_long/rep_0080/attempt_000/completion_manifest.json"", ""artifacts/publication_campaign/tcc_calibration_confirmatory_v1/runs/PUB-02/near_limit_long/rep_0080/attempt_000/environment_preflight.json"", ""artifacts/publication_campaign/tcc_calibration_confirmatory_v1/runs/PUB-02/near_limit_long/rep_0080/attempt_000/inference_command.json"", ""artifacts/publication_campaign/tcc_calibration_confirmatory_v1/runs/PUB-02/near_limit_long/rep_0080/attempt_000/inference_config.json"", ""artifacts/publication_campaign/tcc_calibration_confirmatory_v1/runs/PUB-02/near_limit_long/rep_0080/attempt_000/inference_started.json"", ""artifacts/publication_campaign/tcc_calibration_confirmatory_v1/runs/PUB-02/near_limit_long/rep_0080/attempt_000/input.csv"", ""artifacts/publication_campaign/tcc_calibration_confirmatory_v1/runs/PUB-02/near_limit_long/rep_0080/attempt_000/job.json"", ""artifacts/publication_campaign/tcc_calibration_confirmatory_v1/runs/PUB-02/near_limit_long/rep_0080/attempt_000/predictive_summary.csv"", ""artifacts/publication_campaign/tcc_calibration_confirmatory_v1/runs/PUB-02/near_limit_long/rep_0080/attempt_000/result.json"", ""artifacts/publication_campaign/tcc_calibration_confirmatory_v1/runs/PUB-02/near_limit_long/rep_0080/attempt_000/sampler_summary.csv"", ""artifacts/publication_campaign/tcc_calibration_confirmatory_v1/runs/PUB-02/near_limit_long/rep_0080/attempt_000/trace.nc"", ""artifacts/publication_campaign/tcc_calibration_confirmatory_v1/runs/PUB-02/near_limit_long/rep_0080/attempt_000/truth.json"", ""artifacts/publication_campaign/tcc_calibration_confirmatory_v1/runs/PUB-02/near_limit_long/rep_0080/attempt_000/worker_metadata.json""]",0.47044871064209004,True,True
PUB-02__near_limit_long__rep_0081,PUB-02,near_limit_long,rep_0081,tcc_calibration_confirmatory_v1__PUB-02__near_limit_long__rep_0081,"{""generation"": 2586296425, ""inference"": 35548267, ""predictive"": 3263409471, ""resampling"": 1576659454}",artifacts/publication_campaign/tcc_calibration_confirmatory_v1/runs/PUB-02/near_limit_long/rep_0081,COMPLETED,1,,artifacts/publication_campaign/tcc_calibration_confirmatory_v1/runs/PUB-02/near_limit_long/rep_0081/attempt_000,"[""artifacts/publication_campaign/tcc_calibration_confirmatory_v1/runs/PUB-02/near_limit_long/rep_0081/attempt_000/completion_manifest.json"", ""artifacts/publication_campaign/tcc_calibration_confirmatory_v1/runs/PUB-02/near_limit_long/rep_0081/attempt_000/environment_preflight.json"", ""artifacts/publication_campaign/tcc_calibration_confirmatory_v1/runs/PUB-02/near_limit_long/rep_0081/attempt_000/inference_command.json"", ""artifacts/publication_campaign/tcc_calibration_confirmatory_v1/runs/PUB-02/near_limit_long/rep_0081/attempt_000/inference_config.json"", ""artifacts/publication_campaign/tcc_calibration_confirmatory_v1/runs/PUB-02/near_limit_long/rep_0081/attempt_000/inference_started.json"", ""artifacts/publication_campaign/tcc_calibration_confirmatory_v1/runs/PUB-02/near_limit_long/rep_0081/attempt_000/input.csv"", ""artifacts/publication_campaign/tcc_calibration_confirmatory_v1/runs/PUB-02/near_limit_long/rep_0081/attempt_000/job.json"", ""artifacts/publication_campaign/tcc_calibration_confirmatory_v1/runs/PUB-02/near_limit_long/rep_0081/attempt_000/predictive_summary.csv"", ""artifacts/publication_campaign/tcc_calibration_confirmatory_v1/runs/PUB-02/near_limit_long/rep_0081/attempt_000/result.json"", ""artifacts/publication_campaign/tcc_calibration_confirmatory_v1/runs/PUB-02/near_limit_long/rep_0081/attempt_000/sampler_summary.csv"", ""artifacts/publication_campaign/tcc_calibration_confirmatory_v1/runs/PUB-02/near_limit_long/rep_0081/attempt_000/trace.nc"", ""artifacts/publication_campaign/tcc_calibration_confirmatory_v1/runs/PUB-02/near_limit_long/rep_0081/attempt_000/truth.json"", ""artifacts/publication_campaign/tcc_calibration_confirmatory_v1/runs/PUB-02/near_limit_long/rep_0081/attempt_000/worker_metadata.json""]",0.47044871064209004,True,True
PUB-02__near_limit_long__rep_0082,PUB-02,near_limit_long,rep_0082,tcc_calibration_confirmatory_v1__PUB-02__near_limit_long__rep_0082,"{""generation"": 1658579787, ""inference"": 1703388523, ""predictive"": 929956894, ""resampling"": 3176771206}",artifacts/publication_campaign/tcc_calibration_confirmatory_v1/runs/PUB-02/near_limit_long/rep_0082,COMPLETED,1,,artifacts/publication_campaign/tcc_calibration_confirmatory_v1/runs/PUB-02/near_limit_long/rep_0082/attempt_000,"[""artifacts/publication_campaign/tcc_calibration_confirmatory_v1/runs/PUB-02/near_limit_long/rep_0082/attempt_000/completion_manifest.json"", ""artifacts/publication_campaign/tcc_calibration_confirmatory_v1/runs/PUB-02/near_limit_long/rep_0082/attempt_000/environment_preflight.json"", ""artifacts/publication_campaign/tcc_calibration_confirmatory_v1/runs/PUB-02/near_limit_long/rep_0082/attempt_000/inference_command.json"", ""artifacts/publication_campaign/tcc_calibration_confirmatory_v1/runs/PUB-02/near_limit_long/rep_0082/attempt_000/inference_config.json"", ""artifacts/publication_campaign/tcc_calibration_confirmatory_v1/runs/PUB-02/near_limit_long/rep_0082/attempt_000/inference_started.json"", ""artifacts/publication_campaign/tcc_calibration_confirmatory_v1/runs/PUB-02/near_limit_long/rep_0082/attempt_000/input.csv"", ""artifacts/publication_campaign/tcc_calibration_confirmatory_v1/runs/PUB-02/near_limit_long/rep_0082/attempt_000/job.json"", ""artifacts/publication_campaign/tcc_calibration_confirmatory_v1/runs/PUB-02/near_limit_long/rep_0082/attempt_000/predictive_summary.csv"", ""artifacts/publication_campaign/tcc_calibration_confirmatory_v1/runs/PUB-02/near_limit_long/rep_0082/attempt_000/result.json"", ""artifacts/publication_campaign/tcc_calibration_confirmatory_v1/runs/PUB-02/near_limit_long/rep_0082/attempt_000/sampler_summary.csv"", ""artifacts/publication_campaign/tcc_calibration_confirmatory_v1/runs/PUB-02/near_limit_long/rep_0082/attempt_000/trace.nc"", ""artifacts/publication_campaign/tcc_calibration_confirmatory_v1/runs/PUB-02/near_limit_long/rep_0082/attempt_000/truth.json"", ""artifacts/publication_campaign/tcc_calibration_confirmatory_v1/runs/PUB-02/near_limit_long/rep_0082/attempt_000/worker_metadata.json""]",0.47044871064209004,True,True
PUB-02__near_limit_long__rep_0083,PUB-02,near_limit_long,rep_0083,tcc_calibration_confirmatory_v1__PUB-02__near_limit_long__rep_0083,"{""generation"": 1816434017, ""inference"": 2978008958, ""predictive"": 2159716041, ""resampling"": 2033706053}",artifacts/publication_campaign/tcc_calibration_confirmatory_v1/runs/PUB-02/near_limit_long/rep_0083,COMPLETED,1,,artifacts/publication_campaign/tcc_calibration_confirmatory_v1/runs/PUB-02/near_limit_long/rep_0083/attempt_000,"[""artifacts/publication_campaign/tcc_calibration_confirmatory_v1/runs/PUB-02/near_limit_long/rep_0083/attempt_000/completion_manifest.json"", ""artifacts/publication_campaign/tcc_calibration_confirmatory_v1/runs/PUB-02/near_limit_long/rep_0083/attempt_000/environment_preflight.json"", ""artifacts/publication_campaign/tcc_calibration_confirmatory_v1/runs/PUB-02/near_limit_long/rep_0083/attempt_000/inference_command.json"", ""artifacts/publication_campaign/tcc_calibration_confirmatory_v1/runs/PUB-02/near_limit_long/rep_0083/attempt_000/inference_config.json"", ""artifacts/publication_campaign/tcc_calibration_confirmatory_v1/runs/PUB-02/near_limit_long/rep_0083/attempt_000/inference_started.json"", ""artifacts/publication_campaign/tcc_calibration_confirmatory_v1/runs/PUB-02/near_limit_long/rep_0083/attempt_000/input.csv"", ""artifacts/publication_campaign/tcc_calibration_confirmatory_v1/runs/PUB-02/near_limit_long/rep_0083/attempt_000/job.json"", ""artifacts/publication_campaign/tcc_calibration_confirmatory_v1/runs/PUB-02/near_limit_long/rep_0083/attempt_000/predictive_summary.csv"", ""artifacts/publication_campaign/tcc_calibration_confirmatory_v1/runs/PUB-02/near_limit_long/rep_0083/attempt_000/result.json"", ""artifacts/publication_campaign/tcc_calibration_confirmatory_v1/runs/PUB-02/near_limit_long/rep_0083/attempt_000/sampler_summary.csv"", ""artifacts/publication_campaign/tcc_calibration_confirmatory_v1/runs/PUB-02/near_limit_long/rep_0083/attempt_000/trace.nc"", ""artifacts/publication_campaign/tcc_calibration_confirmatory_v1/runs/PUB-02/near_limit_long/rep_0083/attempt_000/truth.json"", ""artifacts/publication_campaign/tcc_calibration_confirmatory_v1/runs/PUB-02/near_limit_long/rep_0083/attempt_000/worker_metadata.json""]",0.47044871064209004,True,True
PUB-02__near_limit_long__rep_0084,PUB-02,near_limit_long,rep_0084,tcc_calibration_confirmatory_v1__PUB-02__near_limit_long__rep_0084,"{""generation"": 2596245725, ""inference"": 1079293738, ""predictive"": 32633741, ""resampling"": 3377900969}",artifacts/publication_campaign/tcc_calibration_confirmatory_v1/runs/PUB-02/near_limit_long/rep_0084,COMPLETED,1,,artifacts/publication_campaign/tcc_calibration_confirmatory_v1/runs/PUB-02/near_limit_long/rep_0084/attempt_000,"[""artifacts/publication_campaign/tcc_calibration_confirmatory_v1/runs/PUB-02/near_limit_long/rep_0084/attempt_000/completion_manifest.json"", ""artifacts/publication_campaign/tcc_calibration_confirmatory_v1/runs/PUB-02/near_limit_long/rep_0084/attempt_000/environment_preflight.json"", ""artifacts/publication_campaign/tcc_calibration_confirmatory_v1/runs/PUB-02/near_limit_long/rep_0084/attempt_000/inference_command.json"", ""artifacts/publication_campaign/tcc_calibration_confirmatory_v1/runs/PUB-02/near_limit_long/rep_0084/attempt_000/inference_config.json"", ""artifacts/publication_campaign/tcc_calibration_confirmatory_v1/runs/PUB-02/near_limit_long/rep_0084/attempt_000/inference_started.json"", ""artifacts/publication_campaign/tcc_calibration_confirmatory_v1/runs/PUB-02/near_limit_long/rep_0084/attempt_000/input.csv"", ""artifacts/publication_campaign/tcc_calibration_confirmatory_v1/runs/PUB-02/near_limit_long/rep_0084/attempt_000/job.json"", ""artifacts/publication_campaign/tcc_calibration_confirmatory_v1/runs/PUB-02/near_limit_long/rep_0084/attempt_000/predictive_summary.csv"", ""artifacts/publication_campaign/tcc_calibration_confirmatory_v1/runs/PUB-02/near_limit_long/rep_0084/attempt_000/result.json"", ""artifacts/publication_campaign/tcc_calibration_confirmatory_v1/runs/PUB-02/near_limit_long/rep_0084/attempt_000/sampler_summary.csv"", ""artifacts/publication_campaign/tcc_calibration_confirmatory_v1/runs/PUB-02/near_limit_long/rep_0084/attempt_000/trace.nc"", ""artifacts/publication_campaign/tcc_calibration_confirmatory_v1/runs/PUB-02/near_limit_long/rep_0084/attempt_000/truth.json"", ""artifacts/publication_campaign/tcc_calibration_confirmatory_v1/runs/PUB-02/near_limit_long/rep_0084/attempt_000/worker_metadata.json""]",0.47044871064209004,True,True
PUB-02__near_limit_long__rep_0085,PUB-02,near_limit_long,rep_0085,tcc_calibration_confirmatory_v1__PUB-02__near_limit_long__rep_0085,"{""generation"": 3133350944, ""inference"": 1836175772, ""predictive"": 2307385765, ""resampling"": 3790030706}",artifacts/publication_campaign/tcc_calibration_confirmatory_v1/runs/PUB-02/near_limit_long/rep_0085,COMPLETED,1,,artifacts/publication_campaign/tcc_calibration_confirmatory_v1/runs/PUB-02/near_limit_long/rep_0085/attempt_000,"[""artifacts/publication_campaign/tcc_calibration_confirmatory_v1/runs/PUB-02/near_limit_long/rep_0085/attempt_000/completion_manifest.json"", ""artifacts/publication_campaign/tcc_calibration_confirmatory_v1/runs/PUB-02/near_limit_long/rep_0085/attempt_000/environment_preflight.json"", ""artifacts/publication_campaign/tcc_calibration_confirmatory_v1/runs/PUB-02/near_limit_long/rep_0085/attempt_000/inference_command.json"", ""artifacts/publication_campaign/tcc_calibration_confirmatory_v1/runs/PUB-02/near_limit_long/rep_0085/attempt_000/inference_config.json"", ""artifacts/publication_campaign/tcc_calibration_confirmatory_v1/runs/PUB-02/near_limit_long/rep_0085/attempt_000/inference_started.json"", ""artifacts/publication_campaign/tcc_calibration_confirmatory_v1/runs/PUB-02/near_limit_long/rep_0085/attempt_000/input.csv"", ""artifacts/publication_campaign/tcc_calibration_confirmatory_v1/runs/PUB-02/near_limit_long/rep_0085/attempt_000/job.json"", ""artifacts/publication_campaign/tcc_calibration_confirmatory_v1/runs/PUB-02/near_limit_long/rep_0085/attempt_000/predictive_summary.csv"", ""artifacts/publication_campaign/tcc_calibration_confirmatory_v1/runs/PUB-02/near_limit_long/rep_0085/attempt_000/result.json"", ""artifacts/publication_campaign/tcc_calibration_confirmatory_v1/runs/PUB-02/near_limit_long/rep_0085/attempt_000/sampler_summary.csv"", ""artifacts/publication_campaign/tcc_calibration_confirmatory_v1/runs/PUB-02/near_limit_long/rep_0085/attempt_000/trace.nc"", ""artifacts/publication_campaign/tcc_calibration_confirmatory_v1/runs/PUB-02/near_limit_long/rep_0085/attempt_000/truth.json"", ""artifacts/publication_campaign/tcc_calibration_confirmatory_v1/runs/PUB-02/near_limit_long/rep_0085/attempt_000/worker_metadata.json""]",0.47044871064209004,True,True
PUB-02__near_limit_long__rep_0086,PUB-02,near_limit_long,rep_0086,tcc_calibration_confirmatory_v1__PUB-02__near_limit_long__rep_0086,"{""generation"": 2798920363, ""inference"": 3036451180, ""predictive"": 1410828896, ""resampling"": 947520831}",artifacts/publication_campaign/tcc_calibration_confirmatory_v1/runs/PUB-02/near_limit_long/rep_0086,COMPLETED,1,,artifacts/publication_campaign/tcc_calibration_confirmatory_v1/runs/PUB-02/near_limit_long/rep_0086/attempt_000,"[""artifacts/publication_campaign/tcc_calibration_confirmatory_v1/runs/PUB-02/near_limit_long/rep_0086/attempt_000/completion_manifest.json"", ""artifacts/publication_campaign/tcc_calibration_confirmatory_v1/runs/PUB-02/near_limit_long/rep_0086/attempt_000/environment_preflight.json"", ""artifacts/publication_campaign/tcc_calibration_confirmatory_v1/runs/PUB-02/near_limit_long/rep_0086/attempt_000/inference_command.json"", ""artifacts/publication_campaign/tcc_calibration_confirmatory_v1/runs/PUB-02/near_limit_long/rep_0086/attempt_000/inference_config.json"", ""artifacts/publication_campaign/tcc_calibration_confirmatory_v1/runs/PUB-02/near_limit_long/rep_0086/attempt_000/inference_started.json"", ""artifacts/publication_campaign/tcc_calibration_confirmatory_v1/runs/PUB-02/near_limit_long/rep_0086/attempt_000/input.csv"", ""artifacts/publication_campaign/tcc_calibration_confirmatory_v1/runs/PUB-02/near_limit_long/rep_0086/attempt_000/job.json"", ""artifacts/publication_campaign/tcc_calibration_confirmatory_v1/runs/PUB-02/near_limit_long/rep_0086/attempt_000/predictive_summary.csv"", ""artifacts/publication_campaign/tcc_calibration_confirmatory_v1/runs/PUB-02/near_limit_long/rep_0086/attempt_000/result.json"", ""artifacts/publication_campaign/tcc_calibration_confirmatory_v1/runs/PUB-02/near_limit_long/rep_0086/attempt_000/sampler_summary.csv"", ""artifacts/publication_campaign/tcc_calibration_confirmatory_v1/runs/PUB-02/near_limit_long/rep_0086/attempt_000/trace.nc"", ""artifacts/publication_campaign/tcc_calibration_confirmatory_v1/runs/PUB-02/near_limit_long/rep_0086/attempt_000/truth.json"", ""artifacts/publication_campaign/tcc_calibration_confirmatory_v1/runs/PUB-02/near_limit_long/rep_0086/attempt_000/worker_metadata.json""]",0.47044871064209004,True,True
PUB-02__near_limit_long__rep_0087,PUB-02,near_limit_long,rep_0087,tcc_calibration_confirmatory_v1__PUB-02__near_limit_long__rep_0087,"{""generation"": 3048736737, ""inference"": 1277526920, ""predictive"": 3963082972, ""resampling"": 1022796129}",artifacts/publication_campaign/tcc_calibration_confirmatory_v1/runs/PUB-02/near_limit_long/rep_0087,COMPLETED_REJECTED,1,,artifacts/publication_campaign/tcc_calibration_confirmatory_v1/runs/PUB-02/near_limit_long/rep_0087/attempt_000,"[""artifacts/publication_campaign/tcc_calibration_confirmatory_v1/runs/PUB-02/near_limit_long/rep_0087/attempt_000/completion_manifest.json"", ""artifacts/publication_campaign/tcc_calibration_confirmatory_v1/runs/PUB-02/near_limit_long/rep_0087/attempt_000/environment_preflight.json"", ""artifacts/publication_campaign/tcc_calibration_confirmatory_v1/runs/PUB-02/near_limit_long/rep_0087/attempt_000/inference_command.json"", ""artifacts/publication_campaign/tcc_calibration_confirmatory_v1/runs/PUB-02/near_limit_long/rep_0087/attempt_000/inference_config.json"", ""artifacts/publication_campaign/tcc_calibration_confirmatory_v1/runs/PUB-02/near_limit_long/rep_0087/attempt_000/inference_started.json"", ""artifacts/publication_campaign/tcc_calibration_confirmatory_v1/runs/PUB-02/near_limit_long/rep_0087/attempt_000/input.csv"", ""artifacts/publication_campaign/tcc_calibration_confirmatory_v1/runs/PUB-02/near_limit_long/rep_0087/attempt_000/job.json"", ""artifacts/publication_campaign/tcc_calibration_confirmatory_v1/runs/PUB-02/near_limit_long/rep_0087/attempt_000/predictive_summary.csv"", ""artifacts/publication_campaign/tcc_calibration_confirmatory_v1/runs/PUB-02/near_limit_long/rep_0087/attempt_000/result.json"", ""artifacts/publication_campaign/tcc_calibration_confirmatory_v1/runs/PUB-02/near_limit_long/rep_0087/attempt_000/sampler_summary.csv"", ""artifacts/publication_campaign/tcc_calibration_confirmatory_v1/runs/PUB-02/near_limit_long/rep_0087/attempt_000/trace.nc"", ""artifacts/publication_campaign/tcc_calibration_confirmatory_v1/runs/PUB-02/near_limit_long/rep_0087/attempt_000/truth.json"", ""artifacts/publication_campaign/tcc_calibration_confirmatory_v1/runs/PUB-02/near_limit_long/rep_0087/attempt_000/worker_metadata.json""]",0.47044871064209004,False,False
PUB-02__near_limit_long__rep_0088,PUB-02,near_limit_long,rep_0088,tcc_calibration_confirmatory_v1__PUB-02__near_limit_long__rep_0088,"{""generation"": 2178548515, ""inference"": 4217480492, ""predictive"": 2827489244, ""resampling"": 1993861505}",artifacts/publication_campaign/tcc_calibration_confirmatory_v1/runs/PUB-02/near_limit_long/rep_0088,COMPLETED,1,,artifacts/publication_campaign/tcc_calibration_confirmatory_v1/runs/PUB-02/near_limit_long/rep_0088/attempt_000,"[""artifacts/publication_campaign/tcc_calibration_confirmatory_v1/runs/PUB-02/near_limit_long/rep_0088/attempt_000/completion_manifest.json"", ""artifacts/publication_campaign/tcc_calibration_confirmatory_v1/runs/PUB-02/near_limit_long/rep_0088/attempt_000/environment_preflight.json"", ""artifacts/publication_campaign/tcc_calibration_confirmatory_v1/runs/PUB-02/near_limit_long/rep_0088/attempt_000/inference_command.json"", ""artifacts/publication_campaign/tcc_calibration_confirmatory_v1/runs/PUB-02/near_limit_long/rep_0088/attempt_000/inference_config.json"", ""artifacts/publication_campaign/tcc_calibration_confirmatory_v1/runs/PUB-02/near_limit_long/rep_0088/attempt_000/inference_started.json"", ""artifacts/publication_campaign/tcc_calibration_confirmatory_v1/runs/PUB-02/near_limit_long/rep_0088/attempt_000/input.csv"", ""artifacts/publication_campaign/tcc_calibration_confirmatory_v1/runs/PUB-02/near_limit_long/rep_0088/attempt_000/job.json"", ""artifacts/publication_campaign/tcc_calibration_confirmatory_v1/runs/PUB-02/near_limit_long/rep_0088/attempt_000/predictive_summary.csv"", ""artifacts/publication_campaign/tcc_calibration_confirmatory_v1/runs/PUB-02/near_limit_long/rep_0088/attempt_000/result.json"", ""artifacts/publication_campaign/tcc_calibration_confirmatory_v1/runs/PUB-02/near_limit_long/rep_0088/attempt_000/sampler_summary.csv"", ""artifacts/publication_campaign/tcc_calibration_confirmatory_v1/runs/PUB-02/near_limit_long/rep_0088/attempt_000/trace.nc"", ""artifacts/publication_campaign/tcc_calibration_confirmatory_v1/runs/PUB-02/near_limit_long/rep_0088/attempt_000/truth.json"", ""artifacts/publication_campaign/tcc_calibration_confirmatory_v1/runs/PUB-02/near_limit_long/rep_0088/attempt_000/worker_metadata.json""]",0.47044871064209004,True,True
PUB-02__near_limit_long__rep_0089,PUB-02,near_limit_long,rep_0089,tcc_calibration_confirmatory_v1__PUB-02__near_limit_long__rep_0089,"{""generation"": 2050346917, ""inference"": 3639099587, ""predictive"": 3490253080, ""resampling"": 1958668823}",artifacts/publication_campaign/tcc_calibration_confirmatory_v1/runs/PUB-02/near_limit_long/rep_0089,COMPLETED,1,,artifacts/publication_campaign/tcc_calibration_confirmatory_v1/runs/PUB-02/near_limit_long/rep_0089/attempt_000,"[""artifacts/publication_campaign/tcc_calibration_confirmatory_v1/runs/PUB-02/near_limit_long/rep_0089/attempt_000/completion_manifest.json"", ""artifacts/publication_campaign/tcc_calibration_confirmatory_v1/runs/PUB-02/near_limit_long/rep_0089/attempt_000/environment_preflight.json"", ""artifacts/publication_campaign/tcc_calibration_confirmatory_v1/runs/PUB-02/near_limit_long/rep_0089/attempt_000/inference_command.json"", ""artifacts/publication_campaign/tcc_calibration_confirmatory_v1/runs/PUB-02/near_limit_long/rep_0089/attempt_000/inference_config.json"", ""artifacts/publication_campaign/tcc_calibration_confirmatory_v1/runs/PUB-02/near_limit_long/rep_0089/attempt_000/inference_started.json"", ""artifacts/publication_campaign/tcc_calibration_confirmatory_v1/runs/PUB-02/near_limit_long/rep_0089/attempt_000/input.csv"", ""artifacts/publication_campaign/tcc_calibration_confirmatory_v1/runs/PUB-02/near_limit_long/rep_0089/attempt_000/job.json"", ""artifacts/publication_campaign/tcc_calibration_confirmatory_v1/runs/PUB-02/near_limit_long/rep_0089/attempt_000/predictive_summary.csv"", ""artifacts/publication_campaign/tcc_calibration_confirmatory_v1/runs/PUB-02/near_limit_long/rep_0089/attempt_000/result.json"", ""artifacts/publication_campaign/tcc_calibration_confirmatory_v1/runs/PUB-02/near_limit_long/rep_0089/attempt_000/sampler_summary.csv"", ""artifacts/publication_campaign/tcc_calibration_confirmatory_v1/runs/PUB-02/near_limit_long/rep_0089/attempt_000/trace.nc"", ""artifacts/publication_campaign/tcc_calibration_confirmatory_v1/runs/PUB-02/near_limit_long/rep_0089/attempt_000/truth.json"", ""artifacts/publication_campaign/tcc_calibration_confirmatory_v1/runs/PUB-02/near_limit_long/rep_0089/attempt_000/worker_metadata.json""]",0.47044871064209004,True,True
PUB-02__near_limit_long__rep_0090,PUB-02,near_limit_long,rep_0090,tcc_calibration_confirmatory_v1__PUB-02__near_limit_long__rep_0090,"{""generation"": 2698207428, ""inference"": 783608120, ""predictive"": 665663268, ""resampling"": 3551888566}",artifacts/publication_campaign/tcc_calibration_confirmatory_v1/runs/PUB-02/near_limit_long/rep_0090,COMPLETED,1,,artifacts/publication_campaign/tcc_calibration_confirmatory_v1/runs/PUB-02/near_limit_long/rep_0090/attempt_000,"[""artifacts/publication_campaign/tcc_calibration_confirmatory_v1/runs/PUB-02/near_limit_long/rep_0090/attempt_000/completion_manifest.json"", ""artifacts/publication_campaign/tcc_calibration_confirmatory_v1/runs/PUB-02/near_limit_long/rep_0090/attempt_000/environment_preflight.json"", ""artifacts/publication_campaign/tcc_calibration_confirmatory_v1/runs/PUB-02/near_limit_long/rep_0090/attempt_000/inference_command.json"", ""artifacts/publication_campaign/tcc_calibration_confirmatory_v1/runs/PUB-02/near_limit_long/rep_0090/attempt_000/inference_config.json"", ""artifacts/publication_campaign/tcc_calibration_confirmatory_v1/runs/PUB-02/near_limit_long/rep_0090/attempt_000/inference_started.json"", ""artifacts/publication_campaign/tcc_calibration_confirmatory_v1/runs/PUB-02/near_limit_long/rep_0090/attempt_000/input.csv"", ""artifacts/publication_campaign/tcc_calibration_confirmatory_v1/runs/PUB-02/near_limit_long/rep_0090/attempt_000/job.json"", ""artifacts/publication_campaign/tcc_calibration_confirmatory_v1/runs/PUB-02/near_limit_long/rep_0090/attempt_000/predictive_summary.csv"", ""artifacts/publication_campaign/tcc_calibration_confirmatory_v1/runs/PUB-02/near_limit_long/rep_0090/attempt_000/result.json"", ""artifacts/publication_campaign/tcc_calibration_confirmatory_v1/runs/PUB-02/near_limit_long/rep_0090/attempt_000/sampler_summary.csv"", ""artifacts/publication_campaign/tcc_calibration_confirmatory_v1/runs/PUB-02/near_limit_long/rep_0090/attempt_000/trace.nc"", ""artifacts/publication_campaign/tcc_calibration_confirmatory_v1/runs/PUB-02/near_limit_long/rep_0090/attempt_000/truth.json"", ""artifacts/publication_campaign/tcc_calibration_confirmatory_v1/runs/PUB-02/near_limit_long/rep_0090/attempt_000/worker_metadata.json""]",0.47044871064209004,True,True
PUB-02__near_limit_long__rep_0091,PUB-02,near_limit_long,rep_0091,tcc_calibration_confirmatory_v1__PUB-02__near_limit_long__rep_0091,"{""generation"": 813739989, ""inference"": 2147392176, ""predictive"": 3386891845, ""resampling"": 3746361281}",artifacts/publication_campaign/tcc_calibration_confirmatory_v1/runs/PUB-02/near_limit_long/rep_0091,COMPLETED,1,,artifacts/publication_campaign/tcc_calibration_confirmatory_v1/runs/PUB-02/near_limit_long/rep_0091/attempt_000,"[""artifacts/publication_campaign/tcc_calibration_confirmatory_v1/runs/PUB-02/near_limit_long/rep_0091/attempt_000/completion_manifest.json"", ""artifacts/publication_campaign/tcc_calibration_confirmatory_v1/runs/PUB-02/near_limit_long/rep_0091/attempt_000/environment_preflight.json"", ""artifacts/publication_campaign/tcc_calibration_confirmatory_v1/runs/PUB-02/near_limit_long/rep_0091/attempt_000/inference_command.json"", ""artifacts/publication_campaign/tcc_calibration_confirmatory_v1/runs/PUB-02/near_limit_long/rep_0091/attempt_000/inference_config.json"", ""artifacts/publication_campaign/tcc_calibration_confirmatory_v1/runs/PUB-02/near_limit_long/rep_0091/attempt_000/inference_started.json"", ""artifacts/publication_campaign/tcc_calibration_confirmatory_v1/runs/PUB-02/near_limit_long/rep_0091/attempt_000/input.csv"", ""artifacts/publication_campaign/tcc_calibration_confirmatory_v1/runs/PUB-02/near_limit_long/rep_0091/attempt_000/job.json"", ""artifacts/publication_campaign/tcc_calibration_confirmatory_v1/runs/PUB-02/near_limit_long/rep_0091/attempt_000/predictive_summary.csv"", ""artifacts/publication_campaign/tcc_calibration_confirmatory_v1/runs/PUB-02/near_limit_long/rep_0091/attempt_000/result.json"", ""artifacts/publication_campaign/tcc_calibration_confirmatory_v1/runs/PUB-02/near_limit_long/rep_0091/attempt_000/sampler_summary.csv"", ""artifacts/publication_campaign/tcc_calibration_confirmatory_v1/runs/PUB-02/near_limit_long/rep_0091/attempt_000/trace.nc"", ""artifacts/publication_campaign/tcc_calibration_confirmatory_v1/runs/PUB-02/near_limit_long/rep_0091/attempt_000/truth.json"", ""artifacts/publication_campaign/tcc_calibration_confirmatory_v1/runs/PUB-02/near_limit_long/rep_0091/attempt_000/worker_metadata.json""]",0.47044871064209004,True,True
PUB-02__near_limit_long__rep_0092,PUB-02,near_limit_long,rep_0092,tcc_calibration_confirmatory_v1__PUB-02__near_limit_long__rep_0092,"{""generation"": 1691074043, ""inference"": 1489031838, ""predictive"": 108609285, ""resampling"": 4097433636}",artifacts/publication_campaign/tcc_calibration_confirmatory_v1/runs/PUB-02/near_limit_long/rep_0092,COMPLETED,1,,artifacts/publication_campaign/tcc_calibration_confirmatory_v1/runs/PUB-02/near_limit_long/rep_0092/attempt_000,"[""artifacts/publication_campaign/tcc_calibration_confirmatory_v1/runs/PUB-02/near_limit_long/rep_0092/attempt_000/completion_manifest.json"", ""artifacts/publication_campaign/tcc_calibration_confirmatory_v1/runs/PUB-02/near_limit_long/rep_0092/attempt_000/environment_preflight.json"", ""artifacts/publication_campaign/tcc_calibration_confirmatory_v1/runs/PUB-02/near_limit_long/rep_0092/attempt_000/inference_command.json"", ""artifacts/publication_campaign/tcc_calibration_confirmatory_v1/runs/PUB-02/near_limit_long/rep_0092/attempt_000/inference_config.json"", ""artifacts/publication_campaign/tcc_calibration_confirmatory_v1/runs/PUB-02/near_limit_long/rep_0092/attempt_000/inference_started.json"", ""artifacts/publication_campaign/tcc_calibration_confirmatory_v1/runs/PUB-02/near_limit_long/rep_0092/attempt_000/input.csv"", ""artifacts/publication_campaign/tcc_calibration_confirmatory_v1/runs/PUB-02/near_limit_long/rep_0092/attempt_000/job.json"", ""artifacts/publication_campaign/tcc_calibration_confirmatory_v1/runs/PUB-02/near_limit_long/rep_0092/attempt_000/predictive_summary.csv"", ""artifacts/publication_campaign/tcc_calibration_confirmatory_v1/runs/PUB-02/near_limit_long/rep_0092/attempt_000/result.json"", ""artifacts/publication_campaign/tcc_calibration_confirmatory_v1/runs/PUB-02/near_limit_long/rep_0092/attempt_000/sampler_summary.csv"", ""artifacts/publication_campaign/tcc_calibration_confirmatory_v1/runs/PUB-02/near_limit_long/rep_0092/attempt_000/trace.nc"", ""artifacts/publication_campaign/tcc_calibration_confirmatory_v1/runs/PUB-02/near_limit_long/rep_0092/attempt_000/truth.json"", ""artifacts/publication_campaign/tcc_calibration_confirmatory_v1/runs/PUB-02/near_limit_long/rep_0092/attempt_000/worker_metadata.json""]",0.47044871064209004,True,True
PUB-02__near_limit_long__rep_0093,PUB-02,near_limit_long,rep_0093,tcc_calibration_confirmatory_v1__PUB-02__near_limit_long__rep_0093,"{""generation"": 3902993473, ""inference"": 3534283309, ""predictive"": 1393577242, ""resampling"": 1323414861}",artifacts/publication_campaign/tcc_calibration_confirmatory_v1/runs/PUB-02/near_limit_long/rep_0093,COMPLETED,1,,artifacts/publication_campaign/tcc_calibration_confirmatory_v1/runs/PUB-02/near_limit_long/rep_0093/attempt_000,"[""artifacts/publication_campaign/tcc_calibration_confirmatory_v1/runs/PUB-02/near_limit_long/rep_0093/attempt_000/completion_manifest.json"", ""artifacts/publication_campaign/tcc_calibration_confirmatory_v1/runs/PUB-02/near_limit_long/rep_0093/attempt_000/environment_preflight.json"", ""artifacts/publication_campaign/tcc_calibration_confirmatory_v1/runs/PUB-02/near_limit_long/rep_0093/attempt_000/inference_command.json"", ""artifacts/publication_campaign/tcc_calibration_confirmatory_v1/runs/PUB-02/near_limit_long/rep_0093/attempt_000/inference_config.json"", ""artifacts/publication_campaign/tcc_calibration_confirmatory_v1/runs/PUB-02/near_limit_long/rep_0093/attempt_000/inference_started.json"", ""artifacts/publication_campaign/tcc_calibration_confirmatory_v1/runs/PUB-02/near_limit_long/rep_0093/attempt_000/input.csv"", ""artifacts/publication_campaign/tcc_calibration_confirmatory_v1/runs/PUB-02/near_limit_long/rep_0093/attempt_000/job.json"", ""artifacts/publication_campaign/tcc_calibration_confirmatory_v1/runs/PUB-02/near_limit_long/rep_0093/attempt_000/predictive_summary.csv"", ""artifacts/publication_campaign/tcc_calibration_confirmatory_v1/runs/PUB-02/near_limit_long/rep_0093/attempt_000/result.json"", ""artifacts/publication_campaign/tcc_calibration_confirmatory_v1/runs/PUB-02/near_limit_long/rep_0093/attempt_000/sampler_summary.csv"", ""artifacts/publication_campaign/tcc_calibration_confirmatory_v1/runs/PUB-02/near_limit_long/rep_0093/attempt_000/trace.nc"", ""artifacts/publication_campaign/tcc_calibration_confirmatory_v1/runs/PUB-02/near_limit_long/rep_0093/attempt_000/truth.json"", ""artifacts/publication_campaign/tcc_calibration_confirmatory_v1/runs/PUB-02/near_limit_long/rep_0093/attempt_000/worker_metadata.json""]",0.47044871064209004,True,True
PUB-02__near_limit_long__rep_0094,PUB-02,near_limit_long,rep_0094,tcc_calibration_confirmatory_v1__PUB-02__near_limit_long__rep_0094,"{""generation"": 1937798020, ""inference"": 1144747105, ""predictive"": 4008931192, ""resampling"": 434888828}",artifacts/publication_campaign/tcc_calibration_confirmatory_v1/runs/PUB-02/near_limit_long/rep_0094,COMPLETED,1,,artifacts/publication_campaign/tcc_calibration_confirmatory_v1/runs/PUB-02/near_limit_long/rep_0094/attempt_000,"[""artifacts/publication_campaign/tcc_calibration_confirmatory_v1/runs/PUB-02/near_limit_long/rep_0094/attempt_000/completion_manifest.json"", ""artifacts/publication_campaign/tcc_calibration_confirmatory_v1/runs/PUB-02/near_limit_long/rep_0094/attempt_000/environment_preflight.json"", ""artifacts/publication_campaign/tcc_calibration_confirmatory_v1/runs/PUB-02/near_limit_long/rep_0094/attempt_000/inference_command.json"", ""artifacts/publication_campaign/tcc_calibration_confirmatory_v1/runs/PUB-02/near_limit_long/rep_0094/attempt_000/inference_config.json"", ""artifacts/publication_campaign/tcc_calibration_confirmatory_v1/runs/PUB-02/near_limit_long/rep_0094/attempt_000/inference_started.json"", ""artifacts/publication_campaign/tcc_calibration_confirmatory_v1/runs/PUB-02/near_limit_long/rep_0094/attempt_000/input.csv"", ""artifacts/publication_campaign/tcc_calibration_confirmatory_v1/runs/PUB-02/near_limit_long/rep_0094/attempt_000/job.json"", ""artifacts/publication_campaign/tcc_calibration_confirmatory_v1/runs/PUB-02/near_limit_long/rep_0094/attempt_000/predictive_summary.csv"", ""artifacts/publication_campaign/tcc_calibration_confirmatory_v1/runs/PUB-02/near_limit_long/rep_0094/attempt_000/result.json"", ""artifacts/publication_campaign/tcc_calibration_confirmatory_v1/runs/PUB-02/near_limit_long/rep_0094/attempt_000/sampler_summary.csv"", ""artifacts/publication_campaign/tcc_calibration_confirmatory_v1/runs/PUB-02/near_limit_long/rep_0094/attempt_000/trace.nc"", ""artifacts/publication_campaign/tcc_calibration_confirmatory_v1/runs/PUB-02/near_limit_long/rep_0094/attempt_000/truth.json"", ""artifacts/publication_campaign/tcc_calibration_confirmatory_v1/runs/PUB-02/near_limit_long/rep_0094/attempt_000/worker_metadata.json""]",0.47044871064209004,True,True
PUB-02__near_limit_long__rep_0095,PUB-02,near_limit_long,rep_0095,tcc_calibration_confirmatory_v1__PUB-02__near_limit_long__rep_0095,"{""generation"": 3494847171, ""inference"": 1695837391, ""predictive"": 116930311, ""resampling"": 68448016}",artifacts/publication_campaign/tcc_calibration_confirmatory_v1/runs/PUB-02/near_limit_long/rep_0095,COMPLETED,1,,artifacts/publication_campaign/tcc_calibration_confirmatory_v1/runs/PUB-02/near_limit_long/rep_0095/attempt_000,"[""artifacts/publication_campaign/tcc_calibration_confirmatory_v1/runs/PUB-02/near_limit_long/rep_0095/attempt_000/completion_manifest.json"", ""artifacts/publication_campaign/tcc_calibration_confirmatory_v1/runs/PUB-02/near_limit_long/rep_0095/attempt_000/environment_preflight.json"", ""artifacts/publication_campaign/tcc_calibration_confirmatory_v1/runs/PUB-02/near_limit_long/rep_0095/attempt_000/inference_command.json"", ""artifacts/publication_campaign/tcc_calibration_confirmatory_v1/runs/PUB-02/near_limit_long/rep_0095/attempt_000/inference_config.json"", ""artifacts/publication_campaign/tcc_calibration_confirmatory_v1/runs/PUB-02/near_limit_long/rep_0095/attempt_000/inference_started.json"", ""artifacts/publication_campaign/tcc_calibration_confirmatory_v1/runs/PUB-02/near_limit_long/rep_0095/attempt_000/input.csv"", ""artifacts/publication_campaign/tcc_calibration_confirmatory_v1/runs/PUB-02/near_limit_long/rep_0095/attempt_000/job.json"", ""artifacts/publication_campaign/tcc_calibration_confirmatory_v1/runs/PUB-02/near_limit_long/rep_0095/attempt_000/predictive_summary.csv"", ""artifacts/publication_campaign/tcc_calibration_confirmatory_v1/runs/PUB-02/near_limit_long/rep_0095/attempt_000/result.json"", ""artifacts/publication_campaign/tcc_calibration_confirmatory_v1/runs/PUB-02/near_limit_long/rep_0095/attempt_000/sampler_summary.csv"", ""artifacts/publication_campaign/tcc_calibration_confirmatory_v1/runs/PUB-02/near_limit_long/rep_0095/attempt_000/trace.nc"", ""artifacts/publication_campaign/tcc_calibration_confirmatory_v1/runs/PUB-02/near_limit_long/rep_0095/attempt_000/truth.json"", ""artifacts/publication_campaign/tcc_calibration_confirmatory_v1/runs/PUB-02/near_limit_long/rep_0095/attempt_000/worker_metadata.json""]",0.47044871064209004,True,True
PUB-02__near_limit_long__rep_0096,PUB-02,near_limit_long,rep_0096,tcc_calibration_confirmatory_v1__PUB-02__near_limit_long__rep_0096,"{""generation"": 1840851640, ""inference"": 515351493, ""predictive"": 2291298639, ""resampling"": 1594294425}",artifacts/publication_campaign/tcc_calibration_confirmatory_v1/runs/PUB-02/near_limit_long/rep_0096,COMPLETED,1,,artifacts/publication_campaign/tcc_calibration_confirmatory_v1/runs/PUB-02/near_limit_long/rep_0096/attempt_000,"[""artifacts/publication_campaign/tcc_calibration_confirmatory_v1/runs/PUB-02/near_limit_long/rep_0096/attempt_000/completion_manifest.json"", ""artifacts/publication_campaign/tcc_calibration_confirmatory_v1/runs/PUB-02/near_limit_long/rep_0096/attempt_000/environment_preflight.json"", ""artifacts/publication_campaign/tcc_calibration_confirmatory_v1/runs/PUB-02/near_limit_long/rep_0096/attempt_000/inference_command.json"", ""artifacts/publication_campaign/tcc_calibration_confirmatory_v1/runs/PUB-02/near_limit_long/rep_0096/attempt_000/inference_config.json"", ""artifacts/publication_campaign/tcc_calibration_confirmatory_v1/runs/PUB-02/near_limit_long/rep_0096/attempt_000/inference_started.json"", ""artifacts/publication_campaign/tcc_calibration_confirmatory_v1/runs/PUB-02/near_limit_long/rep_0096/attempt_000/input.csv"", ""artifacts/publication_campaign/tcc_calibration_confirmatory_v1/runs/PUB-02/near_limit_long/rep_0096/attempt_000/job.json"", ""artifacts/publication_campaign/tcc_calibration_confirmatory_v1/runs/PUB-02/near_limit_long/rep_0096/attempt_000/predictive_summary.csv"", ""artifacts/publication_campaign/tcc_calibration_confirmatory_v1/runs/PUB-02/near_limit_long/rep_0096/attempt_000/result.json"", ""artifacts/publication_campaign/tcc_calibration_confirmatory_v1/runs/PUB-02/near_limit_long/rep_0096/attempt_000/sampler_summary.csv"", ""artifacts/publication_campaign/tcc_calibration_confirmatory_v1/runs/PUB-02/near_limit_long/rep_0096/attempt_000/trace.nc"", ""artifacts/publication_campaign/tcc_calibration_confirmatory_v1/runs/PUB-02/near_limit_long/rep_0096/attempt_000/truth.json"", ""artifacts/publication_campaign/tcc_calibration_confirmatory_v1/runs/PUB-02/near_limit_long/rep_0096/attempt_000/worker_metadata.json""]",0.47044871064209004,True,True
PUB-02__near_limit_long__rep_0097,PUB-02,near_limit_long,rep_0097,tcc_calibration_confirmatory_v1__PUB-02__near_limit_long__rep_0097,"{""generation"": 3474117615, ""inference"": 3660283626, ""predictive"": 1068859200, ""resampling"": 1095685858}",artifacts/publication_campaign/tcc_calibration_confirmatory_v1/runs/PUB-02/near_limit_long/rep_0097,COMPLETED,1,,artifacts/publication_campaign/tcc_calibration_confirmatory_v1/runs/PUB-02/near_limit_long/rep_0097/attempt_000,"[""artifacts/publication_campaign/tcc_calibration_confirmatory_v1/runs/PUB-02/near_limit_long/rep_0097/attempt_000/completion_manifest.json"", ""artifacts/publication_campaign/tcc_calibration_confirmatory_v1/runs/PUB-02/near_limit_long/rep_0097/attempt_000/environment_preflight.json"", ""artifacts/publication_campaign/tcc_calibration_confirmatory_v1/runs/PUB-02/near_limit_long/rep_0097/attempt_000/inference_command.json"", ""artifacts/publication_campaign/tcc_calibration_confirmatory_v1/runs/PUB-02/near_limit_long/rep_0097/attempt_000/inference_config.json"", ""artifacts/publication_campaign/tcc_calibration_confirmatory_v1/runs/PUB-02/near_limit_long/rep_0097/attempt_000/inference_started.json"", ""artifacts/publication_campaign/tcc_calibration_confirmatory_v1/runs/PUB-02/near_limit_long/rep_0097/attempt_000/input.csv"", ""artifacts/publication_campaign/tcc_calibration_confirmatory_v1/runs/PUB-02/near_limit_long/rep_0097/attempt_000/job.json"", ""artifacts/publication_campaign/tcc_calibration_confirmatory_v1/runs/PUB-02/near_limit_long/rep_0097/attempt_000/predictive_summary.csv"", ""artifacts/publication_campaign/tcc_calibration_confirmatory_v1/runs/PUB-02/near_limit_long/rep_0097/attempt_000/result.json"", ""artifacts/publication_campaign/tcc_calibration_confirmatory_v1/runs/PUB-02/near_limit_long/rep_0097/attempt_000/sampler_summary.csv"", ""artifacts/publication_campaign/tcc_calibration_confirmatory_v1/runs/PUB-02/near_limit_long/rep_0097/attempt_000/trace.nc"", ""artifacts/publication_campaign/tcc_calibration_confirmatory_v1/runs/PUB-02/near_limit_long/rep_0097/attempt_000/truth.json"", ""artifacts/publication_campaign/tcc_calibration_confirmatory_v1/runs/PUB-02/near_limit_long/rep_0097/attempt_000/worker_metadata.json""]",0.47044871064209004,True,True
PUB-02__near_limit_long__rep_0098,PUB-02,near_limit_long,rep_0098,tcc_calibration_confirmatory_v1__PUB-02__near_limit_long__rep_0098,"{""generation"": 2820826033, ""inference"": 3544426218, ""predictive"": 1815480177, ""resampling"": 4104188377}",artifacts/publication_campaign/tcc_calibration_confirmatory_v1/runs/PUB-02/near_limit_long/rep_0098,COMPLETED_REJECTED,1,,artifacts/publication_campaign/tcc_calibration_confirmatory_v1/runs/PUB-02/near_limit_long/rep_0098/attempt_000,"[""artifacts/publication_campaign/tcc_calibration_confirmatory_v1/runs/PUB-02/near_limit_long/rep_0098/attempt_000/completion_manifest.json"", ""artifacts/publication_campaign/tcc_calibration_confirmatory_v1/runs/PUB-02/near_limit_long/rep_0098/attempt_000/environment_preflight.json"", ""artifacts/publication_campaign/tcc_calibration_confirmatory_v1/runs/PUB-02/near_limit_long/rep_0098/attempt_000/inference_command.json"", ""artifacts/publication_campaign/tcc_calibration_confirmatory_v1/runs/PUB-02/near_limit_long/rep_0098/attempt_000/inference_config.json"", ""artifacts/publication_campaign/tcc_calibration_confirmatory_v1/runs/PUB-02/near_limit_long/rep_0098/attempt_000/inference_started.json"", ""artifacts/publication_campaign/tcc_calibration_confirmatory_v1/runs/PUB-02/near_limit_long/rep_0098/attempt_000/input.csv"", ""artifacts/publication_campaign/tcc_calibration_confirmatory_v1/runs/PUB-02/near_limit_long/rep_0098/attempt_000/job.json"", ""artifacts/publication_campaign/tcc_calibration_confirmatory_v1/runs/PUB-02/near_limit_long/rep_0098/attempt_000/predictive_summary.csv"", ""artifacts/publication_campaign/tcc_calibration_confirmatory_v1/runs/PUB-02/near_limit_long/rep_0098/attempt_000/result.json"", ""artifacts/publication_campaign/tcc_calibration_confirmatory_v1/runs/PUB-02/near_limit_long/rep_0098/attempt_000/sampler_summary.csv"", ""artifacts/publication_campaign/tcc_calibration_confirmatory_v1/runs/PUB-02/near_limit_long/rep_0098/attempt_000/trace.nc"", ""artifacts/publication_campaign/tcc_calibration_confirmatory_v1/runs/PUB-02/near_limit_long/rep_0098/attempt_000/truth.json"", ""artifacts/publication_campaign/tcc_calibration_confirmatory_v1/runs/PUB-02/near_limit_long/rep_0098/attempt_000/worker_metadata.json""]",0.47044871064209004,False,False
PUB-02__near_limit_long__rep_0099,PUB-02,near_limit_long,rep_0099,tcc_calibration_confirmatory_v1__PUB-02__near_limit_long__rep_0099,"{""generation"": 3939735051, ""inference"": 2259891359, ""predictive"": 1855673263, ""resampling"": 1455351456}",artifacts/publication_campaign/tcc_calibration_confirmatory_v1/runs/PUB-02/near_limit_long/rep_0099,COMPLETED,1,,artifacts/publication_campaign/tcc_calibration_confirmatory_v1/runs/PUB-02/near_limit_long/rep_0099/attempt_000,"[""artifacts/publication_campaign/tcc_calibration_confirmatory_v1/runs/PUB-02/near_limit_long/rep_0099/attempt_000/completion_manifest.json"", ""artifacts/publication_campaign/tcc_calibration_confirmatory_v1/runs/PUB-02/near_limit_long/rep_0099/attempt_000/environment_preflight.json"", ""artifacts/publication_campaign/tcc_calibration_confirmatory_v1/runs/PUB-02/near_limit_long/rep_0099/attempt_000/inference_command.json"", ""artifacts/publication_campaign/tcc_calibration_confirmatory_v1/runs/PUB-02/near_limit_long/rep_0099/attempt_000/inference_config.json"", ""artifacts/publication_campaign/tcc_calibration_confirmatory_v1/runs/PUB-02/near_limit_long/rep_0099/attempt_000/inference_started.json"", ""artifacts/publication_campaign/tcc_calibration_confirmatory_v1/runs/PUB-02/near_limit_long/rep_0099/attempt_000/input.csv"", ""artifacts/publication_campaign/tcc_calibration_confirmatory_v1/runs/PUB-02/near_limit_long/rep_0099/attempt_000/job.json"", ""artifacts/publication_campaign/tcc_calibration_confirmatory_v1/runs/PUB-02/near_limit_long/rep_0099/attempt_000/predictive_summary.csv"", ""artifacts/publication_campaign/tcc_calibration_confirmatory_v1/runs/PUB-02/near_limit_long/rep_0099/attempt_000/result.json"", ""artifacts/publication_campaign/tcc_calibration_confirmatory_v1/runs/PUB-02/near_limit_long/rep_0099/attempt_000/sampler_summary.csv"", ""artifacts/publication_campaign/tcc_calibration_confirmatory_v1/runs/PUB-02/near_limit_long/rep_0099/attempt_000/trace.nc"", ""artifacts/publication_campaign/tcc_calibration_confirmatory_v1/runs/PUB-02/near_limit_long/rep_0099/attempt_000/truth.json"", ""artifacts/publication_campaign/tcc_calibration_confirmatory_v1/runs/PUB-02/near_limit_long/rep_0099/attempt_000/worker_metadata.json""]",0.47044871064209004,True,True
