scenario_id,replicate_id,parameter,status,truth,mean,sd,scientific_gate
deep_short,rep_0000,baseline,completed,1,0.9998978385097337,7.688374840473383e-05,True
deep_short,rep_0000,r,completed,0.1,0.0986915273280876,0.0014649537907582828,True
deep_short,rep_0000,b,completed,0.3,0.2135455091508402,0.134237209340137,True
deep_short,rep_0000,a,completed,5,5.073361755654516,0.1739506617504607,True
deep_short,rep_0000,t0,completed,0.001,0.0012708707933500004,0.00020763185802448193,True
deep_short,rep_0000,q1,completed,0.25,0.21589166171766636,0.13826981908981067,True
deep_short,rep_0000,q2,completed,0.3,0.6133275842356155,0.241635069605807,True
deep_short,rep_0000,extra_sigma,completed,0.0002,0.00013594633127788432,9.604412050025533e-05,True
deep_short,rep_0000,depth,completed,0.010000000000000002,0.009742163119437314,0.00028937758373442707,True
deep_short,rep_0000,full_duration,completed,0.06801140489176338,0.06768046629851172,0.0008092745053817777,True
deep_short,rep_0001,baseline,rejected,1,0.9998800611806804,7.876930751083744e-05,False
deep_short,rep_0001,r,rejected,0.1,0.09970136607983618,0.0012098417299357877,False
deep_short,rep_0001,b,rejected,0.3,0.15165630037018274,0.10367311289207227,False
deep_short,rep_0001,a,rejected,5,5.146476938874259,0.11463824771409925,False
deep_short,rep_0001,t0,rejected,0.001,0.0009168001453183554,0.00019822195511576198,False
deep_short,rep_0001,q1,rejected,0.25,0.18777101312637773,0.12244543695696669,False
deep_short,rep_0001,q2,rejected,0.3,0.5996484749374511,0.24730170005198762,False
deep_short,rep_0001,extra_sigma,rejected,0.0002,0.00028709980839918003,0.0001431260720180275,False
deep_short,rep_0001,depth,rejected,0.010000000000000002,0.00994182574926775,0.00024102912336916138,False
deep_short,rep_0001,full_duration,rejected,0.06801140489176338,0.06761547045921065,0.000722438172894834,False
deep_short,rep_0002,baseline,completed,1,1.0001848980743915,7.972437521508087e-05,True
deep_short,rep_0002,r,completed,0.1,0.1002845644380717,0.00169313446788378,True
deep_short,rep_0002,b,completed,0.3,0.2573879032065066,0.15358858442794363,True
deep_short,rep_0002,a,completed,5,4.993305696177404,0.2328483204119361,True
deep_short,rep_0002,t0,completed,0.001,0.0005380504286922581,0.00021647294728416682,True
deep_short,rep_0002,q1,completed,0.25,0.2522435015518825,0.17997592486972033,True
deep_short,rep_0002,q2,completed,0.3,0.441587866263753,0.26700934478287136,True
deep_short,rep_0002,extra_sigma,completed,0.0002,0.00032554543391460173,0.00014921575783890766,True
deep_short,rep_0002,depth,completed,0.010000000000000002,0.010059859852184012,0.000339830151219198,True
deep_short,rep_0002,full_duration,completed,0.06801140489176338,0.0681250348243073,0.0010691470805225956,True
deep_short,rep_0003,baseline,completed,1,0.999935449128087,7.609455309384987e-05,True
deep_short,rep_0003,r,completed,0.1,0.09893321161125047,0.0017834610521123037,True
deep_short,rep_0003,b,completed,0.3,0.2582730544771538,0.15367971035209088,True
deep_short,rep_0003,a,completed,5,4.941176240120086,0.2289596127618057,True
deep_short,rep_0003,t0,completed,0.001,0.0010511832465426051,0.00022671404860497992,True
deep_short,rep_0003,q1,completed,0.25,0.38336318131105135,0.2262179138656285,True
deep_short,rep_0003,q2,completed,0.3,0.20675001964348355,0.20957826797527487,True
deep_short,rep_0003,extra_sigma,completed,0.0002,0.00016930416916731894,0.00011310480916781905,True
deep_short,rep_0003,depth,completed,0.010000000000000002,0.009790960297857537,0.0003534442770633133,True
deep_short,rep_0003,full_duration,completed,0.06801140489176338,0.068743414814453,0.0010530974385769653,True
deep_short,rep_0004,baseline,completed,1,1.0000906141121568,7.884893401861426e-05,True
deep_short,rep_0004,r,completed,0.1,0.09949462334436782,0.0016076994014182185,True
deep_short,rep_0004,b,completed,0.3,0.2103341283360233,0.13745531188075913,True
deep_short,rep_0004,a,completed,5,5.043032172134503,0.1766127834626821,True
deep_short,rep_0004,t0,completed,0.001,0.0009198454661264901,0.00020337757949128542,True
deep_short,rep_0004,q1,completed,0.25,0.36629953348907696,0.21482822991012188,True
deep_short,rep_0004,q2,completed,0.3,0.3019493384327737,0.23284595688483845,True
deep_short,rep_0004,extra_sigma,completed,0.0002,0.00016423579111112002,0.00011297687748530489,True
deep_short,rep_0004,depth,completed,0.010000000000000002,0.0099017641256286,0.00032020348126904347,True
deep_short,rep_0004,full_duration,completed,0.06801140489176338,0.06816156070494864,0.0008836447382630254,True
deep_short,rep_0005,baseline,completed,1,0.999911866302439,7.808491874055165e-05,True
deep_short,rep_0005,r,completed,0.1,0.09925937757599,0.0021115430634293967,True
deep_short,rep_0005,b,completed,0.3,0.2802180020584485,0.16648867447143145,True
deep_short,rep_0005,a,completed,5,4.941386499771898,0.25085653046651163,True
deep_short,rep_0005,t0,completed,0.001,0.0011456111130777184,0.00021704416989764823,True
deep_short,rep_0005,q1,completed,0.25,0.35170697642616394,0.2268203653605899,True
deep_short,rep_0005,q2,completed,0.3,0.3487911865983085,0.25737676174260876,True
deep_short,rep_0005,extra_sigma,completed,0.0002,0.00015383773395494916,0.0001061401115237026,True
deep_short,rep_0005,depth,completed,0.010000000000000002,0.009856881536228136,0.0004203041628902048,True
deep_short,rep_0005,full_duration,completed,0.06801140489176338,0.06826751690999748,0.0009879747525108665,True
deep_short,rep_0006,baseline,rejected,1,0.9999009943752797,7.874474780530782e-05,False
deep_short,rep_0006,r,rejected,0.1,0.099380241320426,0.0015943837542904075,False
deep_short,rep_0006,b,rejected,0.3,0.1953798699813017,0.133003311731444,False
deep_short,rep_0006,a,rejected,5,5.134245256573384,0.17393706649118507,False
deep_short,rep_0006,t0,rejected,0.001,0.0009493920383202779,0.00021039469716898823,False
deep_short,rep_0006,q1,rejected,0.25,0.33778960968403,0.20442271302331058,False
deep_short,rep_0006,q2,rejected,0.3,0.3539627211450547,0.24690453817958763,False
deep_short,rep_0006,extra_sigma,rejected,0.0002,0.00020413765428452946,0.0001260099051553921,False
deep_short,rep_0006,depth,rejected,0.010000000000000002,0.009878973788947162,0.00031733408374208386,False
deep_short,rep_0006,full_duration,rejected,0.06801140489176338,0.06713031868711714,0.0008774159068406504,False
deep_short,rep_0007,baseline,completed,1,1.0000814241263718,7.60210378822985e-05,True
deep_short,rep_0007,r,completed,0.1,0.10038929173807803,0.002003442793164223,True
deep_short,rep_0007,b,completed,0.3,0.2848339385864303,0.17086317924331132,True
deep_short,rep_0007,a,completed,5,4.91102043968186,0.2579268972072953,True
deep_short,rep_0007,t0,completed,0.001,0.0012588588332231247,0.00022635105010291605,True
deep_short,rep_0007,q1,completed,0.25,0.3438718742790519,0.2305033540726392,True
deep_short,rep_0007,q2,completed,0.3,0.2117155580771542,0.21032428660676694,True
deep_short,rep_0007,extra_sigma,completed,0.0002,0.00014536673955353347,0.00010375313890697126,True
deep_short,rep_0007,depth,completed,0.010000000000000002,0.010082022675252668,0.00040283599241307293,True
deep_short,rep_0007,full_duration,completed,0.06801140489176338,0.06865306054426672,0.001006625558514759,True
deep_short,rep_0008,baseline,completed,1,1.0001488872074287,7.910424104396911e-05,True
deep_short,rep_0008,r,completed,0.1,0.10038633585555308,0.001616926015893586,True
deep_short,rep_0008,b,completed,0.3,0.22895336325649093,0.1380287757011484,True
deep_short,rep_0008,a,completed,5,4.945470463976493,0.1847397512453585,True
deep_short,rep_0008,t0,completed,0.001,0.0011275114437601151,0.00021922390469794964,True
deep_short,rep_0008,q1,completed,0.25,0.25768245437022724,0.1642234137191704,True
deep_short,rep_0008,q2,completed,0.3,0.5959192649940667,0.24735602099023504,True
deep_short,rep_0008,extra_sigma,completed,0.0002,0.00029638840910524347,0.0001455839679742069,True
deep_short,rep_0008,depth,completed,0.010000000000000002,0.01008003022263234,0.00032481185005078735,True
deep_short,rep_0008,full_duration,completed,0.06801140489176338,0.06935002433805942,0.0009310560729017858,True
deep_short,rep_0009,baseline,rejected,1,0.9999828515331768,8.745417326342647e-05,False
deep_short,rep_0009,r,rejected,0.1,0.09812777415308664,0.0018102517043483359,False
deep_short,rep_0009,b,rejected,0.3,0.20338020224185271,0.1402532970358779,False
deep_short,rep_0009,a,rejected,5,5.0066387852359275,0.18779518460910705,False
deep_short,rep_0009,t0,rejected,0.001,0.0009482598427142121,0.0002502257380605415,False
deep_short,rep_0009,q1,rejected,0.25,0.5290235368135059,0.2421391427214804,False
deep_short,rep_0009,q2,rejected,0.3,0.21422429648790559,0.18797997970924857,False
deep_short,rep_0009,extra_sigma,rejected,0.0002,0.0005158270525115971,0.00011966861271946899,False
deep_short,rep_0009,depth,rejected,0.010000000000000002,0.009632336252219464,0.00035736756654177745,False
deep_short,rep_0009,full_duration,rejected,0.06801140489176338,0.068635537946493,0.0010215392101913128,False
deep_short,rep_0010,baseline,rejected,1,1.0000464056754137,7.805472800486931e-05,False
deep_short,rep_0010,r,rejected,0.1,0.09927678042670994,0.0016693461905303339,False
deep_short,rep_0010,b,rejected,0.3,0.20789976931556986,0.1421732251370988,False
deep_short,rep_0010,a,rejected,5,4.998394100376976,0.1911798788958108,False
deep_short,rep_0010,t0,rejected,0.001,0.000894244208001475,0.00021979006232081762,False
deep_short,rep_0010,q1,rejected,0.25,0.3918411792961983,0.23028053303481735,False
deep_short,rep_0010,q2,rejected,0.3,0.2583917934530203,0.22426154742086446,False
deep_short,rep_0010,extra_sigma,rejected,0.0002,0.00020301080399959414,0.00012655519750775346,False
deep_short,rep_0010,depth,rejected,0.010000000000000002,0.009858665151917839,0.0003320819475081231,False
deep_short,rep_0010,full_duration,rejected,0.06801140489176338,0.0687595818462377,0.0009827675445643952,False
deep_short,rep_0011,baseline,completed,1,1.0000343549710127,7.951055383389738e-05,True
deep_short,rep_0011,r,completed,0.1,0.10092397806070474,0.0024330174801927423,True
deep_short,rep_0011,b,completed,0.3,0.540077202765673,0.1299361584662881,True
deep_short,rep_0011,a,completed,5,4.373540484497853,0.30875346993158104,True
deep_short,rep_0011,t0,completed,0.001,0.0011927231659326386,0.0002492946529567715,True
deep_short,rep_0011,q1,completed,0.25,0.3224610061018899,0.23577690646607538,True
deep_short,rep_0011,q2,completed,0.3,0.2955559400024258,0.2614582589621762,True
deep_short,rep_0011,extra_sigma,completed,0.0002,0.00023442351258771055,0.00012970148794102198,True
deep_short,rep_0011,depth,completed,0.010000000000000002,0.010191567441763017,0.00048771893593554304,True
deep_short,rep_0011,full_duration,completed,0.06801140489176338,0.07027318238172742,0.0013153490769010154,True
deep_short,rep_0012,baseline,rejected,1,0.999896377672219,7.588967218468846e-05,False
deep_short,rep_0012,r,rejected,0.1,0.101027566077611,0.0016143720542574312,False
deep_short,rep_0012,b,rejected,0.3,0.2505996485076201,0.1501987075254688,False
deep_short,rep_0012,a,rejected,5,5.064434064071948,0.22148915835821875,False
deep_short,rep_0012,t0,rejected,0.001,-0.24891439394917106,0.43303521708373344,False
deep_short,rep_0012,q1,rejected,0.25,0.22640689514788204,0.1692481554825513,False
deep_short,rep_0012,q2,rejected,0.3,0.39070881838722094,0.26990760484480086,False
deep_short,rep_0012,extra_sigma,rejected,0.0002,0.0001684976472979549,0.00011377843350311355,False
deep_short,rep_0012,depth,rejected,0.010000000000000002,0.01020917465314634,0.0003262960520726941,False
deep_short,rep_0012,full_duration,rejected,0.06801140489176338,0.0673267198932854,0.0009591596445525385,False
deep_short,rep_0013,baseline,completed,1,0.9999654224104214,8.018679508587436e-05,True
deep_short,rep_0013,r,completed,0.1,0.09847596070523161,0.0020618503697512657,True
deep_short,rep_0013,b,completed,0.3,0.2500776526760685,0.1563336872581803,True
deep_short,rep_0013,a,completed,5,4.938847946218975,0.22732140525906888,True
deep_short,rep_0013,t0,completed,0.001,0.0009493093308624625,0.0002334054382678472,True
deep_short,rep_0013,q1,completed,0.25,0.5412765029001994,0.24770220005838414,True
deep_short,rep_0013,q2,completed,0.3,0.24443579585169042,0.19689985736320098,True
deep_short,rep_0013,extra_sigma,completed,0.0002,0.0002961470428996944,0.00014492743026380296,True
deep_short,rep_0013,depth,completed,0.010000000000000002,0.009701765000958826,0.0004088292065660306,True
deep_short,rep_0013,full_duration,completed,0.06801140489176338,0.06884011332440201,0.001063672073476568,True
deep_short,rep_0014,baseline,completed,1,1.0000548923364925,7.44115231585097e-05,True
deep_short,rep_0014,r,completed,0.1,0.10109682058399427,0.0014535948783952078,True
deep_short,rep_0014,b,completed,0.3,0.26902766429807784,0.14729566724882603,True
deep_short,rep_0014,a,completed,5,5.047150366990966,0.2184906211651241,True
deep_short,rep_0014,t0,completed,0.001,0.0007441769108887271,0.00020405977688105843,True
deep_short,rep_0014,q1,completed,0.25,0.1677868062678404,0.13960381514972364,True
deep_short,rep_0014,q2,completed,0.3,0.33786514238372195,0.2670135153688926,True
deep_short,rep_0014,extra_sigma,completed,0.0002,0.00012646388702245543,9.345608547897211e-05,True
deep_short,rep_0014,depth,completed,0.010000000000000002,0.010222679542028306,0.00029351250506603327,True
deep_short,rep_0014,full_duration,completed,0.06801140489176338,0.0673080268212625,0.0008695502510026709,True
deep_short,rep_0015,baseline,completed,1,1.000163140829157,7.834765513443681e-05,True
deep_short,rep_0015,r,completed,0.1,0.09972371655327111,0.0018928420836069998,True
deep_short,rep_0015,b,completed,0.3,0.262982157518259,0.15313174865402496,True
deep_short,rep_0015,a,completed,5,4.945756116834396,0.22090412510335766,True
deep_short,rep_0015,t0,completed,0.001,0.000758462699122543,0.00021779855799975304,True
deep_short,rep_0015,q1,completed,0.25,0.330391637880115,0.21205124341643708,True
deep_short,rep_0015,q2,completed,0.3,0.44715139946245835,0.26145118819416835,True
deep_short,rep_0015,extra_sigma,completed,0.0002,0.00022975143665472582,0.00013648846892643288,True
deep_short,rep_0015,depth,completed,0.010000000000000002,0.009948401598637845,0.00037784756105854327,True
deep_short,rep_0015,full_duration,completed,0.06801140489176338,0.06866669827379698,0.00104606479086538,True
deep_short,rep_0016,baseline,completed,1,0.9999335157710486,7.52218679204184e-05,True
deep_short,rep_0016,r,completed,0.1,0.09971726742060122,0.0015014988962981281,True
deep_short,rep_0016,b,completed,0.3,0.24092093978432974,0.14989407717162598,True
deep_short,rep_0016,a,completed,5,5.0677743229520225,0.21308816425211152,True
deep_short,rep_0016,t0,completed,0.001,0.0008954758088849324,0.00020774338756702338,True
deep_short,rep_0016,q1,completed,0.25,0.1996246583354098,0.15688981024223164,True
deep_short,rep_0016,q2,completed,0.3,0.3370560155671717,0.2592992267895983,True
deep_short,rep_0016,extra_sigma,completed,0.0002,0.00018842032826139437,0.00012168377136085715,True
deep_short,rep_0016,depth,completed,0.010000000000000002,0.00994578735714255,0.00029917666824140585,True
deep_short,rep_0016,full_duration,completed,0.06801140489176338,0.06733213805176938,0.000895449764170748,True
deep_short,rep_0017,baseline,completed,1,1.0000470929684877,7.77618952588051e-05,True
deep_short,rep_0017,r,completed,0.1,0.1016376365532994,0.0024283975878899833,True
deep_short,rep_0017,b,completed,0.3,0.3924748692285052,0.17819849152715503,True
deep_short,rep_0017,a,completed,5,4.715299822493517,0.3301525270746816,True
deep_short,rep_0017,t0,completed,0.001,0.0013467829545956926,0.0002248197777750824,True
deep_short,rep_0017,q1,completed,0.25,0.3337750716956207,0.22752710808939297,True
deep_short,rep_0017,q2,completed,0.3,0.3339672691289378,0.2599343926259086,True
deep_short,rep_0017,extra_sigma,completed,0.0002,0.00019792793422230236,0.00013052593019607933,True
deep_short,rep_0017,depth,completed,0.010000000000000002,0.010336104804706743,0.0004929930874244278,True
deep_short,rep_0017,full_duration,completed,0.06801140489176338,0.06923682045665754,0.0013216268354607835,True
deep_short,rep_0018,baseline,completed,1,0.9999981779263398,7.746661308302085e-05,True
deep_short,rep_0018,r,completed,0.1,0.09897335864161516,0.001947808428599114,True
deep_short,rep_0018,b,completed,0.3,0.2853281795061466,0.16048186960643337,True
deep_short,rep_0018,a,completed,5,4.888700540625611,0.24359112367481306,True
deep_short,rep_0018,t0,completed,0.001,0.0011696296281669594,0.000232880602345885,True
deep_short,rep_0018,q1,completed,0.25,0.37976929693656825,0.23930034440683456,True
deep_short,rep_0018,q2,completed,0.3,0.23527255205310765,0.2210842251997642,True
deep_short,rep_0018,extra_sigma,completed,0.0002,0.00025525022354236636,0.00014192387118148114,True
deep_short,rep_0018,depth,completed,0.010000000000000002,0.009799518729986882,0.00038569048893641035,True
deep_short,rep_0018,full_duration,completed,0.06801140489176338,0.06898594861072038,0.0011452292026411326,True
deep_short,rep_0019,baseline,completed,1,0.9998753964505213,7.604834330633438e-05,True
deep_short,rep_0019,r,completed,0.1,0.09820034317030271,0.0018379568517145762,True
deep_short,rep_0019,b,completed,0.3,0.2482883375945682,0.1539066749205628,True
deep_short,rep_0019,a,completed,5,5.023742568678885,0.22051270525027497,True
deep_short,rep_0019,t0,completed,0.001,0.0011823451603417538,0.00021339739817777695,True
deep_short,rep_0019,q1,completed,0.25,0.33862887342610243,0.22303317665573372,True
deep_short,rep_0019,q2,completed,0.3,0.29379892573774247,0.24873175644277445,True
deep_short,rep_0019,extra_sigma,completed,0.0002,0.00017746601532133343,0.00011609365245876654,True
deep_short,rep_0019,depth,completed,0.010000000000000002,0.009646684639632638,0.0003613260270537609,True
deep_short,rep_0019,full_duration,completed,0.06801140489176338,0.06768345844270388,0.0009777021583565095,True
deep_short,rep_0020,baseline,rejected,1,0.9997998401712095,7.849021308957417e-05,False
deep_short,rep_0020,r,rejected,0.1,0.09833744669660624,0.0016410929709627959,False
deep_short,rep_0020,b,rejected,0.3,0.22310498864152176,0.1408205272332071,False
deep_short,rep_0020,a,rejected,5,5.043024286136784,0.18951404551392026,False
deep_short,rep_0020,t0,rejected,0.001,0.0009886942497005868,0.0002183926272055491,False
deep_short,rep_0020,q1,rejected,0.25,0.3114121250338021,0.21260229771008618,False
deep_short,rep_0020,q2,rejected,0.3,0.32673594479788337,0.25505545027248927,False
deep_short,rep_0020,extra_sigma,rejected,0.0002,0.00021902467689870485,0.00013069219611767935,False
deep_short,rep_0020,depth,rejected,0.010000000000000002,0.00967294593565068,0.0003226427948599167,False
deep_short,rep_0020,full_duration,rejected,0.06801140489176338,0.06789815917244933,0.0009567090060388434,False
deep_short,rep_0021,baseline,completed,1,0.9998994791020964,8.044874240063982e-05,True
deep_short,rep_0021,r,completed,0.1,0.09874014187880413,0.0031134353347136152,True
deep_short,rep_0021,b,completed,0.3,0.45140227975530933,0.18042298704637322,True
deep_short,rep_0021,a,completed,5,4.44847284059052,0.41515522988420145,True
deep_short,rep_0021,t0,completed,0.001,0.0008935723114891714,0.0002741645199433685,True
deep_short,rep_0021,q1,completed,0.25,0.5711410239927255,0.23427033746752188,True
deep_short,rep_0021,q2,completed,0.3,0.30536524269537735,0.2113276902032969,True
deep_short,rep_0021,extra_sigma,completed,0.0002,0.00026849643583387204,0.0001440666701574827,True
deep_short,rep_0021,depth,completed,0.010000000000000002,0.009759306674459916,0.0006185689466932271,True
deep_short,rep_0021,full_duration,completed,0.06801140489176338,0.07156269559095291,0.002197148771112642,True
deep_short,rep_0022,baseline,completed,1,0.9998970220387905,7.761417203743721e-05,True
deep_short,rep_0022,r,completed,0.1,0.1019951440176161,0.0017084958656771532,True
deep_short,rep_0022,b,completed,0.3,0.34689454194543706,0.15838743223730445,True
deep_short,rep_0022,a,completed,5,4.908029346799605,0.2902986681714296,True
deep_short,rep_0022,t0,completed,0.001,0.001263157073493409,0.0002189796618044198,True
deep_short,rep_0022,q1,completed,0.25,0.1913780478972319,0.1545194304419732,True
deep_short,rep_0022,q2,completed,0.3,0.3699665737570558,0.2732039469709984,True
deep_short,rep_0022,extra_sigma,completed,0.0002,0.0002297559574362772,0.00013484590617666116,True
deep_short,rep_0022,depth,completed,0.010000000000000002,0.010405927631557756,0.00034795476861396683,True
deep_short,rep_0022,full_duration,completed,0.06801140489176338,0.06775817561520363,0.0011853879497426105,True
deep_short,rep_0023,baseline,rejected,1,0.9999002564243904,7.686042255233113e-05,False
deep_short,rep_0023,r,rejected,0.1,0.09836641794320457,0.001686851257707073,False
deep_short,rep_0023,b,rejected,0.3,0.2130052713509228,0.14155575022355762,False
deep_short,rep_0023,a,rejected,5,4.975303552436299,0.18099139675843506,False
deep_short,rep_0023,t0,rejected,0.001,0.0010004765275931867,0.00021623531770527136,False
deep_short,rep_0023,q1,rejected,0.25,0.4475031622325886,0.2360355133574716,False
deep_short,rep_0023,q2,rejected,0.3,0.1822472629880461,0.18207740082619706,False
deep_short,rep_0023,extra_sigma,rejected,0.0002,0.00012864780575838763,9.173589445799831e-05,False
deep_short,rep_0023,depth,rejected,0.010000000000000002,0.009678796934776034,0.00033259701961297136,False
deep_short,rep_0023,full_duration,rejected,0.06801140489176338,0.06895915939586847,0.0009132772524850145,False
deep_short,rep_0024,baseline,completed,1,1.0000946303386016,8.133035844072205e-05,True
deep_short,rep_0024,r,completed,0.1,0.10089853921493933,0.001367686736083354,True
deep_short,rep_0024,b,completed,0.3,0.200065386283674,0.12736972082681777,True
deep_short,rep_0024,a,completed,5,5.094263486518394,0.1642311066102705,True
deep_short,rep_0024,t0,completed,0.001,0.0008878228428789736,0.00019961677481854042,True
deep_short,rep_0024,q1,completed,0.25,0.1999422713616679,0.15486891338672235,True
deep_short,rep_0024,q2,completed,0.3,0.3770862657998425,0.26121017971332516,True
deep_short,rep_0024,extra_sigma,completed,0.0002,0.00029114274670347773,0.00014607252635377176,True
deep_short,rep_0024,depth,completed,0.010000000000000002,0.010182385315074953,0.0002754825276782483,True
deep_short,rep_0024,full_duration,completed,0.06801140489176338,0.0677584447227926,0.0008605254491620473,True
deep_short,rep_0025,baseline,completed,1,0.9998849778913227,7.590992222267096e-05,True
deep_short,rep_0025,r,completed,0.1,0.10063699435552802,0.0025723919511562478,True
deep_short,rep_0025,b,completed,0.3,0.47054652053989326,0.1443377567711619,True
deep_short,rep_0025,a,completed,5,4.491034061360708,0.2829312478426585,True
deep_short,rep_0025,t0,completed,0.001,0.0009065422611622977,0.0002304094530358307,True
deep_short,rep_0025,q1,completed,0.25,0.43604890307334054,0.23825503841882054,True
deep_short,rep_0025,q2,completed,0.3,0.31709719344823073,0.2466834901468091,True
deep_short,rep_0025,extra_sigma,completed,0.0002,0.0001614663891996631,0.00010997648519224296,True
deep_short,rep_0025,depth,completed,0.010000000000000002,0.010134420178964864,0.0005162277082291944,True
deep_short,rep_0025,full_duration,completed,0.06801140489176338,0.07073830191440506,0.0011648800936819343,True
deep_short,rep_0026,baseline,rejected,1,0.9999138200263117,7.700059642615094e-05,False
deep_short,rep_0026,r,rejected,0.1,0.09861311295749707,0.0016044433198325026,False
deep_short,rep_0026,b,rejected,0.3,0.19683388614424083,0.12591712266967,False
deep_short,rep_0026,a,rejected,5,5.043293408290673,0.15728808999367813,False
deep_short,rep_0026,t0,rejected,0.001,0.000881535662931853,0.0002235482159482329,False
deep_short,rep_0026,q1,rejected,0.25,0.4566604914211846,0.2385004688504487,False
deep_short,rep_0026,q2,rejected,0.3,0.26899547838259374,0.22034464771723813,False
deep_short,rep_0026,extra_sigma,rejected,0.0002,0.0002218705299801127,0.00013443103521586317,False
deep_short,rep_0026,depth,rejected,0.010000000000000002,0.00972711964197504,0.0003167045707331898,False
deep_short,rep_0026,full_duration,rejected,0.06801140489176338,0.06835204782482282,0.0009488368653546844,False
deep_short,rep_0027,baseline,rejected,1,1.000026348993313,8.018723367276898e-05,False
deep_short,rep_0027,r,rejected,0.1,0.0997065982421314,0.0013772785465196193,False
deep_short,rep_0027,b,rejected,0.3,0.168744061195513,0.11123711458339555,False
deep_short,rep_0027,a,rejected,5,5.126999939158805,0.12844337305270956,False
deep_short,rep_0027,t0,rejected,0.001,0.001157386561076062,0.00019889881413209107,False
deep_short,rep_0027,q1,rejected,0.25,0.23832956526866542,0.16595528284410732,False
deep_short,rep_0027,q2,rejected,0.3,0.44875082614818196,0.2669159217758624,False
deep_short,rep_0027,extra_sigma,rejected,0.0002,0.00019993021427810873,0.00012920337341072182,False
deep_short,rep_0027,depth,rejected,0.010000000000000002,0.009943302154988455,0.00027444757025729525,False
deep_short,rep_0027,full_duration,rejected,0.06801140489176338,0.06767587236099988,0.0007816093242135833,False
deep_short,rep_0028,baseline,completed,1,0.9999802843440138,8.03837125798526e-05,True
deep_short,rep_0028,r,completed,0.1,0.09982481727525247,0.002048390660386258,True
deep_short,rep_0028,b,completed,0.3,0.3443236854399436,0.17709237278127246,True
deep_short,rep_0028,a,completed,5,4.812313707931615,0.31196924109843815,True
deep_short,rep_0028,t0,completed,0.001,0.0013159608663460662,0.0002371719351529446,True
deep_short,rep_0028,q1,completed,0.25,0.2523731377331485,0.21044792111517732,True
deep_short,rep_0028,q2,completed,0.3,0.32404233162259427,0.2636742993314377,True
deep_short,rep_0028,extra_sigma,completed,0.0002,0.00028290723047634726,0.00015112819087741288,True
deep_short,rep_0028,depth,completed,0.010000000000000002,0.009969188999359026,0.0004079539713401023,True
deep_short,rep_0028,full_duration,completed,0.06801140489176338,0.06882524693257551,0.0013117958211570596,True
deep_short,rep_0029,baseline,completed,1,0.9998896951822882,7.899560290787919e-05,True
deep_short,rep_0029,r,completed,0.1,0.10047042832464194,0.0026108121710603834,True
deep_short,rep_0029,b,completed,0.3,0.4186315920274182,0.17532940461328345,True
deep_short,rep_0029,a,completed,5,4.631792658823949,0.33712018380866837,True
deep_short,rep_0029,t0,completed,0.001,0.000984675115097476,0.00023300856885883717,True
deep_short,rep_0029,q1,completed,0.25,0.36053220060730856,0.2440205549112122,True
deep_short,rep_0029,q2,completed,0.3,0.3208829003117012,0.26161601466144746,True
deep_short,rep_0029,extra_sigma,completed,0.0002,0.00022786002539156312,0.00013717488957090072,True
deep_short,rep_0029,depth,completed,0.010000000000000002,0.010101121603844526,0.00052442615281128,True
deep_short,rep_0029,full_duration,completed,0.06801140489176338,0.06973718124476594,0.0013146932059721528,True
deep_short,rep_0030,baseline,completed,1,1.0000144351199283,7.804097479147783e-05,True
deep_short,rep_0030,r,completed,0.1,0.10051398771987888,0.002222617476883982,True
deep_short,rep_0030,b,completed,0.3,0.3725734634116732,0.16162249857572566,True
deep_short,rep_0030,a,completed,5,4.756982129184029,0.2833359783403591,True
deep_short,rep_0030,t0,completed,0.001,0.0010188732362692522,0.0002226519477839597,True
deep_short,rep_0030,q1,completed,0.25,0.3407348843695166,0.2282660280971942,True
deep_short,rep_0030,q2,completed,0.3,0.34225455243348996,0.26106617883030875,True
deep_short,rep_0030,extra_sigma,completed,0.0002,0.0001268871391996625,9.193315280523978e-05,True
deep_short,rep_0030,depth,completed,0.010000000000000002,0.0101080005207934,0.00044625327503674427,True
deep_short,rep_0030,full_duration,completed,0.06801140489176338,0.06920958081571792,0.0011614476547877435,True
deep_short,rep_0031,baseline,completed,1,1.000038266442369,7.82374335339056e-05,True
deep_short,rep_0031,r,completed,0.1,0.10049539123129515,0.0024345008608746862,True
deep_short,rep_0031,b,completed,0.3,0.3507063409491183,0.18630988270334928,True
deep_short,rep_0031,a,completed,5,4.746202618838077,0.32051503280719273,True
deep_short,rep_0031,t0,completed,0.001,0.0011411112930083637,0.00023148306935369753,True
deep_short,rep_0031,q1,completed,0.25,0.4013602452741913,0.25442451585309495,True
deep_short,rep_0031,q2,completed,0.3,0.231979764643051,0.2186373956098199,True
deep_short,rep_0031,extra_sigma,completed,0.0002,0.00017191273306241177,0.00011554620552836548,True
deep_short,rep_0031,depth,completed,0.010000000000000002,0.010105248971474065,0.0004902525038020551,True
deep_short,rep_0031,full_duration,completed,0.06801140489176338,0.06958077268004849,0.0011958565222248128,True
deep_short,rep_0032,baseline,completed,1,1.000087683997656,7.597817140773518e-05,True
deep_short,rep_0032,r,completed,0.1,0.09893203530156545,0.001557039585925212,True
deep_short,rep_0032,b,completed,0.3,0.1949210448582749,0.12942953990221906,True
deep_short,rep_0032,a,completed,5,5.089868913068088,0.16799956624662746,True
deep_short,rep_0032,t0,completed,0.001,0.0009792230287765829,0.00021060450684834151,True
deep_short,rep_0032,q1,completed,0.25,0.4001482856659985,0.22834935746350665,True
deep_short,rep_0032,q2,completed,0.3,0.36158890449513564,0.24600782267354204,True
deep_short,rep_0032,extra_sigma,completed,0.0002,0.00016942274902801829,0.00011447391247484023,True
deep_short,rep_0032,depth,completed,0.010000000000000002,0.009789971375089261,0.00030811611498208537,True
deep_short,rep_0032,full_duration,completed,0.06801140489176338,0.06773424570162967,0.0009514953206262925,True
deep_short,rep_0033,baseline,rejected,1,1.000032741730048,7.701436939122916e-05,False
deep_short,rep_0033,r,rejected,0.1,0.10052868844794506,0.001827574890199839,False
deep_short,rep_0033,b,rejected,0.3,0.2503355490588205,0.1638651425155437,False
deep_short,rep_0033,a,rejected,5,5.024981871109784,0.24220566695936507,False
deep_short,rep_0033,t0,rejected,0.001,-0.2492379834380122,0.4330373808666419,False
deep_short,rep_0033,q1,rejected,0.25,0.2553458411221569,0.20162770096517313,False
deep_short,rep_0033,q2,rejected,0.3,0.25929999913980223,0.24200308669347487,False
deep_short,rep_0033,extra_sigma,rejected,0.0002,0.0002043398074711741,0.00012764280114422523,False
deep_short,rep_0033,depth,rejected,0.010000000000000002,0.010109356396035796,0.0003675237362832678,False
deep_short,rep_0033,full_duration,rejected,0.06801140489176338,0.06769440270044183,0.000978431168240859,False
deep_short,rep_0034,baseline,completed,1,0.9999307133728185,7.826085635088446e-05,True
deep_short,rep_0034,r,completed,0.1,0.09833618969613338,0.0017589673408714092,True
deep_short,rep_0034,b,completed,0.3,0.24280896244108174,0.15268357274867364,True
deep_short,rep_0034,a,completed,5,4.926159685522935,0.22167883494110413,True
deep_short,rep_0034,t0,completed,0.001,0.0008617805627659275,0.00022433285989492717,True
deep_short,rep_0034,q1,completed,0.25,0.29268048722051654,0.19603691700055628,True
deep_short,rep_0034,q2,completed,0.3,0.4416186795791622,0.2661614839205226,True
deep_short,rep_0034,extra_sigma,completed,0.0002,0.0002214520002319112,0.00013504446638500087,True
deep_short,rep_0034,depth,completed,0.010000000000000002,0.00967309939656865,0.0003462621278717788,True
deep_short,rep_0034,full_duration,completed,0.06801140489176338,0.06916075435256383,0.0010497231362635432,True
deep_short,rep_0035,baseline,completed,1,1.000073259654423,7.948902666683444e-05,True
deep_short,rep_0035,r,completed,0.1,0.09911831431006986,0.0017472841023186156,True
deep_short,rep_0035,b,completed,0.3,0.24565790503597768,0.1443705273638072,True
deep_short,rep_0035,a,completed,5,4.999400999865133,0.2013311560666397,True
deep_short,rep_0035,t0,completed,0.001,0.0007429723537083024,0.00021998620023843546,True
deep_short,rep_0035,q1,completed,0.25,0.3319579417662527,0.20809941956500908,True
deep_short,rep_0035,q2,completed,0.3,0.4055022123418845,0.25575831957369766,True
deep_short,rep_0035,extra_sigma,completed,0.0002,0.00025764408901256616,0.0001411086839959125,True
deep_short,rep_0035,depth,completed,0.010000000000000002,0.009827492470153581,0.00034639705028997376,True
deep_short,rep_0035,full_duration,completed,0.06801140489176338,0.06821321021682954,0.0009700164041960063,True
deep_short,rep_0036,baseline,rejected,1,0.9999032723076586,8.183937799844591e-05,False
deep_short,rep_0036,r,rejected,0.1,0.09950963732880812,0.0014868537620601108,False
deep_short,rep_0036,b,rejected,0.3,0.1969847611526221,0.13024769519695018,False
deep_short,rep_0036,a,rejected,5,5.123996409724864,0.16752232623447677,False
deep_short,rep_0036,t0,rejected,0.001,0.0011947196595024875,0.0002109029496675606,False
deep_short,rep_0036,q1,rejected,0.25,0.22204323625837452,0.17380753083586722,False
deep_short,rep_0036,q2,rejected,0.3,0.3335511619052898,0.2665916008463457,False
deep_short,rep_0036,extra_sigma,rejected,0.0002,0.00030157418077068166,0.00014723204394424073,False
deep_short,rep_0036,depth,rejected,0.010000000000000002,0.009904378102737149,0.00029544659237530906,False
deep_short,rep_0036,full_duration,rejected,0.06801140489176338,0.06727960620645222,0.00086850890269298,False
deep_short,rep_0037,baseline,completed,1,0.9999584650235315,7.471663554312592e-05,True
deep_short,rep_0037,r,completed,0.1,0.09900838664143971,0.0018623492045342427,True
deep_short,rep_0037,b,completed,0.3,0.2261021091656719,0.15365438009211527,True
deep_short,rep_0037,a,completed,5,4.976690556107256,0.2063079547466342,True
deep_short,rep_0037,t0,completed,0.001,0.0012470069780301136,0.00021010003253030778,True
deep_short,rep_0037,q1,completed,0.25,0.36349832577325636,0.22824250761424497,True
deep_short,rep_0037,q2,completed,0.3,0.1796410357181349,0.19204484891169135,True
deep_short,rep_0037,extra_sigma,completed,0.0002,0.00014500934591124968,0.00010454633919007769,True
deep_short,rep_0037,depth,completed,0.010000000000000002,0.00980612810281431,0.0003698207900543457,True
deep_short,rep_0037,full_duration,completed,0.06801140489176338,0.06869525057795263,0.000864107127001625,True
deep_short,rep_0038,baseline,rejected,1,1.000018919781957,8.219033586859515e-05,False
deep_short,rep_0038,r,rejected,0.1,0.09881055281691575,0.0015704040922123778,False
deep_short,rep_0038,b,rejected,0.3,0.174805785782741,0.11583805083748366,False
deep_short,rep_0038,a,rejected,5,5.062900001760983,0.14187867913732125,False
deep_short,rep_0038,t0,rejected,0.001,0.0008147312535639404,0.00023174342118766468,False
deep_short,rep_0038,q1,rejected,0.25,0.36542097385467587,0.2251048381389366,False
deep_short,rep_0038,q2,rejected,0.3,0.43135898501933706,0.2521481955780954,False
deep_short,rep_0038,extra_sigma,rejected,0.0002,0.00040924885132147184,0.00014242674831038468,False
deep_short,rep_0038,depth,rejected,0.010000000000000002,0.00976599090045508,0.00031018047290966256,False
deep_short,rep_0038,full_duration,rejected,0.06801140489176338,0.06840316117806233,0.0009394979130888432,False
deep_short,rep_0039,baseline,completed,1,0.9999922205188597,8.283938792143533e-05,True
deep_short,rep_0039,r,completed,0.1,0.10073292578598123,0.001635306378453869,True
deep_short,rep_0039,b,completed,0.3,0.24112649227171934,0.14692829035812197,True
deep_short,rep_0039,a,completed,5,5.055368801980749,0.2161213964428826,True
deep_short,rep_0039,t0,completed,0.001,0.0012917546342866152,0.00021266599146443858,True
deep_short,rep_0039,q1,completed,0.25,0.2768579017304589,0.1911118274460029,True
deep_short,rep_0039,q2,completed,0.3,0.35086463973385534,0.25681268526751755,True
deep_short,rep_0039,extra_sigma,completed,0.0002,0.00020573661350422324,0.0001370733657639094,True
deep_short,rep_0039,depth,completed,0.010000000000000002,0.010149795895798676,0.00032949568630423275,True
deep_short,rep_0039,full_duration,completed,0.06801140489176338,0.06759773159515484,0.0010149196413395721,True
deep_short,rep_0040,baseline,completed,1,1.0000793274074982,8.088061524027824e-05,True
deep_short,rep_0040,r,completed,0.1,0.10004689242508433,0.0020373412186479663,True
deep_short,rep_0040,b,completed,0.3,0.29997171290932884,0.15679638626492148,True
deep_short,rep_0040,a,completed,5,4.90886016666439,0.24646641947808204,True
deep_short,rep_0040,t0,completed,0.001,0.0011919193592375827,0.00022413994550298853,True
deep_short,rep_0040,q1,completed,0.25,0.36914544897163604,0.21984929727150176,True
deep_short,rep_0040,q2,completed,0.3,0.4456636576258965,0.258835932674333,True
deep_short,rep_0040,extra_sigma,completed,0.0002,0.00031584909722305176,0.00014701590649162177,True
deep_short,rep_0040,depth,completed,0.010000000000000002,0.010013530405467787,0.00040770495914265733,True
deep_short,rep_0040,full_duration,completed,0.06801140489176338,0.06855551167656733,0.001151316543001018,True
deep_short,rep_0041,baseline,completed,1,0.9999302421286884,8.599728351340523e-05,True
deep_short,rep_0041,r,completed,0.1,0.0994611168884984,0.0021171024234759206,True
deep_short,rep_0041,b,completed,0.3,0.2729206379737344,0.15697635248995362,True
deep_short,rep_0041,a,completed,5,4.9364059746130495,0.24558604406438983,True
deep_short,rep_0041,t0,completed,0.001,0.0011579694276553103,0.000244745099820271,True
deep_short,rep_0041,q1,completed,0.25,0.39185066180414363,0.22871308622702322,True
deep_short,rep_0041,q2,completed,0.3,0.408892287484372,0.2529500600716987,True
deep_short,rep_0041,extra_sigma,completed,0.0002,0.0005010057734302269,0.00012580578058470762,True
deep_short,rep_0041,depth,completed,0.010000000000000002,0.00989699477484836,0.0004226611297583569,True
deep_short,rep_0041,full_duration,completed,0.06801140489176338,0.06858702640958193,0.0011606091235104243,True
deep_short,rep_0042,baseline,completed,1,0.9999838750767043,7.671337482580335e-05,True
deep_short,rep_0042,r,completed,0.1,0.10133741745995736,0.0014301578689165345,True
deep_short,rep_0042,b,completed,0.3,0.25669120367176457,0.14998706451240365,True
deep_short,rep_0042,a,completed,5,4.988597058876078,0.2128995818610985,True
deep_short,rep_0042,t0,completed,0.001,0.0009970976851918281,0.0002030841935611261,True
deep_short,rep_0042,q1,completed,0.25,0.14931723384388693,0.131094036409247,True
deep_short,rep_0042,q2,completed,0.3,0.30558403842641446,0.2576345717267394,True
deep_short,rep_0042,extra_sigma,completed,0.0002,0.00013138392606339085,9.295891838107488e-05,True
deep_short,rep_0042,depth,completed,0.010000000000000002,0.010271317017645814,0.0002891760818495196,True
deep_short,rep_0042,full_duration,completed,0.06801140489176338,0.06829902320076019,0.0009122377679976482,True
deep_short,rep_0043,baseline,completed,1,0.9999680050129819,8.151847171895352e-05,True
deep_short,rep_0043,r,completed,0.1,0.09942145804841901,0.001674934757181812,True
deep_short,rep_0043,b,completed,0.3,0.2226927700674574,0.13914709830613559,True
deep_short,rep_0043,a,completed,5,5.049823194044623,0.19110520703743017,True
deep_short,rep_0043,t0,completed,0.001,0.000946462022538371,0.0002201312305103637,True
deep_short,rep_0043,q1,completed,0.25,0.26858330623596,0.1885450546348106,True
deep_short,rep_0043,q2,completed,0.3,0.47613947676251167,0.26725416998742263,True
deep_short,rep_0043,extra_sigma,completed,0.0002,0.0002837727168842196,0.00014849551708989982,True
deep_short,rep_0043,depth,completed,0.010000000000000002,0.009887431025562747,0.0003328167396055437,True
deep_short,rep_0043,full_duration,completed,0.06801140489176338,0.06790079637192777,0.000986880345776658,True
deep_short,rep_0044,baseline,completed,1,1.0000512124854368,7.701745356346611e-05,True
deep_short,rep_0044,r,completed,0.1,0.0986427436087484,0.0017951676915912214,True
deep_short,rep_0044,b,completed,0.3,0.21762734740545125,0.1409590716237059,True
deep_short,rep_0044,a,completed,5,4.978849004616237,0.1904763542296086,True
deep_short,rep_0044,t0,completed,0.001,0.0012255953541730818,0.00021902249159114646,True
deep_short,rep_0044,q1,completed,0.25,0.3847085125822218,0.2192250999514089,True
deep_short,rep_0044,q2,completed,0.3,0.44292977898600927,0.24465997533247633,True
deep_short,rep_0044,extra_sigma,completed,0.0002,0.00013018595947863766,9.262168289797518e-05,True
deep_short,rep_0044,depth,completed,0.010000000000000002,0.009733612688045448,0.0003549361474587766,True
deep_short,rep_0044,full_duration,completed,0.06801140489176338,0.06888106100576485,0.0010081899585540853,True
deep_short,rep_0045,baseline,completed,1,0.9999107341412803,7.821036361646829e-05,True
deep_short,rep_0045,r,completed,0.1,0.09933798757395922,0.0018275979951268805,True
deep_short,rep_0045,b,completed,0.3,0.22701176152641078,0.14783716307288372,True
deep_short,rep_0045,a,completed,5,4.956776991443729,0.20453103025685845,True
deep_short,rep_0045,t0,completed,0.001,0.0008440632512583943,0.00020906655032049232,True
deep_short,rep_0045,q1,completed,0.25,0.4480110719794221,0.23946638911345938,True
deep_short,rep_0045,q2,completed,0.3,0.23910574393762393,0.21268464221524697,True
deep_short,rep_0045,extra_sigma,completed,0.0002,0.00013603177246283087,9.573996912737815e-05,True
deep_short,rep_0045,depth,completed,0.010000000000000002,0.009871375054647257,0.0003644412714945633,True
deep_short,rep_0045,full_duration,completed,0.06801140489176338,0.06905540822216552,0.0010254062900222041,True
deep_short,rep_0046,baseline,completed,1,1.0000168972855439,7.674485325560068e-05,True
deep_short,rep_0046,r,completed,0.1,0.09974703835733392,0.0022939763489344457,True
deep_short,rep_0046,b,completed,0.3,0.33194521995931997,0.174240721794209,True
deep_short,rep_0046,a,completed,5,4.78738931138674,0.28811748573566126,True
deep_short,rep_0046,t0,completed,0.001,0.0010452916721538142,0.00023140549393534348,True
deep_short,rep_0046,q1,completed,0.25,0.4270310555541985,0.24220167723175942,True
deep_short,rep_0046,q2,completed,0.3,0.2742969453058615,0.23297640660418287,True
deep_short,rep_0046,extra_sigma,completed,0.0002,0.0001561821877840596,0.00010917046282939878,True
deep_short,rep_0046,depth,completed,0.010000000000000002,0.009954732672967042,0.00045925724534552864,True
deep_short,rep_0046,full_duration,completed,0.06801140489176338,0.06947254628970628,0.0011521011664784022,True
deep_short,rep_0047,baseline,completed,1,1.0001372648734537,7.60684553693708e-05,True
deep_short,rep_0047,r,completed,0.1,0.09912814226734153,0.0014856616556071594,True
deep_short,rep_0047,b,completed,0.3,0.20310059363344166,0.13013939368400296,True
deep_short,rep_0047,a,completed,5,5.028479287062293,0.1692912077422014,True
deep_short,rep_0047,t0,completed,0.001,0.0009745498936212722,0.00021437332146441202,True
deep_short,rep_0047,q1,completed,0.25,0.2646939244981212,0.16493023939368837,True
deep_short,rep_0047,q2,completed,0.3,0.5653722385993657,0.2490340569595938,True
deep_short,rep_0047,extra_sigma,completed,0.0002,0.00017951265636804826,0.0001184787263594762,True
deep_short,rep_0047,depth,completed,0.010000000000000002,0.009828595228131605,0.00029463754023418377,True
deep_short,rep_0047,full_duration,completed,0.06801140489176338,0.06848919387325583,0.0009222479139522133,True
deep_short,rep_0048,baseline,completed,1,0.9999156044516776,7.769143864780686e-05,True
deep_short,rep_0048,r,completed,0.1,0.0984337366501716,0.0017667011905602658,True
deep_short,rep_0048,b,completed,0.3,0.24561390447599815,0.1485826772280896,True
deep_short,rep_0048,a,completed,5,4.98275743569933,0.2037218652681147,True
deep_short,rep_0048,t0,completed,0.001,0.0011690024861141831,0.0002122341070211563,True
deep_short,rep_0048,q1,completed,0.25,0.3611178526248912,0.22264716200072784,True
deep_short,rep_0048,q2,completed,0.3,0.2630473571686513,0.22473808599289896,True
deep_short,rep_0048,extra_sigma,completed,0.0002,0.00020713469970112626,0.00012652492009139192,True
deep_short,rep_0048,depth,completed,0.010000000000000002,0.009692320963703791,0.0003479859575540734,True
deep_short,rep_0048,full_duration,completed,0.06801140489176338,0.06835450726314145,0.0009104101289627998,True
deep_short,rep_0049,baseline,completed,1,0.9999533645262478,7.872784066829358e-05,True
deep_short,rep_0049,r,completed,0.1,0.09953647523328607,0.0022245073349451755,True
deep_short,rep_0049,b,completed,0.3,0.3161338845601143,0.17568806169237455,True
deep_short,rep_0049,a,completed,5,4.849906611852933,0.27181666214624545,True
deep_short,rep_0049,t0,completed,0.001,0.0012144268146475365,0.00021909413961051648,True
deep_short,rep_0049,q1,completed,0.25,0.3585937933479199,0.23937444754682857,True
deep_short,rep_0049,q2,completed,0.3,0.2671458553682263,0.24337093633789678,True
deep_short,rep_0049,extra_sigma,completed,0.0002,0.00018762829376660706,0.00012073172177584503,True
deep_short,rep_0049,depth,completed,0.010000000000000002,0.009912457097641573,0.0004433622591628377,True
deep_short,rep_0049,full_duration,completed,0.06801140489176338,0.06882921789120822,0.0009636484804986867,True
deep_short,rep_0050,baseline,completed,1,0.999981905767551,7.638054848069356e-05,True
deep_short,rep_0050,r,completed,0.1,0.10084402628197825,0.002066962187042858,True
deep_short,rep_0050,b,completed,0.3,0.40757024328161895,0.15653352908890825,True
deep_short,rep_0050,a,completed,5,4.741976268132024,0.2846079793778403,True
deep_short,rep_0050,t0,completed,0.001,0.0006237878387972138,0.00021698991519169576,True
deep_short,rep_0050,q1,completed,0.25,0.2367080387899923,0.1923363387434793,True
deep_short,rep_0050,q2,completed,0.3,0.3783237317952352,0.2749969770089943,True
deep_short,rep_0050,extra_sigma,completed,0.0002,0.000202247907075561,0.00012617195998889625,True
deep_short,rep_0050,depth,completed,0.010000000000000002,0.010173788901359814,0.00041507245677728613,True
deep_short,rep_0050,full_duration,completed,0.06801140489176338,0.06862188091098459,0.001075550342854621,True
deep_short,rep_0051,baseline,completed,1,0.9999113339627197,7.775810020062197e-05,True
deep_short,rep_0051,r,completed,0.1,0.10164253892002785,0.0012568908469816995,True
deep_short,rep_0051,b,completed,0.3,0.2099874476816516,0.12994390025935754,True
deep_short,rep_0051,a,completed,5,5.10766397019688,0.161855682435143,True
deep_short,rep_0051,t0,completed,0.001,0.0009734679270865161,0.0001851062545688271,True
deep_short,rep_0051,q1,completed,0.25,0.13252977560333068,0.10828263723328801,True
deep_short,rep_0051,q2,completed,0.3,0.37157654606501195,0.2694827576130437,True
deep_short,rep_0051,extra_sigma,completed,0.0002,0.0001636558961164205,0.00010856762789880143,True
deep_short,rep_0051,depth,completed,0.010000000000000002,0.010332785097766951,0.0002552746569009408,True
deep_short,rep_0051,full_duration,completed,0.06801140489176338,0.06748513661793563,0.0006947462931925607,True
deep_short,rep_0052,baseline,completed,1,1.0000107573312118,8.707161217776914e-05,True
deep_short,rep_0052,r,completed,0.1,0.09838783960206357,0.001930399462518758,True
deep_short,rep_0052,b,completed,0.3,0.2567666288730837,0.15197302109520314,True
deep_short,rep_0052,a,completed,5,4.962103110561981,0.22888589529369058,True
deep_short,rep_0052,t0,completed,0.001,0.0010775402333636187,0.00025271582701599153,True
deep_short,rep_0052,q1,completed,0.25,0.413501779094977,0.22862551604854728,True
deep_short,rep_0052,q2,completed,0.3,0.3716464257688495,0.24523728264806166,True
deep_short,rep_0052,extra_sigma,completed,0.0002,0.000517060483764278,0.00011703823411717397,True
deep_short,rep_0052,depth,completed,0.010000000000000002,0.00968389249203576,0.00038048117308728133,True
deep_short,rep_0052,full_duration,completed,0.06801140489176338,0.06845794245488224,0.0011535823286370113,True
deep_short,rep_0053,baseline,completed,1,0.9999731951242281,8.042730026151421e-05,True
deep_short,rep_0053,r,completed,0.1,0.1000624545625726,0.0019898241757522364,True
deep_short,rep_0053,b,completed,0.3,0.3069607323385203,0.16018127691973816,True
deep_short,rep_0053,a,completed,5,4.908549007132491,0.25068374249810377,True
deep_short,rep_0053,t0,completed,0.001,0.0007992173060297509,0.00022920329426637828,True
deep_short,rep_0053,q1,completed,0.25,0.31077598803738715,0.20342924302551324,True
deep_short,rep_0053,q2,completed,0.3,0.4175645122326659,0.2650793263008326,True
deep_short,rep_0053,extra_sigma,completed,0.0002,0.0003572400672442486,0.00014513718726571386,True
deep_short,rep_0053,depth,completed,0.010000000000000002,0.01001645322348725,0.00039849478732246633,True
deep_short,rep_0053,full_duration,completed,0.06801140489176338,0.06838524272343872,0.001030058086166364,True
deep_short,rep_0054,baseline,completed,1,1.000105145280243,8.008756255880181e-05,True
deep_short,rep_0054,r,completed,0.1,0.10014181365947834,0.0016384199634492068,True
deep_short,rep_0054,b,completed,0.3,0.313077049584124,0.15260563281362136,True
deep_short,rep_0054,a,completed,5,4.955730113338227,0.24519041221214677,True
deep_short,rep_0054,t0,completed,0.001,0.0008997532112055741,0.0002152052988958886,True
deep_short,rep_0054,q1,completed,0.25,0.1807825390847243,0.13702573024207992,True
deep_short,rep_0054,q2,completed,0.3,0.5174084632922691,0.2737894711647281,True
deep_short,rep_0054,extra_sigma,completed,0.0002,0.0002983473461485381,0.00014030993551493296,True
deep_short,rep_0054,depth,completed,0.010000000000000002,0.010031066591881316,0.00032760637285050387,True
deep_short,rep_0054,full_duration,completed,0.06801140489176338,0.06769297610017946,0.000995590568254556,True
deep_short,rep_0055,baseline,completed,1,1.0001197778371709,8.428620305386298e-05,True
deep_short,rep_0055,r,completed,0.1,0.09860971656964079,0.0016059780548590957,True
deep_short,rep_0055,b,completed,0.3,0.19270730535411104,0.12607729155584974,True
deep_short,rep_0055,a,completed,5,5.029596852973713,0.16045630455596568,True
deep_short,rep_0055,t0,completed,0.001,0.0009036201274774201,0.0002261851660667117,True
deep_short,rep_0055,q1,completed,0.25,0.3295598262709886,0.20627517562414718,True
deep_short,rep_0055,q2,completed,0.3,0.4425592555042324,0.2546922011836176,True
deep_short,rep_0055,extra_sigma,completed,0.0002,0.0004639457624286099,0.00013988039126972926,True
deep_short,rep_0055,depth,completed,0.010000000000000002,0.009726454722666202,0.0003165884834977292,True
deep_short,rep_0055,full_duration,completed,0.06801140489176338,0.06858816871086205,0.000954659331808607,True
deep_short,rep_0056,baseline,completed,1,1.0001327901657038,8.336154416017873e-05,True
deep_short,rep_0056,r,completed,0.1,0.09992585833159037,0.0023350247943790103,True
deep_short,rep_0056,b,completed,0.3,0.32501813479977704,0.17732353453880773,True
deep_short,rep_0056,a,completed,5,4.8302914014378,0.3091494564139512,True
deep_short,rep_0056,t0,completed,0.001,0.0005521246250339422,0.0002500076206352575,True
deep_short,rep_0056,q1,completed,0.25,0.3981481509404393,0.24146098635701665,True
deep_short,rep_0056,q2,completed,0.3,0.3257117124538928,0.24933016077845238,True
deep_short,rep_0056,extra_sigma,completed,0.0002,0.00040481430818827945,0.00014544710833354113,True
deep_short,rep_0056,depth,completed,0.010000000000000002,0.009990628141010238,0.00046786305006103524,True
deep_short,rep_0056,full_duration,completed,0.06801140489176338,0.068976770669227,0.0013666991922724684,True
deep_short,rep_0057,baseline,completed,1,0.9999859733489084,7.640457416328935e-05,True
deep_short,rep_0057,r,completed,0.1,0.09945768824427591,0.0019029307230718875,True
deep_short,rep_0057,b,completed,0.3,0.2532335001785151,0.15230279410541875,True
deep_short,rep_0057,a,completed,5,4.932729996025156,0.21676991708179996,True
deep_short,rep_0057,t0,completed,0.001,0.0008245798839715546,0.00021907145368577847,True
deep_short,rep_0057,q1,completed,0.25,0.3235655366784551,0.19395788243746973,True
deep_short,rep_0057,q2,completed,0.3,0.5171288622111435,0.25080821832403427,True
deep_short,rep_0057,extra_sigma,completed,0.0002,0.00019052031765612066,0.00011997542028235582,True
deep_short,rep_0057,depth,completed,0.010000000000000002,0.009895451990946054,0.0003796883784827778,True
deep_short,rep_0057,full_duration,completed,0.06801140489176338,0.06899074023575963,0.000992553368488403,True
deep_short,rep_0058,baseline,rejected,1,1.0000123945869817,7.683074964035775e-05,False
deep_short,rep_0058,r,rejected,0.1,0.10047602718161323,0.0012226639686827208,False
deep_short,rep_0058,b,rejected,0.3,0.1610234471760284,0.10860038940742442,False
deep_short,rep_0058,a,rejected,5,5.189773703287879,0.1264313581486003,False
deep_short,rep_0058,t0,rejected,0.001,0.0012459030935742467,0.00019841719216073954,False
deep_short,rep_0058,q1,rejected,0.25,0.159233413996895,0.10851077980124495,False
deep_short,rep_0058,q2,rejected,0.3,0.5998159589506377,0.24903669110168888,False
deep_short,rep_0058,extra_sigma,rejected,0.0002,0.00017671718120860542,0.00011728955674722728,False
deep_short,rep_0058,depth,rejected,0.010000000000000002,0.0100969265716538,0.00024547593435491304,False
deep_short,rep_0058,full_duration,rejected,0.06801140489176338,0.0669796299266136,0.0007085711934090716,False
deep_short,rep_0059,baseline,rejected,1,0.9999044101206223,8.028154627408991e-05,False
deep_short,rep_0059,r,rejected,0.1,0.09818106250325034,0.0015177882964023835,False
deep_short,rep_0059,b,rejected,0.3,0.16890571239705104,0.1174981022066624,False
deep_short,rep_0059,a,rejected,5,5.111746313344707,0.13943175872284175,False
deep_short,rep_0059,t0,rejected,0.001,0.0009361657030956587,0.0002158722005732699,False
deep_short,rep_0059,q1,rejected,0.25,0.33065634574007036,0.19448745571260595,False
deep_short,rep_0059,q2,rejected,0.3,0.4515292776845728,0.2481539964461842,False
deep_short,rep_0059,extra_sigma,rejected,0.0002,0.00027545883649018475,0.00014593730228811642,False
deep_short,rep_0059,depth,rejected,0.010000000000000002,0.009641824139659519,0.0002980530501397397,False
deep_short,rep_0059,full_duration,rejected,0.06801140489176338,0.06774212239551426,0.0008873020214291734,False
deep_short,rep_0060,baseline,completed,1,0.9999174303210084,7.902319180688428e-05,True
deep_short,rep_0060,r,completed,0.1,0.10024480862491635,0.002014053111304619,True
deep_short,rep_0060,b,completed,0.3,0.3151211428067881,0.1648603133691501,True
deep_short,rep_0060,a,completed,5,4.9572594462569635,0.2780235695953147,True
deep_short,rep_0060,t0,completed,0.001,0.0005802695282645365,0.0002214916185915296,True
deep_short,rep_0060,q1,completed,0.25,0.33152011544478743,0.21712828881769589,True
deep_short,rep_0060,q2,completed,0.3,0.36709447637918297,0.2642353445992233,True
deep_short,rep_0060,extra_sigma,completed,0.0002,0.00012030377874210235,8.531896294974989e-05,True
deep_short,rep_0060,depth,completed,0.010000000000000002,0.010053077052078778,0.0004043760953882448,True
deep_short,rep_0060,full_duration,completed,0.06801140489176338,0.06751979315565562,0.0011570990659675801,True
deep_short,rep_0061,baseline,completed,1,1.0000140170090623,7.820459958754587e-05,True
deep_short,rep_0061,r,completed,0.1,0.09896424531286273,0.002111566309614271,True
deep_short,rep_0061,b,completed,0.3,0.3573956643691855,0.15898618895830702,True
deep_short,rep_0061,a,completed,5,4.735067188966128,0.27396973154854676,True
deep_short,rep_0061,t0,completed,0.001,0.000905645773781883,0.00022608540655932676,True
deep_short,rep_0061,q1,completed,0.25,0.324617879412499,0.2016617871327195,True
deep_short,rep_0061,q2,completed,0.3,0.4370327504525736,0.26336842274618133,True
deep_short,rep_0061,extra_sigma,completed,0.0002,0.00014114459822255938,0.00010010600758897205,True
deep_short,rep_0061,depth,completed,0.010000000000000002,0.0097983794479463,0.00041817917514527027,True
deep_short,rep_0061,full_duration,completed,0.06801140489176338,0.0698155467724695,0.0011744731749192448,True
deep_short,rep_0062,baseline,completed,1,1.0000909824029511,7.868204797558504e-05,True
deep_short,rep_0062,r,completed,0.1,0.09883223755500256,0.001960405886467465,True
deep_short,rep_0062,b,completed,0.3,0.25391245094672393,0.15211898104118404,True
deep_short,rep_0062,a,completed,5,4.926003953976422,0.2288647043738989,True
deep_short,rep_0062,t0,completed,0.001,0.0008784594530501759,0.00022924052368565156,True
deep_short,rep_0062,q1,completed,0.25,0.49405696017344475,0.23578247362241891,True
deep_short,rep_0062,q2,completed,0.3,0.36759387872227267,0.22514613726192856,True
deep_short,rep_0062,extra_sigma,completed,0.0002,0.00017480254606797995,0.00011436075812937271,True
deep_short,rep_0062,depth,completed,0.010000000000000002,0.009771653410570345,0.0003889807250654402,True
deep_short,rep_0062,full_duration,completed,0.06801140489176338,0.06904115018851065,0.0011075893625881452,True
deep_short,rep_0063,baseline,completed,1,1.0000900496539298,7.754315996468257e-05,True
deep_short,rep_0063,r,completed,0.1,0.10086076245127965,0.0017745058338930239,True
deep_short,rep_0063,b,completed,0.3,0.3184562112724784,0.16079271629880854,True
deep_short,rep_0063,a,completed,5,4.903308667679203,0.2679820020519075,True
deep_short,rep_0063,t0,completed,0.001,0.001125155187134165,0.00021382493261791266,True
deep_short,rep_0063,q1,completed,0.25,0.2544178508503793,0.18654828911365703,True
deep_short,rep_0063,q2,completed,0.3,0.28775647271434973,0.2536765984561908,True
deep_short,rep_0063,extra_sigma,completed,0.0002,0.00016017831732631366,0.00011077627465390088,True
deep_short,rep_0063,depth,completed,0.010000000000000002,0.01017604148599024,0.00035784692845749306,True
deep_short,rep_0063,full_duration,completed,0.06801140489176338,0.0682944544350116,0.0010965620057612382,True
deep_short,rep_0064,baseline,completed,1,1.0001431089946835,7.687901115925355e-05,True
deep_short,rep_0064,r,completed,0.1,0.10176342530532574,0.0014593901992660389,True
deep_short,rep_0064,b,completed,0.3,0.2722545707835974,0.1481940628712109,True
deep_short,rep_0064,a,completed,5,5.028315500163924,0.22214274004898718,True
deep_short,rep_0064,t0,completed,0.001,0.001096291454777487,0.00019781684870052193,True
deep_short,rep_0064,q1,completed,0.25,0.15267436382326827,0.13472989903539495,True
deep_short,rep_0064,q2,completed,0.3,0.3800208258997025,0.2720968992194946,True
deep_short,rep_0064,extra_sigma,completed,0.0002,0.00016440258126933964,0.00011235291152504892,True
deep_short,rep_0064,depth,completed,0.010000000000000002,0.010357924017171387,0.00029646220044679176,True
deep_short,rep_0064,full_duration,completed,0.06801140489176338,0.06755113366028041,0.0009014399093313923,True
deep_short,rep_0065,baseline,completed,1,1.0000257976773597,7.88429345175207e-05,True
deep_short,rep_0065,r,completed,0.1,0.10026714156990163,0.0017913115819202094,True
deep_short,rep_0065,b,completed,0.3,0.2486734933084877,0.15271991986695374,True
deep_short,rep_0065,a,completed,5,5.006256089724907,0.23606503702120282,True
deep_short,rep_0065,t0,completed,0.001,0.000843007345261415,0.00022828558263411318,True
deep_short,rep_0065,q1,completed,0.25,0.3228677713556461,0.2140999799891958,True
deep_short,rep_0065,q2,completed,0.3,0.3969759911091624,0.2675179162262389,True
deep_short,rep_0065,extra_sigma,completed,0.0002,0.0002086540109623351,0.00012409545640839397,True
deep_short,rep_0065,depth,completed,0.010000000000000002,0.01005670767358292,0.0003592627886374437,True
deep_short,rep_0065,full_duration,completed,0.06801140489176338,0.06808864962492901,0.0011948555549572194,True
deep_short,rep_0066,baseline,rejected,1,1.0000214754681434,7.460066328902381e-05,False
deep_short,rep_0066,r,rejected,0.1,0.09844675133160245,0.0016655541401838897,False
deep_short,rep_0066,b,rejected,0.3,0.21025186572218865,0.13530406764674924,False
deep_short,rep_0066,a,rejected,5,4.980793108755114,0.18373048777395337,False
deep_short,rep_0066,t0,rejected,0.001,0.000876774063880041,0.00021942653683241828,False
deep_short,rep_0066,q1,rejected,0.25,0.4688026709699541,0.23380975455383946,False
deep_short,rep_0066,q2,rejected,0.3,0.3875604617661015,0.22758782558374588,False
deep_short,rep_0066,extra_sigma,rejected,0.0002,0.0001636303296139468,0.00011043394817218411,False
deep_short,rep_0066,depth,rejected,0.010000000000000002,0.009694536224822603,0.00032833897861136833,False
deep_short,rep_0066,full_duration,rejected,0.06801140489176338,0.06898780083695137,0.0010785485377260609,False
deep_short,rep_0067,baseline,completed,1,1.0000684829188855,7.634320791990612e-05,True
deep_short,rep_0067,r,completed,0.1,0.09979912955935807,0.0016136651241192216,True
deep_short,rep_0067,b,completed,0.3,0.20365430419757988,0.13833894927923482,True
deep_short,rep_0067,a,completed,5,5.066219920517226,0.18116606355343004,True
deep_short,rep_0067,t0,completed,0.001,0.0007635182301796361,0.00021385816136412037,True
deep_short,rep_0067,q1,completed,0.25,0.35012546190720145,0.21607380393797768,True
deep_short,rep_0067,q2,completed,0.3,0.24249086790136112,0.22351141058990476,True
deep_short,rep_0067,extra_sigma,completed,0.0002,0.0001673811318162915,0.00011251206566704062,True
deep_short,rep_0067,depth,completed,0.010000000000000002,0.009962469524959553,0.0003221934674804907,True
deep_short,rep_0067,full_duration,completed,0.06801140489176338,0.06793965192314154,0.0009650980423619818,True
deep_short,rep_0068,baseline,rejected,1,1.0000574465852086,7.714204751320386e-05,False
deep_short,rep_0068,r,rejected,0.1,0.10115035259169428,0.0013456381526154128,False
deep_short,rep_0068,b,rejected,0.3,0.19811301286570318,0.12659153672316772,False
deep_short,rep_0068,a,rejected,5,5.119461339832384,0.15333003169016773,False
deep_short,rep_0068,t0,rejected,0.001,0.0011799499425817137,0.0001939227820744017,False
deep_short,rep_0068,q1,rejected,0.25,0.16906558766160118,0.13690777225934916,False
deep_short,rep_0068,q2,rejected,0.3,0.3601004691603859,0.26625495997111714,False
deep_short,rep_0068,extra_sigma,rejected,0.0002,0.00016466628063192332,0.00011142341236253127,False
deep_short,rep_0068,depth,rejected,0.010000000000000002,0.010233204118776337,0.0002717428723603838,False
deep_short,rep_0068,full_duration,rejected,0.06801140489176338,0.06745866308506229,0.0007465175411470025,False
deep_short,rep_0069,baseline,completed,1,0.9999090966401089,8.198251177484267e-05,True
deep_short,rep_0069,r,completed,0.1,0.09860706092202276,0.0022733741022657977,True
deep_short,rep_0069,b,completed,0.3,0.27286850188856554,0.16892824566039166,True
deep_short,rep_0069,a,completed,5,4.926736739984208,0.25296140837611325,True
deep_short,rep_0069,t0,completed,0.001,0.0007840606188514759,0.0002359540869024033,True
deep_short,rep_0069,q1,completed,0.25,0.46875849008346904,0.2452088714097598,True
deep_short,rep_0069,q2,completed,0.3,0.2937701126615616,0.22122546697439385,True
deep_short,rep_0069,extra_sigma,completed,0.0002,0.00034669765881319614,0.0001442628308975307,True
deep_short,rep_0069,depth,completed,0.010000000000000002,0.00972851940143091,0.0004508708784758008,True
deep_short,rep_0069,full_duration,completed,0.06801140489176338,0.06852748215744427,0.001040096146583466,True
deep_short,rep_0070,baseline,rejected,1,1.0000272358736761,8.084267579666309e-05,False
deep_short,rep_0070,r,rejected,0.1,0.10073283439072402,0.0023263006326366036,False
deep_short,rep_0070,b,rejected,0.3,0.4281626215662208,0.1575219834481675,False
deep_short,rep_0070,a,rejected,5,4.664611456924458,0.30256884732996264,False
deep_short,rep_0070,t0,rejected,0.001,-0.24927761089613246,0.4330259420797246,False
deep_short,rep_0070,q1,rejected,0.25,0.3192586166306106,0.22225603763149337,False
deep_short,rep_0070,q2,rejected,0.3,0.356246981144469,0.26877892829428923,False
deep_short,rep_0070,extra_sigma,rejected,0.0002,0.0003381486169122847,0.00015397902426847836,False
deep_short,rep_0070,depth,rejected,0.010000000000000002,0.010152514246103778,0.0004671872863807427,False
deep_short,rep_0070,full_duration,rejected,0.06801140489176338,0.06919684705018414,0.0012192166098363582,False
deep_short,rep_0071,baseline,completed,1,0.9999998009239068,8.066967454184412e-05,True
deep_short,rep_0071,r,completed,0.1,0.10050624131948038,0.0021896122713236424,True
deep_short,rep_0071,b,completed,0.3,0.31242944635573344,0.17025666027025835,True
deep_short,rep_0071,a,completed,5,4.879299175622439,0.25986585450193467,True
deep_short,rep_0071,t0,completed,0.001,0.0007378501505624195,0.00022059641857954428,True
deep_short,rep_0071,q1,completed,0.25,0.36423317084944745,0.24107695525170436,True
deep_short,rep_0071,q2,completed,0.3,0.245584863613806,0.23323147663152324,True
deep_short,rep_0071,extra_sigma,completed,0.0002,0.0003277313057078517,0.00014849435259961676,True
deep_short,rep_0071,depth,completed,0.010000000000000002,0.010106297747467881,0.00044084008624396977,True
deep_short,rep_0071,full_duration,completed,0.06801140489176338,0.06860763582867674,0.0009294858317458404,True
deep_short,rep_0072,baseline,rejected,1,1.000169402863556,7.881211132402486e-05,False
deep_short,rep_0072,r,rejected,0.1,0.10011474003370587,0.0016566410714735978,False
deep_short,rep_0072,b,rejected,0.3,0.21284196814355488,0.13875535488865454,False
deep_short,rep_0072,a,rejected,5,5.024435944841833,0.18013428915548677,False
deep_short,rep_0072,t0,rejected,0.001,0.0008428538978246915,0.00021183674534997984,False
deep_short,rep_0072,q1,rejected,0.25,0.31510830102467624,0.20782763708327812,False
deep_short,rep_0072,q2,rejected,0.3,0.31548590245675995,0.24616121692434267,False
deep_short,rep_0072,extra_sigma,rejected,0.0002,0.00021308675721340875,0.00012983816019902794,False
deep_short,rep_0072,depth,rejected,0.010000000000000002,0.010025704945541291,0.0003317963127297906,False
deep_short,rep_0072,full_duration,rejected,0.06801140489176338,0.0684198898857557,0.0009234539631104065,False
deep_short,rep_0073,baseline,completed,1,1.0000859804203148,7.551254317169271e-05,True
deep_short,rep_0073,r,completed,0.1,0.0995297329637342,0.0015521108643821058,True
deep_short,rep_0073,b,completed,0.3,0.20009846106589993,0.12658324964378243,True
deep_short,rep_0073,a,completed,5,5.053778488541109,0.1560128619570321,True
deep_short,rep_0073,t0,completed,0.001,0.0006060739725256928,0.00020678155047251296,True
deep_short,rep_0073,q1,completed,0.25,0.31691812744500825,0.20872810214835355,True
deep_short,rep_0073,q2,completed,0.3,0.40355663081938575,0.2588758750585006,True
deep_short,rep_0073,extra_sigma,completed,0.0002,0.00011601239049211426,8.521611843788938e-05,True
deep_short,rep_0073,depth,completed,0.010000000000000002,0.009908576189705543,0.00030847017879880544,True
deep_short,rep_0073,full_duration,completed,0.06801140489176338,0.06822592876533723,0.000900459795580193,True
deep_short,rep_0074,baseline,rejected,1,1.0000240911084923,7.951266432905255e-05,False
deep_short,rep_0074,r,rejected,0.1,0.09924676347167305,0.001781328815878402,False
deep_short,rep_0074,b,rejected,0.3,0.24190913043838266,0.14526265291607315,False
deep_short,rep_0074,a,rejected,5,4.994687760964058,0.1985801098999354,False
deep_short,rep_0074,t0,rejected,0.001,0.0011129661767098626,0.00022017975697427464,False
deep_short,rep_0074,q1,rejected,0.25,0.34835424820380784,0.22028667765142637,False
deep_short,rep_0074,q2,rejected,0.3,0.30258872589130636,0.2422124172785806,False
deep_short,rep_0074,extra_sigma,rejected,0.0002,0.00024825132066078493,0.00013897836738424856,False
deep_short,rep_0074,depth,rejected,0.010000000000000002,0.009853092398669407,0.0003538916034245915,False
deep_short,rep_0074,full_duration,rejected,0.06801140489176338,0.06832946415906253,0.000954465194279099,False
deep_short,rep_0075,baseline,completed,1,1.0000248809073506,7.729122533497776e-05,True
deep_short,rep_0075,r,completed,0.1,0.10080654320085893,0.0018733988339859353,True
deep_short,rep_0075,b,completed,0.3,0.3161005105300022,0.16468423936702922,True
deep_short,rep_0075,a,completed,5,4.899147837264276,0.2649510379070926,True
deep_short,rep_0075,t0,completed,0.001,0.0007194869299150463,0.00022148500855965195,True
deep_short,rep_0075,q1,completed,0.25,0.25340506814548897,0.19803997645903543,True
deep_short,rep_0075,q2,completed,0.3,0.3132514369599886,0.25640543010913064,True
deep_short,rep_0075,extra_sigma,completed,0.0002,0.00020040871807609198,0.00012590220010226476,True
deep_short,rep_0075,depth,completed,0.010000000000000002,0.010165467897892017,0.0003766573836588281,True
deep_short,rep_0075,full_duration,completed,0.06801140489176338,0.06835326556629467,0.0010834394415113547,True
deep_short,rep_0076,baseline,rejected,1,1.0000826489976637,8.570742556586443e-05,False
deep_short,rep_0076,r,rejected,0.1,0.09827818630265565,0.0014893824718578844,False
deep_short,rep_0076,b,rejected,0.3,0.14723393584428168,0.10614773419662467,False
deep_short,rep_0076,a,rejected,5,5.128408071066327,0.12185610135773675,False
deep_short,rep_0076,t0,rejected,0.001,0.0007826976993166923,0.0002229337340219416,False
deep_short,rep_0076,q1,rejected,0.25,0.33752687037585677,0.20775407713818986,False
deep_short,rep_0076,q2,rejected,0.3,0.43388946027789993,0.2553185224302495,False
deep_short,rep_0076,extra_sigma,rejected,0.0002,0.0005193018572596355,0.00013135030330791857,False
deep_short,rep_0076,depth,rejected,0.010000000000000002,0.009660819608521934,0.0002926029135428188,False
deep_short,rep_0076,full_duration,rejected,0.06801140489176338,0.06779044101609796,0.0008442283687925004,False
deep_short,rep_0077,baseline,completed,1,0.9999500141704549,7.505558913689027e-05,True
deep_short,rep_0077,r,completed,0.1,0.09774588719665954,0.001751501983304443,True
deep_short,rep_0077,b,completed,0.3,0.21936275817561707,0.1393648294085771,True
deep_short,rep_0077,a,completed,5,5.015110976118862,0.18406282792982884,True
deep_short,rep_0077,t0,completed,0.001,0.0013663036933267874,0.00021488565052378496,True
deep_short,rep_0077,q1,completed,0.25,0.37414751951884867,0.21296086301579628,True
deep_short,rep_0077,q2,completed,0.3,0.4342600687173514,0.24786374052507812,True
deep_short,rep_0077,extra_sigma,completed,0.0002,0.00018388307387300025,0.00011933933338198515,True
deep_short,rep_0077,depth,completed,0.010000000000000002,0.00955732545611981,0.0003434707561242196,True
deep_short,rep_0077,full_duration,completed,0.06801140489176338,0.06830328141947524,0.0009302100758143551,True
deep_short,rep_0078,baseline,completed,1,1.0001457265245535,7.794375678658886e-05,True
deep_short,rep_0078,r,completed,0.1,0.1010324081157811,0.001448101352975267,True
deep_short,rep_0078,b,completed,0.3,0.19837309874024409,0.12608224557070244,True
deep_short,rep_0078,a,completed,5,5.06582991640943,0.1638080693942556,True
deep_short,rep_0078,t0,completed,0.001,0.000986035384673134,0.00020123376763734826,True
deep_short,rep_0078,q1,completed,0.25,0.26414031891304035,0.1794728252166561,True
deep_short,rep_0078,q2,completed,0.3,0.28615255174740806,0.2398468503131727,True
deep_short,rep_0078,extra_sigma,completed,0.0002,0.00022526072004507857,0.00013280972158369607,True
deep_short,rep_0078,depth,completed,0.010000000000000002,0.010209643962952859,0.00029239084024688835,True
deep_short,rep_0078,full_duration,completed,0.06801140489176338,0.06818204215096321,0.0008714653601210435,True
deep_short,rep_0079,baseline,completed,1,1.0000216483051074,8.082296424113684e-05,True
deep_short,rep_0079,r,completed,0.1,0.09885772163719471,0.0018332908578497355,True
deep_short,rep_0079,b,completed,0.3,0.24078810595566127,0.14877859425528486,True
deep_short,rep_0079,a,completed,5,4.982427616096294,0.2168039375672375,True
deep_short,rep_0079,t0,completed,0.001,0.0010277164733875721,0.0002360838767112391,True
deep_short,rep_0079,q1,completed,0.25,0.5116480873147858,0.2437962367023151,True
deep_short,rep_0079,q2,completed,0.3,0.24380525856542726,0.20841879418439674,True
deep_short,rep_0079,extra_sigma,completed,0.0002,0.0004312484218412447,0.00013637098534378502,True
deep_short,rep_0079,depth,completed,0.010000000000000002,0.009776209242427707,0.00036340911469469236,True
deep_short,rep_0079,full_duration,completed,0.06801140489176338,0.06846874043911358,0.001103885474462823,True
deep_short,rep_0080,baseline,completed,1,1.0000220075502932,7.476667850775597e-05,True
deep_short,rep_0080,r,completed,0.1,0.10069760681387523,0.0018715312560897046,True
deep_short,rep_0080,b,completed,0.3,0.2846962523245658,0.16283699288401424,True
deep_short,rep_0080,a,completed,5,4.9635290800555625,0.23612342561183003,True
deep_short,rep_0080,t0,completed,0.001,0.000848066967453147,0.00020580765461075524,True
deep_short,rep_0080,q1,completed,0.25,0.29711679794427576,0.21401779304519739,True
deep_short,rep_0080,q2,completed,0.3,0.21288100386910794,0.2193813268751391,True
deep_short,rep_0080,extra_sigma,completed,0.0002,0.0001315857989231859,9.213578943973362e-05,True
deep_short,rep_0080,depth,completed,0.010000000000000002,0.01014350977162702,0.0003766220672333731,True
deep_short,rep_0080,full_duration,completed,0.06801140489176338,0.06801636350974603,0.0008919049900937093,True
deep_short,rep_0081,baseline,completed,1,1.000010599007758,8.02255990574607e-05,True
deep_short,rep_0081,r,completed,0.1,0.1005197742029084,0.0021682834926479927,True
deep_short,rep_0081,b,completed,0.3,0.3307249630952063,0.16244260230769691,True
deep_short,rep_0081,a,completed,5,4.867879811246427,0.27528232648033274,True
deep_short,rep_0081,t0,completed,0.001,0.0010035822275267327,0.0002263882182271362,True
deep_short,rep_0081,q1,completed,0.25,0.33026991694771524,0.2156503251428415,True
deep_short,rep_0081,q2,completed,0.3,0.4381224855291849,0.26711658148694206,True
deep_short,rep_0081,extra_sigma,completed,0.0002,0.00017211071777247316,0.00011440317218444392,True
deep_short,rep_0081,depth,completed,0.010000000000000002,0.010108925283744857,0.00043616781034491617,True
deep_short,rep_0081,full_duration,completed,0.06801140489176338,0.06851746001379691,0.0011788944804156409,True
deep_short,rep_0082,baseline,completed,1,0.9999336617975717,7.746493737883203e-05,True
deep_short,rep_0082,r,completed,0.1,0.10180185066583766,0.0028005089647151517,True
deep_short,rep_0082,b,completed,0.3,0.4858382536600581,0.17297625111081183,True
deep_short,rep_0082,a,completed,5,4.5255501636959306,0.37213782358923786,True
deep_short,rep_0082,t0,completed,0.001,0.0012095086698840274,0.00023616249088319365,True
deep_short,rep_0082,q1,completed,0.25,0.3197714969394999,0.2338711459718552,True
deep_short,rep_0082,q2,completed,0.3,0.34832171690590313,0.26955592706116666,True
deep_short,rep_0082,extra_sigma,completed,0.0002,0.0002141742897325858,0.00013295698931523907,True
deep_short,rep_0082,depth,completed,0.010000000000000002,0.010371457688738346,0.000567402192732663,True
deep_short,rep_0082,full_duration,completed,0.06801140489176338,0.06942686918789052,0.00145557680001859,True
deep_short,rep_0083,baseline,completed,1,1.0000207983003022,8.08407190092909e-05,True
deep_short,rep_0083,r,completed,0.1,0.0999344504273221,0.0024617152890975295,True
deep_short,rep_0083,b,completed,0.3,0.35758554597256886,0.16257893137488125,True
deep_short,rep_0083,a,completed,5,4.758382796164478,0.29020015610049643,True
deep_short,rep_0083,t0,completed,0.001,0.0009716830635970153,0.0002367401202686354,True
deep_short,rep_0083,q1,completed,0.25,0.4385067169819749,0.23399805190988945,True
deep_short,rep_0083,q2,completed,0.3,0.42741975777265445,0.24936301776826744,True
deep_short,rep_0083,extra_sigma,completed,0.0002,0.0002449615676729685,0.00014098435445047966,True
deep_short,rep_0083,depth,completed,0.010000000000000002,0.009992952909364932,0.0004924930510355195,True
deep_short,rep_0083,full_duration,completed,0.06801140489176338,0.06950573562128518,0.0013671791879588523,True
deep_short,rep_0084,baseline,completed,1,1.0000211888920503,7.524108862496581e-05,True
deep_short,rep_0084,r,completed,0.1,0.1008021312370499,0.0023059307188051676,True
deep_short,rep_0084,b,completed,0.3,0.33278442680489567,0.17688357612083888,True
deep_short,rep_0084,a,completed,5,4.892446893521292,0.3074028613255004,True
deep_short,rep_0084,t0,completed,0.001,0.0008414776590845431,0.00022165405903791597,True
deep_short,rep_0084,q1,completed,0.25,0.3567008677606647,0.23515179024582986,True
deep_short,rep_0084,q2,completed,0.3,0.29445831708000764,0.2459824910710913,True
deep_short,rep_0084,extra_sigma,completed,0.0002,0.00019307450927279118,0.00012345431854399072,True
deep_short,rep_0084,depth,completed,0.010000000000000002,0.010166385649082238,0.00046562326274179726,True
deep_short,rep_0084,full_duration,completed,0.06801140489176338,0.0679798096475268,0.0012038924268142873,True
deep_short,rep_0085,baseline,completed,1,1.0000333288202803,8.580133190849316e-05,True
deep_short,rep_0085,r,completed,0.1,0.10014533422783234,0.002709409394161135,True
deep_short,rep_0085,b,completed,0.3,0.33119152683502234,0.1753339678551661,True
deep_short,rep_0085,a,completed,5,4.807639638370694,0.2874395927060979,True
deep_short,rep_0085,t0,completed,0.001,0.0007225587192209321,0.00025279444089424834,True
deep_short,rep_0085,q1,completed,0.25,0.3998770269680531,0.22554996536501468,True
deep_short,rep_0085,q2,completed,0.3,0.5051052005195422,0.25819362199872176,True
deep_short,rep_0085,extra_sigma,completed,0.0002,0.0004879028893506078,0.00012674403247196124,True
deep_short,rep_0085,depth,completed,0.010000000000000002,0.010036427031644597,0.000544203721073454,True
deep_short,rep_0085,full_duration,completed,0.06801140489176338,0.06920897898571061,0.0012232224574107436,True
deep_short,rep_0086,baseline,completed,1,1.0000183244891019,7.895492268183499e-05,True
deep_short,rep_0086,r,completed,0.1,0.09963294948554192,0.0021504045728788297,True
deep_short,rep_0086,b,completed,0.3,0.33168955244503584,0.1676397834669089,True
deep_short,rep_0086,a,completed,5,4.836361461534042,0.2625166973187219,True
deep_short,rep_0086,t0,completed,0.001,0.0008099523333362746,0.00021863641453281847,True
deep_short,rep_0086,q1,completed,0.25,0.3483362179523916,0.23319611900555065,True
deep_short,rep_0086,q2,completed,0.3,0.3024610156079916,0.24989966486597032,True
deep_short,rep_0086,extra_sigma,completed,0.0002,0.00021179437221700617,0.00013031964435471216,True
deep_short,rep_0086,depth,completed,0.010000000000000002,0.009931347706955654,0.0004282133809222733,True
deep_short,rep_0086,full_duration,completed,0.06801140489176338,0.0688163426554786,0.0010184665979175592,True
deep_short,rep_0087,baseline,rejected,1,1.000001354927332,7.832163549695612e-05,False
deep_short,rep_0087,r,rejected,0.1,0.09990608541576797,0.0016302235069639462,False
deep_short,rep_0087,b,rejected,0.3,0.22074561433083748,0.1391266928306772,False
deep_short,rep_0087,a,rejected,5,5.078454384035111,0.1828280432284445,False
deep_short,rep_0087,t0,rejected,0.001,0.0008643158927328831,0.00020420455948468787,False
deep_short,rep_0087,q1,rejected,0.25,0.29653592182937083,0.19875711825085027,False
deep_short,rep_0087,q2,rejected,0.3,0.22947922850321742,0.22197116117759905,False
deep_short,rep_0087,extra_sigma,rejected,0.0002,0.0002270399762244278,0.00013537329562647102,False
deep_short,rep_0087,depth,rejected,0.010000000000000002,0.009983882867378214,0.0003257266130426602,False
deep_short,rep_0087,full_duration,rejected,0.06801140489176338,0.06756141094470183,0.0008880135682458254,False
deep_short,rep_0088,baseline,rejected,1,0.9998447466524611,8.288575032621864e-05,False
deep_short,rep_0088,r,rejected,0.1,0.09929589152435987,0.0019596243810132813,False
deep_short,rep_0088,b,rejected,0.3,0.28676666210374563,0.17097248260430026,False
deep_short,rep_0088,a,rejected,5,4.932495590667042,0.2806375989922851,False
deep_short,rep_0088,t0,rejected,0.001,0.0008894165452030862,0.00022553530400491002,False
deep_short,rep_0088,q1,rejected,0.25,0.28162422903135725,0.21264958649227253,False
deep_short,rep_0088,q2,rejected,0.3,0.26343516357853175,0.24750025366959857,False
deep_short,rep_0088,extra_sigma,rejected,0.0002,0.0003677620680588864,0.0001386547434982769,False
deep_short,rep_0088,depth,rejected,0.010000000000000002,0.009863513241300177,0.00038966444396339574,False
deep_short,rep_0088,full_duration,rejected,0.06801140489176338,0.068239663251225,0.0010941560639396773,False
deep_short,rep_0089,baseline,completed,1,0.9999861577291087,7.813376049697668e-05,True
deep_short,rep_0089,r,completed,0.1,0.10041474304696524,0.0019745578148167736,True
deep_short,rep_0089,b,completed,0.3,0.29023031638931523,0.1633557378629638,True
deep_short,rep_0089,a,completed,5,4.904090398050421,0.2536887922531887,True
deep_short,rep_0089,t0,completed,0.001,0.0011387071538491696,0.00021787612578623195,True
deep_short,rep_0089,q1,completed,0.25,0.353397601293561,0.22224757529147912,True
deep_short,rep_0089,q2,completed,0.3,0.31864223041583556,0.24847791171030273,True
deep_short,rep_0089,extra_sigma,completed,0.0002,0.00017574482794803343,0.00012016516585673357,True
deep_short,rep_0089,depth,completed,0.010000000000000002,0.010087018525032467,0.00039747713222177756,True
deep_short,rep_0089,full_duration,completed,0.06801140489176338,0.06874892029109678,0.001094574080937582,True
deep_short,rep_0090,baseline,completed,1,0.9999610263148984,7.81197291310205e-05,True
deep_short,rep_0090,r,completed,0.1,0.09877731426128332,0.002190167317581003,True
deep_short,rep_0090,b,completed,0.3,0.3354999506654192,0.1742632818529938,True
deep_short,rep_0090,a,completed,5,4.841988137804735,0.30185303285412635,True
deep_short,rep_0090,t0,completed,0.001,0.0009392584218138982,0.00023913243521817568,True
deep_short,rep_0090,q1,completed,0.25,0.36946901614573446,0.2393894180965645,True
deep_short,rep_0090,q2,completed,0.3,0.30289470279455305,0.2465180071899598,True
deep_short,rep_0090,extra_sigma,completed,0.0002,0.0002710669550326462,0.00014409533937944535,True
deep_short,rep_0090,depth,completed,0.010000000000000002,0.009761753446343106,0.00043322338730101835,True
deep_short,rep_0090,full_duration,completed,0.06801140489176338,0.06853680864327537,0.001274108284254771,True
deep_short,rep_0091,baseline,completed,1,1.0000696944898972,8.062077504038217e-05,True
deep_short,rep_0091,r,completed,0.1,0.10078653888409127,0.0014357934348659539,True
deep_short,rep_0091,b,completed,0.3,0.17382293647659106,0.11843021085786523,True
deep_short,rep_0091,a,completed,5,5.141751004715836,0.15094816900442504,True
deep_short,rep_0091,t0,completed,0.001,0.0009882931043169237,0.00021989421901410177,True
deep_short,rep_0091,q1,completed,0.25,0.2783678130669637,0.19452995422866073,True
deep_short,rep_0091,q2,completed,0.3,0.321097037670498,0.24913125425342936,True
deep_short,rep_0091,extra_sigma,completed,0.0002,0.0004988609036406471,0.00012207360639693095,True
deep_short,rep_0091,depth,completed,0.010000000000000002,0.010159987407646348,0.000288872053217035,True
deep_short,rep_0091,full_duration,completed,0.06801140489176338,0.06745921314583149,0.0009358670390179741,True
deep_short,rep_0092,baseline,completed,1,0.9999318309523993,7.656692193223585e-05,True
deep_short,rep_0092,r,completed,0.1,0.10101501338149778,0.0020590490622473664,True
deep_short,rep_0092,b,completed,0.3,0.3964005027823547,0.15964547982398714,True
deep_short,rep_0092,a,completed,5,4.758380593206252,0.2832008554329327,True
deep_short,rep_0092,t0,completed,0.001,0.0008323220302219376,0.00022065969161804016,True
deep_short,rep_0092,q1,completed,0.25,0.23465059988108916,0.19846806089033486,True
deep_short,rep_0092,q2,completed,0.3,0.3628482052874636,0.27860336878142294,True
deep_short,rep_0092,extra_sigma,completed,0.0002,0.0001915267615011962,0.00011959582484980765,True
deep_short,rep_0092,depth,completed,0.010000000000000002,0.010208271551584158,0.0004143457206165039,True
deep_short,rep_0092,full_duration,completed,0.06801140489176338,0.06864761776508789,0.0010501372711072235,True
deep_short,rep_0093,baseline,completed,1,1.0000242163775293,7.53125401634941e-05,True
deep_short,rep_0093,r,completed,0.1,0.09780969609334417,0.0024663063885412536,True
deep_short,rep_0093,b,completed,0.3,0.29999781455609975,0.18186406263159952,True
deep_short,rep_0093,a,completed,5,4.798746759307104,0.2838600856714178,True
deep_short,rep_0093,t0,completed,0.001,0.001542738356197041,0.00023718902509796094,True
deep_short,rep_0093,q1,completed,0.25,0.5125636503923149,0.2518897848477359,True
deep_short,rep_0093,q2,completed,0.3,0.2417467295678004,0.2062181535488787,True
deep_short,rep_0093,extra_sigma,completed,0.0002,0.00017134011449963693,0.00011382618512802259,True
deep_short,rep_0093,depth,completed,0.010000000000000002,0.009572817796407704,0.00048573724406853966,True
deep_short,rep_0093,full_duration,completed,0.06801140489176338,0.06969700139743588,0.0010619099883107073,True
deep_short,rep_0094,baseline,rejected,1,1.0000039672861496,7.491595290674251e-05,False
deep_short,rep_0094,r,rejected,0.1,0.09853331484106317,0.0019888482323461593,False
deep_short,rep_0094,b,rejected,0.3,0.2488115411410911,0.16013447183954482,False
deep_short,rep_0094,a,rejected,5,4.972970536813857,0.2400939531291848,False
deep_short,rep_0094,t0,rejected,0.001,0.2508106342741301,0.4330358110511959,False
deep_short,rep_0094,q1,rejected,0.25,0.363037110910261,0.2355517163802543,False
deep_short,rep_0094,q2,rejected,0.3,0.2572248590376549,0.2420998223213495,False
deep_short,rep_0094,extra_sigma,rejected,0.0002,0.00013981795448093264,0.00010496248578657461,False
deep_short,rep_0094,depth,rejected,0.010000000000000002,0.009712768661980065,0.00039356277300502915,False
deep_short,rep_0094,full_duration,rejected,0.06801140489176338,0.06834124848565347,0.0010102071665205957,False
deep_short,rep_0095,baseline,rejected,1,1.0001039392444606,7.389968109280412e-05,False
deep_short,rep_0095,r,rejected,0.1,0.10197670353176765,0.0012410219919321216,False
deep_short,rep_0095,b,rejected,0.3,0.1665991684412499,0.11181665843498842,False
deep_short,rep_0095,a,rejected,5,5.182613886454624,0.12417269433896341,False
deep_short,rep_0095,t0,rejected,0.001,0.0010720667746342944,0.00019298036966183737,False
deep_short,rep_0095,q1,rejected,0.25,0.15291693162840103,0.12300701766760387,False
deep_short,rep_0095,q2,rejected,0.3,0.4102218903752076,0.2717029429274302,False
deep_short,rep_0095,extra_sigma,rejected,0.0002,0.0002010933675588217,0.00012759413655646706,False
deep_short,rep_0095,depth,rejected,0.010000000000000002,0.010400787813756595,0.00025269892720105344,False
deep_short,rep_0095,full_duration,rejected,0.06801140489176338,0.06709802520660042,0.0006932973363489164,False
deep_short,rep_0096,baseline,rejected,1,0.9999406232741792,7.582668307984775e-05,False
deep_short,rep_0096,r,rejected,0.1,0.0995275462832984,0.001547024367901791,False
deep_short,rep_0096,b,rejected,0.3,0.21026642183371258,0.13353315411773092,False
deep_short,rep_0096,a,rejected,5,5.031018356612941,0.17373654677056605,False
deep_short,rep_0096,t0,rejected,0.001,0.0011873042007746507,0.000213236096160427,False
deep_short,rep_0096,q1,rejected,0.25,0.2755058332890102,0.17667008249095983,False
deep_short,rep_0096,q2,rejected,0.3,0.5183915474119319,0.2570484628570755,False
deep_short,rep_0096,extra_sigma,rejected,0.0002,0.00016723146518217064,0.00011358287336425789,False
deep_short,rep_0096,depth,rejected,0.010000000000000002,0.009908125155247888,0.00030813344392867565,False
deep_short,rep_0096,full_duration,rejected,0.06801140489176338,0.0683648031554116,0.0008871310087363158,False
deep_short,rep_0097,baseline,completed,1,0.9998852526673453,7.786048339252852e-05,True
deep_short,rep_0097,r,completed,0.1,0.09913828388133591,0.0016494697050927442,True
deep_short,rep_0097,b,completed,0.3,0.3000815810554602,0.14922373225665203,True
deep_short,rep_0097,a,completed,5,4.913261393958613,0.24177125628205945,True
deep_short,rep_0097,t0,completed,0.001,0.001140812422709977,0.00021887587486673626,True
deep_short,rep_0097,q1,completed,0.25,0.21776708413618726,0.1466103824842199,True
deep_short,rep_0097,q2,completed,0.3,0.5622614788375827,0.2584366971430217,True
deep_short,rep_0097,extra_sigma,completed,0.0002,0.00020706679711400203,0.00012942367822247445,True
deep_short,rep_0097,depth,completed,0.010000000000000002,0.00983111940105679,0.00032706647817083067,True
deep_short,rep_0097,full_duration,completed,0.06801140489176338,0.06850071284564735,0.001086811580295866,True
deep_short,rep_0098,baseline,completed,1,1.0000005444852582,7.530715157398991e-05,True
deep_short,rep_0098,r,completed,0.1,0.09971305105159686,0.0017489380113951433,True
deep_short,rep_0098,b,completed,0.3,0.23108457773089172,0.14486433994099673,True
deep_short,rep_0098,a,completed,5,4.9868292304450605,0.20411119600708896,True
deep_short,rep_0098,t0,completed,0.001,0.0011749652548228705,0.0002117453741037429,True
deep_short,rep_0098,q1,completed,0.25,0.3953512916837866,0.23018861661713563,True
deep_short,rep_0098,q2,completed,0.3,0.3254216501506739,0.2344158214099736,True
deep_short,rep_0098,extra_sigma,completed,0.0002,0.0002403070831714989,0.00013588058774551497,True
deep_short,rep_0098,depth,completed,0.010000000000000002,0.00994575056949002,0.000349697704204093,True
deep_short,rep_0098,full_duration,completed,0.06801140489176338,0.06863001289148245,0.001002656922191489,True
deep_short,rep_0099,baseline,completed,1,0.9999388695061859,7.699791803119041e-05,True
deep_short,rep_0099,r,completed,0.1,0.09861488060750535,0.0020654052416963805,True
deep_short,rep_0099,b,completed,0.3,0.32389047026588036,0.15890576937564654,True
deep_short,rep_0099,a,completed,5,4.827343086689341,0.2501919303713898,True
deep_short,rep_0099,t0,completed,0.001,0.0011960684684218287,0.00022691343757262744,True
deep_short,rep_0099,q1,completed,0.25,0.393051399779095,0.23731921975125397,True
deep_short,rep_0099,q2,completed,0.3,0.24889116575035866,0.2275311946277697,True
deep_short,rep_0099,extra_sigma,completed,0.0002,0.00017769056760374142,0.00011835825128420447,True
deep_short,rep_0099,depth,completed,0.010000000000000002,0.009729159509570259,0.00040765148889117774,True
deep_short,rep_0099,full_duration,completed,0.06801140489176338,0.06913071521330515,0.0010378784524983375,True
intermediate_long,rep_0000,baseline,completed,1,0.9999864565499758,4.6432557479411685e-05,True
intermediate_long,rep_0000,r,completed,0.04,0.042849627356185596,0.010891390813979458,True
intermediate_long,rep_0000,b,completed,0.75,0.4333770960109675,0.26722374108589986,True
intermediate_long,rep_0000,a,completed,7,11.810958476643126,7.0819586592557355,True
intermediate_long,rep_0000,t0,completed,0.001,0.002439300352405283,0.0016326500910699923,True
intermediate_long,rep_0000,q1,completed,0.25,0.4998157032567774,0.28835734080296366,True
intermediate_long,rep_0000,q2,completed,0.3,0.4942484970774183,0.28920269533596044,True
intermediate_long,rep_0000,extra_sigma,completed,0.0003,0.00033578833214308507,3.985696585516343e-05,True
intermediate_long,rep_0000,depth,completed,0.0016,0.001954683302828339,0.0015474883394772248,True
intermediate_long,rep_0000,full_duration,completed,0.03301137115374576,0.028468772937779836,0.008669864121958037,True
intermediate_long,rep_0001,baseline,completed,1,1.0001071753801405,4.203148332050945e-05,True
intermediate_long,rep_0001,r,completed,0.04,0.04305437989786417,0.005638242207622147,True
intermediate_long,rep_0001,b,completed,0.75,0.4231938257266035,0.2615498836144229,True
intermediate_long,rep_0001,a,completed,7,9.87279630746312,2.6435071479060923,True
intermediate_long,rep_0001,t0,completed,0.001,0.001038407795978468,0.0011220273206579423,True
intermediate_long,rep_0001,q1,completed,0.25,0.4769174936812866,0.2878408110399238,True
intermediate_long,rep_0001,q2,completed,0.3,0.5069011713303634,0.2835192981450419,True
intermediate_long,rep_0001,extra_sigma,completed,0.0003,0.00027840880626878384,4.0680478366996206e-05,True
intermediate_long,rep_0001,depth,completed,0.0016,0.0018854614561376237,0.000564971438664292,True
intermediate_long,rep_0001,full_duration,completed,0.03301137115374576,0.03049533640866438,0.005524920399208852,True
intermediate_long,rep_0002,baseline,completed,1,1.000038774198483,4.593220817687032e-05,True
intermediate_long,rep_0002,r,completed,0.04,0.03971799218280222,0.009587065828431194,True
intermediate_long,rep_0002,b,completed,0.75,0.4336151027318709,0.2663146933674449,True
intermediate_long,rep_0002,a,completed,7,10.894742672778662,6.655849901224031,True
intermediate_long,rep_0002,t0,completed,0.001,0.0016269070683239547,0.0019225443713476824,True
intermediate_long,rep_0002,q1,completed,0.25,0.4924331589324218,0.291118921150069,True
intermediate_long,rep_0002,q2,completed,0.3,0.5006499595531221,0.2857520228027855,True
intermediate_long,rep_0002,extra_sigma,completed,0.0003,0.00032343387315460264,4.226083776295322e-05,True
intermediate_long,rep_0002,depth,completed,0.0016,0.0016694077562740119,0.0011112455569936266,True
intermediate_long,rep_0002,full_duration,completed,0.03301137115374576,0.03133311197507592,0.010286193139404529,True
intermediate_long,rep_0003,baseline,completed,1,0.9999838435670613,4.8400169827860316e-05,True
intermediate_long,rep_0003,r,completed,0.04,0.03750713510521827,0.006256736353337579,True
intermediate_long,rep_0003,b,completed,0.75,0.43076400755009503,0.2710021515409438,True
intermediate_long,rep_0003,a,completed,7,8.688549601764171,3.2449082683207315,True
intermediate_long,rep_0003,t0,completed,0.001,0.0003975742644492858,0.0020730590309463786,True
intermediate_long,rep_0003,q1,completed,0.25,0.4854436079829636,0.2851765609126168,True
intermediate_long,rep_0003,q2,completed,0.3,0.48515047941695694,0.28940953194736213,True
intermediate_long,rep_0003,extra_sigma,completed,0.0003,0.0003696112802943652,4.132781395493174e-05,True
intermediate_long,rep_0003,depth,completed,0.0016,0.001445922146908824,0.0005929349858897527,True
intermediate_long,rep_0003,full_duration,completed,0.03301137115374576,0.03513199191365157,0.00806320783555434,True
intermediate_long,rep_0004,baseline,completed,1,1.0000734253195007,4.404758109384641e-05,True
intermediate_long,rep_0004,r,completed,0.04,0.05058887322899613,0.014670259355221971,True
intermediate_long,rep_0004,b,completed,0.75,0.4398904503843796,0.27453807531784125,True
intermediate_long,rep_0004,a,completed,7,18.02749010843417,10.378161783694491,True
intermediate_long,rep_0004,t0,completed,0.001,0.0027541433634835377,0.0015354454992814414,True
intermediate_long,rep_0004,q1,completed,0.25,0.4941762577815667,0.2831495871365965,True
intermediate_long,rep_0004,q2,completed,0.3,0.5005279032159329,0.2900984143857454,True
intermediate_long,rep_0004,extra_sigma,completed,0.0003,0.0003172555594500437,4.048780643681722e-05,True
intermediate_long,rep_0004,depth,completed,0.0016,0.002774396800001532,0.001990912309032354,True
intermediate_long,rep_0004,full_duration,completed,0.03301137115374576,0.019965126629553333,0.008023881426875299,True
intermediate_long,rep_0005,baseline,completed,1,0.9999330494550936,4.124972079183421e-05,True
intermediate_long,rep_0005,r,completed,0.04,0.04880885284827488,0.010299003582066623,True
intermediate_long,rep_0005,b,completed,0.75,0.4425810085339052,0.2749514241548593,True
intermediate_long,rep_0005,a,completed,7,13.168284135967845,6.257083405960491,True
intermediate_long,rep_0005,t0,completed,0.001,-0.00011895775248739788,0.0011154601919788083,True
intermediate_long,rep_0005,q1,completed,0.25,0.48922109021752846,0.2900107213791099,True
intermediate_long,rep_0005,q2,completed,0.3,0.498485604079831,0.2899107577834507,True
intermediate_long,rep_0005,extra_sigma,completed,0.0003,0.00027407330350605135,4.307751091581111e-05,True
intermediate_long,rep_0005,depth,completed,0.0016,0.002488347073779277,0.0013178792117712293,True
intermediate_long,rep_0005,full_duration,completed,0.03301137115374576,0.024350045421155216,0.006529514609986198,True
intermediate_long,rep_0006,baseline,completed,1,0.9999861100343401,4.176261159128121e-05,True
intermediate_long,rep_0006,r,completed,0.04,0.04204051684255934,0.006355765335787335,True
intermediate_long,rep_0006,b,completed,0.75,0.4358127241426686,0.27016179076081603,True
intermediate_long,rep_0006,a,completed,7,8.991684297677796,2.433330151204449,True
intermediate_long,rep_0006,t0,completed,0.001,0.0028345165480949375,0.001241585530443822,True
intermediate_long,rep_0006,q1,completed,0.25,0.47601290661129314,0.28998364516869973,True
intermediate_long,rep_0006,q2,completed,0.3,0.48275135156256305,0.28556333259017824,True
intermediate_long,rep_0006,extra_sigma,completed,0.0003,0.00029088802811979875,4.00994855475479e-05,True
intermediate_long,rep_0006,depth,completed,0.0016,0.001807790710454861,0.0006663233457064634,True
intermediate_long,rep_0006,full_duration,completed,0.03301137115374576,0.03300895026666484,0.005616885515769165,True
intermediate_long,rep_0007,baseline,completed,1,1.0000123454906522,4.35392643885067e-05,True
intermediate_long,rep_0007,r,completed,0.04,0.039360873411986214,0.008505698175134104,True
intermediate_long,rep_0007,b,completed,0.75,0.4355497192787068,0.2691016115126304,True
intermediate_long,rep_0007,a,completed,7,10.897101538000301,5.46364878360324,True
intermediate_long,rep_0007,t0,completed,0.001,0.0009601141416429104,0.0016694008828026347,True
intermediate_long,rep_0007,q1,completed,0.25,0.4731426179953254,0.28647667478971167,True
intermediate_long,rep_0007,q2,completed,0.3,0.49452372973663855,0.2888041770224701,True
intermediate_long,rep_0007,extra_sigma,completed,0.0003,0.0003151046310075785,3.9895294094322256e-05,True
intermediate_long,rep_0007,depth,completed,0.0016,0.0016216071704755208,0.0009939598622469676,True
intermediate_long,rep_0007,full_duration,completed,0.03301137115374576,0.02921628765967315,0.007755666850945187,True
intermediate_long,rep_0008,baseline,completed,1,1.000045757889325,4.7730505031403604e-05,True
intermediate_long,rep_0008,r,completed,0.04,0.039649471059288274,0.006133914911672385,True
intermediate_long,rep_0008,b,completed,0.75,0.4299829072843336,0.2627915639785126,True
intermediate_long,rep_0008,a,completed,7,9.012978795544889,3.3606001939761145,True
intermediate_long,rep_0008,t0,completed,0.001,-0.0012197024946757158,0.0016242664951328836,True
intermediate_long,rep_0008,q1,completed,0.25,0.48065506965704485,0.28659034564110053,True
intermediate_long,rep_0008,q2,completed,0.3,0.48950986732165874,0.2890418669038065,True
intermediate_long,rep_0008,extra_sigma,completed,0.0003,0.00035587691917390364,4.0722947515721754e-05,True
intermediate_long,rep_0008,depth,completed,0.0016,0.0016096960611969393,0.0005956296813515154,True
intermediate_long,rep_0008,full_duration,completed,0.03301137115374576,0.033933076020684225,0.006977140101710311,True
intermediate_long,rep_0009,baseline,completed,1,1.0000406689990686,4.44053223139576e-05,True
intermediate_long,rep_0009,r,completed,0.04,0.03961908936787696,0.006081491822608231,True
intermediate_long,rep_0009,b,completed,0.75,0.43656688107698405,0.27019577476630435,True
intermediate_long,rep_0009,a,completed,7,7.2592840355268775,1.8062963995124857,True
intermediate_long,rep_0009,t0,completed,0.001,0.0016405515865003176,0.0014666031161757712,True
intermediate_long,rep_0009,q1,completed,0.25,0.47337040660536106,0.2915115392006345,True
intermediate_long,rep_0009,q2,completed,0.3,0.46825353935092895,0.29022740576774325,True
intermediate_long,rep_0009,extra_sigma,completed,0.0003,0.0002997089662154298,3.9870728555843675e-05,True
intermediate_long,rep_0009,depth,completed,0.0016,0.0016066475389925746,0.0006231720283713224,True
intermediate_long,rep_0009,full_duration,completed,0.03301137115374576,0.040466300110299926,0.006063153754613397,True
intermediate_long,rep_0010,baseline,completed,1,1.0000554582413477,4.2137960524615635e-05,True
intermediate_long,rep_0010,r,completed,0.04,0.039088599909432704,0.004873298579347005,True
intermediate_long,rep_0010,b,completed,0.75,0.4305609637552121,0.268388758192648,True
intermediate_long,rep_0010,a,completed,7,8.094079238317939,2.0442412661112868,True
intermediate_long,rep_0010,t0,completed,0.001,0.00015756241491464903,0.0014768523269758469,True
intermediate_long,rep_0010,q1,completed,0.25,0.466124102594216,0.2876380751925569,True
intermediate_long,rep_0010,q2,completed,0.3,0.47600774473701934,0.28471454792860423,True
intermediate_long,rep_0010,extra_sigma,completed,0.0003,0.0002748209925125116,4.113739709918446e-05,True
intermediate_long,rep_0010,depth,completed,0.0016,0.001551661744663407,0.00044846397491055573,True
intermediate_long,rep_0010,full_duration,completed,0.03301137115374576,0.03643502793507044,0.00558990267365749,True
intermediate_long,rep_0011,baseline,rejected,1,1.0000312561355018,4.335565012957248e-05,False
intermediate_long,rep_0011,r,rejected,0.04,0.04196646764731984,0.0060522239085592094,False
intermediate_long,rep_0011,b,rejected,0.75,0.4326501562788372,0.2663110404975136,False
intermediate_long,rep_0011,a,rejected,7,7.902877253631218,1.8345256303524797,False
intermediate_long,rep_0011,t0,rejected,0.001,0.002517429286788847,0.001260334391843179,False
intermediate_long,rep_0011,q1,rejected,0.25,0.4608671403401551,0.2892850038671399,False
intermediate_long,rep_0011,q2,rejected,0.3,0.483110772521702,0.2862724397920282,False
intermediate_long,rep_0011,extra_sigma,rejected,0.0003,0.00029504309491136695,3.968199019932155e-05,False
intermediate_long,rep_0011,depth,rejected,0.0016,0.0017978046636793186,0.0006553418283960469,False
intermediate_long,rep_0011,full_duration,rejected,0.03301137115374576,0.03721176904114446,0.005016854081808812,False
intermediate_long,rep_0012,baseline,completed,1,0.9999414477670983,4.693140876698722e-05,True
intermediate_long,rep_0012,r,completed,0.04,0.05705504822567009,0.01948386050126982,True
intermediate_long,rep_0012,b,completed,0.75,0.4549554418636067,0.275693751756087,True
intermediate_long,rep_0012,a,completed,7,21.39524875148018,11.794394976087426,True
intermediate_long,rep_0012,t0,completed,0.001,0.0002528543196584844,0.0016877637480677912,True
intermediate_long,rep_0012,q1,completed,0.25,0.503998845428147,0.28748562174531217,True
intermediate_long,rep_0012,q2,completed,0.3,0.5080076775009972,0.2887329378319579,True
intermediate_long,rep_0012,extra_sigma,completed,0.0003,0.00035574377803338923,4.0492866731604834e-05,True
intermediate_long,rep_0012,depth,completed,0.0016,0.0036348044428614733,0.0032903807047250056,True
intermediate_long,rep_0012,full_duration,completed,0.03301137115374576,0.01717016531989097,0.007737319635782881,True
intermediate_long,rep_0013,baseline,completed,1,1.000016694887198,4.699522120270018e-05,True
intermediate_long,rep_0013,r,completed,0.04,0.04259975242698674,0.009802139221975455,True
intermediate_long,rep_0013,b,completed,0.75,0.4257311561310639,0.2645283512658519,True
intermediate_long,rep_0013,a,completed,7,12.466695905072763,6.517476882261045,True
intermediate_long,rep_0013,t0,completed,0.001,0.0008954376130702619,0.0015819994546745785,True
intermediate_long,rep_0013,q1,completed,0.25,0.48336179517485744,0.29493525965912265,True
intermediate_long,rep_0013,q2,completed,0.3,0.4894010749197714,0.28912857133960296,True
intermediate_long,rep_0013,extra_sigma,completed,0.0003,0.00035218026723377965,4.0369524306860575e-05,True
intermediate_long,rep_0013,depth,completed,0.0016,0.0019107968196842204,0.0012951190249336916,True
intermediate_long,rep_0013,full_duration,completed,0.03301137115374576,0.02627898999605331,0.007234539852425683,True
intermediate_long,rep_0014,baseline,completed,1,1.0000331382720502,3.9435731653572266e-05,True
intermediate_long,rep_0014,r,completed,0.04,0.04224007721788179,0.004572355737607952,True
intermediate_long,rep_0014,b,completed,0.75,0.4076409490601582,0.25216577783561817,True
intermediate_long,rep_0014,a,completed,7,9.42797469188016,2.0830328972616012,True
intermediate_long,rep_0014,t0,completed,0.001,0.0008362113563996262,0.0011500671921513986,True
intermediate_long,rep_0014,q1,completed,0.25,0.44723936386239493,0.2902357370187208,True
intermediate_long,rep_0014,q2,completed,0.3,0.46342563057508196,0.2853836895309784,True
intermediate_long,rep_0014,extra_sigma,completed,0.0003,0.0002647399849089413,3.8409263134490343e-05,True
intermediate_long,rep_0014,depth,completed,0.0016,0.0018051253337546048,0.0004346940909540137,True
intermediate_long,rep_0014,full_duration,completed,0.03301137115374576,0.031751804230472365,0.004325127744489196,True
intermediate_long,rep_0015,baseline,rejected,1,1.0000607398272272,4.5209491346098594e-05,False
intermediate_long,rep_0015,r,rejected,0.04,0.04045170064876003,0.008883343643347965,False
intermediate_long,rep_0015,b,rejected,0.75,0.42745544953505143,0.2678999768013644,False
intermediate_long,rep_0015,a,rejected,7,10.68837364878472,6.147155235490472,False
intermediate_long,rep_0015,t0,rejected,0.001,0.0030441519012997975,0.0015883636893675452,False
intermediate_long,rep_0015,q1,rejected,0.25,0.49686633789030155,0.28727334162937657,False
intermediate_long,rep_0015,q2,rejected,0.3,0.49833864592758664,0.2856268459629639,False
intermediate_long,rep_0015,extra_sigma,rejected,0.0003,0.00031942862975314825,4.1203494637476945e-05,False
intermediate_long,rep_0015,depth,rejected,0.0016,0.0017152341512141325,0.0010000468804403498,False
intermediate_long,rep_0015,full_duration,rejected,0.03301137115374576,0.03065822124359433,0.008243997857122444,False
intermediate_long,rep_0016,baseline,completed,1,1.000015547649251,4.1860596357353754e-05,True
intermediate_long,rep_0016,r,completed,0.04,0.03939704658015717,0.006050964621436868,True
intermediate_long,rep_0016,b,completed,0.75,0.44266085461383226,0.27308002904476114,True
intermediate_long,rep_0016,a,completed,7,9.089581450060415,2.754448368394533,True
intermediate_long,rep_0016,t0,completed,0.001,0.001345886949606795,0.0013939801790143328,True
intermediate_long,rep_0016,q1,completed,0.25,0.48216392877968756,0.28822744506274395,True
intermediate_long,rep_0016,q2,completed,0.3,0.486649636324631,0.28366088464908934,True
intermediate_long,rep_0016,extra_sigma,completed,0.0003,0.0002837663431117696,4.2127311028689015e-05,True
intermediate_long,rep_0016,depth,completed,0.0016,0.0015887322985457422,0.0005890497808548076,True
intermediate_long,rep_0016,full_duration,completed,0.03301137115374576,0.03264139117289966,0.006081093704801204,True
intermediate_long,rep_0017,baseline,completed,1,0.9999762595920619,4.690965662583266e-05,True
intermediate_long,rep_0017,r,completed,0.04,0.044621623856088144,0.01073156271592508,True
intermediate_long,rep_0017,b,completed,0.75,0.42422916835744023,0.26476233926334003,True
intermediate_long,rep_0017,a,completed,7,12.400393646739813,6.343324982149399,True
intermediate_long,rep_0017,t0,completed,0.001,0.0022597223358927564,0.0015756681251184281,True
intermediate_long,rep_0017,q1,completed,0.25,0.4834937072595939,0.29587554330102434,True
intermediate_long,rep_0017,q2,completed,0.3,0.4913470796274438,0.2899882878238565,True
intermediate_long,rep_0017,extra_sigma,completed,0.0003,0.000347585226388191,4.1454309105357094e-05,True
intermediate_long,rep_0017,depth,completed,0.0016,0.0021062269622704665,0.0014108710979868807,True
intermediate_long,rep_0017,full_duration,completed,0.03301137115374576,0.026468082734153662,0.007396759536669828,True
intermediate_long,rep_0018,baseline,completed,1,1.000069591628426,4.6977592764704564e-05,True
intermediate_long,rep_0018,r,completed,0.04,0.03876898298232469,0.005780106862961803,True
intermediate_long,rep_0018,b,completed,0.75,0.42462658929964225,0.26248420729877936,True
intermediate_long,rep_0018,a,completed,7,8.254754883691886,2.448488180778948,True
intermediate_long,rep_0018,t0,completed,0.001,0.0028470220276445666,0.001630156386476634,True
intermediate_long,rep_0018,q1,completed,0.25,0.46852538139696265,0.2955386628653511,True
intermediate_long,rep_0018,q2,completed,0.3,0.47868816005091924,0.2907236649479765,True
intermediate_long,rep_0018,extra_sigma,completed,0.0003,0.0003404653912646576,3.959838723656753e-05,True
intermediate_long,rep_0018,depth,completed,0.0016,0.0015364353244222025,0.0005874065744127906,True
intermediate_long,rep_0018,full_duration,completed,0.03301137115374576,0.03631817863197611,0.006256295851225133,True
intermediate_long,rep_0019,baseline,completed,1,0.9999785682474186,4.6967999148775115e-05,True
intermediate_long,rep_0019,r,completed,0.04,0.040925443409085105,0.012302953026935227,True
intermediate_long,rep_0019,b,completed,0.75,0.4366759472416886,0.2675798469957279,True
intermediate_long,rep_0019,a,completed,7,14.447845287039703,9.42844458496006,True
intermediate_long,rep_0019,t0,completed,0.001,0.0013763040296621654,0.002041640458177256,True
intermediate_long,rep_0019,q1,completed,0.25,0.4849235775010216,0.2864270392124917,True
intermediate_long,rep_0019,q2,completed,0.3,0.4904561130615954,0.2892177681765362,True
intermediate_long,rep_0019,extra_sigma,completed,0.0003,0.0003415520233081901,3.899005649307444e-05,True
intermediate_long,rep_0019,depth,completed,0.0016,0.001826216730749906,0.0016028149367699708,True
intermediate_long,rep_0019,full_duration,completed,0.03301137115374576,0.025035603742728726,0.009550948336862347,True
intermediate_long,rep_0020,baseline,completed,1,0.9999139276695267,4.0366152809868735e-05,True
intermediate_long,rep_0020,r,completed,0.04,0.05443000223665813,0.017247091374076595,True
intermediate_long,rep_0020,b,completed,0.75,0.45330270554512553,0.2709747996658114,True
intermediate_long,rep_0020,a,completed,7,24.122640993483543,12.228873623819153,True
intermediate_long,rep_0020,t0,completed,0.001,0.0013507263632225098,0.0018564555404386688,True
intermediate_long,rep_0020,q1,completed,0.25,0.49111715934128575,0.2904144244207629,True
intermediate_long,rep_0020,q2,completed,0.3,0.5080815610279616,0.28389101067181505,True
intermediate_long,rep_0020,extra_sigma,completed,0.0003,0.00026612037488831983,4.157211124717617e-05,True
intermediate_long,rep_0020,depth,completed,0.0016,0.0032600129388081394,0.0025620152533977576,True
intermediate_long,rep_0020,full_duration,completed,0.03301137115374576,0.01520420818101022,0.007447504737759772,True
intermediate_long,rep_0021,baseline,completed,1,1.0000182559641508,5.1190670268470713e-05,True
intermediate_long,rep_0021,r,completed,0.04,0.043067308860535024,0.007556120678808983,True
intermediate_long,rep_0021,b,completed,0.75,0.42134571141936444,0.2690968071633798,True
intermediate_long,rep_0021,a,completed,7,9.486100122085743,3.291469260453732,True
intermediate_long,rep_0021,t0,completed,0.001,0.0012658300659633853,0.0014199013286841304,True
intermediate_long,rep_0021,q1,completed,0.25,0.4926863551548704,0.2891963027496814,True
intermediate_long,rep_0021,q2,completed,0.3,0.4961813118124781,0.2895727702302375,True
intermediate_long,rep_0021,extra_sigma,completed,0.0003,0.000382844320768999,4.288763049286899e-05,True
intermediate_long,rep_0021,depth,completed,0.0016,0.0019118737784615148,0.0009283903891902872,True
intermediate_long,rep_0021,full_duration,completed,0.03301137115374576,0.03233266592953207,0.006841814171994114,True
intermediate_long,rep_0022,baseline,completed,1,0.9999580419079431,4.2023024670536576e-05,True
intermediate_long,rep_0022,r,completed,0.04,0.049555500818652745,0.016215040904308087,True
intermediate_long,rep_0022,b,completed,0.75,0.4540646345434795,0.27356667594910405,True
intermediate_long,rep_0022,a,completed,7,20.516567698425558,11.785251880511332,True
intermediate_long,rep_0022,t0,completed,0.001,0.0009608951455817306,0.0018368474667129716,True
intermediate_long,rep_0022,q1,completed,0.25,0.5113183400861534,0.2879907706955825,True
intermediate_long,rep_0022,q2,completed,0.3,0.5024271372794128,0.2916860709567866,True
intermediate_long,rep_0022,extra_sigma,completed,0.0003,0.0002849662349509342,4.094487992678768e-05,True
intermediate_long,rep_0022,depth,completed,0.0016,0.002718609481027995,0.0022906753883177055,True
intermediate_long,rep_0022,full_duration,completed,0.03301137115374576,0.018098384858504665,0.00847378682065108,True
intermediate_long,rep_0023,baseline,completed,1,0.9999777121099056,4.0943029538120204e-05,True
intermediate_long,rep_0023,r,completed,0.04,0.04614977378047664,0.009939333824547954,True
intermediate_long,rep_0023,b,completed,0.75,0.444691434754777,0.2721692026332084,True
intermediate_long,rep_0023,a,completed,7,14.063684062089512,7.458096739870338,True
intermediate_long,rep_0023,t0,completed,0.001,0.0010534751116098038,0.0012464290793934997,True
intermediate_long,rep_0023,q1,completed,0.25,0.474454603009644,0.2855296213595199,True
intermediate_long,rep_0023,q2,completed,0.3,0.48868595125328007,0.2883005038097024,True
intermediate_long,rep_0023,extra_sigma,completed,0.0003,0.00026095226696486916,4.031532853153865e-05,True
intermediate_long,rep_0023,depth,completed,0.0016,0.0022285672792757534,0.0012354756351612797,True
intermediate_long,rep_0023,full_duration,completed,0.03301137115374576,0.023319530975684826,0.006820604085990112,True
intermediate_long,rep_0024,baseline,completed,1,0.9999428839547775,4.374294478998058e-05,True
intermediate_long,rep_0024,r,completed,0.04,0.0406603191608433,0.008663412707615241,True
intermediate_long,rep_0024,b,completed,0.75,0.4241919989959932,0.2630828019669606,True
intermediate_long,rep_0024,a,completed,7,12.123748525436735,6.528040100867145,True
intermediate_long,rep_0024,t0,completed,0.001,0.00022537873729613006,0.0015558824033286582,True
intermediate_long,rep_0024,q1,completed,0.25,0.4785398667202839,0.2897897181758044,True
intermediate_long,rep_0024,q2,completed,0.3,0.49423320374834606,0.2809359259659655,True
intermediate_long,rep_0024,extra_sigma,completed,0.0003,0.00031287113333851486,4.116078218448674e-05,True
intermediate_long,rep_0024,depth,completed,0.0016,0.0017282975103241744,0.0009720076182431769,True
intermediate_long,rep_0024,full_duration,completed,0.03301137115374576,0.026957961662381912,0.007298681452604517,True
intermediate_long,rep_0025,baseline,completed,1,0.9999864223283628,4.594164941208065e-05,True
intermediate_long,rep_0025,r,completed,0.04,0.042541609617228825,0.006618237177512618,True
intermediate_long,rep_0025,b,completed,0.75,0.410920116112786,0.25285153808253136,True
intermediate_long,rep_0025,a,completed,7,10.568466776625344,4.326570550100545,True
intermediate_long,rep_0025,t0,completed,0.001,-0.0005406333997755206,0.0013665842479674746,True
intermediate_long,rep_0025,q1,completed,0.25,0.47877777935246785,0.2894885964603836,True
intermediate_long,rep_0025,q2,completed,0.3,0.4909139502695754,0.2917959428947466,True
intermediate_long,rep_0025,extra_sigma,completed,0.0003,0.00032914231571995093,3.94813915082249e-05,True
intermediate_long,rep_0025,depth,completed,0.0016,0.0018535786618966714,0.0007185115968581716,True
intermediate_long,rep_0025,full_duration,completed,0.03301137115374576,0.029738342454377658,0.006374202979455013,True
intermediate_long,rep_0026,baseline,completed,1,0.9999330764266686,4.1769598025724345e-05,True
intermediate_long,rep_0026,r,completed,0.04,0.04371110889282278,0.009485432197937417,True
intermediate_long,rep_0026,b,completed,0.75,0.4254890864088715,0.2659280976404239,True
intermediate_long,rep_0026,a,completed,7,12.796721338571777,6.4683853141654,True
intermediate_long,rep_0026,t0,completed,0.001,0.00047773413741799203,0.0013255865988338485,True
intermediate_long,rep_0026,q1,completed,0.25,0.47832754611505984,0.28402196288351383,True
intermediate_long,rep_0026,q2,completed,0.3,0.4860683261308458,0.2867933831747223,True
intermediate_long,rep_0026,extra_sigma,completed,0.0003,0.0002785755381400526,4.064726688545427e-05,True
intermediate_long,rep_0026,depth,completed,0.0016,0.0020006119712658826,0.0012296210570878101,True
intermediate_long,rep_0026,full_duration,completed,0.03301137115374576,0.025270854882775667,0.006513458787410459,True
intermediate_long,rep_0027,baseline,completed,1,0.9999951006639404,4.653160026227161e-05,True
intermediate_long,rep_0027,r,completed,0.04,0.04370253582708546,0.009252137190714056,True
intermediate_long,rep_0027,b,completed,0.75,0.4315247304174262,0.2692841498279616,True
intermediate_long,rep_0027,a,completed,7,11.271323685874295,5.513940195807175,True
intermediate_long,rep_0027,t0,completed,0.001,0.0006259271271526713,0.0014426570334754834,True
intermediate_long,rep_0027,q1,completed,0.25,0.4847605977626211,0.2872475603996738,True
intermediate_long,rep_0027,q2,completed,0.3,0.5005917120904916,0.28765550635485404,True
intermediate_long,rep_0027,extra_sigma,completed,0.0003,0.0003370619114180952,4.0884534485133395e-05,True
intermediate_long,rep_0027,depth,completed,0.0016,0.001995492279802834,0.0011462152577005951,True
intermediate_long,rep_0027,full_duration,completed,0.03301137115374576,0.028464698350996343,0.007555441280955832,True
intermediate_long,rep_0028,baseline,completed,1,0.9999665294454386,4.50352417164366e-05,True
intermediate_long,rep_0028,r,completed,0.04,0.047965425724610385,0.014083945848209123,True
intermediate_long,rep_0028,b,completed,0.75,0.4436443359220351,0.2795033197722689,True
intermediate_long,rep_0028,a,completed,7,14.67259240961021,9.131053606319345,True
intermediate_long,rep_0028,t0,completed,0.001,0.0006266549780359919,0.0017100472048501493,True
intermediate_long,rep_0028,q1,completed,0.25,0.49870001420867743,0.29480951821774104,True
intermediate_long,rep_0028,q2,completed,0.3,0.4948470186177834,0.28691413686296086,True
intermediate_long,rep_0028,extra_sigma,completed,0.0003,0.0003148636046108132,4.041630498706255e-05,True
intermediate_long,rep_0028,depth,completed,0.0016,0.0024989900062157393,0.0020077187845949362,True
intermediate_long,rep_0028,full_duration,completed,0.03301137115374576,0.024153802199325475,0.009210692762152889,True
intermediate_long,rep_0029,baseline,completed,1,1.0000016477474174,3.7659290995097525e-05,True
intermediate_long,rep_0029,r,completed,0.04,0.0390839327886208,0.006474032496809349,True
intermediate_long,rep_0029,b,completed,0.75,0.4159380294687671,0.25959207273443696,True
intermediate_long,rep_0029,a,completed,7,10.800186445002513,4.420630997662887,True
intermediate_long,rep_0029,t0,completed,0.001,0.0021007212690856577,0.0013634053251507777,True
intermediate_long,rep_0029,q1,completed,0.25,0.4791494124004682,0.2847574749546278,True
intermediate_long,rep_0029,q2,completed,0.3,0.4820044916187147,0.2840993129378203,True
intermediate_long,rep_0029,extra_sigma,completed,0.0003,0.00024944926703544953,3.986358010367324e-05,True
intermediate_long,rep_0029,depth,completed,0.0016,0.001569456420720979,0.0006196477541712528,True
intermediate_long,rep_0029,full_duration,completed,0.03301137115374576,0.02892899253835541,0.006600549487537267,True
intermediate_long,rep_0030,baseline,completed,1,1.0000277819346288,4.941996901994655e-05,True
intermediate_long,rep_0030,r,completed,0.04,0.04205471393267069,0.007815417552546167,True
intermediate_long,rep_0030,b,completed,0.75,0.4286118911251535,0.26651872586794684,True
intermediate_long,rep_0030,a,completed,7,9.673877124007053,4.671076431261609,True
intermediate_long,rep_0030,t0,completed,0.001,0.002857920612036078,0.0017373156953598514,True
intermediate_long,rep_0030,q1,completed,0.25,0.4739037621170668,0.28960661577550223,True
intermediate_long,rep_0030,q2,completed,0.3,0.47023513339621614,0.2845716919507658,True
intermediate_long,rep_0030,extra_sigma,completed,0.0003,0.00037666249827957645,4.1187364181972004e-05,True
intermediate_long,rep_0030,depth,completed,0.0016,0.0018296644452915334,0.0009404126119042098,True
intermediate_long,rep_0030,full_duration,completed,0.03301137115374576,0.03242534319619828,0.007157571646738307,True
intermediate_long,rep_0031,baseline,rejected,1,0.9999897586953115,4.2663693229710006e-05,False
intermediate_long,rep_0031,r,rejected,0.04,0.04484265826548225,0.011841842957932877,False
intermediate_long,rep_0031,b,rejected,0.75,0.435383777072228,0.271542918984541,False
intermediate_long,rep_0031,a,rejected,7,14.241812804455556,8.858153474571552,False
intermediate_long,rep_0031,t0,rejected,0.001,-0.001228808443280621,0.0015706079545928368,False
intermediate_long,rep_0031,q1,rejected,0.25,0.4955673727814435,0.28286730320642256,False
intermediate_long,rep_0031,q2,rejected,0.3,0.5037892994294623,0.29153217951061483,False
intermediate_long,rep_0031,extra_sigma,rejected,0.0003,0.00028904706165498267,4.190997834693926e-05,False
intermediate_long,rep_0031,depth,rejected,0.0016,0.002151058187644008,0.0013752359666590567,False
intermediate_long,rep_0031,full_duration,rejected,0.03301137115374576,0.02493873851434254,0.009264053424992078,False
intermediate_long,rep_0032,baseline,completed,1,1.0000403859500242,4.409812302747092e-05,True
intermediate_long,rep_0032,r,completed,0.04,0.03821032077756693,0.00500274470594845,True
intermediate_long,rep_0032,b,completed,0.75,0.42422699071212616,0.26001523851371955,True
intermediate_long,rep_0032,a,completed,7,8.058694336050527,2.3322886416871347,True
intermediate_long,rep_0032,t0,completed,0.001,0.0017124450319597495,0.0015440704612256727,True
intermediate_long,rep_0032,q1,completed,0.25,0.4646280974931218,0.2910917815296798,True
intermediate_long,rep_0032,q2,completed,0.3,0.4744938093090638,0.286645335221064,True
intermediate_long,rep_0032,extra_sigma,completed,0.0003,0.00030638751536199167,4.064692741622692e-05,True
intermediate_long,rep_0032,depth,completed,0.0016,0.0014850498116538106,0.00047184157293942905,True
intermediate_long,rep_0032,full_duration,completed,0.03301137115374576,0.03709062229717571,0.006096281123486271,True
intermediate_long,rep_0033,baseline,completed,1,1.0000009877853522,4.1744624339444814e-05,True
intermediate_long,rep_0033,r,completed,0.04,0.06961402103605613,0.019327905499681646,True
intermediate_long,rep_0033,b,completed,0.75,0.4597867226163253,0.2756323308802873,True
intermediate_long,rep_0033,a,completed,7,30.22290125151974,10.272020187016295,True
intermediate_long,rep_0033,t0,completed,0.001,0.003104393025466496,0.0014316933122475958,True
intermediate_long,rep_0033,q1,completed,0.25,0.5003147852018135,0.2875916722292825,True
intermediate_long,rep_0033,q2,completed,0.3,0.5035340083369527,0.2837588371862497,True
intermediate_long,rep_0033,extra_sigma,completed,0.0003,0.0002944504375923092,4.1493673767976216e-05,True
intermediate_long,rep_0033,depth,completed,0.0016,0.005219586463830339,0.003681266197251105,True
intermediate_long,rep_0033,full_duration,completed,0.03301137115374576,0.010722413155380483,0.003700682233409159,True
intermediate_long,rep_0034,baseline,completed,1,0.9999275428363505,4.15568922546989e-05,True
intermediate_long,rep_0034,r,completed,0.04,0.0397305142791738,0.008319881878778095,True
intermediate_long,rep_0034,b,completed,0.75,0.4256471373119911,0.2608677814616792,True
intermediate_long,rep_0034,a,completed,7,11.690907029634513,6.245524689533286,True
intermediate_long,rep_0034,t0,completed,0.001,-0.0004917167640450555,0.0015945020559227912,True
intermediate_long,rep_0034,q1,completed,0.25,0.4820657868478628,0.2907536378903037,True
intermediate_long,rep_0034,q2,completed,0.3,0.4843661769116943,0.2843334971914575,True
intermediate_long,rep_0034,extra_sigma,completed,0.0003,0.0002736329473727665,4.150155791293414e-05,True
intermediate_long,rep_0034,depth,completed,0.0016,0.0016477168942558337,0.0008579846596778843,True
intermediate_long,rep_0034,full_duration,completed,0.03301137115374576,0.02805727468432761,0.007778856044219965,True
intermediate_long,rep_0035,baseline,rejected,1,1.000062534587323,4.491649026584758e-05,False
intermediate_long,rep_0035,r,rejected,0.04,0.04140157650138834,0.005775225527751214,False
intermediate_long,rep_0035,b,rejected,0.75,0.4294440497351433,0.26273949531682356,False
intermediate_long,rep_0035,a,rejected,7,7.871297081680385,2.011244300391835,False
intermediate_long,rep_0035,t0,rejected,0.001,-0.0008311166413526259,0.0013778896579465449,False
intermediate_long,rep_0035,q1,rejected,0.25,0.5000479177640905,0.2857237128311306,False
intermediate_long,rep_0035,q2,rejected,0.3,0.5027223980311053,0.29053632539497265,False
intermediate_long,rep_0035,extra_sigma,rejected,0.0003,0.0003221556741746029,3.931437828383102e-05,False
intermediate_long,rep_0035,depth,rejected,0.0016,0.001747435428389226,0.0005915787243032055,False
intermediate_long,rep_0035,full_duration,rejected,0.03301137115374576,0.037827941084406375,0.00613048041301744,False
intermediate_long,rep_0036,baseline,completed,1,0.9999733281222701,4.498325483922177e-05,True
intermediate_long,rep_0036,r,completed,0.04,0.064150076188899,0.020455260755267102,True
intermediate_long,rep_0036,b,completed,0.75,0.47546675790520043,0.2765369769154018,True
intermediate_long,rep_0036,a,completed,7,27.768289588669717,11.617453383091421,True
intermediate_long,rep_0036,t0,completed,0.001,-0.0004001883483026151,0.001759825989409356,True
intermediate_long,rep_0036,q1,completed,0.25,0.49493751289457827,0.2862592594951354,True
intermediate_long,rep_0036,q2,completed,0.3,0.5099509285676294,0.29190332611887865,True
intermediate_long,rep_0036,extra_sigma,completed,0.0003,0.000344219936017726,4.136181564846976e-05,True
intermediate_long,rep_0036,depth,completed,0.0016,0.004533545363184375,0.003622262084197092,True
intermediate_long,rep_0036,full_duration,completed,0.03301137115374576,0.01231961065603037,0.005536968684331068,True
intermediate_long,rep_0037,baseline,completed,1,1.0000134197245767,5.0966157092249825e-05,True
intermediate_long,rep_0037,r,completed,0.04,0.04615238463599229,0.009074942720776764,True
intermediate_long,rep_0037,b,completed,0.75,0.4246991356132418,0.2635826734932148,True
intermediate_long,rep_0037,a,completed,7,11.815109268911826,5.608862936401963,True
intermediate_long,rep_0037,t0,completed,0.001,-0.0004374328529404533,0.0013619630486938596,True
intermediate_long,rep_0037,q1,completed,0.25,0.48811479740441244,0.28613109829707756,True
intermediate_long,rep_0037,q2,completed,0.3,0.4977919584870526,0.2887497836341283,True
intermediate_long,rep_0037,extra_sigma,completed,0.0003,0.000389581001855658,4.30068671426786e-05,True
intermediate_long,rep_0037,depth,completed,0.0016,0.00221237660432761,0.001079088442150873,True
intermediate_long,rep_0037,full_duration,completed,0.03301137115374576,0.027319082832158247,0.00713650387255341,True
intermediate_long,rep_0038,baseline,completed,1,1.0000645910767565,4.980390470073589e-05,True
intermediate_long,rep_0038,r,completed,0.04,0.03905260954091818,0.004700158084996808,True
intermediate_long,rep_0038,b,completed,0.75,0.42215683724693304,0.25912018456190533,True
intermediate_long,rep_0038,a,completed,7,7.805260201821962,1.8879288078517422,True
intermediate_long,rep_0038,t0,completed,0.001,0.0022058209677264223,0.001746192076469188,True
intermediate_long,rep_0038,q1,completed,0.25,0.47128863306465874,0.28930486434672953,True
intermediate_long,rep_0038,q2,completed,0.3,0.4764433942858235,0.2928198042167677,True
intermediate_long,rep_0038,extra_sigma,completed,0.0003,0.0003897702616793916,4.215939382033134e-05,True
intermediate_long,rep_0038,depth,completed,0.0016,0.0015471922751078687,0.00041599096813711554,True
intermediate_long,rep_0038,full_duration,completed,0.03301137115374576,0.03807301541065567,0.005892714448483856,True
intermediate_long,rep_0039,baseline,completed,1,1.0000550128578822,3.8190488725468825e-05,True
intermediate_long,rep_0039,r,completed,0.04,0.04108808809586993,0.004936341074250156,True
intermediate_long,rep_0039,b,completed,0.75,0.42235045429784424,0.26300864473666336,True
intermediate_long,rep_0039,a,completed,7,8.741720418301764,2.0550491468581336,True
intermediate_long,rep_0039,t0,completed,0.001,0.00010417930190410823,0.0011128267750708345,True
intermediate_long,rep_0039,q1,completed,0.25,0.45479577018040956,0.291714824146114,True
intermediate_long,rep_0039,q2,completed,0.3,0.46545773926483525,0.2826886936129846,True
intermediate_long,rep_0039,extra_sigma,completed,0.0003,0.00023162880515876572,4.5706361251453325e-05,True
intermediate_long,rep_0039,depth,completed,0.0016,0.0017125923547094976,0.00048074563877238317,True
intermediate_long,rep_0039,full_duration,completed,0.03301137115374576,0.03384796570535977,0.004609614498642376,True
intermediate_long,rep_0040,baseline,completed,1,0.9999607927396946,4.303778972513389e-05,True
intermediate_long,rep_0040,r,completed,0.04,0.03738559924953891,0.004596382516299825,True
intermediate_long,rep_0040,b,completed,0.75,0.41100116743846354,0.25557318183621824,True
intermediate_long,rep_0040,a,completed,7,7.664008019785705,1.7776553125244436,True
intermediate_long,rep_0040,t0,completed,0.001,0.0017971283931636083,0.0015584308636028051,True
intermediate_long,rep_0040,q1,completed,0.25,0.4683335799080447,0.2929951222534781,True
intermediate_long,rep_0040,q2,completed,0.3,0.47023883851682396,0.28750888347128295,True
intermediate_long,rep_0040,extra_sigma,completed,0.0003,0.0002814321596229118,4.042405355494828e-05,True
intermediate_long,rep_0040,depth,completed,0.0016,0.0014188044818002116,0.00042512240116218436,True
intermediate_long,rep_0040,full_duration,completed,0.03301137115374576,0.038895893530534194,0.0056377456135993246,True
intermediate_long,rep_0041,baseline,completed,1,0.9999416313746787,4.634410885342594e-05,True
intermediate_long,rep_0041,r,completed,0.04,0.04729366944020748,0.015213166384974606,True
intermediate_long,rep_0041,b,completed,0.75,0.44439963668019444,0.26896747880692445,True
intermediate_long,rep_0041,a,completed,7,17.787336177191253,11.103798868973719,True
intermediate_long,rep_0041,t0,completed,0.001,0.00177152813360519,0.0019121168056320816,True
intermediate_long,rep_0041,q1,completed,0.25,0.4983992693860904,0.2883793178434484,True
intermediate_long,rep_0041,q2,completed,0.3,0.5014173859052732,0.28926048898639406,True
intermediate_long,rep_0041,extra_sigma,completed,0.0003,0.0003401037551703602,4.313144871958371e-05,True
intermediate_long,rep_0041,depth,completed,0.0016,0.0024680737404686715,0.0020855131252002085,True
intermediate_long,rep_0041,full_duration,completed,0.03301137115374576,0.02121342871947133,0.009615786188972613,True
intermediate_long,rep_0042,baseline,completed,1,1.0000210842039883,4.4262590078936144e-05,True
intermediate_long,rep_0042,r,completed,0.04,0.047590499220688975,0.010562830049153758,True
intermediate_long,rep_0042,b,completed,0.75,0.45206976991573505,0.27703824015556183,True
intermediate_long,rep_0042,a,completed,7,11.935739247773123,5.854867305520275,True
intermediate_long,rep_0042,t0,completed,0.001,0.001506298737925557,0.0012700124593033693,True
intermediate_long,rep_0042,q1,completed,0.25,0.4945427950077533,0.2871559285495067,True
intermediate_long,rep_0042,q2,completed,0.3,0.5051987503341131,0.28109855989338306,True
intermediate_long,rep_0042,extra_sigma,completed,0.0003,0.00031306060147486534,4.231129057364005e-05,True
intermediate_long,rep_0042,depth,completed,0.0016,0.0023764011013770424,0.0013738100082754342,True
intermediate_long,rep_0042,full_duration,completed,0.03301137115374576,0.0265208907409689,0.006920401466739505,True
intermediate_long,rep_0043,baseline,completed,1,1.00008049492821,4.473984775973991e-05,True
intermediate_long,rep_0043,r,completed,0.04,0.038466768297676854,0.005004393250131492,True
intermediate_long,rep_0043,b,completed,0.75,0.41224326755125074,0.26479543684725004,True
intermediate_long,rep_0043,a,completed,7,8.921355529801856,2.696458699491554,True
intermediate_long,rep_0043,t0,completed,0.001,0.0011536118001223288,0.0015054370550342336,True
intermediate_long,rep_0043,q1,completed,0.25,0.46372047166755875,0.2887377047103891,True
intermediate_long,rep_0043,q2,completed,0.3,0.4782393380953268,0.2870571467349111,True
intermediate_long,rep_0043,extra_sigma,completed,0.0003,0.00031760872316077306,4.1120013246140234e-05,True
intermediate_long,rep_0043,depth,completed,0.0016,0.0015047299540811674,0.00044791666412302396,True
intermediate_long,rep_0043,full_duration,completed,0.03301137115374576,0.03380009878728497,0.006023070026769,True
intermediate_long,rep_0044,baseline,completed,1,1.0000280929989396,4.5065317159621804e-05,True
intermediate_long,rep_0044,r,completed,0.04,0.041558359636786356,0.005302478556270111,True
intermediate_long,rep_0044,b,completed,0.75,0.4198657445393465,0.2651860752606799,True
intermediate_long,rep_0044,a,completed,7,7.912807417548031,1.8965769370400325,True
intermediate_long,rep_0044,t0,completed,0.001,0.0035170136817854357,0.0012535320866037373,True
intermediate_long,rep_0044,q1,completed,0.25,0.49619225106469056,0.2859609077158056,True
intermediate_long,rep_0044,q2,completed,0.3,0.4932648133969595,0.28933700206706864,True
intermediate_long,rep_0044,extra_sigma,completed,0.0003,0.0003017267592230065,4.095832127723243e-05,True
intermediate_long,rep_0044,depth,completed,0.0016,0.001755206505470468,0.000537076240681304,True
intermediate_long,rep_0044,full_duration,completed,0.03301137115374576,0.03754473767530233,0.005340927813815716,True
intermediate_long,rep_0045,baseline,completed,1,1.000056720927387,4.3376675197315e-05,True
intermediate_long,rep_0045,r,completed,0.04,0.04689369003796838,0.013698692719201575,True
intermediate_long,rep_0045,b,completed,0.75,0.43594503905876103,0.26573567242889595,True
intermediate_long,rep_0045,a,completed,7,16.18250098005616,9.588787119599386,True
intermediate_long,rep_0045,t0,completed,0.001,0.003965755080234342,0.0015327149706896252,True
intermediate_long,rep_0045,q1,completed,0.25,0.4823201043956101,0.2809814282130177,True
intermediate_long,rep_0045,q2,completed,0.3,0.4819457726836231,0.2886625436102906,True
intermediate_long,rep_0045,extra_sigma,completed,0.0003,0.0003032538583678873,4.06648641164321e-05,True
intermediate_long,rep_0045,depth,completed,0.0016,0.002386625434046608,0.0018891070539433861,True
intermediate_long,rep_0045,full_duration,completed,0.03301137115374576,0.022064320074813983,0.008330754700549283,True
intermediate_long,rep_0046,baseline,completed,1,1.000018143659876,4.1677230127522284e-05,True
intermediate_long,rep_0046,r,completed,0.04,0.03983252986812181,0.008610209352749297,True
intermediate_long,rep_0046,b,completed,0.75,0.42773798243640193,0.2693014579478023,True
intermediate_long,rep_0046,a,completed,7,10.290083210677599,4.42725547005003,True
intermediate_long,rep_0046,t0,completed,0.001,0.00048343970177240885,0.0015021053558457737,True
intermediate_long,rep_0046,q1,completed,0.25,0.4710383289776815,0.2852958642406224,True
intermediate_long,rep_0046,q2,completed,0.3,0.4896040438462371,0.28836266449116643,True
intermediate_long,rep_0046,extra_sigma,completed,0.0003,0.00029854286090581794,4.03050048375909e-05,True
intermediate_long,rep_0046,depth,completed,0.0016,0.001660747606866713,0.0011781349737537085,True
intermediate_long,rep_0046,full_duration,completed,0.03301137115374576,0.029993514992280375,0.006319582972266693,True
intermediate_long,rep_0047,baseline,completed,1,0.999976935767014,4.339225201529173e-05,True
intermediate_long,rep_0047,r,completed,0.04,0.03869120127364839,0.00418167887332845,True
intermediate_long,rep_0047,b,completed,0.75,0.42257027046089657,0.26236640732814764,True
intermediate_long,rep_0047,a,completed,7,8.187905888311347,1.9221658676724453,True
intermediate_long,rep_0047,t0,completed,0.001,0.0014111710922618706,0.001460279665899524,True
intermediate_long,rep_0047,q1,completed,0.25,0.4443681348249394,0.2861573776178725,True
intermediate_long,rep_0047,q2,completed,0.3,0.4588392523177174,0.28548720915542775,True
intermediate_long,rep_0047,extra_sigma,completed,0.0003,0.00030459397922789775,3.933319824164528e-05,True
intermediate_long,rep_0047,depth,completed,0.0016,0.0015144911225880625,0.0003639405527956051,True
intermediate_long,rep_0047,full_duration,completed,0.03301137115374576,0.036086414596652516,0.005132656284863007,True
intermediate_long,rep_0048,baseline,completed,1,0.9999553824457612,3.321320152981974e-05,True
intermediate_long,rep_0048,r,completed,0.04,0.034769195332475605,0.004679288544096418,True
intermediate_long,rep_0048,b,completed,0.75,0.41706517931883663,0.26305472903376265,True
intermediate_long,rep_0048,a,completed,7,8.80454278674582,2.1801487838857927,True
intermediate_long,rep_0048,t0,completed,0.001,-0.00032688997585268,0.0013812874378918078,True
intermediate_long,rep_0048,q1,completed,0.25,0.46002279977640365,0.28676207318886543,True
intermediate_long,rep_0048,q2,completed,0.3,0.4702139955365517,0.28620072656724077,True
intermediate_long,rep_0048,extra_sigma,completed,0.0003,0.00013243029612489734,5.6334073694094026e-05,True
intermediate_long,rep_0048,depth,completed,0.0016,0.0012307872114114358,0.00040634259946077813,True
intermediate_long,rep_0048,full_duration,completed,0.03301137115374576,0.03356868784646853,0.005204822987749436,True
intermediate_long,rep_0049,baseline,completed,1,0.9999581997834343,4.486978349339791e-05,True
intermediate_long,rep_0049,r,completed,0.04,0.04001462121670959,0.00586165343258764,True
intermediate_long,rep_0049,b,completed,0.75,0.42711522238924576,0.2647015748995545,True
intermediate_long,rep_0049,a,completed,7,9.332527860593629,3.409320372303689,True
intermediate_long,rep_0049,t0,completed,0.001,0.0005884362557047392,0.0015430571269431884,True
intermediate_long,rep_0049,q1,completed,0.25,0.4768763350476835,0.29397887260533623,True
intermediate_long,rep_0049,q2,completed,0.3,0.4793171112183158,0.28296822037472713,True
intermediate_long,rep_0049,extra_sigma,completed,0.0003,0.000324624907554128,4.135355000619171e-05,True
intermediate_long,rep_0049,depth,completed,0.0016,0.00163552030233527,0.0005669637041158645,True
intermediate_long,rep_0049,full_duration,completed,0.03301137115374576,0.03268182117944961,0.006575193620097979,True
intermediate_long,rep_0050,baseline,completed,1,0.9999400577459759,4.282781033681892e-05,True
intermediate_long,rep_0050,r,completed,0.04,0.04088714559496728,0.007275929821822001,True
intermediate_long,rep_0050,b,completed,0.75,0.4229040007841994,0.2606069118498261,True
intermediate_long,rep_0050,a,completed,7,11.244062236476855,5.397384972766836,True
intermediate_long,rep_0050,t0,completed,0.001,-0.0005188664039536961,0.0013947925801410207,True
intermediate_long,rep_0050,q1,completed,0.25,0.47904533220688506,0.2862772044240101,True
intermediate_long,rep_0050,q2,completed,0.3,0.4895838024454148,0.2906609770030428,True
intermediate_long,rep_0050,extra_sigma,completed,0.0003,0.00029288538608189817,4.0039007364008994e-05,True
intermediate_long,rep_0050,depth,completed,0.0016,0.0017246845948874377,0.0007416162304896212,True
intermediate_long,rep_0050,full_duration,completed,0.03301137115374576,0.028403367243262225,0.006979937906414156,True
intermediate_long,rep_0051,baseline,completed,1,0.9999996286108241,4.6615345181460983e-05,True
intermediate_long,rep_0051,r,completed,0.04,0.0475139861460065,0.01657017984136228,True
intermediate_long,rep_0051,b,completed,0.75,0.44042617112469906,0.27493610312489813,True
intermediate_long,rep_0051,a,completed,7,17.45993289293359,10.924367567755505,True
intermediate_long,rep_0051,t0,completed,0.001,0.0018038560483856323,0.0018948598632255106,True
intermediate_long,rep_0051,q1,completed,0.25,0.5027989371405936,0.28627911882193285,True
intermediate_long,rep_0051,q2,completed,0.3,0.49988622187942783,0.2836168021957131,True
intermediate_long,rep_0051,extra_sigma,completed,0.0003,0.000334169175984137,4.157204505523231e-05,True
intermediate_long,rep_0051,depth,completed,0.0016,0.0025320810967429924,0.002416604330823433,True
intermediate_long,rep_0051,full_duration,completed,0.03301137115374576,0.021842565398504356,0.010352587127381834,True
intermediate_long,rep_0052,baseline,completed,1,0.9999596497804873,4.7358254229252704e-05,True
intermediate_long,rep_0052,r,completed,0.04,0.04047405948874723,0.007305216043169109,True
intermediate_long,rep_0052,b,completed,0.75,0.42691015704084373,0.2616294192821239,True
intermediate_long,rep_0052,a,completed,7,10.100804141426641,4.437435328900734,True
intermediate_long,rep_0052,t0,completed,0.001,0.000928569015069118,0.0015069987538190064,True
intermediate_long,rep_0052,q1,completed,0.25,0.47701174718454004,0.29196350518110864,True
intermediate_long,rep_0052,q2,completed,0.3,0.48479543312223394,0.2787724076452365,True
intermediate_long,rep_0052,extra_sigma,completed,0.0003,0.0003503203198490104,4.1820078539700394e-05,True
intermediate_long,rep_0052,depth,completed,0.0016,0.0016915023313906659,0.0008881621723620667,True
intermediate_long,rep_0052,full_duration,completed,0.03301137115374576,0.030743993337976186,0.006553461894337179,True
intermediate_long,rep_0053,baseline,completed,1,1.0000253796579188,4.6209383574448934e-05,True
intermediate_long,rep_0053,r,completed,0.04,0.04259183417433293,0.012579330038370915,True
intermediate_long,rep_0053,b,completed,0.75,0.44136241510283897,0.2751513630272771,True
intermediate_long,rep_0053,a,completed,7,11.670576693616352,7.239978780689128,True
intermediate_long,rep_0053,t0,completed,0.001,0.0025794807902719,0.0017193206048848858,True
intermediate_long,rep_0053,q1,completed,0.25,0.48945959044593734,0.28375836435751217,True
intermediate_long,rep_0053,q2,completed,0.3,0.5005959966833717,0.2939922030977805,True
intermediate_long,rep_0053,extra_sigma,completed,0.0003,0.00033831476452548197,4.130201417692197e-05,True
intermediate_long,rep_0053,depth,completed,0.0016,0.001972264322662082,0.0019181415012494948,True
intermediate_long,rep_0053,full_duration,completed,0.03301137115374576,0.029089737498063768,0.009270920766468465,True
intermediate_long,rep_0054,baseline,completed,1,1.000042245730445,5.007743786540511e-05,True
intermediate_long,rep_0054,r,completed,0.04,0.037614214274692616,0.008315017991098336,True
intermediate_long,rep_0054,b,completed,0.75,0.44513289106365184,0.27235997902103154,True
intermediate_long,rep_0054,a,completed,7,8.1250350714995,4.8786098582311075,True
intermediate_long,rep_0054,t0,completed,0.001,-0.0006809756438658407,0.0022115579963789614,True
intermediate_long,rep_0054,q1,completed,0.25,0.5188547436560639,0.2886057570835465,True
intermediate_long,rep_0054,q2,completed,0.3,0.5242162463065556,0.28670778024890975,True
intermediate_long,rep_0054,extra_sigma,completed,0.0003,0.00034484767995946456,4.1948063812978304e-05,True
intermediate_long,rep_0054,depth,completed,0.0016,0.0014839513548137305,0.0009212179781071951,True
intermediate_long,rep_0054,full_duration,completed,0.03301137115374576,0.04013209950412308,0.011941662045473676,True
intermediate_long,rep_0055,baseline,completed,1,1.000013374559275,4.45612316910803e-05,True
intermediate_long,rep_0055,r,completed,0.04,0.03576806840419005,0.0048686894672099485,True
intermediate_long,rep_0055,b,completed,0.75,0.4209057913396987,0.25916505382474964,True
intermediate_long,rep_0055,a,completed,7,7.971792874048946,2.3095394247698118,True
intermediate_long,rep_0055,t0,completed,0.001,-0.000714182992706862,0.0019612739024985905,True
intermediate_long,rep_0055,q1,completed,0.25,0.47347854976720144,0.29119847324916104,True
intermediate_long,rep_0055,q2,completed,0.3,0.48333811770209134,0.2911713435963938,True
intermediate_long,rep_0055,extra_sigma,completed,0.0003,0.0003226099829544279,4.0808624822960156e-05,True
intermediate_long,rep_0055,depth,completed,0.0016,0.001303052928460657,0.0004257366495407264,True
intermediate_long,rep_0055,full_duration,completed,0.03301137115374576,0.037720905960149625,0.006949722418294321,True
intermediate_long,rep_0056,baseline,completed,1,1.0000420500510603,3.9729440328311145e-05,True
intermediate_long,rep_0056,r,completed,0.04,0.03677701984906012,0.005268005139647918,True
intermediate_long,rep_0056,b,completed,0.75,0.433029509884756,0.2753840185041373,True
intermediate_long,rep_0056,a,completed,7,7.9179550519823305,2.2858246743661628,True
intermediate_long,rep_0056,t0,completed,0.001,0.0016955351113106326,0.0016026514206010209,True
intermediate_long,rep_0056,q1,completed,0.25,0.4940002431869868,0.2900283193235557,True
intermediate_long,rep_0056,q2,completed,0.3,0.5082033826529028,0.2896826837272537,True
intermediate_long,rep_0056,extra_sigma,completed,0.0003,0.0002348719495549198,4.283038482588833e-05,True
intermediate_long,rep_0056,depth,completed,0.0016,0.0013802941291599813,0.0004622968621735689,True
intermediate_long,rep_0056,full_duration,completed,0.03301137115374576,0.03744687484187463,0.006929014420979426,True
intermediate_long,rep_0057,baseline,completed,1,1.0000607489439692,4.341256346158387e-05,True
intermediate_long,rep_0057,r,completed,0.04,0.038684987936254904,0.004982760151710379,True
intermediate_long,rep_0057,b,completed,0.75,0.40754061413428394,0.2546189124955036,True
intermediate_long,rep_0057,a,completed,7,9.595710634498595,3.29759062120215,True
intermediate_long,rep_0057,t0,completed,0.001,0.0007062071703888204,0.0014489238500974163,True
intermediate_long,rep_0057,q1,completed,0.25,0.44733693627451465,0.2848863718931215,True
intermediate_long,rep_0057,q2,completed,0.3,0.47356513574989334,0.2830911366214503,True
intermediate_long,rep_0057,extra_sigma,completed,0.0003,0.00030083288925969497,4.1683073892623364e-05,True
intermediate_long,rep_0057,depth,completed,0.0016,0.001521349983382978,0.00046944626382129786,True
intermediate_long,rep_0057,full_duration,completed,0.03301137115374576,0.03178630710316336,0.005482549412892238,True
intermediate_long,rep_0058,baseline,rejected,1,0.9999954700973949,3.8315901318364793e-05,False
intermediate_long,rep_0058,r,rejected,0.04,0.04386378044662836,0.00791296775718859,False
intermediate_long,rep_0058,b,rejected,0.75,0.4206938913786141,0.2591879293227922,False
intermediate_long,rep_0058,a,rejected,7,11.390055590602904,5.648724067638513,False
intermediate_long,rep_0058,t0,rejected,0.001,-0.002073897153826918,0.0011455697446886843,False
intermediate_long,rep_0058,q1,rejected,0.25,0.46109497699958407,0.2900921571428602,False
intermediate_long,rep_0058,q2,rejected,0.3,0.48004527201197744,0.28270358273232943,False
intermediate_long,rep_0058,extra_sigma,rejected,0.0003,0.00022119574715177923,4.4140995513512446e-05,False
intermediate_long,rep_0058,depth,rejected,0.0016,0.0019866306400316406,0.000918372958904725,False
intermediate_long,rep_0058,full_duration,rejected,0.03301137115374576,0.02800580576887121,0.005947094063384155,False
intermediate_long,rep_0059,baseline,rejected,1,1.000060216730635,4.28991663978504e-05,False
intermediate_long,rep_0059,r,rejected,0.04,0.03956988598404936,0.00623847328421975,False
intermediate_long,rep_0059,b,rejected,0.75,0.4238255506623318,0.26687743052797036,False
intermediate_long,rep_0059,a,rejected,7,6.76474415235685,1.5412740848649151,False
intermediate_long,rep_0059,t0,rejected,0.001,-0.0007721542981615786,0.0014909738742674367,False
intermediate_long,rep_0059,q1,rejected,0.25,0.45296431235935186,0.28705024232098486,False
intermediate_long,rep_0059,q2,rejected,0.3,0.4711665375012773,0.29085963068674303,False
intermediate_long,rep_0059,extra_sigma,rejected,0.0003,0.0002988326187422383,3.95860829918714e-05,False
intermediate_long,rep_0059,depth,rejected,0.0016,0.00160468469607136,0.0006941779117840031,False
intermediate_long,rep_0059,full_duration,rejected,0.03301137115374576,0.04357766309591508,0.005660494600044069,False
intermediate_long,rep_0060,baseline,rejected,1,1.000087565896397,3.972456656048974e-05,False
intermediate_long,rep_0060,r,rejected,0.04,0.04353969722564405,0.007857907883892573,False
intermediate_long,rep_0060,b,rejected,0.75,0.4148384796637588,0.26246942632134773,False
intermediate_long,rep_0060,a,rejected,7,11.511886396021673,4.364772651728904,False
intermediate_long,rep_0060,t0,rejected,0.001,0.0004222227328330477,0.0011059814219196117,False
intermediate_long,rep_0060,q1,rejected,0.25,0.47062330722497725,0.2882577878556732,False
intermediate_long,rep_0060,q2,rejected,0.3,0.47877766710628844,0.2870494503327809,False
intermediate_long,rep_0060,extra_sigma,rejected,0.0003,0.0002546680302692448,4.190875696184421e-05,False
intermediate_long,rep_0060,depth,rejected,0.0016,0.001957436514133419,0.0011071484033882127,False
intermediate_long,rep_0060,full_duration,rejected,0.03301137115374576,0.026889794773648987,0.005395872912067434,False
intermediate_long,rep_0061,baseline,rejected,1,0.9999961536068188,4.0452212695001394e-05,False
intermediate_long,rep_0061,r,rejected,0.04,0.0402314785105662,0.006687373081541878,False
intermediate_long,rep_0061,b,rejected,0.75,0.4285565841107666,0.2673410226520865,False
intermediate_long,rep_0061,a,rejected,7,9.978502383612685,3.6307009352267037,False
intermediate_long,rep_0061,t0,rejected,0.001,0.0010494089993080557,0.001313775582467501,False
intermediate_long,rep_0061,q1,rejected,0.25,0.4766454842258362,0.2923731567923952,False
intermediate_long,rep_0061,q2,rejected,0.3,0.4829644748523611,0.2914128854705755,False
intermediate_long,rep_0061,extra_sigma,rejected,0.0003,0.00025704126103178956,4.260429236928723e-05,False
intermediate_long,rep_0061,depth,rejected,0.0016,0.0016632816416381976,0.0007020846316087482,False
intermediate_long,rep_0061,full_duration,rejected,0.03301137115374576,0.030437265833046744,0.006007136933966109,False
intermediate_long,rep_0062,baseline,completed,1,1.0000339154110285,4.3564276975914194e-05,True
intermediate_long,rep_0062,r,completed,0.04,0.04001429769331492,0.005005148745849544,True
intermediate_long,rep_0062,b,completed,0.75,0.4242214355192845,0.261148804362487,True
intermediate_long,rep_0062,a,completed,7,8.91147587185734,2.2471636136241915,True
intermediate_long,rep_0062,t0,completed,0.001,0.00025659680159570447,0.0014401917815486723,True
intermediate_long,rep_0062,q1,completed,0.25,0.46164423744430116,0.28881425065265726,True
intermediate_long,rep_0062,q2,completed,0.3,0.47287465878703866,0.291730020018736,True
intermediate_long,rep_0062,extra_sigma,completed,0.0003,0.00031000683167354404,4.233751160777246e-05,True
intermediate_long,rep_0062,depth,completed,0.0016,0.0016261892709788148,0.00046103259678964624,True
intermediate_long,rep_0062,full_duration,completed,0.03301137115374576,0.033420026901322814,0.0055113141436848746,True
intermediate_long,rep_0063,baseline,rejected,1,1.0000181783255397,4.172578459542291e-05,False
intermediate_long,rep_0063,r,rejected,0.04,0.0442176667784247,0.006838157659630331,False
intermediate_long,rep_0063,b,rejected,0.75,0.4236067965445629,0.26351831011329563,False
intermediate_long,rep_0063,a,rejected,7,11.291638150915851,3.785076158542948,False
intermediate_long,rep_0063,t0,rejected,0.001,0.000909942413513472,0.0011052120899276887,False
intermediate_long,rep_0063,q1,rejected,0.25,0.48003929338287854,0.29260946486447,False
intermediate_long,rep_0063,q2,rejected,0.3,0.49548187483038747,0.2850406994559215,False
intermediate_long,rep_0063,extra_sigma,rejected,0.0003,0.0002920091891881445,4.056939798979717e-05,False
intermediate_long,rep_0063,depth,rejected,0.0016,0.00200195076540572,0.0007711884308386678,False
intermediate_long,rep_0063,full_duration,rejected,0.03301137115374576,0.02703255581338369,0.00530318764023664,False
intermediate_long,rep_0064,baseline,completed,1,0.9999358584303963,5.061301472552762e-05,True
intermediate_long,rep_0064,r,completed,0.04,0.03797875365164664,0.00619604657568617,True
intermediate_long,rep_0064,b,completed,0.75,0.4247579889228345,0.26460711169689344,True
intermediate_long,rep_0064,a,completed,7,7.637979318422753,2.734554957758967,True
intermediate_long,rep_0064,t0,completed,0.001,0.003078223136797863,0.0019111988486083431,True
intermediate_long,rep_0064,q1,completed,0.25,0.5030069140846427,0.28450044119350626,True
intermediate_long,rep_0064,q2,completed,0.3,0.48937025215986263,0.286141849383801,True
intermediate_long,rep_0064,extra_sigma,completed,0.0003,0.00038174940516830865,4.024514397334131e-05,True
intermediate_long,rep_0064,depth,completed,0.0016,0.0014807671243522436,0.0006249190483824545,True
intermediate_long,rep_0064,full_duration,completed,0.03301137115374576,0.03967423093869378,0.0076918671750613584,True
intermediate_long,rep_0065,baseline,completed,1,0.9999770532217945,4.783988580285299e-05,True
intermediate_long,rep_0065,r,completed,0.04,0.04340951114179347,0.013181759006733561,True
intermediate_long,rep_0065,b,completed,0.75,0.4373264111841822,0.26874509066082775,True
intermediate_long,rep_0065,a,completed,7,15.057292510975309,9.445308089743355,True
intermediate_long,rep_0065,t0,completed,0.001,-0.00025715835987166714,0.0020019502056147238,True
intermediate_long,rep_0065,q1,completed,0.25,0.49642136549083854,0.2901189936147677,True
intermediate_long,rep_0065,q2,completed,0.3,0.5016703235418921,0.2875110205096936,True
intermediate_long,rep_0065,extra_sigma,completed,0.0003,0.00035375485242830396,4.152239140785258e-05,True
intermediate_long,rep_0065,depth,completed,0.0016,0.002058100988388466,0.0016694327514324458,True
intermediate_long,rep_0065,full_duration,completed,0.03301137115374576,0.02411229369394661,0.009736310998247113,True
intermediate_long,rep_0066,baseline,completed,1,0.9999251800342976,4.237365283740598e-05,True
intermediate_long,rep_0066,r,completed,0.04,0.040667239680690415,0.012631315549859148,True
intermediate_long,rep_0066,b,completed,0.75,0.4454471158993711,0.27550306199854424,True
intermediate_long,rep_0066,a,completed,7,15.86412820983894,10.283956951415187,True
intermediate_long,rep_0066,t0,completed,0.001,0.002124075135744981,0.0021864849481366515,True
intermediate_long,rep_0066,q1,completed,0.25,0.4896755430954504,0.2917913311684002,True
intermediate_long,rep_0066,q2,completed,0.3,0.49437755338266975,0.2920025700708305,True
intermediate_long,rep_0066,extra_sigma,completed,0.0003,0.00029007983981391703,4.0889706972832674e-05,True
intermediate_long,rep_0066,depth,completed,0.0016,0.0018133346282337042,0.0014464946485768526,True
intermediate_long,rep_0066,full_duration,completed,0.03301137115374576,0.02327624925331915,0.009845211297965676,True
intermediate_long,rep_0067,baseline,completed,1,1.0000616174384525,4.421216995487075e-05,True
intermediate_long,rep_0067,r,completed,0.04,0.041813768098886143,0.006602661515593465,True
intermediate_long,rep_0067,b,completed,0.75,0.4351434796781953,0.27246486198658326,True
intermediate_long,rep_0067,a,completed,7,9.107271622444067,2.895162051931179,True
intermediate_long,rep_0067,t0,completed,0.001,-0.0005114929523857121,0.0013775856098581602,True
intermediate_long,rep_0067,q1,completed,0.25,0.4898129556028365,0.28445449338969897,True
intermediate_long,rep_0067,q2,completed,0.3,0.48918745219198506,0.28546231511208947,True
intermediate_long,rep_0067,extra_sigma,completed,0.0003,0.00032714022579115803,4.0487348677070324e-05,True
intermediate_long,rep_0067,depth,completed,0.0016,0.0017919754429321555,0.0006886114983283011,True
intermediate_long,rep_0067,full_duration,completed,0.03301137115374576,0.03297690685539848,0.0062695299823542884,True
intermediate_long,rep_0068,baseline,completed,1,0.9999962555733459,4.1717382802124974e-05,True
intermediate_long,rep_0068,r,completed,0.04,0.041912126351294834,0.011582167688049127,True
intermediate_long,rep_0068,b,completed,0.75,0.42901903158091725,0.26711075898952436,True
intermediate_long,rep_0068,a,completed,7,12.030746202525396,7.094776963326082,True
intermediate_long,rep_0068,t0,completed,0.001,0.003601497920466607,0.0015013339833283932,True
intermediate_long,rep_0068,q1,completed,0.25,0.4988516379660741,0.2872007753573876,True
intermediate_long,rep_0068,q2,completed,0.3,0.4980952277433287,0.28878427300620313,True
intermediate_long,rep_0068,extra_sigma,completed,0.0003,0.00028162065895862806,4.062362831823016e-05,True
intermediate_long,rep_0068,depth,completed,0.0016,0.001890739406988904,0.0017565324611141671,True
intermediate_long,rep_0068,full_duration,completed,0.03301137115374576,0.027914919514891886,0.008305239173104292,True
intermediate_long,rep_0069,baseline,rejected,1,0.9999675318342206,4.344416377780491e-05,False
intermediate_long,rep_0069,r,rejected,0.04,0.03597590287057271,0.005916987052977473,False
intermediate_long,rep_0069,b,rejected,0.75,0.4345663825779102,0.2708220810460911,False
intermediate_long,rep_0069,a,rejected,7,8.09265113216479,2.463707563095108,False
intermediate_long,rep_0069,t0,rejected,0.001,-0.0008776373406782634,0.001829698441546291,False
intermediate_long,rep_0069,q1,rejected,0.25,0.4684166033239561,0.287765651877914,False
intermediate_long,rep_0069,q2,rejected,0.3,0.4774768873595092,0.288987317402013,False
intermediate_long,rep_0069,extra_sigma,rejected,0.0003,0.0003126354364362957,4.115577208250948e-05,False
intermediate_long,rep_0069,depth,rejected,0.0016,0.001329267570454038,0.0005816612639541539,False
intermediate_long,rep_0069,full_duration,rejected,0.03301137115374576,0.03658334083386275,0.006467651247807307,False
intermediate_long,rep_0070,baseline,completed,1,1.0000025984274128,5.313255141212493e-05,True
intermediate_long,rep_0070,r,completed,0.04,0.043304263243652656,0.011841808228204473,True
intermediate_long,rep_0070,b,completed,0.75,0.43882829849833965,0.2736620165336345,True
intermediate_long,rep_0070,a,completed,7,12.543678055984252,8.034098952287254,True
intermediate_long,rep_0070,t0,completed,0.001,-0.0031361732367192444,0.0017506500195331506,True
intermediate_long,rep_0070,q1,completed,0.25,0.49840489136241933,0.28994700029292103,True
intermediate_long,rep_0070,q2,completed,0.3,0.4966165535381119,0.2878802234720237,True
intermediate_long,rep_0070,extra_sigma,completed,0.0003,0.0003939522897362989,4.234884890394363e-05,True
intermediate_long,rep_0070,depth,completed,0.0016,0.002015452580083609,0.0013960490293252546,True
intermediate_long,rep_0070,full_duration,completed,0.03301137115374576,0.028355554826759822,0.010462541779923467,True
intermediate_long,rep_0071,baseline,completed,1,1.0000156211858384,4.7734619369066086e-05,True
intermediate_long,rep_0071,r,completed,0.04,0.04468949783724527,0.009658695252274196,True
intermediate_long,rep_0071,b,completed,0.75,0.4341395784495629,0.26647435933724845,True
intermediate_long,rep_0071,a,completed,7,11.634951144416668,5.828019000536261,True
intermediate_long,rep_0071,t0,completed,0.001,0.0011027762996302596,0.0014088387128084006,True
intermediate_long,rep_0071,q1,completed,0.25,0.4817320414149583,0.28358753514185625,True
intermediate_long,rep_0071,q2,completed,0.3,0.4896966695590315,0.2862876892492785,True
intermediate_long,rep_0071,extra_sigma,completed,0.0003,0.0003537258595612656,4.082374544122406e-05,True
intermediate_long,rep_0071,depth,completed,0.0016,0.0020904182883229594,0.001230824251532644,True
intermediate_long,rep_0071,full_duration,completed,0.03301137115374576,0.027603293787705447,0.007127443984007273,True
intermediate_long,rep_0072,baseline,rejected,1,0.9999933291351834,4.4361372666783965e-05,False
intermediate_long,rep_0072,r,rejected,0.04,0.04441449813128017,0.010953343486351496,False
intermediate_long,rep_0072,b,rejected,0.75,0.4323267121639325,0.26416759466555795,False
intermediate_long,rep_0072,a,rejected,7,13.554859536695306,7.859596794721316,False
intermediate_long,rep_0072,t0,rejected,0.001,0.003130735487232699,0.0014670645820177872,False
intermediate_long,rep_0072,q1,rejected,0.25,0.4781780906745405,0.2935939517591329,False
intermediate_long,rep_0072,q2,rejected,0.3,0.48030475881595625,0.2893179041211529,False
intermediate_long,rep_0072,extra_sigma,rejected,0.0003,0.00032286378820445695,4.180877034740496e-05,False
intermediate_long,rep_0072,depth,rejected,0.0016,0.0020925933838501056,0.0013657257373157837,False
intermediate_long,rep_0072,full_duration,rejected,0.03301137115374576,0.025004661140390218,0.007678735170600792,False
intermediate_long,rep_0073,baseline,completed,1,0.9999348291283949,4.308896984992381e-05,True
intermediate_long,rep_0073,r,completed,0.04,0.03661383843681114,0.0073411707254928266,True
intermediate_long,rep_0073,b,completed,0.75,0.4327948126298442,0.2732774161595819,True
intermediate_long,rep_0073,a,completed,7,10.034546382281633,5.385132941584789,True
intermediate_long,rep_0073,t0,completed,0.001,0.0009043175527875946,0.0019912310274895176,True
intermediate_long,rep_0073,q1,completed,0.25,0.4806978711803418,0.2939762049354473,True
intermediate_long,rep_0073,q2,completed,0.3,0.48551991868346045,0.2937322954910144,True
intermediate_long,rep_0073,extra_sigma,completed,0.0003,0.0002999229089693278,4.12026379511327e-05,True
intermediate_long,rep_0073,depth,completed,0.0016,0.0013944524795008362,0.0007209390020556595,True
intermediate_long,rep_0073,full_duration,completed,0.03301137115374576,0.03195078673213942,0.00864546578756234,True
intermediate_long,rep_0074,baseline,completed,1,1.0000783194149288,4.189426424353504e-05,True
intermediate_long,rep_0074,r,completed,0.04,0.04033686378744447,0.0060746058536195234,True
intermediate_long,rep_0074,b,completed,0.75,0.4148317086753854,0.26301124251952784,True
intermediate_long,rep_0074,a,completed,7,9.835675766939772,3.320218919038861,True
intermediate_long,rep_0074,t0,completed,0.001,0.00012374253138775987,0.001400402953341925,True
intermediate_long,rep_0074,q1,completed,0.25,0.47715673862634067,0.29024853222564234,True
intermediate_long,rep_0074,q2,completed,0.3,0.48418721593718256,0.28546788259216205,True
intermediate_long,rep_0074,extra_sigma,completed,0.0003,0.0002917706293826553,3.984922251279901e-05,True
intermediate_long,rep_0074,depth,completed,0.0016,0.0016639541912746082,0.0006213014597941162,True
intermediate_long,rep_0074,full_duration,completed,0.03301137115374576,0.031142340154291404,0.006290085152576794,True
intermediate_long,rep_0075,baseline,completed,1,0.9999889925362775,4.722322854899689e-05,True
intermediate_long,rep_0075,r,completed,0.04,0.03547149438433016,0.007194992504999286,True
intermediate_long,rep_0075,b,completed,0.75,0.43745616192383263,0.2682690322480751,True
intermediate_long,rep_0075,a,completed,7,8.399836764716259,4.159449641372782,True
intermediate_long,rep_0075,t0,completed,0.001,0.0011284758497606742,0.002229679370730629,True
intermediate_long,rep_0075,q1,completed,0.25,0.4979195215028893,0.2919213463133402,True
intermediate_long,rep_0075,q2,completed,0.3,0.5035826504267387,0.29241720386671116,True
intermediate_long,rep_0075,extra_sigma,completed,0.0003,0.0003289168311380189,4.089313470446315e-05,True
intermediate_long,rep_0075,depth,completed,0.0016,0.0013099818890252748,0.0007628142065335057,True
intermediate_long,rep_0075,full_duration,completed,0.03301137115374576,0.03763348830238141,0.010139444625588924,True
intermediate_long,rep_0076,baseline,rejected,1,1.000012991237021,4.3202316057380304e-05,False
intermediate_long,rep_0076,r,rejected,0.04,0.041432552098704035,0.01060585311803769,False
intermediate_long,rep_0076,b,rejected,0.75,0.4300334057664644,0.26250834408705914,False
intermediate_long,rep_0076,a,rejected,7,12.356490892456971,6.631123240885786,False
intermediate_long,rep_0076,t0,rejected,0.001,0.0006659687607023881,0.001582394861315422,False
intermediate_long,rep_0076,q1,rejected,0.25,0.4860923585565586,0.2908362263345397,False
intermediate_long,rep_0076,q2,rejected,0.3,0.4892422242421203,0.2854228988438313,False
intermediate_long,rep_0076,extra_sigma,rejected,0.0003,0.0003035671689418774,4.0831009845170044e-05,False
intermediate_long,rep_0076,depth,rejected,0.0016,0.0018291123727431236,0.0014814602145638268,False
intermediate_long,rep_0076,full_duration,rejected,0.03301137115374576,0.026535191632771803,0.007317150681128126,False
intermediate_long,rep_0077,baseline,rejected,1,1.0000040986582999,4.7271376177446305e-05,False
intermediate_long,rep_0077,r,rejected,0.04,0.040824310533013386,0.009924729450543976,False
intermediate_long,rep_0077,b,rejected,0.75,0.4385416795945946,0.27100087812149354,False
intermediate_long,rep_0077,a,rejected,7,11.243474132744876,5.856947576132605,False
intermediate_long,rep_0077,t0,rejected,0.001,0.0004973405876498574,0.0016518931234367155,False
intermediate_long,rep_0077,q1,rejected,0.25,0.47606233517052887,0.28667856609351616,False
intermediate_long,rep_0077,q2,rejected,0.3,0.48079009526008665,0.28265131894573,False
intermediate_long,rep_0077,extra_sigma,rejected,0.0003,0.0003466338738803465,4.1178955926748184e-05,False
intermediate_long,rep_0077,depth,rejected,0.0016,0.0017650999600987362,0.0013484799757568168,False
intermediate_long,rep_0077,full_duration,rejected,0.03301137115374576,0.028603164913291342,0.007525420655546369,False
intermediate_long,rep_0078,baseline,completed,1,0.9999898346725979,3.788370647954579e-05,True
intermediate_long,rep_0078,r,completed,0.04,0.04476468026099232,0.007607587517304016,True
intermediate_long,rep_0078,b,completed,0.75,0.42529384532591163,0.26419695376371116,True
intermediate_long,rep_0078,a,completed,7,11.263057284783601,4.032526568679133,True
intermediate_long,rep_0078,t0,completed,0.001,-0.0005489080162978564,0.0009926741872373517,True
intermediate_long,rep_0078,q1,completed,0.25,0.48572966090311004,0.28793735607657994,True
intermediate_long,rep_0078,q2,completed,0.3,0.4988089403696928,0.2880996869231962,True
intermediate_long,rep_0078,extra_sigma,completed,0.0003,0.00021569296159433687,4.19588694297974e-05,True
intermediate_long,rep_0078,depth,completed,0.0016,0.0020617375178553577,0.0008885892907050002,True
intermediate_long,rep_0078,full_duration,completed,0.03301137115374576,0.02720178009103048,0.0053099748994286065,True
intermediate_long,rep_0079,baseline,rejected,1,0.9999164392649617,4.652308026357101e-05,False
intermediate_long,rep_0079,r,rejected,0.04,0.04255255250440067,0.008484866591185388,False
intermediate_long,rep_0079,b,rejected,0.75,0.43787080415850155,0.26990893838094526,False
intermediate_long,rep_0079,a,rejected,7,11.996858078967612,6.205535314686527,False
intermediate_long,rep_0079,t0,rejected,0.001,0.0018650415196637233,0.0015611273197994415,False
intermediate_long,rep_0079,q1,rejected,0.25,0.47667576942229456,0.28984066571103717,False
intermediate_long,rep_0079,q2,rejected,0.3,0.4889524273017116,0.28589124140184136,False
intermediate_long,rep_0079,extra_sigma,rejected,0.0003,0.000357460227074379,4.1743504707976025e-05,False
intermediate_long,rep_0079,depth,rejected,0.0016,0.0018826946874697214,0.0009314626813076986,False
intermediate_long,rep_0079,full_duration,rejected,0.03301137115374576,0.02686963499205583,0.007203798602923981,False
intermediate_long,rep_0080,baseline,completed,1,0.9999775939523292,4.070215746827287e-05,True
intermediate_long,rep_0080,r,completed,0.04,0.037663585041826604,0.004287464995520335,True
intermediate_long,rep_0080,b,completed,0.75,0.4280054465985944,0.2653085988780449,True
intermediate_long,rep_0080,a,completed,7,7.659546850002731,1.8785893053800014,True
intermediate_long,rep_0080,t0,completed,0.001,-0.00014358736474062473,0.00147223578340244,True
intermediate_long,rep_0080,q1,completed,0.25,0.45848328465031785,0.28944224255695855,True
intermediate_long,rep_0080,q2,completed,0.3,0.45925224858755276,0.28056032312091206,True
intermediate_long,rep_0080,extra_sigma,completed,0.0003,0.00026402944986888253,4.2139945125348045e-05,True
intermediate_long,rep_0080,depth,completed,0.0016,0.0014369233987016955,0.00037048981365146597,True
intermediate_long,rep_0080,full_duration,completed,0.03301137115374576,0.038475086833227576,0.005741063990426067,True
intermediate_long,rep_0081,baseline,completed,1,0.9999618687349627,4.7246428059974885e-05,True
intermediate_long,rep_0081,r,completed,0.04,0.041190535066419204,0.00787775813129948,True
intermediate_long,rep_0081,b,completed,0.75,0.4228609787933388,0.26639679965700497,True
intermediate_long,rep_0081,a,completed,7,11.093962581710944,5.773585314029968,True
intermediate_long,rep_0081,t0,completed,0.001,0.0012191484120544396,0.0016235386053184305,True
intermediate_long,rep_0081,q1,completed,0.25,0.4851442299705839,0.2902649387461869,True
intermediate_long,rep_0081,q2,completed,0.3,0.4907412369925964,0.28734616796052836,True
intermediate_long,rep_0081,extra_sigma,completed,0.0003,0.00035714361830850637,4.106866668682329e-05,True
intermediate_long,rep_0081,depth,completed,0.0016,0.001758703737464871,0.0008385306635807704,True
intermediate_long,rep_0081,full_duration,completed,0.03301137115374576,0.02915090284709141,0.007551657902260187,True
intermediate_long,rep_0082,baseline,completed,1,1.0000162657321456,4.154101783498011e-05,True
intermediate_long,rep_0082,r,completed,0.04,0.03994849476119716,0.007292187002819935,True
intermediate_long,rep_0082,b,completed,0.75,0.43506336021989955,0.2729462347203357,True
intermediate_long,rep_0082,a,completed,7,8.89841237658704,4.561474541283132,True
intermediate_long,rep_0082,t0,completed,0.001,0.0030103622776182144,0.0016543034932562225,True
intermediate_long,rep_0082,q1,completed,0.25,0.47740314066433537,0.29468741071112436,True
intermediate_long,rep_0082,q2,completed,0.3,0.48671142600723694,0.29375739840444176,True
intermediate_long,rep_0082,extra_sigma,completed,0.0003,0.0002625716959840153,3.988415202973528e-05,True
intermediate_long,rep_0082,depth,completed,0.0016,0.0016490449309716716,0.0007622242615105364,True
intermediate_long,rep_0082,full_duration,completed,0.03301137115374576,0.03494840809047362,0.007772546533007319,True
intermediate_long,rep_0083,baseline,completed,1,0.9999640171818176,4.3305385259395715e-05,True
intermediate_long,rep_0083,r,completed,0.04,0.03917993619563525,0.005914087739146767,True
intermediate_long,rep_0083,b,completed,0.75,0.4191678741397684,0.2594480470905287,True
intermediate_long,rep_0083,a,completed,7,9.49571270600675,3.9482110734175935,True
intermediate_long,rep_0083,t0,completed,0.001,-0.0003720782767456916,0.0016188282258301132,True
intermediate_long,rep_0083,q1,completed,0.25,0.4797858245462154,0.29089521678020525,True
intermediate_long,rep_0083,q2,completed,0.3,0.4870305045288387,0.2882486016737502,True
intermediate_long,rep_0083,extra_sigma,completed,0.0003,0.00029772828637084867,4.2825469234499507e-05,True
intermediate_long,rep_0083,depth,completed,0.0016,0.0015700350899719284,0.0005647850892199528,True
intermediate_long,rep_0083,full_duration,completed,0.03301137115374576,0.03270391284914363,0.007011026968132497,True
intermediate_long,rep_0084,baseline,completed,1,0.9999854548850899,4.607961918380104e-05,True
intermediate_long,rep_0084,r,completed,0.04,0.05503276115414925,0.01826715443943647,True
intermediate_long,rep_0084,b,completed,0.75,0.44060093642752873,0.2698713614069422,True
intermediate_long,rep_0084,a,completed,7,19.856004163487516,11.284519501311587,True
intermediate_long,rep_0084,t0,completed,0.001,0.0011147956350764277,0.0016551666848460159,True
intermediate_long,rep_0084,q1,completed,0.25,0.49991864453854634,0.2919272837050231,True
intermediate_long,rep_0084,q2,completed,0.3,0.4988036916019246,0.29072515838362467,True
intermediate_long,rep_0084,extra_sigma,completed,0.0003,0.0003421675417593724,3.991845158297865e-05,True
intermediate_long,rep_0084,depth,completed,0.0016,0.0033622103093310335,0.002913545134172224,True
intermediate_long,rep_0084,full_duration,completed,0.03301137115374576,0.018629483666450248,0.00816764252268103,True
intermediate_long,rep_0085,baseline,completed,1,1.0000533705588146,4.315364100266317e-05,True
intermediate_long,rep_0085,r,completed,0.04,0.04838230930847862,0.014820152079201867,True
intermediate_long,rep_0085,b,completed,0.75,0.44059845550287907,0.2695682356915976,True
intermediate_long,rep_0085,a,completed,7,18.226888651521083,10.803979457387852,True
intermediate_long,rep_0085,t0,completed,0.001,0.001829600210376662,0.0016798367054125754,True
intermediate_long,rep_0085,q1,completed,0.25,0.4953847437435851,0.2821250641449503,True
intermediate_long,rep_0085,q2,completed,0.3,0.5012743944677055,0.28533640476887223,True
intermediate_long,rep_0085,extra_sigma,completed,0.0003,0.00030598533726156583,4.103728692801303e-05,True
intermediate_long,rep_0085,depth,completed,0.0016,0.002560429852445056,0.0020583841479595425,True
intermediate_long,rep_0085,full_duration,completed,0.03301137115374576,0.020139681071308233,0.008508293252659567,True
intermediate_long,rep_0086,baseline,completed,1,1.0000304490001641,4.316984592677861e-05,True
intermediate_long,rep_0086,r,completed,0.04,0.04592305481437646,0.009542327913723439,True
intermediate_long,rep_0086,b,completed,0.75,0.4401593469982444,0.27037155398789525,True
intermediate_long,rep_0086,a,completed,7,11.86133305513431,5.45192794491563,True
intermediate_long,rep_0086,t0,completed,0.001,0.0012138974496646883,0.0012845811019736126,True
intermediate_long,rep_0086,q1,completed,0.25,0.49513939434665344,0.2900881021252169,True
intermediate_long,rep_0086,q2,completed,0.3,0.5012060128073375,0.285801028886881,True
intermediate_long,rep_0086,extra_sigma,completed,0.0003,0.0003131138418795656,3.99657027719185e-05,True
intermediate_long,rep_0086,depth,completed,0.0016,0.0021999602214917468,0.0012470102664291955,True
intermediate_long,rep_0086,full_duration,completed,0.03301137115374576,0.02652244018412214,0.0064743918395436355,True
intermediate_long,rep_0087,baseline,completed,1,0.9999457025088618,4.814131494918767e-05,True
intermediate_long,rep_0087,r,completed,0.04,0.04319155741340537,0.010217833145905176,True
intermediate_long,rep_0087,b,completed,0.75,0.4338223692511192,0.26736886936907883,True
intermediate_long,rep_0087,a,completed,7,12.84358613577046,7.3091844906860635,True
intermediate_long,rep_0087,t0,completed,0.001,-0.0002335017888502299,0.00170331429932276,True
intermediate_long,rep_0087,q1,completed,0.25,0.4807191066022638,0.2890230977538727,True
intermediate_long,rep_0087,q2,completed,0.3,0.48956234367159523,0.2908266140213063,True
intermediate_long,rep_0087,extra_sigma,completed,0.0003,0.0003580407765696808,4.076862541865477e-05,True
intermediate_long,rep_0087,depth,completed,0.0016,0.0019698886449645014,0.0011894268196938457,True
intermediate_long,rep_0087,full_duration,completed,0.03301137115374576,0.02619443556186126,0.008164495080627127,True
intermediate_long,rep_0088,baseline,completed,1,0.999911969847664,3.772270754058455e-05,True
intermediate_long,rep_0088,r,completed,0.04,0.054111146532954964,0.01797621434258528,True
intermediate_long,rep_0088,b,completed,0.75,0.4403344047357818,0.27399241699156485,True
intermediate_long,rep_0088,a,completed,7,19.30795319854928,11.306714379225546,True
intermediate_long,rep_0088,t0,completed,0.001,0.005652910600709603,0.001067522887174378,True
intermediate_long,rep_0088,q1,completed,0.25,0.49821856108205137,0.29183136732288795,True
intermediate_long,rep_0088,q2,completed,0.3,0.5032655648890138,0.2880871573675465,True
intermediate_long,rep_0088,extra_sigma,completed,0.0003,0.00021836812746733642,4.4851247457832025e-05,True
intermediate_long,rep_0088,depth,completed,0.0016,0.0032510796751309707,0.002674481790821042,True
intermediate_long,rep_0088,full_duration,completed,0.03301137115374576,0.019759841273689488,0.00938885980619231,True
intermediate_long,rep_0089,baseline,completed,1,0.9998881536451492,4.452622100457654e-05,True
intermediate_long,rep_0089,r,completed,0.04,0.045962703755051834,0.013678895990880291,True
intermediate_long,rep_0089,b,completed,0.75,0.44172478965409884,0.27272863924751445,True
intermediate_long,rep_0089,a,completed,7,16.775671299317114,10.415951293513361,True
intermediate_long,rep_0089,t0,completed,0.001,0.0032554906534129316,0.0017656999373548844,True
intermediate_long,rep_0089,q1,completed,0.25,0.482338015549335,0.28844170049762763,True
intermediate_long,rep_0089,q2,completed,0.3,0.48508971464060785,0.2830051568680703,True
intermediate_long,rep_0089,extra_sigma,completed,0.0003,0.00032243520702369445,4.2516699956074503e-05,True
intermediate_long,rep_0089,depth,completed,0.0016,0.0022996355539550944,0.001695004944733804,True
intermediate_long,rep_0089,full_duration,completed,0.03301137115374576,0.021695630825953223,0.00867229900127266,True
intermediate_long,rep_0090,baseline,completed,1,0.9999244262250535,4.538646958416215e-05,True
intermediate_long,rep_0090,r,completed,0.04,0.034796898191576,0.005443448577768887,True
intermediate_long,rep_0090,b,completed,0.75,0.4437855422125982,0.26990014035938437,True
intermediate_long,rep_0090,a,completed,7,7.354091145718978,2.5316399643267373,True
intermediate_long,rep_0090,t0,completed,0.001,-0.001389134140233337,0.0020083761795774307,True
intermediate_long,rep_0090,q1,completed,0.25,0.47993614169886856,0.2881291080126841,True
intermediate_long,rep_0090,q2,completed,0.3,0.49469568872480546,0.29103943624125567,True
intermediate_long,rep_0090,extra_sigma,completed,0.0003,0.00031055159497490826,4.008745649015139e-05,True
intermediate_long,rep_0090,depth,completed,0.0016,0.0012404478483906143,0.0004642973473383773,True
intermediate_long,rep_0090,full_duration,completed,0.03301137115374576,0.040489062987160526,0.007908762604694652,True
intermediate_long,rep_0091,baseline,rejected,1,1.0000640256055562,4.566324494858603e-05,False
intermediate_long,rep_0091,r,rejected,0.04,0.041058562713498545,0.0056748989340400435,False
intermediate_long,rep_0091,b,rejected,0.75,0.4206386140096472,0.2682858925267077,False
intermediate_long,rep_0091,a,rejected,7,8.287486285421801,2.0596666351252195,False
intermediate_long,rep_0091,t0,rejected,0.001,0.003517503265076752,0.0013397579348929174,False
intermediate_long,rep_0091,q1,rejected,0.25,0.49065666692158866,0.2911854069828772,False
intermediate_long,rep_0091,q2,rejected,0.3,0.48658691892524875,0.2922829742727021,False
intermediate_long,rep_0091,extra_sigma,rejected,0.0003,0.00031824172946074027,4.057658340965473e-05,False
intermediate_long,rep_0091,depth,rejected,0.0016,0.0017180019988903834,0.0005719582092129308,False
intermediate_long,rep_0091,full_duration,rejected,0.03301137115374576,0.03585389186611197,0.005489313575150639,False
intermediate_long,rep_0092,baseline,completed,1,0.9999833085291566,3.915208225155421e-05,True
intermediate_long,rep_0092,r,completed,0.04,0.039392247417924936,0.005310230651150125,True
intermediate_long,rep_0092,b,completed,0.75,0.422166033824837,0.2658502660054968,True
intermediate_long,rep_0092,a,completed,7,9.558030230369738,2.691660867750761,True
intermediate_long,rep_0092,t0,completed,0.001,0.0017009821462899768,0.001385977508642409,True
intermediate_long,rep_0092,q1,completed,0.25,0.48226088473187456,0.2880421591873491,True
intermediate_long,rep_0092,q2,completed,0.3,0.48330972119381294,0.2889757978498866,True
intermediate_long,rep_0092,extra_sigma,completed,0.0003,0.00025214621951182096,4.034140046748956e-05,True
intermediate_long,rep_0092,depth,completed,0.0016,0.0015799406565660359,0.0005022221199456221,True
intermediate_long,rep_0092,full_duration,completed,0.03301137115374576,0.03143728447233082,0.005938832780591102,True
intermediate_long,rep_0093,baseline,rejected,1,0.9999802001173952,3.9460489145734176e-05,False
intermediate_long,rep_0093,r,rejected,0.04,0.05563680338626831,0.01944500244398103,False
intermediate_long,rep_0093,b,rejected,0.75,0.4399014300079824,0.2730512549110956,False
intermediate_long,rep_0093,a,rejected,7,18.740219833220728,11.127584438466712,False
intermediate_long,rep_0093,t0,rejected,0.001,0.24991490711998476,0.4319209483249009,False
intermediate_long,rep_0093,q1,rejected,0.25,0.5054830261281112,0.28450505225403655,False
intermediate_long,rep_0093,q2,rejected,0.3,0.5023011125773394,0.28714235774101265,False
intermediate_long,rep_0093,extra_sigma,rejected,0.0003,0.0002607654075958294,4.068056261998961e-05,False
intermediate_long,rep_0093,depth,rejected,0.0016,0.003473467484058693,0.0033626328155933307,False
intermediate_long,rep_0093,full_duration,rejected,0.03301137115374576,0.019548415688933177,0.007747637231212937,False
intermediate_long,rep_0094,baseline,completed,1,1.000011334179132,4.933094494330159e-05,True
intermediate_long,rep_0094,r,completed,0.04,0.0410863880445719,0.006356089011397425,True
intermediate_long,rep_0094,b,completed,0.75,0.42422645463550673,0.2604712581711449,True
intermediate_long,rep_0094,a,completed,7,9.681197284896648,3.430350605717758,True
intermediate_long,rep_0094,t0,completed,0.001,0.0016291940902735465,0.001433862204317716,True
intermediate_long,rep_0094,q1,completed,0.25,0.47310715260609687,0.29214560921624205,True
intermediate_long,rep_0094,q2,completed,0.3,0.47383021793934743,0.2872239900198838,True
intermediate_long,rep_0094,extra_sigma,completed,0.0003,0.00035776255691065997,4.119857136469836e-05,True
intermediate_long,rep_0094,depth,completed,0.0016,0.0017284810501030678,0.0006520649349240161,True
intermediate_long,rep_0094,full_duration,completed,0.03301137115374576,0.031544002818225524,0.006162459246889817,True
intermediate_long,rep_0095,baseline,completed,1,1.0000661949409642,4.178178479661756e-05,True
intermediate_long,rep_0095,r,completed,0.04,0.04010012151112926,0.004023673363150741,True
intermediate_long,rep_0095,b,completed,0.75,0.43658813640847566,0.26256167974033684,True
intermediate_long,rep_0095,a,completed,7,7.77927170833808,1.7759969727919247,True
intermediate_long,rep_0095,t0,completed,0.001,0.0007331125998914336,0.0013117414356849956,True
intermediate_long,rep_0095,q1,completed,0.25,0.46044541220099117,0.2861248778618202,True
intermediate_long,rep_0095,q2,completed,0.3,0.46793179857892003,0.2893909599663033,True
intermediate_long,rep_0095,extra_sigma,completed,0.0003,0.0002740199701892343,4.05052347526066e-05,True
intermediate_long,rep_0095,depth,completed,0.0016,0.0016242056450538269,0.0003518051476022446,True
intermediate_long,rep_0095,full_duration,completed,0.03301137115374576,0.037665286676310195,0.00489292242729542,True
intermediate_long,rep_0096,baseline,completed,1,1.0000114849952695,4.447849403281953e-05,True
intermediate_long,rep_0096,r,completed,0.04,0.03629109939437448,0.004413561107624838,True
intermediate_long,rep_0096,b,completed,0.75,0.42252074394631084,0.2590870188128229,True
intermediate_long,rep_0096,a,completed,7,6.450629064612303,1.5683249646981126,True
intermediate_long,rep_0096,t0,completed,0.001,0.0014826677321971686,0.0017310790024970455,True
intermediate_long,rep_0096,q1,completed,0.25,0.5173119670136428,0.2849013661252253,True
intermediate_long,rep_0096,q2,completed,0.3,0.5174304281898806,0.2804152828224343,True
intermediate_long,rep_0096,extra_sigma,completed,0.0003,0.0002978741548464305,3.9692468661361054e-05,True
intermediate_long,rep_0096,depth,completed,0.0016,0.0013365185470226937,0.00037082336098826185,True
intermediate_long,rep_0096,full_duration,completed,0.03301137115374576,0.04595576607651877,0.00686740582549377,True
intermediate_long,rep_0097,baseline,completed,1,0.9999917121563872,4.5605471953076515e-05,True
intermediate_long,rep_0097,r,completed,0.04,0.04597926023613845,0.015426084618647785,True
intermediate_long,rep_0097,b,completed,0.75,0.44869422758321065,0.27228623361473375,True
intermediate_long,rep_0097,a,completed,7,21.29043380657016,11.808445382367587,True
intermediate_long,rep_0097,t0,completed,0.001,-0.0021262616763533843,0.0020713089228139043,True
intermediate_long,rep_0097,q1,completed,0.25,0.4889563144973752,0.2868648084255386,True
intermediate_long,rep_0097,q2,completed,0.3,0.4970215088444487,0.2893545197248986,True
intermediate_long,rep_0097,extra_sigma,completed,0.0003,0.00035102188889534586,4.0705730908474936e-05,True
intermediate_long,rep_0097,depth,completed,0.0016,0.002351996967502559,0.0020275821645944453,True
intermediate_long,rep_0097,full_duration,completed,0.03301137115374576,0.017427116091903335,0.008526632881378624,True
intermediate_long,rep_0098,baseline,completed,1,1.0000455059924385,3.863958652427489e-05,True
intermediate_long,rep_0098,r,completed,0.04,0.0416674632032512,0.0073393361528603625,True
intermediate_long,rep_0098,b,completed,0.75,0.4427182000959681,0.27717447638324766,True
intermediate_long,rep_0098,a,completed,7,9.260824254738848,3.5844272677182745,True
intermediate_long,rep_0098,t0,completed,0.001,-0.000526080063706578,0.0012170778270089192,True
intermediate_long,rep_0098,q1,completed,0.25,0.5163576631073015,0.29168193667570025,True
intermediate_long,rep_0098,q2,completed,0.3,0.5066729903322836,0.28619180624448826,True
intermediate_long,rep_0098,extra_sigma,completed,0.0003,0.0002098333343679924,4.319589798333261e-05,True
intermediate_long,rep_0098,depth,completed,0.0016,0.0017900298784951853,0.0007833389493411704,True
intermediate_long,rep_0098,full_duration,completed,0.03301137115374576,0.03270705295884269,0.006800722578971386,True
intermediate_long,rep_0099,baseline,completed,1,0.9999657678474605,4.285978246910542e-05,True
intermediate_long,rep_0099,r,completed,0.04,0.051578532314218606,0.014221442711595436,True
intermediate_long,rep_0099,b,completed,0.75,0.43347838829754015,0.26629899226730175,True
intermediate_long,rep_0099,a,completed,7,16.794007830322553,9.308629667333692,True
intermediate_long,rep_0099,t0,completed,0.001,0.0039980458943192285,0.0012334559680721544,True
intermediate_long,rep_0099,q1,completed,0.25,0.48427397178308323,0.2851577957762165,True
intermediate_long,rep_0099,q2,completed,0.3,0.49241189395376794,0.28501800214641854,True
intermediate_long,rep_0099,extra_sigma,completed,0.0003,0.00030242350268009694,4.002856361179995e-05,True
intermediate_long,rep_0099,depth,completed,0.0016,0.0028625438661298835,0.002030600535156512,True
intermediate_long,rep_0099,full_duration,completed,0.03301137115374576,0.020950301621517824,0.0075576397448291616,True
shallow_short,rep_0000,baseline,rejected,1,0.9999945086379418,1.1161567958472869e-05,False
shallow_short,rep_0000,r,rejected,0.014,0.014643820820647304,0.001000469545273362,False
shallow_short,rep_0000,b,rejected,0.45,0.4013056019845129,0.2376739354591068,False
shallow_short,rep_0000,a,rejected,3.3,2.930542463426476,0.4203318873477581,False
shallow_short,rep_0000,t0,rejected,0.001,-0.0005561839940989663,0.003683713957335322,False
shallow_short,rep_0000,q1,rejected,0.25,0.45398179792138443,0.2748129330303569,False
shallow_short,rep_0000,q2,rejected,0.3,0.4669912349667139,0.2860561332291962,False
shallow_short,rep_0000,extra_sigma,rejected,0.0001,8.762569726409026e-05,1.166955410105316e-05,False
shallow_short,rep_0000,depth,rejected,0.00019600000000000002,0.00021544217730341516,2.9623716670304638e-05,False
shallow_short,rep_0000,full_duration,rejected,0.08965609160871604,0.10094318684685999,0.009718438410251941,False
shallow_short,rep_0001,baseline,completed,1,1.0000176862604253,1.0962882156789407e-05,True
shallow_short,rep_0001,r,completed,0.014,0.013914633575115446,0.0009005159318215955,True
shallow_short,rep_0001,b,completed,0.45,0.3754670913811481,0.22526336268116007,True
shallow_short,rep_0001,a,completed,3.3,2.933610813841329,0.36373404930166225,True
shallow_short,rep_0001,t0,completed,0.001,0.005728829285778128,0.002572227406722433,True
shallow_short,rep_0001,q1,completed,0.25,0.4371310884220213,0.2894073921518622,True
shallow_short,rep_0001,q2,completed,0.3,0.4036877706885325,0.27503038561256055,True
shallow_short,rep_0001,extra_sigma,completed,0.0001,0.00010657650609059694,1.0810874419194895e-05,True
shallow_short,rep_0001,depth,completed,0.00019600000000000002,0.00019442775374095873,2.507306518529356e-05,True
shallow_short,rep_0001,full_duration,completed,0.08965609160871604,0.1020582724102262,0.007534913278190206,True
shallow_short,rep_0002,baseline,completed,1,1.000001378931311,1.1262458984064839e-05,True
shallow_short,rep_0002,r,completed,0.014,0.013650011530436233,0.001019455709409507,True
shallow_short,rep_0002,b,completed,0.45,0.40085724029270364,0.2386205401081884,True
shallow_short,rep_0002,a,completed,3.3,3.089946036705783,0.4357457258292202,True
shallow_short,rep_0002,t0,completed,0.001,0.000251904725568357,0.0027900440073637418,True
shallow_short,rep_0002,q1,completed,0.25,0.4065429578727361,0.2773963619521972,True
shallow_short,rep_0002,q2,completed,0.3,0.47891657924372255,0.28528017030698105,True
shallow_short,rep_0002,extra_sigma,completed,0.0001,0.00010815197603693308,1.0439716113340604e-05,True
shallow_short,rep_0002,depth,completed,0.00019600000000000002,0.00018736184490200392,2.812101719647001e-05,True
shallow_short,rep_0002,full_duration,completed,0.08965609160871604,0.09505097033536294,0.007250416474443986,True
shallow_short,rep_0003,baseline,completed,1,1.0000106225719312,1.0872863182809455e-05,True
shallow_short,rep_0003,r,completed,0.014,0.01316301107593139,0.0010296976683639861,True
shallow_short,rep_0003,b,completed,0.45,0.38642649664911644,0.23700966598441311,True
shallow_short,rep_0003,a,completed,3.3,2.9942805881173973,0.4016756149143861,True
shallow_short,rep_0003,t0,completed,0.001,0.004879578726635655,0.002782501469082759,True
shallow_short,rep_0003,q1,completed,0.25,0.5492854903532509,0.2707423678661496,True
shallow_short,rep_0003,q2,completed,0.3,0.5315472593045122,0.27981206682656873,True
shallow_short,rep_0003,extra_sigma,completed,0.0001,0.00010049569992955234,1.1095294301606725e-05,True
shallow_short,rep_0003,depth,completed,0.00019600000000000002,0.00017432487280400464,2.773254994268774e-05,True
shallow_short,rep_0003,full_duration,completed,0.08965609160871604,0.09889535554193907,0.007411299985484908,True
shallow_short,rep_0004,baseline,completed,1,0.9999968464501987,1.0343131280885906e-05,True
shallow_short,rep_0004,r,completed,0.014,0.013720743509523665,0.0010817462087430556,True
shallow_short,rep_0004,b,completed,0.45,0.42492524737529075,0.2557001574072337,True
shallow_short,rep_0004,a,completed,3.3,3.4858055656276252,0.6040103045805448,True
shallow_short,rep_0004,t0,completed,0.001,-0.0005153787732351345,0.0025588597781804286,True
shallow_short,rep_0004,q1,completed,0.25,0.4317243503549768,0.27996561198757114,True
shallow_short,rep_0004,q2,completed,0.3,0.40152990151491236,0.2767036245658539,True
shallow_short,rep_0004,extra_sigma,completed,0.0001,9.965159200358123e-05,1.0892240864271906e-05,True
shallow_short,rep_0004,depth,completed,0.00019600000000000002,0.0001894286847705507,3.053455542969693e-05,True
shallow_short,rep_0004,full_duration,completed,0.08965609160871604,0.08213485268085148,0.006196925488437161,True
shallow_short,rep_0005,baseline,completed,1,1.0000079424484296,9.2487347795988e-06,True
shallow_short,rep_0005,r,completed,0.014,0.013900853400280865,0.0009079289056555338,True
shallow_short,rep_0005,b,completed,0.45,0.4126236015640286,0.25476156367749814,True
shallow_short,rep_0005,a,completed,3.3,3.2714230154042903,0.5093780115183065,True
shallow_short,rep_0005,t0,completed,0.001,0.0010060230931951148,0.0017421940779110514,True
shallow_short,rep_0005,q1,completed,0.25,0.31071665290991857,0.2654031178761577,True
shallow_short,rep_0005,q2,completed,0.3,0.381656494213203,0.2730945743010734,True
shallow_short,rep_0005,extra_sigma,completed,0.0001,7.460246137293918e-05,1.3269442166816085e-05,True
shallow_short,rep_0005,depth,completed,0.00019600000000000002,0.00019405785407010053,2.5831840982194562e-05,True
shallow_short,rep_0005,full_duration,completed,0.08965609160871604,0.08820207094224933,0.004666826043097448,True
shallow_short,rep_0006,baseline,completed,1,0.9999920651403108,9.816453567730788e-06,True
shallow_short,rep_0006,r,completed,0.014,0.012312031477011263,0.0009997141792849442,True
shallow_short,rep_0006,b,completed,0.45,0.4234256000338933,0.2469467329055794,True
shallow_short,rep_0006,a,completed,3.3,3.1904287516475955,0.48720609550272936,True
shallow_short,rep_0006,t0,completed,0.001,0.001347909909484729,0.0023709068075940007,True
shallow_short,rep_0006,q1,completed,0.25,0.38693924060341944,0.28147992233696906,True
shallow_short,rep_0006,q2,completed,0.3,0.41878921840760086,0.28185874391398336,True
shallow_short,rep_0006,extra_sigma,completed,0.0001,8.71289716603456e-05,1.1729967656245268e-05,True
shallow_short,rep_0006,depth,completed,0.00019600000000000002,0.00015258529767406943,2.4882058397299508e-05,True
shallow_short,rep_0006,full_duration,completed,0.08965609160871604,0.09023965364328786,0.00613104389983749,True
shallow_short,rep_0007,baseline,completed,1,0.9999982958673932,1.0652811904312821e-05,True
shallow_short,rep_0007,r,completed,0.014,0.013545502927817456,0.0010197176476547934,True
shallow_short,rep_0007,b,completed,0.45,0.42187353102400044,0.2507896479481452,True
shallow_short,rep_0007,a,completed,3.3,3.2532202532961536,0.5074158474119392,True
shallow_short,rep_0007,t0,completed,0.001,0.0001256915823670377,0.0020722010432235797,True
shallow_short,rep_0007,q1,completed,0.25,0.38553644681943056,0.28389580387819857,True
shallow_short,rep_0007,q2,completed,0.3,0.4005037354164307,0.2788838197754078,True
shallow_short,rep_0007,extra_sigma,completed,0.0001,0.00010441778719099537,1.0606298913001831e-05,True
shallow_short,rep_0007,depth,completed,0.00019600000000000002,0.00018452021369242967,2.814958661152121e-05,True
shallow_short,rep_0007,full_duration,completed,0.08965609160871604,0.08847785767043233,0.005569551996713261,True
shallow_short,rep_0008,baseline,completed,1,1.0000241642892487,1.0746647336229229e-05,True
shallow_short,rep_0008,r,completed,0.014,0.014065776232605864,0.0011601257612409354,True
shallow_short,rep_0008,b,completed,0.45,0.41095714926596927,0.2442619198704573,True
shallow_short,rep_0008,a,completed,3.3,3.171922711050148,0.5048056304496928,True
shallow_short,rep_0008,t0,completed,0.001,0.004276506053320222,0.0027167398021630883,True
shallow_short,rep_0008,q1,completed,0.25,0.5115929371937213,0.2840340904225293,True
shallow_short,rep_0008,q2,completed,0.3,0.5078743101090468,0.28755640583783443,True
shallow_short,rep_0008,extra_sigma,completed,0.0001,9.743297097816854e-05,1.0895048588984017e-05,True
shallow_short,rep_0008,depth,completed,0.00019600000000000002,0.00019919161633468943,3.3336497531591915e-05,True
shallow_short,rep_0008,full_duration,completed,0.08965609160871604,0.09212040641568549,0.009177532008668308,True
shallow_short,rep_0009,baseline,rejected,1,0.999992836353637,1.0227221822121407e-05,False
shallow_short,rep_0009,r,rejected,0.014,0.013194384374729367,0.0008950539460744259,False
shallow_short,rep_0009,b,rejected,0.45,0.39931460131036006,0.24282289324470904,False
shallow_short,rep_0009,a,rejected,3.3,3.083471093992468,0.4135827818252285,False
shallow_short,rep_0009,t0,rejected,0.001,-0.0026404616584892533,0.0019275227678252624,False
shallow_short,rep_0009,q1,rejected,0.25,0.34708457359855305,0.2629631881667983,False
shallow_short,rep_0009,q2,rejected,0.3,0.39931403241457075,0.2754259905145067,False
shallow_short,rep_0009,extra_sigma,rejected,0.0001,9.529938420953987e-05,1.1077239285955305e-05,False
shallow_short,rep_0009,depth,rejected,0.00019600000000000002,0.00017489270031409426,2.3858495396311596e-05,False
shallow_short,rep_0009,full_duration,rejected,0.08965609160871604,0.09485302745092444,0.004633377858345809,False
shallow_short,rep_0010,baseline,completed,1,1.0000156066599661,9.597969319725951e-06,True
shallow_short,rep_0010,r,completed,0.014,0.014316741690897257,0.001115929967169862,True
shallow_short,rep_0010,b,completed,0.45,0.40439086940985197,0.23975870143746894,True
shallow_short,rep_0010,a,completed,3.3,3.028423319366196,0.4264951743992138,True
shallow_short,rep_0010,t0,completed,0.001,0.005073742953031,0.0024339080555225968,True
shallow_short,rep_0010,q1,completed,0.25,0.5391621960282703,0.26464572115039015,True
shallow_short,rep_0010,q2,completed,0.3,0.4973982356465948,0.2816484376813742,True
shallow_short,rep_0010,extra_sigma,completed,0.0001,7.532012717421998e-05,1.3304733514942788e-05,True
shallow_short,rep_0010,depth,completed,0.00019600000000000002,0.0002062140810105804,3.288387761075232e-05,True
shallow_short,rep_0010,full_duration,completed,0.08965609160871604,0.096897483790596,0.006872344165998605,True
shallow_short,rep_0011,baseline,completed,1,0.9999848198786347,1.0548438333460647e-05,True
shallow_short,rep_0011,r,completed,0.014,0.013401235004820126,0.001016466058485294,True
shallow_short,rep_0011,b,completed,0.45,0.3948335555479592,0.23270518629963452,True
shallow_short,rep_0011,a,completed,3.3,3.1300726186189123,0.44174291284644024,True
shallow_short,rep_0011,t0,completed,0.001,-0.0012296763116698003,0.002791306145649007,True
shallow_short,rep_0011,q1,completed,0.25,0.4236017954026982,0.2731316926957618,True
shallow_short,rep_0011,q2,completed,0.3,0.5190648885826128,0.28307041561052554,True
shallow_short,rep_0011,extra_sigma,completed,0.0001,9.521545077567605e-05,1.0996362782386322e-05,True
shallow_short,rep_0011,depth,completed,0.00019600000000000002,0.00018062604460165692,2.765523633408716e-05,True
shallow_short,rep_0011,full_duration,completed,0.08965609160871604,0.09422846544987691,0.007379077755053208,True
shallow_short,rep_0012,baseline,completed,1,0.9999980637473534,1.1333767633017308e-05,True
shallow_short,rep_0012,r,completed,0.014,0.014343543915535254,0.0011681442370673843,True
shallow_short,rep_0012,b,completed,0.45,0.4120716801927453,0.24267299684775284,True
shallow_short,rep_0012,a,completed,3.3,3.1710151609730035,0.48952379666008766,True
shallow_short,rep_0012,t0,completed,0.001,0.004171902186022241,0.002676153771628767,True
shallow_short,rep_0012,q1,completed,0.25,0.5610723160208538,0.2630977416835209,True
shallow_short,rep_0012,q2,completed,0.3,0.47664538760353764,0.2786796906848848,True
shallow_short,rep_0012,extra_sigma,completed,0.0001,0.00010890362297917583,1.0309256056979945e-05,True
shallow_short,rep_0012,depth,completed,0.00019600000000000002,0.0002071014718752425,3.4828396784331546e-05,True
shallow_short,rep_0012,full_duration,completed,0.08965609160871604,0.09206932978436035,0.007725018380449402,True
shallow_short,rep_0013,baseline,completed,1,0.9999990909750709,1.0257078470136434e-05,True
shallow_short,rep_0013,r,completed,0.014,0.014504086390647231,0.0008615405637573249,True
shallow_short,rep_0013,b,completed,0.45,0.42338818591513877,0.2523517508955354,True
shallow_short,rep_0013,a,completed,3.3,3.26293128513297,0.49491320005674544,True
shallow_short,rep_0013,t0,completed,0.001,0.00224685120189379,0.001359356822857676,True
shallow_short,rep_0013,q1,completed,0.25,0.23856894857551134,0.23887467918516317,True
shallow_short,rep_0013,q2,completed,0.3,0.37084349257040267,0.2785054964396007,True
shallow_short,rep_0013,extra_sigma,completed,0.0001,0.00010380287702976979,1.0834431619957174e-05,True
shallow_short,rep_0013,depth,completed,0.00019600000000000002,0.0002111105886073218,2.526349524636771e-05,True
shallow_short,rep_0013,full_duration,completed,0.08965609160871604,0.08794683980171061,0.0034924669050867296,True
shallow_short,rep_0014,baseline,completed,1,0.9999858218167729,9.99192711473993e-06,True
shallow_short,rep_0014,r,completed,0.014,0.013014442449628653,0.0010335183935276603,True
shallow_short,rep_0014,b,completed,0.45,0.4174714688190577,0.24900707341282693,True
shallow_short,rep_0014,a,completed,3.3,3.1359737739755023,0.47624665457879634,True
shallow_short,rep_0014,t0,completed,0.001,0.002042555482841739,0.0023315792511998004,True
shallow_short,rep_0014,q1,completed,0.25,0.4427907961680895,0.27177773238859587,True
shallow_short,rep_0014,q2,completed,0.3,0.4461307830586702,0.28238334409711785,True
shallow_short,rep_0014,extra_sigma,completed,0.0001,9.315040961451147e-05,1.1277869730562554e-05,True
shallow_short,rep_0014,depth,completed,0.00019600000000000002,0.00017044360550438886,2.7366992110156752e-05,True
shallow_short,rep_0014,full_duration,completed,0.08965609160871604,0.09228371028482295,0.0067957980942192865,True
shallow_short,rep_0015,baseline,completed,1,0.9999779405923319,9.835702527023976e-06,True
shallow_short,rep_0015,r,completed,0.014,0.014400706650802522,0.000988411534963396,True
shallow_short,rep_0015,b,completed,0.45,0.437129184014634,0.25853571935970315,True
shallow_short,rep_0015,a,completed,3.3,3.4532138647313877,0.5650194794539932,True
shallow_short,rep_0015,t0,completed,0.001,0.0036256160330034254,0.0014680353395229563,True
shallow_short,rep_0015,q1,completed,0.25,0.32985053554338095,0.2636663106766474,True
shallow_short,rep_0015,q2,completed,0.3,0.4173927541699677,0.27973333937246075,True
shallow_short,rep_0015,extra_sigma,completed,0.0001,8.825674363403624e-05,1.1970442849391056e-05,True
shallow_short,rep_0015,depth,completed,0.00019600000000000002,0.0002083570651655761,2.9070414057423535e-05,True
shallow_short,rep_0015,full_duration,completed,0.08965609160871604,0.08207116622670937,0.0036203442249157875,True
shallow_short,rep_0016,baseline,completed,1,0.9999903768333972,9.851476042514122e-06,True
shallow_short,rep_0016,r,completed,0.014,0.01374575012765796,0.001066604484157161,True
shallow_short,rep_0016,b,completed,0.45,0.4084815831793437,0.24395798466459953,True
shallow_short,rep_0016,a,completed,3.3,3.127193985410405,0.45931786959884074,True
shallow_short,rep_0016,t0,completed,0.001,0.0014894977716591118,0.0021706149768323094,True
shallow_short,rep_0016,q1,completed,0.25,0.5015286453693606,0.27335346005450634,True
shallow_short,rep_0016,q2,completed,0.3,0.4617935207772078,0.28242443015008056,True
shallow_short,rep_0016,extra_sigma,completed,0.0001,8.038038299713741e-05,1.236832544203871e-05,True
shallow_short,rep_0016,depth,completed,0.00019600000000000002,0.00019008300728635155,3.0048905763444016e-05,True
shallow_short,rep_0016,full_duration,completed,0.08965609160871604,0.09333429981913381,0.007150312709087093,True
shallow_short,rep_0017,baseline,completed,1,1.0000041492494134,1.0314799410143433e-05,True
shallow_short,rep_0017,r,completed,0.014,0.013537202668903979,0.001017145041689203,True
shallow_short,rep_0017,b,completed,0.45,0.4000858355358021,0.24033039844936943,True
shallow_short,rep_0017,a,completed,3.3,3.115819424810986,0.4313275407611793,True
shallow_short,rep_0017,t0,completed,0.001,-0.0024623357210326238,0.0020524862227383127,True
shallow_short,rep_0017,q1,completed,0.25,0.47390673723208193,0.27815792449203425,True
shallow_short,rep_0017,q2,completed,0.3,0.4802495101212792,0.2823354229227406,True
shallow_short,rep_0017,extra_sigma,completed,0.0001,8.732714401157906e-05,1.1380882163861053e-05,True
shallow_short,rep_0017,depth,completed,0.00019600000000000002,0.00018429018148880493,2.8243258209288966e-05,True
shallow_short,rep_0017,full_duration,completed,0.08965609160871604,0.09403506081478974,0.005529481172349352,True
shallow_short,rep_0018,baseline,completed,1,1.00001530148385,1.0138866041823974e-05,True
shallow_short,rep_0018,r,completed,0.014,0.014411444577238891,0.001038507023220118,True
shallow_short,rep_0018,b,completed,0.45,0.4025480899666644,0.24015153629609026,True
shallow_short,rep_0018,a,completed,3.3,3.140436443150238,0.4269291206843664,True
shallow_short,rep_0018,t0,completed,0.001,0.0008942788878137346,0.0020203221823039347,True
shallow_short,rep_0018,q1,completed,0.25,0.49077304114285925,0.2659519467261117,True
shallow_short,rep_0018,q2,completed,0.3,0.4875854919656191,0.2810759834515972,True
shallow_short,rep_0018,extra_sigma,completed,0.0001,9.043716822078966e-05,1.15429213973333e-05,True
shallow_short,rep_0018,depth,completed,0.00019600000000000002,0.00020876796201589644,3.0651299924380946e-05,True
shallow_short,rep_0018,full_duration,completed,0.08965609160871604,0.09318896369903551,0.005010596074453579,True
shallow_short,rep_0019,baseline,completed,1,1.0000004900252952,1.080896994389655e-05,True
shallow_short,rep_0019,r,completed,0.014,0.014145826219016862,0.0010802307748572634,True
shallow_short,rep_0019,b,completed,0.45,0.3982497677478168,0.23699288228446516,True
shallow_short,rep_0019,a,completed,3.3,3.0557291306383307,0.40590635578191964,True
shallow_short,rep_0019,t0,completed,0.001,0.003059032985366713,0.0020521920322571327,True
shallow_short,rep_0019,q1,completed,0.25,0.5021232486424556,0.2715729386246427,True
shallow_short,rep_0019,q2,completed,0.3,0.5140975972797956,0.2791820326817451,True
shallow_short,rep_0019,extra_sigma,completed,0.0001,0.00010579662698361458,1.059290634098169e-05,True
shallow_short,rep_0019,depth,completed,0.00019600000000000002,0.0002012710062209419,3.1284739201081775e-05,True
shallow_short,rep_0019,full_duration,completed,0.08965609160871604,0.09621090673747458,0.0053439198336076785,True
shallow_short,rep_0020,baseline,completed,1,0.9999950050504453,1.0511298582609781e-05,True
shallow_short,rep_0020,r,completed,0.014,0.013897866590728935,0.0010619296544011913,True
shallow_short,rep_0020,b,completed,0.45,0.4096363880404233,0.2457846374833257,True
shallow_short,rep_0020,a,completed,3.3,3.246737682216838,0.4963291978004892,True
shallow_short,rep_0020,t0,completed,0.001,0.00499510736535599,0.0022066862488255468,True
shallow_short,rep_0020,q1,completed,0.25,0.44612053349045155,0.28175156471712814,True
shallow_short,rep_0020,q2,completed,0.3,0.46686811511050985,0.2817977920745481,True
shallow_short,rep_0020,extra_sigma,completed,0.0001,0.00010760149248391929,1.0743501033504213e-05,True
shallow_short,rep_0020,depth,completed,0.00019600000000000002,0.00019427810844094843,3.0275663504036138e-05,True
shallow_short,rep_0020,full_duration,completed,0.08965609160871604,0.08953862512399229,0.006396212052390187,True
shallow_short,rep_0021,baseline,completed,1,0.9999797365704446,9.407369311982928e-06,True
shallow_short,rep_0021,r,completed,0.014,0.013232374655447259,0.0008777547173987496,True
shallow_short,rep_0021,b,completed,0.45,0.3982167015277049,0.2450904557113371,True
shallow_short,rep_0021,a,completed,3.3,3.2788231317571763,0.45868378008800925,True
shallow_short,rep_0021,t0,completed,0.001,-0.0017187043125761598,0.0018949897346434335,True
shallow_short,rep_0021,q1,completed,0.25,0.3500853723029801,0.2744494491504996,True
shallow_short,rep_0021,q2,completed,0.3,0.390161093557672,0.27414761702448903,True
shallow_short,rep_0021,extra_sigma,completed,0.0001,7.83188709967927e-05,1.279540672460773e-05,True
shallow_short,rep_0021,depth,completed,0.00019600000000000002,0.00017586599975270278,2.3393471059390657e-05,True
shallow_short,rep_0021,full_duration,completed,0.08965609160871604,0.08890447990537177,0.004664536945409771,True
shallow_short,rep_0022,baseline,completed,1,1.0000032115892372,1.0576721677798306e-05,True
shallow_short,rep_0022,r,completed,0.014,0.014292609493286522,0.0008556493639549297,True
shallow_short,rep_0022,b,completed,0.45,0.38476231295612684,0.2333318473508326,True
shallow_short,rep_0022,a,completed,3.3,3.1658282110396017,0.39391538704926926,True
shallow_short,rep_0022,t0,completed,0.001,-0.0007565363120804321,0.0015910246297288848,True
shallow_short,rep_0022,q1,completed,0.25,0.3450632843607998,0.26895835975718996,True
shallow_short,rep_0022,q2,completed,0.3,0.4058956918366702,0.2726693343493705,True
shallow_short,rep_0022,extra_sigma,completed,0.0001,9.50085929985168e-05,1.1100803244937131e-05,True
shallow_short,rep_0022,depth,completed,0.00019600000000000002,0.00020501063892766196,2.4603082437689062e-05,True
shallow_short,rep_0022,full_duration,completed,0.08965609160871604,0.09328738163231938,0.003974907641108554,True
shallow_short,rep_0023,baseline,completed,1,1.0000017602513442,1.0308695003533664e-05,True
shallow_short,rep_0023,r,completed,0.014,0.014778442797549416,0.0011295161073016362,True
shallow_short,rep_0023,b,completed,0.45,0.4162840668555333,0.24310141647469566,True
shallow_short,rep_0023,a,completed,3.3,3.1142055377914204,0.4554018384756756,True
shallow_short,rep_0023,t0,completed,0.001,0.0011733263755302921,0.0021497365932475945,True
shallow_short,rep_0023,q1,completed,0.25,0.5311562073110222,0.27434789576149,True
shallow_short,rep_0023,q2,completed,0.3,0.47519578817695235,0.2782717062697936,True
shallow_short,rep_0023,extra_sigma,completed,0.0001,0.00010009988303680038,1.1259581353032602e-05,True
shallow_short,rep_0023,depth,completed,0.00019600000000000002,0.00021967785920543495,3.448744121251326e-05,True
shallow_short,rep_0023,full_duration,completed,0.08965609160871604,0.09338997270487107,0.006075503760377934,True
shallow_short,rep_0024,baseline,completed,1,0.9999752669613027,1.0995023758317807e-05,True
shallow_short,rep_0024,r,completed,0.014,0.013721630010424018,0.0013511710292751988,True
shallow_short,rep_0024,b,completed,0.45,0.4102785665837446,0.24603594918357086,True
shallow_short,rep_0024,a,completed,3.3,3.371178460771302,0.5576907439406018,True
shallow_short,rep_0024,t0,completed,0.001,0.0031303368695787845,0.0026632987405264905,True
shallow_short,rep_0024,q1,completed,0.25,0.5810375141477018,0.2654522984133028,True
shallow_short,rep_0024,q2,completed,0.3,0.5547491636778539,0.271268518177895,True
shallow_short,rep_0024,extra_sigma,completed,0.0001,0.00010443703538743149,1.0781911573688328e-05,True
shallow_short,rep_0024,depth,completed,0.00019600000000000002,0.0001901083368775341,3.932474381168385e-05,True
shallow_short,rep_0024,full_duration,completed,0.08965609160871604,0.0862177276708733,0.00751276359249702,True
shallow_short,rep_0025,baseline,completed,1,0.9999949581197932,1.0307752409349522e-05,True
shallow_short,rep_0025,r,completed,0.014,0.014172823705810285,0.0010721213854898322,True
shallow_short,rep_0025,b,completed,0.45,0.4197372937971793,0.2480778686684076,True
shallow_short,rep_0025,a,completed,3.3,3.596173570318102,0.5982213400564819,True
shallow_short,rep_0025,t0,completed,0.001,-0.0031788217031233313,0.002508000372597313,True
shallow_short,rep_0025,q1,completed,0.25,0.35435043480789025,0.2749344479825718,True
shallow_short,rep_0025,q2,completed,0.3,0.43459242115439034,0.28104051744054853,True
shallow_short,rep_0025,extra_sigma,completed,0.0001,0.00010629989733972307,1.0577290060767018e-05,True
shallow_short,rep_0025,depth,completed,0.00019600000000000002,0.0002020180887001362,3.130647779278055e-05,True
shallow_short,rep_0025,full_duration,completed,0.08965609160871604,0.08004669226277962,0.006457747161671618,True
shallow_short,rep_0026,baseline,completed,1,1.0000174223257872,1.046293380060131e-05,True
shallow_short,rep_0026,r,completed,0.014,0.013822768059676409,0.0009983643888190944,True
shallow_short,rep_0026,b,completed,0.45,0.39878505848331885,0.23526053160996957,True
shallow_short,rep_0026,a,completed,3.3,3.1577480334940575,0.40870043900052067,True
shallow_short,rep_0026,t0,completed,0.001,-0.0009437978889186074,0.0017258280443783768,True
shallow_short,rep_0026,q1,completed,0.25,0.45671231915479343,0.2677967330038815,True
shallow_short,rep_0026,q2,completed,0.3,0.48837025815209456,0.27843922956287775,True
shallow_short,rep_0026,extra_sigma,completed,0.0001,9.404945174313469e-05,1.1556340281497713e-05,True
shallow_short,rep_0026,depth,completed,0.00019600000000000002,0.00019206539910160926,2.8281037693354286e-05,True
shallow_short,rep_0026,full_duration,completed,0.08965609160871604,0.09285950193654668,0.004202822949471343,True
shallow_short,rep_0027,baseline,rejected,1,0.9999974744820671,1.0144060548046125e-05,False
shallow_short,rep_0027,r,rejected,0.014,0.012808497734181714,0.0010221217192931413,False
shallow_short,rep_0027,b,rejected,0.45,0.41222191325406976,0.24851291490808589,False
shallow_short,rep_0027,a,rejected,3.3,3.099336117573686,0.45580460428648545,False
shallow_short,rep_0027,t0,rejected,0.001,0.0015331537134908194,0.0020652936614962802,False
shallow_short,rep_0027,q1,rejected,0.25,0.43443788168868686,0.2805846781060557,False
shallow_short,rep_0027,q2,rejected,0.3,0.4540382668421009,0.28399974958582164,False
shallow_short,rep_0027,extra_sigma,rejected,0.0001,9.39997412026396e-05,1.1342670484883555e-05,False
shallow_short,rep_0027,depth,rejected,0.00019600000000000002,0.0001651020858323866,2.673413930380893e-05,False
shallow_short,rep_0027,full_duration,rejected,0.08965609160871604,0.09353631805153562,0.0054778215159039315,False
shallow_short,rep_0028,baseline,completed,1,1.0000123820778914,1.115523964398464e-05,True
shallow_short,rep_0028,r,completed,0.014,0.013913123393559787,0.0012691841947660553,True
shallow_short,rep_0028,b,completed,0.45,0.3993591773724934,0.24178357654643223,True
shallow_short,rep_0028,a,completed,3.3,2.957422419945606,0.4420847445908308,True
shallow_short,rep_0028,t0,completed,0.001,0.004621935260123098,0.0029454338538215117,True
shallow_short,rep_0028,q1,completed,0.25,0.6191381160770054,0.2521963596648679,True
shallow_short,rep_0028,q2,completed,0.3,0.6095432624990671,0.26855477726906196,True
shallow_short,rep_0028,extra_sigma,completed,0.0001,0.00010788684278809522,1.0667823582051721e-05,True
shallow_short,rep_0028,depth,completed,0.00019600000000000002,0.00019518542837753446,3.6698371783202206e-05,True
shallow_short,rep_0028,full_duration,completed,0.08965609160871604,0.09983356712773378,0.009314695506507436,True
shallow_short,rep_0029,baseline,completed,1,0.9999957377853083,1.040476290993524e-05,True
shallow_short,rep_0029,r,completed,0.014,0.014025999863759854,0.0010749713662830517,True
shallow_short,rep_0029,b,completed,0.45,0.4079194085415787,0.24132148203935452,True
shallow_short,rep_0029,a,completed,3.3,3.230667782756065,0.4620249707214708,True
shallow_short,rep_0029,t0,completed,0.001,-0.0014506947512938984,0.0020487591364776554,True
shallow_short,rep_0029,q1,completed,0.25,0.5174462106199224,0.2611972927768757,True
shallow_short,rep_0029,q2,completed,0.3,0.4695411952013452,0.2717730446347132,True
shallow_short,rep_0029,extra_sigma,completed,0.0001,9.701608370130912e-05,1.133862674034553e-05,True
shallow_short,rep_0029,depth,completed,0.00019600000000000002,0.00019788394672566029,3.095500647947636e-05,True
shallow_short,rep_0029,full_duration,completed,0.08965609160871604,0.09012713789589587,0.005033705234015718,True
shallow_short,rep_0030,baseline,completed,1,1.0000109258192167,1.0516418156736148e-05,True
shallow_short,rep_0030,r,completed,0.014,0.014879362888408526,0.000839272458418542,True
shallow_short,rep_0030,b,completed,0.45,0.43347450325655607,0.25848698739068504,True
shallow_short,rep_0030,a,completed,3.3,3.140676579213049,0.48338703932997107,True
shallow_short,rep_0030,t0,completed,0.001,0.0007547322737358055,0.0011526782260525218,True
shallow_short,rep_0030,q1,completed,0.25,0.2304558930256676,0.2226499775362028,True
shallow_short,rep_0030,q2,completed,0.3,0.39483569326965917,0.28508744705327366,True
shallow_short,rep_0030,extra_sigma,completed,0.0001,0.00010290399376104187,1.0842161761886774e-05,True
shallow_short,rep_0030,depth,completed,0.00019600000000000002,0.0002220996421298439,2.5164686753923577e-05,True
shallow_short,rep_0030,full_duration,completed,0.08965609160871604,0.09088445241720507,0.00278419133140939,True
shallow_short,rep_0031,baseline,completed,1,0.9999893493801207,1.0660499135100069e-05,True
shallow_short,rep_0031,r,completed,0.014,0.013157249303185972,0.0010207195147342986,True
shallow_short,rep_0031,b,completed,0.45,0.40611134613805394,0.241398495216235,True
shallow_short,rep_0031,a,completed,3.3,3.1428944060989608,0.45239288545813716,True
shallow_short,rep_0031,t0,completed,0.001,0.001071670273233499,0.002347422855032567,True
shallow_short,rep_0031,q1,completed,0.25,0.4488153035188698,0.2810511294563523,True
shallow_short,rep_0031,q2,completed,0.3,0.4529850484111374,0.28339613893030324,True
shallow_short,rep_0031,extra_sigma,completed,0.0001,0.00010762703871849308,1.0365442831085928e-05,True
shallow_short,rep_0031,depth,completed,0.00019600000000000002,0.00017415481708686525,2.7228917646456995e-05,True
shallow_short,rep_0031,full_duration,completed,0.08965609160871604,0.09286940554100526,0.005979453842395159,True
shallow_short,rep_0032,baseline,completed,1,0.9999963263549211,1.0566014823799244e-05,True
shallow_short,rep_0032,r,completed,0.014,0.013243581326597191,0.0010736600171593607,True
shallow_short,rep_0032,b,completed,0.45,0.40483972894853903,0.2508127096439448,True
shallow_short,rep_0032,a,completed,3.3,3.472232122625246,0.5745221495876618,True
shallow_short,rep_0032,t0,completed,0.001,0.0006892218821353553,0.0027612858105325196,True
shallow_short,rep_0032,q1,completed,0.25,0.42218620774451776,0.28507385040509636,True
shallow_short,rep_0032,q2,completed,0.3,0.4533580209925508,0.2869796196375193,True
shallow_short,rep_0032,extra_sigma,completed,0.0001,0.00010045948759221566,1.1348153189936224e-05,True
shallow_short,rep_0032,depth,completed,0.00019600000000000002,0.00017654490400018235,2.9290065101752476e-05,True
shallow_short,rep_0032,full_duration,completed,0.08965609160871604,0.08360596319853358,0.007190875489457133,True
shallow_short,rep_0033,baseline,completed,1,1.0000036639406609,1.0065037815921599e-05,True
shallow_short,rep_0033,r,completed,0.014,0.013414435508646641,0.000904278088069002,True
shallow_short,rep_0033,b,completed,0.45,0.3994484215078868,0.24368050034120023,True
shallow_short,rep_0033,a,completed,3.3,3.2026955144987697,0.4487407121717361,True
shallow_short,rep_0033,t0,completed,0.001,0.0004064212700132579,0.0017172446751835097,True
shallow_short,rep_0033,q1,completed,0.25,0.3501109281062401,0.263277661238156,True
shallow_short,rep_0033,q2,completed,0.3,0.39558510410414544,0.2745212807636932,True
shallow_short,rep_0033,extra_sigma,completed,0.0001,9.907044293682212e-05,1.0699998224563173e-05,True
shallow_short,rep_0033,depth,completed,0.00019600000000000002,0.00018076459444648643,2.4506359076406574e-05,True
shallow_short,rep_0033,full_duration,completed,0.08965609160871604,0.09106377583831383,0.003995392992542257,True
shallow_short,rep_0034,baseline,completed,1,1.0000086134977917,9.90883109727404e-06,True
shallow_short,rep_0034,r,completed,0.014,0.013771821009377632,0.000893675724674921,True
shallow_short,rep_0034,b,completed,0.45,0.4195843278585898,0.2501871942405225,True
shallow_short,rep_0034,a,completed,3.3,3.1703753139685205,0.46754606516436986,True
shallow_short,rep_0034,t0,completed,0.001,9.994211685851965e-05,0.0018910823371271616,True
shallow_short,rep_0034,q1,completed,0.25,0.29995741738897846,0.25738609828181747,True
shallow_short,rep_0034,q2,completed,0.3,0.3966258996630619,0.2819066006079135,True
shallow_short,rep_0034,extra_sigma,completed,0.0001,8.672519561166214e-05,1.1825579538638407e-05,True
shallow_short,rep_0034,depth,completed,0.00019600000000000002,0.0001904615105511332,2.4811769167325918e-05,True
shallow_short,rep_0034,full_duration,completed,0.08965609160871604,0.09095794645914201,0.004940002908038233,True
shallow_short,rep_0035,baseline,completed,1,1.0000229915711616,9.780512008303384e-06,True
shallow_short,rep_0035,r,completed,0.014,0.015113867052004928,0.0010262770534389257,True
shallow_short,rep_0035,b,completed,0.45,0.40851272075173095,0.24819903582758404,True
shallow_short,rep_0035,a,completed,3.3,3.09291016956986,0.435704546928549,True
shallow_short,rep_0035,t0,completed,0.001,0.003508575034317987,0.0015290968171864348,True
shallow_short,rep_0035,q1,completed,0.25,0.4948192401239397,0.26737792621936457,True
shallow_short,rep_0035,q2,completed,0.3,0.4103617993936805,0.26597125712088926,True
shallow_short,rep_0035,extra_sigma,completed,0.0001,7.847497106178186e-05,1.2612531117399791e-05,True
shallow_short,rep_0035,depth,completed,0.00019600000000000002,0.00022948195854494778,3.209249362425094e-05,True
shallow_short,rep_0035,full_duration,completed,0.08965609160871604,0.0941593722797585,0.004220511164795588,True
shallow_short,rep_0036,baseline,rejected,1,0.9999846547134386,1.0074111840860067e-05,False
shallow_short,rep_0036,r,rejected,0.014,0.013859203412121407,0.0008595683628965828,False
shallow_short,rep_0036,b,rejected,0.45,0.40809501798465375,0.2441098291225372,False
shallow_short,rep_0036,a,rejected,3.3,3.1684517198876065,0.4448761649438568,False
shallow_short,rep_0036,t0,rejected,0.001,0.0005394816286043625,0.0016806413726640234,False
shallow_short,rep_0036,q1,rejected,0.25,0.3110183867246565,0.26275442496956586,False
shallow_short,rep_0036,q2,rejected,0.3,0.35972747310990283,0.268702640039276,False
shallow_short,rep_0036,extra_sigma,rejected,0.0001,9.374261781158937e-05,1.13642865547978e-05,False
shallow_short,rep_0036,depth,rejected,0.00019600000000000002,0.00019281619227460775,2.395132542801053e-05,False
shallow_short,rep_0036,full_duration,rejected,0.08965609160871604,0.09174905912152714,0.004152198527394188,False
shallow_short,rep_0037,baseline,completed,1,0.9999820746191579,1.0754750955878052e-05,True
shallow_short,rep_0037,r,completed,0.014,0.013714637557867462,0.001080219856106693,True
shallow_short,rep_0037,b,completed,0.45,0.39760640962341265,0.23600673550703297,True
shallow_short,rep_0037,a,completed,3.3,3.157974838659228,0.48039612430952955,True
shallow_short,rep_0037,t0,completed,0.001,0.005102295216067618,0.0032004763945387067,True
shallow_short,rep_0037,q1,completed,0.25,0.4756800956619702,0.29123756784712607,True
shallow_short,rep_0037,q2,completed,0.3,0.5174582890394661,0.28855337876547554,True
shallow_short,rep_0037,extra_sigma,completed,0.0001,0.00010635293976275581,1.0483997324274309e-05,True
shallow_short,rep_0037,depth,completed,0.00019600000000000002,0.00018925786656246157,3.0063591844970354e-05,True
shallow_short,rep_0037,full_duration,completed,0.08965609160871604,0.09348419331040697,0.00942315363016461,True
shallow_short,rep_0038,baseline,completed,1,1.0000098519582008,1.0057873423976853e-05,True
shallow_short,rep_0038,r,completed,0.014,0.014657284670040394,0.0009694641781123149,True
shallow_short,rep_0038,b,completed,0.45,0.4067016233899168,0.24050076726417202,True
shallow_short,rep_0038,a,completed,3.3,3.1606302037200193,0.4488786197810736,True
shallow_short,rep_0038,t0,completed,0.001,0.0014669310221227193,0.001975409059986525,True
shallow_short,rep_0038,q1,completed,0.25,0.4135994779539767,0.27937031800393053,True
shallow_short,rep_0038,q2,completed,0.3,0.44055713591510554,0.28251835923147045,True
shallow_short,rep_0038,extra_sigma,completed,0.0001,8.702755270454312e-05,1.1565451203006e-05,True
shallow_short,rep_0038,depth,completed,0.00019600000000000002,0.00021577561972604598,2.8876851147943612e-05,True
shallow_short,rep_0038,full_duration,completed,0.08965609160871604,0.0924027347878861,0.005516377685283921,True
shallow_short,rep_0039,baseline,completed,1,1.0000196943793906,1.025265424773849e-05,True
shallow_short,rep_0039,r,completed,0.014,0.014208797142066633,0.0009229580876982576,True
shallow_short,rep_0039,b,completed,0.45,0.37493299037443817,0.2292954852799715,True
shallow_short,rep_0039,a,completed,3.3,3.077518700300224,0.406148792524421,True
shallow_short,rep_0039,t0,completed,0.001,0.0009561757509389157,0.0021758834116859162,True
shallow_short,rep_0039,q1,completed,0.25,0.4562557985197861,0.28607651001313983,True
shallow_short,rep_0039,q2,completed,0.3,0.4139229608435963,0.27870865469997147,True
shallow_short,rep_0039,extra_sigma,completed,0.0001,8.42698209522577e-05,1.2658465423340787e-05,True
shallow_short,rep_0039,depth,completed,0.00019600000000000002,0.0002027415548931406,2.650106711277199e-05,True
shallow_short,rep_0039,full_duration,completed,0.08965609160871604,0.09698539930597999,0.0071706523972653825,True
shallow_short,rep_0040,baseline,completed,1,1.0000011497454449,1.0083046072710754e-05,True
shallow_short,rep_0040,r,completed,0.014,0.01460561540901213,0.0008669515647172725,True
shallow_short,rep_0040,b,completed,0.45,0.3877479202427861,0.23942827585805118,True
shallow_short,rep_0040,a,completed,3.3,3.112810514822494,0.3965050926326415,True
shallow_short,rep_0040,t0,completed,0.001,0.004730131213305235,0.001479793574849386,True
shallow_short,rep_0040,q1,completed,0.25,0.4032338208259511,0.268260902326117,True
shallow_short,rep_0040,q2,completed,0.3,0.40496220785249454,0.27299994091752994,True
shallow_short,rep_0040,extra_sigma,completed,0.0001,9.258635014441724e-05,1.1455698118514796e-05,True
shallow_short,rep_0040,depth,completed,0.00019600000000000002,0.00021407541859028444,2.5730149988314774e-05,True
shallow_short,rep_0040,full_duration,completed,0.08965609160871604,0.09465464748823375,0.0035785999191306826,True
shallow_short,rep_0041,baseline,completed,1,0.9999946758561798,1.1274636450366014e-05,True
shallow_short,rep_0041,r,completed,0.014,0.014773196138104447,0.001077147513959312,True
shallow_short,rep_0041,b,completed,0.45,0.40449619816217686,0.24374551214005058,True
shallow_short,rep_0041,a,completed,3.3,3.15860252998711,0.4482010901785475,True
shallow_short,rep_0041,t0,completed,0.001,0.0024256360020940408,0.0021656896329977143,True
shallow_short,rep_0041,q1,completed,0.25,0.4662141658967257,0.27258823519937464,True
shallow_short,rep_0041,q2,completed,0.3,0.4512137643253601,0.28092765117445245,True
shallow_short,rep_0041,extra_sigma,completed,0.0001,0.0001156301780234362,1.054815798215738e-05,True
shallow_short,rep_0041,depth,completed,0.00019600000000000002,0.00021940728084004119,3.2897601447988236e-05,True
shallow_short,rep_0041,full_duration,completed,0.08965609160871604,0.09246914472188544,0.005285719723051823,True
shallow_short,rep_0042,baseline,completed,1,0.9999990201290977,1.0361469187929729e-05,True
shallow_short,rep_0042,r,completed,0.014,0.014271051860297377,0.000920150644378103,True
shallow_short,rep_0042,b,completed,0.45,0.4195824275031498,0.25118621651056827,True
shallow_short,rep_0042,a,completed,3.3,3.167024957260768,0.45857474493454425,True
shallow_short,rep_0042,t0,completed,0.001,0.0013530897067499578,0.0013198101257243058,True
shallow_short,rep_0042,q1,completed,0.25,0.31064222476544445,0.25422618108971445,True
shallow_short,rep_0042,q2,completed,0.3,0.43008136996988405,0.2872033245671641,True
shallow_short,rep_0042,extra_sigma,completed,0.0001,9.887187682159509e-05,1.0592998729681028e-05,True
shallow_short,rep_0042,depth,completed,0.00019600000000000002,0.00020450938673834457,2.6582361515264722e-05,True
shallow_short,rep_0042,full_duration,completed,0.08965609160871604,0.09102060910843707,0.0033266176645241224,True
shallow_short,rep_0043,baseline,completed,1,0.9999987542421982,1.035868582425465e-05,True
shallow_short,rep_0043,r,completed,0.014,0.013697857757743343,0.0009826215333203928,True
shallow_short,rep_0043,b,completed,0.45,0.40097995518829616,0.24517987010178754,True
shallow_short,rep_0043,a,completed,3.3,3.319776138602256,0.4730908703543925,True
shallow_short,rep_0043,t0,completed,0.001,0.0017813742550352792,0.0019639867360136684,True
shallow_short,rep_0043,q1,completed,0.25,0.36668057037577134,0.27326336399090934,True
shallow_short,rep_0043,q2,completed,0.3,0.40967659504361914,0.2737128376950973,True
shallow_short,rep_0043,extra_sigma,completed,0.0001,0.00010556557074979028,1.1050304955786503e-05,True
shallow_short,rep_0043,depth,completed,0.00019600000000000002,0.00018859661084284497,2.735953233983971e-05,True
shallow_short,rep_0043,full_duration,completed,0.08965609160871604,0.08771569866849716,0.004781279766607971,True
shallow_short,rep_0044,baseline,completed,1,0.9999840950281745,9.839883290909616e-06,True
shallow_short,rep_0044,r,completed,0.014,0.013437043383162624,0.0009337831201143439,True
shallow_short,rep_0044,b,completed,0.45,0.41055627463956335,0.24606750527458765,True
shallow_short,rep_0044,a,completed,3.3,3.0850982692325393,0.4594630318525019,True
shallow_short,rep_0044,t0,completed,0.001,0.001551989342682245,0.0030652209334975197,True
shallow_short,rep_0044,q1,completed,0.25,0.3422535032591827,0.2731725325708016,True
shallow_short,rep_0044,q2,completed,0.3,0.46463815703621186,0.28468466493935,True
shallow_short,rep_0044,extra_sigma,completed,0.0001,7.443881345070807e-05,1.3126249784956388e-05,True
shallow_short,rep_0044,depth,completed,0.00019600000000000002,0.00018142586780867608,2.5291663558184408e-05,True
shallow_short,rep_0044,full_duration,completed,0.08965609160871604,0.09448578005014095,0.007665068150690825,True
shallow_short,rep_0045,baseline,completed,1,1.0000212260545893,1.0899091755449626e-05,True
shallow_short,rep_0045,r,completed,0.014,0.015142274531110441,0.0010819927893884916,True
shallow_short,rep_0045,b,completed,0.45,0.4127948040834938,0.24361079442341996,True
shallow_short,rep_0045,a,completed,3.3,3.14036675948,0.4478078926356666,True
shallow_short,rep_0045,t0,completed,0.001,-0.0017094984247231358,0.0016718074792003135,True
shallow_short,rep_0045,q1,completed,0.25,0.4755851254813077,0.2725821988136604,True
shallow_short,rep_0045,q2,completed,0.3,0.4852566612458545,0.2797522792367815,True
shallow_short,rep_0045,extra_sigma,completed,0.0001,0.00011013434785362297,1.0832711977351362e-05,True
shallow_short,rep_0045,depth,completed,0.00019600000000000002,0.00023045889369470551,3.373180419178882e-05,True
shallow_short,rep_0045,full_duration,completed,0.08965609160871604,0.09268347921497098,0.004733426368550563,True
shallow_short,rep_0046,baseline,completed,1,1.0000172204604376,9.807334437903265e-06,True
shallow_short,rep_0046,r,completed,0.014,0.015368311968884376,0.0009528823382881332,True
shallow_short,rep_0046,b,completed,0.45,0.4012187268431476,0.24288829312098567,True
shallow_short,rep_0046,a,completed,3.3,3.203903876672258,0.43623176877762776,True
shallow_short,rep_0046,t0,completed,0.001,0.00045141930938403277,0.0012979241536479615,True
shallow_short,rep_0046,q1,completed,0.25,0.41481090179660235,0.26655118654375354,True
shallow_short,rep_0046,q2,completed,0.3,0.4327227314048835,0.2733792716432732,True
shallow_short,rep_0046,extra_sigma,completed,0.0001,6.863803713553064e-05,1.324411270670354e-05,True
shallow_short,rep_0046,depth,completed,0.00019600000000000002,0.00023709277052738856,3.0000786511651642e-05,True
shallow_short,rep_0046,full_duration,completed,0.08965609160871604,0.0912028926139151,0.003441577847512645,True
shallow_short,rep_0047,baseline,completed,1,0.99999507842095,1.0083055458775049e-05,True
shallow_short,rep_0047,r,completed,0.014,0.014382582118322152,0.0010597580367380562,True
shallow_short,rep_0047,b,completed,0.45,0.41675051083153647,0.24731753600007753,True
shallow_short,rep_0047,a,completed,3.3,3.2337039811165624,0.4850665453391872,True
shallow_short,rep_0047,t0,completed,0.001,0.003207323012211017,0.0019940891325754464,True
shallow_short,rep_0047,q1,completed,0.25,0.4783957616153152,0.27371560296091607,True
shallow_short,rep_0047,q2,completed,0.3,0.44445422104862614,0.2793107000982254,True
shallow_short,rep_0047,extra_sigma,completed,0.0001,9.568683064535413e-05,1.1127701619483517e-05,True
shallow_short,rep_0047,depth,completed,0.00019600000000000002,0.00020798147471493683,3.1179517888763606e-05,True
shallow_short,rep_0047,full_duration,completed,0.08965609160871604,0.08954922331864529,0.005692088461939876,True
shallow_short,rep_0048,baseline,completed,1,1.0000097061884188,1.0146273632536081e-05,True
shallow_short,rep_0048,r,completed,0.014,0.0144978947314847,0.000905507582283594,True
shallow_short,rep_0048,b,completed,0.45,0.42055765374424847,0.24369023825056205,True
shallow_short,rep_0048,a,completed,3.3,3.078178389342335,0.42886013843567705,True
shallow_short,rep_0048,t0,completed,0.001,0.001128101961214306,0.0014187174769986733,True
shallow_short,rep_0048,q1,completed,0.25,0.3316770890206588,0.25523115738509267,True
shallow_short,rep_0048,q2,completed,0.3,0.4580161472136487,0.2855805654060092,True
shallow_short,rep_0048,extra_sigma,completed,0.0001,9.768306827691439e-05,1.0759844100648975e-05,True
shallow_short,rep_0048,depth,completed,0.00019600000000000002,0.00021100869064078948,2.6634462846680893e-05,True
shallow_short,rep_0048,full_duration,completed,0.08965609160871604,0.09406856026626444,0.0037097740004961893,True
shallow_short,rep_0049,baseline,completed,1,0.9999926183950391,9.952544889120995e-06,True
shallow_short,rep_0049,r,completed,0.014,0.01434604499057609,0.000986131475744271,True
shallow_short,rep_0049,b,completed,0.45,0.42793033653677537,0.2504279847253583,True
shallow_short,rep_0049,a,completed,3.3,3.180210901962761,0.4862437142193573,True
shallow_short,rep_0049,t0,completed,0.001,-0.00014957107189594821,0.0019209966889907996,True
shallow_short,rep_0049,q1,completed,0.25,0.42064946615599386,0.27667328755757764,True
shallow_short,rep_0049,q2,completed,0.3,0.4209701583326533,0.2767781938792554,True
shallow_short,rep_0049,extra_sigma,completed,0.0001,9.439460906526436e-05,1.1336201358573856e-05,True
shallow_short,rep_0049,depth,completed,0.00019600000000000002,0.00020678121904526498,2.8846843231390794e-05,True
shallow_short,rep_0049,full_duration,completed,0.08965609160871604,0.09035148039584118,0.005077121999967825,True
shallow_short,rep_0050,baseline,completed,1,1.0000092860011678,1.0150785418089747e-05,True
shallow_short,rep_0050,r,completed,0.014,0.013955787683877003,0.000996791249340727,True
shallow_short,rep_0050,b,completed,0.45,0.4192497367112826,0.25056538848280624,True
shallow_short,rep_0050,a,completed,3.3,3.1413142525744617,0.4636622541489795,True
shallow_short,rep_0050,t0,completed,0.001,0.0008741513422011046,0.0019616132142593837,True
shallow_short,rep_0050,q1,completed,0.25,0.4411303960640933,0.2697188873037196,True
shallow_short,rep_0050,q2,completed,0.3,0.4496354174590118,0.27541211987288144,True
shallow_short,rep_0050,extra_sigma,completed,0.0001,9.439721357312583e-05,1.1183137624447653e-05,True
shallow_short,rep_0050,depth,completed,0.00019600000000000002,0.00019575735427401658,2.8325125714272458e-05,True
shallow_short,rep_0050,full_duration,completed,0.08965609160871604,0.09194429643340545,0.005024669432898552,True
shallow_short,rep_0051,baseline,completed,1,1.0000101500040612,1.0380722652842323e-05,True
shallow_short,rep_0051,r,completed,0.014,0.013551088326884515,0.0010857763372908154,True
shallow_short,rep_0051,b,completed,0.45,0.3909446335475758,0.23370173617016762,True
shallow_short,rep_0051,a,completed,3.3,3.097822250857655,0.4336187782833583,True
shallow_short,rep_0051,t0,completed,0.001,-0.000133172597019515,0.002441886538466021,True
shallow_short,rep_0051,q1,completed,0.25,0.5111711961217692,0.28019436967112643,True
shallow_short,rep_0051,q2,completed,0.3,0.5402132127649568,0.28347210172083925,True
shallow_short,rep_0051,extra_sigma,completed,0.0001,9.156704676465042e-05,1.135143222799393e-05,True
shallow_short,rep_0051,depth,completed,0.00019600000000000002,0.0001848106103700828,3.0225544321005464e-05,True
shallow_short,rep_0051,full_duration,completed,0.08965609160871604,0.09547899975898902,0.007530839996388357,True
shallow_short,rep_0052,baseline,completed,1,1.0000170095476655,1.1812598231329337e-05,True
shallow_short,rep_0052,r,completed,0.014,0.013562139642819852,0.0011391704757348377,True
shallow_short,rep_0052,b,completed,0.45,0.36525618253517395,0.22083243331230676,True
shallow_short,rep_0052,a,completed,3.3,2.723697144832971,0.4035477752881702,True
shallow_short,rep_0052,t0,completed,0.001,0.0002997331177315064,0.003420614199658338,True
shallow_short,rep_0052,q1,completed,0.25,0.6598310377401437,0.24228761010752395,True
shallow_short,rep_0052,q2,completed,0.3,0.6437033560557684,0.2628642022750013,True
shallow_short,rep_0052,extra_sigma,completed,0.0001,8.898975760030432e-05,1.1651210113551275e-05,True
shallow_short,rep_0052,depth,completed,0.00019600000000000002,0.00018522901663678854,3.161073728876208e-05,True
shallow_short,rep_0052,full_duration,completed,0.08965609160871604,0.11212665275483148,0.014040878416516984,True
shallow_short,rep_0053,baseline,completed,1,1.0000117792343537,1.0679255468009052e-05,True
shallow_short,rep_0053,r,completed,0.014,0.01478519088764821,0.000930458904915803,True
shallow_short,rep_0053,b,completed,0.45,0.41474627623528487,0.24339058762059398,True
shallow_short,rep_0053,a,completed,3.3,3.1499513162248682,0.44164250384699394,True
shallow_short,rep_0053,t0,completed,0.001,0.00024018835171527104,0.0016957812980123786,True
shallow_short,rep_0053,q1,completed,0.25,0.3704392085671699,0.2692869089432643,True
shallow_short,rep_0053,q2,completed,0.3,0.4143573656656413,0.28217681666413164,True
shallow_short,rep_0053,extra_sigma,completed,0.0001,0.00010990521731914904,1.0679641407242283e-05,True
shallow_short,rep_0053,depth,completed,0.00019600000000000002,0.00021946740691948936,2.7860202755961893e-05,True
shallow_short,rep_0053,full_duration,completed,0.08965609160871604,0.09221935174071177,0.0045061152292866545,True
shallow_short,rep_0054,baseline,completed,1,0.9999874353278406,1.0746584508080488e-05,True
shallow_short,rep_0054,r,completed,0.014,0.013560987649365181,0.0010262443078309278,True
shallow_short,rep_0054,b,completed,0.45,0.4109470672580279,0.24666507255015022,True
shallow_short,rep_0054,a,completed,3.3,3.2042217836401736,0.4930902493805212,True
shallow_short,rep_0054,t0,completed,0.001,-0.0007813032524270542,0.0023667715788231207,True
shallow_short,rep_0054,q1,completed,0.25,0.3784778918331027,0.2823217782686595,True
shallow_short,rep_0054,q2,completed,0.3,0.4114473706063924,0.27971483200900554,True
shallow_short,rep_0054,extra_sigma,completed,0.0001,0.00011312894654498208,1.0130467246147485e-05,True
shallow_short,rep_0054,depth,completed,0.00019600000000000002,0.0001849533001112455,2.8217049140088667e-05,True
shallow_short,rep_0054,full_duration,completed,0.08965609160871604,0.09067007482588386,0.006766496425972237,True
shallow_short,rep_0055,baseline,completed,1,1.000005472498839,1.0356169524557609e-05,True
shallow_short,rep_0055,r,completed,0.014,0.013449277452335505,0.0009571252031112882,True
shallow_short,rep_0055,b,completed,0.45,0.4127320060824834,0.23893245238773156,True
shallow_short,rep_0055,a,completed,3.3,3.070601186247738,0.4246032277657717,True
shallow_short,rep_0055,t0,completed,0.001,0.0008215289194454096,0.0020914519080308925,True
shallow_short,rep_0055,q1,completed,0.25,0.38999932066480986,0.2712332558640304,True
shallow_short,rep_0055,q2,completed,0.3,0.45453384372526195,0.28239861401231653,True
shallow_short,rep_0055,extra_sigma,completed,0.0001,9.845242837666555e-05,1.1642606665042237e-05,True
shallow_short,rep_0055,depth,completed,0.00019600000000000002,0.00018179892362216743,2.6226732541896523e-05,True
shallow_short,rep_0055,full_duration,completed,0.08965609160871604,0.09479618758716396,0.0050445222890423795,True
shallow_short,rep_0056,baseline,completed,1,0.9999800524501479,9.95570576471955e-06,True
shallow_short,rep_0056,r,completed,0.014,0.013365734382421732,0.0009325987509781021,True
shallow_short,rep_0056,b,completed,0.45,0.41189421043810515,0.24639134510549618,True
shallow_short,rep_0056,a,completed,3.3,3.2820090914183666,0.4774623784794927,True
shallow_short,rep_0056,t0,completed,0.001,0.0004351277662020481,0.0015455837471191084,True
shallow_short,rep_0056,q1,completed,0.25,0.32274588796648496,0.25897226616070806,True
shallow_short,rep_0056,q2,completed,0.3,0.4351601032043895,0.2848744334532849,True
shallow_short,rep_0056,extra_sigma,completed,0.0001,8.651721914649582e-05,1.1430565989595068e-05,True
shallow_short,rep_0056,depth,completed,0.00019600000000000002,0.00017951237857666874,2.5311591824169792e-05,True
shallow_short,rep_0056,full_duration,completed,0.08965609160871604,0.08806873732322572,0.003598134244111638,True
shallow_short,rep_0057,baseline,completed,1,0.9999895308208281,1.067969339665805e-05,True
shallow_short,rep_0057,r,completed,0.014,0.014113874292317962,0.0013303170903250555,True
shallow_short,rep_0057,b,completed,0.45,0.41534353198162616,0.24661580191002366,True
shallow_short,rep_0057,a,completed,3.3,3.3757412247607426,0.515557420830487,True
shallow_short,rep_0057,t0,completed,0.001,0.0030219013283889354,0.0020536594699827808,True
shallow_short,rep_0057,q1,completed,0.25,0.5733589815027216,0.2564032929245865,True
shallow_short,rep_0057,q2,completed,0.3,0.5483697523169913,0.276465000159392,True
shallow_short,rep_0057,extra_sigma,completed,0.0001,0.0001082396893772013,1.0793789400240254e-05,True
shallow_short,rep_0057,depth,completed,0.00019600000000000002,0.00020097074866427456,3.968239423182019e-05,True
shallow_short,rep_0057,full_duration,completed,0.08965609160871604,0.08559196720739877,0.00532395816318603,True
shallow_short,rep_0058,baseline,completed,1,0.9999920955323925,1.1039259663059974e-05,True
shallow_short,rep_0058,r,completed,0.014,0.013828965139242826,0.001030623974514035,True
shallow_short,rep_0058,b,completed,0.45,0.3941807560895081,0.24029163769738773,True
shallow_short,rep_0058,a,completed,3.3,3.0790506368367443,0.4462877300408769,True
shallow_short,rep_0058,t0,completed,0.001,-0.0026777568950271053,0.0031249309989141937,True
shallow_short,rep_0058,q1,completed,0.25,0.42327596752047364,0.2813024068071459,True
shallow_short,rep_0058,q2,completed,0.3,0.47357226479968667,0.28326152228693885,True
shallow_short,rep_0058,extra_sigma,completed,0.0001,0.00010606870384212192,1.047914770021425e-05,True
shallow_short,rep_0058,depth,completed,0.00019600000000000002,0.00019230219705279223,2.8982703118891192e-05,True
shallow_short,rep_0058,full_duration,completed,0.08965609160871604,0.09570796855463448,0.007586418208525955,True
shallow_short,rep_0059,baseline,completed,1,0.9999936387831042,1.0524799180066282e-05,True
shallow_short,rep_0059,r,completed,0.014,0.01327142265954993,0.000989214279712889,True
shallow_short,rep_0059,b,completed,0.45,0.4096839238405153,0.2451765982541573,True
shallow_short,rep_0059,a,completed,3.3,3.2315669339582644,0.46690970061287795,True
shallow_short,rep_0059,t0,completed,0.001,0.0029532167003866825,0.001989701572754538,True
shallow_short,rep_0059,q1,completed,0.25,0.3585313630149107,0.27566876108981975,True
shallow_short,rep_0059,q2,completed,0.3,0.4311570470057106,0.2791160461953948,True
shallow_short,rep_0059,extra_sigma,completed,0.0001,0.00010827846389331975,1.0682511030816963e-05,True
shallow_short,rep_0059,depth,completed,0.00019600000000000002,0.00017710895966338046,2.6679688762163734e-05,True
shallow_short,rep_0059,full_duration,completed,0.08965609160871604,0.08975081169792717,0.005066628484510798,True
shallow_short,rep_0060,baseline,completed,1,0.9999877331583237,9.60627508108508e-06,True
shallow_short,rep_0060,r,completed,0.014,0.013043307126959527,0.001140130385570176,True
shallow_short,rep_0060,b,completed,0.45,0.42162722106367345,0.2514514678089331,True
shallow_short,rep_0060,a,completed,3.3,3.2745698969159864,0.5302258687782534,True
shallow_short,rep_0060,t0,completed,0.001,0.004618143662265329,0.0025365426804531094,True
shallow_short,rep_0060,q1,completed,0.25,0.5204060100416127,0.27999479744525035,True
shallow_short,rep_0060,q2,completed,0.3,0.47893130997658395,0.28559541815744777,True
shallow_short,rep_0060,extra_sigma,completed,0.0001,7.045675674348327e-05,1.3507886976772342e-05,True
shallow_short,rep_0060,depth,completed,0.00019600000000000002,0.0001714274331299695,3.073981448873974e-05,True
shallow_short,rep_0060,full_duration,completed,0.08965609160871604,0.08798407684761785,0.007025644061159368,True
shallow_short,rep_0061,baseline,rejected,1,1.0000092503140943,1.0556811053070906e-05,False
shallow_short,rep_0061,r,rejected,0.014,0.014934779382111468,0.0008241288224504372,False
shallow_short,rep_0061,b,rejected,0.45,0.3961517115880205,0.24938179606079994,False
shallow_short,rep_0061,a,rejected,3.3,3.2264339576427994,0.45896290761628566,False
shallow_short,rep_0061,t0,rejected,0.001,0.0012260722924464927,0.0016024536462958914,False
shallow_short,rep_0061,q1,rejected,0.25,0.27584925708553437,0.24902093285025056,False
shallow_short,rep_0061,q2,rejected,0.3,0.33982082944551323,0.273157196197833,False
shallow_short,rep_0061,extra_sigma,rejected,0.0001,0.00010873053143586718,1.0538829817060558e-05,False
shallow_short,rep_0061,depth,rejected,0.00019600000000000002,0.00022372665371125634,2.4788256771677614e-05,False
shallow_short,rep_0061,full_duration,rejected,0.08965609160871604,0.09044193768342765,0.003776041645731811,False
shallow_short,rep_0062,baseline,completed,1,1.0000041609888308,1.0317499335250824e-05,True
shallow_short,rep_0062,r,completed,0.014,0.014407381635339422,0.0010938578500960235,True
shallow_short,rep_0062,b,completed,0.45,0.4083651764042255,0.2459796836367699,True
shallow_short,rep_0062,a,completed,3.3,2.995677359985687,0.4307112837853519,True
shallow_short,rep_0062,t0,completed,0.001,0.006379103084459581,0.0021477688761104706,True
shallow_short,rep_0062,q1,completed,0.25,0.5221714825116147,0.2656138882381348,True
shallow_short,rep_0062,q2,completed,0.3,0.4711156672725226,0.2837396301828994,True
shallow_short,rep_0062,extra_sigma,completed,0.0001,8.915175827475661e-05,1.1518607376917126e-05,True
shallow_short,rep_0062,depth,completed,0.00019600000000000002,0.00020876887145128336,3.238596637408868e-05,True
shallow_short,rep_0062,full_duration,completed,0.08965609160871604,0.09757033517151376,0.0064491872305893205,True
shallow_short,rep_0063,baseline,completed,1,0.9999859603281288,1.140936321524473e-05,True
shallow_short,rep_0063,r,completed,0.014,0.012792206136619457,0.001175455008061486,True
shallow_short,rep_0063,b,completed,0.45,0.405738382597098,0.24994998903995957,True
shallow_short,rep_0063,a,completed,3.3,3.1552001958493046,0.5059865761292095,True
shallow_short,rep_0063,t0,completed,0.001,0.0005806042192600158,0.003054304302340129,True
shallow_short,rep_0063,q1,completed,0.25,0.4817270219348993,0.2844315822165262,True
shallow_short,rep_0063,q2,completed,0.3,0.48170700395842286,0.28726906057711477,True
shallow_short,rep_0063,extra_sigma,completed,0.0001,0.00011989961109050373,1.0528305888669955e-05,True
shallow_short,rep_0063,depth,completed,0.00019600000000000002,0.00016502188689412233,3.100567490936441e-05,True
shallow_short,rep_0063,full_duration,completed,0.08965609160871604,0.09237670547699973,0.007810578629977344,True
shallow_short,rep_0064,baseline,completed,1,1.000012699174005,1.1263531008842993e-05,True
shallow_short,rep_0064,r,completed,0.014,0.013445466600083618,0.0011079873164346673,True
shallow_short,rep_0064,b,completed,0.45,0.40766471346977373,0.2338422082619404,True
shallow_short,rep_0064,a,completed,3.3,3.05791790181045,0.45244595757321027,True
shallow_short,rep_0064,t0,completed,0.001,-0.001215221410651683,0.0028635701354674616,True
shallow_short,rep_0064,q1,completed,0.25,0.548945080266452,0.271337198366519,True
shallow_short,rep_0064,q2,completed,0.3,0.5017887880290397,0.2786112513538242,True
shallow_short,rep_0064,extra_sigma,completed,0.0001,0.00011980395548451688,1.0778975329797565e-05,True
shallow_short,rep_0064,depth,completed,0.00019600000000000002,0.00018200790107837086,3.043399993155348e-05,True
shallow_short,rep_0064,full_duration,completed,0.08965609160871604,0.09605706623053734,0.008126381880025901,True
shallow_short,rep_0065,baseline,completed,1,1.0000104006683121,1.039853070208363e-05,True
shallow_short,rep_0065,r,completed,0.014,0.014280979848423218,0.0010332455585469504,True
shallow_short,rep_0065,b,completed,0.45,0.41884334784493643,0.24739041586697844,True
shallow_short,rep_0065,a,completed,3.3,3.220344140426635,0.4852969725231369,True
shallow_short,rep_0065,t0,completed,0.001,0.0011618430046920266,0.002101981183086442,True
shallow_short,rep_0065,q1,completed,0.25,0.4309618927280715,0.274105822973006,True
shallow_short,rep_0065,q2,completed,0.3,0.4670902619336377,0.27302677599601116,True
shallow_short,rep_0065,extra_sigma,completed,0.0001,0.00010266576363755359,1.0968397716832796e-05,True
shallow_short,rep_0065,depth,completed,0.00019600000000000002,0.000205013714916231,3.0059154636873315e-05,True
shallow_short,rep_0065,full_duration,completed,0.08965609160871604,0.08976958471919905,0.005474185180282835,True
shallow_short,rep_0066,baseline,completed,1,1.0000037960044807,9.875511654397908e-06,True
shallow_short,rep_0066,r,completed,0.014,0.013724963017203577,0.0009313991957659856,True
shallow_short,rep_0066,b,completed,0.45,0.4174744439738308,0.24493796435374013,True
shallow_short,rep_0066,a,completed,3.3,3.221422831383455,0.45979485915121476,True
shallow_short,rep_0066,t0,completed,0.001,4.0334970446704635e-05,0.0018720353900868092,True
shallow_short,rep_0066,q1,completed,0.25,0.3443650215393802,0.2700681865357294,True
shallow_short,rep_0066,q2,completed,0.3,0.43683360273061855,0.2832364733470975,True
shallow_short,rep_0066,extra_sigma,completed,0.0001,9.016264198005295e-05,1.1460917414442202e-05,True
shallow_short,rep_0066,depth,completed,0.00019600000000000002,0.00018924189740936393,2.5665799398140388e-05,True
shallow_short,rep_0066,full_duration,completed,0.08965609160871604,0.0897596322120594,0.004821600109996386,True
shallow_short,rep_0067,baseline,completed,1,1.000002965065687,9.978749665205706e-06,True
shallow_short,rep_0067,r,completed,0.014,0.014232015942025665,0.0008356193453504457,True
shallow_short,rep_0067,b,completed,0.45,0.4015182588302472,0.2476641091825295,True
shallow_short,rep_0067,a,completed,3.3,3.1925423185804243,0.458223341244109,True
shallow_short,rep_0067,t0,completed,0.001,0.000694293759577699,0.0019005547832385214,True
shallow_short,rep_0067,q1,completed,0.25,0.29897728544607993,0.2659817858406851,True
shallow_short,rep_0067,q2,completed,0.3,0.3348916344617189,0.2694039291756174,True
shallow_short,rep_0067,extra_sigma,completed,0.0001,8.84008706179556e-05,1.1764616104130523e-05,True
shallow_short,rep_0067,depth,completed,0.00019600000000000002,0.00020324836289947398,2.4009386439454658e-05,True
shallow_short,rep_0067,full_duration,completed,0.08965609160871604,0.09126131128134447,0.00474836918677294,True
shallow_short,rep_0068,baseline,rejected,1,1.0000104943945844,1.1065725348963291e-05,False
shallow_short,rep_0068,r,rejected,0.014,0.013273187818267605,0.001262530606119957,False
shallow_short,rep_0068,b,rejected,0.45,0.4140109195637782,0.2454605823492037,False
shallow_short,rep_0068,a,rejected,3.3,3.3095244653001545,0.5200762763124023,False
shallow_short,rep_0068,t0,rejected,0.001,0.002143056537081489,0.002782726447309119,False
shallow_short,rep_0068,q1,rejected,0.25,0.5092586084026787,0.27188692719839996,False
shallow_short,rep_0068,q2,rejected,0.3,0.5424564592877734,0.2808431244700865,False
shallow_short,rep_0068,extra_sigma,rejected,0.0001,0.00010962394622735929,1.0866187413197075e-05,False
shallow_short,rep_0068,depth,rejected,0.00019600000000000002,0.0001777710998945143,3.522500236998059e-05,False
shallow_short,rep_0068,full_duration,rejected,0.08965609160871604,0.08763236556606653,0.006801625747965651,False
shallow_short,rep_0069,baseline,completed,1,0.9999965219462646,1.064006535023997e-05,True
shallow_short,rep_0069,r,completed,0.014,0.013964229028644057,0.0014899881727896576,True
shallow_short,rep_0069,b,completed,0.45,0.42644834228220063,0.25555041857433003,True
shallow_short,rep_0069,a,completed,3.3,3.7354919806645257,0.7321159362934722,True
shallow_short,rep_0069,t0,completed,0.001,-0.006596461212247228,0.0034988492245681714,True
shallow_short,rep_0069,q1,completed,0.25,0.5729602358148823,0.26879581882201076,True
shallow_short,rep_0069,q2,completed,0.3,0.5435937002080532,0.2846771124378135,True
shallow_short,rep_0069,extra_sigma,completed,0.0001,0.0001045494351536549,1.0936455515240782e-05,True
shallow_short,rep_0069,depth,completed,0.00019600000000000002,0.00019721920210328964,4.475304940256424e-05,True
shallow_short,rep_0069,full_duration,completed,0.08965609160871604,0.07708251204725394,0.009809675142330427,True
shallow_short,rep_0070,baseline,completed,1,1.0000065533770388,1.0784955999348588e-05,True
shallow_short,rep_0070,r,completed,0.014,0.013811640603538877,0.0009798446350542066,True
shallow_short,rep_0070,b,completed,0.45,0.40304017247774687,0.2444546821238545,True
shallow_short,rep_0070,a,completed,3.3,3.085811551972823,0.4466286495520996,True
shallow_short,rep_0070,t0,completed,0.001,0.0033586269622849925,0.0024004597685795856,True
shallow_short,rep_0070,q1,completed,0.25,0.368254428613423,0.28311571724402257,True
shallow_short,rep_0070,q2,completed,0.3,0.4263961104983963,0.2825251236791847,True
shallow_short,rep_0070,extra_sigma,completed,0.0001,0.00010435723310338558,1.059354457411082e-05,True
shallow_short,rep_0070,depth,completed,0.00019600000000000002,0.000191721271646291,2.737276963540798e-05,True
shallow_short,rep_0070,full_duration,completed,0.08965609160871604,0.09481270390109355,0.006852919814589964,True
shallow_short,rep_0071,baseline,completed,1,1.0000102681749428,1.0349436848358194e-05,True
shallow_short,rep_0071,r,completed,0.014,0.013732312050919872,0.0009163151458336007,True
shallow_short,rep_0071,b,completed,0.45,0.4059696128827463,0.24221904863068444,True
shallow_short,rep_0071,a,completed,3.3,3.207401992137342,0.4395316356523381,True
shallow_short,rep_0071,t0,completed,0.001,0.0006754429991821278,0.0013328102624152961,True
shallow_short,rep_0071,q1,completed,0.25,0.2985745281369379,0.252085816877453,True
shallow_short,rep_0071,q2,completed,0.3,0.4357147871640243,0.2772583079058552,True
shallow_short,rep_0071,extra_sigma,completed,0.0001,0.00010180478198888156,1.1060829335790205e-05,True
shallow_short,rep_0071,depth,completed,0.00019600000000000002,0.0001894158178019616,2.5473640136074832e-05,True
shallow_short,rep_0071,full_duration,completed,0.08965609160871604,0.0906645184081309,0.0032207837387990186,True
shallow_short,rep_0072,baseline,completed,1,0.9999919503757212,9.880602605664856e-06,True
shallow_short,rep_0072,r,completed,0.014,0.014450508656386063,0.001051930638393305,True
shallow_short,rep_0072,b,completed,0.45,0.4008728840562354,0.24200200408928868,True
shallow_short,rep_0072,a,completed,3.3,3.1514639960777693,0.4514566439178368,True
shallow_short,rep_0072,t0,completed,0.001,0.0006649015486864977,0.002571962475149153,True
shallow_short,rep_0072,q1,completed,0.25,0.48067845213072274,0.27296629049593474,True
shallow_short,rep_0072,q2,completed,0.3,0.47076320672091115,0.2750259071101853,True
shallow_short,rep_0072,extra_sigma,completed,0.0001,7.994500002228982e-05,1.1858523091382895e-05,True
shallow_short,rep_0072,depth,completed,0.00019600000000000002,0.0002099234818567621,3.139486224366429e-05,True
shallow_short,rep_0072,full_duration,completed,0.08965609160871604,0.09296545606403209,0.006546103025541258,True
shallow_short,rep_0073,baseline,rejected,1,0.9999990253981285,1.2701089824762451e-05,False
shallow_short,rep_0073,r,rejected,0.014,0.012992804154441363,0.0011447746983906117,False
shallow_short,rep_0073,b,rejected,0.45,0.36817527270997413,0.23495143374128932,False
shallow_short,rep_0073,a,rejected,3.3,2.850265342660623,0.48863077128609483,False
shallow_short,rep_0073,t0,rejected,0.001,-0.0031523303081504137,0.0053127776093125625,False
shallow_short,rep_0073,q1,rejected,0.25,0.48375776740256354,0.2885230566422769,False
shallow_short,rep_0073,q2,rejected,0.3,0.5343489579680699,0.28636357880779917,False
shallow_short,rep_0073,extra_sigma,rejected,0.0001,0.00010738775785729993,1.0855403427310154e-05,False
shallow_short,rep_0073,depth,rejected,0.00019600000000000002,0.00017012314127846652,3.0337361514609848e-05,False
shallow_short,rep_0073,full_duration,rejected,0.08965609160871604,0.10690619875494717,0.018115789426634395,False
shallow_short,rep_0074,baseline,completed,1,0.9999817662321304,1.0788159247301461e-05,True
shallow_short,rep_0074,r,completed,0.014,0.014378731078719025,0.00100309569455439,True
shallow_short,rep_0074,b,completed,0.45,0.3951159765727163,0.24584157792019465,True
shallow_short,rep_0074,a,completed,3.3,3.2651816350567886,0.4705966193653745,True
shallow_short,rep_0074,t0,completed,0.001,-0.0012852268652520217,0.0021048761193817067,True
shallow_short,rep_0074,q1,completed,0.25,0.41213997045068207,0.2787276184091272,True
shallow_short,rep_0074,q2,completed,0.3,0.4032229229869502,0.27444542986012194,True
shallow_short,rep_0074,extra_sigma,completed,0.0001,0.0001089403549116256,1.080865582906722e-05,True
shallow_short,rep_0074,depth,completed,0.00019600000000000002,0.00020775385685631084,2.946658078396868e-05,True
shallow_short,rep_0074,full_duration,completed,0.08965609160871604,0.0896251592870627,0.005667106651352727,True
shallow_short,rep_0075,baseline,completed,1,0.9999989004392044,1.0371328532143342e-05,True
shallow_short,rep_0075,r,completed,0.014,0.01408739938304033,0.0009120260615655764,True
shallow_short,rep_0075,b,completed,0.45,0.4021414710221328,0.24355999092220496,True
shallow_short,rep_0075,a,completed,3.3,3.212938122223948,0.44155004477574367,True
shallow_short,rep_0075,t0,completed,0.001,0.0002798431872960262,0.0014319540565939563,True
shallow_short,rep_0075,q1,completed,0.25,0.3424005197368317,0.26315347296795305,True
shallow_short,rep_0075,q2,completed,0.3,0.4258811630674012,0.28255586825002577,True
shallow_short,rep_0075,extra_sigma,completed,0.0001,0.00010420295561174252,1.0195051129961833e-05,True
shallow_short,rep_0075,depth,completed,0.00019600000000000002,0.00019928640496637566,2.601069836928111e-05,True
shallow_short,rep_0075,full_duration,completed,0.08965609160871604,0.09068321228476796,0.0033794639731929577,True
shallow_short,rep_0076,baseline,completed,1,1.000011276602392,1.0408269013379509e-05,True
shallow_short,rep_0076,r,completed,0.014,0.014460838429452122,0.0010628195684037776,True
shallow_short,rep_0076,b,completed,0.45,0.4064746938851474,0.24401601697992992,True
shallow_short,rep_0076,a,completed,3.3,3.129725447262741,0.4398139395769539,True
shallow_short,rep_0076,t0,completed,0.001,-0.0013110564131108286,0.0018894633119892585,True
shallow_short,rep_0076,q1,completed,0.25,0.47028822081977056,0.2745618433665189,True
shallow_short,rep_0076,q2,completed,0.3,0.47694325785251535,0.28275715006338464,True
shallow_short,rep_0076,extra_sigma,completed,0.0001,9.855049846191317e-05,1.075921472024255e-05,True
shallow_short,rep_0076,depth,completed,0.00019600000000000002,0.0002102451511213425,3.132437833908843e-05,True
shallow_short,rep_0076,full_duration,completed,0.08965609160871604,0.09323209804920037,0.005644679685567461,True
shallow_short,rep_0077,baseline,completed,1,1.0000075130230401,1.101297422603771e-05,True
shallow_short,rep_0077,r,completed,0.014,0.013678425129734217,0.0010220212637354136,True
shallow_short,rep_0077,b,completed,0.45,0.4024721911875873,0.2446831680354089,True
shallow_short,rep_0077,a,completed,3.3,3.1035564114130585,0.4513218077263653,True
shallow_short,rep_0077,t0,completed,0.001,0.0020913056550509097,0.002547185635893228,True
shallow_short,rep_0077,q1,completed,0.25,0.43895530499850405,0.2785319698038436,True
shallow_short,rep_0077,q2,completed,0.3,0.42686311968934404,0.28277113590121594,True
shallow_short,rep_0077,extra_sigma,completed,0.0001,0.00010993085389835404,1.0469476722753002e-05,True
shallow_short,rep_0077,depth,completed,0.00019600000000000002,0.00018814358036140598,2.8433719052770495e-05,True
shallow_short,rep_0077,full_duration,completed,0.08965609160871604,0.09424291569797913,0.006584369762874811,True
shallow_short,rep_0078,baseline,completed,1,0.9999975281653234,1.0484497318062904e-05,True
shallow_short,rep_0078,r,completed,0.014,0.014088742607175984,0.0009808641163745087,True
shallow_short,rep_0078,b,completed,0.45,0.41188845650915185,0.24875084280558515,True
shallow_short,rep_0078,a,completed,3.3,3.210494641080727,0.4787529303772201,True
shallow_short,rep_0078,t0,completed,0.001,-0.0005378604483623785,0.001991549332337627,True
shallow_short,rep_0078,q1,completed,0.25,0.378160158467854,0.2799678108447535,True
shallow_short,rep_0078,q2,completed,0.3,0.38665704602034495,0.27840857274136777,True
shallow_short,rep_0078,extra_sigma,completed,0.0001,0.00010066069990147539,1.0826736836985923e-05,True
shallow_short,rep_0078,depth,completed,0.00019600000000000002,0.00019945452214244336,2.8007442611804458e-05,True
shallow_short,rep_0078,full_duration,completed,0.08965609160871604,0.09033544342489738,0.005612145696202818,True
shallow_short,rep_0079,baseline,completed,1,1.000009001070767,1.0325035335071524e-05,True
shallow_short,rep_0079,r,completed,0.014,0.01407762769888011,0.0012074263517618492,True
shallow_short,rep_0079,b,completed,0.45,0.4017547496527259,0.24317745670943966,True
shallow_short,rep_0079,a,completed,3.3,3.2534668690176267,0.4945249832633838,True
shallow_short,rep_0079,t0,completed,0.001,0.0016490127305653789,0.002552414436320778,True
shallow_short,rep_0079,q1,completed,0.25,0.5869542928654968,0.26430870523349953,True
shallow_short,rep_0079,q2,completed,0.3,0.525066970330126,0.28340861967974995,True
shallow_short,rep_0079,extra_sigma,completed,0.0001,9.333285225696183e-05,1.1394257356679753e-05,True
shallow_short,rep_0079,depth,completed,0.00019600000000000002,0.00019963711555360674,3.524682116947652e-05,True
shallow_short,rep_0079,full_duration,completed,0.08965609160871604,0.0899563751611451,0.00769506139126947,True
shallow_short,rep_0080,baseline,completed,1,1.0000270638994555,1.0654176704360408e-05,True
shallow_short,rep_0080,r,completed,0.014,0.014530654555642413,0.0009713374720792294,True
shallow_short,rep_0080,b,completed,0.45,0.41307253182170395,0.2432732086280355,True
shallow_short,rep_0080,a,completed,3.3,3.1072057644763267,0.43737002033961286,True
shallow_short,rep_0080,t0,completed,0.001,0.002657760026299225,0.0018556363677185825,True
shallow_short,rep_0080,q1,completed,0.25,0.3907341342031344,0.2745899039822055,True
shallow_short,rep_0080,q2,completed,0.3,0.47772380770776274,0.2831890697645782,True
shallow_short,rep_0080,extra_sigma,completed,0.0001,0.00011270642820936077,1.0519600582054958e-05,True
shallow_short,rep_0080,depth,completed,0.00019600000000000002,0.0002120831824259557,2.862055105729897e-05,True
shallow_short,rep_0080,full_duration,completed,0.08965609160871604,0.09365027591338777,0.0049419022181163555,True
shallow_short,rep_0081,baseline,completed,1,1.0000100497713094,1.00007338321591e-05,True
shallow_short,rep_0081,r,completed,0.014,0.01389588804160235,0.001282398157552345,True
shallow_short,rep_0081,b,completed,0.45,0.3925516989116793,0.23732441844963717,True
shallow_short,rep_0081,a,completed,3.3,3.1877282384186407,0.4521372930800663,True
shallow_short,rep_0081,t0,completed,0.001,-0.0006972072430236034,0.002267595015117139,True
shallow_short,rep_0081,q1,completed,0.25,0.6264457768762705,0.24114439731589765,True
shallow_short,rep_0081,q2,completed,0.3,0.623007798196508,0.2599968450775387,True
shallow_short,rep_0081,extra_sigma,completed,0.0001,8.848015213848457e-05,1.1225827738957961e-05,True
shallow_short,rep_0081,depth,completed,0.00019600000000000002,0.0001947398383629823,3.76495087442267e-05,True
shallow_short,rep_0081,full_duration,completed,0.08965609160871604,0.09241298256269638,0.006671945754336949,True
shallow_short,rep_0082,baseline,completed,1,1.0000017114589828,1.0933511474049366e-05,True
shallow_short,rep_0082,r,completed,0.014,0.013108307228811154,0.0009609978443897569,True
shallow_short,rep_0082,b,completed,0.45,0.4065037205449413,0.2429855039144532,True
shallow_short,rep_0082,a,completed,3.3,3.168186979432123,0.4512585629008881,True
shallow_short,rep_0082,t0,completed,0.001,0.0021277273551260603,0.002027464723680665,True
shallow_short,rep_0082,q1,completed,0.25,0.36271166391306886,0.271185723926102,True
shallow_short,rep_0082,q2,completed,0.3,0.40445536540826404,0.27621651495988775,True
shallow_short,rep_0082,extra_sigma,completed,0.0001,0.0001115249649914319,1.0510350577596129e-05,True
shallow_short,rep_0082,depth,completed,0.00019600000000000002,0.00017275100438261025,2.551764863212345e-05,True
shallow_short,rep_0082,full_duration,completed,0.08965609160871604,0.09184386966729545,0.004995509078125189,True
shallow_short,rep_0083,baseline,completed,1,1.0000105949348033,1.0610527345050304e-05,True
shallow_short,rep_0083,r,completed,0.014,0.013839724658054444,0.0009889615944356231,True
shallow_short,rep_0083,b,completed,0.45,0.40381172004911914,0.2456408999737689,True
shallow_short,rep_0083,a,completed,3.3,3.1840970142869995,0.4558289500692103,True
shallow_short,rep_0083,t0,completed,0.001,0.00251948083310084,0.0018396590592407887,True
shallow_short,rep_0083,q1,completed,0.25,0.38300387035122524,0.28011558616331045,True
shallow_short,rep_0083,q2,completed,0.3,0.42959375943066647,0.27589498383899713,True
shallow_short,rep_0083,extra_sigma,completed,0.0001,0.000107516158389709,1.0825638372800824e-05,True
shallow_short,rep_0083,depth,completed,0.00019600000000000002,0.00019251577913477006,2.7704018979936615e-05,True
shallow_short,rep_0083,full_duration,completed,0.08965609160871604,0.09147777334381657,0.004901337311746948,True
shallow_short,rep_0084,baseline,completed,1,1.0000158789308589,1.0365595679294256e-05,True
shallow_short,rep_0084,r,completed,0.014,0.014736333400897556,0.0012809008010585062,True
shallow_short,rep_0084,b,completed,0.45,0.37968219831375705,0.23474731254660947,True
shallow_short,rep_0084,a,completed,3.3,3.164483425428715,0.43372861735802365,True
shallow_short,rep_0084,t0,completed,0.001,0.002514867304443179,0.0024329582984855937,True
shallow_short,rep_0084,q1,completed,0.25,0.6157810827918394,0.24507625345179979,True
shallow_short,rep_0084,q2,completed,0.3,0.6436878396105838,0.2518629968361621,True
shallow_short,rep_0084,extra_sigma,completed,0.0001,0.00010442451962611764,1.0949234848442093e-05,True
shallow_short,rep_0084,depth,completed,0.00019600000000000002,0.0002187998187878457,3.938105325792429e-05,True
shallow_short,rep_0084,full_duration,completed,0.08965609160871604,0.09394861112796377,0.007311069777419064,True
shallow_short,rep_0085,baseline,completed,1,1.0000032290534115,1.1512460837330164e-05,True
shallow_short,rep_0085,r,completed,0.014,0.013937859982857537,0.0010633322313379026,True
shallow_short,rep_0085,b,completed,0.45,0.40456546147550104,0.24390747406315233,True
shallow_short,rep_0085,a,completed,3.3,3.0730761186502273,0.48129324785334016,True
shallow_short,rep_0085,t0,completed,0.001,-1.2911444486732836e-05,0.003603813528140561,True
shallow_short,rep_0085,q1,completed,0.25,0.4538018622665419,0.28382076750769386,True
shallow_short,rep_0085,q2,completed,0.3,0.4524800521533767,0.2821795052596158,True
shallow_short,rep_0085,extra_sigma,completed,0.0001,0.00011145841793186989,1.0611337342481706e-05,True
shallow_short,rep_0085,depth,completed,0.00019600000000000002,0.000195394333667085,3.0010425559581544e-05,True
shallow_short,rep_0085,full_duration,completed,0.08965609160871604,0.09557551649152655,0.009534789852733656,True
shallow_short,rep_0086,baseline,completed,1,0.9999955262604638,1.0746346067566536e-05,True
shallow_short,rep_0086,r,completed,0.014,0.014347970118451066,0.0010110652602091763,True
shallow_short,rep_0086,b,completed,0.45,0.3920862367613961,0.24197789358206434,True
shallow_short,rep_0086,a,completed,3.3,3.230206225201879,0.480696864306826,True
shallow_short,rep_0086,t0,completed,0.001,0.002957086524567259,0.0027362863468825605,True
shallow_short,rep_0086,q1,completed,0.25,0.4438777508610623,0.28525218420612464,True
shallow_short,rep_0086,q2,completed,0.3,0.4008111657302918,0.2784819481593881,True
shallow_short,rep_0086,extra_sigma,completed,0.0001,0.00010974284833278654,1.067897796919089e-05,True
shallow_short,rep_0086,depth,completed,0.00019600000000000002,0.0002068862439171264,2.9228628492829044e-05,True
shallow_short,rep_0086,full_duration,completed,0.08965609160871604,0.09121635733141599,0.008154826851778619,True
shallow_short,rep_0087,baseline,completed,1,1.0000012114454706,1.0480086366458994e-05,True
shallow_short,rep_0087,r,completed,0.014,0.013591360217146199,0.001214146693750284,True
shallow_short,rep_0087,b,completed,0.45,0.4251690322078477,0.24955851596818568,True
shallow_short,rep_0087,a,completed,3.3,3.215294225532159,0.534397065871669,True
shallow_short,rep_0087,t0,completed,0.001,-0.00030705792995260696,0.002647530586358719,True
shallow_short,rep_0087,q1,completed,0.25,0.5387614818553856,0.27954707621815916,True
shallow_short,rep_0087,q2,completed,0.3,0.5249139417547112,0.28370805730967785,True
shallow_short,rep_0087,extra_sigma,completed,0.0001,8.820300352812019e-05,1.1956682282030238e-05,True
shallow_short,rep_0087,depth,completed,0.00019600000000000002,0.00018619885620812065,3.3883552826903925e-05,True
shallow_short,rep_0087,full_duration,completed,0.08965609160871604,0.08992906022164508,0.00912656754110763,True
shallow_short,rep_0088,baseline,completed,1,1.0000035226552668,1.0372979966059692e-05,True
shallow_short,rep_0088,r,completed,0.014,0.013119192625130826,0.0010517831600767738,True
shallow_short,rep_0088,b,completed,0.45,0.40154775351178446,0.24094740381053906,True
shallow_short,rep_0088,a,completed,3.3,3.1917213397386215,0.4916851594072819,True
shallow_short,rep_0088,t0,completed,0.001,0.0020661222687617356,0.0027888343992386005,True
shallow_short,rep_0088,q1,completed,0.25,0.48444727348635436,0.28648763118254333,True
shallow_short,rep_0088,q2,completed,0.3,0.4607659215679229,0.2872223486653843,True
shallow_short,rep_0088,extra_sigma,completed,0.0001,9.855672288545027e-05,1.1185377761328976e-05,True
shallow_short,rep_0088,depth,completed,0.00019600000000000002,0.00017321918638915417,2.7960299474932872e-05,True
shallow_short,rep_0088,full_duration,completed,0.08965609160871604,0.09189344006374967,0.008778690900955772,True
shallow_short,rep_0089,baseline,completed,1,0.9999932544641347,1.0496369706631075e-05,True
shallow_short,rep_0089,r,completed,0.014,0.014251079558894876,0.0010626577160099044,True
shallow_short,rep_0089,b,completed,0.45,0.430674708208442,0.2584545400281624,True
shallow_short,rep_0089,a,completed,3.3,3.2735835872301733,0.5258885588987282,True
shallow_short,rep_0089,t0,completed,0.001,0.0069719080211476355,0.0017687402591580464,True
shallow_short,rep_0089,q1,completed,0.25,0.36761857923817765,0.2720940520346875,True
shallow_short,rep_0089,q2,completed,0.3,0.4399968794480656,0.2831667868038861,True
shallow_short,rep_0089,extra_sigma,completed,0.0001,0.00010174878083345173,1.0964595880455725e-05,True
shallow_short,rep_0089,depth,completed,0.00019600000000000002,0.00020422222770499144,3.1085506083314766e-05,True
shallow_short,rep_0089,full_duration,completed,0.08965609160871604,0.08714700035258417,0.004358390288941724,True
shallow_short,rep_0090,baseline,completed,1,0.9999911801130664,1.0705265554531035e-05,True
shallow_short,rep_0090,r,completed,0.014,0.013886091007854314,0.0009207329538212816,True
shallow_short,rep_0090,b,completed,0.45,0.4139278805782096,0.24256830445446104,True
shallow_short,rep_0090,a,completed,3.3,3.2166595763089907,0.4574239083681062,True
shallow_short,rep_0090,t0,completed,0.001,0.0016612604412136155,0.0015721021785002809,True
shallow_short,rep_0090,q1,completed,0.25,0.32969772062090363,0.26874399099611557,True
shallow_short,rep_0090,q2,completed,0.3,0.3964636700704867,0.27565967022536286,True
shallow_short,rep_0090,extra_sigma,completed,0.0001,0.00010167027676569857,1.094049813058193e-05,True
shallow_short,rep_0090,depth,completed,0.00019600000000000002,0.00019367106071337188,2.5840304391839615e-05,True
shallow_short,rep_0090,full_duration,completed,0.08965609160871604,0.09006123309844982,0.004080886363280621,True
shallow_short,rep_0091,baseline,completed,1,0.9999894694133613,1.0235885829750917e-05,True
shallow_short,rep_0091,r,completed,0.014,0.014340410575562767,0.0011660832910219173,True
shallow_short,rep_0091,b,completed,0.45,0.4157756182855256,0.24970782486595158,True
shallow_short,rep_0091,a,completed,3.3,3.3756940410363048,0.5245358069807046,True
shallow_short,rep_0091,t0,completed,0.001,0.0008080286615036863,0.0017998670640536067,True
shallow_short,rep_0091,q1,completed,0.25,0.520642726418905,0.27244642182303486,True
shallow_short,rep_0091,q2,completed,0.3,0.451199592471359,0.2761979245550695,True
shallow_short,rep_0091,extra_sigma,completed,0.0001,9.543615574423558e-05,1.1138429958974893e-05,True
shallow_short,rep_0091,depth,completed,0.00019600000000000002,0.00020700678577975258,3.477551328870192e-05,True
shallow_short,rep_0091,full_duration,completed,0.08965609160871604,0.0854393517098988,0.004821605606188644,True
shallow_short,rep_0092,baseline,completed,1,1.0000116106886752,1.1109578708743383e-05,True
shallow_short,rep_0092,r,completed,0.014,0.01431146585493719,0.001100909121963653,True
shallow_short,rep_0092,b,completed,0.45,0.40293144403672965,0.2386539345061865,True
shallow_short,rep_0092,a,completed,3.3,3.143926587217706,0.4352145895447257,True
shallow_short,rep_0092,t0,completed,0.001,0.00010043979032975455,0.002132263621847848,True
shallow_short,rep_0092,q1,completed,0.25,0.5380750982035072,0.27193426942005705,True
shallow_short,rep_0092,q2,completed,0.3,0.4818791569820425,0.27546171755373794,True
shallow_short,rep_0092,extra_sigma,completed,0.0001,0.00011713715326998023,1.0334461892151113e-05,True
shallow_short,rep_0092,depth,completed,0.00019600000000000002,0.0002060297528116321,3.222264391117572e-05,True
shallow_short,rep_0092,full_duration,completed,0.08965609160871604,0.09318282065019125,0.005734687335097631,True
shallow_short,rep_0093,baseline,completed,1,1.000005281778121,1.029437166005154e-05,True
shallow_short,rep_0093,r,completed,0.014,0.014173480964787008,0.0009554724400529652,True
shallow_short,rep_0093,b,completed,0.45,0.4060437024965987,0.2437351155440325,True
shallow_short,rep_0093,a,completed,3.3,3.1364692814681665,0.4631809041331054,True
shallow_short,rep_0093,t0,completed,0.001,0.0013888590008263187,0.0023969101502758815,True
shallow_short,rep_0093,q1,completed,0.25,0.424397263274906,0.2850739361722886,True
shallow_short,rep_0093,q2,completed,0.3,0.4171387456531693,0.27711442208323395,True
shallow_short,rep_0093,extra_sigma,completed,0.0001,8.963291812178056e-05,1.1885992929809246e-05,True
shallow_short,rep_0093,depth,completed,0.00019600000000000002,0.0002018002620109845,2.7412767363498303e-05,True
shallow_short,rep_0093,full_duration,completed,0.08965609160871604,0.0931382756414586,0.006760847443724281,True
shallow_short,rep_0094,baseline,completed,1,1.0000010179818146,1.0293254932853547e-05,True
shallow_short,rep_0094,r,completed,0.014,0.01493808366363851,0.001353287920789704,True
shallow_short,rep_0094,b,completed,0.45,0.4323956278505916,0.24878247092287006,True
shallow_short,rep_0094,a,completed,3.3,3.143530259801134,0.4860733024807442,True
shallow_short,rep_0094,t0,completed,0.001,-6.067390380054859e-05,0.0021043505438752825,True
shallow_short,rep_0094,q1,completed,0.25,0.5800795817705591,0.2619510908712321,True
shallow_short,rep_0094,q2,completed,0.3,0.5710453452542308,0.2771686701700933,True
shallow_short,rep_0094,extra_sigma,completed,0.0001,9.381095654394988e-05,1.1453254933345915e-05,True
shallow_short,rep_0094,depth,completed,0.00019600000000000002,0.0002249772738913699,4.232565654595915e-05,True
shallow_short,rep_0094,full_duration,completed,0.08965609160871604,0.09152320180540173,0.006024773501585024,True
shallow_short,rep_0095,baseline,completed,1,1.0000045004774956,1.0242579001692978e-05,True
shallow_short,rep_0095,r,completed,0.014,0.012815028960854263,0.0010351129629104028,True
shallow_short,rep_0095,b,completed,0.45,0.41200445157062304,0.2428508218007597,True
shallow_short,rep_0095,a,completed,3.3,3.053933705776505,0.4453600345483398,True
shallow_short,rep_0095,t0,completed,0.001,0.003290603853287858,0.00298300752593304,True
shallow_short,rep_0095,q1,completed,0.25,0.4787007201784777,0.2777102496280354,True
shallow_short,rep_0095,q2,completed,0.3,0.4766889564857895,0.2790020357992215,True
shallow_short,rep_0095,extra_sigma,completed,0.0001,9.060185022203874e-05,1.1603044223859049e-05,True
shallow_short,rep_0095,depth,completed,0.00019600000000000002,0.0001652961582488072,2.7063387546307564e-05,True
shallow_short,rep_0095,full_duration,completed,0.08965609160871604,0.09542233858540997,0.007285796392756934,True
shallow_short,rep_0096,baseline,completed,1,1.0000036044927576,1.0479341039395423e-05,True
shallow_short,rep_0096,r,completed,0.014,0.012575769494090366,0.0009915942566093088,True
shallow_short,rep_0096,b,completed,0.45,0.4116060218569299,0.2526409071865517,True
shallow_short,rep_0096,a,completed,3.3,3.284087091223818,0.536683065929056,True
shallow_short,rep_0096,t0,completed,0.001,-0.0011772362704568753,0.0027976604474523664,True
shallow_short,rep_0096,q1,completed,0.25,0.38942878683849813,0.28182258309725244,True
shallow_short,rep_0096,q2,completed,0.3,0.3941828080605162,0.2719456836408737,True
shallow_short,rep_0096,extra_sigma,completed,0.0001,9.17824609687376e-05,1.1024095825668221e-05,True
shallow_short,rep_0096,depth,completed,0.00019600000000000002,0.00015913299172344204,2.5211881489602658e-05,True
shallow_short,rep_0096,full_duration,completed,0.08965609160871604,0.08806596367535414,0.007237102595390391,True
shallow_short,rep_0097,baseline,completed,1,0.9999892840090746,1.0853950021306168e-05,True
shallow_short,rep_0097,r,completed,0.014,0.01253815695456255,0.001058339556088908,True
shallow_short,rep_0097,b,completed,0.45,0.3850709035013981,0.23394933896772352,True
shallow_short,rep_0097,a,completed,3.3,2.985436851723335,0.45154847266208975,True
shallow_short,rep_0097,t0,completed,0.001,-0.0008897442917321633,0.0034604860433410834,True
shallow_short,rep_0097,q1,completed,0.25,0.5211468370651225,0.28424886598253996,True
shallow_short,rep_0097,q2,completed,0.3,0.49180337077084024,0.2924149854111405,True
shallow_short,rep_0097,extra_sigma,completed,0.0001,9.515525216380102e-05,1.1232385260872941e-05,True
shallow_short,rep_0097,depth,completed,0.00019600000000000002,0.00015832518241257375,2.704604781488044e-05,True
shallow_short,rep_0097,full_duration,completed,0.08965609160871604,0.09984544451982151,0.010980694259983414,True
shallow_short,rep_0098,baseline,completed,1,0.9999926179757427,9.881397504311555e-06,True
shallow_short,rep_0098,r,completed,0.014,0.013900376644668217,0.0011069687344693838,True
shallow_short,rep_0098,b,completed,0.45,0.417147871027942,0.24871715966921573,True
shallow_short,rep_0098,a,completed,3.3,3.385761040400924,0.5315367969559374,True
shallow_short,rep_0098,t0,completed,0.001,0.00144938702910946,0.00199220676180435,True
shallow_short,rep_0098,q1,completed,0.25,0.47638403056737816,0.2767134347643449,True
shallow_short,rep_0098,q2,completed,0.3,0.4346637768626803,0.2790172420002106,True
shallow_short,rep_0098,extra_sigma,completed,0.0001,9.239351564585366e-05,1.1148247752187239e-05,True
shallow_short,rep_0098,depth,completed,0.00019600000000000002,0.0001944455442977856,3.188719085807295e-05,True
shallow_short,rep_0098,full_duration,completed,0.08965609160871604,0.08512874403620205,0.005636087355144811,True
shallow_short,rep_0099,baseline,completed,1,1.0000008064689456,1.1579173578511113e-05,True
shallow_short,rep_0099,r,completed,0.014,0.013257101501269429,0.0011325442463468436,True
shallow_short,rep_0099,b,completed,0.45,0.41175128945206757,0.24606385383955934,True
shallow_short,rep_0099,a,completed,3.3,3.1927214737680107,0.509323121705279,True
shallow_short,rep_0099,t0,completed,0.001,0.0029167609269766213,0.003091478230526416,True
shallow_short,rep_0099,q1,completed,0.25,0.4508657555899946,0.2829755960065494,True
shallow_short,rep_0099,q2,completed,0.3,0.47268904842426523,0.2836489558116462,True
shallow_short,rep_0099,extra_sigma,completed,0.0001,0.00012739652918400884,1.0201491174679088e-05,True
shallow_short,rep_0099,depth,completed,0.00019600000000000002,0.000177033076020776,3.0674832536816204e-05,True
shallow_short,rep_0099,full_duration,completed,0.08965609160871604,0.0912485593285954,0.008508567117253956,True
near_limit_long,rep_0000,baseline,completed,1,1.0001132297838098,6.447007696202326e-05,True
near_limit_long,rep_0000,r,completed,0.01,0.023880927528683652,0.013924283741422088,True
near_limit_long,rep_0000,b,completed,0.9,0.5655510798331429,0.3043133507297809,True
near_limit_long,rep_0000,a,completed,3.3,30.63853536448678,12.327666968489439,True
near_limit_long,rep_0000,t0,completed,0.001,-0.0033933282572936054,0.02112684921546198,True
near_limit_long,rep_0000,q1,completed,0.25,0.5054633955248555,0.2870710677340879,True
near_limit_long,rep_0000,q2,completed,0.3,0.5048556569116949,0.2877166359340769,True
near_limit_long,rep_0000,extra_sigma,completed,0.0003,0.0002774808243890588,0.00010535138720510639,True
near_limit_long,rep_0000,depth,completed,0.0001,0.0007641359059224444,0.0010573742976995554,True
near_limit_long,rep_0000,full_duration,completed,0.046116170582247824,0.010542862790938788,0.010153062823144605,True
near_limit_long,rep_0001,baseline,completed,1,1.000110362203988,6.355697875648317e-05,True
near_limit_long,rep_0001,r,completed,0.01,0.02283993396661153,0.013989785266483078,True
near_limit_long,rep_0001,b,completed,0.9,0.5676980660461818,0.30375548446964806,True
near_limit_long,rep_0001,a,completed,3.3,29.859030085224777,13.054739051144535,True
near_limit_long,rep_0001,t0,completed,0.001,-0.0029047429359456006,0.026198503299130704,True
near_limit_long,rep_0001,q1,completed,0.25,0.5075973504063234,0.29193629971062046,True
near_limit_long,rep_0001,q2,completed,0.3,0.5133769168383515,0.29264430736619207,True
near_limit_long,rep_0001,extra_sigma,completed,0.0003,0.00030990107197664395,0.0001027205500587666,True
near_limit_long,rep_0001,depth,completed,0.0001,0.0007173277468785314,0.0010550760533898848,True
near_limit_long,rep_0001,full_duration,completed,0.046116170582247824,0.011935630996849127,0.014189260798101214,True
near_limit_long,rep_0002,baseline,completed,1,0.9999474182949278,6.11935287125391e-05,True
near_limit_long,rep_0002,r,completed,0.01,0.024581194726869076,0.013823703216145735,True
near_limit_long,rep_0002,b,completed,0.9,0.5426665158832484,0.2907312132999797,True
near_limit_long,rep_0002,a,completed,3.3,27.835021240970818,13.517419441783316,True
near_limit_long,rep_0002,t0,completed,0.001,-0.0004948551320348279,0.01977265158823851,True
near_limit_long,rep_0002,q1,completed,0.25,0.5062691247289375,0.2883113533592622,True
near_limit_long,rep_0002,q2,completed,0.3,0.5058630304225908,0.28653889463117366,True
near_limit_long,rep_0002,extra_sigma,completed,0.0003,0.00022313945618270036,0.00011347342619254889,True
near_limit_long,rep_0002,depth,completed,0.0001,0.0007952821311156819,0.0010771124799860646,True
near_limit_long,rep_0002,full_duration,completed,0.046116170582247824,0.014612859721209851,0.016839546354804433,True
near_limit_long,rep_0003,baseline,completed,1,0.9999803479891319,6.0964431044641327e-05,True
near_limit_long,rep_0003,r,completed,0.01,0.020488926428936075,0.013066801034173013,True
near_limit_long,rep_0003,b,completed,0.9,0.5843164692258537,0.2931259557940269,True
near_limit_long,rep_0003,a,completed,3.3,30.513941562817237,12.686108483905091,True
near_limit_long,rep_0003,t0,completed,0.001,0.007079265420394389,0.027577088567060017,True
near_limit_long,rep_0003,q1,completed,0.25,0.5102735723068923,0.28223220348865496,True
near_limit_long,rep_0003,q2,completed,0.3,0.5007258658636651,0.29117970678576705,True
near_limit_long,rep_0003,extra_sigma,completed,0.0003,0.0002558021836189104,0.00011294285646993208,True
near_limit_long,rep_0003,depth,completed,0.0001,0.0005904947101547034,0.0008686036752009553,True
near_limit_long,rep_0003,full_duration,completed,0.046116170582247824,0.010924236127859536,0.011166658657497264,True
near_limit_long,rep_0004,baseline,completed,1,1.0000767251465912,6.90738063932626e-05,True
near_limit_long,rep_0004,r,completed,0.01,0.02359237293397602,0.014225238928046233,True
near_limit_long,rep_0004,b,completed,0.9,0.5571367392597476,0.29576449781611985,True
near_limit_long,rep_0004,a,completed,3.3,29.53444313929555,13.22239124836662,True
near_limit_long,rep_0004,t0,completed,0.001,0.004243673384579761,0.021867909129673953,True
near_limit_long,rep_0004,q1,completed,0.25,0.4977376558003086,0.2893396492344324,True
near_limit_long,rep_0004,q2,completed,0.3,0.5032401561453758,0.28789745621927204,True
near_limit_long,rep_0004,extra_sigma,completed,0.0003,0.00041089101908422675,8.9841848473049e-05,True
near_limit_long,rep_0004,depth,completed,0.0001,0.0007589068938601662,0.001073903647323898,True
near_limit_long,rep_0004,full_duration,completed,0.046116170582247824,0.012834036381515755,0.015111442753677986,True
near_limit_long,rep_0005,baseline,completed,1,0.9999760482085671,6.074561910237311e-05,True
near_limit_long,rep_0005,r,completed,0.01,0.024196972637069793,0.013862014622903774,True
near_limit_long,rep_0005,b,completed,0.9,0.5216689822756027,0.300535853114705,True
near_limit_long,rep_0005,a,completed,3.3,26.65242619359232,13.944800832207605,True
near_limit_long,rep_0005,t0,completed,0.001,0.0038238449701167793,0.018822024353721184,True
near_limit_long,rep_0005,q1,completed,0.25,0.4828921068071168,0.28978676424901795,True
near_limit_long,rep_0005,q2,completed,0.3,0.4992166939055873,0.29071184912165327,True
near_limit_long,rep_0005,extra_sigma,completed,0.0003,0.00016397528743726153,9.853564672240006e-05,True
near_limit_long,rep_0005,depth,completed,0.0001,0.0007776008953423511,0.0011016210683844764,True
near_limit_long,rep_0005,full_duration,completed,0.046116170582247824,0.016939872324880093,0.020489946362562215,True
near_limit_long,rep_0006,baseline,completed,1,1.0000697915839225,6.240573678982111e-05,True
near_limit_long,rep_0006,r,completed,0.01,0.02920218921610578,0.015951629234805698,True
near_limit_long,rep_0006,b,completed,0.9,0.5332566199140042,0.2949077942830163,True
near_limit_long,rep_0006,a,completed,3.3,29.6606043228806,12.741111220711876,True
near_limit_long,rep_0006,t0,completed,0.001,0.009743466221159092,0.018233695036291877,True
near_limit_long,rep_0006,q1,completed,0.25,0.492988010878144,0.28285298276154247,True
near_limit_long,rep_0006,q2,completed,0.3,0.5015441826674804,0.29511948823623657,True
near_limit_long,rep_0006,extra_sigma,completed,0.0003,0.0002484072102373719,0.00011348093343101373,True
near_limit_long,rep_0006,depth,completed,0.0001,0.001107158716639141,0.0013925529571570852,True
near_limit_long,rep_0006,full_duration,completed,0.046116170582247824,0.012105699983540748,0.01207248224653831,True
near_limit_long,rep_0007,baseline,rejected,1,0.999941502362751,6.17226442094525e-05,False
near_limit_long,rep_0007,r,rejected,0.01,0.0249270226566968,0.013977679514206616,False
near_limit_long,rep_0007,b,rejected,0.9,0.5347192731594151,0.2919390309847233,False
near_limit_long,rep_0007,a,rejected,3.3,26.761989594200035,14.499263472560385,False
near_limit_long,rep_0007,t0,rejected,0.001,0.004406162851811915,0.020265991330159265,False
near_limit_long,rep_0007,q1,rejected,0.25,0.4935379860201151,0.29188865467324926,False
near_limit_long,rep_0007,q2,rejected,0.3,0.49963469589820725,0.289253976104285,False
near_limit_long,rep_0007,extra_sigma,rejected,0.0003,0.00012240849172458072,8.34644123611383e-05,False
near_limit_long,rep_0007,depth,rejected,0.0001,0.0008166831392481965,0.0010979414445378786,False
near_limit_long,rep_0007,full_duration,rejected,0.046116170582247824,0.01892833803056971,0.024930924218084606,False
near_limit_long,rep_0008,baseline,completed,1,0.9999568931677966,6.511350925983473e-05,True
near_limit_long,rep_0008,r,completed,0.01,0.022454668302781578,0.01402491005148373,True
near_limit_long,rep_0008,b,completed,0.9,0.5692929432625524,0.29469457907786334,True
near_limit_long,rep_0008,a,completed,3.3,30.70937941055117,12.279998265944597,True
near_limit_long,rep_0008,t0,completed,0.001,0.005598015196648777,0.02494747220916827,True
near_limit_long,rep_0008,q1,completed,0.25,0.4952550177308806,0.2873048279189918,True
near_limit_long,rep_0008,q2,completed,0.3,0.5007580503836908,0.29229458757029647,True
near_limit_long,rep_0008,extra_sigma,completed,0.0003,0.00034964143073805583,9.387685777875618e-05,True
near_limit_long,rep_0008,depth,completed,0.0001,0.000700861056014665,0.0010834144394408001,True
near_limit_long,rep_0008,full_duration,completed,0.046116170582247824,0.010569844746745131,0.010289593258083441,True
near_limit_long,rep_0009,baseline,completed,1,1.0000516944428333,6.45473918253524e-05,True
near_limit_long,rep_0009,r,completed,0.01,0.02257360231025794,0.013602590694994454,True
near_limit_long,rep_0009,b,completed,0.9,0.5541976059938226,0.29675612077787195,True
near_limit_long,rep_0009,a,completed,3.3,29.93945000707103,12.782903055567902,True
near_limit_long,rep_0009,t0,completed,0.001,0.006818752922035464,0.022689752513682663,True
near_limit_long,rep_0009,q1,completed,0.25,0.5004856413739491,0.28682925878053356,True
near_limit_long,rep_0009,q2,completed,0.3,0.5063108583646848,0.2854130620364991,True
near_limit_long,rep_0009,extra_sigma,completed,0.0003,0.00032416513127364046,0.0001097727870857847,True
near_limit_long,rep_0009,depth,completed,0.0001,0.0006945517372588285,0.0010134911642431521,True
near_limit_long,rep_0009,full_duration,completed,0.046116170582247824,0.011691403512784923,0.011836307956120137,True
near_limit_long,rep_0010,baseline,completed,1,0.9998358682136231,5.82681123600372e-05,True
near_limit_long,rep_0010,r,completed,0.01,0.024634400761316642,0.01497385691359148,True
near_limit_long,rep_0010,b,completed,0.9,0.5637429443795172,0.29516522872825474,True
near_limit_long,rep_0010,a,completed,3.3,30.1862091981902,12.91223107094585,True
near_limit_long,rep_0010,t0,completed,0.001,0.0014649659629643681,0.019278003524535986,True
near_limit_long,rep_0010,q1,completed,0.25,0.5053970910059962,0.29231737030172417,True
near_limit_long,rep_0010,q2,completed,0.3,0.5015120663908385,0.2934448103203172,True
near_limit_long,rep_0010,extra_sigma,completed,0.0003,0.00015609885631123966,9.637884119960424e-05,True
near_limit_long,rep_0010,depth,completed,0.0001,0.0008310140376401522,0.0011927945855056568,True
near_limit_long,rep_0010,full_duration,completed,0.046116170582247824,0.011336250528302443,0.010890246785019196,True
near_limit_long,rep_0011,baseline,completed,1,1.0001205606486665,5.9721477700996496e-05,True
near_limit_long,rep_0011,r,completed,0.01,0.021650914384710226,0.013170133611089683,True
near_limit_long,rep_0011,b,completed,0.9,0.5603206918833343,0.29219670524862434,True
near_limit_long,rep_0011,a,completed,3.3,29.5586135670847,13.13141136602291,True
near_limit_long,rep_0011,t0,completed,0.001,-0.005803028576617478,0.023741864111439165,True
near_limit_long,rep_0011,q1,completed,0.25,0.5001771732429315,0.2941139438071078,True
near_limit_long,rep_0011,q2,completed,0.3,0.4975300040635186,0.2892747252383714,True
near_limit_long,rep_0011,extra_sigma,completed,0.0003,0.00021971709677889306,0.00010885551817853312,True
near_limit_long,rep_0011,depth,completed,0.0001,0.0006421711499231728,0.0009630547311144957,True
near_limit_long,rep_0011,full_duration,completed,0.046116170582247824,0.01252458407487482,0.014339309737430549,True
near_limit_long,rep_0012,baseline,completed,1,1.000022958815489,6.325602755311187e-05,True
near_limit_long,rep_0012,r,completed,0.01,0.01948220026795939,0.01225489593750423,True
near_limit_long,rep_0012,b,completed,0.9,0.5763313152866519,0.29350371309649664,True
near_limit_long,rep_0012,a,completed,3.3,30.347036331872463,12.656047163580944,True
near_limit_long,rep_0012,t0,completed,0.001,0.0003478085138215113,0.030097386598404392,True
near_limit_long,rep_0012,q1,completed,0.25,0.5128270025243248,0.2856330563253215,True
near_limit_long,rep_0012,q2,completed,0.3,0.5018125593388797,0.290857932539078,True
near_limit_long,rep_0012,extra_sigma,completed,0.0003,0.00032282001212278593,9.82730458231407e-05,True
near_limit_long,rep_0012,depth,completed,0.0001,0.0005297010561013247,0.0007983702134958363,True
near_limit_long,rep_0012,full_duration,completed,0.046116170582247824,0.011089535922560963,0.012097723091799307,True
near_limit_long,rep_0013,baseline,completed,1,1.0001236967503262,6.766377159260198e-05,True
near_limit_long,rep_0013,r,completed,0.01,0.020617386346912354,0.012742113393359433,True
near_limit_long,rep_0013,b,completed,0.9,0.576315072242156,0.3000478063078191,True
near_limit_long,rep_0013,a,completed,3.3,30.154914822895716,12.688457167784248,True
near_limit_long,rep_0013,t0,completed,0.001,0.0028340743247974682,0.02739776540870264,True
near_limit_long,rep_0013,q1,completed,0.25,0.49911796363066235,0.29037182456997496,True
near_limit_long,rep_0013,q2,completed,0.3,0.5039487914078865,0.2887819596750132,True
near_limit_long,rep_0013,extra_sigma,completed,0.0003,0.00037847997611805496,9.787922287654109e-05,True
near_limit_long,rep_0013,depth,completed,0.0001,0.0005873974831436455,0.0008405206248644759,True
near_limit_long,rep_0013,full_duration,completed,0.046116170582247824,0.01135017510054085,0.012557850076387142,True
near_limit_long,rep_0014,baseline,rejected,1,0.9999606381924333,6.548185116710215e-05,False
near_limit_long,rep_0014,r,rejected,0.01,0.02353733666668572,0.013626735154212904,False
near_limit_long,rep_0014,b,rejected,0.9,0.5513080186312589,0.2995322103248092,False
near_limit_long,rep_0014,a,rejected,3.3,28.70365566588151,13.276009764310695,False
near_limit_long,rep_0014,t0,rejected,0.001,-0.006225540562089849,0.024481035768691376,False
near_limit_long,rep_0014,q1,rejected,0.25,0.5011339070316717,0.29315084106630146,False
near_limit_long,rep_0014,q2,rejected,0.3,0.5066186617294981,0.29754409732363435,False
near_limit_long,rep_0014,extra_sigma,rejected,0.0003,0.00030591847234936955,0.00010935357776050478,False
near_limit_long,rep_0014,depth,rejected,0.0001,0.000739647706346229,0.0010100014378325816,False
near_limit_long,rep_0014,full_duration,rejected,0.046116170582247824,0.01398463906507261,0.017854385513978752,False
near_limit_long,rep_0015,baseline,completed,1,0.9999984953440174,6.59966851454445e-05,True
near_limit_long,rep_0015,r,completed,0.01,0.020419285492101417,0.012838863585738165,True
near_limit_long,rep_0015,b,completed,0.9,0.5721349917526388,0.30382691701606623,True
near_limit_long,rep_0015,a,completed,3.3,30.76623783235561,12.580495216098283,True
near_limit_long,rep_0015,t0,completed,0.001,-0.002777281237927769,0.02843608141091447,True
near_limit_long,rep_0015,q1,completed,0.25,0.5018876515873049,0.2914225142756283,True
near_limit_long,rep_0015,q2,completed,0.3,0.49744847943618903,0.2899460826858993,True
near_limit_long,rep_0015,extra_sigma,completed,0.0003,0.00036192191978903586,9.373054644909202e-05,True
near_limit_long,rep_0015,depth,completed,0.0001,0.0005817424290765936,0.0008764408638162646,True
near_limit_long,rep_0015,full_duration,completed,0.046116170582247824,0.01078850053295784,0.011267348126256193,True
near_limit_long,rep_0016,baseline,completed,1,0.9999782274850981,6.625745101158067e-05,True
near_limit_long,rep_0016,r,completed,0.01,0.02269839478271178,0.014345714830435622,True
near_limit_long,rep_0016,b,completed,0.9,0.5761824178033456,0.29320750009510554,True
near_limit_long,rep_0016,a,completed,3.3,30.09357924177221,12.654859257967232,True
near_limit_long,rep_0016,t0,completed,0.001,0.004943009275058639,0.020646550112057852,True
near_limit_long,rep_0016,q1,completed,0.25,0.5131852141273473,0.29858951454305593,True
near_limit_long,rep_0016,q2,completed,0.3,0.5090010556733991,0.28627553268367084,True
near_limit_long,rep_0016,extra_sigma,completed,0.0003,0.00033781379557487986,0.00010220258657375221,True
near_limit_long,rep_0016,depth,completed,0.0001,0.000720965209824519,0.0011263048957195982,True
near_limit_long,rep_0016,full_duration,completed,0.046116170582247824,0.011205256223329777,0.01104072382431312,True
near_limit_long,rep_0017,baseline,completed,1,0.9999828502673629,5.8284639443998206e-05,True
near_limit_long,rep_0017,r,completed,0.01,0.01970162797350638,0.011980949282319936,True
near_limit_long,rep_0017,b,completed,0.9,0.5740773427448027,0.29308556804812264,True
near_limit_long,rep_0017,a,completed,3.3,30.291562672498237,13.02880635209752,True
near_limit_long,rep_0017,t0,completed,0.001,0.002147709291656618,0.028277102322975704,True
near_limit_long,rep_0017,q1,completed,0.25,0.509859141160379,0.28994062987582747,True
near_limit_long,rep_0017,q2,completed,0.3,0.5026813562997895,0.28295248760005004,True
near_limit_long,rep_0017,extra_sigma,completed,0.0003,0.00012787691813484633,8.652655992915726e-05,True
near_limit_long,rep_0017,depth,completed,0.0001,0.0005316614047255454,0.0007560206126999439,True
near_limit_long,rep_0017,full_duration,completed,0.046116170582247824,0.011448920227578364,0.012418562802071273,True
near_limit_long,rep_0018,baseline,completed,1,1.000023168414857,6.104027941116362e-05,True
near_limit_long,rep_0018,r,completed,0.01,0.02269506712223122,0.013431125367357724,True
near_limit_long,rep_0018,b,completed,0.9,0.5594336186588603,0.29596847385413116,True
near_limit_long,rep_0018,a,completed,3.3,29.957040755548324,12.92436271092415,True
near_limit_long,rep_0018,t0,completed,0.001,-0.006111544006987885,0.02919389867983135,True
near_limit_long,rep_0018,q1,completed,0.25,0.5023383882544288,0.29393801463623,True
near_limit_long,rep_0018,q2,completed,0.3,0.4936245118708906,0.29128875167274026,True
near_limit_long,rep_0018,extra_sigma,completed,0.0003,0.000291460783035559,0.000109040476966296,True
near_limit_long,rep_0018,depth,completed,0.0001,0.0006954161015341022,0.000948978559474923,True
near_limit_long,rep_0018,full_duration,completed,0.046116170582247824,0.012122540660246543,0.014344520318154419,True
near_limit_long,rep_0019,baseline,completed,1,1.0001122045375532,5.930877214095904e-05,True
near_limit_long,rep_0019,r,completed,0.01,0.02361087457066978,0.013938627669006007,True
near_limit_long,rep_0019,b,completed,0.9,0.5553188064683211,0.29219732974009277,True
near_limit_long,rep_0019,a,completed,3.3,28.110611458539452,13.767891680724453,True
near_limit_long,rep_0019,t0,completed,0.001,-0.0038424506327277798,0.02359184027410252,True
near_limit_long,rep_0019,q1,completed,0.25,0.49716107062231896,0.2806393939051251,True
near_limit_long,rep_0019,q2,completed,0.3,0.493826648557214,0.28609529341641005,True
near_limit_long,rep_0019,extra_sigma,completed,0.0003,0.00014748368358488145,9.202943368458192e-05,True
near_limit_long,rep_0019,depth,completed,0.0001,0.0007517101679517568,0.0010664033287566183,True
near_limit_long,rep_0019,full_duration,completed,0.046116170582247824,0.015570717823213079,0.021466966885155533,True
near_limit_long,rep_0020,baseline,completed,1,0.9999941655621576,5.86389972304265e-05,True
near_limit_long,rep_0020,r,completed,0.01,0.021912258122407963,0.013191777684966184,True
near_limit_long,rep_0020,b,completed,0.9,0.5653505013658239,0.29380750284649476,True
near_limit_long,rep_0020,a,completed,3.3,29.235890253502447,13.31389306011246,True
near_limit_long,rep_0020,t0,completed,0.001,0.0026370806059673796,0.02485628072545183,True
near_limit_long,rep_0020,q1,completed,0.25,0.49850314944579166,0.29044787298267094,True
near_limit_long,rep_0020,q2,completed,0.3,0.5017214647879834,0.295811417595829,True
near_limit_long,rep_0020,extra_sigma,completed,0.0003,0.0001761171468128852,0.00010150395228273538,True
near_limit_long,rep_0020,depth,completed,0.0001,0.0006541265487629831,0.0009423822046885691,True
near_limit_long,rep_0020,full_duration,completed,0.046116170582247824,0.012761511903626463,0.014785304248663908,True
near_limit_long,rep_0021,baseline,completed,1,1.0000632773623428,5.9283785901106625e-05,True
near_limit_long,rep_0021,r,completed,0.01,0.021194823539795307,0.012419853367876451,True
near_limit_long,rep_0021,b,completed,0.9,0.5611746964297013,0.2947357750241207,True
near_limit_long,rep_0021,a,completed,3.3,29.777961693705787,12.75765950768438,True
near_limit_long,rep_0021,t0,completed,0.001,-0.006287234254992265,0.023780670747379502,True
near_limit_long,rep_0021,q1,completed,0.25,0.4949512496791326,0.2909529205863606,True
near_limit_long,rep_0021,q2,completed,0.3,0.5035627307082644,0.29295966023424375,True
near_limit_long,rep_0021,extra_sigma,completed,0.0003,0.00016967762300624414,9.929061690852445e-05,True
near_limit_long,rep_0021,depth,completed,0.0001,0.0006034347393731936,0.0008578659796113868,True
near_limit_long,rep_0021,full_duration,completed,0.046116170582247824,0.011811098398382064,0.012967677333008049,True
near_limit_long,rep_0022,baseline,completed,1,1.0000764430236944,6.364081354899517e-05,True
near_limit_long,rep_0022,r,completed,0.01,0.021301223984647254,0.01284362912801815,True
near_limit_long,rep_0022,b,completed,0.9,0.5758899151888934,0.29320402543141066,True
near_limit_long,rep_0022,a,completed,3.3,29.86706649444814,12.804782726820799,True
near_limit_long,rep_0022,t0,completed,0.001,-0.0007932585315450017,0.022953116458474022,True
near_limit_long,rep_0022,q1,completed,0.25,0.5100243135893054,0.29277989473272065,True
near_limit_long,rep_0022,q2,completed,0.3,0.5052302633727104,0.2886318989083171,True
near_limit_long,rep_0022,extra_sigma,completed,0.0003,0.0003097912547759391,0.00010655338855158569,True
near_limit_long,rep_0022,depth,completed,0.0001,0.0006186597127198932,0.0008825559752196171,True
near_limit_long,rep_0022,full_duration,completed,0.046116170582247824,0.01158230832976242,0.012708509939284534,True
near_limit_long,rep_0023,baseline,completed,1,1.0000266107071354,6.106012762633582e-05,True
near_limit_long,rep_0023,r,completed,0.01,0.023904969770422703,0.014498915840219463,True
near_limit_long,rep_0023,b,completed,0.9,0.5615274537965431,0.29646023048191145,True
near_limit_long,rep_0023,a,completed,3.3,30.069717573775744,12.720575163516164,True
near_limit_long,rep_0023,t0,completed,0.001,0.003805957959380704,0.020864246603016407,True
near_limit_long,rep_0023,q1,completed,0.25,0.5080004563732727,0.28540841316329885,True
near_limit_long,rep_0023,q2,completed,0.3,0.5052318513496024,0.29166163440755,True
near_limit_long,rep_0023,extra_sigma,completed,0.0003,0.00022449670714057196,0.00011038847679511683,True
near_limit_long,rep_0023,depth,completed,0.0001,0.0007816135856264546,0.001144499980822907,True
near_limit_long,rep_0023,full_duration,completed,0.046116170582247824,0.011502822858899578,0.011753249601786836,True
near_limit_long,rep_0024,baseline,completed,1,0.9999387385190075,6.512966748899609e-05,True
near_limit_long,rep_0024,r,completed,0.01,0.022444389302965734,0.013068473754550619,True
near_limit_long,rep_0024,b,completed,0.9,0.5524532821100345,0.2967088664074083,True
near_limit_long,rep_0024,a,completed,3.3,28.571365103663833,13.197606741503963,True
near_limit_long,rep_0024,t0,completed,0.001,-0.0030936580069102835,0.021748646424017023,True
near_limit_long,rep_0024,q1,completed,0.25,0.49772638516690504,0.2870711922900327,True
near_limit_long,rep_0024,q2,completed,0.3,0.5002317713553377,0.2845420151633778,True
near_limit_long,rep_0024,extra_sigma,completed,0.0003,0.00027724070201365483,0.00010740960210138244,True
near_limit_long,rep_0024,depth,completed,0.0001,0.0006744929212048928,0.0009320898543423347,True
near_limit_long,rep_0024,full_duration,completed,0.046116170582247824,0.013531319795339855,0.01619895061313529,True
near_limit_long,rep_0025,baseline,completed,1,0.9998827090804471,6.426848405930605e-05,True
near_limit_long,rep_0025,r,completed,0.01,0.020688193979902958,0.01328286381388308,True
near_limit_long,rep_0025,b,completed,0.9,0.5704754126526357,0.2894613455669869,True
near_limit_long,rep_0025,a,completed,3.3,29.772075129045813,13.123141792186898,True
near_limit_long,rep_0025,t0,completed,0.001,0.0033135907179395255,0.030390141055545987,True
near_limit_long,rep_0025,q1,completed,0.25,0.503938522931906,0.2885015851700692,True
near_limit_long,rep_0025,q2,completed,0.3,0.5078973207339442,0.28179083688219564,True
near_limit_long,rep_0025,extra_sigma,completed,0.0003,0.0002931688136153161,0.00010385356287649445,True
near_limit_long,rep_0025,depth,completed,0.0001,0.000604391732630483,0.0009643980249391537,True
near_limit_long,rep_0025,full_duration,completed,0.046116170582247824,0.012631356545374835,0.01592322196839814,True
near_limit_long,rep_0026,baseline,completed,1,0.9999464052393284,5.983805487720797e-05,True
near_limit_long,rep_0026,r,completed,0.01,0.01983251708310377,0.012480800154589286,True
near_limit_long,rep_0026,b,completed,0.9,0.5779506120831847,0.30410709300642336,True
near_limit_long,rep_0026,a,completed,3.3,30.26272462549235,12.941756408165634,True
near_limit_long,rep_0026,t0,completed,0.001,0.0049443818269655215,0.028049227258870577,True
near_limit_long,rep_0026,q1,completed,0.25,0.5122552397294111,0.2916758524965935,True
near_limit_long,rep_0026,q2,completed,0.3,0.5002257500416778,0.2914799637894211,True
near_limit_long,rep_0026,extra_sigma,completed,0.0003,0.00020562065605223494,0.00010742020218094692,True
near_limit_long,rep_0026,depth,completed,0.0001,0.0005490601637572741,0.0008621506826327788,True
near_limit_long,rep_0026,full_duration,completed,0.046116170582247824,0.011473308831484477,0.012645259161597268,True
near_limit_long,rep_0027,baseline,completed,1,0.9999112388091861,6.080927313245527e-05,True
near_limit_long,rep_0027,r,completed,0.01,0.022584212284718568,0.013598563462178628,True
near_limit_long,rep_0027,b,completed,0.9,0.5406396135098439,0.2977108932475989,True
near_limit_long,rep_0027,a,completed,3.3,27.848336288808262,14.065817036060405,True
near_limit_long,rep_0027,t0,completed,0.001,-0.0173655979382315,0.02832001392950894,True
near_limit_long,rep_0027,q1,completed,0.25,0.49676808145620854,0.28975529067598127,True
near_limit_long,rep_0027,q2,completed,0.3,0.4910072580791381,0.2893603991960183,True
near_limit_long,rep_0027,extra_sigma,completed,0.0003,0.00015482436858836265,9.482121454264302e-05,True
near_limit_long,rep_0027,depth,completed,0.0001,0.0006949213425240739,0.0010226057346341408,True
near_limit_long,rep_0027,full_duration,completed,0.046116170582247824,0.01601383179611817,0.020469190386009042,True
near_limit_long,rep_0028,baseline,completed,1,0.9999630172923902,6.371123617929708e-05,True
near_limit_long,rep_0028,r,completed,0.01,0.02588547964981789,0.015140113814311856,True
near_limit_long,rep_0028,b,completed,0.9,0.5246050573111493,0.29237219464479003,True
near_limit_long,rep_0028,a,completed,3.3,27.742032356876802,13.898077299090739,True
near_limit_long,rep_0028,t0,completed,0.001,-0.003137249074471335,0.01938953130330384,True
near_limit_long,rep_0028,q1,completed,0.25,0.4970873003674491,0.2897997426333672,True
near_limit_long,rep_0028,q2,completed,0.3,0.5094552042828439,0.2917287854225139,True
near_limit_long,rep_0028,extra_sigma,completed,0.0003,0.00024733860831073495,0.00011180105006257539,True
near_limit_long,rep_0028,depth,completed,0.0001,0.0008992237972498752,0.0013050762901803987,True
near_limit_long,rep_0028,full_duration,completed,0.046116170582247824,0.016511917939254623,0.02198195810998963,True
near_limit_long,rep_0029,baseline,rejected,1,1.0000692363386396,5.993868184110985e-05,False
near_limit_long,rep_0029,r,rejected,0.01,0.028856438491216444,0.015492126558293852,False
near_limit_long,rep_0029,b,rejected,0.9,0.5323621290944334,0.29485681208846015,False
near_limit_long,rep_0029,a,rejected,3.3,28.406178315715806,13.34490843400454,False
near_limit_long,rep_0029,t0,rejected,0.001,0.006392092211148646,0.02064760811523882,False
near_limit_long,rep_0029,q1,rejected,0.25,0.4958648570120073,0.2933119160455148,False
near_limit_long,rep_0029,q2,rejected,0.3,0.4958576779187516,0.2878018159959966,False
near_limit_long,rep_0029,extra_sigma,rejected,0.0003,0.0001551292029538715,9.706996773121973e-05,False
near_limit_long,rep_0029,depth,rejected,0.0001,0.0010726400261992267,0.0012932060127049533,False
near_limit_long,rep_0029,full_duration,rejected,0.046116170582247824,0.014401881175444544,0.018063834854697636,False
near_limit_long,rep_0030,baseline,completed,1,1.000041301878052,6.930882940981417e-05,True
near_limit_long,rep_0030,r,completed,0.01,0.027584100342336028,0.015893991782470543,True
near_limit_long,rep_0030,b,completed,0.9,0.5470612181382196,0.29566335409401395,True
near_limit_long,rep_0030,a,completed,3.3,29.814628858568533,13.05896928909002,True
near_limit_long,rep_0030,t0,completed,0.001,-0.003006151329561993,0.017842123890759717,True
near_limit_long,rep_0030,q1,completed,0.25,0.5029014053406832,0.2886215451038953,True
near_limit_long,rep_0030,q2,completed,0.3,0.50332797295311,0.28497107593349785,True
near_limit_long,rep_0030,extra_sigma,completed,0.0003,0.0004245406883288745,8.500212744134757e-05,True
near_limit_long,rep_0030,depth,completed,0.0001,0.0010134384117336083,0.001351180976551495,True
near_limit_long,rep_0030,full_duration,completed,0.046116170582247824,0.01200138365420802,0.01207764246912188,True
near_limit_long,rep_0031,baseline,completed,1,0.9999335265574559,7.101694874053703e-05,True
near_limit_long,rep_0031,r,completed,0.01,0.023051964735838815,0.014964128333158926,True
near_limit_long,rep_0031,b,completed,0.9,0.5551452747455312,0.2978586080431411,True
near_limit_long,rep_0031,a,completed,3.3,29.9146643648166,12.852712293196596,True
near_limit_long,rep_0031,t0,completed,0.001,-0.01216179908849527,0.02864042388763495,True
near_limit_long,rep_0031,q1,completed,0.25,0.5077002948889369,0.29537695363532074,True
near_limit_long,rep_0031,q2,completed,0.3,0.49517798429977417,0.29032114327263897,True
near_limit_long,rep_0031,extra_sigma,completed,0.0003,0.00042640114650076386,8.75843675431143e-05,True
near_limit_long,rep_0031,depth,completed,0.0001,0.0007552622336694133,0.001190908528549409,True
near_limit_long,rep_0031,full_duration,completed,0.046116170582247824,0.01165999063126869,0.011845004489196738,True
near_limit_long,rep_0032,baseline,completed,1,1.0000882314810102,6.495434407375813e-05,True
near_limit_long,rep_0032,r,completed,0.01,0.028013540726813353,0.01612184411655661,True
near_limit_long,rep_0032,b,completed,0.9,0.5365937357392938,0.2898352712868519,True
near_limit_long,rep_0032,a,completed,3.3,27.041629191790307,14.321867958230493,True
near_limit_long,rep_0032,t0,completed,0.001,0.006432409074024312,0.01748320747184157,True
near_limit_long,rep_0032,q1,completed,0.25,0.4977552161714963,0.285812970570778,True
near_limit_long,rep_0032,q2,completed,0.3,0.5026193114067233,0.28986255517261067,True
near_limit_long,rep_0032,extra_sigma,completed,0.0003,0.0002513119350868128,0.00010635425570310237,True
near_limit_long,rep_0032,depth,completed,0.0001,0.0010446073433069518,0.0015586695937178166,True
near_limit_long,rep_0032,full_duration,completed,0.046116170582247824,0.017567833722762202,0.022106288129680417,True
near_limit_long,rep_0033,baseline,completed,1,1.0000715152874355,6.12804705307795e-05,True
near_limit_long,rep_0033,r,completed,0.01,0.021663797535883305,0.013860983593529599,True
near_limit_long,rep_0033,b,completed,0.9,0.5733372079655953,0.2951821693078311,True
near_limit_long,rep_0033,a,completed,3.3,30.08888771048626,12.848012957628596,True
near_limit_long,rep_0033,t0,completed,0.001,-0.0009639970382198549,0.02342260710399134,True
near_limit_long,rep_0033,q1,completed,0.25,0.5079062213787979,0.28454328776361154,True
near_limit_long,rep_0033,q2,completed,0.3,0.4992355188194526,0.2924483876935671,True
near_limit_long,rep_0033,extra_sigma,completed,0.0003,0.0002566190447376564,0.00010751117263760722,True
near_limit_long,rep_0033,depth,completed,0.0001,0.0006613989581392951,0.0010894580703503212,True
near_limit_long,rep_0033,full_duration,completed,0.046116170582247824,0.011724580712599629,0.013662572303669993,True
near_limit_long,rep_0034,baseline,rejected,1,0.9999949563801277,6.266930545331145e-05,False
near_limit_long,rep_0034,r,rejected,0.01,0.024056843090131758,0.014378616016180857,False
near_limit_long,rep_0034,b,rejected,0.9,0.5424370647520496,0.2914174349620471,False
near_limit_long,rep_0034,a,rejected,3.3,29.849897377136934,13.030664731615166,False
near_limit_long,rep_0034,t0,rejected,0.001,0.008967362697645516,0.03074613747217094,False
near_limit_long,rep_0034,q1,rejected,0.25,0.5121376654907741,0.2812880073768609,False
near_limit_long,rep_0034,q2,rejected,0.3,0.509642147163771,0.28780070208163255,False
near_limit_long,rep_0034,extra_sigma,rejected,0.0003,0.00023161853160239592,0.00011150031330849198,False
near_limit_long,rep_0034,depth,rejected,0.0001,0.0007854246118543577,0.0011123778065940085,False
near_limit_long,rep_0034,full_duration,rejected,0.046116170582247824,0.012802803512320864,0.015860592459734504,False
near_limit_long,rep_0035,baseline,completed,1,0.9999604397318754,6.009294172555379e-05,True
near_limit_long,rep_0035,r,completed,0.01,0.019382619896047663,0.012287482462332515,True
near_limit_long,rep_0035,b,completed,0.9,0.5903431955481064,0.2961891482062199,True
near_limit_long,rep_0035,a,completed,3.3,30.75256205960685,12.689352432751416,True
near_limit_long,rep_0035,t0,completed,0.001,0.002328185433728728,0.024737728798499718,True
near_limit_long,rep_0035,q1,completed,0.25,0.5085025988737674,0.2874482302947116,True
near_limit_long,rep_0035,q2,completed,0.3,0.5067638348892112,0.28382984395115574,True
near_limit_long,rep_0035,extra_sigma,completed,0.0003,0.0002518855387404538,0.00011456685584730871,True
near_limit_long,rep_0035,depth,completed,0.0001,0.0005266304337404763,0.000815104203297884,True
near_limit_long,rep_0035,full_duration,completed,0.046116170582247824,0.010712163448369557,0.01121102624733035,True
near_limit_long,rep_0036,baseline,completed,1,0.9999566402823771,6.60943889139957e-05,True
near_limit_long,rep_0036,r,completed,0.01,0.022230689592235203,0.013847222444807813,True
near_limit_long,rep_0036,b,completed,0.9,0.5656790855164306,0.3000104626129623,True
near_limit_long,rep_0036,a,completed,3.3,29.71642789244309,13.122921120255874,True
near_limit_long,rep_0036,t0,completed,0.001,0.0060335270362706925,0.021681809460500835,True
near_limit_long,rep_0036,q1,completed,0.25,0.5012193404669623,0.28534169261695935,True
near_limit_long,rep_0036,q2,completed,0.3,0.5036708470888255,0.28813166859741196,True
near_limit_long,rep_0036,extra_sigma,completed,0.0003,0.00039561378388854995,9.086781704744032e-05,True
near_limit_long,rep_0036,depth,completed,0.0001,0.000685901192789945,0.0010220739412058258,True
near_limit_long,rep_0036,full_duration,completed,0.046116170582247824,0.0124446250838217,0.015258080132808141,True
near_limit_long,rep_0037,baseline,rejected,1,1.000154371386054,7.478853786909933e-05,False
near_limit_long,rep_0037,r,rejected,0.01,0.027777909808918214,0.009060244517909362,False
near_limit_long,rep_0037,b,rejected,0.9,0.42180013032898045,0.2591713301387357,False
near_limit_long,rep_0037,a,rejected,3.3,9.016366874156091,10.09427570067919,False
near_limit_long,rep_0037,t0,rejected,0.001,0.0047192448918917905,0.007664513202486414,False
near_limit_long,rep_0037,q1,rejected,0.25,0.4981259534118312,0.29045011303559887,False
near_limit_long,rep_0037,q2,rejected,0.3,0.49193632052537395,0.28874996568519,False
near_limit_long,rep_0037,extra_sigma,rejected,0.0003,0.00016778191707081836,9.991018647337461e-05,False
near_limit_long,rep_0037,depth,rejected,0.0001,0.0008536797820690203,0.0007798615422436565,False
near_limit_long,rep_0037,full_duration,rejected,0.046116170582247824,0.05444948059013076,0.028159519638707085,False
near_limit_long,rep_0038,baseline,completed,1,1.0000903325139787,6.140814988870008e-05,True
near_limit_long,rep_0038,r,completed,0.01,0.022675595963834463,0.014019615105359566,True
near_limit_long,rep_0038,b,completed,0.9,0.5656563430935728,0.2984067750566078,True
near_limit_long,rep_0038,a,completed,3.3,29.984448783907016,12.999264473526795,True
near_limit_long,rep_0038,t0,completed,0.001,0.0003163816135209763,0.027176234811903163,True
near_limit_long,rep_0038,q1,completed,0.25,0.5018013012319026,0.2917393771782252,True
near_limit_long,rep_0038,q2,completed,0.3,0.5019222313335804,0.2891118597672424,True
near_limit_long,rep_0038,extra_sigma,completed,0.0003,0.0001877741188867678,0.00010513445231427185,True
near_limit_long,rep_0038,depth,completed,0.0001,0.0007106831226155663,0.0010563241247728906,True
near_limit_long,rep_0038,full_duration,completed,0.046116170582247824,0.012050756289291857,0.014981718496474264,True
near_limit_long,rep_0039,baseline,rejected,1,0.9999615649332823,6.377987868860515e-05,False
near_limit_long,rep_0039,r,rejected,0.01,0.021923923978116825,0.013178556378822244,False
near_limit_long,rep_0039,b,rejected,0.9,0.5622078128662877,0.2958011861113399,False
near_limit_long,rep_0039,a,rejected,3.3,29.658995736461726,13.12987281177078,False
near_limit_long,rep_0039,t0,rejected,0.001,0.000980941495050716,0.02326224574337143,False
near_limit_long,rep_0039,q1,rejected,0.25,0.49739324943648433,0.291668301320729,False
near_limit_long,rep_0039,q2,rejected,0.3,0.5067193906346089,0.2885351735914237,False
near_limit_long,rep_0039,extra_sigma,rejected,0.0003,0.00029459575116103266,0.00010949528850514219,False
near_limit_long,rep_0039,depth,rejected,0.0001,0.0006542893722409848,0.0009490457308580392,False
near_limit_long,rep_0039,full_duration,rejected,0.046116170582247824,0.011916980013205443,0.011765900478013416,False
near_limit_long,rep_0040,baseline,completed,1,0.9999942505852819,5.914658984675471e-05,True
near_limit_long,rep_0040,r,completed,0.01,0.0187121106468277,0.011892293147212012,True
near_limit_long,rep_0040,b,completed,0.9,0.6042251754595133,0.2949697635796996,True
near_limit_long,rep_0040,a,completed,3.3,30.872932942647356,12.761552025154948,True
near_limit_long,rep_0040,t0,completed,0.001,-0.0019451737686808188,0.02615945188101239,True
near_limit_long,rep_0040,q1,completed,0.25,0.5081156173304122,0.29224802488674434,True
near_limit_long,rep_0040,q2,completed,0.3,0.4986466149899984,0.29257880077696813,True
near_limit_long,rep_0040,extra_sigma,completed,0.0003,0.00023074671677323475,0.00010782400712877605,True
near_limit_long,rep_0040,depth,completed,0.0001,0.0004915343644992736,0.0007842543111085725,True
near_limit_long,rep_0040,full_duration,completed,0.046116170582247824,0.010227756409313083,0.00966129580495949,True
near_limit_long,rep_0041,baseline,completed,1,1.0000137041066834,6.907530596933467e-05,True
near_limit_long,rep_0041,r,completed,0.01,0.026188503523771712,0.014694729478186957,True
near_limit_long,rep_0041,b,completed,0.9,0.5230074567644634,0.2930454456351429,True
near_limit_long,rep_0041,a,completed,3.3,27.390674842638933,13.84925649792989,True
near_limit_long,rep_0041,t0,completed,0.001,0.005593601768261992,0.01874678331234713,True
near_limit_long,rep_0041,q1,completed,0.25,0.4954525314516014,0.28495651422617296,True
near_limit_long,rep_0041,q2,completed,0.3,0.5072433741162292,0.28775302641075123,True
near_limit_long,rep_0041,extra_sigma,completed,0.0003,0.00034440293247189755,0.00010749321605000034,True
near_limit_long,rep_0041,depth,completed,0.0001,0.0009017188074830907,0.001178776142482186,True
near_limit_long,rep_0041,full_duration,completed,0.046116170582247824,0.016185897544009745,0.01937777006718684,True
near_limit_long,rep_0042,baseline,rejected,1,0.9999324600422859,6.297363576397488e-05,False
near_limit_long,rep_0042,r,rejected,0.01,0.02079409961465815,0.012964983041372972,False
near_limit_long,rep_0042,b,rejected,0.9,0.5662542818532637,0.29958941006745765,False
near_limit_long,rep_0042,a,rejected,3.3,30.568393326460953,12.928496495551009,False
near_limit_long,rep_0042,t0,rejected,0.001,0.0037334237851120084,0.026783784419737312,False
near_limit_long,rep_0042,q1,rejected,0.25,0.5004579911170048,0.2878581843588061,False
near_limit_long,rep_0042,q2,rejected,0.3,0.5039802808555772,0.2917312411089631,False
near_limit_long,rep_0042,extra_sigma,rejected,0.0003,0.00029695557534013437,0.0001094265584163841,False
near_limit_long,rep_0042,depth,rejected,0.0001,0.0006004433413510992,0.0009212751040174424,False
near_limit_long,rep_0042,full_duration,rejected,0.046116170582247824,0.01132713150336001,0.012555084980191549,False
near_limit_long,rep_0043,baseline,completed,1,0.9999816610359652,6.61949991445177e-05,True
near_limit_long,rep_0043,r,completed,0.01,0.028955120781249042,0.015603433051459913,True
near_limit_long,rep_0043,b,completed,0.9,0.5121879937884533,0.2932107234519521,True
near_limit_long,rep_0043,a,completed,3.3,24.69189135349582,14.628430091921341,True
near_limit_long,rep_0043,t0,completed,0.001,-0.024007753717374656,0.020214019487894246,True
near_limit_long,rep_0043,q1,completed,0.25,0.5030916963006822,0.2888111471574891,True
near_limit_long,rep_0043,q2,completed,0.3,0.49108086587616195,0.291057371238286,True
near_limit_long,rep_0043,extra_sigma,completed,0.0003,0.00019529619529929474,0.0001053770107277649,True
near_limit_long,rep_0043,depth,completed,0.0001,0.0010818052756673636,0.001391065885427784,True
near_limit_long,rep_0043,full_duration,completed,0.046116170582247824,0.02073163388789132,0.02375019932452301,True
near_limit_long,rep_0044,baseline,completed,1,1.0000644617723247,6.866779819558367e-05,True
near_limit_long,rep_0044,r,completed,0.01,0.028952118456608573,0.01646853089805293,True
near_limit_long,rep_0044,b,completed,0.9,0.5324825457843511,0.2935382766306749,True
near_limit_long,rep_0044,a,completed,3.3,29.023072680765004,12.82331839760347,True
near_limit_long,rep_0044,t0,completed,0.001,-0.014383360443509964,0.019890780499503106,True
near_limit_long,rep_0044,q1,completed,0.25,0.4945344752067251,0.28911200321928127,True
near_limit_long,rep_0044,q2,completed,0.3,0.4959640625640432,0.2933262738288358,True
near_limit_long,rep_0044,extra_sigma,completed,0.0003,0.0003902862657440884,9.23845815004274e-05,True
near_limit_long,rep_0044,depth,completed,0.0001,0.0011093698699381335,0.0013377061640696788,True
near_limit_long,rep_0044,full_duration,completed,0.046116170582247824,0.012223199880942911,0.011206862285294779,True
near_limit_long,rep_0045,baseline,completed,1,0.9999912118072916,6.896697656981266e-05,True
near_limit_long,rep_0045,r,completed,0.01,0.02338564236373856,0.014433040876989399,True
near_limit_long,rep_0045,b,completed,0.9,0.551833347166638,0.29802378828649434,True
near_limit_long,rep_0045,a,completed,3.3,28.66787811721422,13.260685228625768,True
near_limit_long,rep_0045,t0,completed,0.001,-0.001917012815541062,0.022062348679891576,True
near_limit_long,rep_0045,q1,completed,0.25,0.506119849387891,0.2890726294149139,True
near_limit_long,rep_0045,q2,completed,0.3,0.49416778268600453,0.2906983438771332,True
near_limit_long,rep_0045,extra_sigma,completed,0.0003,0.0003680612935184118,9.038073035779537e-05,True
near_limit_long,rep_0045,depth,completed,0.0001,0.0007551488595542914,0.0010860287994278594,True
near_limit_long,rep_0045,full_duration,completed,0.046116170582247824,0.013018412485634151,0.014155049560295438,True
near_limit_long,rep_0046,baseline,completed,1,1.0000410614182607,6.462509245199628e-05,True
near_limit_long,rep_0046,r,completed,0.01,0.019987744402010073,0.013412582495804602,True
near_limit_long,rep_0046,b,completed,0.9,0.5841029898545376,0.2917759722067857,True
near_limit_long,rep_0046,a,completed,3.3,30.470516979661276,12.651558015312942,True
near_limit_long,rep_0046,t0,completed,0.001,-0.0006665155453289957,0.029711976006128307,True
near_limit_long,rep_0046,q1,completed,0.25,0.5102216686679939,0.2901326307861836,True
near_limit_long,rep_0046,q2,completed,0.3,0.5097945663754465,0.2833699032819904,True
near_limit_long,rep_0046,extra_sigma,completed,0.0003,0.00027611399646213555,0.00010880455805700208,True
near_limit_long,rep_0046,depth,completed,0.0001,0.0005793623211445473,0.0010073028539536687,True
near_limit_long,rep_0046,full_duration,completed,0.046116170582247824,0.010948996530510837,0.011774031641055374,True
near_limit_long,rep_0047,baseline,completed,1,1.0000549929900082,6.265192826950465e-05,True
near_limit_long,rep_0047,r,completed,0.01,0.024842614574075477,0.015222556507490667,True
near_limit_long,rep_0047,b,completed,0.9,0.5508390412416623,0.30411944712670314,True
near_limit_long,rep_0047,a,completed,3.3,30.11684945059108,12.514477250887929,True
near_limit_long,rep_0047,t0,completed,0.001,-0.006902527212542296,0.03278043635970708,True
near_limit_long,rep_0047,q1,completed,0.25,0.505144699499825,0.29104436435145736,True
near_limit_long,rep_0047,q2,completed,0.3,0.500798162582305,0.2922104151494578,True
near_limit_long,rep_0047,extra_sigma,completed,0.0003,0.00019757912918986787,0.00010451431659342562,True
near_limit_long,rep_0047,depth,completed,0.0001,0.0008488237939431576,0.0012142829506619145,True
near_limit_long,rep_0047,full_duration,completed,0.046116170582247824,0.011651523434182326,0.013039317188425955,True
near_limit_long,rep_0048,baseline,completed,1,0.9999866529913852,6.231139711925966e-05,True
near_limit_long,rep_0048,r,completed,0.01,0.023481725658333775,0.013074043886591093,True
near_limit_long,rep_0048,b,completed,0.9,0.5247760788270621,0.2949155265553594,True
near_limit_long,rep_0048,a,completed,3.3,27.322480733288756,13.981824747992219,True
near_limit_long,rep_0048,t0,completed,0.001,0.00027036090558226123,0.022033672217274473,True
near_limit_long,rep_0048,q1,completed,0.25,0.49424546744244535,0.28331711761207146,True
near_limit_long,rep_0048,q2,completed,0.3,0.5022707829213899,0.28390929859267283,True
near_limit_long,rep_0048,extra_sigma,completed,0.0003,0.00015896502141986854,9.288923504023676e-05,True
near_limit_long,rep_0048,depth,completed,0.0001,0.0007222793307858736,0.0009768000395557802,True
near_limit_long,rep_0048,full_duration,completed,0.046116170582247824,0.01690347656851882,0.022766563262242353,True
near_limit_long,rep_0049,baseline,completed,1,1.000021768037217,6.570163323862466e-05,True
near_limit_long,rep_0049,r,completed,0.01,0.028421368498869466,0.016523320179349082,True
near_limit_long,rep_0049,b,completed,0.9,0.5363597918966806,0.29333166207916705,True
near_limit_long,rep_0049,a,completed,3.3,29.041252715135116,12.574455590678363,True
near_limit_long,rep_0049,t0,completed,0.001,0.016470894959180065,0.028704005693573356,True
near_limit_long,rep_0049,q1,completed,0.25,0.5022260830807954,0.2834448882803843,True
near_limit_long,rep_0049,q2,completed,0.3,0.4995355813704375,0.2886225464597264,True
near_limit_long,rep_0049,extra_sigma,completed,0.0003,0.00031149367631657743,0.00010690490476787324,True
near_limit_long,rep_0049,depth,completed,0.0001,0.001080726042070377,0.0014665055967302012,True
near_limit_long,rep_0049,full_duration,completed,0.046116170582247824,0.012470895499786852,0.01375009120093421,True
near_limit_long,rep_0050,baseline,rejected,1,0.9999830180986056,6.72966240492408e-05,False
near_limit_long,rep_0050,r,rejected,0.01,0.03280990956927823,0.017881934382625794,False
near_limit_long,rep_0050,b,rejected,0.9,0.5111519390687528,0.28948740983646354,False
near_limit_long,rep_0050,a,rejected,3.3,27.64014044885614,13.72574603771504,False
near_limit_long,rep_0050,t0,rejected,0.001,0.015465177970324581,0.016978889167687406,False
near_limit_long,rep_0050,q1,rejected,0.25,0.48810517665690917,0.2879271838066754,False
near_limit_long,rep_0050,q2,rejected,0.3,0.4926318127372943,0.29234394509142364,False
near_limit_long,rep_0050,extra_sigma,rejected,0.0003,0.00031075402450530566,0.000101568452711294,False
near_limit_long,rep_0050,depth,rejected,0.0001,0.0013961738023144333,0.001739461371051236,False
near_limit_long,rep_0050,full_duration,rejected,0.046116170582247824,0.01623943606670694,0.020940795254580757,False
near_limit_long,rep_0051,baseline,rejected,1,1.0000029841384843,6.104212468024894e-05,False
near_limit_long,rep_0051,r,rejected,0.01,0.03197956608829768,0.0170389660902521,False
near_limit_long,rep_0051,b,rejected,0.9,0.53487160789032,0.2915889739499943,False
near_limit_long,rep_0051,a,rejected,3.3,29.68642545188879,12.711950528332746,False
near_limit_long,rep_0051,t0,rejected,0.001,-0.0040257678432342155,0.020404474980720053,False
near_limit_long,rep_0051,q1,rejected,0.25,0.5035771174401118,0.2894487983079231,False
near_limit_long,rep_0051,q2,rejected,0.3,0.5031411750662041,0.2883810126977635,False
near_limit_long,rep_0051,extra_sigma,rejected,0.0003,0.0001719623957889784,0.00010091714736519887,False
near_limit_long,rep_0051,depth,rejected,0.0001,0.0013129464310292038,0.0016063045787017554,False
near_limit_long,rep_0051,full_duration,rejected,0.046116170582247824,0.01220211391334239,0.013283580808460383,False
near_limit_long,rep_0052,baseline,completed,1,0.9999540605362118,6.56208812478252e-05,True
near_limit_long,rep_0052,r,completed,0.01,0.022404133419871807,0.013884067913598652,True
near_limit_long,rep_0052,b,completed,0.9,0.5650825075987475,0.30015081747737454,True
near_limit_long,rep_0052,a,completed,3.3,29.174906424367485,13.287169689606356,True
near_limit_long,rep_0052,t0,completed,0.001,-0.0018883279271056902,0.02439709166665476,True
near_limit_long,rep_0052,q1,completed,0.25,0.49608602345855685,0.28731887836295955,True
near_limit_long,rep_0052,q2,completed,0.3,0.5055171072942234,0.2917013127183825,True
near_limit_long,rep_0052,extra_sigma,completed,0.0003,0.00032106656012396235,0.00010689911816973601,True
near_limit_long,rep_0052,depth,completed,0.0001,0.0006946643442893792,0.001065932639204879,True
near_limit_long,rep_0052,full_duration,completed,0.046116170582247824,0.013168821618354575,0.016567682483279198,True
near_limit_long,rep_0053,baseline,completed,1,1.0000651683967847,6.725155987424798e-05,True
near_limit_long,rep_0053,r,completed,0.01,0.020619952436523023,0.013406062113712836,True
near_limit_long,rep_0053,b,completed,0.9,0.5722354368201896,0.2963193338676098,True
near_limit_long,rep_0053,a,completed,3.3,30.786488535744553,12.856429163796044,True
near_limit_long,rep_0053,t0,completed,0.001,0.007542399064196621,0.025779320501493945,True
near_limit_long,rep_0053,q1,completed,0.25,0.5091361029933066,0.28965353729724025,True
near_limit_long,rep_0053,q2,completed,0.3,0.5043354689103908,0.28863683080121905,True
near_limit_long,rep_0053,extra_sigma,completed,0.0003,0.0003743345676370842,9.388212831812906e-05,True
near_limit_long,rep_0053,depth,completed,0.0001,0.0006048600092558494,0.0009870021658095615,True
near_limit_long,rep_0053,full_duration,completed,0.046116170582247824,0.011293551339722404,0.012492584515348907,True
near_limit_long,rep_0054,baseline,completed,1,0.9999633432512486,5.6910312301913174e-05,True
near_limit_long,rep_0054,r,completed,0.01,0.020477293874171302,0.01288400025705705,True
near_limit_long,rep_0054,b,completed,0.9,0.5696291545900106,0.29795862159123876,True
near_limit_long,rep_0054,a,completed,3.3,29.680767543551774,12.832093636629155,True
near_limit_long,rep_0054,t0,completed,0.001,0.004425415186665342,0.022666254993691928,True
near_limit_long,rep_0054,q1,completed,0.25,0.5050714720550311,0.29460712589538024,True
near_limit_long,rep_0054,q2,completed,0.3,0.5107277154625458,0.288257474860404,True
near_limit_long,rep_0054,extra_sigma,completed,0.0003,0.00011426159617723003,8.288363155398947e-05,True
near_limit_long,rep_0054,depth,completed,0.0001,0.0005852755276673638,0.0008932198937448497,True
near_limit_long,rep_0054,full_duration,completed,0.046116170582247824,0.011611736387716802,0.012035780932603862,True
near_limit_long,rep_0055,baseline,completed,1,1.000018221895225,6.263084966493386e-05,True
near_limit_long,rep_0055,r,completed,0.01,0.028070000306202745,0.015218972549860996,True
near_limit_long,rep_0055,b,completed,0.9,0.5404515368608555,0.295254789211018,True
near_limit_long,rep_0055,a,completed,3.3,28.12817282408955,13.230648309936203,True
near_limit_long,rep_0055,t0,completed,0.001,0.0038763812804093385,0.014565630324346664,True
near_limit_long,rep_0055,q1,completed,0.25,0.5005379210137307,0.2911095164905843,True
near_limit_long,rep_0055,q2,completed,0.3,0.4992044579664766,0.29087349409174895,True
near_limit_long,rep_0055,extra_sigma,completed,0.0003,0.00023709345765507813,0.00011064599039611106,True
near_limit_long,rep_0055,depth,completed,0.0001,0.001019484138382276,0.001260080939488313,True
near_limit_long,rep_0055,full_duration,completed,0.046116170582247824,0.012972311510719241,0.011478885840107166,True
near_limit_long,rep_0056,baseline,completed,1,0.999932563108942,6.373679698565857e-05,True
near_limit_long,rep_0056,r,completed,0.01,0.02392730608885931,0.014893836413217156,True
near_limit_long,rep_0056,b,completed,0.9,0.5599073146426984,0.3008746355944456,True
near_limit_long,rep_0056,a,completed,3.3,29.703620630078746,13.134234406421083,True
near_limit_long,rep_0056,t0,completed,0.001,0.004224951504775504,0.02146482685371673,True
near_limit_long,rep_0056,q1,completed,0.25,0.49314898845056,0.2926579618284808,True
near_limit_long,rep_0056,q2,completed,0.3,0.5139160718755684,0.2933776613676494,True
near_limit_long,rep_0056,extra_sigma,completed,0.0003,0.000255839932145129,0.0001121836478928755,True
near_limit_long,rep_0056,depth,completed,0.0001,0.0007942868831828612,0.0012221712760758273,True
near_limit_long,rep_0056,full_duration,completed,0.046116170582247824,0.012524930938386622,0.01513954052826022,True
near_limit_long,rep_0057,baseline,completed,1,1.000007222654114,6.809119544583415e-05,True
near_limit_long,rep_0057,r,completed,0.01,0.027645634798109647,0.015272679786306066,True
near_limit_long,rep_0057,b,completed,0.9,0.5201165701866266,0.295357847491618,True
near_limit_long,rep_0057,a,completed,3.3,25.310365858776443,14.419399046265717,True
near_limit_long,rep_0057,t0,completed,0.001,-0.002270926881454714,0.018470426127390662,True
near_limit_long,rep_0057,q1,completed,0.25,0.4966259830320526,0.2918763153946382,True
near_limit_long,rep_0057,q2,completed,0.3,0.5042019372558159,0.2866821160791519,True
near_limit_long,rep_0057,extra_sigma,completed,0.0003,0.00031291849977125577,0.00010162744107998326,True
near_limit_long,rep_0057,depth,completed,0.0001,0.0009974775575585296,0.0013395684488149448,True
near_limit_long,rep_0057,full_duration,completed,0.046116170582247824,0.019899301271898973,0.023997249651305164,True
near_limit_long,rep_0058,baseline,completed,1,1.0000812474545258,6.442271952722605e-05,True
near_limit_long,rep_0058,r,completed,0.01,0.029274159990205894,0.015455442664106998,True
near_limit_long,rep_0058,b,completed,0.9,0.5195059285617782,0.2920368474133937,True
near_limit_long,rep_0058,a,completed,3.3,26.814531432150275,13.714508834006999,True
near_limit_long,rep_0058,t0,completed,0.001,0.004076143007524136,0.015030476372844544,True
near_limit_long,rep_0058,q1,completed,0.25,0.5020983281149403,0.28384585720250427,True
near_limit_long,rep_0058,q2,completed,0.3,0.4990649779402342,0.2861381124117055,True
near_limit_long,rep_0058,extra_sigma,completed,0.0003,0.00027087085598014873,0.00010969896958786115,True
near_limit_long,rep_0058,depth,completed,0.0001,0.0010957874333986845,0.0013143571506866974,True
near_limit_long,rep_0058,full_duration,completed,0.046116170582247824,0.015831845935744184,0.017470789682603415,True
near_limit_long,rep_0059,baseline,completed,1,0.9998265506540293,6.836857032554419e-05,True
near_limit_long,rep_0059,r,completed,0.01,0.024023925424885007,0.013806980958101104,True
near_limit_long,rep_0059,b,completed,0.9,0.5484785880314016,0.2900582720431932,True
near_limit_long,rep_0059,a,completed,3.3,28.472107003363202,13.166767735754945,True
near_limit_long,rep_0059,t0,completed,0.001,0.0019798112866945146,0.019350864042433375,True
near_limit_long,rep_0059,q1,completed,0.25,0.49866801780121706,0.28396818791370054,True
near_limit_long,rep_0059,q2,completed,0.3,0.5005679591515771,0.28502663742429757,True
near_limit_long,rep_0059,extra_sigma,completed,0.0003,0.00035547914508169266,9.485464874412312e-05,True
near_limit_long,rep_0059,depth,completed,0.0001,0.0007677340578170082,0.0010616518643499597,True
near_limit_long,rep_0059,full_duration,completed,0.046116170582247824,0.013471891671935566,0.014492786602017742,True
near_limit_long,rep_0060,baseline,completed,1,1.0001468397772022,7.476690461853214e-05,True
near_limit_long,rep_0060,r,completed,0.01,0.02621553183130741,0.015537701692781554,True
near_limit_long,rep_0060,b,completed,0.9,0.5368085873975931,0.29821983311974953,True
near_limit_long,rep_0060,a,completed,3.3,28.58669858039603,13.319453045979268,True
near_limit_long,rep_0060,t0,completed,0.001,-0.004248326273464061,0.019654616512798647,True
near_limit_long,rep_0060,q1,completed,0.25,0.5037308406422562,0.29153178617110737,True
near_limit_long,rep_0060,q2,completed,0.3,0.5040575062416756,0.2908563119830569,True
near_limit_long,rep_0060,extra_sigma,completed,0.0003,0.0005089143917546271,8.317289553401157e-05,True
near_limit_long,rep_0060,depth,completed,0.0001,0.0009286139280486851,0.0013654742118167922,True
near_limit_long,rep_0060,full_duration,completed,0.046116170582247824,0.0139823137263691,0.016477895315132933,True
near_limit_long,rep_0061,baseline,completed,1,0.9999989218125963,6.0232630957100175e-05,True
near_limit_long,rep_0061,r,completed,0.01,0.022483697781460418,0.013692997872687684,True
near_limit_long,rep_0061,b,completed,0.9,0.5713363405057765,0.29260396341496314,True
near_limit_long,rep_0061,a,completed,3.3,29.77680927915641,13.187463354769132,True
near_limit_long,rep_0061,t0,completed,0.001,0.0012870202701370024,0.02354720802249305,True
near_limit_long,rep_0061,q1,completed,0.25,0.4954090365832087,0.2858332655077977,True
near_limit_long,rep_0061,q2,completed,0.3,0.5033021085094109,0.28967873173750935,True
near_limit_long,rep_0061,extra_sigma,completed,0.0003,0.00025288056359790254,0.00011365501710408545,True
near_limit_long,rep_0061,depth,completed,0.0001,0.0006929679821217924,0.0010427419072681372,True
near_limit_long,rep_0061,full_duration,completed,0.046116170582247824,0.012505820637965613,0.015086011877829814,True
near_limit_long,rep_0062,baseline,completed,1,1.0000533470331643,6.18449277494939e-05,True
near_limit_long,rep_0062,r,completed,0.01,0.022766546490932005,0.014069951665262752,True
near_limit_long,rep_0062,b,completed,0.9,0.5751215619922234,0.2958132280573104,True
near_limit_long,rep_0062,a,completed,3.3,30.259688515471012,12.644109116444683,True
near_limit_long,rep_0062,t0,completed,0.001,0.0028926043327400135,0.021652585456851867,True
near_limit_long,rep_0062,q1,completed,0.25,0.5054052067143613,0.2871900563444217,True
near_limit_long,rep_0062,q2,completed,0.3,0.498159497502534,0.2903129693087113,True
near_limit_long,rep_0062,extra_sigma,completed,0.0003,0.00023234136820515338,0.0001108417626179068,True
near_limit_long,rep_0062,depth,completed,0.0001,0.0007162296881016327,0.0010562918632399687,True
near_limit_long,rep_0062,full_duration,completed,0.046116170582247824,0.011044228054366022,0.010476234693016067,True
near_limit_long,rep_0063,baseline,completed,1,1.0000634848716756,5.8358254011026974e-05,True
near_limit_long,rep_0063,r,completed,0.01,0.021837103178753453,0.01356488920415205,True
near_limit_long,rep_0063,b,completed,0.9,0.5663486979745191,0.29600455107428897,True
near_limit_long,rep_0063,a,completed,3.3,29.067995199616366,13.1732904575551,True
near_limit_long,rep_0063,t0,completed,0.001,-0.0038895110777610715,0.020473017157295496,True
near_limit_long,rep_0063,q1,completed,0.25,0.5029553927585928,0.2855030703407457,True
near_limit_long,rep_0063,q2,completed,0.3,0.4994183665664432,0.28832671285930683,True
near_limit_long,rep_0063,extra_sigma,completed,0.0003,0.00015264108943125273,9.55709688657219e-05,True
near_limit_long,rep_0063,depth,completed,0.0001,0.0006608192928056647,0.0010058139943094904,True
near_limit_long,rep_0063,full_duration,completed,0.046116170582247824,0.012558426010934919,0.013487963404199013,True
near_limit_long,rep_0064,baseline,completed,1,0.9999219344931115,6.703606834298283e-05,True
near_limit_long,rep_0064,r,completed,0.01,0.027896851957337897,0.014784739456512491,True
near_limit_long,rep_0064,b,completed,0.9,0.5052123606753836,0.28828703904121594,True
near_limit_long,rep_0064,a,completed,3.3,23.24750386072672,14.483763184567298,True
near_limit_long,rep_0064,t0,completed,0.001,0.0035409105905256357,0.01450167238413061,True
near_limit_long,rep_0064,q1,completed,0.25,0.4985522228561294,0.28344971491687615,True
near_limit_long,rep_0064,q2,completed,0.3,0.4982987413312396,0.2896540536536162,True
near_limit_long,rep_0064,extra_sigma,completed,0.0003,0.00025106404196201357,0.00010894478687552884,True
near_limit_long,rep_0064,depth,completed,0.0001,0.0009967682227963852,0.0012935842877582803,True
near_limit_long,rep_0064,full_duration,completed,0.046116170582247824,0.022272529273498706,0.024288395278225055,True
near_limit_long,rep_0065,baseline,rejected,1,1.0000427527165232,6.482084176370876e-05,False
near_limit_long,rep_0065,r,rejected,0.01,0.0365898902373755,0.017550568143863788,False
near_limit_long,rep_0065,b,rejected,0.9,0.49771681726131606,0.2882293601702989,False
near_limit_long,rep_0065,a,rejected,3.3,28.56578950525421,12.912135694839089,False
near_limit_long,rep_0065,t0,rejected,0.001,0.013267734715515097,0.010641976936438194,False
near_limit_long,rep_0065,q1,rejected,0.25,0.5050847330814775,0.28561810046066555,False
near_limit_long,rep_0065,q2,rejected,0.3,0.4995735276512608,0.28690108279365745,False
near_limit_long,rep_0065,extra_sigma,rejected,0.0003,0.00021377853224636148,0.00010897991102554152,False
near_limit_long,rep_0065,depth,rejected,0.0001,0.00164676550414505,0.001896121922178434,False
near_limit_long,rep_0065,full_duration,rejected,0.046116170582247824,0.013158019109445576,0.012327437529811667,False
near_limit_long,rep_0066,baseline,rejected,1,1.0000724591655534,6.151582508841149e-05,False
near_limit_long,rep_0066,r,rejected,0.01,0.02361930799333295,0.015093398578184257,False
near_limit_long,rep_0066,b,rejected,0.9,0.5659132991041429,0.2960051247931375,False
near_limit_long,rep_0066,a,rejected,3.3,30.656059987518297,12.135996359204444,False
near_limit_long,rep_0066,t0,rejected,0.001,0.0019048615313317465,0.03015792962089931,False
near_limit_long,rep_0066,q1,rejected,0.25,0.5041544902854141,0.28733633451713303,False
near_limit_long,rep_0066,q2,rejected,0.3,0.49924992880061236,0.2863922087555802,False
near_limit_long,rep_0066,extra_sigma,rejected,0.0003,0.00020540983609359105,0.00011104589384731952,False
near_limit_long,rep_0066,depth,rejected,0.0001,0.0007856254380536963,0.0011640714486328058,False
near_limit_long,rep_0066,full_duration,rejected,0.046116170582247824,0.010504409237122094,0.009698821878182719,False
near_limit_long,rep_0067,baseline,completed,1,0.9999192614314675,7.370974195366755e-05,True
near_limit_long,rep_0067,r,completed,0.01,0.022931794934837123,0.0139739937179054,True
near_limit_long,rep_0067,b,completed,0.9,0.5546220987497679,0.29554969704816003,True
near_limit_long,rep_0067,a,completed,3.3,28.61480750134994,13.531183025485603,True
near_limit_long,rep_0067,t0,completed,0.001,0.003088619551368352,0.026626150324208918,True
near_limit_long,rep_0067,q1,completed,0.25,0.4983081933097941,0.2869042773554977,True
near_limit_long,rep_0067,q2,completed,0.3,0.49427284252152753,0.28559100699128276,True
near_limit_long,rep_0067,extra_sigma,completed,0.0003,0.00046329839802965086,8.387265547615308e-05,True
near_limit_long,rep_0067,depth,completed,0.0001,0.000721090901236374,0.0010675144043486328,True
near_limit_long,rep_0067,full_duration,completed,0.046116170582247824,0.014435057948760242,0.01959265519232307,True
near_limit_long,rep_0068,baseline,completed,1,0.9999827880274609,6.239026109577547e-05,True
near_limit_long,rep_0068,r,completed,0.01,0.019717791972695704,0.012859320867100637,True
near_limit_long,rep_0068,b,completed,0.9,0.5779040087181323,0.29816627888316066,True
near_limit_long,rep_0068,a,completed,3.3,30.60982804381119,12.523754387185217,True
near_limit_long,rep_0068,t0,completed,0.001,-0.005270322350389492,0.02879267226593644,True
near_limit_long,rep_0068,q1,completed,0.25,0.5079220908278208,0.28833054576230827,True
near_limit_long,rep_0068,q2,completed,0.3,0.512279658376789,0.2887736317215218,True
near_limit_long,rep_0068,extra_sigma,completed,0.0003,0.0003046971246318476,0.00010235773704956276,True
near_limit_long,rep_0068,depth,completed,0.0001,0.0005541121129082622,0.0009023025377666733,True
near_limit_long,rep_0068,full_duration,completed,0.046116170582247824,0.010960353920919146,0.012390949532658771,True
near_limit_long,rep_0069,baseline,completed,1,0.999972205508205,5.791342544446356e-05,True
near_limit_long,rep_0069,r,completed,0.01,0.025863936281820644,0.014826295290659498,True
near_limit_long,rep_0069,b,completed,0.9,0.537448372242479,0.2942603096866339,True
near_limit_long,rep_0069,a,completed,3.3,28.261361090457903,13.13813251944138,True
near_limit_long,rep_0069,t0,completed,0.001,0.014238951434626543,0.02172491824094247,True
near_limit_long,rep_0069,q1,completed,0.25,0.5067286677928252,0.28852780738007827,True
near_limit_long,rep_0069,q2,completed,0.3,0.4982858220172237,0.28950667104152533,True
near_limit_long,rep_0069,extra_sigma,completed,0.0003,0.00014882329872737183,9.152012651109933e-05,True
near_limit_long,rep_0069,depth,completed,0.0001,0.0008887072772778986,0.001176217298475356,True
near_limit_long,rep_0069,full_duration,completed,0.046116170582247824,0.013783861479290298,0.015019139244970961,True
near_limit_long,rep_0070,baseline,completed,1,1.000106763107168,6.699223520595947e-05,True
near_limit_long,rep_0070,r,completed,0.01,0.021611924791127706,0.013584072353381577,True
near_limit_long,rep_0070,b,completed,0.9,0.5704547794443331,0.29935361153735585,True
near_limit_long,rep_0070,a,completed,3.3,30.74422430868048,12.792603368186114,True
near_limit_long,rep_0070,t0,completed,0.001,-0.006781304385493297,0.027671974251244163,True
near_limit_long,rep_0070,q1,completed,0.25,0.5108235713311349,0.2890309809419092,True
near_limit_long,rep_0070,q2,completed,0.3,0.5037747820487054,0.2859752807636118,True
near_limit_long,rep_0070,extra_sigma,completed,0.0003,0.0003941045563522112,9.034725448678473e-05,True
near_limit_long,rep_0070,depth,completed,0.0001,0.0006515561831238406,0.0010499703797981984,True
near_limit_long,rep_0070,full_duration,completed,0.046116170582247824,0.011000272654549314,0.011466225359075998,True
near_limit_long,rep_0071,baseline,completed,1,1.0000188222950004,5.97246783366472e-05,True
near_limit_long,rep_0071,r,completed,0.01,0.02230471908423597,0.013161010313444738,True
near_limit_long,rep_0071,b,completed,0.9,0.5585454587734816,0.29914150149616325,True
near_limit_long,rep_0071,a,completed,3.3,30.108463108581333,12.842800685017826,True
near_limit_long,rep_0071,t0,completed,0.001,-0.0005043440008080624,0.02383317679568893,True
near_limit_long,rep_0071,q1,completed,0.25,0.4971232114909138,0.29929457064287057,True
near_limit_long,rep_0071,q2,completed,0.3,0.5003119207020467,0.285556614710081,True
near_limit_long,rep_0071,extra_sigma,completed,0.0003,0.0001721259168732572,0.00010005035560689478,True
near_limit_long,rep_0071,depth,completed,0.0001,0.0006706693828491613,0.0009027529176006791,True
near_limit_long,rep_0071,full_duration,completed,0.046116170582247824,0.01213068555638813,0.014378215268058407,True
near_limit_long,rep_0072,baseline,completed,1,1.0000604479638697,6.816557332539363e-05,True
near_limit_long,rep_0072,r,completed,0.01,0.03206755991564818,0.0168933739334572,True
near_limit_long,rep_0072,b,completed,0.9,0.5278572284206752,0.2930991078492532,True
near_limit_long,rep_0072,a,completed,3.3,27.839628660364806,13.134894966561127,True
near_limit_long,rep_0072,t0,completed,0.001,0.010306048493127868,0.015977596172479437,True
near_limit_long,rep_0072,q1,completed,0.25,0.4966409359928892,0.28901474716928705,True
near_limit_long,rep_0072,q2,completed,0.3,0.5028550184011532,0.2878357438486632,True
near_limit_long,rep_0072,extra_sigma,completed,0.0003,0.0003223805311007878,0.00010619140399842398,True
near_limit_long,rep_0072,depth,completed,0.0001,0.0013136431352785824,0.0016027821825791147,True
near_limit_long,rep_0072,full_duration,completed,0.046116170582247824,0.013805517201587071,0.013985702787008317,True
near_limit_long,rep_0073,baseline,rejected,1,0.9999642570046698,5.969191033119792e-05,False
near_limit_long,rep_0073,r,rejected,0.01,0.028077821283882066,0.01598939252966432,False
near_limit_long,rep_0073,b,rejected,0.9,0.539735704995795,0.29522084088133776,False
near_limit_long,rep_0073,a,rejected,3.3,29.52027473957477,13.244114413150033,False
near_limit_long,rep_0073,t0,rejected,0.001,0.008783513517469633,0.020914292138072686,False
near_limit_long,rep_0073,q1,rejected,0.25,0.5023633295915989,0.29176800689574656,False
near_limit_long,rep_0073,q2,rejected,0.3,0.49987822964177975,0.289336177125384,False
near_limit_long,rep_0073,extra_sigma,rejected,0.0003,0.0001671116235297326,0.00010362372170815047,False
near_limit_long,rep_0073,depth,rejected,0.0001,0.0010439608063489393,0.0013772209768690624,False
near_limit_long,rep_0073,full_duration,rejected,0.046116170582247824,0.013470493738550885,0.016235005679494454,False
near_limit_long,rep_0074,baseline,completed,1,0.9999829953428243,5.7091826626665744e-05,True
near_limit_long,rep_0074,r,completed,0.01,0.018142790201392246,0.011644468400121106,True
near_limit_long,rep_0074,b,completed,0.9,0.5880884350781298,0.3008300728566912,True
near_limit_long,rep_0074,a,completed,3.3,30.545190252527362,12.571894995975503,True
near_limit_long,rep_0074,t0,completed,0.001,0.004780265193590618,0.025286020794470992,True
near_limit_long,rep_0074,q1,completed,0.25,0.5155613283798275,0.2903254277921449,True
near_limit_long,rep_0074,q2,completed,0.3,0.5088592647763128,0.2884441513252058,True
near_limit_long,rep_0074,extra_sigma,completed,0.0003,0.00020412918606986592,0.00010327008363160238,True
near_limit_long,rep_0074,depth,completed,0.0001,0.00046472058220207297,0.0007415402691465517,True
near_limit_long,rep_0074,full_duration,completed,0.046116170582247824,0.010612916124507578,0.010881610006196802,True
near_limit_long,rep_0075,baseline,rejected,1,1.0000348281664162,7.493630150908085e-05,False
near_limit_long,rep_0075,r,rejected,0.01,0.025231300931345162,0.015781380198015706,False
near_limit_long,rep_0075,b,rejected,0.9,0.551773311804377,0.29875437743105465,False
near_limit_long,rep_0075,a,rejected,3.3,30.524670214075766,12.533237678472034,False
near_limit_long,rep_0075,t0,rejected,0.001,-0.006755154485476241,0.02625109966897855,False
near_limit_long,rep_0075,q1,rejected,0.25,0.5027307318781548,0.2892383915175507,False
near_limit_long,rep_0075,q2,rejected,0.3,0.5068303573333556,0.2882771458498561,False
near_limit_long,rep_0075,extra_sigma,rejected,0.0003,0.000491286738499123,8.097476533172542e-05,False
near_limit_long,rep_0075,depth,rejected,0.0001,0.0008856082446521829,0.0012921816859784625,False
near_limit_long,rep_0075,full_duration,rejected,0.046116170582247824,0.011330188143084903,0.011976677103347239,False
near_limit_long,rep_0076,baseline,completed,1,0.999960141670096,6.752465745390757e-05,True
near_limit_long,rep_0076,r,completed,0.01,0.020258263904110195,0.012991952244575842,True
near_limit_long,rep_0076,b,completed,0.9,0.5759747410900518,0.3011652686716576,True
near_limit_long,rep_0076,a,completed,3.3,30.033755411806677,12.762380292234111,True
near_limit_long,rep_0076,t0,completed,0.001,0.00408046245762697,0.027087647808927976,True
near_limit_long,rep_0076,q1,completed,0.25,0.5074529686946218,0.286132993044211,True
near_limit_long,rep_0076,q2,completed,0.3,0.5023224259145522,0.2863911872310966,True
near_limit_long,rep_0076,extra_sigma,completed,0.0003,0.0003915225011399998,9.557761492408943e-05,True
near_limit_long,rep_0076,depth,completed,0.0001,0.000579145881828132,0.0009320476365557087,True
near_limit_long,rep_0076,full_duration,completed,0.046116170582247824,0.011453947708880684,0.012228753625322856,True
near_limit_long,rep_0077,baseline,completed,1,1.000061599037092,5.8147748981243275e-05,True
near_limit_long,rep_0077,r,completed,0.01,0.021817025480081197,0.013216549256284843,True
near_limit_long,rep_0077,b,completed,0.9,0.5504946438578483,0.2983240829456123,True
near_limit_long,rep_0077,a,completed,3.3,29.427534457041936,13.435147596084894,True
near_limit_long,rep_0077,t0,completed,0.001,0.004257355252585803,0.02317781823883378,True
near_limit_long,rep_0077,q1,completed,0.25,0.5093605530607542,0.29299230253615755,True
near_limit_long,rep_0077,q2,completed,0.3,0.4944723685121434,0.2942954522604891,True
near_limit_long,rep_0077,extra_sigma,completed,0.0003,0.00014189085789771967,9.09418647794994e-05,True
near_limit_long,rep_0077,depth,completed,0.0001,0.0006506161057487547,0.0010147220983547252,True
near_limit_long,rep_0077,full_duration,completed,0.046116170582247824,0.013348017292011053,0.016681991029281355,True
near_limit_long,rep_0078,baseline,completed,1,1.0001270466089889,6.332880468548826e-05,True
near_limit_long,rep_0078,r,completed,0.01,0.02515588009573685,0.014511405051320892,True
near_limit_long,rep_0078,b,completed,0.9,0.5456707062330187,0.2979493110049885,True
near_limit_long,rep_0078,a,completed,3.3,29.536371326569245,13.233408407269364,True
near_limit_long,rep_0078,t0,completed,0.001,-0.0024946420053025067,0.0206235012253667,True
near_limit_long,rep_0078,q1,completed,0.25,0.49536898596338014,0.28670387798022434,True
near_limit_long,rep_0078,q2,completed,0.3,0.5073904269797553,0.2881901521276069,True
near_limit_long,rep_0078,extra_sigma,completed,0.0003,0.0003064630041855843,0.00011056606900034783,True
near_limit_long,rep_0078,depth,completed,0.0001,0.0008433465347354501,0.0011250346003920124,True
near_limit_long,rep_0078,full_duration,completed,0.046116170582247824,0.012638938508833226,0.013980931820076934,True
near_limit_long,rep_0079,baseline,completed,1,0.9999207973281853,6.750089413006414e-05,True
near_limit_long,rep_0079,r,completed,0.01,0.0294036966707595,0.016148323632249335,True
near_limit_long,rep_0079,b,completed,0.9,0.52942487994357,0.2915896270436092,True
near_limit_long,rep_0079,a,completed,3.3,28.517455248806524,13.438285677991058,True
near_limit_long,rep_0079,t0,completed,0.001,-0.0015953684172647486,0.016453555621931213,True
near_limit_long,rep_0079,q1,completed,0.25,0.5039008833918723,0.28858344363064203,True
near_limit_long,rep_0079,q2,completed,0.3,0.49284272808890556,0.2836743712264715,True
near_limit_long,rep_0079,extra_sigma,completed,0.0003,0.0003738799052033799,9.76422892140439e-05,True
near_limit_long,rep_0079,depth,completed,0.0001,0.0011252805419488632,0.0013739759092838543,True
near_limit_long,rep_0079,full_duration,completed,0.046116170582247824,0.013801802433035013,0.01474523124199185,True
near_limit_long,rep_0080,baseline,completed,1,1.0000845763010247,5.652478119101791e-05,True
near_limit_long,rep_0080,r,completed,0.01,0.018969179566817148,0.011883551617792055,True
near_limit_long,rep_0080,b,completed,0.9,0.5870072314489305,0.301929209384327,True
near_limit_long,rep_0080,a,completed,3.3,30.395543852294185,12.818408500004715,True
near_limit_long,rep_0080,t0,completed,0.001,-0.006058296155787119,0.026182065572831592,True
near_limit_long,rep_0080,q1,completed,0.25,0.501340872519871,0.29060558637372047,True
near_limit_long,rep_0080,q2,completed,0.3,0.500821725578547,0.29604370904607724,True
near_limit_long,rep_0080,extra_sigma,completed,0.0003,0.0001450124559534729,9.310212543268335e-05,True
near_limit_long,rep_0080,depth,completed,0.0001,0.0005010132677911181,0.0007512940599471179,True
near_limit_long,rep_0080,full_duration,completed,0.046116170582247824,0.010956078615001155,0.011832419707750905,True
near_limit_long,rep_0081,baseline,completed,1,1.000024531810636,5.81360409038793e-05,True
near_limit_long,rep_0081,r,completed,0.01,0.0246535781432789,0.014374425473777151,True
near_limit_long,rep_0081,b,completed,0.9,0.548845538551827,0.29253040983629247,True
near_limit_long,rep_0081,a,completed,3.3,29.73243746781157,13.125727073109367,True
near_limit_long,rep_0081,t0,completed,0.001,-0.000315672128646901,0.018125492080901542,True
near_limit_long,rep_0081,q1,completed,0.25,0.5027951062195601,0.28994008884667166,True
near_limit_long,rep_0081,q2,completed,0.3,0.5099522072718871,0.29133818961070673,True
near_limit_long,rep_0081,extra_sigma,completed,0.0003,0.00018624469570008582,0.00010706280694251155,True
near_limit_long,rep_0081,depth,completed,0.0001,0.0008143713669410074,0.0011232507983051795,True
near_limit_long,rep_0081,full_duration,completed,0.046116170582247824,0.0123741061963998,0.013424986887593714,True
near_limit_long,rep_0082,baseline,completed,1,1.000067980435733,6.456086123668211e-05,True
near_limit_long,rep_0082,r,completed,0.01,0.025166170884436196,0.015330931079584827,True
near_limit_long,rep_0082,b,completed,0.9,0.5362701187776888,0.2998333408403852,True
near_limit_long,rep_0082,a,completed,3.3,28.79815107627036,13.37295065586223,True
near_limit_long,rep_0082,t0,completed,0.001,-0.001214656919916485,0.019533970467053515,True
near_limit_long,rep_0082,q1,completed,0.25,0.5014307778491673,0.28118109108931755,True
near_limit_long,rep_0082,q2,completed,0.3,0.5087445440032604,0.2848972324522851,True
near_limit_long,rep_0082,extra_sigma,completed,0.0003,0.0003324793666432294,9.742227793882834e-05,True
near_limit_long,rep_0082,depth,completed,0.0001,0.0008683148453896824,0.0013195939911767691,True
near_limit_long,rep_0082,full_duration,completed,0.046116170582247824,0.01352791832737211,0.015032639849952059,True
near_limit_long,rep_0083,baseline,completed,1,1.0000242022659391,6.317037890967948e-05,True
near_limit_long,rep_0083,r,completed,0.01,0.026133275933573487,0.014246148242446912,True
near_limit_long,rep_0083,b,completed,0.9,0.5205551802168684,0.29006600629495083,True
near_limit_long,rep_0083,a,completed,3.3,25.720087862164,14.565348994194748,True
near_limit_long,rep_0083,t0,completed,0.001,-0.0035213391430949812,0.017441469539163958,True
near_limit_long,rep_0083,q1,completed,0.25,0.5042414648798661,0.28401516470616234,True
near_limit_long,rep_0083,q2,completed,0.3,0.5067648428720944,0.28865563182753773,True
near_limit_long,rep_0083,extra_sigma,completed,0.0003,0.00015518441250098218,9.89131394433718e-05,True
near_limit_long,rep_0083,depth,completed,0.0001,0.000885850112581128,0.0011702836744899355,True
near_limit_long,rep_0083,full_duration,completed,0.046116170582247824,0.018906225348943304,0.021760233953193202,True
near_limit_long,rep_0084,baseline,completed,1,1.0000248564135676,5.830039107491241e-05,True
near_limit_long,rep_0084,r,completed,0.01,0.020678011661760372,0.012611236746978767,True
near_limit_long,rep_0084,b,completed,0.9,0.5682168753634625,0.29998339644090544,True
near_limit_long,rep_0084,a,completed,3.3,30.032047957085616,12.583833075137237,True
near_limit_long,rep_0084,t0,completed,0.001,-0.00387642577149802,0.025111729179016076,True
near_limit_long,rep_0084,q1,completed,0.25,0.505220097024271,0.29473582563265127,True
near_limit_long,rep_0084,q2,completed,0.3,0.5051033387521292,0.2892556905910709,True
near_limit_long,rep_0084,extra_sigma,completed,0.0003,0.00011101241934187878,7.708586262533772e-05,True
near_limit_long,rep_0084,depth,completed,0.0001,0.0005865836977491737,0.000918972451788783,True
near_limit_long,rep_0084,full_duration,completed,0.046116170582247824,0.011397924193863578,0.012487740148234236,True
near_limit_long,rep_0085,baseline,completed,1,0.9998959637081852,5.722576992761658e-05,True
near_limit_long,rep_0085,r,completed,0.01,0.021043343650391264,0.013022189978130231,True
near_limit_long,rep_0085,b,completed,0.9,0.5762814325331868,0.3000151630386284,True
near_limit_long,rep_0085,a,completed,3.3,30.18950311166841,12.895589371177815,True
near_limit_long,rep_0085,t0,completed,0.001,-0.008374952152207207,0.02409359514900512,True
near_limit_long,rep_0085,q1,completed,0.25,0.4990445031409291,0.28642822089306996,True
near_limit_long,rep_0085,q2,completed,0.3,0.502285338489082,0.2803126033712321,True
near_limit_long,rep_0085,extra_sigma,completed,0.0003,0.0001088716240998022,7.871650964497874e-05,True
near_limit_long,rep_0085,depth,completed,0.0001,0.0006123573494570212,0.0008899675693766293,True
near_limit_long,rep_0085,full_duration,completed,0.046116170582247824,0.011046960335434931,0.010687286553651164,True
near_limit_long,rep_0086,baseline,completed,1,0.9999510428176301,5.9347428604049834e-05,True
near_limit_long,rep_0086,r,completed,0.01,0.02160997221866499,0.013092721257022728,True
near_limit_long,rep_0086,b,completed,0.9,0.5653763894765571,0.2964222990586936,True
near_limit_long,rep_0086,a,completed,3.3,30.774400255183853,12.713014490261553,True
near_limit_long,rep_0086,t0,completed,0.001,-0.003412411889845039,0.023056992783896144,True
near_limit_long,rep_0086,q1,completed,0.25,0.5107103012339012,0.28869531407608806,True
near_limit_long,rep_0086,q2,completed,0.3,0.5066594137428688,0.28656884481808653,True
near_limit_long,rep_0086,extra_sigma,completed,0.0003,0.00024272004804389602,0.00011014684968535295,True
near_limit_long,rep_0086,depth,completed,0.0001,0.000638367394368089,0.0009011037911275723,True
near_limit_long,rep_0086,full_duration,completed,0.046116170582247824,0.01070654872079305,0.010235759521794138,True
near_limit_long,rep_0087,baseline,rejected,1,1.0000582324852807,6.690432896035483e-05,False
near_limit_long,rep_0087,r,rejected,0.01,0.0271417623176344,0.01514039232854925,False
near_limit_long,rep_0087,b,rejected,0.9,0.5344236552588582,0.2907513083357365,False
near_limit_long,rep_0087,a,rejected,3.3,28.224562890176262,13.481021635044431,False
near_limit_long,rep_0087,t0,rejected,0.001,-0.00032871735489780246,0.024191660444639614,False
near_limit_long,rep_0087,q1,rejected,0.25,0.4942973610306021,0.29006295523216435,False
near_limit_long,rep_0087,q2,rejected,0.3,0.5006914490676796,0.2856354679658082,False
near_limit_long,rep_0087,extra_sigma,rejected,0.0003,0.0003095206882415943,0.00010703887707823391,False
near_limit_long,rep_0087,depth,rejected,0.0001,0.0009658494336993862,0.0012316637313557145,False
near_limit_long,rep_0087,full_duration,rejected,0.046116170582247824,0.01501599192798751,0.019447633298419368,False
near_limit_long,rep_0088,baseline,completed,1,0.9999976087802048,5.750398749409894e-05,True
near_limit_long,rep_0088,r,completed,0.01,0.02086935050080976,0.013130753369868174,True
near_limit_long,rep_0088,b,completed,0.9,0.5804524977034912,0.2943218647676285,True
near_limit_long,rep_0088,a,completed,3.3,30.10641332270262,12.620485736316143,True
near_limit_long,rep_0088,t0,completed,0.001,-0.005041123249853365,0.02675494498615435,True
near_limit_long,rep_0088,q1,completed,0.25,0.5073015952707075,0.2899600439433766,True
near_limit_long,rep_0088,q2,completed,0.3,0.48917942580832824,0.2910101136256999,True
near_limit_long,rep_0088,extra_sigma,completed,0.0003,0.00015355437789479887,9.67830761852287e-05,True
near_limit_long,rep_0088,depth,completed,0.0001,0.0006079033702149378,0.000943021859336167,True
near_limit_long,rep_0088,full_duration,completed,0.046116170582247824,0.010873437765870334,0.010671791717462157,True
near_limit_long,rep_0089,baseline,completed,1,0.9999237785914227,6.346852458285472e-05,True
near_limit_long,rep_0089,r,completed,0.01,0.02122530545726611,0.012644839927934814,True
near_limit_long,rep_0089,b,completed,0.9,0.5688105806410172,0.30002608459252117,True
near_limit_long,rep_0089,a,completed,3.3,30.636228350614203,12.982002778831001,True
near_limit_long,rep_0089,t0,completed,0.001,0.000520738093128778,0.02730253050862313,True
near_limit_long,rep_0089,q1,completed,0.25,0.5057997611376259,0.28860653650535834,True
near_limit_long,rep_0089,q2,completed,0.3,0.5030258218424145,0.2939943378636672,True
near_limit_long,rep_0089,extra_sigma,completed,0.0003,0.0003285615951859739,0.00010968704516775496,True
near_limit_long,rep_0089,depth,completed,0.0001,0.0006103655955631445,0.0008836375389497366,True
near_limit_long,rep_0089,full_duration,completed,0.046116170582247824,0.011306943785142841,0.012178345150829361,True
near_limit_long,rep_0090,baseline,completed,1,1.0001072047381838,6.967100480899545e-05,True
near_limit_long,rep_0090,r,completed,0.01,0.024505511749661073,0.014291511260704055,True
near_limit_long,rep_0090,b,completed,0.9,0.5465501003841966,0.29442399659660634,True
near_limit_long,rep_0090,a,completed,3.3,28.13008460851836,13.343025939955629,True
near_limit_long,rep_0090,t0,completed,0.001,0.000976718769880138,0.020797087907819516,True
near_limit_long,rep_0090,q1,completed,0.25,0.5024857286031682,0.28439324374367614,True
near_limit_long,rep_0090,q2,completed,0.3,0.5030982826165328,0.2909159413265882,True
near_limit_long,rep_0090,extra_sigma,completed,0.0003,0.0004063786302902357,8.738971900450974e-05,True
near_limit_long,rep_0090,depth,completed,0.0001,0.0008047163384040792,0.0011469935874695875,True
near_limit_long,rep_0090,full_duration,completed,0.046116170582247824,0.014248952902376337,0.016792503391466842,True
near_limit_long,rep_0091,baseline,completed,1,0.9999218455350746,6.032152524062002e-05,True
near_limit_long,rep_0091,r,completed,0.01,0.02368992861459629,0.013627675961829127,True
near_limit_long,rep_0091,b,completed,0.9,0.5519073353904571,0.29235832209975654,True
near_limit_long,rep_0091,a,completed,3.3,28.404539381751125,13.587889205905801,True
near_limit_long,rep_0091,t0,completed,0.001,0.0070033322027496115,0.02493856690681554,True
near_limit_long,rep_0091,q1,completed,0.25,0.49131267277498764,0.2879121399615935,True
near_limit_long,rep_0091,q2,completed,0.3,0.4929636510148963,0.28919405967587875,True
near_limit_long,rep_0091,extra_sigma,completed,0.0003,0.00018181490016533496,0.00010312160716193056,True
near_limit_long,rep_0091,depth,completed,0.0001,0.0007468798414972533,0.0010143752490771687,True
near_limit_long,rep_0091,full_duration,completed,0.046116170582247824,0.014433667945636407,0.018128132081346927,True
near_limit_long,rep_0092,baseline,completed,1,1.0000256357744073,5.8223086802854314e-05,True
near_limit_long,rep_0092,r,completed,0.01,0.022472664461806353,0.013806744686827892,True
near_limit_long,rep_0092,b,completed,0.9,0.5647244698681467,0.2975449933479285,True
near_limit_long,rep_0092,a,completed,3.3,30.00985715164464,13.025743929074999,True
near_limit_long,rep_0092,t0,completed,0.001,-0.002424284816348462,0.021809905450492408,True
near_limit_long,rep_0092,q1,completed,0.25,0.5063241005280074,0.2887026809722546,True
near_limit_long,rep_0092,q2,completed,0.3,0.5011129385155948,0.2880829227421387,True
near_limit_long,rep_0092,extra_sigma,completed,0.0003,0.00017275886007251957,0.00010294791469261424,True
near_limit_long,rep_0092,depth,completed,0.0001,0.0006955991903104728,0.0010049875578716757,True
near_limit_long,rep_0092,full_duration,completed,0.046116170582247824,0.011651403203078888,0.012137136630621662,True
near_limit_long,rep_0093,baseline,completed,1,1.0001125007096838,6.098057313665811e-05,True
near_limit_long,rep_0093,r,completed,0.01,0.0209458210540922,0.012776900757084986,True
near_limit_long,rep_0093,b,completed,0.9,0.5691593924338629,0.29931240938384984,True
near_limit_long,rep_0093,a,completed,3.3,30.142199721846133,12.600969721142295,True
near_limit_long,rep_0093,t0,completed,0.001,0.003469275941227023,0.023124339859491933,True
near_limit_long,rep_0093,q1,completed,0.25,0.4996790968434123,0.2944581531174595,True
near_limit_long,rep_0093,q2,completed,0.3,0.496071283430671,0.2939242917114887,True
near_limit_long,rep_0093,extra_sigma,completed,0.0003,0.00022324553106367717,0.00011027177348403488,True
near_limit_long,rep_0093,depth,completed,0.0001,0.0006019358002882118,0.0008876268133041177,True
near_limit_long,rep_0093,full_duration,completed,0.046116170582247824,0.011394949734114727,0.012676351114901136,True
near_limit_long,rep_0094,baseline,completed,1,0.9999392727746462,6.281723792372329e-05,True
near_limit_long,rep_0094,r,completed,0.01,0.022440295373061445,0.014437487859620244,True
near_limit_long,rep_0094,b,completed,0.9,0.5776189496006714,0.302918505634046,True
near_limit_long,rep_0094,a,completed,3.3,30.549080206582705,12.577707515415657,True
near_limit_long,rep_0094,t0,completed,0.001,0.0050192872795797785,0.023578663279412684,True
near_limit_long,rep_0094,q1,completed,0.25,0.506066924827244,0.28982672319920755,True
near_limit_long,rep_0094,q2,completed,0.3,0.497816263523081,0.28765211143310926,True
near_limit_long,rep_0094,extra_sigma,completed,0.0003,0.0002628520613254641,0.00011322042255588006,True
near_limit_long,rep_0094,depth,completed,0.0001,0.0007119558018630008,0.001110404203889812,True
near_limit_long,rep_0094,full_duration,completed,0.046116170582247824,0.01102317626181428,0.012145187860632812,True
near_limit_long,rep_0095,baseline,completed,1,1.000024565718297,6.262767755023324e-05,True
near_limit_long,rep_0095,r,completed,0.01,0.025585000658904015,0.015878285623019815,True
near_limit_long,rep_0095,b,completed,0.9,0.5622006997914084,0.29758354646932356,True
near_limit_long,rep_0095,a,completed,3.3,30.990261497984392,12.190153148890813,True
near_limit_long,rep_0095,t0,completed,0.001,-0.01620190402259287,0.02647657673629058,True
near_limit_long,rep_0095,q1,completed,0.25,0.49790512485652166,0.2895433548636631,True
near_limit_long,rep_0095,q2,completed,0.3,0.5034681357941191,0.2886208315921084,True
near_limit_long,rep_0095,extra_sigma,completed,0.0003,0.00023882837760620275,0.00011304510443255489,True
near_limit_long,rep_0095,depth,completed,0.0001,0.0009066491830537349,0.0012307995404951934,True
near_limit_long,rep_0095,full_duration,completed,0.046116170582247824,0.010467690282150093,0.010303067157704007,True
near_limit_long,rep_0096,baseline,completed,1,0.9999871072840081,6.921788659538151e-05,True
near_limit_long,rep_0096,r,completed,0.01,0.032403605966481765,0.01700053317206161,True
near_limit_long,rep_0096,b,completed,0.9,0.5165476740342049,0.29053571312254123,True
near_limit_long,rep_0096,a,completed,3.3,27.31346824700991,13.066592236672873,True
near_limit_long,rep_0096,t0,completed,0.001,0.012132699040108287,0.013656952657629508,True
near_limit_long,rep_0096,q1,completed,0.25,0.4990393762361077,0.2827147385048075,True
near_limit_long,rep_0096,q2,completed,0.3,0.50168515660216,0.2890384584957048,True
near_limit_long,rep_0096,extra_sigma,completed,0.0003,0.00038292382543184876,9.061937099373701e-05,True
near_limit_long,rep_0096,depth,completed,0.0001,0.0013389395532333462,0.001607550588537275,True
near_limit_long,rep_0096,full_duration,completed,0.046116170582247824,0.014003218472451614,0.012828863164935212,True
near_limit_long,rep_0097,baseline,completed,1,1.0000492882845495,8.440010641034617e-05,True
near_limit_long,rep_0097,r,completed,0.01,0.02514786597736152,0.01394223851252691,True
near_limit_long,rep_0097,b,completed,0.9,0.48128021322870435,0.293263793186159,True
near_limit_long,rep_0097,a,completed,3.3,22.10620292969519,16.065743081755773,True
near_limit_long,rep_0097,t0,completed,0.001,0.010034936444904973,0.023735635889789556,True
near_limit_long,rep_0097,q1,completed,0.25,0.4868007024319178,0.29126789779064455,True
near_limit_long,rep_0097,q2,completed,0.3,0.4895549371008534,0.2909507367845472,True
near_limit_long,rep_0097,extra_sigma,completed,0.0003,0.0001439361964932537,9.349459580625314e-05,True
near_limit_long,rep_0097,depth,completed,0.0001,0.0008267525814518406,0.001211368833361585,True
near_limit_long,rep_0097,full_duration,completed,0.046116170582247824,0.0384828129510993,0.048793183661940215,True
near_limit_long,rep_0098,baseline,rejected,1,1.000010916686698,6.663340443792042e-05,False
near_limit_long,rep_0098,r,rejected,0.01,0.027325262802483066,0.01587634079778568,False
near_limit_long,rep_0098,b,rejected,0.9,0.5340033500270394,0.294789424174356,False
near_limit_long,rep_0098,a,rejected,3.3,28.753988284622487,13.153990586298058,False
near_limit_long,rep_0098,t0,rejected,0.001,0.023065453928089327,0.030650693078263003,False
near_limit_long,rep_0098,q1,rejected,0.25,0.49707614789151294,0.2810354037027656,False
near_limit_long,rep_0098,q2,rejected,0.3,0.5083223564640522,0.2930543536945358,False
near_limit_long,rep_0098,extra_sigma,rejected,0.0003,0.00032239491148202076,0.00010560489324171773,False
near_limit_long,rep_0098,depth,rejected,0.0001,0.0009986651698029169,0.0012897864848857082,False
near_limit_long,rep_0098,full_duration,rejected,0.046116170582247824,0.013171222859631179,0.013984316011878224,False
near_limit_long,rep_0099,baseline,completed,1,1.0001205543687224,6.141608585474302e-05,True
near_limit_long,rep_0099,r,completed,0.01,0.022659466543460204,0.014203899693833451,True
near_limit_long,rep_0099,b,completed,0.9,0.5678550865010854,0.29899298847051775,True
near_limit_long,rep_0099,a,completed,3.3,30.978058086572744,12.61193354870051,True
near_limit_long,rep_0099,t0,completed,0.001,-0.0031968202746996332,0.021174177151430662,True
near_limit_long,rep_0099,q1,completed,0.25,0.5102744219423022,0.2868715498900045,True
near_limit_long,rep_0099,q2,completed,0.3,0.503317644363221,0.286681454707021,True
near_limit_long,rep_0099,extra_sigma,completed,0.0003,0.0002563533048139723,0.00011316481531676978,True
near_limit_long,rep_0099,depth,completed,0.0001,0.0007151517528550462,0.0011164585102303153,True
near_limit_long,rep_0099,full_duration,completed,0.046116170582247824,0.010490773758319624,0.009967543418017604,True
