input_row_index,time,phase,segment_id,observed,local_posterior_mean,external_posterior_mean,external_minus_local_ppm
0,331.58541968251666,-0.14999951771536321,kepler:kplr011904151-2009350160919_slc.fits,1.0000241724374408,0.99997723691304918,0.99997781775827721,0.58084522802648308
1,204.28685470023629,-0.1499780999957209,kepler:kplr011904151-2009231120729_slc.fits,0.99996696249003725,0.99997723691304918,0.99997781775827721,0.58084522802648308
2,266.26116939451458,-0.14997520571743719,kepler:kplr011904151-2009291181958_slc.fits,1.0006654767726832,0.99997723691304918,0.99997781775827721,0.58084522802648308
3,347.49801593070879,-0.14972656952323321,kepler:kplr011904151-2009350160919_slc.fits,0.99920287877412561,0.99997723691304918,0.99997781775827721,0.58084522802648308
4,221.03692780096759,-0.1497189992644205,kepler:kplr011904151-2009231120729_slc.fits,0.99984827882652916,0.99997723691304918,0.99997781775827721,0.58084522802648308
5,288.87370773350995,-0.14968576672207409,kepler:kplr011904151-2009291181958_slc.fits,0.99995843270494977,0.99997723691304918,0.99997781775827721,0.58084522802648308
6,348.33577457840875,-0.14945862182327649,kepler:kplr011904151-2009350160919_slc.fits,0.99926465699728684,0.99997723691304918,0.99997781775827721,0.58084522802648308
7,211.82481392611959,-0.14943517411242269,kepler:kplr011904151-2009231120729_slc.fits,0.99947373401249362,0.99997723691304918,0.99997781775827721,0.58084522802648308
8,263.74926256821345,-0.14940993201855859,kepler:kplr011904151-2009291181958_slc.fits,0.99994406893754917,0.99997723691304918,0.99997781775827721,0.58084522802648308
9,344.98610412410926,-0.1491662761227612,kepler:kplr011904151-2009350160919_slc.fits,0.99939853511234378,0.99997723691304918,0.99997781775827721,0.58084522802648308
10,206.80019206371799,-0.14911283651402479,kepler:kplr011904151-2009231120729_slc.fits,1.0002379059820696,0.99997723691304918,0.99997781775827721,0.58084522802648308
11,275.47443169042526,-0.1491106098067565,kepler:kplr011904151-2009291181958_slc.fits,0.99960878736427405,0.99997723691304918,0.99997781775827721,0.58084522802648308
12,330.74902801260032,-0.14890048763170149,kepler:kplr011904151-2009350160919_slc.fits,0.99999371971994278,0.99997723691304918,0.99997781775827721,0.58084522802648308
13,276.31218560723937,-0.1488473929926481,kepler:kplr011904151-2009291181958_slc.fits,0.99964162971838355,0.99997723691304918,0.99997781775827721,0.58084522802648308
14,207.63797051856091,-0.14882508167110581,kepler:kplr011904151-2009231120729_slc.fits,1.0000913918074517,0.99997723691304918,0.99997781775827721,0.58084522802648308
15,331.58678194417735,-0.14863725605467509,kepler:kplr011904151-2009350160919_slc.fits,1.0000788165660353,0.99997723691304918,0.99997781775827721,0.58084522802648308
16,283.84991978950711,-0.14852951072490761,kepler:kplr011904151-2009291181958_slc.fits,1.000161506657854,0.99997723691304918,0.99997781775827721,0.58084522802648308
17,202.61333805433239,-0.14851334589962301,kepler:kplr011904151-2009231120729_slc.fits,0.99985994968602698,0.99997723691304918,0.99997781775827721,0.58084522802648308
18,332.42453586340707,-0.14837403682494879,kepler:kplr011904151-2009350160919_slc.fits,1.0002127705757151,0.99997723691304918,0.99997781775827721,0.58084522802648308
19,284.68767216649576,-0.14826783373626101,kepler:kplr011904151-2009291181958_slc.fits,1.0002211334376467,0.99997723691304918,0.99997781775827721,0.58084522802648308
20,227.73841652724519,-0.1481558729868179,kepler:kplr011904151-2009231120729_slc.fits,1.0001261171032496,0.99997723691304918,0.99997781775827721,0.58084522802648308
21,333.2622901756622,-0.1481104245698201,kepler:kplr011904151-2009350160919_slc.fits,1.000112893251784,0.99997723691304918,0.99997781775827721,0.58084522802648308
22,270.45062887773383,-0.147969222498185,kepler:kplr011904151-2009291181958_slc.fits,1.0002739021852587,0.99997723691304918,0.99997781775827721,0.58084522802648308
23,228.57618603789888,-0.1478770623331318,kepler:kplr011904151-2009231120729_slc.fits,1.0002909635048634,0.99997723691304918,0.99997781775827721,0.58084522802648308
24,349.17489558129449,-0.14782831893752929,kepler:kplr011904151-2009350160919_slc.fits,0.99950524295234944,0.99997723691304918,0.99997781775827721,0.58084522802648308
25,282.17577699442336,-0.14769090580866079,kepler:kplr011904151-2009291181958_slc.fits,1.000138379849334,0.99997723691304918,0.99997781775827721,0.58084522802648308
26,229.41395540605299,-0.1475983941790186,kepler:kplr011904151-2009231120729_slc.fits,1.0001398707622886,0.99997723691304918,0.99997781775827721,0.58084522802648308
27,345.82522411031096,-0.14753698992106651,kepler:kplr011904151-2009350160919_slc.fits,0.99927994976383117,0.99997723691304918,0.99997781775827721,0.58084522802648308
28,283.01352954010508,-0.14742906012693699,kepler:kplr011904151-2009291181958_slc.fits,0.999600100523512,0.99997723691304918,0.99997781775827721,0.58084522802648308
29,210.15198477618841,-0.14728292404359769,kepler:kplr011904151-2009231120729_slc.fits,1.0000803314236817,0.99997723691304918,0.99997781775827721,0.58084522802648308
30,327.40073877475515,-0.1472269254768665,kepler:kplr011904151-2009350160919_slc.fits,1.000187839192044,0.99997723691304918,0.99997781775827721,0.58084522802648308
31,290.55125426071027,-0.14712063952175389,kepler:kplr011904151-2009291181958_slc.fits,0.99966212761456796,0.99997723691304918,0.99997781775827721,0.58084522802648308
32,221.03965218513625,-0.14699461509576209,kepler:kplr011904151-2009231120729_slc.fits,0.99992584515426819,0.99997723691304918,0.99997781775827721,0.58084522802648308
33,339.12589392498921,-0.14694157524280799,kepler:kplr011904151-2009350160919_slc.fits,1.0007520777670951,0.99997723691304918,0.99997781775827721,0.58084522802648308
34,269.61423577149981,-0.14687162873221199,kepler:kplr011904151-2009291181958_slc.fits,0.99994966966383003,0.99997723691304918,0.99997781775827721,0.58084522802648308
35,211.82753832286107,-0.14671077737093791,kepler:kplr011904151-2009231120729_slc.fits,0.99968398903513778,0.99997723691304918,0.99997781775827721,0.58084522802648308
36,335.77623510502599,-0.14663759520603209,kepler:kplr011904151-2009350160919_slc.fits,0.99982001590144121,0.99997723691304918,0.99997781775827721,0.58084522802648308
37,266.26457490813482,-0.14656969209720039,kepler:kplr011904151-2009291181958_slc.fits,1.0001365510407525,0.99997723691304918,0.99997781775827721,0.58084522802648308
38,336.61399014230847,-0.14637325792355499,kepler:kplr011904151-2009350160919_slc.fits,1.0001449207827102,0.99997723691304918,0.99997781775827721,0.58084522802648308
39,200.94050122611225,-0.14636877411976451,kepler:kplr011904151-2009231120729_slc.fits,0.99999640896630837,0.99997723691304918,0.99997781775827721,0.58084522802648308
40,277.98973616043082,-0.14627823980119631,kepler:kplr011904151-2009291181958_slc.fits,0.99952151890477559,0.99997723691304918,0.99997781775827721,0.58084522802648308
41,337.45174549883814,-0.14610860139388571,kepler:kplr011904151-2009350160919_slc.fits,1.0000397308351656,0.99997723691304918,0.99997781775827721,0.58084522802648308
42,217.69060225057183,-0.14608174966018159,kepler:kplr011904151-2009231120729_slc.fits,1.0000601498143349,0.99997723691304918,0.99997781775827721,0.58084522802648308
43,278.82748946431821,-0.1460156359138142,kepler:kplr011904151-2009291181958_slc.fits,1.0001184534558312,0.99997723691304918,0.99997781775827721,0.58084522802648308
44,202.6160625636476,-0.14578883658440839,kepler:kplr011904151-2009231120729_slc.fits,1.0001811676497421,0.99997723691304918,0.99997781775827721,0.58084522802648308
45,349.1769388361281,-0.14578506410392039,kepler:kplr011904151-2009350160919_slc.fits,0.99893557791175036,0.99997723691304918,0.99997781775827721,0.58084522802648308
46,260.40300060945447,-0.14570909077754551,kepler:kplr011904151-2009291181958_slc.fits,1.0003186698953266,0.99997723691304918,0.99997781775827721,0.58084522802648308
47,334.93984244472085,-0.1455395555111689,kepler:kplr011904151-2009350160919_slc.fits,0.99978908884254925,0.99997723691304918,0.99997781775827721,0.58084522802648308
48,203.45384266215115,-0.14549943808086491,kepler:kplr011904151-2009231120729_slc.fits,0.999938144444662,0.99997723691304918,0.99997781775827721,0.58084522802648308
49,276.31559101096354,-0.14544198926847501,kepler:kplr011904151-2009291181958_slc.fits,1.0001583824431941,0.99997723691304918,0.99997781775827721,0.58084522802648308
50,346.6650254539054,-0.1452263463266216,kepler:kplr011904151-2009350160919_slc.fits,0.99909256593952522,0.99997723691304918,0.99997781775827721,0.58084522802648308
51,214.34154690059225,-0.14517429963976269,kepler:kplr011904151-2009231120729_slc.fits,0.99997260041293279,0.99997723691304918,0.99997781775827721,0.58084522802648308
52,283.85332538764487,-0.14512391258714699,kepler:kplr011904151-2009291181958_slc.fits,0.9999839598247332,0.99997723691304918,0.99997781775827721,0.58084522802648308
53,347.50278372209141,-0.14495877814061409,kepler:kplr011904151-2009350160919_slc.fits,0.99960286241124496,0.99997723691304918,0.99997781775827721,0.58084522802648308
54,225.22919199958409,-0.14490830064792171,kepler:kplr011904151-2009231120729_slc.fits,0.99966926579700222,0.99997723691304918,0.99997781775827721,0.58084522802648308
55,284.69107776405144,-0.14486223618057709,kepler:kplr011904151-2009291181958_slc.fits,1.0000078867370079,0.99997723691304918,0.99997781775827721,0.58084522802648308
56,348.34054227136949,-0.1446909288625359,kepler:kplr011904151-2009350160919_slc.fits,0.99953351369943477,0.99997723691304918,0.99997781775827721,0.58084522802648308
57,216.01709692523585,-0.14460567499616411,kepler:kplr011904151-2009231120729_slc.fits,0.99987467292416277,0.99997723691304918,0.99997781775827721,0.58084522802648308
58,288.04140477258625,-0.1444980276457723,kepler:kplr011904151-2009291181958_slc.fits,1.0001530293680752,0.99997723691304918,0.99997781775827721,0.58084522802648308
59,349.17830110603245,-0.1444227941995723,kepler:kplr011904151-2009350160919_slc.fits,0.99947905930739755,0.99997723691304918,0.99997781775827721,0.58084522802648308
60,200.9425445347224,-0.1443254655096097,kepler:kplr011904151-2009231120729_slc.fits,1.0000408300530736,0.99997723691304918,0.99997781775827721,0.58084522802648308
61,288.87915656599216,-0.14423693423985809,kepler:kplr011904151-2009291181958_slc.fits,1.0002649486432451,0.99997723691304918,0.99997781775827721,0.58084522802648308
62,341.64120582874602,-0.14410177148599779,kepler:kplr011904151-2009350160919_slc.fits,1.0001936071833957,0.99997723691304918,0.99997781775827721,0.58084522802648308
63,221.88014924924209,-0.1439882509899153,kepler:kplr011904151-2009231120729_slc.fits,0.99985456313548959,0.99997723691304918,0.99997781775827721,0.58084522802648308
64,278.82953270529833,-0.14397239493368549,kepler:kplr011904151-2009291181958_slc.fits,0.99965382177559337,0.99997723691304918,0.99997781775827721,0.58084522802648308
65,342.4789625058329,-0.14383579439912531,kepler:kplr011904151-2009350160919_slc.fits,1.0000344182115519,0.99997723691304918,0.99997781775827721,0.58084522802648308
66,222.71792117993027,-0.1437070203017381,kepler:kplr011904151-2009231120729_slc.fits,0.999989765553979,0.99997723691304918,0.99997781775827721,0.58084522802648308
67,264.59246766375145,-0.1436955364805623,kepler:kplr011904151-2009291181958_slc.fits,0.9999241425440466,0.99997723691304918,0.99997781775827721,0.58084522802648308
68,343.31671933663893,-0.14356966359309631,kepler:kplr011904151-2009350160919_slc.fits,0.9994314354314352,0.99997723691304918,0.99997781775827721,0.58084522802648308
69,213.50581445579155,-0.14341604444046041,kepler:kplr011904151-2009231120729_slc.fits,0.99982960545133281,0.99997723691304918,0.99997781775827721,0.58084522802648308
70,261.24280166751123,-0.1433987327207813,kepler:kplr011904151-2009291181958_slc.fits,1.0001824617561836,0.99997723691304918,0.99997781775827721,0.58084522802648308
71,339.96705528192251,-0.1432709183095095,kepler:kplr011904151-2009350160919_slc.fits,1.0008155636192748,0.99997723691304918,0.99997781775827721,0.58084522802648308
72,288.04276703091455,-0.14313576931747279,kepler:kplr011904151-2009291181958_slc.fits,0.99969744648029801,0.99997723691304918,0.99997781775827721,0.58084522802648308
73,228.58095399249569,-0.14310910773628821,kepler:kplr011904151-2009231120729_slc.fits,1,0.99997723691304918,0.99997781775827721,0.58084522802648308
74,340.80481156621681,-0.14300533401520879,kepler:kplr011904151-2009350160919_slc.fits,1.0000796893542006,0.99997723691304918,0.99997781775827721,0.58084522802648308
75,262.91831643356272,-0.14286536666928909,kepler:kplr011904151-2009291181958_slc.fits,0.99984070315251561,0.99997723691304918,0.99997781775827721,0.58084522802648308
76,229.41872315878567,-0.14283064144634311,kepler:kplr011904151-2009231120729_slc.fits,1.0002266660466148,0.99997723691304918,0.99997781775827721,0.58084522802648308
77,341.64256799469882,-0.14273960553319931,kepler:kplr011904151-2009350160919_slc.fits,1.0000256903299016,0.99997723691304918,0.99997781775827721,0.58084522802648308
78,263.7560735010411,-0.1425989991909109,kepler:kplr011904151-2009291181958_slc.fits,0.99989880592515723,0.99997723691304918,0.99997781775827721,0.58084522802648308
79,210.156752574796,-0.1425151254360095,kepler:kplr011904151-2009231120729_slc.fits,1.0000576360907507,0.99997723691304918,0.99997781775827721,0.58084522802648308
80,327.40550643564347,-0.1424592645885471,kepler:kplr011904151-2009350160919_slc.fits,1.0002666557580793,0.99997723691304918,0.99997781775827721,0.58084522802648308
81,275.48124269938853,-0.14229960084348819,kepler:kplr011904151-2009291181958_slc.fits,1.0000982603610771,0.99997723691304918,0.99997781775827721,0.58084522802648308
82,216.85691490204769,-0.14227839818431851,kepler:kplr011904151-2009231120729_slc.fits,1.000115272181501,0.99997723691304918,0.99997781775827721,0.58084522802648308
83,339.13066160164453,-0.1421738985874885,kepler:kplr011904151-2009350160919_slc.fits,1.0006159607606582,0.99997723691304918,0.99997781775827721,0.58084522802648308
84,201.7823688338176,-0.14199186641441131,kepler:kplr011904151-2009231120729_slc.fits,1.0000614066761269,0.99997723691304918,0.99997781775827721,0.58084522802648308
85,283.01897837805154,-0.1419802221804769,kepler:kplr011904151-2009291181958_slc.fits,0.999724764308484,0.99997723691304918,0.99997781775827721,0.58084522802648308
86,324.89361022454978,-0.1418833756822461,kepler:kplr011904151-2009350160919_slc.fits,0.99964460445392123,0.99997723691304918,0.99997781775827721,0.58084522802648308
87,283.8567308857746,-0.14171841445742389,kepler:kplr011904151-2009291181958_slc.fits,1.0003168601368346,0.99997723691304918,0.99997781775827721,0.58084522802648308
88,222.71996456642955,-0.141663633802457,kepler:kplr011904151-2009231120729_slc.fits,1.0001329580224323,0.99997723691304918,0.99997781775827721,0.58084522802648308
89,325.73136279727623,-0.1416215029557879,kepler:kplr011904151-2009350160919_slc.fits,1.0000281569051508,0.99997723691304918,0.99997781775827721,0.58084522802648308
90,269.61968452749721,-0.14142287273480569,kepler:kplr011904151-2009291181958_slc.fits,1.0002079126756096,0.99997723691304918,0.99997781775827721,0.58084522802648308
91,213.5078579515976,-0.14137254863441129,kepler:kplr011904151-2009231120729_slc.fits,0.99981066274860964,0.99997723691304918,0.99997781775827721,0.58084522802648308
92,337.45651317287411,-0.1413409273579109,kepler:kplr011904151-2009350160919_slc.fits,1.000064017114541,0.99997723691304918,0.99997781775827721,0.58084522802648308
93,281.34483520648791,-0.14114199374410491,kepler:kplr011904151-2009291181958_slc.fits,0.99940502760815164,0.99997723691304918,0.99997781775827721,0.58084522802648308
94,338.29426865495043,-0.1410761452815929,kepler:kplr011904151-2009350160919_slc.fits,1.000344827219819,0.99997723691304918,0.99997781775827721,0.58084522802648308
95,208.48324082624453,-0.14104547398748579,kepler:kplr011904151-2009231120729_slc.fits,0.99976891698194459,0.99997723691304918,0.99997781775827721,0.58084522802648308
96,277.99518500419799,-0.140829396034027,kepler:kplr011904151-2009291181958_slc.fits,1.0002606623731325,0.99997723691304918,0.99997781775827721,0.58084522802648308
97,334.94461011508974,-0.14077188514227679,kepler:kplr011904151-2009350160919_slc.fits,1.0001473114633359,0.99997723691304918,0.99997781775827721,0.58084522802648308
98,203.4586104763512,-0.1407316238808142,kepler:kplr011904151-2009231120729_slc.fits,1.0000326784065938,0.99997723691304918,0.99997781775827721,0.58084522802648308
99,263.75811685098603,-0.14055564924598399,kepler:kplr011904151-2009291181958_slc.fits,0.99993042907354557,0.99997723691304918,0.99997781775827721,0.58084522802648308
100,331.59495501418132,-0.1404641860506981,kepler:kplr011904151-2009350160919_slc.fits,1.0001075616545148,0.99997723691304918,0.99997781775827721,0.58084522802648308
101,214.34631468895529,-0.14040651127672271,kepler:kplr011904151-2009231120729_slc.fits,1.0001230826797802,0.99997723691304918,0.99997781775827721,0.58084522802648308
102,271.29587593996257,-0.14021286026944851,kepler:kplr011904151-2009291181958_slc.fits,0.99953426341457763,0.99997723691304918,0.99997781775827721,0.58084522802648308
103,343.32012495354866,-0.1401640466833651,kepler:kplr011904151-2009350160919_slc.fits,0.99998269602594481,0.99997723691304918,0.99997781775827721,0.58084522802648308
104,215.184089875198,-0.1401220250340138,kepler:kplr011904151-2009231120729_slc.fits,1.0000134663763436,0.99997723691304918,0.99997781775827721,0.58084522802648308
105,283.0210217172862,-0.13993688294581649,kepler:kplr011904151-2009291181958_slc.fits,1.0001821950549323,0.99997723691304918,0.99997781775827721,0.58084522802648308
106,329.08305621630279,-0.1398908839292278,kepler:kplr011904151-2009350160919_slc.fits,1.0004107796472479,0.99997723691304918,0.99997781775827721,0.58084522802648308
107,210.15947697385849,-0.13979072637352269,kepler:kplr011904151-2009231120729_slc.fits,1.0002586442016388,0.99997723691304918,0.99997781775827721,0.58084522802648308
108,279.67137252862449,-0.13962327160753141,kepler:kplr011904151-2009291181958_slc.fits,1.0001374273448642,0.99997723691304918,0.99997781775827721,0.58084522802648308
109,340.80821708006988,-0.13959982016214131,kepler:kplr011904151-2009350160919_slc.fits,1.0003880112603334,0.99997723691304918,0.99997781775827721,0.58084522802648308
110,216.8596392920372,-0.13955400819480879,kepler:kplr011904151-2009231120729_slc.fits,1.0000716411221475,0.99997723691304918,0.99997781775827721,0.58084522802648308
111,265.43431075567059,-0.1393431445614243,kepler:kplr011904151-2009291181958_slc.fits,1.0000574169694236,0.99997723691304918,0.99997781775827721,0.58084522802648308
112,201.78509324429609,-0.1392674559359186,kepler:kplr011904151-2009231120729_slc.fits,1.0003361925742091,0.99997723691304918,0.99997781775827721,0.58084522802648308
113,344.1585632275237,-0.1392164727083216,kepler:kplr011904151-2009350160919_slc.fits,0.99995928253473443,0.99997723691304918,0.99997781775827721,0.58084522802648308
114,288.04685360576696,-0.13904919446506439,kepler:kplr011904151-2009291181958_slc.fits,0.99968952164311142,0.99997723691304918,0.99997781775827721,0.58084522802648308
115,202.62287378693145,-0.1389776133005611,kepler:kplr011904151-2009231120729_slc.fits,1.0003696250978782,0.99997723691304918,0.99997781775827721,0.58084522802648308
116,329.92149087132566,-0.13894692890636229,kepler:kplr011904151-2009350160919_slc.fits,1.0000021629967566,0.99997723691304918,0.99997781775827721,0.58084522802648308
117,262.92240313437651,-0.1387786658555025,kepler:kplr011904151-2009291181958_slc.fits,1.0000006286529499,0.99997723691304918,0.99997781775827721,0.58084522802648308
118,219.37296082978719,-0.13870457044482079,kepler:kplr011904151-2009231120729_slc.fits,1.000195711336193,0.99997723691304918,0.99997781775827721,0.58084522802648308
119,345.83407840270962,-0.13868269752240001,kepler:kplr011904151-2009350160919_slc.fits,0.99948712311109655,0.99997723691304918,0.99997781775827721,0.58084522802648308
120,274.64757519025443,-0.13847640997759031,kepler:kplr011904151-2009291181958_slc.fits,0.99964856395092161,0.99997723691304918,0.99997781775827721,0.58084522802648308
121,342.48441127122351,-0.13838702900851449,kepler:kplr011904151-2009350160919_slc.fits,0.99991877377968263,0.99997723691304918,0.99997781775827721,0.58084522802648308
122,228.58572174709121,-0.1383413531407971,kepler:kplr011904151-2009231120729_slc.fits,1.0001843995800646,0.99997723691304918,0.99997781775827721,0.58084522802648308
123,286.37271195504582,-0.13820944518620409,kepler:kplr011904151-2009291181958_slc.fits,0.99987716502360924,0.99997723691304918,0.99997781775827721,0.58084522802648308
124,328.24734625399287,-0.138110146239148,kepler:kplr011904151-2009350160919_slc.fits,1.0003162718678971,0.99997723691304918,0.99997781775827721,0.58084522802648308
125,219.3736419262932,-0.13802347393880679,kepler:kplr011904151-2009231120729_slc.fits,0.99986533623656437,0.99997723691304918,0.99997781775827721,0.58084522802648308
126,267.94826014808496,-0.13786585214706371,kepler:kplr011904151-2009291181958_slc.fits,1.0004473532491605,0.99997723691304918,0.99997781775827721,0.58084522802648308
127,329.08509965748817,-0.13784744274384941,kepler:kplr011904151-2009350160919_slc.fits,1.0000784370929201,0.99997723691304918,0.99997781775827721,0.58084522802648308
128,204.299114832138,-0.1377179680940088,kepler:kplr011904151-2009231120729_slc.fits,1.0000851074984911,0.99997723691304918,0.99997781775827721,0.58084522802648308
129,264.59859751171462,-0.13756568851739631,kepler:kplr011904151-2009291181958_slc.fits,0.99973333684871002,0.99997723691304918,0.99997781775827721,0.58084522802648308
130,325.73544947652408,-0.1375348237079396,kepler:kplr011904151-2009350160919_slc.fits,1.0001164602990671,0.99997723691304918,0.99997781775827721,0.58084522802648308
131,225.23668434067804,-0.13741595955397121,kepler:kplr011904151-2009231120729_slc.fits,0.9999883291405024,0.99997723691304918,0.99997781775827721,0.58084522802648308
132,261.24893162246008,-0.1372687777719345,kepler:kplr011904151-2009291181958_slc.fits,1.0001502671051137,0.99997723691304918,0.99997781775827721,0.58084522802648308
133,333.27318777402979,-0.1372128262022283,kepler:kplr011904151-2009350160919_slc.fits,1.000249389731336,0.99997723691304918,0.99997781775827721,0.58084522802648308
134,230.26194112787201,-0.13710337236000389,kepler:kplr011904151-2009231120729_slc.fits,0.99955210832281316,0.99997723691304918,0.99997781775827721,0.58084522802648308
135,277.16151801893284,-0.13700568129918089,kepler:kplr011904151-2009291181958_slc.fits,1.0001616971587479,0.99997723691304918,0.99997781775827721,0.58084522802648308
136,334.11094218704966,-0.1369491131823625,kepler:kplr011904151-2009350160919_slc.fits,1.0000905802326081,0.99997723691304918,0.99997781775827721,0.58084522802648308
137,216.86236378179456,-0.1368295184374535,kepler:kplr011904151-2009231120729_slc.fits,1.0006052687287219,0.99997723691304918,0.99997781775827721,0.58084522802648308
138,262.92444638490269,-0.13673541532931741,kepler:kplr011904151-2009291181958_slc.fits,1.0002200666326406,0.99997723691304918,0.99997781775827721,0.58084522802648308
139,345.83612185477978,-0.13663924545224579,kepler:kplr011904151-2009350160919_slc.fits,0.99950668495018735,0.99997723691304918,0.99997781775827721,0.58084522802648308
140,226.07513617369119,-0.1364548265408185,kepler:kplr011904151-2009231120729_slc.fits,1.000473836895609,0.99997723691304918,0.99997781775827721,0.58084522802648308
141,285.53700316653703,-0.1364275336949862,kepler:kplr011904151-2009291181958_slc.fits,0.99989394815236243,0.99997723691304918,0.99997781775827721,0.58084522802648308
142,342.48645462073182,-0.13634367950020199,kepler:kplr011904151-2009350160919_slc.fits,0.99983158983145637,0.99997723691304918,0.99997781775827721,0.58084522802648308
143,226.91290656699857,-0.13617513323343819,kepler:kplr011904151-2009231120729_slc.fits,1.0003427641658649,0.99997723691304918,0.99997781775827721,0.58084522802648308
144,286.37475519311562,-0.13616620711640159,kepler:kplr011904151-2009291181958_slc.fits,1.0002281819707211,0.99997723691304918,0.99997781775827721,0.58084522802648308
145,324.06198751217016,-0.13601538806185859,kepler:kplr011904151-2009350160919_slc.fits,0.9998974284169504,0.99997723691304918,0.99997781775827721,0.58084522802648308
146,227.75067641572241,-0.13589598450960061,kepler:kplr011904151-2009231120729_slc.fits,0.99995486070649642,0.99997723691304918,0.99997781775827721,0.58084522802648308
147,267.9503033952351,-0.13582260499692289,kepler:kplr011904151-2009291181958_slc.fits,0.99997367277646221,0.99997723691304918,0.99997781775827721,0.58084522802648308
148,335.78713281144155,-0.13573988879046969,kepler:kplr011904151-2009350160919_slc.fits,0.99993423730912878,0.99997723691304918,0.99997781775827721,0.58084522802648308
149,228.58844612124813,-0.13561697898388481,kepler:kplr011904151-2009231120729_slc.fits,1.0003079311390559,0.99997723691304918,0.99997781775827721,0.58084522802648308
150,279.67545920999692,-0.1355365902351035,kepler:kplr011904151-2009291181958_slc.fits,0.99990604495912561,0.99997723691304918,0.99997781775827721,0.58084522802648308
151,343.32489273721882,-0.13539626301320409,kepler:kplr011904151-2009350160919_slc.fits,0.99997569474696879,0.99997723691304918,0.99997781775827721,0.58084522802648308
152,229.4262154845128,-0.13533831571921509,kepler:kplr011904151-2009231120729_slc.fits,0.99983301693333981,0.99997723691304918,0.99997781775827721,0.58084522802648308
153,265.43839735311485,-0.13525654711716761,kepler:kplr011904151-2009291181958_slc.fits,0.9999511936709814,0.99997723691304918,0.99997781775827721,0.58084522802648308
154,344.16264982909343,-0.13512987113859681,kepler:kplr011904151-2009350160919_slc.fits,0.99955863481966356,0.99997723691304918,0.99997781775827721,0.58084522802648308
155,220.21413948866399,-0.13501661156802131,kepler:kplr011904151-2009231120729_slc.fits,1.0001773970643659,0.99997723691304918,0.99997781775827721,0.58084522802648308
156,288.0509400806186,-0.13496271961341749,kepler:kplr011904151-2009291181958_slc.fits,0.99950561208013444,0.99997723691304918,0.99997781775827721,0.58084522802648308
157,325.73817379603133,-0.1348105042006881,kepler:kplr011904151-2009350160919_slc.fits,1.0001710285330387,0.99997723691304918,0.99997781775827721,0.58084522802648308
158,221.0519123143531,-0.1347344858789068,kepler:kplr011904151-2009231120729_slc.fits,0.99975141069269802,0.99997723691304918,0.99997781775827721,0.58084522802648308
159,288.88869187286042,-0.13470162737159971,kepler:kplr011904151-2009291181958_slc.fits,1.0000613031876591,0.99997723691304918,0.99997781775827721,0.58084522802648308
160,337.46332409295428,-0.13453000727774089,kepler:kplr011904151-2009350160919_slc.fits,0.99996431055351165,0.99997723691304918,0.99997781775827721,0.58084522802648308
161,211.83979850843025,-0.13445059180176239,kepler:kplr011904151-2009231120729_slc.fits,0.99986910682194075,0.99997723691304918,0.99997781775827721,0.58084522802648308
162,278.83906813008798,-0.1344369701440388,kepler:kplr011904151-2009291181958_slc.fits,1.0001558868814835,0.99997723691304918,0.99997781775827721,0.58084522802648308
163,349.18851768018794,-0.13420622004407959,kepler:kplr011904151-2009350160919_slc.fits,0.99906839350208443,0.99997723691304918,0.99997781775827721,0.58084522802648308
164,226.91494984930611,-0.1341318509258986,kepler:kplr011904151-2009231120729_slc.fits,1.0000614784968005,0.99997723691304918,0.99997781775827721,0.58084522802648308
165,275.48941587016452,-0.13412643006749819,kepler:kplr011904151-2009291181958_slc.fits,0.99988156559425856,0.99997723691304918,0.99997781775827721,0.58084522802648308
166,330.76401228764007,-0.13391621259195041,kepler:kplr011904151-2009350160919_slc.fits,1.0002560305108528,0.99997723691304918,0.99997781775827721,0.58084522802648308
167,217.70286240004489,-0.13382160018708861,kepler:kplr011904151-2009231120729_slc.fits,0.99992288255147277,0.99997723691304918,0.99997781775827721,0.58084522802648308
168,272.13976073338563,-0.1338187668463906,kepler:kplr011904151-2009291181958_slc.fits,0.9998640585621088,0.99997723691304918,0.99997781775827721,0.58084522802648308
169,331.60176602252614,-0.13365317770588619,kepler:kplr011904151-2009350160919_slc.fits,1.0002010069091427,0.99997723691304918,0.99997781775827721,0.58084522802648308
170,202.62832270555373,-0.13352869467828299,kepler:kplr011904151-2009231120729_slc.fits,1.0001198327942893,0.99997723691304918,0.99997781775827721,0.58084522802648308
171,268.79010243441007,-0.1335142658219457,kepler:kplr011904151-2009291181958_slc.fits,1.0001552963287126,0.99997723691304918,0.99997781775827721,0.58084522802648308
172,347.51436245824152,-0.13338004199050069,kepler:kplr011904151-2009350160919_slc.fits,0.99880492531817278,0.99997723691304918,0.99997781775827721,0.58084522802648308
173,219.3784098027827,-0.1332555974493114,kepler:kplr011904151-2009231120729_slc.fits,0.99994218435756521,0.99997723691304918,0.99997781775827721,0.58084522802648308
174,280.51525543426402,-0.1332310659679993,kepler:kplr011904151-2009291181958_slc.fits,1.0003412633013442,0.99997723691304918,0.99997781775827721,0.58084522802648308
175,348.352121111413,-0.13311208881902381,kepler:kplr011904151-2009350160919_slc.fits,0.99942640741265798,0.99997723691304918,0.99997781775827721,0.58084522802648308
176,288.05298351799138,-0.13291928224064081,kepler:kplr011904151-2009291181958_slc.fits,0.99975745426187845,0.99997723691304918,0.99997781775827721,0.58084522802648308
177,214.35380687056025,-0.1329143296717632,kepler:kplr011904151-2009231120729_slc.fits,1.0002185862208086,0.99997723691304918,0.99997781775827721,0.58084522802648308
178,329.92762079617387,-0.13281700405815219,kepler:kplr011904151-2009350160919_slc.fits,1.0001271993882286,0.99997723691304918,0.99997781775827721,0.58084522802648308
179,278.00335806985822,-0.13265633037379659,kepler:kplr011904151-2009291181958_slc.fits,0.99996062346522963,0.99997723691304918,0.99997781775827721,0.58084522802648308
180,215.19158215400967,-0.1326297462223458,kepler:kplr011904151-2009231120729_slc.fits,0.99985555066975484,0.99997723691304918,0.99997781775827721,0.58084522802648308
181,341.6527844392549,-0.13252316097712041,kepler:kplr011904151-2009350160919_slc.fits,1.0005671984653499,0.99997723691304918,0.99997781775827721,0.58084522802648308
182,285.54108964313491,-0.1323410570971095,kepler:kplr011904151-2009291181958_slc.fits,0.99975297749087177,0.99997723691304918,0.99997781775827721,0.58084522802648308
183,220.21686407399105,-0.13229202624096281,kepler:kplr011904151-2009231120729_slc.fits,0.99963999887241539,0.99997723691304918,0.99997781775827721,0.58084522802648308
184,338.30312302346283,-0.13222177676919061,kepler:kplr011904151-2009350160919_slc.fits,1.000520713008733,0.99997723691304918,0.99997781775827721,0.58084522802648308
185,271.30404922005255,-0.13203958017947129,kepler:kplr011904151-2009291181958_slc.fits,1.0000968316043728,0.99997723691304918,0.99997781775827721,0.58084522802648308
186,205.1423433428572,-0.1319801573748087,kepler:kplr011904151-2009231120729_slc.fits,0.99993913197892725,0.99997723691304918,0.99997781775827721,0.58084522802648308
187,339.14087813735387,-0.13195736287815579,kepler:kplr011904151-2009350160919_slc.fits,1.0003906296248284,0.99997723691304918,0.99997781775827721,0.58084522802648308
188,272.1418040778517,-0.1317754223803167,kepler:kplr011904151-2009291181958_slc.fits,1.0002102748866939,0.99997723691304918,0.99997781775827721,0.58084522802648308
189,339.97863408564444,-0.13169211458757779,kepler:kplr011904151-2009350160919_slc.fits,1.0004885716358722,0.99997723691304918,0.99997781775827721,0.58084522802648308
190,226.07990393434011,-0.1316870658919011,kepler:kplr011904151-2009231120729_slc.fits,0.99998294258996479,0.99997723691304918,0.99997781775827721,0.58084522802648308
191,268.7921457809789,-0.13147091925311999,kepler:kplr011904151-2009291181958_slc.fits,1.0002851417379992,0.99997723691304918,0.99997781775827721,0.58084522802648308
192,226.91767432555207,-0.13140737467993979,kepler:kplr011904151-2009231120729_slc.fits,1.0006872161175646,0.99997723691304918,0.99997781775827721,0.58084522802648308
193,325.74157939542056,-0.13140490481146291,kepler:kplr011904151-2009350160919_slc.fits,0.99958447693881158,0.99997723691304918,0.99997781775827721,0.58084522802648308
194,269.6299012576419,-0.13120614259011451,kepler:kplr011904151-2009291181958_slc.fits,0.99982527258010923,0.99997723691304918,0.99997781775827721,0.58084522802648308
195,337.46672970299551,-0.1311243972365137,kepler:kplr011904151-2009350160919_slc.fits,0.99981052907356016,0.99997723691304918,0.99997781775827721,0.58084522802648308
196,207.65567953485879,-0.1311160653732201,kepler:kplr011904151-2009231120729_slc.fits,0.99977214891226718,0.99997723691304918,0.99997781775827721,0.58084522802648308
197,288.05502665547101,-0.13087614476100909,kepler:kplr011904151-2009291181958_slc.fits,0.99976888431551281,0.99997723691304918,0.99997781775827721,0.58084522802648308
198,208.49345763136807,-0.13082866886393771,kepler:kplr011904151-2009231120729_slc.fits,0.99989137123082861,0.99997723691304918,0.99997781775827721,0.58084522802648308
199,334.11707211887551,-0.13081918135650911,kepler:kplr011904151-2009350160919_slc.fits,1.0004135118536774,0.99997723691304918,0.99997781775827721,0.58084522802648308
200,262.93057633623539,-0.1306054639966216,kepler:kplr011904151-2009291181958_slc.fits,0.99970118029781863,0.99997723691304918,0.99997781775827721,0.58084522802648308
201,229.4309832372528,-0.1305705629792068,kepler:kplr011904151-2009231120729_slc.fits,1.0002599908392731,0.99997723691304918,0.99997781775827721,0.58084522802648308
202,334.95482663728035,-0.1305553629516733,kepler:kplr011904151-2009350160919_slc.fits,0.99982608747128521,0.99997723691304918,0.99997781775827721,0.58084522802648308
203,263.76833340022858,-0.13033910000342699,kepler:kplr011904151-2009291181958_slc.fits,0.99985727673028557,0.99997723691304918,0.99997781775827721,0.58084522802648308
204,342.49258446933527,-0.1302138308967517,kepler:kplr011904151-2009350160919_slc.fits,1.0001147906173602,0.99997723691304918,0.99997781775827721,0.58084522802648308
205,208.49413873159929,-0.1301475686326902,kepler:kplr011904151-2009231120729_slc.fits,0.9999707330754134,0.99997723691304918,0.99997781775827721,0.58084522802648308
206,286.3808851069698,-0.1300362932622203,kepler:kplr011904151-2009291181958_slc.fits,1.0001877957812131,0.99997723691304918,0.99997781775827721,0.58084522802648308
207,328.25551951711532,-0.12993688311670401,kepler:kplr011904151-2009350160919_slc.fits,1.000262785132304,0.99997723691304918,0.99997781775827721,0.58084522802648308
208,229.43166443049995,-0.12988936973206039,kepler:kplr011904151-2009231120729_slc.fits,1.0000849279468069,0.99997723691304918,0.99997781775827721,0.58084522802648308
209,283.03123821331974,-0.12972038691228069,kepler:kplr011904151-2009291181958_slc.fits,0.99981670003988321,0.99997723691304918,0.99997781775827721,0.58084522802648308
210,220.21958845932383,-0.1295676409081796,kepler:kplr011904151-2009231120729_slc.fits,0.99994038884071923,0.99997723691304918,0.99997781775827721,0.58084522802648308
211,331.60585260754306,-0.12956659268896509,kepler:kplr011904151-2009350160919_slc.fits,1.0002688377284921,0.99997723691304918,0.99997781775827721,0.58084522802648308
212,279.68158913188381,-0.12940666834820819,kepler:kplr011904151-2009291181958_slc.fits,0.99955236099949885,0.99997723691304918,0.99997781775827721,0.58084522802648308
213,347.51844906510814,-0.12929343512387881,kepler:kplr011904151-2009350160919_slc.fits,0.99947507483968756,0.99997723691304918,0.99997781775827721,0.58084522802648308
214,221.05736128268472,-0.12928551754728621,kepler:kplr011904151-2009231120729_slc.fits,0.99983211917491677,0.99997723691304918,0.99997781775827721,0.58084522802648308
215,265.44452729932527,-0.12912660090674599,kepler:kplr011904151-2009291181958_slc.fits,1.0001953015164329,0.99997723691304918,0.99997781775827721,0.58084522802648308
216,211.84524750214041,-0.12900159809160169,kepler:kplr011904151-2009231120729_slc.fits,0.99975419374380903,0.99997723691304918,0.99997781775827721,0.58084522802648308
217,329.09395390265854,-0.1289931975734806,kepler:kplr011904151-2009350160919_slc.fits,1.0003792454313711,0.99997723691304918,0.99997781775827721,0.58084522802648308
218,277.16969108633202,-0.12883261389999659,kepler:kplr011904151-2009291181958_slc.fits,0.99980546048714303,0.99997723691304918,0.99997781775827721,0.58084522802648308
219,340.81911470439809,-0.12870219583393269,kepler:kplr011904151-2009350160919_slc.fits,1.0003570652277856,0.99997723691304918,0.99997781775827721,0.58084522802648308
220,206.82062559119368,-0.12867930903833619,kepler:kplr011904151-2009231120729_slc.fits,1.0003678295810323,0.99997723691304918,0.99997781775827721,0.58084522802648308
221,273.82003752907622,-0.1285233711558024,kepler:kplr011904151-2009291181958_slc.fits,0.99978526739238882,0.99997723691304918,0.99997781775827721,0.58084522802648308
222,326.5820565391914,-0.12841846104062249,kepler:kplr011904151-2009350160919_slc.fits,1.0000738834155372,0.99997723691304918,0.99997781775827721,0.58084522802648308
223,217.70831137768985,-0.12837262254215709,kepler:kplr011904151-2009231120729_slc.fits,1.0000895244699322,0.99997723691304918,0.99997781775827721,0.58084522802648308
224,285.54517631961789,-0.1282543806141252,kepler:kplr011904151-2009291181958_slc.fits,0.99972316410097517,0.99997723691304918,0.99997781775827721,0.58084522802648308
225,338.30720961662155,-0.12813518361047291,kepler:kplr011904151-2009350160919_slc.fits,1.0003268022468452,0.99997723691304918,0.99997781775827721,0.58084522802648308
226,202.63377172441687,-0.1280796758151368,kepler:kplr011904151-2009231120729_slc.fits,0.99994739135641797,0.99997723691304918,0.99997781775827721,0.58084522802648308
227,271.30813581015536,-0.12795299007665581,kepler:kplr011904151-2009291181958_slc.fits,1.0003444827664512,0.99997723691304918,0.99997781775827721,0.58084522802648308
228,334.95755116319924,-0.12783083703278031,kepler:kplr011904151-2009350160919_slc.fits,0.99965729782962598,0.99997723691304918,0.99997781775827721,0.58084522802648308
229,203.47155191547063,-0.12779018476138401,kepler:kplr011904151-2009231120729_slc.fits,0.9997927075801516,0.99997723691304918,0.99997781775827721,0.58084522802648308
230,272.14589066690678,-0.127688833325239,kepler:kplr011904151-2009291181958_slc.fits,1.0003715148432963,0.99997723691304918,0.99997781775827721,0.58084522802648308
231,335.79530589128262,-0.1275668089493979,kepler:kplr011904151-2009350160919_slc.fits,1.0001338401677451,0.99997723691304918,0.99997781775827721,0.58084522802648308
232,214.3592557572847,-0.1274654429473116,kepler:kplr011904151-2009231120729_slc.fits,1.0000192838509241,0.99997723691304918,0.99997781775827721,0.58084522802648308
233,283.8710338579549,-0.12741544227712071,kepler:kplr011904151-2009291181958_slc.fits,0.99986222975352701,0.99997723691304918,0.99997781775827721,0.58084522802648308
234,332.44564997408452,-0.127259926147504,kepler:kplr011904151-2009350160919_slc.fits,0.99990729471794659,0.99997723691304918,0.99997781775827721,0.58084522802648308
235,229.43438890349361,-0.12716489673839779,kepler:kplr011904151-2009231120729_slc.fits,1.0001099574516372,0.99997723691304918,0.99997781775827721,0.58084522802648308
236,280.52138535497943,-0.12710114525259009,kepler:kplr011904151-2009291181958_slc.fits,1.0001801757454567,0.99997723691304918,0.99997781775827721,0.58084522802648308
237,344.17082313223364,-0.12695656799838589,kepler:kplr011904151-2009350160919_slc.fits,0.99992387769308255,0.99997723691304918,0.99997781775827721,0.58084522802648308
238,220.22231294465743,-0.12684315557457809,kepler:kplr011904151-2009231120729_slc.fits,1.0004100960475826,0.99997723691304918,0.99997781775827721,0.58084522802648308
239,266.28432690708001,-0.1268176931520042,kepler:kplr011904151-2009291181958_slc.fits,1.0003301951994079,0.99997723691304918,0.99997781775827721,0.58084522802648308
240,325.74634715454886,-0.12663714568316381,kepler:kplr011904151-2009350160919_slc.fits,1.0004620844124279,0.99997723691304918,0.99997781775827721,0.58084522802648308
241,221.06008576685417,-0.12656103337783789,kepler:kplr011904151-2009231120729_slc.fits,0.99998743138207935,0.99997723691304918,0.99997781775827721,0.58084522802648308
242,288.8968651215182,-0.1265283787138162,kepler:kplr011904151-2009291181958_slc.fits,1.0003742961563475,0.99997723691304918,0.99997781775827721,0.58084522802648308
243,337.47149737706059,-0.12635672317143509,kepler:kplr011904151-2009350160919_slc.fits,1.0003185297329329,0.99997723691304918,0.99997781775827721,0.58084522802648308
244,211.84797199888271,-0.1262771013492987,kepler:kplr011904151-2009231120729_slc.fits,0.9998232313665304,0.99997723691304918,0.99997781775827721,0.58084522802648308
245,289.73461681188928,-0.12626738834273779,kepler:kplr011904151-2009291181958_slc.fits,0.9998307971060324,0.99997723691304918,0.99997781775827721,0.58084522802648308
246,338.30925286321872,-0.1260919370133049,kepler:kplr011904151-2009350160919_slc.fits,0.99997389224967159,0.99997723691304918,0.99997781775827721,0.58084522802648308
247,212.68574763565999,-0.12599216457201831,kepler:kplr011904151-2009231120729_slc.fits,0.99977116137800182,0.99997723691304918,0.99997781775827721,0.58084522802648308
248,264.61017622428329,-0.12598697594871841,kepler:kplr011904151-2009291181958_slc.fits,0.99981774779480004,0.99997723691304918,0.99997781775827721,0.58084522802648308
249,339.14700807879854,-0.12582742143348641,kepler:kplr011904151-2009350160919_slc.fits,1.0006924245933793,0.99997723691304918,0.99997781775827721,0.58084522802648308
250,261.26051034841657,-0.1256900518154378,kepler:kplr011904151-2009291181958_slc.fits,0.99955830462738882,0.99997723691304918,0.99997781775827721,0.58084522802648308
251,207.66112843997689,-0.12566716025511929,kepler:kplr011904151-2009231120729_slc.fits,1.0002661674172226,0.99997723691304918,0.99997781775827721,0.58084522802648308
252,324.90995653872233,-0.1255370615096946,kepler:kplr011904151-2009350160919_slc.fits,0.99998459339152101,0.99997723691304918,0.99997781775827721,0.58084522802648308
253,277.17309668935923,-0.12542701087279259,kepler:kplr011904151-2009291181958_slc.fits,0.999930733874976,0.99997723691304918,0.99997781775827721,0.58084522802648308
254,218.54880973994293,-0.12536496028908489,kepler:kplr011904151-2009231120729_slc.fits,1.0002501154966212,0.99997723691304918,0.99997781775827721,0.58084522802648308
255,336.63510427900474,-0.12525912122728569,kepler:kplr011904151-2009350160919_slc.fits,1.0000416282007418,0.99997723691304918,0.99997781775827721,0.58084522802648308
256,284.71082957021281,-0.12511043001921071,kepler:kplr011904151-2009291181958_slc.fits,1.0002819794231603,0.99997723691304918,0.99997781775827721,0.58084522802648308
257,219.38658306226719,-0.1250823379648178,kepler:kplr011904151-2009231120729_slc.fits,1.0001842200283799,0.99997723691304918,0.99997781775827721,0.58084522802648308
258,337.47285964109324,-0.12499445913878481,kepler:kplr011904151-2009350160919_slc.fits,1.000681609609595,0.99997723691304918,0.99997781775827721,0.58084522802648308
259,285.54858181670721,-0.12484888352480709,kepler:kplr011904151-2009291181958_slc.fits,1.0000425388496097,0.99997723691304918,0.99997781775827721,0.58084522802648308
260,224.41185445923475,-0.12475514099726399,kepler:kplr011904151-2009231120729_slc.fits,1.0003425846141802,0.99997723691304918,0.99997781775827721,0.58084522802648308
261,338.31061502759258,-0.124729772639446,kepler:kplr011904151-2009350160919_slc.fits,1.0003751850690383,0.99997723691304918,0.99997781775827721,0.58084522802648308
262,267.12412628666061,-0.1245090135714068,kepler:kplr011904151-2009291181958_slc.fits,1.0002498990726263,0.99997723691304918,0.99997781775827721,0.58084522802648308
263,205.14983565916191,-0.12448784107010261,kepler:kplr011904151-2009231120729_slc.fits,0.99993518184186636,0.99997723691304918,0.99997781775827721,0.58084522802648308
264,324.07356616610195,-0.1244367341300662,kepler:kplr011904151-2009350160919_slc.fits,1.0002435078980498,0.99997723691304918,0.99997781775827721,0.58084522802648308
265,289.73666004879487,-0.1242241514371453,kepler:kplr011904151-2009291181958_slc.fits,1.0001054993950456,0.99997723691304918,0.99997781775827721,0.58084522802648308
266,216.03753045818303,-0.1241721420489838,kepler:kplr011904151-2009231120729_slc.fits,0.99968587432782596,0.99997723691304918,0.99997781775827721,0.58084522802648308
267,335.79871149954852,-0.12416120068350441,kepler:kplr011904151-2009350160919_slc.fits,0.99984449191737423,0.99997723691304918,0.99997781775827721,0.58084522802648308
268,260.42479600025399,-0.12391369997802031,kepler:kplr011904151-2009291181958_slc.fits,0.99998738884082361,0.99997723691304918,0.99997781775827721,0.58084522802648308
269,336.63646654265904,-0.1238968575729853,kepler:kplr011904151-2009350160919_slc.fits,1.0004827656972088,0.99997723691304918,0.99997781775827721,0.58084522802648308
270,200.96297832157143,-0.12389167866058411,kepler:kplr011904151-2009231120729_slc.fits,1.0004291285261482,0.99997723691304918,0.99997781775827721,0.58084522802648308
271,217.71307915813668,-0.1236048420953306,kepler:kplr011904151-2009231120729_slc.fits,1.0003448290102377,0.99997723691304918,0.99997781775827721,0.58084522802648308
272,272.14997725596913,-0.12360224426288539,kepler:kplr011904151-2009291181958_slc.fits,0.99969135045169299,0.99997723691304918,0.99997781775827721,0.58084522802648308
273,348.36165649738541,-0.123576702846611,kepler:kplr011904151-2009350160919_slc.fits,0.99946114817635845,0.99997723691304918,0.99997781775827721,0.58084522802648308
274,283.87512053571845,-0.12332876451356781,kepler:kplr011904151-2009291181958_slc.fits,0.99968353991504277,0.99997723691304918,0.99997781775827721,0.58084522802648308
275,218.5508530306324,-0.1233216695996137,kepler:kplr011904151-2009231120729_slc.fits,1.0000007182067383,0.99997723691304918,0.99997781775827721,0.58084522802648308
276,329.93715612374217,-0.12328167648985119,kepler:kplr011904151-2009350160919_slc.fits,1.0005749776642123,0.99997723691304918,0.99997781775827721,0.58084522802648308
277,219.38862645202607,-0.12303894820593619,kepler:kplr011904151-2009231120729_slc.fits,0.99992243367226119,0.99997723691304918,0.99997781775827721,0.58084522802648308
278,265.45065724542656,-0.12299665480546371,kepler:kplr011904151-2009291181958_slc.fits,0.9997942209344024,0.99997723691304918,0.99997781775827721,0.58084522802648308
279,333.28749087818869,-0.12290972204332989,kepler:kplr011904151-2009350160919_slc.fits,0.99998660459903199,0.99997723691304918,0.99997781775827721,0.58084522802648308
280,204.31409957102005,-0.1227332292119598,kepler:kplr011904151-2009231120729_slc.fits,0.99962473697922605,0.99997723691304918,0.99997781775827721,0.58084522802648308
281,288.06320000517729,-0.1227027950547263,kepler:kplr011904151-2009291181958_slc.fits,1.0000232030088778,0.99997723691304918,0.99997781775827721,0.58084522802648308
282,349.20009642424702,-0.1226274759850003,kepler:kplr011904151-2009350160919_slc.fits,0.99892844381718382,0.99997723691304918,0.99997781775827721,0.58084522802648308
283,221.06417244333721,-0.1224743568947968,kepler:kplr011904151-2009231120729_slc.fits,1.0004989023107764,0.99997723691304918,0.99997781775827721,0.58084522802648308
284,262.93874963797862,-0.12243216225339459,kepler:kplr011904151-2009291181958_slc.fits,0.99979048711688179,0.99997723691304918,0.99997781775827721,0.58084522802648308
285,330.77559095931065,-0.12233754092137331,kepler:kplr011904151-2009350160919_slc.fits,1.0000932365444144,0.99997723691304918,0.99997781775827721,0.58084522802648308
286,226.08943955541329,-0.12215144481871749,kepler:kplr011904151-2009231120729_slc.fits,1.0001772175126815,0.99997723691304918,0.99997781775827721,0.58084522802648308
287,274.66392163529963,-0.1221299649323892,kepler:kplr011904151-2009291181958_slc.fits,0.99924279704690078,0.99997723691304918,0.99997781775827721,0.58084522802648308
288,346.68818301856663,-0.1220687816653889,kepler:kplr011904151-2009350160919_slc.fits,0.99962610513955341,0.99997723691304918,0.99997781775827721,0.58084522802648308
289,200.9650215301881,-0.1218484700439148,kepler:kplr011904151-2009231120729_slc.fits,1.0002811779380538,0.99997723691304918,0.99997781775827721,0.58084522802648308
290,271.31426574519719,-0.1218230550348291,kepler:kplr011904151-2009291181958_slc.fits,1.0002593479169644,0.99997723691304918,0.99997781775827721,0.58084522802648308
291,343.33851470494119,-0.121774295290832,kepler:kplr011904151-2009350160919_slc.fits,0.99981288180687478,0.99997723691304918,0.99997781775827721,0.58084522802648308
292,217.71512254951813,-0.121561450713882,kepler:kplr011904151-2009231120729_slc.fits,1.0000817857923268,0.99997723691304918,0.99997781775827721,0.58084522802648308
293,344.17627200103743,-0.12150769919458949,kepler:kplr011904151-2009350160919_slc.fits,0.99973197813870562,0.99997723691304918,0.99997781775827721,0.58084522802648308
294,289.73938446474494,-0.1214997354870757,kepler:kplr011904151-2009291181958_slc.fits,0.99995633719511678,0.99997723691304918,0.99997781775827721,0.58084522802648308
295,218.55289642132263,-0.1212782789093811,kepler:kplr011904151-2009231120729_slc.fits,0.99994757090810238,0.99997723691304918,0.99997781775827721,0.58084522802648308
296,329.93919946536334,-0.1212383348686767,kepler:kplr011904151-2009350160919_slc.fits,1.0001808948340352,0.99997723691304918,0.99997781775827721,0.58084522802648308
297,264.6149440060035,-0.1212191942285141,kepler:kplr011904151-2009291181958_slc.fits,0.99991966577303981,0.99997723691304918,0.99997781775827721,0.58084522802648308
298,203.47836313596051,-0.1209789642715044,kepler:kplr011904151-2009231120729_slc.fits,0.99984567532710278,0.99997723691304918,0.99997781775827721,0.58084522802648308
299,345.85178718751558,-0.12097391271643861,kepler:kplr011904151-2009350160919_slc.fits,0.99923513398892083,0.99997723691304918,0.99997781775827721,0.58084522802648308
300,276.34011071806162,-0.12092228217039561,kepler:kplr011904151-2009291181958_slc.fits,1.0000520638943049,0.99997723691304918,0.99997781775827721,0.58084522802648308
301,262.10303558516898,-0.1206555150630297,kepler:kplr011904151-2009291181958_slc.fits,1.0002340874984323,0.99997723691304918,0.99997781775827721,0.58084522802648308
302,214.3660670407553,-0.1206541594767145,kepler:kplr011904151-2009231120729_slc.fits,1.00001723696172,0.99997723691304918,0.99997781775827721,0.58084522802648308
303,334.12728853857698,-0.1206027616550446,kepler:kplr011904151-2009350160919_slc.fits,0.99987503950315115,0.99997723691304918,0.99997781775827721,0.58084522802648308
304,225.25371220656959,-0.1203880936624219,kepler:kplr011904151-2009231120729_slc.fits,1.0002601703909575,0.99997723691304918,0.99997781775827721,0.58084522802648308
305,330.77763420137489,-0.12029429885712691,kepler:kplr011904151-2009350160919_slc.fits,0.99998053302918799,0.99997723691304918,0.99997781775827721,0.58084522802648308
306,280.52819645579439,-0.1202900444376329,kepler:kplr011904151-2009291181958_slc.fits,1.0000212979999388,0.99997723691304918,0.99997781775827721,0.58084522802648308
307,230.27896895185404,-0.12007554837797051,kepler:kplr011904151-2009231120729_slc.fits,1.0003718515387672,0.99997723691304918,0.99997781775827721,0.58084522802648308
308,266.29113783420325,-0.12000676602876401,kepler:kplr011904151-2009291181958_slc.fits,0.99996167122014623,0.99997723691304918,0.99997781775827721,0.58084522802648308
309,338.31538280296809,-0.1199619972639336,kepler:kplr011904151-2009350160919_slc.fits,1.000554106642874,0.99997723691304918,0.99997781775827721,0.58084522802648308
310,211.01700650493879,-0.1197518952932199,kepler:kplr011904151-2009231120729_slc.fits,1.0003377367186967,0.99997723691304918,0.99997781775827721,0.58084522802648308
311,288.90367601208709,-0.1197174881449303,kepler:kplr011904151-2009291181958_slc.fits,0.99995359398224481,0.99997723691304918,0.99997781775827721,0.58084522802648308
312,324.0783338236069,-0.11966907662512399,kepler:kplr011904151-2009350160919_slc.fits,0.99972867672260302,0.99997723691304918,0.99997781775827721,0.58084522802648308
313,211.85478309096649,-0.11946600926551899,kepler:kplr011904151-2009231120729_slc.fits,0.99986587489161816,0.99997723691304918,0.99997781775827721,0.58084522802648308
314,278.85405239761167,-0.119452702620352,kepler:kplr011904151-2009291181958_slc.fits,1.0000368238227924,0.99997723691304918,0.99997781775827721,0.58084522802648308
315,331.61606922010839,-0.11934998012363519,kepler:kplr011904151-2009350160919_slc.fits,0.9999566262229278,0.99997723691304918,0.99997781775827721,0.58084522802648308
316,226.92993431891955,-0.1191473813124606,kepler:kplr011904151-2009231120729_slc.fits,1.0002134869529666,0.99997723691304918,0.99997781775827721,0.58084522802648308
317,260.42956368872547,-0.11914601150654559,kepler:kplr011904151-2009291181958_slc.fits,0.99989680566577099,0.99997723691304918,0.99997781775827721,0.58084522802648308
318,328.26641710130207,-0.1190392989299535,kepler:kplr011904151-2009350160919_slc.fits,0.99987323700585384,0.99997723691304918,0.99997781775827721,0.58084522802648308
319,276.34215406032308,-0.1188789399089369,kepler:kplr011904151-2009291181958_slc.fits,0.99979022041563037,0.99997723691304918,0.99997781775827721,0.58084522802648308
320,217.71784693834343,-0.1188370618885823,kepler:kplr011904151-2009231120729_slc.fits,1.0001027035635803,0.99997723691304918,0.99997781775827721,0.58084522802648308
321,324.916767536306,-0.1187260639260241,kepler:kplr011904151-2009350160919_slc.fits,1.0002863883600721,0.99997723691304918,0.99997781775827721,0.58084522802648308
322,272.99249958349537,-0.1185706167366458,kepler:kplr011904151-2009291181958_slc.fits,1.0001375035452218,0.99997723691304918,0.99997781775827721,0.58084522802648308
323,202.6433074567758,-0.1185439434562098,kepler:kplr011904151-2009231120729_slc.fits,0.99973390440345122,0.99997723691304918,0.99997781775827721,0.58084522802648308
324,347.52934671685216,-0.1183957833798619,kepler:kplr011904151-2009350160919_slc.fits,0.99912083668661056,0.99997723691304918,0.99997781775827721,0.58084522802648308
325,273.83025394700235,-0.11830695322967159,kepler:kplr011904151-2009291181958_slc.fits,1.0000201549945755,0.99997723691304918,0.99997781775827721,0.58084522802648308
326,219.39339432850829,-0.1182710717237167,kepler:kplr011904151-2009231120729_slc.fits,1.0001308931780597,0.99997723691304918,0.99997781775827721,0.58084522802648308
327,329.10485148904263,-0.11809561118939089,kepler:kplr011904151-2009350160919_slc.fits,1.0001361170064369,0.99997723691304918,0.99997781775827721,0.58084522802648308
328,285.55539281088568,-0.1180378893463416,kepler:kplr011904151-2009291181958_slc.fits,1.0001416945648878,0.99997723691304918,0.99997781775827721,0.58084522802648308
329,224.41866570847924,-0.11794389175277149,kepler:kplr011904151-2009231120729_slc.fits,0.99995708714738518,0.99997723691304918,0.99997781775827721,0.58084522802648308
330,286.39314493478741,-0.1177764654446047,kepler:kplr011904151-2009291181958_slc.fits,0.9999942468730042,0.99997723691304918,0.99997781775827721,0.58084522802648308
331,332.45518540799094,-0.1177244922410825,kepler:kplr011904151-2009350160919_slc.fits,1.0002075338467249,0.99997723691304918,0.99997781775827721,0.58084522802648308
332,225.2564365851504,-0.1176637150816137,kepler:kplr011904151-2009231120729_slc.fits,1.0002353922584857,0.99997723691304918,0.99997781775827721,0.58084522802648308
333,272.1561071896067,-0.1174723106253186,kepler:kplr011904151-2009291181958_slc.fits,1.0001920820513259,0.99997723691304918,0.99997781775827721,0.58084522802648308
334,344.1803585026355,-0.11742119759652241,kepler:kplr011904151-2009350160919_slc.fits,0.99976413848522216,0.99997723691304918,0.99997781775827721,0.58084522802648308
335,216.0443416358321,-0.1173609643999142,kepler:kplr011904151-2009231120729_slc.fits,0.99991176830219719,0.99997723691304918,0.99997781775827721,0.58084522802648308
336,283.88125055236014,-0.11719874787187649,kepler:kplr011904151-2009291181958_slc.fits,0.9999774827943404,0.99997723691304918,0.99997781775827721,0.58084522802648308
337,325.75588247284759,-0.1171018273844328,kepler:kplr011904151-2009350160919_slc.fits,0.99987572255475876,0.99997723691304918,0.99997781775827721,0.58084522802648308
338,200.96978945044248,-0.1170805497895344,kepler:kplr011904151-2009231120729_slc.fits,1.0000614784968005,0.99997723691304918,0.99997781775827721,0.58084522802648308
339,284.71900282434945,-0.1169371758825743,kepler:kplr011904151-2009291181958_slc.fits,0.99987137379643443,0.99997723691304918,0.99997781775827721,0.58084522802648308
340,217.71989032996493,-0.1167936702670839,kepler:kplr011904151-2009231120729_slc.fits,1.0001653671014992,0.99997723691304918,0.99997781775827721,0.58084522802648308
341,333.29362080855208,-0.116779791679944,kepler:kplr011904151-2009350160919_slc.fits,1.0000601275151098,0.99997723691304918,0.99997781775827721,0.58084522802648308
342,266.29454344782425,-0.1166011524077657,kepler:kplr011904151-2009291181958_slc.fits,0.99985203795570321,0.99997723691304918,0.99997781775827721,0.58084522802648308
343,329.94396712915483,-0.1164706710771934,kepler:kplr011904151-2009350160919_slc.fits,1.0006249542734893,0.99997723691304918,0.99997781775827721,0.58084522802648308
344,222.74516589949053,-0.11646230074147999,kepler:kplr011904151-2009231120729_slc.fits,0.99975437329549355,0.99997723691304918,0.99997781775827721,0.58084522802648308
345,267.13229957711155,-0.116335723120466,kepler:kplr011904151-2009291181958_slc.fits,0.99971706807237037,0.99997723691304918,0.99997781775827721,0.58084522802648308
346,341.6691309306334,-0.1161766695986212,kepler:kplr011904151-2009350160919_slc.fits,1.0002469231560869,0.99997723691304918,0.99997781775827721,0.58084522802648308
347,227.7704288359746,-0.1161435642574115,kepler:kplr011904151-2009231120729_slc.fits,0.99993177035985925,0.99997723691304918,0.99997781775827721,0.58084522802648308
348,278.85745789923385,-0.1160472009981692,kepler:kplr011904151-2009291181958_slc.fits,0.99990537820599679,0.99997723691304918,0.99997781775827721,0.58084522802648308
349,338.31946949615667,-0.1158753040753506,kepler:kplr011904151-2009350160919_slc.fits,1.000136875952667,0.99997723691304918,0.99997781775827721,0.58084522802648308
350,228.60819853335124,-0.11586456688076829,kepler:kplr011904151-2009231120729_slc.fits,0.99990699222738721,0.99997723691304918,0.99997781775827721,0.58084522802648308
351,260.43296910932986,-0.1157405909021509,kepler:kplr011904151-2009291181958_slc.fits,1.0002403740279311,0.99997723691304918,0.99997781775827721,0.58084522802648308
352,229.44596768847259,-0.1155861117594181,kepler:kplr011904151-2009231120729_slc.fits,0.99987979014717321,0.99997723691304918,0.99997781775827721,0.58084522802648308
353,324.08242060147313,-0.1155822987588894,kepler:kplr011904151-2009350160919_slc.fits,1.0003352455236592,0.99997723691304918,0.99997781775827721,0.58084522802648308
354,261.27072690673958,-0.1154734934924288,kepler:kplr011904151-2009291181958_slc.fits,0.99990478765322555,0.99997723691304918,0.99997781775827721,0.58084522802648308
355,210.18399736547872,-0.1152703347532941,kepler:kplr011904151-2009231120729_slc.fits,1.0001586518684955,0.99997723691304918,0.99997781775827721,0.58084522802648308
356,262.10848445454758,-0.1152066456844327,kepler:kplr011904151-2009291181958_slc.fits,1.0001199774629823,0.99997723691304918,0.99997781775827721,0.58084522802648308
357,334.13273738911084,-0.1151539111211779,kepler:kplr011904151-2009350160919_slc.fits,0.99986505936022041,0.99997723691304918,0.99997781775827721,0.58084522802648308
358,221.07166459980365,-0.114982200428356,kepler:kplr011904151-2009231120729_slc.fits,1.0000009875342653,0.99997723691304918,0.99997781775827721,0.58084522802648308
359,273.83365955293993,-0.1149013472920845,kepler:kplr011904151-2009291181958_slc.fits,1.0000435866045261,0.99997723691304918,0.99997781775827721,0.58084522802648308
360,324.08310168112075,-0.1149012191112692,kepler:kplr011904151-2009350160919_slc.fits,0.99996774478520456,0.99997723691304918,0.99997781775827721,0.58084522802648308
361,211.85955088514311,-0.1146982150889037,kepler:kplr011904151-2009231120729_slc.fits,0.99996452058712681,0.99997723691304918,0.99997781775827721,0.58084522802648308
362,270.48400288785342,-0.11459521237859779,kepler:kplr011904151-2009291181958_slc.fits,1.0001605541533845,0.99997723691304918,0.99997781775827721,0.58084522802648308
363,331.62083698597417,-0.11458221425785629,kepler:kplr011904151-2009350160919_slc.fits,1.0004424466787143,0.99997723691304918,0.99997781775827721,0.58084522802648308
364,226.93470217747381,-0.11437952275820069,kepler:kplr011904151-2009231120729_slc.fits,1.000328579582783,0.99997723691304918,0.99997781775827721,0.58084522802648308
365,282.20915090698691,-0.1143169932451133,kepler:kplr011904151-2009291181958_slc.fits,0.99999645668337356,0.99997723691304918,0.99997781775827721,0.58084522802648308
366,347.53343342377769,-0.1143090764543277,kepler:kplr011904151-2009350160919_slc.fits,0.99938722681350944,0.99997723691304918,0.99997781775827721,0.58084522802648308
367,227.77247211735084,-0.1141002828811661,kepler:kplr011904151-2009231120729_slc.fits,1.0003878316386947,0.99997723691304918,0.99997781775827721,0.58084522802648308
368,348.37119188340881,-0.1140413168232097,kepler:kplr011904151-2009350160919_slc.fits,0.99965314259901439,0.99997723691304918,0.99997781775827721,0.58084522802648308
369,267.97209863062017,-0.11402736961185229,kepler:kplr011904151-2009291181958_slc.fits,1.0002493275699449,0.99997723691304918,0.99997781775827721,0.58084522802648308
370,208.51048563975201,-0.1138006604800061,kepler:kplr011904151-2009231120729_slc.fits,0.99990196478021875,0.99997723691304918,0.99997781775827721,0.58084522802648308
371,264.6224361199711,-0.1137270802609133,kepler:kplr011904151-2009291181958_slc.fits,0.99980584148893081,0.99997723691304918,0.99997781775827721,0.58084522802648308
372,325.75928797223605,-0.113696327995969,kepler:kplr011904151-2009350160919_slc.fits,0.99985568637427402,0.99997723691304918,0.99997781775827721,0.58084522802648308
373,229.44801106821251,-0.1135427320195017,kepler:kplr011904151-2009231120729_slc.fits,0.99994083771993081,0.99997723691304918,0.99997781775827721,0.58084522802648308
374,265.46019260607864,-0.11346129415338339,kepler:kplr011904151-2009291181958_slc.fits,1.0000632081965983,0.99997723691304918,0.99997781775827721,0.58084522802648308
375,337.48443833529745,-0.113415764934567,kepler:kplr011904151-2009350160919_slc.fits,0.99990691524483144,0.99997723691304918,0.99997781775827721,0.58084522802648308
376,204.323635195462,-0.1131976047700078,kepler:kplr011904151-2009231120729_slc.fits,1.0001098856309636,0.99997723691304918,0.99997781775827721,0.58084522802648308
377,288.07273531309329,-0.11316748713873,kepler:kplr011904151-2009291181958_slc.fits,0.999784048186668,0.99997723691304918,0.99997781775827721,0.58084522802648308
378,349.20963191353803,-0.1130919866939894,kepler:kplr011904151-2009350160919_slc.fits,0.99941443503587202,0.99997723691304918,0.99997781775827721,0.58084522802648308
379,205.16141468407287,-0.11290881615914471,kepler:kplr011904151-2009231120729_slc.fits,1.0001299954196363,0.99997723691304918,0.99997781775827721,0.58084522802648308
380,288.91048700265674,-0.1129064975752829,kepler:kplr011904151-2009291181958_slc.fits,1.0002013213446803,0.99997723691304918,0.99997781775827721,0.58084522802648308
381,330.78512638893881,-0.11280211129321489,kepler:kplr011904151-2009350160919_slc.fits,1.0001480704095669,0.99997723691304918,0.99997781775827721,0.58084522802648308
382,263.78604206576711,-0.112630434464906,kepler:kplr011904151-2009291181958_slc.fits,0.99974983422612218,0.99997723691304918,0.99997781775827721,0.58084522802648308
383,230.28646127455431,-0.1125832256776977,kepler:kplr011904151-2009231120729_slc.fits,1.000107551459064,0.99997723691304918,0.99997781775827721,0.58084522802648308
384,331.6228802284968,-0.11253897173522449,kepler:kplr011904151-2009350160919_slc.fits,0.99998850196460798,0.99997723691304918,0.99997781775827721,0.58084522802648308
385,286.39859366936435,-0.11232773086767441,kepler:kplr011904151-2009291181958_slc.fits,0.9998660397714052,0.99997723691304918,0.99997781775827721,0.58084522802648308
386,216.88688399121747,-0.1123093090145364,kepler:kplr011904151-2009231120729_slc.fits,1.0002574771156889,0.99997723691304918,0.99997781775827721,0.58084522802648308
387,343.34805017237522,-0.1122388278567978,kepler:kplr011904151-2009350160919_slc.fits,1.0003440682735885,0.99997723691304918,0.99997781775827721,0.58084522802648308
388,201.81233814860752,-0.1120225516244879,kepler:kplr011904151-2009231120729_slc.fits,1.000176607036954,0.99997723691304918,0.99997781775827721,0.58084522802648308
389,283.04894678630808,-0.1120118139239405,kepler:kplr011904151-2009291181958_slc.fits,1.0000809247797315,0.99997723691304918,0.99997781775827721,0.58084522802648308
390,344.18580737143202,-0.11197232880000201,kepler:kplr011904151-2009350160919_slc.fits,0.99989306447612503,0.99997723691304918,0.99997781775827721,0.58084522802648308
391,279.69929761732783,-0.11169818290418999,kepler:kplr011904151-2009291181958_slc.fits,0.99999081785691379,0.99997723691304918,0.99997781775827721,0.58084522802648308
392,212.70005121261056,-0.11168858762145099,kepler:kplr011904151-2009231120729_slc.fits,1.0000404889048731,0.99997723691304918,0.99997781775827721,0.58084522802648308
393,325.76133131187089,-0.11165298836113099,kepler:kplr011904151-2009350160919_slc.fits,1.0001119445689961,0.99997723691304918,0.99997781775827721,0.58084522802648308
394,280.53705069689022,-0.1114358033418003,kepler:kplr011904151-2009291181958_slc.fits,0.99999777113954158,0.99997723691304918,0.99997781775827721,0.58084522802648308
395,326.59908403923328,-0.1113909609987455,kepler:kplr011904151-2009350160919_slc.fits,0.99990995102975322,0.99997723691304918,0.99997781775827721,0.58084522802648308
396,227.77519659243265,-0.1113758077993605,kepler:kplr011904151-2009231120729_slc.fits,1.000406774341418,0.99997723691304918,0.99997781775827721,0.58084522802648308
397,277.18739978213853,-0.1111239180934919,kepler:kplr011904151-2009291181958_slc.fits,1.000215304110293,0.99997723691304918,0.99997781775827721,0.58084522802648308
398,208.51321004115016,-0.1110762590818517,kepler:kplr011904151-2009231120729_slc.fits,1.0003921408791243,0.99997723691304918,0.99997781775827721,0.58084522802648308
399,334.13682397701632,-0.11106732321570149,kepler:kplr011904151-2009350160919_slc.fits,1.0002112526832545,0.99997723691304918,0.99997781775827721,0.58084522802648308
400,273.83774614013242,-0.11081476009959521,kepler:kplr011904151-2009291181958_slc.fits,1.00020101654325,0.99997723691304918,0.99997781775827721,0.58084522802648308
401,324.08718825899268,-0.1108146412393384,kepler:kplr011904151-2009350160919_slc.fits,0.99972013857750996,0.99997723691304918,0.99997781775827721,0.58084522802648308
402,209.35098777816893,-0.110789222063083,kepler:kplr011904151-2009231120729_slc.fits,0.99994451852946464,0.99997723691304918,0.99997781775827721,0.58084522802648308
403,324.92494069343229,-0.11055290679973059,kepler:kplr011904151-2009350160919_slc.fits,0.99988187001922557,0.99997723691304918,0.99997781775827721,0.58084522802648308
404,285.56288498445792,-0.1105457157740961,kepler:kplr011904151-2009291181958_slc.fits,0.99953056769723603,0.99997723691304918,0.99997781775827721,0.58084522802648308
405,214.37628381584364,-0.1104373843883763,kepler:kplr011904151-2009231120729_slc.fits,1.0000383522398266,0.99997723691304918,0.99997781775827721,0.58084522802648308
406,336.65008857932122,-0.1102748209108011,kepler:kplr011904151-2009350160919_slc.fits,0.9997973423828056,0.99997723691304918,0.99997781775827721,0.58084522802648308
407,282.21323748603754,-0.11023041419447741,kepler:kplr011904151-2009291181958_slc.fits,1.0001314837169739,0.99997723691304918,0.99997781775827721,0.58084522802648308
408,215.21405898951343,-0.11015291071857899,kepler:kplr011904151-2009231120729_slc.fits,1.0001263325652712,0.99997723691304918,0.99997781775827721,0.58084522802648308
409,333.30043182009103,-0.1099687801409867,kepler:kplr011904151-2009350160919_slc.fits,0.99994125756176078,0.99997723691304918,0.99997781775827721,0.58084522802648308
410,283.05099002554198,-0.10996857469004161,kepler:kplr011904151-2009291181958_slc.fits,1.0000670182144764,0.99997723691304918,0.99997781775827721,0.58084522802648308
411,210.1894462636192,-0.1098214366128083,kepler:kplr011904151-2009231120729_slc.fits,1.0000603293660193,0.99997723691304918,0.99997781775827721,0.58084522802648308
412,268.81394101065962,-0.1096756895724002,kepler:kplr011904151-2009291181958_slc.fits,0.99951132710695156,0.99997723691304918,0.99997781775827721,0.58084522802648308
413,345.02560818524944,-0.109662214982583,kepler:kplr011904151-2009350160919_slc.fits,0.99951795530170984,0.99997723691304918,0.99997781775827721,0.58084522802648308
414,216.88960848097489,-0.1095848192571242,kepler:kplr011904151-2009231120729_slc.fits,0.99965705628245061,0.99997723691304918,0.99997781775827721,0.58084522802648308
415,345.86336591615691,-0.10939518407511351,kepler:kplr011904151-2009350160919_slc.fits,0.99931636020923842,0.99997723691304918,0.99997781775827721,0.58084522802648308
416,280.53909403716534,-0.10939246306667801,kepler:kplr011904151-2009291181958_slc.fits,0.99991644630793275,0.99997723691304918,0.99997781775827721,0.58084522802648308
417,211.86499987886049,-0.1092492213715239,kepler:kplr011904151-2009231120729_slc.fits,0.99995600983727762,0.99997723691304918,0.99997781775827721,0.58084522802648308
418,281.37684696479846,-0.10913023543355919,kepler:kplr011904151-2009291181958_slc.fits,1.0002374403141652,0.99997723691304918,0.99997781775827721,0.58084522802648308
419,327.43888036197313,-0.1090853382588878,kepler:kplr011904151-2009350160919_slc.fits,1.0002233009546633,0.99997723691304918,0.99997781775827721,0.58084522802648308
420,200.97796298513279,-0.10890701509921991,kepler:kplr011904151-2009231120729_slc.fits,0.99992647358516418,0.99997723691304918,0.99997781775827721,0.58084522802648308
421,328.2766336052664,-0.1088227949656239,kepler:kplr011904151-2009350160919_slc.fits,1.0004762387596269,0.99997723691304918,0.99997781775827721,0.58084522802648308
422,288.91457377692859,-0.10881972330342821,kepler:kplr011904151-2009291181958_slc.fits,0.9996847591207636,0.99997723691304918,0.99997781775827721,0.58084522802648308
423,201.81574376164644,-0.1086169385855662,kepler:kplr011904151-2009231120729_slc.fits,1.0002483199797754,0.99997723691304918,0.99997781775827721,0.58084522802648308
424,289.75232536520343,-0.1085588350285871,kepler:kplr011904151-2009291181958_slc.fits,0.99975964502215842,0.99997723691304918,0.99997781775827721,0.58084522802648308
425,324.92698403271788,-0.1085095675141385,kepler:kplr011904151-2009350160919_slc.fits,1.000014590741281,0.99997723691304918,0.99997781775827721,0.58084522802648308
426,222.75333924523875,-0.1082889549932613,kepler:kplr011904151-2009231120729_slc.fits,0.99991399474308595,0.99997723691304918,0.99997781775827721,0.58084522802648308
427,264.6278848846996,-0.1082783155324147,kepler:kplr011904151-2009291181958_slc.fits,1.0000590171769324,0.99997723691304918,0.99997781775827721,0.58084522802648308
428,347.53956338413263,-0.1081791160993876,kepler:kplr011904151-2009350160919_slc.fits,0.99910136971579877,0.99997723691304918,0.99997781775827721,0.58084522802648308
429,213.54123278430779,-0.10799771592421691,kepler:kplr011904151-2009231120729_slc.fits,0.99963389411513981,0.99997723691304918,0.99997781775827721,0.58084522802648308
430,276.35305165228783,-0.10798134794418771,kepler:kplr011904151-2009291181958_slc.fits,1.0000015811574197,0.99997723691304918,0.99997781775827721,0.58084522802648308
431,329.11506799505878,-0.1078791051732412,kepler:kplr011904151-2009350160919_slc.fits,1.000277281005306,0.99997723691304918,0.99997781775827721,0.58084522802648308
432,277.19080538516573,-0.1077183150662879,kepler:kplr011904151-2009291181958_slc.fits,1.000442304975472,0.99997723691304918,0.99997781775827721,0.58084522802648308
433,214.37900830909348,-0.107712891138533,kepler:kplr011904151-2009231120729_slc.fits,0.99969540852227723,0.99997723691304918,0.99997781775827721,0.58084522802648308
434,336.65281290665007,-0.107550493581952,kepler:kplr011904151-2009350160919_slc.fits,1.0003054758577683,0.99997723691304918,0.99997781775827721,0.58084522802648308
435,225.2666534048185,-0.1074468954135117,kepler:kplr011904151-2009231120729_slc.fits,1.0002933874526052,0.99997723691304918,0.99997781775827721,0.58084522802648308
436,273.84115154606843,-0.10740935416358779,kepler:kplr011904151-2009291181958_slc.fits,0.99999615188194324,0.99997723691304918,0.99997781775827721,0.58084522802648308
437,333.30315614471328,-0.107244455518737,kepler:kplr011904151-2009350160919_slc.fits,0.99929928391905243,0.99997723691304918,0.99997781775827721,0.58084522802648308
438,216.05455850229919,-0.10714409793282439,kepler:kplr011904151-2009231120729_slc.fits,1.0001879906137563,0.99997723691304918,0.99997781775827721,0.58084522802648308
439,270.49149498808401,-0.107103112148005,kepler:kplr011904151-2009291181958_slc.fits,0.99989644371407282,0.99997723691304918,0.99997781775827721,0.58084522802648308
440,329.95350255676021,-0.10693524347180799,kepler:kplr011904151-2009350160919_slc.fits,1.000435711030919,0.99997723691304918,0.99997781775827721,0.58084522802648308
441,206.84242152029765,-0.10688337993436289,kepler:kplr011904151-2009231120729_slc.fits,1.0000096239702938,0.99997723691304918,0.99997781775827721,0.58084522802648308
442,267.14183493264136,-0.1068003675906599,kepler:kplr011904151-2009291181958_slc.fits,1.0002479940636877,0.99997723691304918,0.99997781775827721,0.58084522802648308
443,341.67866649230564,-0.106641107926384,kepler:kplr011904151-2009350160919_slc.fits,1.0003595507766905,0.99997723691304918,0.99997781775827721,0.58084522802648308
444,221.91761051664071,-0.1065269835913031,kepler:kplr011904151-2009231120729_slc.fits,0.99982468573517558,0.99997723691304918,0.99997781775827721,0.58084522802648308
445,263.79217201523721,-0.1065004849947985,kepler:kplr011904151-2009291181958_slc.fits,0.99998129281221837,0.99997723691304918,0.99997781775827721,0.58084522802648308
446,342.51642308061849,-0.10637521961352719,kepler:kplr011904151-2009350160919_slc.fits,0.99989401315891324,0.99997723691304918,0.99997781775827721,0.58084522802648308
447,212.70550020399239,-0.1062395962396252,kepler:kplr011904151-2009231120729_slc.fits,0.999907961806484,0.99997723691304918,0.99997781775827721,0.58084522802648308
448,275.51734098680754,-0.1062013134244796,kepler:kplr011904151-2009291181958_slc.fits,1.0000688470230581,0.99997723691304918,0.99997781775827721,0.58084522802648308
449,339.16675996799319,-0.1060755322388349,kepler:kplr011904151-2009350160919_slc.fits,1.0004547795549601,0.99997723691304918,0.99997781775827721,0.58084522802648308
450,213.5432760801196,-0.1059544201124147,kepler:kplr011904151-2009231120729_slc.fits,1.0001102447343326,0.99997723691304918,0.99997781775827721,0.58084522802648308
451,272.16768587517441,-0.10589362505760561,kepler:kplr011904151-2009291181958_slc.fits,1.0003885837233903,0.99997723691304918,0.99997781775827721,0.58084522802648308
452,340.00451602361863,-0.1058101766133869,kepler:kplr011904151-2009350160919_slc.fits,1.0003277509296331,0.99997723691304918,0.99997781775827721,0.58084522802648308
453,214.38105160419943,-0.1056695960325839,kepler:kplr011904151-2009231120729_slc.fits,0.99961970953205803,0.99997723691304918,0.99997781775827721,0.58084522802648308
454,273.00544052913028,-0.10562967110173629,kepler:kplr011904151-2009291181958_slc.fits,1.0000792102716864,0.99997723691304918,0.99997781775827721,0.58084522802648308
455,325.76746113079571,-0.1055231694363119,kepler:kplr011904151-2009350160919_slc.fits,1.000823456660072,0.99997723691304918,0.99997781775827721,0.58084522802648308
456,215.21882687601465,-0.1053850242173659,kepler:kplr011904151-2009231120729_slc.fits,0.99943800322726195,0.99997723691304918,0.99997781775827721,0.58084522802648308
457,284.73058137614862,-0.10535862408339899,kepler:kplr011904151-2009291181958_slc.fits,1.0001730319619353,0.99997723691304918,0.99997781775827721,0.58084522802648308
458,333.3051994881825,-0.1052011120495262,kepler:kplr011904151-2009350160919_slc.fits,0.99985416848181285,0.99997723691304918,0.99997781775827721,0.58084522802648308
459,285.56833371984249,-0.10509698038953449,kepler:kplr011904151-2009291181958_slc.fits,0.9999368108534914,0.99997723691304918,0.99997781775827721,0.58084522802648308
460,230.29395339702023,-0.1050911032117785,kepler:kplr011904151-2009231120729_slc.fits,0.99963102128818637,0.99997723691304918,0.99997781775827721,0.58084522802648308
461,329.95554589838866,-0.1048919018433576,kepler:kplr011904151-2009350160919_slc.fits,1.0001755063157989,0.99997723691304918,0.99997781775827721,0.58084522802648308
462,282.21868622479815,-0.1047816754338715,kepler:kplr011904151-2009291181958_slc.fits,0.99976812231193724,0.99997723691304918,0.99997781775827721,0.58084522802648308
463,211.03199119352939,-0.1047672067026184,kepler:kplr011904151-2009231120729_slc.fits,0.9999883291405024,0.99997723691304918,0.99997781775827721,0.58084522802648308
464,341.68070974122384,-0.1045978590081855,kepler:kplr011904151-2009350160919_slc.fits,1.0001678030115593,0.99997723691304918,0.99997781775827721,0.58084522802648308
465,221.91965380383769,-0.10448369639431999,kepler:kplr011904151-2009231120729_slc.fits,0.99988257319828444,0.99997723691304918,0.99997781775827721,0.58084522802648308
466,278.8690365650109,-0.10446853522111781,kepler:kplr011904151-2009291181958_slc.fits,1.0001556011301429,0.99997723691304918,0.99997781775827721,0.58084522802648308
467,349.21848631795729,-0.1042375822747363,kepler:kplr011904151-2009350160919_slc.fits,0.99905642112529858,0.99997723691304918,0.99997781775827721,0.58084522802648308
468,264.63197148330079,-0.1041917169312238,kepler:kplr011904151-2009291181958_slc.fits,1.0000725427403998,0.99997723691304918,0.99997781775827721,0.58084522802648308
469,226.94491888853369,-0.1041628116983179,kepler:kplr011904151-2009231120729_slc.fits,1.0003143052238588,0.99997723691304918,0.99997781775827721,0.58084522802648308
470,334.98138971516164,-0.1039922850703813,kepler:kplr011904151-2009350160919_slc.fits,1.0000259749347382,0.99997723691304918,0.99997781775827721,0.58084522802648308
471,261.28230573269684,-0.1038946675351706,kepler:kplr011904151-2009291181958_slc.fits,0.99964105821570159,0.99997723691304918,0.99997781775827721,0.58084522802648308
472,207.68292435976764,-0.10387124046437179,kepler:kplr011904151-2009231120729_slc.fits,1.0000760580935886,0.99997723691304918,0.99997781775827721,0.58084522802648308
473,331.63173447941517,-0.10368472081684919,kepler:kplr011904151-2009350160919_slc.fits,0.9992679773870452,0.99997723691304918,0.99997781775827721,0.58084522802648308
474,262.12006317701162,-0.1036279232203956,kepler:kplr011904151-2009291181958_slc.fits,1.0003824876947851,0.99997723691304918,0.99997781775827721,0.58084522802648308
475,202.65829220799787,-0.1035591922341367,kepler:kplr011904151-2009231120729_slc.fits,1.0001655466531836,0.99997723691304918,0.99997781775827721,0.58084522802648308
476,332.46948860887642,-0.1034212913556036,kepler:kplr011904151-2009350160919_slc.fits,0.99989799762662324,0.99997723691304918,0.99997781775827721,0.58084522802648308
477,284.7326247148012,-0.1033152854308152,kepler:kplr011904151-2009291181958_slc.fits,1.0002255149582069,0.99997723691304918,0.99997781775827721,0.58084522802648308
478,227.78336991793185,-0.1032024823001602,kepler:kplr011904151-2009231120729_slc.fits,0.99989898422225476,0.99997723691304918,0.99997781775827721,0.58084522802648308
479,348.38208963893703,-0.10314356129499019,kepler:kplr011904151-2009350160919_slc.fits,0.99953180607041636,0.99997723691304918,0.99997781775827721,0.58084522802648308
480,281.38297688447346,-0.10300031575855501,kepler:kplr011904151-2009291181958_slc.fits,0.99957838342160643,0.99997723691304918,0.99997781775827721,0.58084522802648308
481,228.62113951018543,-0.102923590046581,kepler:kplr011904151-2009231120729_slc.fits,1.0000489098788798,0.99997723691304918,0.99997781775827721,0.58084522802648308
482,349.21984848786815,-0.10287541236387369,kepler:kplr011904151-2009350160919_slc.fits,0.99902274288632098,0.99997723691304918,0.99997781775827721,0.58084522802648308
483,282.22072956438205,-0.1027383358499651,kepler:kplr011904151-2009291181958_slc.fits,0.99995233667634476,0.99997723691304918,0.99997781775827721,0.58084522802648308
484,215.22155136809303,-0.1026605321389801,kepler:kplr011904151-2009231120729_slc.fits,0.99998635407197201,0.99997723691304918,0.99997781775827721,0.58084522802648308
485,330.79534289927687,-0.10258560095514641,kepler:kplr011904151-2009350160919_slc.fits,0.99988805543100401,0.99997723691304918,0.99997781775827721,0.58084522802648308
486,267.98367743061681,-0.1024485696152108,kepler:kplr011904151-2009291181958_slc.fits,1.0001086236097054,0.99997723691304918,0.99997781775827721,0.58084522802648308
487,230.29667786884968,-0.10236663138232591,kepler:kplr011904151-2009231120729_slc.fits,0.99971684699341601,0.99997723691304918,0.99997781775827721,0.58084522802648308
488,346.70793496210536,-0.1023168381266668,kepler:kplr011904151-2009350160919_slc.fits,0.99941435914124921,0.99997723691304918,0.99997781775827721,0.58084522802648308
489,279.70883314026287,-0.1021626599691511,kepler:kplr011904151-2009291181958_slc.fits,0.9998182240470348,0.99997723691304918,0.99997781775827721,0.58084522802648308
490,200.98477421400457,-0.1020957862274372,kepler:kplr011904151-2009231120729_slc.fits,1.0000773867760544,0.99997723691304918,0.99997781775827721,0.58084522802648308
491,343.35826672324765,-0.1020222769843695,kepler:kplr011904151-2009350160919_slc.fits,1.0001628698610612,0.99997723691304918,0.99997781775827721,0.58084522802648308
492,265.4717714153885,-0.1018824848435162,kepler:kplr011904151-2009291181958_slc.fits,1.0001628401641114,0.99997723691304918,0.99997781775827721,0.58084522802648308
493,217.7348748680306,-0.1018091322014083,kepler:kplr011904151-2009231120729_slc.fits,0.99961629805005081,0.99997723691304918,0.99997781775827721,0.58084522802648308
494,329.12119791868463,-0.1017491815473921,kepler:kplr011904151-2009350160919_slc.fits,0.99986555267527,0.99997723691304918,0.99997781775827721,0.58084522802648308
495,288.08431395849038,-0.1015888417416359,kepler:kplr011904151-2009291181958_slc.fits,0.99975840676634797,0.99997723691304918,0.99997781775827721,0.58084522802648308
496,218.57264873144595,-0.1015259687860581,kepler:kplr011904151-2009231120729_slc.fits,0.99965120289753318,0.99997723691304918,0.99997781775827721,0.58084522802648308
497,340.84635881542641,-0.10145808480560881,kepler:kplr011904151-2009350160919_slc.fits,1.0004752900768388,0.99997723691304918,0.99997781775827721,0.58084522802648308
498,273.84728157679638,-0.1012793234356426,kepler:kplr011904151-2009291181958_slc.fits,1.0000333757566124,0.99997723691304918,0.99997781775827721,0.58084522802648308
499,219.41042224376,-0.10124315647201421,kepler:kplr011904151-2009231120729_slc.fits,1.0000147232381358,0.99997723691304918,0.99997781775827721,0.58084522802648308
500,341.6841153561254,-0.1011922441066186,kepler:kplr011904151-2009350160919_slc.fits,1.0002440771077226,0.99997723691304918,0.99997781775827721,0.58084522802648308
501,285.57242029632471,-0.1010104039073116,kepler:kplr011904151-2009291181958_slc.fits,0.99968975024418438,0.99997723691304918,0.99997781775827721,0.58084522802648308
502,204.33589542713159,-0.1009373731004217,kepler:kplr011904151-2009231120729_slc.fits,1.0000911045247562,0.99997723691304918,0.99997781775827721,0.58084522802648308
503,334.14704059679207,-0.1008507034399546,kepler:kplr011904151-2009350160919_slc.fits,0.99990987513513041,0.99997723691304918,0.99997781775827721,0.58084522802648308
504,221.0859681169095,-0.1006786833225117,kepler:kplr011904151-2009231120729_slc.fits,1.0000116708594975,0.99997723691304918,0.99997781775827721,0.58084522802648308
505,267.1479648753666,-0.1006704248654219,kepler:kplr011904151-2009291181958_slc.fits,1.0001070234021967,0.99997723691304918,0.99997781775827721,0.58084522802648308
506,334.98479512259649,-0.10058687763552671,kepler:kplr011904151-2009350160919_slc.fits,0.99990786392761954,0.99997723691304918,0.99997781775827721,0.58084522802648308
507,211.87385456814809,-0.10039453208392141,kepler:kplr011904151-2009231120729_slc.fits,1.0002000205766231,0.99997723691304918,0.99997781775827721,0.58084522802648308
508,289.76049851292919,-0.1003856873028308,kepler:kplr011904151-2009291181958_slc.fits,0.9996657090313732,0.99997723691304918,0.99997781775827721,0.58084522802648308
509,335.8225499575492,-0.1003227426828221,kepler:kplr011904151-2009350160919_slc.fits,0.99983303182929417,0.99997723691304918,0.99997781775827721,0.58084522802648308
510,279.71087638088648,-0.1001194193455443,kepler:kplr011904151-2009291181958_slc.fits,1.0001854145200393,0.99997723691304918,0.99997781775827721,0.58084522802648308
511,206.84923272937883,-0.1000721708531848,kepler:kplr011904151-2009231120729_slc.fits,1.0000443492660915,0.99997723691304918,0.99997781775827721,0.58084522802648308
512,336.66030510682322,-0.1000582934088054,kepler:kplr011904151-2009350160919_slc.fits,0.99995871332506181,0.99997723691304918,0.99997781775827721,0.58084522802648308
513,265.47381476416194,-0.099839136070075399,kepler:kplr011904151-2009291181958_slc.fits,0.99956950607995043,0.99997723691304918,0.99997781775827721,0.58084522802648308
514,337.49806027560408,-0.099793824627946295,kepler:kplr011904151-2009350160919_slc.fits,1.0001086052055821,0.99997723691304918,0.99997781775827721,0.58084522802648308
515,217.73691825964488,-0.099765740587129004,kepler:kplr011904151-2009231120729_slc.fits,0.99983948079398477,0.99997723691304918,0.99997781775827721,0.58084522802648308
516,262.12414977899607,-0.099541321235941199,kepler:kplr011904151-2009291181958_slc.fits,0.99977726635484476,0.99997723691304918,0.99997781775827721,0.58084522802648308
517,334.14840265944082,-0.099488640791202301,kepler:kplr011904151-2009350160919_slc.fits,1.000393779251685,0.99997723691304918,0.99997781775827721,0.58084522802648308
518,212.71231139305019,-0.099428407181825607,kepler:kplr011904151-2009231120729_slc.fits,0.99967116904485875,0.99997723691304918,0.99997781775827721,0.58084522802648308
519,273.84932482033764,-0.099236079894376703,kepler:kplr011904151-2009291181958_slc.fits,0.99952675767935784,0.99997723691304918,0.99997781775827721,0.58084522802648308
520,330.79874830273911,-0.099180197492907796,kepler:kplr011904151-2009350160919_slc.fits,0.99997890129479239,0.99997723691304918,0.99997781775827721,0.58084522802648308
521,217.73759945685009,-0.099084543381918494,kepler:kplr011904151-2009231120729_slc.fits,1.0003768071652617,0.99997723691304918,0.99997781775827721,0.58084522802648308
522,270.49966817004315,-0.098929930188868198,kepler:kplr011904151-2009291181958_slc.fits,0.99987489806297181,0.99997723691304918,0.99997781775827721,0.58084522802648308
523,331.63650224531011,-0.098916954921909495,kepler:kplr011904151-2009350160919_slc.fits,1.0001849931436797,0.99997723691304918,0.99997781775827721,0.58084522802648308
524,222.7628747819108,-0.098753418321214398,kepler:kplr011904151-2009231120729_slc.fits,0.99959726557148521,0.99997723691304918,0.99997781775827721,0.58084522802648308
525,271.33742322190665,-0.098665578325371997,kepler:kplr011904151-2009291181958_slc.fits,0.99979326842993299,0.99997723691304918,0.99997781775827721,0.58084522802648308
526,343.36167224021483,-0.098616760017192107,kepler:kplr011904151-2009350160919_slc.fits,0.99971395316573164,0.99997723691304918,0.99997781775827721,0.58084522802648308
527,213.55076836498483,-0.098462135247178395,kepler:kplr011904151-2009231120729_slc.fits,0.99968129575986897,0.99997723691304918,0.99997781775827721,0.58084522802648308
528,283.06256878095155,-0.098389819280468402,kepler:kplr011904151-2009291181958_slc.fits,0.99969592247314676,0.99997723691304918,0.99997781775827721,0.58084522802648308
529,324.93720052913704,-0.098293071094976897,kepler:kplr011904151-2009350160919_slc.fits,0.99969452414223137,0.99997723691304918,0.99997781775827721,0.58084522802648308
530,228.6259073647816,-0.098155735450413603,kepler:kplr011904151-2009231120729_slc.fits,1.000084389291753,0.99997723691304918,0.99997781775827721,0.58084522802648308
531,268.82551980762946,-0.098096892602557106,kepler:kplr011904151-2009291181958_slc.fits,1.000213399101354,0.99997723691304918,0.99997781775827721,0.58084522802648308
532,347.54977995153604,-0.097962548695983601,kepler:kplr011904151-2009350160919_slc.fits,0.99941822976702444,0.99997723691304918,0.99997781775827721,0.58084522802648308
533,215.22631925436144,-0.097892645870569298,kepler:kplr011904151-2009231120729_slc.fits,0.99982852814122525,0.99997723691304918,0.99997781775827721,0.58084522802648308
534,280.55067269862769,-0.0978138016043264,kepler:kplr011904151-2009291181958_slc.fits,1.0002258959599943,0.99997723691304918,0.99997781775827721,0.58084522802648308
535,344.20011062710546,-0.097669073126562297,kepler:kplr011904151-2009350160919_slc.fits,0.99969429645836205,0.99997723691304918,0.99997781775827721,0.58084522802648308
536,204.33930103597959,-0.097531764252423103,kepler:kplr011904151-2009231120729_slc.fits,0.99973444305850523,0.99997723691304918,0.99997781775827721,0.58084522802648308
537,277.20102189424506,-0.097501805986960094,kepler:kplr011904151-2009291181958_slc.fits,1.00033638647846,0.99997723691304918,0.99997781775827721,0.58084522802648308
538,340.85044541207753,-0.097371488154488206,kepler:kplr011904151-2009350160919_slc.fits,1.0003229126474138,0.99997723691304918,0.99997781775827721,0.58084522802648308
539,221.0893736971193,-0.097273103112710702,kepler:kplr011904151-2009231120729_slc.fits,1.0000866157326418,0.99997723691304918,0.99997781775827721,0.58084522802648308
540,262.96395042668155,-0.097231373550462394,kepler:kplr011904151-2009291181958_slc.fits,0.99994252588030863,0.99997723691304918,0.99997781775827721,0.58084522802648308
541,326.61338721931679,-0.097087780915229502,kepler:kplr011904151-2009350160919_slc.fits,1.0000082345666006,0.99997723691304918,0.99997781775827721,0.58084522802648308
542,226.11464084633189,-0.096950153900115396,kepler:kplr011904151-2009231120729_slc.fits,1.0004633331220609,0.99997723691304918,0.99997781775827721,0.58084522802648308
543,281.38910670414771,-0.096870496084312294,kepler:kplr011904151-2009291181958_slc.fits,1.0000272035276498,0.99997723691304918,0.99997781775827721,0.58084522802648308
544,334.15112718469754,-0.096764115534478196,kepler:kplr011904151-2009350160919_slc.fits,0.99975645415463843,0.99997723691304918,0.99997781775827721,0.58084522802648308
545,200.99022313705791,-0.096646863174100803,kepler:kplr011904151-2009231120729_slc.fits,1.0000435233283425,0.99997723691304918,0.99997781775827721,0.58084522802648308
546,267.15205147059169,-0.096583829640332297,kepler:kplr011904151-2009291181958_slc.fits,0.99977059882355801,0.99997723691304918,0.99997781775827721,0.58084522802648308
547,334.98888171153521,-0.096500288696807601,kepler:kplr011904151-2009350160919_slc.fits,1.0000078550934852,0.99997723691304918,0.99997781775827721,0.58084522802648308
548,201.82800390844204,-0.096356791789968796,kepler:kplr011904151-2009231120729_slc.fits,1.0000597907109654,0.99997723691304918,0.99997781775827721,0.58084522802648308
549,274.68980341480346,-0.096248185428555205,kepler:kplr011904151-2009291181958_slc.fits,0.99948103746482042,0.99997723691304918,0.99997781775827721,0.58084522802648308
550,338.33922107994294,-0.096123720289076703,kepler:kplr011904151-2009350160919_slc.fits,1.0005728905620783,0.99997723691304918,0.99997781775827721,0.58084522802648308
551,226.9530922172853,-0.095989482946707796,kepler:kplr011904151-2009231120729_slc.fits,1.0003023650368339,0.99997723691304918,0.99997781775827721,0.58084522802648308
552,271.34014754856616,-0.095941251665854196,kepler:kplr011904151-2009291181958_slc.fits,0.99993014332220465,0.99997723691304918,0.99997781775827721,0.58084522802648308
553,339.17697650384798,-0.095858996384039899,kepler:kplr011904151-2009350160919_slc.fits,1.0002617226075812,0.99997723691304918,0.99997781775827721,0.58084522802648308
554,227.79086214971176,-0.095710250520253795,kepler:kplr011904151-2009231120729_slc.fits,1.0004322527254601,0.99997723691304918,0.99997781775827721,0.58084522802648308
555,267.99048845413199,-0.095637546100027296,kepler:kplr011904151-2009291181958_slc.fits,0.99985584797358118,0.99997723691304918,0.99997781775827721,0.58084522802648308
556,331.63990764952905,-0.095511550702971307,kepler:kplr011904151-2009350160919_slc.fits,1.0000920222304459,0.99997723691304918,0.99997781775827721,0.58084522802648308
557,202.66646563570976,-0.095385764522255501,kepler:kplr011904151-2009231120729_slc.fits,0.99987269785563238,0.99997723691304918,0.99997781775827721,0.58084522802648308
558,260.45340233156458,-0.095307368667436096,kepler:kplr011904151-2009291181958_slc.fits,0.99945806305701523,0.99997723691304918,0.99997781775827721,0.58084522802648308
559,347.55250428948784,-0.095238210744179597,kepler:kplr011904151-2009350160919_slc.fits,0.99905670573013505,0.99997723691304918,0.99997781775827721,0.58084522802648308
560,203.50424571325857,-0.095096386973441499,kepler:kplr011904151-2009231120729_slc.fits,1.0000761299142624,0.99997723691304918,0.99997781775827721,0.58084522802648308
561,287.25337315670919,-0.095038943522832001,kepler:kplr011904151-2009291181958_slc.fits,0.99987689832235804,0.99997723691304918,0.99997781775827721,0.58084522802648308
562,344.2028349615357,-0.094944738696321807,kepler:kplr011904151-2009350160919_slc.fits,0.99995150333587202,0.99997723691304918,0.99997781775827721,0.58084522802648308
563,214.39194947742359,-0.094771722808417197,kepler:kplr011904151-2009231120729_slc.fits,0.99980482731886078,0.99997723691304918,0.99997781775827721,0.58084522802648308
564,283.9037266798332,-0.094722620398821095,kepler:kplr011904151-2009291181958_slc.fits,0.99976545529942262,0.99997723691304918,0.99997781775827721,0.58084522802648308
565,325.77835880889324,-0.094625491338776499,kepler:kplr011904151-2009350160919_slc.fits,0.99990501787925523,0.99997723691304918,0.99997781775827721,0.58084522802648308
566,229.46708227892668,-0.094471521305328196,kepler:kplr011904151-2009231120729_slc.fits,1.0002991331065121,0.99997723691304918,0.99997781775827721,0.58084522802648308
567,265.47926362726139,-0.094390272970629796,kepler:kplr011904151-2009291181958_slc.fits,0.99991557000382081,0.99997723691304918,0.99997781775827721,0.58084522802648308
568,326.61611153934064,-0.094363460891385004,kepler:kplr011904151-2009350160919_slc.fits,1.0003165564727337,0.99997723691304918,0.99997781775827721,0.58084522802648308
569,224.44250463036587,-0.094104969866135493,kepler:kplr011904151-2009231120729_slc.fits,0.99995942131928484,0.99997723691304918,0.99997781775827721,0.58084522802648308
570,277.20442729727074,-0.094096402961278899,kepler:kplr011904151-2009291181958_slc.fits,0.99967191936051436,0.99997723691304918,0.99997781775827721,0.58084522802648308
571,334.15385150998918,-0.094039790242840399,kepler:kplr011904151-2009350160919_slc.fits,0.99996573357769358,0.99997723691304918,0.99997781775827721,0.58084522802648308
572,229.46776347217383,-0.093790328058181702,kepler:kplr011904151-2009231120729_slc.fits,1.0006010313089659,0.99997723691304918,0.99997781775827721,0.58084522802648308
573,273.85477366993291,-0.093787230299108501,kepler:kplr011904151-2009291181958_slc.fits,0.99960448204407182,0.99997723691304918,0.99997781775827721,0.58084522802648308
574,334.99160623747593,-0.093775762756086595,kepler:kplr011904151-2009350160919_slc.fits,1.0003397043327631,0.99997723691304918,0.99997781775827721,0.58084522802648308
575,331.64195099205244,-0.093468208179578099,kepler:kplr011904151-2009350160919_slc.fits,0.99987181398167158,0.99997723691304918,0.99997781775827721,0.58084522802648308
576,266.3177009601568,-0.093443640075220102,kepler:kplr011904151-2009291181958_slc.fits,1.0001801757454567,0.99997723691304918,0.99997781775827721,0.58084522802648308
577,224.44318572524207,-0.093423874989936095,kepler:kplr011904151-2009231120729_slc.fits,0.99954752975485639,0.99997723691304918,0.99997781775827721,0.58084522802648308
578,347.55454764292517,-0.093194857306849899,kepler:kplr011904151-2009350160919_slc.fits,0.9991978697290046,0.99997723691304918,0.99997781775827721,0.58084522802648308
579,288.93023899519903,-0.093154505032986196,kepler:kplr011904151-2009291181958_slc.fits,0.99974792921718325,0.99997723691304918,0.99997781775827721,0.58084522802648308
580,219.41859570324601,-0.093069696985997596,kepler:kplr011904151-2009231120729_slc.fits,1.0001497461049405,0.99997723691304918,0.99997781775827721,0.58084522802648308
581,348.39230620971648,-0.092926990515541805,kepler:kplr011904151-2009350160919_slc.fits,0.99892578750537719,0.99997723691304918,0.99997781775827721,0.58084522802648308
582,285.58059344929643,-0.092837250935589893,kepler:kplr011904151-2009291181958_slc.fits,1.0001807472481383,0.99997723691304918,0.99997781775827721,0.58084522802648308
583,214.39399287230481,-0.092728327927204604,kepler:kplr011904151-2009231120729_slc.fits,1.0000296260279558,0.99997723691304918,0.99997781775827721,0.58084522802648308
584,340.85521319155669,-0.092603708675335697,kepler:kplr011904151-2009350160919_slc.fits,1.000063447904868,0.99997723691304918,0.99997781775827721,0.58084522802648308
585,286.41834556958929,-0.092575830642727994,kepler:kplr011904151-2009291181958_slc.fits,0.99993004807175756,0.99997723691304918,0.99997781775827721,0.58084522802648308
586,225.2816378865391,-0.092462413692908599,kepler:kplr011904151-2009231120729_slc.fits,1.0002359309135394,0.99997723691304918,0.99997781775827721,0.58084522802648308
587,337.50555247778539,-0.092301622446635506,kepler:kplr011904151-2009350160919_slc.fits,1.0001393425279159,0.99997723691304918,0.99997781775827721,0.58084522802648308
588,267.99389396588958,-0.092232034342435598,kepler:kplr011904151-2009291181958_slc.fits,1.0000752859532718,0.99997723691304918,0.99997781775827721,0.58084522802648308
589,220.25704985768971,-0.092106242542302,kepler:kplr011904151-2009231120729_slc.fits,1.0001030626669494,0.99997723691304918,0.99997781775827721,0.58084522802648308
590,349.23074624712171,-0.091977653110307103,kepler:kplr011904151-2009350160919_slc.fits,0.99924283729316044,0.99997723691304918,0.99997781775827721,0.58084522802648308
591,279.71904954340425,-0.091946256827766207,kepler:kplr011904151-2009291181958_slc.fits,0.99946282557936283,0.99997723691304918,0.99997781775827721,0.58084522802648308
592,221.09482256545743,-0.091824234774575603,kepler:kplr011904151-2009231120729_slc.fits,0.99993365565254744,0.99997723691304918,0.99997781775827721,0.58084522802648308
593,330.80624049035401,-0.091688009878007196,kepler:kplr011904151-2009350160919_slc.fits,0.99987636765905441,0.99997723691304918,0.99997781775827721,0.58084522802648308
594,261.29456554235367,-0.091634857878345202,kepler:kplr011904151-2009291181958_slc.fits,1.0002305441818056,0.99997723691304918,0.99997781775827721,0.58084522802648308
595,226.12008970115849,-0.091501299073490402,kepler:kplr011904151-2009231120729_slc.fits,1.0002496666174097,0.99997723691304918,0.99997781775827721,0.58084522802648308
596,331.6439944345766,-0.091424765655423401,kepler:kplr011904151-2009350160919_slc.fits,0.99952402687155362,0.99997723691304918,0.99997781775827721,0.58084522802648308
597,262.13232308318402,-0.091368017047992398,kepler:kplr011904151-2009291181958_slc.fits,0.99996871975322077,0.99997723691304918,0.99997781775827721,0.58084522802648308
598,200.99567216010479,-0.091197840127222193,kepler:kplr011904151-2009231120729_slc.fits,1.0000210793677695,0.99997723691304918,0.99997781775827721,0.58084522802648308
599,328.29434219218092,-0.091114208051100903,kepler:kplr011904151-2009350160919_slc.fits,1.0004819308563555,0.99997723691304918,0.99997781775827721,0.58084522802648308
600,262.97008037802152,-0.091101422210490599,kepler:kplr011904151-2009291181958_slc.fits,1.000017106980273,0.99997723691304918,0.99997781775827721,0.58084522802648308
601,201.83345292916783,-0.090907771064177398,kepler:kplr011904151-2009231120729_slc.fits,1.0000642795030801,0.99997723691304918,0.99997781775827721,0.58084522802648308
602,329.13209550514148,-0.090851595090542803,kepler:kplr011904151-2009350160919_slc.fits,1.0001454140977599,0.99997723691304918,0.99997781775827721,0.58084522802648308
603,270.50784135211143,-0.090756748120591896,kepler:kplr011904151-2009291181958_slc.fits,0.99993871586243044,0.99997723691304918,0.99997781775827721,0.58084522802648308
604,226.95854107002376,-0.0905406302082543,kepler:kplr011904151-2009231120729_slc.fits,0.99999892268989243,0.99997723691304918,0.99997781775827721,0.58084522802648308
605,332.48242944782402,-0.0904804524080038,kepler:kplr011904151-2009350160919_slc.fits,1.0001161946678867,0.99997723691304918,0.99997781775827721,0.58084522802648308
606,267.15818141331692,-0.090453886915094303,kepler:kplr011904151-2009291181958_slc.fits,0.99969344596152598,0.99997723691304918,0.99997781775827721,0.58084522802648308
607,207.69654677210929,-0.090248828122724903,kepler:kplr011904151-2009231120729_slc.fits,1.0000862745844412,0.99997723691304918,0.99997781775827721,0.58084522802648308
608,348.39503064860043,-0.090202551631596906,kepler:kplr011904151-2009350160919_slc.fits,0.99941360019501879,0.99997723691304918,0.99997781775827721,0.58084522802648308
609,263.8085185139571,-0.090153986274914999,kepler:kplr011904151-2009291181958_slc.fits,0.99969333166098961,0.99997723691304918,0.99997781775827721,0.58084522802648308
610,218.58422767882439,-0.089947021407619204,kepler:kplr011904151-2009231120729_slc.fits,0.99964089663083844,0.99997723691304918,0.99997781775827721,0.58084522802648308
611,345.04536021604144,-0.0899101841905771,kepler:kplr011904151-2009350160919_slc.fits,0.99991716101894279,0.99997723691304918,0.99997781775827721,0.58084522802648308
612,275.53368742812745,-0.0898548721045688,kepler:kplr011904151-2009291181958_slc.fits,0.99994185912718003,0.99997723691304918,0.99997781775827721,0.58084522802648308
613,203.50969472956049,-0.089647370671489299,kepler:kplr011904151-2009231120729_slc.fits,0.9999192017419386,0.99997723691304918,0.99997781775827721,0.58084522802648308
614,345.88311795331538,-0.089643146916644698,kepler:kplr011904151-2009350160919_slc.fits,0.99976093193739834,0.99997723691304918,0.99997781775827721,0.58084522802648308
615,272.18403233127901,-0.089547168953005796,kepler:kplr011904151-2009291181958_slc.fits,0.99955514231255005,0.99997723691304918,0.99997781775827721,0.58084522802648308
616,346.72087596308847,-0.089375837143547798,kepler:kplr011904151-2009350160919_slc.fits,0.999051203369964,0.99997723691304918,0.99997781775827721,0.58084522802648308
617,208.53500605186127,-0.089280248370737697,kepler:kplr011904151-2009231120729_slc.fits,1.000012029962867,0.99997723691304918,0.99997781775827721,0.58084522802648308
618,283.9091756168491,-0.089273683382922103,kepler:kplr011904151-2009291181958_slc.fits,1.000226276961782,0.99997723691304918,0.99997781775827721,0.58084522802648308
619,328.29638543297915,-0.0890709672528711,kepler:kplr011904151-2009350160919_slc.fits,1.0004030763430083,0.99997723691304918,0.99997781775827721,0.58084522802648308
620,229.47253122467373,-0.089022575558279998,kepler:kplr011904151-2009231120729_slc.fits,0.99971494374555958,0.99997723691304918,0.99997781775827721,0.58084522802648308
621,284.74692788452376,-0.089012115708262798,kepler:kplr011904151-2009291181958_slc.fits,0.99964058196346695,0.99997723691304918,0.99997781775827721,0.58084522802648308
622,340.02154358819826,-0.088782612033766001,kepler:kplr011904151-2009350160919_slc.fits,1.000061930012407,0.99997723691304918,0.99997781775827721,0.58084522802648308
623,281.39727986363141,-0.088697336600608495,kepler:kplr011904151-2009291181958_slc.fits,0.999927190558349,0.99997723691304918,0.99997781775827721,0.58084522802648308
624,204.3481555587932,-0.088677241438816098,kepler:kplr011904151-2009231120729_slc.fits,0.99970887489862081,0.99997723691304918,0.99997781775827721,0.58084522802648308
625,325.78448872783338,-0.088495572398644001,kepler:kplr011904151-2009350160919_slc.fits,0.9997749344953506,0.99997723691304918,0.99997781775827721,0.58084522802648308
626,282.23503264109604,-0.088435259135978897,kepler:kplr011904151-2009291181958_slc.fits,0.99979928825818043,0.99997723691304918,0.99997781775827721,0.58084522802648308
627,221.098228245668,-0.088418554564013194,kepler:kplr011904151-2009231120729_slc.fits,0.99993489455917095,0.99997723691304918,0.99997781775827721,0.58084522802648308
628,337.50963906989642,-0.088215030335598799,kepler:kplr011904151-2009350160919_slc.fits,1.0002115562617466,0.99997723691304918,0.99997781775827721,0.58084522802648308
629,289.77275833446765,-0.088125865764366595,kepler:kplr011904151-2009291181958_slc.fits,0.99986501106657821,0.99997723691304918,0.99997781775827721,0.58084522802648308
630,226.12349527298647,-0.088095727245535799,kepler:kplr011904151-2009231120729_slc.fits,1.0001598907751192,0.99997723691304918,0.99997781775827721,0.58084522802648308
631,349.23483285689872,-0.087891043333302193,kepler:kplr011904151-2009350160919_slc.fits,0.99925535990596337,0.99997723691304918,0.99997781775827721,0.58084522802648308
632,264.64831807735754,-0.087845122874467593,kepler:kplr011904151-2009291181958_slc.fits,0.99980953720627241,0.99997723691304918,0.99997781775827721,0.58084522802648308
633,200.99907777454064,-0.087792225691373404,kepler:kplr011904151-2009231120729_slc.fits,0.99984486734452238,0.99997723691304918,0.99997781775827721,0.58084522802648308
634,334.9977361708734,-0.087645829358626401,kepler:kplr011904151-2009350160919_slc.fits,1.0001638944384721,0.99997723691304918,0.99997781775827721,0.58084522802648308
635,261.29865214550227,-0.087548254729737707,kepler:kplr011904151-2009291181958_slc.fits,0.99968201590789163,0.99997723691304918,0.99997781775827721,0.58084522802648308
636,221.9366816979018,-0.087455802330206098,kepler:kplr011904151-2009231120729_slc.fits,0.99975803614985881,0.99997723691304918,0.99997781775827721,0.58084522802648308
637,335.83549090912129,-0.087381791110731299,kepler:kplr011904151-2009350160919_slc.fits,1.0003096310883803,0.99997723691304918,0.99997781775827721,0.58084522802648308
638,262.1364096851612,-0.087281415070814106,kepler:kplr011904151-2009291181958_slc.fits,1.0000724284398632,0.99997723691304918,0.99997781775827721,0.58084522802648308
639,226.96194674022263,-0.087134960009381104,kepler:kplr011904151-2009231120729_slc.fits,1.000593777420909,0.99997723691304918,0.99997781775827721,0.58084522802648308
640,343.37325095790584,-0.087038042326183104,kepler:kplr011904151-2009350160919_slc.fits,1.0003497603703171,0.99997723691304918,0.99997781775827721,0.58084522802648308
641,262.97416697883455,-0.087014821397465497,kepler:kplr011904151-2009291181958_slc.fits,1.0001700791980797,0.99997723691304918,0.99997781775827721,0.58084522802648308
642,227.79971666891649,-0.086855731315521795,kepler:kplr011904151-2009231120729_slc.fits,1.0004680912417023,0.99997723691304918,0.99997781775827721,0.58084522802648308
643,324.94877928509959,-0.086714315132430997,kepler:kplr011904151-2009350160919_slc.fits,1.0002748144300571,0.99997723691304918,0.99997781775827721,0.58084522802648308
644,285.5867233639583,-0.086707336273720501,kepler:kplr011904151-2009291181958_slc.fits,0.99975802576456041,0.99997723691304918,0.99997781775827721,0.58084522802648308
645,208.5377304530266,-0.086555847205413899,kepler:kplr011904151-2009231120729_slc.fits,0.99988077768143835,0.99997723691304918,0.99997781775827721,0.58084522802648308
646,336.67392704357923,-0.086436356652795199,kepler:kplr011904151-2009350160919_slc.fits,0.99983064114866815,0.99997723691304918,0.99997781775827721,0.58084522802648308
647,267.16226800854201,-0.086367291690004594,kepler:kplr011904151-2009291181958_slc.fits,0.99992014202527457,0.99997723691304918,0.99997781775827721,0.58084522802648308
648,219.42540676925279,-0.086258630979221707,kepler:kplr011904151-2009231120729_slc.fits,0.99977744568696203,0.99997723691304918,0.99997781775827721,0.58084522802648308
649,337.51168241593405,-0.086171684297974893,kepler:kplr011904151-2009350160919_slc.fits,1.0002764271907969,0.99997723691304918,0.99997781775827721,0.58084522802648308
650,263.81260511360603,-0.086067386625986203,kepler:kplr011904151-2009291181958_slc.fits,0.99985518122045258,0.99997723691304918,0.99997781775827721,0.58084522802648308
651,228.63816744790529,-0.085895652326721306,kepler:kplr011904151-2009231120729_slc.fits,0.99966316103972641,0.99997723691304918,0.99997781775827721,0.58084522802648308
652,349.23687621178402,-0.085847688448000101,kepler:kplr011904151-2009350160919_slc.fits,0.99919711078277396,0.99997723691304918,0.99997781775827721,0.58084522802648308
653,275.53777401358093,-0.085768286651090195,kepler:kplr011904151-2009291181958_slc.fits,1.0002183902247743,0.99997723691304918,0.99997781775827721,0.58084522802648308
654,229.47593669091293,-0.085617109319079093,kepler:kplr011904151-2009231120729_slc.fits,1.000072000225517,0.99997723691304918,0.99997781775827721,0.58084522802648308
655,334.99977941534598,-0.085602584886038002,kepler:kplr011904151-2009350160919_slc.fits,1.0000110806149649,0.99997723691304918,0.99997781775827721,0.58084522802648308
656,287.26290846578922,-0.0855036344427961,kepler:kplr011904151-2009291181958_slc.fits,1.0001295025076775,0.99997723691304918,0.99997781775827721,0.58084522802648308
657,331.65012416218087,-0.085295038051148298,kepler:kplr011904151-2009350160919_slc.fits,1.0000777919886243,0.99997723691304918,0.99997781775827721,0.58084522802648308
658,204.35156126740912,-0.085271532822886797,kepler:kplr011904151-2009231120729_slc.fits,1.0000055661022222,0.99997723691304918,0.99997781775827721,0.58084522802648308
659,283.91326219449547,-0.085187105736546004,kepler:kplr011904151-2009291181958_slc.fits,0.99987270730269184,0.99997723691304918,0.99997781775827721,0.58084522802648308
660,347.56272085689125,-0.085021643340775499,kepler:kplr011904151-2009350160919_slc.fits,0.9992483396533316,0.99997723691304918,0.99997781775827721,0.58084522802648308
661,205.18934074437129,-0.084982755860718101,kepler:kplr011904151-2009231120729_slc.fits,1.0002215667787728,0.99997723691304918,0.99997781775827721,0.58084522802648308
662,269.67621603400039,-0.084891366231628795,kepler:kplr011904151-2009291181958_slc.fits,1.0004748806283299,0.99997723691304918,0.99997781775827721,0.58084522802648308
663,348.40047942641831,-0.084753773813707398,kepler:kplr011904151-2009350160919_slc.fits,0.99908080227295282,0.99997723691304918,0.99997781775827721,0.58084522802648308
664,210.2146476547714,-0.084620045460613996,kepler:kplr011904151-2009231120729_slc.fits,0.99999748627641605,0.99997723691304918,0.99997781775827721,0.58084522802648308
665,266.32655523536232,-0.084589364869698203,kepler:kplr011904151-2009291181958_slc.fits,1.0002961907898458,0.99997723691304918,0.99997781775827721,0.58084522802648308
666,345.0508090866424,-0.084461313589619197,kepler:kplr011904151-2009350160919_slc.fits,0.99920849497623121,0.99997723691304918,0.99997781775827721,0.58084522802648308
667,216.91480978737675,-0.084383512855255902,kepler:kplr011904151-2009231120729_slc.fits,0.99997674805684678,0.99997723691304918,0.99997781775827721,0.58084522802648308
668,288.9390932229071,-0.084300277324915698,kepler:kplr011904151-2009291181958_slc.fits,0.99975833056599062,0.99997723691304918,0.99997781775827721,0.58084522802648308
669,330.81373257798259,-0.0841959222494299,kepler:kplr011904151-2009350160919_slc.fits,1.0003645598218114,0.99997723691304918,0.99997781775827721,0.58084522802648308
670,201.8402641552384,-0.084096544993609898,kepler:kplr011904151-2009231120729_slc.fits,1.000005206998853,0.99997723691304918,0.99997781775827721,0.58084522802648308
671,274.70206327347842,-0.083988326753603404,kepler:kplr011904151-2009291181958_slc.fits,1.0002187521764729,0.99997723691304918,0.99997781775827721,0.58084522802648308
672,331.65148642386339,-0.083932776368632306,kepler:kplr011904151-2009350160919_slc.fits,0.99975778231054202,0.99997723691304918,0.99997781775827721,0.58084522802648308
673,226.96535221065281,-0.083729489579200206,kepler:kplr011904151-2009231120729_slc.fits,1.000179084850201,0.99997723691304918,0.99997781775827721,0.58084522802648308
674,271.35240741852613,-0.083681381705892094,kepler:kplr011904151-2009291181958_slc.fits,0.99987442181073705,0.99997723691304918,0.99997781775827721,0.58084522802648308
675,339.18923638690467,-0.083599113327354105,kepler:kplr011904151-2009350160919_slc.fits,1.00089088903265,0.99997723691304918,0.99997781775827721,0.58084522802648308
676,227.80312223795045,-0.083450162281563295,kepler:kplr011904151-2009231120729_slc.fits,1.0002975889620245,0.99997723691304918,0.99997781775827721,0.58084522802648308
677,268.00274833643198,-0.083377663800041094,kepler:kplr011904151-2009291181958_slc.fits,1.0002569476057013,0.99997723691304918,0.99997781775827721,0.58084522802648308
678,340.02699244888208,-0.083333751349938298,kepler:kplr011904151-2009350160919_slc.fits,1.0005425327128592,0.99997723691304918,0.99997781775827721,0.58084522802648308
679,208.5411360546496,-0.083150245582412893,kepler:kplr011904151-2009231120729_slc.fits,0.99987485247584718,0.99997723691304918,0.99997781775827721,0.58084522802648308
680,279.72790388600697,-0.083091914225048996,kepler:kplr011904151-2009291181958_slc.fits,1.0001963683214388,0.99997723691304918,0.99997781775827721,0.58084522802648308
681,325.78993746689957,-0.083046833332447806,kepler:kplr011904151-2009350160919_slc.fits,1.0001465525171058,0.99997723691304918,0.99997781775827721,0.58084522802648308
682,209.37891368003329,-0.082863320198718698,kepler:kplr011904151-2009231120729_slc.fits,1.0000665238991373,0.99997723691304918,0.99997781775827721,0.58084522802648308
683,276.37825233982585,-0.082780660406170201,kepler:kplr011904151-2009291181958_slc.fits,1.0003849642064062,0.99997723691304918,0.99997781775827721,0.58084522802648308
684,337.51508792606182,-0.082766174170197701,kepler:kplr011904151-2009350160919_slc.fits,1.0002962546610681,0.99997723691304918,0.99997781775827721,0.58084522802648308
685,288.10338477432379,-0.082518025908234094,kepler:kplr011904151-2009291181958_slc.fits,0.99967439587213536,0.99997723691304918,0.99997781775827721,0.58084522802648308
686,214.40420964716031,-0.082511553071697094,kepler:kplr011904151-2009231120729_slc.fits,0.99940855675099083,0.99997723691304918,0.99997781775827721,0.58084522802648308
687,349.24028163657931,-0.082442263652710596,kepler:kplr011904151-2009350160919_slc.fits,0.99921627417509362,0.99997723691304918,0.99997781775827721,0.58084522802648308
688,278.05375952467875,-0.082254875553266105,kepler:kplr011904151-2009291181958_slc.fits,1.000236564010053,0.99997723691304918,0.99997781775827721,0.58084522802648308
689,215.24198490942217,-0.082226990809839806,kepler:kplr011904151-2009231120729_slc.fits,0.99977843322122739,0.99997723691304918,0.99997781775827721,0.58084522802648308
690,330.81577582006139,-0.082152680170631598,kepler:kplr011904151-2009350160919_slc.fits,1.0000488381899315,0.99997723691304918,0.99997781775827721,0.58084522802648308
691,210.21737215384201,-0.081895546390004598,kepler:kplr011904151-2009231120729_slc.fits,1.0000239881050601,0.99997723691304918,0.99997781775827721,0.58084522802648308
692,281.40409086328145,-0.081886336950566005,kepler:kplr011904151-2009291181958_slc.fits,1.0000321565508916,0.99997723691304918,0.99997781775827721,0.58084522802648308
693,346.72836809004366,-0.081883710188362699,kepler:kplr011904151-2009350160919_slc.fits,0.99910527828888585,0.99997723691304918,0.99997781775827721,0.58084522802648308
694,211.05514917560504,-0.081609224626973204,kepler:kplr011904151-2009231120729_slc.fits,1.0005046300095146,0.99997723691304918,0.99997781775827721,0.58084522802648308
695,343.37869982507254,-0.081589175159477195,kepler:kplr011904151-2009350160919_slc.fits,1.0003076388545251,0.99997723691304918,0.99997781775827721,0.58084522802648308
696,288.94181773908349,-0.081575761148529893,kepler:kplr011904151-2009291181958_slc.fits,1.0001076711052359,0.99997723691304918,0.99997781775827721,0.58084522802648308
697,221.94281175971264,-0.081325740519369902,kepler:kplr011904151-2009231120729_slc.fits,1.0000629328654456,0.99997723691304918,0.99997781775827721,0.58084522802648308
698,344.21645703368267,-0.081322666549349096,kepler:kplr011904151-2009350160919_slc.fits,0.99984525086360476,0.99997723691304918,0.99997781775827721,0.58084522802648308
699,263.81737279660592,-0.081299703626088501,kepler:kplr011904151-2009291181958_slc.fits,0.99995405118438996,0.99997723691304918,0.99997781775827721,0.58084522802648308
700,340.86679199886566,-0.081024901366356802,kepler:kplr011904151-2009350160919_slc.fits,1.0004914935788594,0.99997723691304918,0.99997781775827721,0.58084522802648308
701,226.96807678689947,-0.081004913332536704,kepler:kplr011904151-2009231120729_slc.fits,1.0002102550226444,0.99997723691304918,0.99997781775827721,0.58084522802648308
702,260.46770549721987,-0.081004203012144005,kepler:kplr011904151-2009291181958_slc.fits,1.0001319790192984,0.99997723691304918,0.99997781775827721,0.58084522802648308
703,341.70454834558768,-0.080759254644339806,kepler:kplr011904151-2009350160919_slc.fits,1.0002969377126758,0.99997723691304918,0.99997781775827721,0.58084522802648308
704,227.8058467130395,-0.080725687192510096,kepler:kplr011904151-2009231120729_slc.fits,1.0003564998697354,0.99997723691304918,0.99997781775827721,0.58084522802648308
705,289.78025040314969,-0.080633797082326097,kepler:kplr011904151-2009291181958_slc.fits,0.99984146515609118,0.99997723691304918,0.99997781775827721,0.58084522802648308
706,208.54386055604849,-0.080425744183525397,kepler:kplr011904151-2009231120729_slc.fits,0.99962358784844496,0.99997723691304918,0.99997781775827721,0.58084522802648308
707,349.24232499141362,-0.080398908818397105,kepler:kplr011904151-2009350160919_slc.fits,0.99936028422232759,0.99997723691304918,0.99997781775827721,0.58084522802648308
708,275.54322296060855,-0.080319339623473596,kepler:kplr011904151-2009291181958_slc.fits,1.0001079759066662,0.99997723691304918,0.99997781775827721,0.58084522802648308
709,335.00522816727607,-0.080153832955948801,kepler:kplr011904151-2009350160919_slc.fits,1.0000051039133999,0.99997723691304918,0.99997781775827721,0.58084522802648308
710,219.43153683874689,-0.080128561485087901,kepler:kplr011904151-2009231120729_slc.fits,0.99999245882924759,0.99997723691304918,0.99997781775827721,0.58084522802648308
711,272.19356767237332,-0.080011827858699605,kepler:kplr011904151-2009291181958_slc.fits,0.99990299694482299,0.99997723691304918,0.99997781775827721,0.58084522802648308
712,331.65557300893124,-0.079846191300779495,kepler:kplr011904151-2009350160919_slc.fits,0.99945450739684161,0.99997723691304918,0.99997781775827721,0.58084522802648308
713,224.45680812349747,-0.079801476734543103,kepler:kplr011904151-2009231120729_slc.fits,0.99971971982036922,0.99997723691304918,0.99997781775827721,0.58084522802648308
714,268.8439095263675,-0.079707173864521794,kepler:kplr011904151-2009291181958_slc.fits,1.0000506351376004,0.99997723691304918,0.99997781775827721,0.58084522802648308
715,347.56816973284731,-0.079572767384712806,kepler:kplr011904151-2009350160919_slc.fits,0.99929264313953581,0.99997723691304918,0.99997781775827721,0.58084522802648308
716,215.24470940150783,-0.079502498724178097,kepler:kplr011904151-2009231120729_slc.fits,1.0000982865921395,0.99997723691304918,0.99997781775827721,0.58084522802648308
717,269.6816648899985,-0.079442510233517893,kepler:kplr011904151-2009291181958_slc.fits,0.99996633849204675,0.99997723691304918,0.99997781775827721,0.58084522802648308
718,348.4059283042443,-0.079304895987723598,kepler:kplr011904151-2009350160919_slc.fits,0.99925915463711579,0.99997723691304918,0.99997781775827721,0.58084522802648308
719,210.22009665267251,-0.079171047559501703,kepler:kplr011904151-2009231120729_slc.fits,0.99983973216634325,0.99997723691304918,0.99997781775827721,0.58084522802648308
720,288.10679027001606,-0.079112530215956697,kepler:kplr011904151-2009291181958_slc.fits,1.0000369190732392,0.99997723691304918,0.99997781775827721,0.58084522802648308
721,336.68141924381052,-0.078944156421497796,kepler:kplr011904151-2009350160919_slc.fits,0.9996429916931816,0.99997723691304918,0.99997781775827721,0.58084522802648308
722,221.10776389024977,-0.078882909982239,kepler:kplr011904151-2009231120729_slc.fits,0.99984567532710278,0.99997723691304918,0.99997781775827721,0.58084522802648308
723,288.94454205526563,-0.078851444966391002,kepler:kplr011904151-2009291181958_slc.fits,1.0000667134130461,0.99997723691304918,0.99997781775827721,0.58084522802648308
724,211.89565034207044,-0.078598758161572094,kepler:kplr011904151-2009231120729_slc.fits,1.0000382445088158,0.99997723691304918,0.99997781775827721,0.58084522802648308
725,329.14435535245138,-0.078591747780636795,kepler:kplr011904151-2009350160919_slc.fits,1.0003250946178266,0.99997723691304918,0.99997781775827721,0.58084522802648308
726,274.70751212178584,-0.0785394784461797,kepler:kplr011904151-2009291181958_slc.fits,0.99993204833114357,0.99997723691304918,0.99997781775827721,0.58084522802648308
727,325.79470512608532,-0.078279174146702601,kepler:kplr011904151-2009350160919_slc.fits,1.0003159113684377,0.99997723691304918,0.99997781775827721,0.58084522802648308
728,286.43264863524382,-0.078272764988197296,kepler:kplr011904151-2009291181958_slc.fits,0.99996357622908538,0.99997723691304918,0.99997781775827721,0.58084522802648308
729,216.92093986456169,-0.078253435670321198,kepler:kplr011904151-2009231120729_slc.fits,0.99980382182942695,0.99997723691304918,0.99997781775827721,0.58084522802648308
730,337.51985560022149,-0.077998500010531602,kepler:kplr011904151-2009350160919_slc.fits,0.99985390285063236,0.99997723691304918,0.99997781775827721,0.58084522802648308
731,221.94621743852625,-0.077920061705762905,kepler:kplr011904151-2009231120729_slc.fits,1.0000306135622212,0.99997723691304918,0.99997781775827721,0.58084522802648308
732,289.78297481909976,-0.0779093811322564,kepler:kplr011904151-2009291181958_slc.fits,0.99974059493276779,0.99997723691304918,0.99997781775827721,0.58084522802648308
733,349.24504933128628,-0.077674568945740305,kepler:kplr011904151-2009350160919_slc.fits,0.99956292286586579,0.99997723691304918,0.99997781775827721,0.58084522802648308
734,264.65853462357336,-0.077628576658652096,kepler:kplr011904151-2009291181958_slc.fits,1.0002120846451861,0.99997723691304918,0.99997781775827721,0.58084522802648308
735,206.87170975894696,-0.077595141285048103,kepler:kplr011904151-2009231120729_slc.fits,1.0001398707622886,0.99997723691304918,0.99997781775827721,0.58084522802648308
736,345.89537786611618,-0.077383234115844204,kepler:kplr011904151-2009350160919_slc.fits,0.99996774478520456,0.99997723691304918,0.99997781775827721,0.58084522802648308
737,287.2710818165433,-0.077330283688718596,kepler:kplr011904151-2009291181958_slc.fits,1.0001637926685809,0.99997723691304918,0.99997781775827721,0.58084522802648308
738,207.709488083754,-0.077307516478015204,kepler:kplr011904151-2009231120729_slc.fits,0.99973490989288505,0.99997723691304918,0.99997781775827721,0.58084522802648308
739,346.73313577997033,-0.077116020261696505,kepler:kplr011904151-2009350160919_slc.fits,0.99919483394408237,0.99997723691304918,0.99997781775827721,0.58084522802648308
740,283.92143525002763,-0.077014050204391796,kepler:kplr011904151-2009291181958_slc.fits,1.0000957838494562,0.99997723691304918,0.99997781775827721,0.58084522802648308
741,202.68485589834009,-0.076995501891893497,kepler:kplr011904151-2009231120729_slc.fits,0.99972797919786005,0.99997723691304918,0.99997781775827721,0.58084522802648308
742,324.12124324140314,-0.076759658828885594,kepler:kplr011904151-2009350160919_slc.fits,0.99955134893585096,0.99997723691304918,0.99997781775827721,0.58084522802648308
743,219.43494242198361,-0.076722978248403295,kepler:kplr011904151-2009231120729_slc.fits,1.0000211870987803,0.99997723691304918,0.99997781775827721,0.58084522802648308
744,269.68438931793929,-0.076718082292726905,kepler:kplr011904151-2009291181958_slc.fits,0.99989490065683195,0.99997723691304918,0.99997781775827721,0.58084522802648308
745,335.84638861571875,-0.076484084513269907,kepler:kplr011904151-2009350160919_slc.fits,1.0004001164527094,0.99997723691304918,0.99997781775827721,0.58084522802648308
746,277.22213589296007,-0.076387807271951005,kepler:kplr011904151-2009291181958_slc.fits,1.0000399670875415,0.99997723691304918,0.99997781775827721,0.58084522802648308
747,214.41033973225424,-0.076381467977768097,kepler:kplr011904151-2009231120729_slc.fits,0.99979495197620882,0.99997723691304918,0.99997781775827721,0.58084522802648308
748,328.30932635808858,-0.076130042143438104,kepler:kplr011904151-2009350160919_slc.fits,1.0001366862161094,0.99997723691304918,0.99997781775827721,0.58084522802648308
749,262.98506461445504,-0.076117185776970603,kepler:kplr011904151-2009291181958_slc.fits,0.99995645149565315,0.99997723691304918,0.99997781775827721,0.58084522802648308
750,215.24811499172927,-0.076096908502687896,kepler:kplr011904151-2009231120729_slc.fits,0.99989684755720842,0.99997723691304918,0.99997781775827721,0.58084522802648308
751,329.14707967408322,-0.075867426148805706,kepler:kplr011904151-2009350160919_slc.fits,1.0004124493289548,0.99997723691304918,0.99997781775827721,0.58084522802648308
752,274.71023654588498,-0.075815054347037503,kepler:kplr011904151-2009291181958_slc.fits,0.99970308530675778,0.99997723691304918,0.99997781775827721,0.58084522802648308
753,220.27339656944969,-0.075759530782322601,kepler:kplr011904151-2009231120729_slc.fits,0.99989090439644879,0.99997723691304918,0.99997781775827721,0.58084522802648308
754,286.4353729524737,-0.075548447758320494,kepler:kplr011904151-2009291181958_slc.fits,0.99977583759814037,0.99997723691304918,0.99997781775827721,0.58084522802648308
755,347.57225633983762,-0.075486160394399704,kepler:kplr011904151-2009350160919_slc.fits,0.99900471791334722,0.99997723691304918,0.99997781775827721,0.58084522802648308
756,221.11116937045881,-0.075477429773199406,kepler:kplr011904151-2009231120729_slc.fits,0.99953352472345924,0.99997723691304918,0.99997781775827721,0.58084522802648308
757,344.22258698617952,-0.075192714052500095,kepler:kplr011904151-2009350160919_slc.fits,1.0002441719760014,0.99997723691304918,0.99997781775827721,0.58084522802648308
758,278.89832391948585,-0.075181180746172402,kepler:kplr011904151-2009291181958_slc.fits,0.99985194270525601,0.99997723691304918,0.99997781775827721,0.58084522802648308
759,226.13643646542187,-0.0751545348101441,kepler:kplr011904151-2009231120729_slc.fits,0.99997665828100435,0.99997723691304918,0.99997781775827721,0.58084522802648308
760,260.47383545403136,-0.074874246200652195,kepler:kplr011904151-2009291181958_slc.fits,1.000159411148021,0.99997723691304918,0.99997781775827721,0.58084522802648308
761,325.79811062551016,-0.074873674721859004,kepler:kplr011904151-2009350160919_slc.fits,1.0003029903088636,0.99997723691304918,0.99997781775827721,0.58084522802648308
762,201.0120190290254,-0.074850971206615199,kepler:kplr011904151-2009231120729_slc.fits,0.99989532136788961,0.99997723691304918,0.99997781775827721,0.58084522802648308
763,287.27380613341666,-0.0746059668153638,kepler:kplr011904151-2009291181958_slc.fits,0.99976564580031657,0.99997723691304918,0.99997781775827721,0.58084522802648308
764,337.52326111032016,-0.074592989911858198,kepler:kplr011904151-2009350160919_slc.fits,1.0002555561694586,0.99997723691304918,0.99997781775827721,0.58084522802648308
765,221.94962291733827,-0.074514582893735595,kepler:kplr011904151-2009231120729_slc.fits,0.99986811928767561,0.99997723691304918,0.99997781775827721,0.58084522802648308
766,262.14935067479382,-0.074340425438188903,kepler:kplr011904151-2009291181958_slc.fits,0.99984527517396915,0.99997723691304918,0.99997781775827721,0.58084522802648308
767,345.06102554403333,-0.074244856198694295,kepler:kplr011904151-2009350160919_slc.fits,0.99948247456543482,0.99997723691304918,0.99997781775827721,0.58084522802648308
768,206.87511526337039,-0.074189636861621694,kepler:kplr011904151-2009231120729_slc.fits,0.99996417943892624,0.99997723691304918,0.99997781775827721,0.58084522802648308
769,273.87452552429022,-0.074035375941798806,kepler:kplr011904151-2009291181958_slc.fits,1.0000336043576854,0.99997723691304918,0.99997781775827721,0.58084522802648308
770,341.7113593754184,-0.073948224813625105,kepler:kplr011904151-2009350160919_slc.fits,1.0002461642098566,0.99997723691304918,0.99997781775827721,0.58084522802648308
771,207.7128936867812,-0.073901913450811194,kepler:kplr011904151-2009231120729_slc.fits,1.0000265736493179,0.99997723691304918,0.99997781775827721,0.58084522802648308
772,285.59966427280602,-0.073766427425995901,kepler:kplr011904151-2009291181958_slc.fits,1.0000769242609595,0.99997723691304918,0.99997781775827721,0.58084522802648308
773,327.47429762896354,-0.073668071268480503,kepler:kplr011904151-2009350160919_slc.fits,1.0002065092693138,0.99997723691304918,0.99997781775827721,0.58084522802648308
774,222.78807611450611,-0.073552085725898594,kepler:kplr011904151-2009231120729_slc.fits,0.9999429025643034,0.99997723691304918,0.99997781775827721,0.58084522802648308
775,271.36262394355435,-0.073464856677665197,kepler:kplr011904151-2009291181958_slc.fits,0.99997824479791597,0.99997723691304918,0.99997781775827721,0.58084522802648308
776,339.19945292281773,-0.073382577414294603,kepler:kplr011904151-2009350160919_slc.fits,1.0002474923657598,0.99997723691304918,0.99997781775827721,0.58084522802648308
777,203.52604167845129,-0.073300421780718494,kepler:kplr011904151-2009231120729_slc.fits,0.99992081770709984,0.99997723691304918,0.99997781775827721,0.58084522802648308
778,263.82554609590443,-0.073126404327583203,kepler:kplr011904151-2009291181958_slc.fits,0.99977002732087639,0.99997723691304918,0.99997781775827721,0.58084522802648308
779,335.84979402404861,-0.073078676183415597,kepler:kplr011904151-2009350160919_slc.fits,0.99953806737681761,0.99997723691304918,0.99997781775827721,0.58084522802648308
780,228.65110862450089,-0.072954475731117796,kepler:kplr011904151-2009231120729_slc.fits,1.000126404385945,0.99997723691304918,0.99997781775827721,0.58084522802648308
781,275.550714950361,-0.072827349871021199,kepler:kplr011904151-2009291181958_slc.fits,0.999828815896736,0.99997723691304918,0.99997781775827721,0.58084522802648308
782,332.50013815383136,-0.072771746400663403,kepler:kplr011904151-2009350160919_slc.fits,1.0000399205717232,0.99997723691304918,0.99997781775827721,0.58084522802648308
783,215.25152048171731,-0.072691418514704495,kepler:kplr011904151-2009231120729_slc.fits,0.99995195196920617,0.99997723691304918,0.99997781775827721,0.58084522802648308
784,333.33789228376554,-0.072508316466480593,kepler:kplr011904151-2009350160919_slc.fits,0.99967429822518905,0.99997723691304918,0.99997781775827721,0.58084522802648308
785,289.78842355087545,-0.072460649356569803,kepler:kplr011904151-2009291181958_slc.fits,1.0001222634737092,0.99997723691304918,0.99997781775827721,0.58084522802648308
786,220.27680225105723,-0.072353849174776302,kepler:kplr011904151-2009231120729_slc.fits,1.0000668650473381,0.99997723691304918,0.99997781775827721,0.58084522802648308
787,329.98823866465682,-0.072199135575201995,kepler:kplr011904151-2009350160919_slc.fits,1.0003380915720237,0.99997723691304918,0.99997781775827721,0.58084522802648308
788,279.73880146924057,-0.072194330991448993,kepler:kplr011904151-2009291181958_slc.fits,0.99979631644423539,0.99997723691304918,0.99997781775827721,0.58084522802648308
789,211.0646848681572,-0.072073532074810404,kepler:kplr011904151-2009231120729_slc.fits,1.0001505720426898,0.99997723691304918,0.99997781775827721,0.58084522802648308
790,345.90082663849898,-0.071934461733038094,kepler:kplr011904151-2009350160919_slc.fits,0.99953229938546595,0.99997723691304918,0.99997781775827721,0.58084522802648308
791,276.3891499317906,-0.071883068441421102,kepler:kplr011904151-2009291181958_slc.fits,1.0004931687141452,0.99997723691304918,0.99997781775827721,0.58084522802648308
792,221.9523474003436,-0.071790099888412201,kepler:kplr011904151-2009231120729_slc.fits,1.0000646386064491,0.99997723691304918,0.99997781775827721,0.58084522802648308
793,327.47634096937691,-0.071624730855115004,kepler:kplr011904151-2009350160919_slc.fits,1.0006445161125801,0.99997723691304918,0.99997781775827721,0.58084522802648308
794,262.15207510960317,-0.071615990628837098,kepler:kplr011904151-2009291181958_slc.fits,1.0001809377490325,0.99997723691304918,0.99997781775827721,0.58084522802648308
795,216.92775103918399,-0.071442261048021594,kepler:kplr011904151-2009231120729_slc.fits,0.99972054575811842,0.99997723691304918,0.99997781775827721,0.58084522802648308
796,339.20149626999773,-0.071339230234288495,kepler:kplr011904151-2009350160919_slc.fits,1.0005459479708965,0.99997723691304918,0.99997781775827721,0.58084522802648308
797,284.76463645192416,-0.071303548307858095,kepler:kplr011904151-2009291181958_slc.fits,1.0001752989225727,0.99997723691304918,0.99997781775827721,0.58084522802648308
798,201.85320550460165,-0.071155195630364404,kepler:kplr011904151-2009231120729_slc.fits,1.000024885863483,0.99997723691304918,0.99997781775827721,0.58084522802648308
799,331.66442735994497,-0.070991840287055297,kepler:kplr011904151-2009350160919_slc.fits,1.0001413537354271,0.99997723691304918,0.99997781775827721,0.58084522802648308
800,281.41498854255769,-0.070988657674325495,kepler:kplr011904151-2009291181958_slc.fits,1.0000806390283907,0.99997723691304918,0.99997781775827721,0.58084522802648308
801,222.79080049634649,-0.070827703885518206,kepler:kplr011904151-2009231120729_slc.fits,0.99986307388533879,0.99997723691304918,0.99997781775827721,0.58084522802648308
802,282.25274121699482,-0.070726683237198801,kepler:kplr011904151-2009291181958_slc.fits,1.0002098938849062,0.99997723691304918,0.99997781775827721,0.58084522802648308
803,347.57702413127845,-0.070718368953572794,kepler:kplr011904151-2009350160919_slc.fits,0.99915385084763642,0.99997723691304918,0.99997781775827721,0.58084522802648308
804,203.52876608660159,-0.070576013630418502,kepler:kplr011904151-2009231120729_slc.fits,0.9999991920174196,0.99997723691304918,0.99997781775827721,0.58084522802648308
805,344.22735477145761,-0.070424928774409395,kepler:kplr011904151-2009350160919_slc.fits,0.99974421614667197,0.99997723691304918,0.99997781775827721,0.58084522802648308
806,278.90309158176387,-0.0704135184681451,kepler:kplr011904151-2009291181958_slc.fits,0.99956142884204879,0.99997723691304918,0.99997781775827721,0.58084522802648308
807,228.65383299842503,-0.070230101806979306,kepler:kplr011904151-2009231120729_slc.fits,1.0001666239632911,0.99997723691304918,0.99997781775827721,0.58084522802648308
808,329.99028200629982,-0.0701557939321997,kepler:kplr011904151-2009350160919_slc.fits,1.000160972495485,0.99997723691304918,0.99997781775827721,0.58084522802648308
809,260.47860314250283,-0.070106557729177496,kepler:kplr011904151-2009291181958_slc.fits,0.99970630477186462,0.99997723691304918,0.99997781775827721,0.58084522802648308
810,209.39185498073493,-0.0699220194970777,kepler:kplr011904151-2009231120729_slc.fits,0.99979495197620882,0.99997723691304918,0.99997781775827721,0.58084522802648308
811,345.90286999064847,-0.069891109583553004,kepler:kplr011904151-2009350160919_slc.fits,0.99945344487211896,0.99997723691304918,0.99997781775827721,0.58084522802648308
812,272.20378419484041,-0.069795305391609802,kepler:kplr011904151-2009291181958_slc.fits,1.0002173234197689,0.99997723691304918,0.99997781775827721,0.58084522802648308
813,214.41715091525839,-0.069570284973622096,kepler:kplr011904151-2009231120729_slc.fits,1.0001647207154345,0.99997723691304918,0.99997781775827721,0.58084522802648308
814,283.92892742580443,-0.069521874427588004,kepler:kplr011904151-2009291181958_slc.fits,0.99990669266216481,0.99997723691304918,0.99997781775827721,0.58084522802648308
815,334.17837123763456,-0.0695200625974568,kepler:kplr011904151-2009350160919_slc.fits,0.99974431101495076,0.99997723691304918,0.99997781775827721,0.58084522802648308
816,215.25492617193959,-0.069285728292424395,kepler:kplr011904151-2009231120729_slc.fits,0.99985977013434235,0.99997723691304918,0.99997781775827721,0.58084522802648308
817,269.69188141991617,-0.069225980315847396,kepler:kplr011904151-2009291181958_slc.fits,0.9996048630458596,0.99997723691304918,0.99997781775827721,0.58084522802648308
818,345.90355097470456,-0.069210125527463903,kepler:kplr011904151-2009350160919_slc.fits,0.99951302215121163,0.99997723691304918,0.99997781775827721,0.58084522802648308
819,210.23031344894844,-0.068954251283575005,kepler:kplr011904151-2009231120729_slc.fits,1.0001568563516501,0.99997723691304918,0.99997781775827721,0.58084522802648308
820,346.7413090912014,-0.068942709030620705,kepler:kplr011904151-2009350160919_slc.fits,0.99895242651806682,0.99997723691304918,0.99997781775827721,0.58084522802648308
821,277.22962797957007,-0.068895720661950904,kepler:kplr011904151-2009291181958_slc.fits,1.0003907935337599,0.99997723691304918,0.99997781775827721,0.58084522802648308
822,221.1179806306464,-0.068666169585609796,kepler:kplr011904151-2009231120729_slc.fits,0.99952562444933757,0.99997723691304918,0.99997781775827721,0.58084522802648308
823,343.39164080964838,-0.068648190583642604,kepler:kplr011904151-2009350160919_slc.fits,0.99956425102176916,0.99997723691304918,0.99997781775827721,0.58084522802648308
824,278.06738153398328,-0.068632866248739405,kepler:kplr011904151-2009291181958_slc.fits,0.99985403821508922,0.99997723691304918,0.99997781775827721,0.58084522802648308
825,211.90586712973163,-0.068381970500379197,kepler:kplr011904151-2009231120729_slc.fits,0.99977897187628118,0.99997723691304918,0.99997781775827721,0.58084522802648308
826,329.15457185856212,-0.068375241669899695,kepler:kplr011904151-2009350160919_slc.fits,1.0000016696817069,0.99997723691304918,0.99997781775827721,0.58084522802648308
827,274.71772853726725,-0.068323062964770601,kepler:kplr011904151-2009291181958_slc.fits,1.000059588679614,0.99997723691304918,0.99997781775827721,0.58084522802648308
828,325.80492162436713,-0.068062675864895894,kepler:kplr011904151-2009350160919_slc.fits,1.0000237929643254,0.99997723691304918,0.99997781775827721,0.58084522802648308
829,206.8812453715218,-0.068059528710211398,kepler:kplr011904151-2009231120729_slc.fits,0.99962337238642318,0.99997723691304918,0.99997781775827721,0.58084522802648308
830,286.44286512499821,-0.068056275233812899,kepler:kplr011904151-2009291181958_slc.fits,1.0000576836706749,0.99997723691304918,0.99997781775827721,0.58084522802648308
831,337.53007213054661,-0.067781969685407603,kepler:kplr011904151-2009350160919_slc.fits,0.99981346999020337,0.99997723691304918,0.99997781775827721,0.58084522802648308
832,207.71902379213131,-0.067771808100701394,kepler:kplr011904151-2009231120729_slc.fits,0.99987449337247802,0.99997723691304918,0.99997781775827721,0.58084522802648308
833,283.09321826872474,-0.067740331507279095,kepler:kplr011904151-2009291181958_slc.fits,0.99995586094288202,0.99997723691304918,0.99997781775827721,0.58084522802648308
834,208.5568018621052,-0.067484438126808002,kepler:kplr011904151-2009231120729_slc.fits,0.99991356381904295,0.99997723691304918,0.99997781775827721,0.58084522802648308
835,334.18041448160511,-0.067476818626909393,kepler:kplr011904151-2009350160919_slc.fits,0.99999191722264535,0.99997723691304918,0.99997781775827721,0.58084522802648308
836,264.66875106990483,-0.067412130327189901,kepler:kplr011904151-2009291181958_slc.fits,1.0001304550121473,0.99997723691304918,0.99997781775827721,0.58084522802648308
837,229.49432680790773,-0.067226992324284696,kepler:kplr011904151-2009231120729_slc.fits,0.99994523673620284,0.99997723691304918,0.99997781775827721,0.58084522802648308
838,330.83076009537035,-0.06716840486167,kepler:kplr011904151-2009350160919_slc.fits,0.99989477210514355,0.99997723691304918,0.99997781775827721,0.58084522802648308
839,261.31908536167612,-0.067115038555895595,kepler:kplr011904151-2009291181958_slc.fits,0.99989385290191557,0.99997723691304918,0.99997781775827721,0.58084522802648308
840,331.66851394502737,-0.066905255204650502,kepler:kplr011904151-2009350160919_slc.fits,1.0004571512619302,0.99997723691304918,0.99997781775827721,0.58084522802648308
841,220.28225122171719,-0.066904878514820895,kepler:kplr011904151-2009231120729_slc.fits,0.99986030878939625,0.99997723691304918,0.99997781775827721,0.58084522802648308
842,262.15684279528801,-0.066848304943997405,kepler:kplr011904151-2009291181958_slc.fits,1.0001019560784188,0.99997723691304918,0.99997781775827721,0.58084522802648308
843,221.12002401877544,-0.066622781456571106,kepler:kplr011904151-2009231120729_slc.fits,0.99987108189047125,0.99997723691304918,0.99997781775827721,0.58084522802648308
844,328.31886178188142,-0.066594618350597601,kepler:kplr011904151-2009350160919_slc.fits,1.0000998773239311,0.99997723691304918,0.99997781775827721,0.58084522802648308
845,262.99460018302489,-0.066581617207125604,kepler:kplr011904151-2009291181958_slc.fits,1.0000044386708282,0.99997723691304918,0.99997781775827721,0.58084522802648308
846,329.15661519979039,-0.066331900441626901,kepler:kplr011904151-2009350160919_slc.fits,1.0001712182695963,0.99997723691304918,0.99997781775827721,0.58084522802648308
847,206.04551000399081,-0.066304196241198099,kepler:kplr011904151-2009231120729_slc.fits,1.0004525600209859,0.99997723691304918,0.99997781775827721,0.58084522802648308
848,285.60715624637669,-0.066274453855330095,kepler:kplr011904151-2009291181958_slc.fits,0.99960629180256377,0.99997723691304918,0.99997781775827721,0.58084522802648308
849,336.69436019881687,-0.066003201415155005,kepler:kplr011904151-2009350160919_slc.fits,0.99965039141892875,0.99997723691304918,0.99997781775827721,0.58084522802648308
850,211.07081496326279,-0.065943436969220601,kepler:kplr011904151-2009231120729_slc.fits,0.99995170059684801,0.99997723691304918,0.99997781775827721,0.58084522802648308
851,278.07010595587053,-0.065908444361488294,kepler:kplr011904151-2009291181958_slc.fits,1.0003416252530424,0.99997723691304918,0.99997781775827721,0.58084522802648308
852,337.5321154766134,-0.065738623618622996,kepler:kplr011904151-2009350160919_slc.fits,0.99999362485166376,0.99997723691304918,0.99997781775827721,0.58084522802648308
853,221.95847736192809,-0.065660138303920507,kepler:kplr011904151-2009231120729_slc.fits,1.0001167085949776,0.99997723691304918,0.99997781775827721,0.58084522802648308
854,285.60783742577041,-0.065593274461606996,kepler:kplr011904151-2009291181958_slc.fits,1.0001935108080302,0.99997723691304918,0.99997781775827721,0.58084522802648308
855,349.25730926061806,-0.065414639613964098,kepler:kplr011904151-2009350160919_slc.fits,0.99910262197707922,0.99997723691304918,0.99997781775827721,0.58084522802648308
856,226.98374235023221,-0.065339349999804897,kepler:kplr011904151-2009231120729_slc.fits,1.0004933002982177,0.99997723691304918,0.99997781775827721,0.58084522802648308
857,282.25819005563972,-0.065277844592303597,kepler:kplr011904151-2009291181958_slc.fits,0.99990002513087795,0.99997723691304918,0.99997781775827721,0.58084522802648308
858,345.9076376789817,-0.0651234212503215,kepler:kplr011904151-2009350160919_slc.fits,0.99947135600315817,0.99997723691304918,0.99997781775827721,0.58084522802648308
859,207.72174819469365,-0.065047405538365397,kepler:kplr011904151-2009231120729_slc.fits,1.0001074796383902,0.99997723691304918,0.99997781775827721,0.58084522802648308
860,268.02113805971021,-0.064987940521808299,kepler:kplr011904151-2009291181958_slc.fits,1.0001574299387246,0.99997723691304918,0.99997781775827721,0.58084522802648308
861,327.48315187075787,-0.064813829474155996,kepler:kplr011904151-2009350160919_slc.fits,0.99997438556472118,0.99997723691304918,0.99997781775827721,0.58084522802648308
862,279.7462935515432,-0.0647022486888158,kepler:kplr011904151-2009291181958_slc.fits,1.0000163449766972,0.99997723691304918,0.99997781775827721,0.58084522802648308
863,222.79693065559687,-0.064697544635142906,kepler:kplr011904151-2009231120729_slc.fits,0.99988921661061358,0.99997723691304918,0.99997781775827721,0.58084522802648308
864,339.20830729397858,-0.064528206253443798,kepler:kplr011904151-2009350160919_slc.fits,1.0005205232721754,0.99997723691304918,0.99997781775827721,0.58084522802648308
865,287.2840225217733,-0.0643895784587247,kepler:kplr011904151-2009291181958_slc.fits,0.99975307274131875,0.99997723691304918,0.99997781775827721,0.58084522802648308
866,207.72242929515767,-0.064366305074287297,kepler:kplr011904151-2009231120729_slc.fits,1.0000590725042271,0.99997723691304918,0.99997781775827721,0.58084522802648308
867,340.04606326136127,-0.064262938870752906,kepler:kplr011904151-2009350160919_slc.fits,1.0009780919545324,0.99997723691304918,0.99997781775827721,0.58084522802648308
868,262.1595672298572,-0.064123870374809003,kepler:kplr011904151-2009291181958_slc.fits,1.0000710187332484,0.99997723691304918,0.99997781775827721,0.58084522802648308
869,218.61011016078555,-0.064064539446457403,kepler:kplr011904151-2009231120729_slc.fits,0.99998348124501879,0.99997723691304918,0.99997781775827721,0.58084522802648308
870,336.69640344432992,-0.063959955902104598,kepler:kplr011904151-2009350160919_slc.fits,0.99935212555034958,0.99997723691304918,0.99997781775827721,0.58084522802648308
871,284.77212852654338,-0.0638114736886361,kepler:kplr011904151-2009291181958_slc.fits,0.99982889209709336,0.99997723691304918,0.99997781775827721,0.58084522802648308
872,209.39798518119639,-0.0637918190356217,kepler:kplr011904151-2009231120729_slc.fits,1.0000712820187787,0.99997723691304918,0.99997781775827721,0.58084522802648308
873,337.53415882268746,-0.063695277544562501,kepler:kplr011904151-2009350160919_slc.fits,1.0001125896732921,0.99997723691304918,0.99997781775827721,0.58084522802648308
874,270.5350854252174,-0.063512675014615994,kepler:kplr011904151-2009291181958_slc.fits,1.0001676788868163,0.99997723691304918,0.99997781775827721,0.58084522802648308
875,204.37335712328783,-0.063475676944179299,kepler:kplr011904151-2009231120729_slc.fits,1.0003672729708102,0.99997723691304918,0.99997781775827721,0.58084522802648308
876,349.25935251550982,-0.063371384722204299,kepler:kplr011904151-2009350160919_slc.fits,0.99903868075716118,0.99997723691304918,0.99997781775827721,0.58084522802648308
877,282.26023339522362,-0.063234505008397293,kepler:kplr011904151-2009291181958_slc.fits,1.000244946049385,0.99997723691304918,0.99997781775827721,0.58084522802648308
878,221.12342949898448,-0.063217301247531596,kepler:kplr011904151-2009231120729_slc.fits,1.000012029962867,0.99997723691304918,0.99997781775827721,0.58084522802648308
879,330.83484667955054,-0.063081820681484005,kepler:kplr011904151-2009350160919_slc.fits,0.99969004635947123,0.99997723691304918,0.99997781775827721,0.58084522802648308
880,278.91058366534708,-0.062921434884943395,kepler:kplr011904151-2009291181958_slc.fits,0.99997062476215981,0.99997723691304918,0.99997781775827721,0.58084522802648308
881,206.04891560981201,-0.062898590419997902,kepler:kplr011904151-2009231120729_slc.fits,1.0001355615218586,0.99997723691304918,0.99997781775827721,0.58084522802648308
882,327.48519521117123,-0.062770489060790496,kepler:kplr011904151-2009350160919_slc.fits,1.000247871838875,0.99997723691304918,0.99997781775827721,0.58084522802648308
883,264.67351885139215,-0.062644348839873104,kepler:kplr011904151-2009291181958_slc.fits,0.99981308052289919,0.99997723691304918,0.99997781775827721,0.58084522802648308
884,226.98646672648465,-0.062614973747359998,kepler:kplr011904151-2009231120729_slc.fits,0.99982314159068797,0.99997723691304918,0.99997781775827721,0.58084522802648308
885,335.02293688611826,-0.062445114113762301,kepler:kplr011904151-2009350160919_slc.fits,0.99993992940585741,0.99997723691304918,0.99997781775827721,0.58084522802648308
886,287.28606585937814,-0.062346240853878798,kepler:kplr011904151-2009291181958_slc.fits,1.0000079629373655,0.99997723691304918,0.99997781775827721,0.58084522802648308
887,227.82423674516761,-0.062335655064400003,kepler:kplr011904151-2009231120729_slc.fits,1.0003948341543931,0.99997723691304918,0.99997781775827721,0.58084522802648308
888,335.86069163071079,-0.062181069521232098,kepler:kplr011904151-2009350160919_slc.fits,0.99973129508709802,0.99997723691304918,0.99997781775827721,0.58084522802648308
889,262.16161058096623,-0.062080519265785797,kepler:kplr011904151-2009291181958_slc.fits,0.99987232630090417,0.99997723691304918,0.99997781775827721,0.58084522802648308
890,208.56225086466293,-0.062035435569082802,kepler:kplr011904151-2009231120729_slc.fits,1.0003874725353257,0.99997723691304918,0.99997781775827721,0.58084522802648308
891,332.5110357498852,-0.061874150346826001,kepler:kplr011904151-2009350160919_slc.fits,0.99990387945990955,0.99997723691304918,0.99997781775827721,0.58084522802648308
892,229.49977575366211,-0.061778046569903801,kepler:kplr011904151-2009231120729_slc.fits,1.0001253270758377,0.99997723691304918,0.99997781775827721,0.58084522802648308
893,273.88678538563545,-0.061775514596570602,kepler:kplr011904151-2009291181958_slc.fits,1.000050749438137,0.99997723691304918,0.99997781775827721,0.58084522802648308
894,333.34878998236672,-0.061610617865296598,kepler:kplr011904151-2009350160919_slc.fits,1.0001334606946299,0.99997723691304918,0.99997781775827721,0.58084522802648308
895,270.5371287706148,-0.061469329617219501,kepler:kplr011904151-2009291181958_slc.fits,0.99975547305258206,0.99997723691304918,0.99997781775827721,0.58084522802648308
896,210.23780574615373,-0.061461954078286099,kepler:kplr011904151-2009231120729_slc.fits,1.0000507053957255,0.99997723691304918,0.99997781775827721,0.58084522802648308
897,345.0739666367881,-0.061303763443921903,kepler:kplr011904151-2009350160919_slc.fits,0.99948057719985883,0.99997723691304918,0.99997781775827721,0.58084522802648308
898,216.93796780123373,-0.061225498998284701,kepler:kplr011904151-2009231120729_slc.fits,0.99953011324145202,0.99997723691304918,0.99997781775827721,0.58084522802648308
899,267.18746886197187,-0.061166438260153499,kepler:kplr011904151-2009291181958_slc.fits,1.0001028323825309,0.99997723691304918,0.99997781775827721,0.58084522802648308
900,341.72430025219364,-0.061007348038378498,kepler:kplr011904151-2009350160919_slc.fits,1.0005063689249769,0.99997723691304918,0.99997781775827721,0.58084522802648308
901,211.91335942088327,-0.060889679348743897,kepler:kplr011904151-2009231120729_slc.fits,0.99986946592530979,0.99997723691304918,0.99997781775827721,0.58084522802648308
902,278.91262700632802,-0.060878093903996303,kepler:kplr011904151-2009291181958_slc.fits,1.0002596146182157,0.99997723691304918,0.99997781775827721,0.58084522802648308
903,349.26207705537672,-0.060646844855300502,kepler:kplr011904151-2009350160919_slc.fits,0.99924473465873664,0.99997723691304918,0.99997781775827721,0.58084522802648308
904,212.75113512995449,-0.060604670277520201,kepler:kplr011904151-2009231120729_slc.fits,0.99963640783872376,0.99997723691304918,0.99997781775827721,0.58084522802648308
905,264.67556220063852,-0.060600999593494999,kepler:kplr011904151-2009291181958_slc.fits,1.0000657609085766,0.99997723691304918,0.99997781775827721,0.58084522802648308
906,335.02498023059161,-0.060401769640412398,kepler:kplr011904151-2009350160919_slc.fits,0.99985454795492823,0.99997723691304918,0.99997781775827721,0.58084522802648308
907,261.32589630032453,-0.060304099907481701,kepler:kplr011904151-2009291181958_slc.fits,1.000096355352138,0.99997723691304918,0.99997781775827721,0.58084522802648308
908,227.82628012653731,-0.060292273694697501,kepler:kplr011904151-2009231120729_slc.fits,0.99989808646383205,0.99997723691304918,0.99997781775827721,0.58084522802648308
909,346.7501633867214,-0.060088413510625202,kepler:kplr011904151-2009350160919_slc.fits,0.99913791297679644,0.99997723691304918,0.99997781775827721,0.58084522802648308
910,262.16365383183438,-0.0600372683976306,kepler:kplr011904151-2009291181958_slc.fits,0.99974690051235637,0.99997723691304918,0.99997781775827721,0.58084522802648308
911,208.56429416559689,-0.059992134635120202,kepler:kplr011904151-2009231120729_slc.fits,0.99987575023427,0.99997723691304918,0.99997781775827721,0.58084522802648308
912,339.21307497075031,-0.059760529481708902,kepler:kplr011904151-2009350160919_slc.fits,1.0008504751458771,0.99997723691304918,0.99997781775827721,0.58084522802648308
913,229.50181903340129,-0.059734766830720397,kepler:kplr011904151-2009231120729_slc.fits,1.0003614375410612,0.99997723691304918,0.99997781775827721,0.58084522802648308
914,284.77621510361496,-0.059724896617060701,kepler:kplr011904151-2009291181958_slc.fits,0.99989137639029479,0.99997723691304918,0.99997781775827721,0.58084522802648308
915,340.05083093950088,-0.059495260731137999,kepler:kplr011904151-2009350160919_slc.fits,1.0001227405791244,0.99997723691304918,0.99997781775827721,0.58084522802648308
916,281.42656720180821,-0.059409998423808098,kepler:kplr011904151-2009291181958_slc.fits,0.9999511936709814,0.99997723691304918,0.99997781775827721,0.58084522802648308
917,204.37744383376409,-0.059388966467921002,kepler:kplr011904151-2009231120729_slc.fits,0.99995755398176522,0.99997723691304918,0.99997781775827721,0.58084522802648308
918,332.51376007389626,-0.0591498263357568,kepler:kplr011904151-2009350160919_slc.fits,0.99985710939845596,0.99997723691304918,0.99997781775827721,0.58084522802648308
919,267.18951210946398,-0.059123190768042698,kepler:kplr011904151-2009291181958_slc.fits,1.000104451640129,0.99997723691304918,0.99997781775827721,0.58084522802648308
920,205.21522330002333,-0.059100200208685998,kepler:kplr011904151-2009231120729_slc.fits,1.0002951111487772,0.99997723691304918,0.99997781775827721,0.58084522802648308
921,278.914670347418,-0.058834752814023603,kepler:kplr011904151-2009291181958_slc.fits,0.99994193532753739,0.99997723691304918,0.99997781775827721,0.58084522802648308
922,324.97670435549662,-0.058789244735399003,kepler:kplr011904151-2009350160919_slc.fits,0.99987333187413285,0.99997723691304918,0.99997781775827721,0.58084522802648308
923,216.10291774258079,-0.058784857651225701,kepler:kplr011904151-2009231120729_slc.fits,0.999761842645572,0.99997723691304918,0.99997781775827721,0.58084522802648308
924,264.67760544987686,-0.058557750355154398,kepler:kplr011904151-2009291181958_slc.fits,1.0000685422216278,0.99997723691304918,0.99997781775827721,0.58084522802648308
925,221.12819727127496,-0.058449528957053597,kepler:kplr011904151-2009231120729_slc.fits,0.9996945107638544,0.99997723691304918,0.99997781775827721,0.58084522802648308
926,328.32703504513483,-0.058421355097186302,kepler:kplr011904151-2009350160919_slc.fits,0.99996467105297082,0.99997723691304918,0.99997781775827721,0.58084522802648308
927,287.29015243469621,-0.058259665535809101,kepler:kplr011904151-2009291181958_slc.fits,1.0001723652088066,0.99997723691304918,0.99997781775827721,0.58084522802648308
928,226.15346422385483,-0.0581267763771844,kepler:kplr011904151-2009231120729_slc.fits,1.0002402401539692,0.99997723691109863,0.99997781775827721,0.58084717857731505
929,324.97738543526793,-0.058108164964087501,kepler:kplr011904151-2009350160919_slc.fits,0.99967496230314079,0.99997723691021356,0.99997781775827721,0.58084806364711028
930,273.05311762306519,-0.057952577166828299,kepler:kplr011904151-2009291181958_slc.fits,0.99986108674816365,0.99997723689336404,0.99997781775827721,0.58086491316888811
931,336.70253338094329,-0.057830019288727899,kepler:kplr011904151-2009350160919_slc.fits,0.99962231040840099,0.99997723686406437,0.99997781775827721,0.58089421284268639
932,201.02904720096561,-0.0578227992664039,kepler:kplr011904151-2009231120729_slc.fits,0.99984612420631436,0.99997723686181295,0.99997781775827721,0.58089646426395802
933,284.77825844214385,-0.057681558088168203,kepler:kplr011904151-2009291181958_slc.fits,1.000546508964439,0.99997723680377837,0.99997781775827721,0.58095449884110195
934,201.86682795629167,-0.057532743940338797,kepler:kplr011904151-2009231120729_slc.fits,1.0003837019499493,0.99997723671043481,0.99997781775827721,0.58104784239620955
935,348.42772361559042,-0.0575095846415987,kepler:kplr011904151-2009350160919_slc.fits,0.99963001371264038,0.99997723669279681,0.99997781775827721,0.58106548039837946
936,281.42861054162495,-0.057366658607071103,kepler:kplr011904151-2009291181958_slc.fits,1.0000117729552436,0.99997723656793402,0.99997781775827721,0.58119034318515617
937,212.75454072436696,-0.057199075865049999,kepler:kplr011904151-2009231120729_slc.fits,0.99975275733033242,0.99997723639052838,0.99997781775827721,0.58136774883088549
938,340.89063049635297,-0.057186403879052598,kepler:kplr011904151-2009350160919_slc.fits,1.0001727361620574,0.99997723637591085,0.99997781775827721,0.58138236636029461
939,267.19155545708054,-0.057079843151479098,kepler:kplr011904151-2009291181958_slc.fits,0.99973649916354879,0.99997723624708079,0.99997781775827721,0.58151119641802751
940,213.59231667999848,-0.056913820233535903,kepler:kplr011904151-2009231120729_slc.fits,1.0001557431312054,0.99997723602838717,0.99997781775827721,0.58172989003679731
941,326.6535721398177,-0.056902860414323797,kepler:kplr011904151-2009350160919_slc.fits,0.99983879982064561,0.99997723601332356,0.99997781775827721,0.58174495365381773
942,278.91671358839812,-0.056791511833894803,kepler:kplr011904151-2009291181958_slc.fits,0.99980917525457402,0.99997723585708398,0.99997781775827721,0.58190119323064948
943,228.667455368508,-0.056607731724009,kepler:kplr011904151-2009231120729_slc.fits,1.0001473221571986,0.999977235593702,0.99997781775827721,0.58216457521353959
944,334.19131218284019,-0.056579117391828797,kepler:kplr011904151-2009350160919_slc.fits,0.99966678465750725,0.99997723555333196,0.99997781775827721,0.58220494525418331
945,275.56706139157177,-0.056480908660249698,kepler:kplr011904151-2009291181958_slc.fits,0.99993526779625064,0.99997723541807881,0.99997781775827721,0.58234019839620288
946,215.26786733444897,-0.056344565783046301,kepler:kplr011904151-2009231120729_slc.fits,0.99975534287459,0.99997723524035598,0.99997781775827721,0.58251792123265034
947,330.84165768653475,-0.056270813697276198,kepler:kplr011904151-2009350160919_slc.fits,1.0005301998366138,0.99997723514977277,0.99997781775827721,0.58260850444025181
948,268.02999243014347,-0.0561335700885532,kepler:kplr011904151-2009291181958_slc.fits,0.99982382477331544,0.999977234992247,0.99997781775827721,0.58276603021045759
949,346.75425009236642,-0.056001707865602698,kepler:kplr011904151-2009350160919_slc.fits,0.99899447213923565,0.9999772348536784,0.99997781775827721,0.58290459881149559
950,204.38084954237999,-0.055983257852019998,kepler:kplr011904151-2009231120729_slc.fits,1.0000174883340782,0.99997723483513123,0.99997781775827721,0.58292314597530037
951,279.7551478941532,-0.055847906078822597,kepler:kplr011904151-2009291181958_slc.fits,0.99985079969989277,0.99997723470201405,0.99997781775827721,0.58305626315924286
952,328.3297593662428,-0.055697033989224203,kepler:kplr011904151-2009350160919_slc.fits,0.99985485153342035,0.99997723455784437,0.99997781775827721,0.5832004328354401
953,205.21862880724075,-0.055694692991263298,kepler:kplr011904151-2009231120729_slc.fits,1.0001486687948331,0.99997723455563636,0.99997781775827721,0.58320264084699147
954,276.40549636950163,-0.0555366307303852,kepler:kplr011904151-2009291181958_slc.fits,0.99960829206195001,0.99997723440832065,0.99997781775827721,0.58334995656217359
955,340.05491763504688,-0.055408565185144802,kepler:kplr011904151-2009350160919_slc.fits,1.0002824038923619,0.99997723429123098,0.99997781775827721,0.58346704623346568
956,216.10632333140529,-0.055379268826719397,kepler:kplr011904151-2009231120729_slc.fits,0.99998752115792156,0.9999772342646992,0.99997781775827721,0.58349357801024127
957,277.24324999155942,-0.055273708672595803,kepler:kplr011904151-2009291181958_slc.fits,0.99959743351099717,0.99997723416981765,0.99997781775827721,0.58358845955730487
958,325.81786254220788,-0.055121758024144499,kepler:kplr011904151-2009350160919_slc.fits,1.0003244495135306,0.99997723403505201,0.99997781775827721,0.58372322520039432
959,216.94409787817847,-0.055095422053485103,kepler:kplr011904151-2009231120729_slc.fits,1.0003732161315699,0.99997723401189564,0.99997781775827721,0.58374638156610814
960,278.08100354329508,-0.055010856936936699,kepler:kplr011904151-2009291181958_slc.fits,1.000312097614487,0.9999772339379156,0.99997781775827721,0.58382036161042095
961,326.65561537984468,-0.054859620387345397,kepler:kplr011904151-2009350160919_slc.fits,1.0001125896732921,0.99997723380621661,0.99997781775827721,0.58395206059547178
962,226.15686989568349,-0.0547211045485251,kepler:kplr011904151-2009231120729_slc.fits,1.0003194224468694,0.99997723364564084,0.99997781775827721,0.58411263637037081
963,270.54393988889206,-0.054658211339964,kepler:kplr011904151-2009291181958_slc.fits,1.0002021976487925,0.9999772335434236,0.99997781775827721,0.58421485360504732
964,338.38076799454569,-0.054576805686329097,kepler:kplr011904151-2009350160919_slc.fits,1.0005125543367552,0.99997723337700362,0.99997781775827721,0.58438127359394798
965,201.03245281516865,-0.054417185063357403,kepler:kplr011904151-2009231120729_slc.fits,1.0000153516690318,0.99997723292273955,0.99997781775827721,0.58483553766475183
966,282.26908763305249,-0.054380267179526598,kepler:kplr011904151-2009291181958_slc.fits,1.0001195964611944,0.9999772327913512,0.99997781775827721,0.58496692600940037
967,339.21852382994257,-0.0543116702894526,kepler:kplr011904151-2009350160919_slc.fits,1.0003633455078429,0.99997723252008042,0.99997781775827721,0.58523819679301425
968,201.87023356933059,-0.054127130901416999,kepler:kplr011904151-2009231120729_slc.fits,0.99986354071971861,0.999977231619261,0.99997781775827721,0.58613901621207276
969,268.03203567716992,-0.0540903230621037,kepler:kplr011904151-2009291181958_slc.fits,1.0001260734915871,0.99997723141801675,0.99997781775827721,0.58634026045556453
970,335.86886491072801,-0.054007789504014497,kepler:kplr011904151-2009350160919_slc.fits,0.9998223686347556,0.99997723095399438,0.99997781775827721,0.58680428283164332
971,279.75719123477762,-0.0538045654543974,kepler:kplr011904151-2009291181958_slc.fits,1.0003329574623696,0.99997722980330161,0.99997781775827721,0.58795497559493981
972,226.99532134918263,-0.053760351049378402,kepler:kplr011904151-2009231120729_slc.fits,1.0001631406606104,0.99997722956886459,0.99997781775827721,0.58818941262028801
973,328.33180270705634,-0.053653693175681,kepler:kplr011904151-2009350160919_slc.fits,0.99986498346559738,0.99997722904992603,0.99997781775827721,0.58870835117907916
974,265.52012970094074,-0.053524199291276199,kepler:kplr011904151-2009291181958_slc.fits,0.99986699227587461,0.99997722851027682,0.99997781775827721,0.58924800039328318
975,227.83309116413875,-0.053481236093260102,kepler:kplr011904151-2009231120729_slc.fits,1.0001189350358664,0.99997722835158243,0.99997781775827721,0.58940669478424468
976,329.16955592759041,-0.0533911726416125,kepler:kplr011904151-2009350160919_slc.fits,1.0000687605284817,0.99997722804624045,0.99997781775827721,0.58971203675817208
977,277.24529333334795,-0.053230366884074301,kepler:kplr011904151-2009291181958_slc.fits,1.0002810269186908,0.999977227526056,0.99997781775827721,0.59023222120924146
978,208.57110536885739,-0.053180931374622903,kepler:kplr011904151-2009231120729_slc.fits,0.99994891754573678,0.99997722735506556,0.99997781775827721,0.59040321165326759
979,325.81990578187106,-0.053078518360964097,kepler:kplr011904151-2009350160919_slc.fits,1.000241325927637,0.99997722695429603,0.99997781775827721,0.59080398118194211
980,263.00822215228982,-0.0529596479421936,kepler:kplr011904151-2009291181958_slc.fits,1.0000025336618892,0.99997722637110376,0.99997781775827721,0.59138717345419423
981,219.45878150300999,-0.0528838972220224,kepler:kplr011904151-2009231120729_slc.fits,0.99940837719930598,0.99997722592626725,0.99997781775827721,0.59183200995516216
982,326.65765871988697,-0.052816280345053798,kepler:kplr011904151-2009350160919_slc.fits,1.000068001582251,0.99997722547763879,0.99997781775827721,0.59228063842287071
983,285.62077833461808,-0.052652365613939198,kepler:kplr011904151-2009291181958_slc.fits,0.99968773093470875,0.99997722418210355,0.99997781775827721,0.59357617365751736
984,224.48405271953379,-0.052556880698217498,kepler:kplr011904151-2009231120729_slc.fits,0.9998924485409364,0.99997722329491157,0.99997781775827721,0.5944633656440601
985,334.19539877081115,-0.052492529420868898,kepler:kplr011904151-2009350160919_slc.fits,0.9998112880197908,0.99997722264595856,0.99997781775827721,0.59511231864650682
986,271.38373807498283,-0.052350725249189198,kepler:kplr011904151-2009291181958_slc.fits,1.0000129159606068,0.99997722108034437,0.99997781775827721,0.59667793284035042
987,215.27195412280707,-0.052257777424937701,kepler:kplr011904151-2009231120729_slc.fits,0.99992009950036165,0.99997721995987443,0.99997781775827721,0.59779840277940366
988,335.03315330855548,-0.052228691676537702,kepler:kplr011904151-2009350160919_slc.fits,1.0003826796630642,0.99997721959585795,0.99997781775827721,0.59816241926302638
989,283.10888360236282,-0.052074997869196303,kepler:kplr011904151-2009291181958_slc.fits,1.0000275845294375,0.99997721756338198,0.99997781775827721,0.60019489522833425
990,331.68349812370434,-0.051921076527681999,kepler:kplr011904151-2009350160919_slc.fits,1.0002765220590757,0.99997721536399864,0.99997781775827721,0.60239427857045058
991,220.297235740698,-0.051920359534010502,kepler:kplr011904151-2009231120729_slc.fits,0.9999463140463104,0.99997721535347339,0.99997781775827721,0.60240480381779093
992,268.87183469516458,-0.051782005067439102,kepler:kplr011904151-2009291181958_slc.fits,1.0001848239672679,0.99997721327606481,0.99997781775827721,0.60448221239628452
993,211.08511835185345,-0.051640048378558803,kepler:kplr011904151-2009231120729_slc.fits,1.000400938911669,0.99997721105200477,0.99997781775827721,0.6067062724435246
994,343.4086683947171,-0.051620605514924998,kepler:kplr011904151-2009350160919_slc.fits,0.99929122011535365,0.99997721074083323,0.99997781775827721,0.6070174439765097
995,261.33475069054111,-0.051449709690897898,kepler:kplr011904151-2009291181958_slc.fits,0.99944341353827382,0.99997720791109646,0.99997781775827721,0.6098471807547412
996,344.24642551266152,-0.051354187570504799,kepler:kplr011904151-2009350160919_slc.fits,0.99985151217000645,0.99997720626505116,0.99997781775827721,0.6114932260548045
997,206.06049462983361,-0.051319570398398101,kepler:kplr011904151-2009231120729_slc.fits,0.99984055810409245,0.99997720565901238,0.99997781775827721,0.61209926482952426
998,277.24733657514298,-0.051187125089038298,kepler:kplr011904151-2009291181958_slc.fits,0.99948579998716802,0.99997720330651463,0.99997781775827721,0.61445176258168033
999,340.89676044146472,-0.0510564587673005,kepler:kplr011904151-2009350160919_slc.fits,1.0003058363572279,0.99997720094289944,0.99997781775827721,0.61681537777413808
1000,226.99804572543508,-0.051035974796933503,kepler:kplr011904151-2009231120729_slc.fits,1.0002978762447197,0.9999772005698806,0.99997781775827721,0.61718839661217828
1001,273.89768298459239,-0.050877915639626098,kepler:kplr011904151-2009291181958_slc.fits,1.0000889258172756,0.99997719764860782,0.99997781775827721,0.62010966939141099
1002,326.65970195991395,-0.050773040318075502,kepler:kplr011904151-2009350160919_slc.fits,1.0005801005512682,0.99997719563357201,0.99997781775827721,0.62212470519629193
1003,227.83581573922856,-0.050756661003445502,kepler:kplr011904151-2009231120729_slc.fits,0.99984084538678764,0.99997719530843998,0.99997781775827721,0.62244983722870018
1004,285.62282167279773,-0.0506090274342927,kepler:kplr011904151-2009291181958_slc.fits,0.99964307752517723,0.99997719220270043,0.99997781769645555,0.6254937551242179
1005,208.57382977002271,-0.050456530209299098,kepler:kplr011904151-2009231120729_slc.fits,1.0000366285436546,0.99997718851745998,0.99997781706342737,0.62854596738493029
1006,334.1974420148108,-0.050449285421217703,kepler:kplr011904151-2009350160919_slc.fits,1.0000610761978981,0.9999771883255224,0.99997781701118915,0.62868566674811888
1007,267.19836648222554,-0.050268818006481197,kepler:kplr011904151-2009291181958_slc.fits,1.000792159867131,0.99997718285096981,0.99997781487123516,0.6320202653453677
1008,219.46150598927488,-0.050159410957126803,kepler:kplr011904151-2009231120729_slc.fits,0.99982177699788499,0.99997717878670556,0.99997781260835605,0.63382165049752359
1009,330.84778761283087,-0.050140887401150601,kepler:kplr011904151-2009350160919_slc.fits,1.0005986188392919,0.99997717804075159,0.999977812138102,0.63409735040487192
1010,289.81089985692233,-0.0499843433096867,kepler:kplr011904151-2009291181958_slc.fits,0.99983117810782041,0.99997717108322515,0.99997780702250905,0.63593928389948928
1011,327.49813613383594,-0.049829566396079203,kepler:kplr011904151-2009350160919_slc.fits,1.0001795666781317,0.99997716309023199,0.99997780007782178,0.63698758978603109
1012,208.57451087048685,-0.049775429745164197,kepler:kplr011904151-2009231120729_slc.fits,0.99958318871941421,0.99997716006022996,0.99997779725218916,0.63719195919631488
1013,275.57387240041135,-0.049669899820672797,kepler:kplr011904151-2009291181958_slc.fits,0.99996157596969915,0.99997715388006858,0.99997779101337436,0.63713330578085703
1014,328.33588928869722,-0.049567111534804198,kepler:kplr011904151-2009350160919_slc.fits,0.99958569125278018,0.99997714759704115,0.99997778388848924,0.63629144808619031
1015,219.46218708601373,-0.049478314218282103,kepler:kplr011904151-2009231120729_slc.fits,0.999655619868974,0.99997714199414922,0.99997777686949518,0.63487534596173845
1016,272.22421733976807,-0.049362160463944697,kepler:kplr011904151-2009291181958_slc.fits,1.0001822712552897,0.99997713441995562,0.99997776645397685,0.63203402123068742
1017,340.06104747838253,-0.049278721849487797,kepler:kplr011904151-2009350160919_slc.fits,1.0006893888084574,0.99997712876873723,0.99997775809473755,0.62932600031206931
1018,204.3876606598424,-0.049172140389615003,kepler:kplr011904151-2009231120729_slc.fits,1.0002796337935662,0.9999771212096652,0.99997774633426717,0.62512460197172715
1019,273.06197188045923,-0.049098319772793803,kepler:kplr011904151-2009291181958_slc.fits,0.99972308790061803,0.99997711569848735,0.99997773748129914,0.62178281179381401
1020,336.71138774493738,-0.048975655294638501,kepler:kplr011904151-2009350160919_slc.fits,1.0002222574035962,0.99997710587519117,0.99997772170087884,0.61582568766649359
1021,221.13773281563044,-0.048913984601567102,kepler:kplr011904151-2009231120729_slc.fits,1.0000985738748349,0.99997710056194156,0.99997771326966944,0.61270772788724059
1022,284.7871126757891,-0.048827324442916202,kepler:kplr011904151-2009291181958_slc.fits,0.99978393388613163,0.99997709260611123,0.99997770081472903,0.60820861780275237
1023,329.17432369046583,-0.048623409766195197,kepler:kplr011904151-2009350160919_slc.fits,1.0001051899475446,0.99997707132140956,0.99997766868946303,0.59736805346766175
1024,206.06321923449289,-0.048594965739120199,kepler:kplr011904151-2009231120729_slc.fits,0.99967806382954683,0.99997706805263542,0.99997766390627285,0.59585363743064335
1025,270.5500697253301,-0.048528374901914903,kepler:kplr011904151-2009291181958_slc.fits,0.999754215746682,0.99997706011190002,0.999977652442263,0.59233036298067532
1026,325.82467354109394,-0.048310759138077503,kepler:kplr011904151-2009350160919_slc.fits,1.0002207395111351,0.99997703148753403,0.99997761289232856,0.58140479453072658
1027,206.90099799713064,-0.048306903101366302,kepler:kplr011904151-2009231120729_slc.fits,1.0001119684305049,0.99997703094793322,0.99997761216174097,0.58121380774878162
1028,282.2752175515634,-0.048250348668618701,kepler:kplr011904151-2009291181958_slc.fits,0.9996059298508656,0.99997702292213042,0.99997760133623037,0.57841409994985327
1029,337.5498241092937,-0.048029990938326599,kepler:kplr011904151-2009350160919_slc.fits,0.99974905442889139,0.99997699007340923,0.99997755712053538,0.56704712614319419
1030,207.7387763095976,-0.048019290634414298,kepler:kplr011904151-2009231120729_slc.fits,0.99978794946050997,0.99997698842831317,0.99997755489458284,0.56646626966916358
1031,278.92556793263066,-0.047937167601363101,kepler:kplr011904151-2009291181958_slc.fits,1.0002492323194978,0.99997697566598398,0.99997753753942797,0.56187344399383221
1032,334.20016644013231,-0.047724860099714599,kepler:kplr011904151-2009350160919_slc.fits,0.99977326481364381,0.99997694181951202,0.9999774904060208,0.54858650877509518
1033,218.62645688604243,-0.047717814189576602,kepler:kplr011904151-2009231120729_slc.fits,0.99984720151642159,0.99997694067675003,0.99997748878005543,0.54810330540888685
1034,264.68850307909452,-0.047660121137502197,kepler:kplr011904151-2009291181958_slc.fits,1.0001601731515966,0.99997693125389575,0.99997747535305936,0.54409916361297661
1035,324.15053046645335,-0.047472433778674203,kepler:kplr011904151-2009350160919_slc.fits,1.0000148753461171,0.99997689948361057,0.99997743105534875,0.53157173818263459
1036,213.60185226044268,-0.047378239789328001,kepler:kplr011904151-2009231120729_slc.fits,0.99994721180473345,0.99997688261889361,0.99997740879126162,0.52617236800944767
1037,272.22626058424066,-0.047318915991356202,kepler:kplr011904151-2009291181958_slc.fits,1.0003510550472907,0.99997687162056081,0.99997739484849524,0.52322793442360904
1038,324.98828311156831,-0.0472104886637136,kepler:kplr011904151-2009350160919_slc.fits,0.99950668495018735,0.99997685075443599,0.9999773692383972,0.51848396120934837
1039,273.06401512445882,-0.047055075773199499,kepler:kplr011904151-2009291181958_slc.fits,1.0000334900571488,0.99997681877773081,0.99997733160474556,0.512827014742534
1040,208.57723547164639,-0.047050828585621901,kepler:kplr011904151-2009231120729_slc.fits,0.9997071512024488,0.99997681786777204,0.9999773305542432,0.5126864711657575
1041,347.60086268884334,-0.0468798113886865,kepler:kplr011904151-2009350160919_slc.fits,0.99922291495461035,0.99997677977601096,0.99997728692202081,0.50714600985379832
1042,209.41501308189609,-0.046763918335891198,kepler:kplr011904151-2009231120729_slc.fits,1.0000835813091724,0.99997675226666838,0.99997725540075477,0.50313408639368618
1043,276.41435061909579,-0.046682381136234199,kepler:kplr011904151-2009291181958_slc.fits,0.99996311902694002,0.99997673204153381,0.99997723098904556,0.4989475117511688
1044,344.25119329799054,-0.046586402241482298,kepler:kplr011904151-2009350160919_slc.fits,0.99982069895304881,0.99997670719072385,0.99997719873852942,0.49154780557003619
1045,204.39038516682919,-0.046447633402820501,kepler:kplr011904151-2009231120729_slc.fits,0.99978496890254598,0.99997666901751003,0.99997714497292745,0.47595541741163316
1046,273.06469630571519,-0.046373894516831202,kepler:kplr011904151-2009291181958_slc.fits,1.0001688599923588,0.99997664756748761,0.99997711291347724,0.46534598963088314
1047,340.90152812100132,-0.0462887792307018,kepler:kplr011904151-2009350160919_slc.fits,1.0001539522428529,0.99997662162398882,0.99997707301454841,0.45139055959708685
1048,221.14045739980065,-0.0461894004313574,kepler:kplr011904151-2009231120729_slc.fits,0.99975868253592359,0.99997658955198043,0.99997702272529665,0.43317331621661737
1049,273.90245075280842,-0.046110147423599201,kepler:kplr011904151-2009291181958_slc.fits,1.000179985244563,0.99997656249049438,0.99997697969148736,0.41720099297481994
1050,341.73928467797668,-0.046022922255337599,kepler:kplr011904151-2009350160919_slc.fits,1.000164387753522,0.999976531077296,0.99997693007101796,0.39899372195062455
1051,211.9283440024883,-0.045905097743709398,kepler:kplr011904151-2009231120729_slc.fits,1.0000606884693883,0.99997648566629282,0.99997686074710057,0.37508080774628638
1052,270.55279415256518,-0.045803947666835002,kepler:kplr011904151-2009291181958_slc.fits,1.0001281690014203,0.99997644364769822,0.99997679955200403,0.35590430580434429
1053,327.50222271468374,-0.045742985548281802,kepler:kplr011904151-2009350160919_slc.fits,0.99986156820756,0.99997641680556759,0.99997676182982842,0.34502426082827498
1054,206.90372240085708,-0.045582499374933798,kepler:kplr011904151-2009231120729_slc.fits,1.0001243215864035,0.99997634005931002,0.99997666001871977,0.31995940974471893
1055,271.39054909151309,-0.045539708718925098,kepler:kplr011904151-2009291181958_slc.fits,0.99944912856509105,0.9999763179991672,0.99997663266740278,0.31466823557924073
1056,339.22737810116087,-0.045457399071155501,kepler:kplr011904151-2009350160919_slc.fits,1.000614063395082,0.99997627354618901,0.99997658016393842,0.30661774941265207
1057,207.74150081216067,-0.045294788071345203,kepler:kplr011904151-2009231120729_slc.fits,1.0000312419931172,0.99997617735539235,0.99997647707845116,0.29972305881642569
1058,268.04089004760323,-0.045235952628791702,kepler:kplr011904151-2009291181958_slc.fits,1.0002474225610061,0.99997613956503617,0.99997644001135755,0.30044632137737892
1059,346.76514774085081,-0.045104059381214798,kepler:kplr011904151-2009350160919_slc.fits,0.99968416452618525,0.99997604839385756,0.9999763566150538,0.30822119623241662
1060,208.57927867257968,-0.045007627652335402,kepler:kplr011904151-2009231120729_slc.fits,0.99993625915197382,0.99997597554282758,0.99997629469985805,0.31915703047058486
1061,268.87864571681712,-0.0449709834149008,kepler:kplr011904151-2009291181958_slc.fits,1.0000694947260973,0.99997594637106724,0.99997627036344061,0.32399237337443765
1062,339.22805928358139,-0.044776216650633999,kepler:kplr011904151-2009350160919_slc.fits,1.0004847769047198,0.99997577627803058,0.99997612683326764,0.35055523706084557
1063,209.41705638189887,-0.044720618333137403,kepler:kplr011904151-2009231120729_slc.fits,0.99996678293835239,0.99997572271070556,0.99997608064544641,0.35793474084666599
1064,265.52898407847533,-0.044669821756686497,kepler:kplr011904151-2009291181958_slc.fits,0.99973333684871002,0.99997567169665336,0.99997603587929162,0.36418263826831776
1065,340.06581525655201,-0.0445109436800077,kepler:kplr011904151-2009350160919_slc.fits,1.0003345814457074,0.99997549845903355,0.99997587684688538,0.37838785182930934
1066,204.39242847195419,-0.044404328277821002,kepler:kplr011904151-2009231120729_slc.fits,0.99982547576258762,0.99997536975797685,0.99997575278657158,0.38302859473038353
1067,288.14152630585886,-0.044376494373158999,kepler:kplr011904151-2009291181958_slc.fits,1.0000327280535732,0.9999753344294664,0.99997571803968044,0.38361021403865436
1068,325.82876012042834,-0.044224179803679299,kepler:kplr011904151-2009350160919_slc.fits,1.000172925898615,0.99997512833852942,0.99997551295516163,0.38461663220967779
1069,278.09190113060322,-0.044113269628800397,kepler:kplr011904151-2009291181958_slc.fits,0.99984127465519723,0.99997496464558677,0.99997534853360037,0.38388801359978686
1070,225.329997004701,-0.044103295531011,kepler:kplr011904151-2009231120729_slc.fits,1.0003443801310259,0.99997494935514797,0.99997533318118759,0.38382603961828465
1071,337.55391070143378,-0.043943398798242897,kepler:kplr011904151-2009350160919_slc.fits,1.0002280443686036,0.99997469131592376,0.99997507909599803,0.387780074273536
1072,274.74224825437705,-0.043803345854973502,kepler:kplr011904151-2009291181958_slc.fits,0.99994003031859835,0.9999744465416206,0.99997484968721517,0.40314559457410581
1073,216.11790239298719,-0.043800207244821303,kepler:kplr011904151-2009231120729_slc.fits,0.99994380032272645,0.99997444087773124,0.99997484452296004,0.40364522879698939
1074,334.20425302811054,-0.043638272121478701,kepler:kplr011904151-2009350160919_slc.fits,0.99981584169717364,0.99997413938738744,0.99997457998404204,0.44059665460505215
1075,286.46738468029071,-0.043536719941313202,kepler:kplr011904151-2009291181958_slc.fits,0.99987739362468198,0.99997394170934362,0.99997441777076801,0.47606142439260424
1076,216.95567683487752,-0.0435164653544877,kepler:kplr011904151-2009231120729_slc.fits,0.99998761093376398,0.9999739015655954,0.99997438567304298,0.4841074475736562
1077,345.92943306864618,-0.043328031585845701,kepler:kplr011904151-2009350160919_slc.fits,0.99964591363616884,0.99997351710504279,0.99997408456123205,0.56745618925990726
1078,283.11773783879471,-0.0432207614373094,kepler:kplr011904151-2009291181958_slc.fits,0.99985167600400482,0.99997328957635601,0.99997390629332861,0.61671697260123892
1079,211.93106839922984,-0.043180701002167803,kepler:kplr011904151-2009231120729_slc.fits,1.0001943467433905,0.99997320286515923,0.99997383754194757,0.63467678834694397
1080,346.76719099363982,-0.043060806592206902,kepler:kplr011904151-2009350160919_slc.fits,0.99933751583541319,0.99997293715264479,0.99997362151336699,0.68436072220290356
1081,268.88068896338518,-0.042927736846836498,kepler:kplr011904151-2009291181958_slc.fits,0.99990090143499,0.99997263019042859,0.99997335650624564,0.72631581704563075
1082,227.00621915395459,-0.042862546277420997,kepler:kplr011904151-2009231120729_slc.fits,0.99984486734452238,0.99997247446363735,0.99997321470734202,0.74024370466663214
1083,339.2301026307905,-0.042732869441524102,kepler:kplr011904151-2009350160919_slc.fits,1.0003908573086977,0.99997215319663979,0.99997290896717761,0.75577053781916703
1084,269.71844431769568,-0.042663082536334301,kepler:kplr011904151-2009291181958_slc.fits,0.99964486823357979,0.99997197372710955,0.99997273143418963,0.75770708007905085
1085,227.84398906448769,-0.042583335744323401,kepler:kplr011904151-2009231120729_slc.fits,1.0000071820673833,0.99997176284839284,0.99997251772651441,0.75487812156715961
1086,340.06785850434244,-0.042467695889582602,kepler:kplr011904151-2009350160919_slc.fits,1.0002748144300571,0.99997144638698321,0.99997219020387662,0.74381689341151969
1087,288.14356954323011,-0.042333257001905197,kepler:kplr011904151-2009291181958_slc.fits,0.99964944025503355,0.99997106225590315,0.99997178626672545,0.72401082229500702
1088,218.63190586113345,-0.042268839098563001,kepler:kplr011904151-2009231120729_slc.fits,0.99989359767171737,0.99997087178564004,0.99997158450051238,0.71271487234181308
1089,336.71819866341684,-0.042164736815179099,kepler:kplr011904151-2009350160919_slc.fits,1.0000507355555075,0.99997055529779622,0.99997124833653184,0.6930387356218759
1090,263.01911978767748,-0.042062012554529397,kepler:kplr011904151-2009291181958_slc.fits,1.0003226704140988,0.9999702324208436,0.99997090503139063,0.67261054703671164
1091,209.41978098212712,-0.041996018104889198,kepler:kplr011904151-2009231120729_slc.fits,1.0000311701724434,0.99997001937610075,0.99997067816458762,0.65878848687361824
1092,324.99373184971773,-0.041761750514288203,kepler:kplr011904151-2009350160919_slc.fits,0.99999115827641483,0.99996922469929839,0.99996981613286717,0.59143356878621489
1093,285.63167590516241,-0.041754795069609302,kepler:kplr011904151-2009291181958_slc.fits,1.0000755907547021,0.99996920014154356,0.9999697890376632,0.58889611964652033
1094,204.39515307893453,-0.0416797212974842,kepler:kplr011904151-2009231120729_slc.fits,1.0000435233283425,0.99996893129572839,0.99996949119674439,0.55990101599512343
1095,332.53146878004918,-0.0414411201828404,kepler:kplr011904151-2009350160919_slc.fits,1.0000495971361618,0.99996803138023038,0.99996848455204657,0.45317181618376168
1096,205.23293243774239,-0.041391062489619601,kepler:kplr011904151-2009231120729_slc.fits,1.0001842200283799,0.99996783417879842,0.9999682623611964,0.42818239798236846
1097,278.09462555249047,-0.041388847741549301,kepler:kplr011904151-2009291181958_slc.fits,0.99999462787479199,0.99996782539070816,0.99996825245199716,0.42706128899894225
1098,348.44407014916942,-0.0411630510626022,kepler:kplr011904151-2009350160919_slc.fits,0.99934635755899837,0.9999669059374926,0.99996722282612682,0.31688863422196789
1099,206.07071144729707,-0.041102752934939701,kepler:kplr011904151-2009231120729_slc.fits,0.99969126087836335,0.99996665399229745,0.99996694442671519,0.2904344177379059
1100,285.63235698455537,-0.041073715676647603,kepler:kplr011904151-2009291181958_slc.fits,1.0000247270160292,0.999966532015794,0.9999668102412208,0.27822542680855378
1101,345.09439965176722,-0.040870748464802903,kepler:kplr011904151-2009350160919_slc.fits,0.99948048233157982,0.99996567373739165,0.99996587764340683,0.20390601518371909
1102,227.00826243626216,-0.040819263969852998,kepler:kplr011904151-2009231120729_slc.fits,1.0003040887330064,0.99996545582814456,0.99996564512453245,0.18929638789799696
1103,271.39531676310435,-0.040772037127672002,kepler:kplr011904151-2009291181958_slc.fits,0.99960543454854123,0.99996525621783439,0.99996543436148755,0.17814365316226599
1104,330.8573230426482,-0.0406054575838172,kepler:kplr011904151-2009350160919_slc.fits,1.0000506406872287,0.99996455537690376,0.99996471422360145,0.1588466976842895
1105,227.84603234586399,-0.040540054368021203,kepler:kplr011904151-2009231120729_slc.fits,1.0003417945867683,0.99996428155589157,0.99996444138600082,0.15983010925868513
1106,283.12046225765522,-0.040496342576799897,kepler:kplr011904151-2009291181958_slc.fits,0.99958352694574204,0.99996409889590376,0.9999642622144862,0.16331858243567865
1107,346.76991553077823,-0.040336269453787203,kepler:kplr011904151-2009350160919_slc.fits,0.99900175802304803,0.99996342999938903,0.9999636238422176,0.1938428285663818
1108,228.6838020122741,-0.040261087957910301,kepler:kplr011904151-2009231120729_slc.fits,0.99988490737018376,0.99996311386873482,0.99996333076370802,0.21689497320398488
1109,268.88341339201725,-0.040203308214772797,kepler:kplr011904151-2009291181958_slc.fits,1.0002792362102879,0.99996286905005038,0.9999631071368944,0.23808684401771529
1110,328.3454246125475,-0.040031787684517497,kepler:kplr011904151-2009350160919_slc.fits,1.000540635347283,0.99996212557713904,0.9999624439743956,0.31839725656013229
1111,229.52157133666333,-0.039982463568682201,kepler:kplr011904151-2009231120729_slc.fits,0.99968991424072895,0.99996190520761197,0.9999622521323196,0.34692470762820449
1112,265.53375175868132,-0.039902141550699703,kepler:kplr011904151-2009291181958_slc.fits,0.99953552072047758,0.99996153814498556,0.99996193712634363,0.39898135806293311
1113,324.99577508903167,-0.039718511200353697,kepler:kplr011904151-2009350160919_slc.fits,0.99974525969773897,0.99996064977359278,0.99996117864297163,0.52886937884633056
1114,224.49699382267863,-0.039615777553377599,kepler:kplr011904151-2009231120729_slc.fits,1.000060868021073,0.99996011347555558,0.9999607156714464,0.60219589081977887
1115,288.14629405976302,-0.039608740468997497,kepler:kplr011904151-2009291181958_slc.fits,1.0001240922822909,0.99996007548856802,0.99996068266648297,0.6071779149463552
1116,347.60835481841059,-0.0393876818214327,kepler:kplr011904151-2009350160919_slc.fits,0.99956396641693279,0.99995878125107163,0.99995954014341881,0.75889234718573562
1117,263.021844321549,-0.039337478683014702,kepler:kplr011904151-2009291181958_slc.fits,1.0004134250399557,0.99995845573276276,0.99995924503051081,0.78929774804947783
1118,225.33476476697979,-0.0393355332522222,kepler:kplr011904151-2009231120729_slc.fits,1.0000009875342653,0.99995844284916402,0.99995923326059077,0.79041142675428944
1119,329.18385921623121,-0.039087884000808801,kepler:kplr011904151-2009350160919_slc.fits,1.0004854220090156,0.99995660630638661,0.99995748690319397,0.88059680736218837
1120,226.17253546530264,-0.0390555349293659,kepler:kplr011904151-2009231120729_slc.fits,1.0001104242860173,0.99995633286016639,0.9999572181562294,0.8852960630134632
1121,285.63440032274229,-0.039030377489725099,kepler:kplr011904151-2009291181958_slc.fits,0.99991156948504878,0.9999561139509896,0.99995700184528724,0.8878942976409121
1122,325.83420895953896,-0.038775340693065902,kepler:kplr011904151-2009350160919_slc.fits,1.0002764271907969,0.9999535286560064,0.99995438967738137,0.86102137497601205
1123,206.91053360970545,-0.038771290526557999,kepler:kplr011904151-2009231120729_slc.fits,1.0002036116103148,0.99995348144612617,0.99995434141798123,0.85997185506059282
1124,267.20994528513256,-0.038690015099456597,kepler:kplr011904151-2009291181958_slc.fits,1.0000203454954693,0.99995248683535964,0.99995332268984616,0.83585448651390948
1125,326.6719618001589,-0.038513200073124303,kepler:kplr011904151-2009350160919_slc.fits,1.0003494757654807,0.99994997976865241,0.99995076109933678,0.78133068437402642
1126,201.88589942870021,-0.038461271531797701,kepler:kplr011904151-2009231120729_slc.fits,1.0002819859206342,0.99994914558194303,0.99994991806203315,0.77248009011654517
1127,278.93510325719399,-0.038401843038032603,kepler:kplr011904151-2009291181958_slc.fits,1.0000468251197223,0.99994813250878356,0.99994889992047076,0.76741168719696162
1128,338.39711456765508,-0.038230232576941199,kepler:kplr011904151-2009350160919_slc.fits,1.0001520548772769,0.99994484612957035,0.99994562819063282,0.78206106246536677
1129,222.82349407841684,-0.0381341218151671,kepler:kplr011904151-2009231120729_slc.fits,0.99983211917491677,0.99994277257501241,0.999943584333294,0.81175828159363306
1130,275.58545117538603,-0.038091124845992697,kepler:kplr011904151-2009291181958_slc.fits,1.0000124206582828,0.99994179257617,0.99994262596532202,0.83338915202180175
1131,345.93488184110902,-0.037879259123004098,kepler:kplr011904151-2009350160919_slc.fits,0.99957013285505558,0.99993653268674876,0.99993755143979257,1.0187530438132697
1132,227.84875692095369,-0.037815479278320199,kepler:kplr011904151-2009231120729_slc.fits,1.0004226646655032,0.99993482690950564,0.9999359221444688,1.095234963166547
1133,272.23579602509562,-0.037783475136395198,kepler:kplr011904151-2009291181958_slc.fits,0.99999051305548359,0.99993395322393497,0.99993508996765601,1.1367437210418885
1134,327.51039597638737,-0.037569723844649502,kepler:kplr011904151-2009350160919_slc.fits,1.0000461818781248,0.99992789824800365,0.999929382033376,1.4837853723470573
1135,273.07355066310993,-0.037519537122092203,kepler:kplr011904151-2009291181958_slc.fits,1.0001040896884308,0.99992644186612478,0.99992802483583676,1.5829697119773556
1136,208.58677107607213,-0.037515224159886097,kepler:kplr011904151-2009231120729_slc.fits,1.000175242444151,0.99992631641766505,0.99992790816592825,1.5917482631966351
1137,229.52429570965609,-0.037258090575923199,kepler:kplr011904151-2009231120729_slc.fits,0.9995816445749266,0.99991886400298202,0.99992102458246157,2.1605794795487299
1138,324.16074686128559,-0.037256038946432903,kepler:kplr011904151-2009350160919_slc.fits,0.99972951156345635,0.9999188054449476,0.99992097082695564,2.165382008034733
1139,269.72389317357738,-0.037214226654638603,kepler:kplr011904151-2009291181958_slc.fits,0.99964429673089805,0.9999176176386938,0.99991988180486402,2.2641661702182958
1140,324.99849950811767,-0.036994092114346303,kepler:kplr011904151-2009350160919_slc.fits,0.99967695453699557,0.99991160266043744,0.99991438327186022,2.7806114227812984
1141,220.31222025943865,-0.036935840793363497,kepler:kplr011904151-2009231120729_slc.fits,0.99985409630110955,0.99991009363827421,0.99991300121610482,2.9075778306131284
1142,281.4490435402185,-0.036933660013522301,kepler:kplr011904151-2009291181958_slc.fits,0.99939816957597105,0.99991003788485644,0.99991295009064018,2.9122057837449589
1143,336.72364751819259,-0.036715882039429097,kepler:kplr011904151-2009350160919_slc.fits,1.000128907017247,0.99990474707896038,0.99990804552516677,3.2984462063900821
1144,221.1499930441496,-0.036653756082413801,kepler:kplr011904151-2009231120729_slc.fits,0.99952005834711555,0.99990333722041203,0.99990670608231202,3.3688618999994091
1145,267.21198853263195,-0.0366467676000699,kepler:kplr011904151-2009291181958_slc.fits,1.0001195964611944,0.99990318129350964,0.9999065566432388,3.3753497291622026
1146,344.26140995229798,-0.036369747934040499,kepler:kplr011904151-2009350160919_slc.fits,1.0003619035100049,0.99989739997841443,0.99990077696023483,3.3769818204021362
1147,278.93714669817564,-0.036358402056380898,kepler:kplr011904151-2009291181958_slc.fits,0.99990061568364919,0.99989717832855463,0.9999005444250032,3.3660964485759948
1148,226.17526004248063,-0.0363309577513799,kepler:kplr011904151-2009231120729_slc.fits,0.99978855993623761,0.99989664656594435,0.99989998297711324,3.3364111688971576
1149,330.02433703395218,-0.036100766279842399,kepler:kplr011904151-2009350160919_slc.fits,1.0001985403338935,0.99989241209581237,0.9998953450308804,2.9329350680340482
1150,264.7000817914377,-0.036081408794322201,kepler:kplr011904151-2009291181958_slc.fits,0.99994966966383003,0.99989207344617759,0.99989496248063181,2.8890344542231716
1151,206.91325801319908,-0.036046887032927799,kepler:kplr011904151-2009231120729_slc.fits,0.99988490737018376,0.99989147603223361,0.9998942847482426,2.8087160089951269
1152,345.93692509326502,-0.035836006967004501,kepler:kplr011904151-2009350160919_slc.fits,0.99948522574552034,0.99988800818460599,0.99989030311351557,2.2949289095741676
1153,217.80094329398707,-0.035740706244935,kepler:kplr011904151-2009231120729_slc.fits,0.99993625915197382,0.9998865422042944,0.99988861061125323,2.0684069588217113
1154,272.23783926956821,-0.035740230663806799,kepler:kplr011904151-2009291181958_slc.fits,0.99968784523524523,0.99988653504249259,0.99988860235556198,2.0673130693982245
1155,346.7746832207049,-0.035568579527121003,kepler:kplr011904151-2009350160919_slc.fits,0.99934453608804485,0.99988404701383482,0.99988574691021959,1.6998963847658644
1156,273.07559390710958,-0.035476293122441001,kepler:kplr011904151-2009291181958_slc.fits,0.99974469070198679,0.99988278792451557,0.99988431087983298,1.5229553174123112
1157,202.72640433896595,-0.035447061266062001,kepler:kplr011904151-2009231120729_slc.fits,0.99989650640900762,0.99988240019186503,0.99988386939035945,1.4691984944192882
1158,343.42501489645656,-0.035274103775462202,kepler:kplr011904151-2009350160919_slc.fits,0.99941511808747963,0.99988020799705124,0.99988137421147238,1.1662144211443959
1159,219.47649051453479,-0.035174885697221797,kepler:kplr011904151-2009231120729_slc.fits,0.99990842864086382,0.99987902194059697,0.99988002236392637,1.0004233294003129
1160,265.53851943888731,-0.035134461344712799,kepler:kplr011904151-2009291181958_slc.fits,0.99987251680179801,0.99987855187589159,0.99987948595812481,0.93408223322821726
1161,329.18794569872261,-0.0350014015094064,kepler:kplr011904151-2009350160919_slc.fits,1.0003044133330461,0.99987705261853599,0.99987777496126717,0.72234273118532144
1162,277.26368300947797,-0.034840690754046798,kepler:kplr011904151-2009291181958_slc.fits,0.99979974546032579,0.99987532892168363,0.99987582128439456,0.49236271093544559
1163,214.4518880293472,-0.034833170884809299,kepler:kplr011904151-2009231120729_slc.fits,1.0001276612477372,0.99987525030338076,0.99987573301637123,0.48271299046831473
1164,332.53827979013295,-0.034630110099074601,kepler:kplr011904151-2009350160919_slc.fits,0.99992569916403584,0.99987318726089602,0.99987345173283582,0.26447193979262096
1165,215.28966307135124,-0.034548828880769301,kepler:kplr011904151-2009231120729_slc.fits,0.99970327288606164,0.99987239108574977,0.99987259306135556,0.2019756057958233
1166,273.91402943289722,-0.034531467334796,kepler:kplr011904151-2009291181958_slc.fits,1.0000145542682948,0.99987222301994538,0.99987241388671222,0.19086676683599535
1167,333.37603402901004,-0.034366571221978497,kepler:kplr011904151-2009350160919_slc.fits,0.99996744120671244,0.99987066033319283,0.99987078515483441,0.12482164157834319
1168,210.26505053591245,-0.034217164319560497,kepler:kplr011904151-2009231120729_slc.fits,1.0000642795030801,0.99986929573505701,0.99986941228808479,0.11655302778468268
1169,288.15174289282004,-0.034159907411980897,kepler:kplr011904151-2009291181958_slc.fits,0.99972449760723281,0.99986878519330336,0.9998689083736928,0.12318038944414411
1170,345.10121079015522,-0.034059610076800598,kepler:kplr011904151-2009350160919_slc.fits,0.99966357810968343,0.99986790707946316,0.99986805068336482,0.14360390165890635
1171,216.9652124992499,-0.033980800982108698,kepler:kplr011904151-2009231120729_slc.fits,0.99975534287459,0.99986723091089003,0.99986739809773795,0.16718684792138561
1172,288.98949457259732,-0.033898927634696797,kepler:kplr011904151-2009291181958_slc.fits,0.99988432785722003,0.99986654083772875,0.99986673653719238,0.19569946363429125
1173,330.86413404966879,-0.033794450563229703,kepler:kplr011904151-2009350160919_slc.fits,1.000140405052639,0.99986567858937503,0.99986590814101983,0.22955164480364942
1174,201.89066724662555,-0.0336934536064568,kepler:kplr011904151-2009231120729_slc.fits,0.99979926121663876,0.99986486479470083,0.99986511935005795,0.25455535712648469
1175,270.56505392544204,-0.033544174789975401,kepler:kplr011904151-2009291181958_slc.fits,0.99979231592546358,0.99986369457077395,0.99986396747448603,0.27290371207300268
1176,331.70188790671818,-0.033531293513837199,kepler:kplr011904151-2009350160919_slc.fits,0.99954394921010359,0.99986359523720636,0.99986386861313037,0.27337592400922262
1177,212.77837988525425,-0.033359914977758302,kepler:kplr011904151-2009231120729_slc.fits,1.0000467732138334,0.99986229558344075,0.99986256035770482,0.26477426406934512
1178,282.29020170801959,-0.0332661922124248,kepler:kplr011904151-2009291181958_slc.fits,1.0000401575884357,0.99986160079141895,0.99986184820095803,0.24740953907809171
1179,324.16483363921725,-0.033169261014771502,kepler:kplr011904151-2009350160919_slc.fits,0.99969678200726697,0.99986089272961876,0.99986111635779396,0.22362817519994138
1180,207.75376102286828,-0.033034577363736099,kepler:kplr011904151-2009231120729_slc.fits,1.0001963577222577,0.99985992398039958,0.99986011092867999,0.18694828041176947
1181,278.94055209980434,-0.0329530004276836,kepler:kplr011904151-2009291181958_slc.fits,0.9999696722576904,0.99985934428085199,0.99985950865105155,0.16437019956239141
1182,338.40256342536304,-0.032781374868980202,kepler:kplr011904151-2009350160919_slc.fits,1.0004224294718855,0.99985814136165363,0.99985825790744842,0.11654579479269955
1183,222.82894304209185,-0.032685158140159397,kepler:kplr011904151-2009231120729_slc.fits,1,0.99985747688096083,0.99985756297770845,0.086096747620167946
1184,260.51606386635831,-0.032645833873702998,kepler:kplr011904151-2009291181958_slc.fits,0.999317016195167,0.99985720736508077,0.99985727997004503,0.07260496426297891
1185,324.16551471887215,-0.032488181359875398,kepler:kplr011904151-2009350160919_slc.fits,0.99957639416145683,0.99985613940015317,0.99985614933973199,0.0099395788266676277
1186,203.56690889975289,-0.0324332004791223,kepler:kplr011904151-2009231120729_slc.fits,0.99971918116531577,0.99985577152836558,0.99985575598663878,-0.015541726794410238
1187,287.31603434516728,-0.032377755064738098,kepler:kplr011904151-2009291181958_slc.fits,1.0000485396277676,0.99985540291757724,0.99985535968911565,-0.043228461588107336
1188,335.89066012421245,-0.032212576019576299,kepler:kplr011904151-2009350160919_slc.fits,1.0000179111310392,0.99985431942052083,0.99985418388917635,-0.13553134448063275
1189,214.45461242259623,-0.032108777635784201,kepler:kplr011904151-2009231120729_slc.fits,0.99985671775570462,0.99985365011157401,0.99985345364356837,-0.19646800564210309
1190,273.07899951374566,-0.032070686486362,kepler:kplr011904151-2009291181958_slc.fits,1.000225781659458,0.99985340673346124,0.99985318957343361,-0.21716002762683928
1191,343.42842031351029,-0.031868686721734797,kepler:kplr011904151-2009350160919_slc.fits,0.99977836872704362,0.9998521358046194,0.99985184003685801,-0.29576776139350613
1192,229.52974465540319,-0.031809144828818199,kepler:kplr011904151-2009231120729_slc.fits,1.0003155441304823,0.99985176724660796,0.99985145964905664,-0.30759755131892774
1193,284.80414016355644,-0.031799836675579798,kepler:kplr011904151-2009291181958_slc.fits,0.99990728321493605,0.99985170988050442,0.9998514008833006,-0.30899720382393525
1194,344.26617763763352,-0.031602062598503601,kepler:kplr011904151-2009350160919_slc.fits,0.99983234877768656,0.9998505079606802,0.99985019601207481,-0.31194860539152103
1195,210.26777513497649,-0.031492565255522402,kepler:kplr011904151-2009231120729_slc.fits,1.0001691376868751,0.99984985751980437,0.99984956109624279,-0.29642356158543492
1196,266.37968118634308,-0.031463413888941298,kepler:kplr011904151-2009291181958_slc.fits,0.99983479762480443,0.99984968630098481,0.99984939531635741,-0.29098462739352016
1197,325.84170103833458,-0.031283261897444299,kepler:kplr011904151-2009350160919_slc.fits,0.99986005031509917,0.99984864775284721,0.99984839201731956,-0.25573552764335261
1198,221.1554419122549,-0.031204887977109401,kepler:kplr011904151-2009231120729_slc.fits,0.99939893278069725,0.9998482072022804,0.99984796420153677,-0.2430007436382553
1199,263.03001742306515,-0.031164377166865199,kepler:kplr011904151-2009291181958_slc.fits,1.0001178819531495,0.99984798233930561,0.99984774540775445,-0.23693155115633857
1200,333.37943953485961,-0.0309610653724075,kepler:kplr011904151-2009350160919_slc.fits,0.99982354500141324,0.99984688436282942,0.99984667746358424,-0.20689924518091374
1201,211.94332858432608,-0.030920515905929501,kepler:kplr011904151-2009231120729_slc.fits,0.99941968895543476,0.99984667140725203,0.99984647116622516,-0.2002410268708843
1202,274.75518909395032,-0.030862506281698201,kepler:kplr011904151-2009291181958_slc.fits,0.99988596616490799,0.99984637008256516,0.99984617988611335,-0.19019645181028721
1203,345.10461620933347,-0.030654190898550399,kepler:kplr011904151-2009350160919_slc.fits,0.99958037862916682,0.99984531840067103,0.9998451665789504,-0.15182172063976651
1204,206.91870702018059,-0.030597880051420299,kepler:kplr011904151-2009231120729_slc.fits,0.99995486070649642,0.99984504130570118,0.99984489977643376,-0.141529267416729
1205,282.29292622734647,-0.0305416728855494,kepler:kplr011904151-2009291181958_slc.fits,0.99973935667695724,0.99984476738621719,0.99984463596895057,-0.13141726662446729
1206,341.75494998687645,-0.030357613355567602,kepler:kplr011904151-2009350160919_slc.fits,1.0002622918172539,0.99984388709303917,0.99984378435431975,-0.10273871942079182
1207,207.75648542519767,-0.030310175034344401,kepler:kplr011904151-2009231120729_slc.fits,1.0000551223671663,0.99984366388976165,0.99984356647196682,-0.097417794830967352
1208,289.83065164702566,-0.0302325532063587,kepler:kplr011904151-2009291181958_slc.fits,0.99999718058677023,0.99984330164401558,0.99984321077939897,-0.09086461660867684
1209,338.40528775423445,-0.030057045997571301,kepler:kplr011904151-2009350160919_slc.fits,0.99998774301837756,0.99984249563458882,0.99984240983777961,-0.085796809212723701
1210,218.6441660047858,-0.030008695446207701,kepler:kplr011904151-2009231120729_slc.fits,0.99980852608356319,0.99984227675381199,0.99984219030015997,-0.086453652015094917
1211,264.7062117390451,-0.0299514611869167,kepler:kplr011904151-2009291181958_slc.fits,0.99984965669452919,0.999842019466754,0.99984193129050758,-0.088176246415549997
1212,324.16823903749901,-0.0297638627330147,kepler:kplr011904151-2009350160919_slc.fits,0.99951852451138279,0.99984118966486579,0.99984108999769039,-0.099667175401663144
1213,209.4320410825967,-0.029735917635314,kepler:kplr011904151-2009231120729_slc.fits,0.99929256636275166,0.99984106779617277,0.99984096579884396,-0.10199732880522561
1214,261.35654607412289,-0.029654326109122602,kepler:kplr011904151-2009291181958_slc.fits,0.99999074165655644,0.99984071446746681,0.99984060501782257,-0.10944964423664771
1215,335.89338465089531,-0.029488049336707699,kepler:kplr011904151-2009350160919_slc.fits,1.0000591788323216,0.99984000551044483,0.99983987910127059,-0.12640917423922815
1216,204.40741321013769,-0.0294195900943208,kepler:kplr011904151-2009231120729_slc.fits,0.99984702196473718,0.99983971773647362,0.9998395843156872,-0.1334207864189807
1217,262.19430359655962,-0.029387503672390701,kepler:kplr011904151-2009291181958_slc.fits,0.99993871586243044,0.99983958365432923,0.99983944708163675,-0.13657269248845694
1218,328.35632219696708,-0.0291342032649364,kepler:kplr011904151-2009350160919_slc.fits,1.0000917186519536,0.99983854184044618,0.99983838832449679,-0.15351594939705393
1219,225.3449814861888,-0.029118814043210099,kepler:kplr011904151-2009231120729_slc.fits,1.0003944750510243,0.99983847944751103,0.99983832541872764,-0.15402878339454418
1220,284.80686468160275,-0.0290753186292729,kepler:kplr011904151-2009291181958_slc.fits,0.9998403221507276,0.99983830365000836,0.99983814847403296,-0.15517597540259942
1221,325.00667276536842,-0.028820834863600001,kepler:kplr011904151-2009350160919_slc.fits,0.99984904559475718,0.99983729082397998,0.99983713738018176,-0.15344379822312959
1222,216.13288684315921,-0.0288157570727989,kepler:kplr011904151-2009231120729_slc.fits,0.9998384034838772,0.99983727088113161,0.99983711759566685,-0.1532854647656734
1223,270.5698216980818,-0.028776402150223,kepler:kplr011904151-2009291181958_slc.fits,0.99942758291399003,0.99983711665244324,0.99983696476025719,-0.15189218605105026
1224,336.73182080040715,-0.0285425998248722,kepler:kplr011904151-2009350160919_slc.fits,0.99950953099855155,0.99983621283638557,0.99983607083734605,-0.14199903952683002
1225,216.97066137876391,-0.028531921468102701,kepler:kplr011904151-2009231120729_slc.fits,0.99965400390381276,0.99983617206361242,0.99983603048855241,-0.1415750600086696
1226,282.29496936680522,-0.0284985334268004,kepler:kplr011904151-2009291181958_slc.fits,0.99976545529942262,0.99983604487343125,0.9998359045856684,-0.14028776285091027
1227,333.38216395954078,-0.028236640691245499,kepler:kplr011904151-2009350160919_slc.fits,0.99960694174723397,0.99983506267426525,0.99983493016082159,-0.1325134436624964
1228,278.94531976208242,-0.0281853381495995,kepler:kplr011904151-2009291181958_slc.fits,0.99992014202527457,0.9998348733659308,0.99983474194742239,-0.13141850840892033
1229,206.08365276941919,-0.028161430812822599,kepler:kplr011904151-2009231120729_slc.fits,0.99969961003169638,0.99983478548254079,0.99983465453073117,-0.13095180961819608
1230,349.29477003395004,-0.0279538662819778,kepler:kplr011904151-2009350160919_slc.fits,0.99885046209200157,0.99983403119574676,0.99983390324157284,-0.12795417392297281
1231,260.52083155460423,-0.027878145627782999,kepler:kplr011904151-2009291181958_slc.fits,0.99991431269792097,0.999833759744299,0.99983363252639679,-0.12721790221270624
1232,201.05901652693137,-0.027853473300638101,kepler:kplr011904151-2009231120729_slc.fits,0.99982655307269497,0.99983367170491355,0.99983354469915819,-0.12700575535706804
1233,345.94509840196406,-0.027662698267961899,kepler:kplr011904151-2009350160919_slc.fits,0.99897948295118344,0.99983299724159158,0.99983287180425839,-0.12543733318715056
1234,217.80911675999232,-0.0275672402396889,kepler:kplr011904151-2009231120729_slc.fits,0.99958613336704116,0.99983266378909441,0.9998325391700198,-0.12461907461513988
1235,272.2460125474463,-0.027566952785720699,kepler:kplr011904151-2009291181958_slc.fits,0.99970535226739521,0.99983266278895422,0.99983253817238116,-0.12461657306062079
1236,273.0837671831323,-0.027303017099724099,kepler:kplr011904151-2009291181958_slc.fits,1.0001514101104769,0.99983175441383398,0.9998316321770484,-0.12223678558243023
1237,334.22059938008897,-0.027291920143051401,kepler:kplr011904151-2009350160919_slc.fits,0.99986915766986495,0.99983171665073522,0.99983159451761683,-0.12213311839648355
1238,202.73457786643849,-0.0272735337935259,kepler:kplr011904151-2009231120729_slc.fits,0.99987485247584718,0.99983165415678965,0.99983153219605436,-0.12196073528869533
1239,284.8089079201381,-0.027032080093922699,kepler:kplr011904151-2009291181958_slc.fits,0.99954161674908282,0.99983084204674644,0.99983072241947302,-0.11962727342051949
1240,335.05835412403394,-0.027027876198081498,kepler:kplr011904151-2009350160919_slc.fits,0.99992292901029445,0.99983082804666523,0.99983070846113176,-0.11958553347568568
1241,213.6222858183028,-0.026944681929212001,kepler:kplr011904151-2009231120729_slc.fits,0.99981739593678121,0.99983055195414838,0.99983043320226261,-0.11875188576926377
1242,331.70869891525945,-0.0267202849725745,kepler:kplr011904151-2009350160919_slc.fits,0.99974810574610318,0.9998298163037328,0.99982969987004755,-0.11643368524882902
1243,281.45925993951823,-0.0267172607137862,kepler:kplr011904151-2009291181958_slc.fits,1.0000771909622108,0.99982980647804076,0.99982969007627043,-0.11640177033367394
1244,228.69742428212339,-0.026638818108617401,kepler:kplr011904151-2009231120729_slc.fits,1.0000746037249435,0.99982955243588245,0.99982943686793202,-0.1155679504316609
1245,347.62129592405108,-0.026446576180939301,kepler:kplr011904151-2009350160919_slc.fits,0.99903109129485645,0.99982893640131365,0.99982882292457398,-0.11347673967154748
1246,267.22220507034217,-0.026430229889848798,kepler:kplr011904151-2009291181958_slc.fits,1.0000755145543447,0.99982888444427476,0.99982877114838375,-0.11329589100217419
1247,209.4354466825971,-0.026330317634908298,kepler:kplr011904151-2009231120729_slc.fits,0.99993913197892725,0.99982856829757882,0.99982845611706805,-0.11218051076955504
1248,278.94736310305598,-0.026141997176042101,kepler:kplr011904151-2009291181958_slc.fits,0.999599719521724,0.99982797898856601,0.99982786895559961,-0.11003296640499372
1249,340.08420498667692,-0.0261212135550987,kepler:kplr011904151-2009350160919_slc.fits,1.0004025071333351,0.99982791447103836,0.99982780467857479,-0.10979246356512817
1250,220.32311810053216,-0.026037999699854,kepler:kplr011904151-2009231120729_slc.fits,0.99951585683769639,0.99982765717861244,0.99982754835585441,-0.10882275802703845
1251,264.7102983375371,-0.025864862694922001,kepler:kplr011904151-2009291181958_slc.fits,0.99939016853842721,0.99982712704382137,0.99982702027223402,-0.10677158734928582
1252,332.54713404327049,-0.025775856961532201,kepler:kplr011904151-2009350160919_slc.fits,0.99975854125677244,0.99982685720784925,0.99982675150772815,-0.10570012110022731
1253,221.16089078058576,-0.025756019646250201,kepler:kplr011904151-2009231120729_slc.fits,0.99945093094855197,0.99982679731425705,0.99982669185446715,-0.10545978990084137
1254,287.32284523736598,-0.025566862866037699,kepler:kplr011904151-2009291181958_slc.fits,0.9998240533743884,0.99982623066868859,0.99982612752758637,-0.10314110221454342
1255,348.45973549818154,-0.0254977020504778,kepler:kplr011904151-2009350160919_slc.fits,0.99964970836732125,0.99982602548407096,0.99982592320260177,-0.10228146918311865
1256,206.08637737407119,-0.025436826160820599,kepler:kplr011904151-2009231120729_slc.fits,0.99979843527888956,0.99982584575302857,0.99982574423328363,-0.10151974494387872
1257,262.1983901985368,-0.025300901695212302,kepler:kplr011904151-2009291181958_slc.fits,1.0000927358351537,0.9998254473721182,0.99982534756982477,-0.099802293429540612
1258,345.11006508005812,-0.025205320173901299,kepler:kplr011904151-2009350160919_slc.fits,0.999469951952632,0.99982516962621082,0.99982507104496476,-0.09858124605521823
1259,201.06174103833479,-0.025128961897223599,kepler:kplr011904151-2009231120729_slc.fits,0.99998455855512602,0.99982494914496844,0.99982485154685719,-0.097598111259422637
1260,273.92356476933492,-0.0249961308971027,kepler:kplr011904151-2009291181958_slc.fits,1.0001210061678094,0.99982456854226875,0.99982447267007635,-0.09587219240714262
1261,341.76039875084825,-0.0249088493837685,kepler:kplr011904151-2009350160919_slc.fits,1.0002929152976541,0.99982432046567615,0.99982422573807084,-0.094727605315370056
1262,201.89952178015665,-0.024838920075364201,kepler:kplr011904151-2009231120729_slc.fits,1.0001027035635803,0.99982412284861499,0.99982402904386758,-0.093804747414161227
1263,281.46130337933573,-0.024673820896287699,kepler:kplr011904151-2009291181958_slc.fits,0.99950256406583182,0.99982366026578362,0.99982356865972577,-0.091606057850412981
1264,338.41073661197152,-0.024608188260506401,kepler:kplr011904151-2009350160919_slc.fits,1.0004196782918002,0.9998234779106584,0.99982338718616404,-0.090724494361538177
1265,202.73730227575288,-0.024549124479129599,kepler:kplr011904151-2009231120729_slc.fits,0.99999200995003623,0.99982331454714923,0.99982322461953155,-0.089927617685781058
1266,267.22424841795873,-0.024386882273285299,kepler:kplr011904151-2009291181958_slc.fits,0.99992597135262817,0.99982286938055964,0.99982278165861205,-0.087721947594765481
1267,335.06107855005394,-0.024303450178086501,kepler:kplr011904151-2009350160919_slc.fits,0.99943086622176203,0.99982264247769037,0.99982255589925362,-0.086578436753192989
1268,203.57508242374024,-0.0242596764917699,kepler:kplr011904151-2009231120729_slc.fits,0.99999111219161319,0.99982252397429883,0.99982243799825976,-0.085976039065904786
1269,278.94940634403611,-0.024098756195913298,kepler:kplr011904151-2009291181958_slc.fits,0.9996678426413852,0.99982209152232238,0.99982200777480446,-0.083747517920507164
1270,331.71142333868193,-0.023995861550096299,kepler:kplr011904151-2009350160919_slc.fits,1.0001195340313007,0.99982181760903965,0.99982173529763962,-0.082311400029233539
1271,224.51265950509696,-0.023950095135047499,kepler:kplr011904151-2009231120729_slc.fits,0.99971246593231244,0.99982169642139485,0.99982161475147358,-0.081669921270233203
1272,264.7123416867762,-0.023821513455819902,kepler:kplr011904151-2009291181958_slc.fits,0.999726897918496,0.99982135805261119,0.99982127819361355,-0.079858997636961249
1273,343.43659361443861,-0.023695385793415,kepler:kplr011904151-2009350160919_slc.fits,0.99942953806585877,0.99982102913833804,0.99982095106775803,-0.078070580000755285
1274,225.35043044288611,-0.023669857345902601,kepler:kplr011904151-2009231120729_slc.fits,1.0002294670528944,0.99982096292362321,0.99982088521643198,-0.077707191237230688
1275,261.36267602883891,-0.023524371393106501,kepler:kplr011904151-2009291181958_slc.fits,0.99977859986110196,0.99982058784848482,0.99982051222103141,-0.075627453410831436
1276,344.27435084112221,-0.0234288591098081,kepler:kplr011904151-2009350160919_slc.fits,0.99916770161634283,0.99982034370322359,0.99982026944904878,-0.074254174808885409
1277,216.13833582500229,-0.023366775229724999,kepler:kplr011904151-2009231120729_slc.fits,1.0000270225285297,0.99982018588850485,0.99982011253022862,-0.073358276231338948
1278,262.20043354964582,-0.023257550586189099,kepler:kplr011904151-2009291181958_slc.fits,0.99989907262640843,0.99981990991753655,0.99981983814149544,-0.071776041110638289
1279,330.03727796453313,-0.023159835698889301,kepler:kplr011904151-2009350160919_slc.fits,1.0000137369267716,0.99981966482233564,0.99981959446817803,-0.070354157610807988
1280,201.06378434695216,-0.0230856532798497,kepler:kplr011904151-2009231120729_slc.fits,0.99963504324592101,0.99981947987568442,0.99981941060488955,-0.069270794877951403
1281,263.03819072457554,-0.022991075656468799,kepler:kplr011904151-2009291181958_slc.fits,0.99972659311706558,0.99981924547589762,0.99981917759107919,-0.067884818433228133
1282,345.94986609041371,-0.022895009818315101,kepler:kplr011904151-2009350160919_slc.fits,0.99922244061321641,0.99981900897642195,0.99981894250471059,-0.066471711357429797
1283,217.8138845402064,-0.022799460025607801,kepler:kplr011904151-2009231120729_slc.fits,0.99952149476059204,0.99981877532302676,0.99981871026199942,-0.065061027343382705
1284,285.65074672855553,-0.022683971676487499,kepler:kplr011904151-2009291181958_slc.fits,1.0000092011931758,0.99981849499264763,0.99981843164332918,-0.06334931845763947
1285,346.78762422210275,-0.022627578129272401,kepler:kplr011904151-2009350160919_slc.fits,0.99878120824847039,0.99981835892708804,0.99981829641619158,-0.06251089645914476
1286,222.83915977387369,-0.022468426358321001,kepler:kplr011904151-2009231120729_slc.fits,0.99998868824387155,0.99981797780847181,0.99981791767255801,-0.060135913804160168
1287,282.30109928531601,-0.0223686149160062,kepler:kplr011904151-2009291181958_slc.fits,0.99976640780389237,0.99981774094363063,0.99981768230362422,-0.05864000640620759
1288,328.36313329975383,-0.022323100478194701,kepler:kplr011904151-2009350160919_slc.fits,0.99996782067982759,0.9998176334786304,0.99981757552236916,-0.05795626123461517
1289,203.57712582978999,-0.022216270442019199,kepler:kplr011904151-2009231120729_slc.fits,0.99972366995743023,0.99981738257576125,0.99981732622818764,-0.056347573607062884
1290,329.20088662661146,-0.022060473620557599,kepler:kplr011904151-2009350160919_slc.fits,0.99971575566302895,0.99981701999970396,0.99981696600753656,-0.053992167403649205
1291,289.83882489463576,-0.022059305596256299,kepler:kplr011904151-2009291181958_slc.fits,0.99985613372492199,0.99981701729625938,0.99981696332179082,-0.053974468561257538
1292,214.46482919721169,-0.0218920030203264,kepler:kplr011904151-2009231120729_slc.fits,0.99995888266423116,0.99981663232756279,0.99981658089437464,-0.051433188152927301
1293,260.52696151117561,-0.0217481890563977,kepler:kplr011904151-2009291181958_slc.fits,0.99989834872301175,0.99981630496735763,0.99981625572800881,-0.049239348820506734
1294,336.73863181891647,-0.021731581315547598,kepler:kplr011904151-2009350160919_slc.fits,1.0000013091822475,0.99981626737384843,0.99981621838838641,-0.048985462020034731
1295,215.30260433363583,-0.021607566596184499,kepler:kplr011904151-2009231120729_slc.fits,0.99992979529132897,0.99981598801930138,0.99981594093309256,-0.047086208820878994
1296,337.5763871084709,-0.0214669917611249,kepler:kplr011904151-2009350160919_slc.fits,0.99951178886358716,0.99981567425694995,0.99981562933071877,-0.044926231179687193
1297,283.13953298990242,-0.021425610329599099,kepler:kplr011904151-2009291181958_slc.fits,0.99989766291979365,0.99981558247561564,0.99981553818661484,-0.044289000800112888
1298,216.14037921824641,-0.0213233819856029,kepler:kplr011904151-2009231120729_slc.fits,0.99920440648562237,0.9998153568664746,0.99981531415434377,-0.04271213083217873
1299,334.22672941209748,-0.0211618881345376,kepler:kplr011904151-2009350160919_slc.fits,0.99942604691319881,0.99981500370858745,0.99981496349492816,-0.040213659291410409
1300,279.78988398424553,-0.0211118159864849,kepler:kplr011904151-2009291181958_slc.fits,0.99982184356401882,0.99981489501109677,0.99981485557389604,-0.039437200727299171
1301,216.97815375082428,-0.021039549407733501,kepler:kplr011904151-2009231120729_slc.fits,1.0002081004024292,0.99981473879784,0.99981470048272125,-0.038315118744414178
1302,335.06448405757692,-0.0208979426551021,kepler:kplr011904151-2009350160919_slc.fits,0.99957819665875425,0.99981443495896261,0.99981439884742396,-0.036111538648242458
1303,265.55282257939689,-0.020831320835130201,kepler:kplr011904151-2009291181958_slc.fits,1.0000024384114421,0.9998142930411148,0.99981425796846135,-0.035072653448153801
1304,201.903608595756,-0.0207521044760135,kepler:kplr011904151-2009231120729_slc.fits,0.99954663199643323,0.99981412514609203,0.99981409131046983,-0.033835622192945891
1305,346.78966747495724,-0.020584325274780799,kepler:kplr011904151-2009350160919_slc.fits,0.99913070298760698,0.99981377258044957,0.99981374137093282,-0.031209516748731403
1306,277.27798620190879,-0.0205374983232307,kepler:kplr011904151-2009291181958_slc.fits,0.99999777113954158,0.99981367491076123,0.99981364443561416,-0.030475147072550612
1307,212.79132106406169,-0.0204187361702921,kepler:kplr011904151-2009231120729_slc.fits,0.99986363049556082,0.99981342862149503,0.99981340001157959,-0.028609915436739186
1308,343.4399991314931,-0.0202898687389261,kepler:kplr011904151-2009350160919_slc.fits,0.99952877028549403,0.9998131636651556,0.99981313708345676,-0.026581698842065293
1309,278.1157397466668,-0.020274653565214899,kepler:kplr011904151-2009291181958_slc.fits,0.99968792143560259,0.99981313253856074,0.99981310619661201,-0.026341948733410447
1310,213.62909700410091,-0.0201334961310983,kepler:kplr011904151-2009231120729_slc.fits,0.99961281474736996,0.999812845329212,0.99981282121436199,-0.024114850005751975
1311,329.20292986786808,-0.0200172323639424,kepler:kplr011904151-2009350160919_slc.fits,0.99984961480443002,0.99981261088000495,0.99981258860318478,-0.022276820166311495
1312,270.5786759617622,-0.019922138469817999,kepler:kplr011904151-2009291181958_slc.fits,1.0002291344751906,0.99981242052671282,0.99981239975564717,-0.020771065645242004
1313,214.46687259209284,-0.019848608139170599,kepler:kplr011904151-2009231120729_slc.fits,0.99987628888932401,0.99981227420047358,0.99981225459514977,-0.01960532380884672
1314,336.7406750644659,-0.019688335766117501,kepler:kplr011904151-2009350160919_slc.fits,1.0001474063316151,0.99981195784524202,0.99981194078505098,-0.017060191037643335
1315,282.30382370464213,-0.019644195589892201,kepler:kplr011904151-2009291181958_slc.fits,0.99974507170377458,0.99981187133850558,0.99981185498024705,-0.016358258525528413
1316,225.35451721052232,-0.0195830897096929,kepler:kplr011904151-2009231120729_slc.fits,0.99987115371114477,0.99981175202145678,0.9998117366356114,-0.01538584537552623
1317,348.4658655608655,-0.0193676393665267,kepler:kplr011904151-2009350160919_slc.fits,0.99904539743130083,0.99981133537196842,0.99981132342081003,-0.011951158396250605
1318,268.0667718764671,-0.019354123764918098,kepler:kplr011904151-2009291181958_slc.fits,1.0001295025076775,0.99981130944363539,0.99981129770824839,-0.011735386995503916
1319,210.28003513009023,-0.019232570141785001,kepler:kplr011904151-2009231120729_slc.fits,0.99989146100667081,0.99981107735561803,0.99981106756238636,-0.0097932316700521937
1320,279.79192732476082,-0.019068475471199098,kepler:kplr011904151-2009291181958_slc.fits,0.99983022560335078,0.99981076716555561,0.99981075999856783,-0.0071669877810265348
1321,340.92877223281539,-0.0190446674166313,kepler:kplr011904151-2009350160919_slc.fits,1.0002668454946368,0.99981072245725,0.99981071567169799,-0.0067855520091697485
1322,225.35519820516487,-0.018902095067142299,kepler:kplr011904151-2009231120729_slc.fits,1.0001003693916808,0.99981045628702236,0.99981045178775718,-0.0044992651826447627
1323,276.44227572921227,-0.0187572710197496,kepler:kplr011904151-2009291181958_slc.fits,0.99977833315985076,0.99981018863659155,0.99981018646325759,-0.0021733339572449495
1324,337.57911153658642,-0.018742563645597302,kepler:kplr011904151-2009350160919_slc.fits,0.99961035700527079,0.99981016160843883,0.99981015967150344,-0.001936935389856842
1325,216.14310360916721,-0.018598991064799002,kepler:kplr011904151-2009231120729_slc.fits,0.99974611391800283,0.9998098992313228,0.99980989960390876,0.00037258596208289418
1326,262.2052012350905,-0.018489865141512799,kepler:kplr011904151-2009291181958_slc.fits,1.0000581408728202,0.9998097015803592,0.99980970371048761,0.0021301284069963344
1327,349.30430542358954,-0.0184184766424824,kepler:kplr011904151-2009350160919_slc.fits,0.99909674014379279,0.99980957310484919,0.99980957638570844,0.0032808592509425694
1328,216.9808781405809,-0.018315159651111301,kepler:kplr011904151-2009231120729_slc.fits,0.99970338061707242,0.99980938831792443,0.99980939326548479,0.0049475603614013153
1329,273.93037588109291,-0.0181850191391053,kepler:kplr011904151-2009291181958_slc.fits,0.99964867825145798,0.99980915747979482,0.99980916452892199,0.0070491271708661429
1330,330.87979940586229,-0.018129094369735199,kepler:kplr011904151-2009350160919_slc.fits,1.0000777919886243,0.99980905893814476,0.99980906689107496,0.0079529302032810278
1331,222.00615556390403,-0.0179819363279793,kepler:kplr011904151-2009231120729_slc.fits,0.9995843378501954,0.99980880151142959,0.99980881184457959,0.010333150002317382
1332,285.65551448443148,-0.0179162158005414,kepler:kplr011904151-2009291181958_slc.fits,0.99972259259829377,0.99980868741714723,0.9998086988142012,0.011397053967243664
1333,338.41754763414792,-0.0177971660840992,kepler:kplr011904151-2009350160919_slc.fits,1.0002369430131559,0.99980848210381379,0.99980849542944483,0.013325631043059616
1334,212.79404565940783,-0.017694140824183,kepler:kplr011904151-2009231120729_slc.fits,1.0000793618445849,0.99980830583719904,0.99980832083319204,0.014995993002919761
1335,271.41847423935542,-0.0176145608766002,kepler:kplr011904151-2009291181958_slc.fits,0.999630104414302,0.99980817057486637,0.99980818686194783,0.016287081461285879
1336,324.18049887134111,-0.017504028890906201,kepler:kplr011904151-2009350160919_slc.fits,0.99956368181209643,0.9998079839860764,0.99980800206759657,0.018081520170021292
1337,227.8691903339859,-0.017382066246112101,kepler:kplr011904151-2009231120729_slc.fits,0.99991399474308595,0.9998077798232744,0.99980779988635105,0.020063076644483147
1338,268.06881532349507,-0.017310676736945699,kepler:kplr011904151-2009291181958_slc.fits,0.99982527258010923,0.99980766115285657,0.99980768237655115,0.021223694579575181
1339,331.71823424725159,-0.0171849529804344,kepler:kplr011904151-2009350160919_slc.fits,0.99976983058195079,0.999807453652512,0.99980747692143557,0.023268923565744615
1340,208.60720468538784,-0.017081614844169399,kepler:kplr011904151-2009231120729_slc.fits,0.99993600777961555,0.99980728451432999,0.99980730946549201,0.024951162025388385
1341,264.71915281739348,-0.017010382838540301,kepler:kplr011904151-2009291181958_slc.fits,0.99985430491634042,0.99980716866590924,0.99980719477725399,0.026111344753054766
1342,343.44340454857593,-0.016884451656094802,kepler:kplr011904151-2009350160919_slc.fits,0.99984563033672003,0.9998069653281968,0.99980699349177837,0.028163581577977936
1343,209.4449823828254,-0.016794617406610202,kepler:kplr011904151-2009231120729_slc.fits,0.99978911654645997,0.99980682141829935,0.99980685104674538,0.029628446029938971
1344,276.44431907147373,-0.016713928758290902,kepler:kplr011904151-2009291181958_slc.fits,1.0000667134130461,0.99980669296683777,0.99980672391161141,0.030944773632413103
1345,340.09374044307333,-0.016585757158692201,kepler:kplr011904151-2009350160919_slc.fits,0.99997095133302838,0.99980649048943881,0.99980652352628996,0.033036851143641854
1346,224.52015174875123,-0.016457851480778201,kepler:kplr011904151-2009231120729_slc.fits,0.99998401990007235,0.99980629033586899,0.9998063254617976,0.035125928610213464
1347,262.20724448619882,-0.016446614033194199,kepler:kplr011904151-2009291181958_slc.fits,0.99946351138258105,0.99980627284142998,0.99980630815095883,0.035309528856330985
1348,325.85668529597024,-0.016299004261783798,kepler:kplr011904151-2009350160919_slc.fits,1.0000222750718646,0.99980604439415277,0.99980608211628341,0.037722130641348883
1349,205.25813389129328,-0.0161896089387276,kepler:kplr011904151-2009231120729_slc.fits,0.99974413884947244,0.99980587670310661,0.99980591621428239,0.039511175775608365
1350,284.81980549219588,-0.016134508036136801,kepler:kplr011904151-2009291181958_slc.fits,0.99979905965710758,0.99980579275732639,0.99980583316995242,0.040412626023389464
1351,326.69443814068654,-0.016036859545478,kepler:kplr011904151-2009350160919_slc.fits,0.99980407803060123,0.99980564483958001,0.99980568685024163,0.042010661616131983
1352,226.19569337228319,-0.015897627948822501,kepler:kplr011904151-2009231120729_slc.fits,1.0000583542974888,0.99980543580094283,0.99980548009126236,0.044290319523021537
1353,270.58276265268069,-0.015835447551333801,kepler:kplr011904151-2009291181958_slc.fits,0.99967106210649204,0.99980534315161285,0.99980538846043077,0.045308817919753608
1354,349.30702996352193,-0.015693936710094999,kepler:kplr011904151-2009350160919_slc.fits,0.9987316870069316,0.99980513391769443,0.99980518154531794,0.047627623511736772
1355,201.0712767783844,-0.015593221847609501,kepler:kplr011904151-2009231120729_slc.fits,0.99987047141474361,0.99980498636741155,0.99980503564609025,0.049278678693198685
1356,267.23310259060241,-0.015532709629605099,kepler:kplr011904151-2009291181958_slc.fits,0.99939874107865279,0.99980489825830543,0.9998049485292646,0.050270959173204233
1357,341.7699342128326,-0.0153733873994266,kepler:kplr011904151-2009350160919_slc.fits,0.99994877112944258,0.99980466821738023,0.99980472110190244,0.052884522205864926
1358,217.82137680900632,-0.0153071912256859,kepler:kplr011904151-2009231120729_slc.fits,0.99960947508603681,0.99980457346260565,0.9998046274334268,0.053970821145554737
1359,289.84563588427409,-0.0152483159579315,kepler:kplr011904151-2009291181958_slc.fits,0.99972945063047436,0.99980448959202162,0.99980454452919965,0.05493717802895759
1360,218.65915063610009,-0.0150240641319161,kepler:kplr011904151-2009231120729_slc.fits,0.99971998914789639,0.99980417360921559,0.9998042322287628,0.058619547216309797
1361,330.04545113124186,-0.0149866689901596,kepler:kplr011904151-2009350160919_slc.fits,0.99988130080955262,0.99980412145057396,0.99980418068441679,0.059233842830686001
1362,264.72119596663833,-0.0149672335936852,kepler:kplr011904151-2009291181958_slc.fits,0.99994414513790675,0.99980409440209483,0.99980415395522837,0.059553133535672487
1363,219.49692401209177,-0.014741388140242499,kepler:kplr011904151-2009231120729_slc.fits,0.99988910887960281,0.99980378308599838,0.99980384635065223,0.063264653848982277
1364,345.95803939914185,-0.014721701090168701,kepler:kplr011904151-2009350160919_slc.fits,0.99922595073953224,0.99980375620893758,0.99980381979723165,0.063588294074712337
1365,261.371530319062,-0.0146700811700082,kepler:kplr011904151-2009291181958_slc.fits,0.99954592206928483,0.99980368593423885,0.99980375037120395,0.064436965097058874
1366,204.42239784808771,-0.014434952144299001,kepler:kplr011904151-2009231120729_slc.fits,0.99956422806152245,0.99980336943786197,0.99980343774189662,0.068304034650523704
1367,277.28411612728814,-0.0144075729438757,kepler:kplr011904151-2009291181958_slc.fits,1.0001586491444452,0.99980333296676482,0.99980340172122639,0.068754461568509839
1368,334.23354042545543,-0.014350874776590999,kepler:kplr011904151-2009350160919_slc.fits,0.99966557034353842,0.99980325769350797,0.99980332738083921,0.069687331238910133
1369,221.17246981283097,-0.0141769874010417,kepler:kplr011904151-2009231120729_slc.fits,0.99991489250150878,0.99980302895823003,0.99980310150729557,0.072549065532889756
1370,263.04704500955995,-0.014136790672059901,kepler:kplr011904151-2009291181958_slc.fits,0.99987013554062421,0.99980297653602845,0.99980304974677836,0.07321074990684906
1371,324.18390426963742,-0.014098630594597501,kepler:kplr011904151-2009350160919_slc.fits,0.99971421879691202,0.99980292692697759,0.99980300076593875,0.073838961167638217
1372,226.19773665528919,-0.0138543449428194,kepler:kplr011904151-2009231120729_slc.fits,1.0000518186161702,0.99980261295978823,0.9998026908214116,0.07786162337097835
1373,274.77221661955991,-0.0138349806721063,kepler:kplr011904151-2009291181958_slc.fits,0.99971582981656004,0.99980258833809998,0.99980266651867045,0.078180570461938714
1374,331.72163975152944,-0.0137794487025839,kepler:kplr011904151-2009350160919_slc.fits,0.99973273708493604,0.99980251794513142,0.99980259704043961,0.079095308191945435
1375,286.49735306992079,-0.0135683303112283,kepler:kplr011904151-2009291181958_slc.fits,1.000248756067263,0.99980225324271199,0.99980233581642242,0.08257371042486028
1376,201.07332018676971,-0.013549813462304799,kepler:kplr011904151-2009231120729_slc.fits,1.0000760580935886,0.99980223024543424,0.99980231312429158,0.082878857332602252
1377,343.44681016563118,-0.013478834600844499,kepler:kplr011904151-2009350160919_slc.fits,0.99916303409702523,0.99980214241872278,0.9998022264673404,0.084048617621235167
1378,283.14770624659286,-0.0132523536391584,kepler:kplr011904151-2009291181958_slc.fits,1.0001438662750779,0.999801865629664,0.99980195341163725,0.087781973245881773
1379,222.01092333409903,-0.0132141661329772,kepler:kplr011904151-2009231120729_slc.fits,0.99972618368101418,0.99980181947525437,0.99980190788683598,0.088411581611325119
1380,346.79715960207977,-0.013092198152248701,kepler:kplr011904151-2009350160919_slc.fits,0.99881004820522878,0.99980167305385281,0.99980176347659422,0.090422741405582485
1381,283.9854587337104,-0.012990566521617401,kepler:kplr011904151-2009291181958_slc.fits,0.99983213061229004,0.99980155219704758,0.9998016442958596,0.09209881202121295
1382,212.7988134517218,-0.0129263485102129,kepler:kplr011904151-2009231120729_slc.fits,0.99968621547602643,0.99980147636893235,0.99980156952692423,0.09315799187614715
1383,324.18526652895525,-0.012736371276767799,kepler:kplr011904151-2009350160919_slc.fits,0.99955666155946443,0.99980125447397317,0.99980135076581877,0.096291845608220683
1384,265.56099587404606,-0.0126580261859619,kepler:kplr011904151-2009291181958_slc.fits,1.0000264415240745,0.99980116401966157,0.99980126160409,0.097584428426777947
1385,213.63658938850131,-0.012641111730705,kepler:kplr011904151-2009231120729_slc.fits,0.99984289227599177,0.99980114457136082,0.99980124243486435,0.097863503523143436
1386,331.72300201324833,-0.012417186983688201,kepler:kplr011904151-2009350160919_slc.fits,1.0004169271117147,0.99980088978688075,0.99980099134546663,0.10155858587435063
1387,266.39875220182148,-0.0123923984105385,kepler:kplr011904151-2009291181958_slc.fits,1.000101232175022,0.9998008618882076,0.99980096385589801,0.10196769040238252
1388,214.47436487323284,-0.012356326999167701,kepler:kplr011904151-2009231120729_slc.fits,0.99991956084530798,0.99980082139977,0.99980092396278475,0.10256301474775853
1389,347.63559899884422,-0.012143501387805899,kepler:kplr011904151-2009350160919_slc.fits,0.99945591144736801,0.99980058512789316,0.999800691203796,0.10607590283928658
1390,289.01128980216163,-0.012103698070392299,kepler:kplr011904151-2009291181958_slc.fits,1.0001463618367883,0.9998005414344584,0.9998006481674252,0.10673296679808431
1391,225.36200935114903,-0.0120909490829834,kepler:kplr011904151-2009231120729_slc.fits,1.0001482199156215,0.99980052747234938,0.9998006344157816,0.10694343222095171
1392,329.21110313286772,-0.0118439673643013,kepler:kplr011904151-2009350160919_slc.fits,0.99983898955720318,0.99980026012839263,0.99980037114945763,0.11102106500793241
1393,226.19978003828879,-0.0118109619432171,kepler:kplr011904151-2009231120729_slc.fits,1.0003224748255073,0.99980022485275477,0.9998003364187934,0.11156603862971792
1394,274.77425996263628,-0.0117916375957403,kepler:kplr011904151-2009291181958_slc.fits,0.99957419240194056,0.99980020424841443,0.99980031613353182,0.11188511739312901
1395,340.93626434361067,-0.0115525566213481,kepler:kplr011904151-2009350160919_slc.fits,0.99988813132562682,0.99979995232824681,0.99980006816141642,0.11583316961161216
1396,275.6120140296261,-0.0115282706059236,kepler:kplr011904151-2009291181958_slc.fits,0.99990859767110363,0.9997999270474498,0.99980004328169436,0.11623424456264075
1397,206.9377784446333,-0.011526455598716,kepler:kplr011904151-2009231120729_slc.fits,0.99993159080817484,0.99979992516037919,0.99980004142460221,0.11626422302679629
1398,337.58660353896994,-0.011250561262082501,kepler:kplr011904151-2009350160919_slc.fits,0.9997864325307424,0.99979964199914395,0.99979976282014404,0.12082100009358498
1399,283.14974948570307,-0.0112091145289507,kepler:kplr011904151-2009291181958_slc.fits,0.99925958017565419,0.99979960009169722,0.99979972159731001,0.12150561279344885
1400,211.96308115988359,-0.0111679403484252,kepler:kplr011904151-2009231120729_slc.fits,0.99977351350507004,0.99979955862248415,0.99979968080822179,0.12218573763878027
1401,283.98750187259429,-0.010947427637725901,kepler:kplr011904151-2009291181958_slc.fits,0.9995272339315926,0.99979933928109643,0.99979946510955064,0.12582845421160727
1402,330.04953771461442,-0.0109000856176049,kepler:kplr011904151-2009350160919_slc.fits,1.0001691311674623,0.99979929279347557,0.99979941940403683,0.12661056125740089
1403,212.80085674823204,-0.0108830519999756,kepler:kplr011904151-2009231120729_slc.fits,0.99991812443183115,0.99979927611927244,0.9997994030112396,0.12689196715598428
1404,269.75045627100923,-0.010651129222791701,kepler:kplr011904151-2009291181958_slc.fits,0.9998171572420288,0.99979905182121143,0.99979918254487599,0.13072366455979534
1405,341.77470189383166,-0.010605706400360401,kepler:kplr011904151-2009350160919_slc.fits,1.0002744349569417,0.99979900848605241,0.99979913996020842,0.13147415600656132
1406,227.8760014715881,-0.010570928643913201,kepler:kplr011904151-2009231120729_slc.fits,0.99995015645236041,0.99979897543792984,0.99979910748671164,0.13204878179795543
1407,281.47560635837726,-0.0103708418547565,kepler:kplr011904151-2009291181958_slc.fits,0.99993871586243044,0.9997987875079668,0.99979892286284044,0.13535487364269017
1408,338.42503963856871,-0.010305161663316201,kepler:kplr011904151-2009350160919_slc.fits,1.0005436711322049,0.99979872663556235,0.9997988630757394,0.1364401770453938
1409,218.66391841421137,-0.0102562860206436,kepler:kplr011904151-2009231120729_slc.fits,0.99992523467854078,0.99979868159904761,0.99979881884685995,0.13724781233737104
1410,289.01333303930005,-0.0100604609319692,kepler:kplr011904151-2009291181958_slc.fits,0.99991395074622258,0.99979850338744325,0.99979864387124839,0.14048380514442016
1411,339.26279548628372,-0.0100400139483003,kepler:kplr011904151-2009350160919_slc.fits,0.99972419893984299,0.99979848498505797,0.9997986258067606,0.14082170263218785
1412,219.50169188834121,-0.0099735118907968,kepler:kplr011904151-2009231120729_slc.fits,0.99976274040399504,0.99979842540096242,0.99979856732165318,0.14192069075491531
1413,274.77630330570537,-0.0097482945266502002,kepler:kplr011904151-2009291181958_slc.fits,0.99974095688446596,0.99979822665053397,0.99979837229321145,0.14564267747374515
1414,331.72572643668536,-0.0096927635466581008,kepler:kplr011904151-2009350160919_slc.fits,0.9998904081643184,0.99979817836439722,0.99979832492482645,0.14656042923721913
1415,224.5269628975293,-0.0096467027027085008,kepler:kplr011904151-2009231120729_slc.fits,0.99979997942337717,0.99979813852813437,0.99979828584980401,0.14732166964126492
1416,286.50143964582094,-0.0094817544110820991,kepler:kplr011904151-2009291181958_slc.fits,0.99992795256192479,0.9997979974683876,0.99979814751620444,0.15004781683813917
1417,205.26494520572305,-0.0093782945089593006,kepler:kplr011904151-2009231120729_slc.fits,0.99973490989288505,0.99979791026367959,0.99979806202144617,0.15175776657549989
1418,339.26347656870348,-0.0093589315285402003,kepler:kplr011904151-2009350160919_slc.fits,0.99995700569604318,0.99979789405160358,0.99979804612939405,0.15207779047177183
1419,283.15179282482131,-0.0091657754107056996,kepler:kplr011904151-2009291181958_slc.fits,0.99942472540058158,0.99979773419864837,0.99979788946895043,0.15527030206019532
1420,216.15263937727289,-0.0090632229591207005,kepler:kplr011904151-2009231120729_slc.fits,0.99999982044831559,0.99979765070701976,0.99979780767237159,0.15696535182740945
1421,335.91381760121294,-0.0090550990190809005,kepler:kplr011904151-2009350160919_slc.fits,0.99985331466730365,0.99979764413383276,0.99979780123345963,0.15709962686294432
1422,279.80214382767008,-0.0088519725619402006,kepler:kplr011904151-2009291181958_slc.fits,1.0002705493695261,0.99979748172420257,0.99979764218128597,0.16045708339795794
1423,347.63900462142919,-0.0087378788028278,kepler:kplr011904151-2009350160919_slc.fits,0.99934446019342205,0.99979739213540875,0.99979755447837959,0.16234297084416482
1424,211.1280289173956,-0.008729482836415,kepler:kplr011904151-2009231120729_slc.fits,0.99979057091510515,0.99979738558906883,0.99979754807082044,0.16248175160882283
1425,276.45249234027142,-0.0085406599605999008,kepler:kplr011904151-2009291181958_slc.fits,0.99971963983443801,0.99979724003830317,0.99979740564121877,0.1656029156027472
1426,206.10340530294343,-0.0084088972885822,kepler:kplr011904151-2009231120729_slc.fits,0.9994810956315614,0.99979714036659539,0.99979730814752799,0.16778093259173232
1427,325.02710575856327,-0.0083878416687549993,kepler:kplr011904151-2009350160919_slc.fits,0.99990228567282557,0.9997971245831262,0.99979729271211115,0.16812898495643935
1428,262.21541768992029,-0.0082734103117250001,kepler:kplr011904151-2009291181958_slc.fits,0.99980431748177945,0.99979703949718557,0.99979720951773765,0.17002055208159561
1429,216.99109490215776,-0.0080983980742547999,kepler:kplr011904151-2009231120729_slc.fits,0.99951341493478596,0.99979691162487305,0.99979708453843719,0.17291356413373649
1430,347.63968560594367,-0.0080568942883534004,kepler:kplr011904151-2009350160919_slc.fits,0.99886040428762102,0.99979688170005476,0.99979705529970342,0.17359964865626409
1431,263.05317496065982,-0.0080068395721948002,kepler:kplr011904151-2009291181958_slc.fits,0.99982717758904815,0.99979684581346684,0.99979702024055161,0.17442708477588553
1432,211.96648665569228,-0.0077624445397326,kepler:kplr011904151-2009231120729_slc.fits,0.99963551008030083,0.99979667378475079,0.99979685225190484,0.17846715405500646
1433,325.02778683834919,-0.0077067618828348004,kepler:kplr011904151-2009350160919_slc.fits,0.99964773510712202,0.99979663532893637,0.99979681471658677,0.17938765040081961
1434,270.5909357343989,-0.0076623658331217998,kepler:kplr011904151-2009291181958_slc.fits,0.99970916228527318,0.99979660486401856,0.99979678498558655,0.18012156799418477
1435,212.80426244264527,-0.0074773575867438996,kepler:kplr011904151-2009231120729_slc.fits,0.99987144099384018,0.99979647977972441,0.99979666295974223,0.18318001782091642
1436,332.56552383060625,-0.0073860696257684998,kepler:kplr011904151-2009350160919_slc.fits,0.99945875749573243,0.99979641916891082,0.99979660385806957,0.18468915874425562
1437,282.3160835416565,-0.0073843585755231003,kepler:kplr011904151-2009291181958_slc.fits,0.99980477468392481,0.99979641803984176,0.99979660275728677,0.18471744500647702
1438,227.87940694038844,-0.0071654598435752998,kepler:kplr011904151-2009231120729_slc.fits,1.0000922895658746,0.99979627571141683,0.99979646404767963,0.18833626280745364
1439,344.29069734815857,-0.0070823520734481999,kepler:kplr011904151-2009350160919_slc.fits,0.99986251689034822,0.9997962227724948,0.99979641248271123,0.18971021642499863
1440,289.85380903188343,-0.0070751683485905,kepler:kplr011904151-2009291181958_slc.fits,0.99957295414613023,0.99979621822484765,0.99979640805383019,0.18982898253305791
1441,228.7171765933017,-0.0068865069303089997,kepler:kplr011904151-2009231120729_slc.fits,0.99975922119097715,0.99979610040392797,0.99979629335196518,0.19294803721425779
1442,264.72936926349212,-0.0067939367399015996,kepler:kplr011904151-2009291181958_slc.fits,0.99969451276653198,0.99979604372618724,0.99979623820466235,0.19447847510178917
1443,340.94103202320548,-0.0067848770265417002,kepler:kplr011904151-2009350160919_slc.fits,0.99979544501722961,0.9997960382192298,0.99979623284749164,0.1946282618403572
1444,229.55494590394665,-0.0066078962853647998,kepler:kplr011904151-2009231120729_slc.fits,0.99999021443319036,0.99979593207019601,0.99979612962450803,0.19755431202028717
1445,276.4545355824157,-0.0064974178163178997,kepler:kplr011904151-2009291181958_slc.fits,0.99949723004080238,0.99979586718375579,0.9997960665646668,0.19938091100346611
1446,337.59137131324678,-0.0064827869852396997,kepler:kplr011904151-2009350160919_slc.fits,0.99987921370741883,0.99979585866993359,0.99979605829274598,0.19962281239127577
1447,210.29297642497119,-0.0062912752608247999,kepler:kplr011904151-2009231120729_slc.fits,0.9994880263265864,0.99979574893253265,0.99979595172178859,0.20278925594308106
1448,262.21746094102127,-0.0062301592107392003,kepler:kplr011904151-2009291181958_slc.fits,1.0001096904147115,0.99979571457861038,0.99979591837838155,0.20379977117013226
1449,349.31656535321235,-0.0061585470196677998,kepler:kplr011904151-2009350160919_slc.fits,0.99932620753657875,0.9997956747340232,0.99979587971786943,0.20498384623035548
1450,211.13075351507001,-0.0060048851619995004,kepler:kplr011904151-2009231120729_slc.fits,1.0001000102883115,0.99979559072611923,0.99979579825074638,0.20752462714934694
1451,263.05521831107035,-0.0059634891616635001,kepler:kplr011904151-2009291181958_slc.fits,0.999982245316688,0.99979556844144724,0.99979577665057562,0.20820912838281913
1452,330.89205915859202,-0.0058693416400021001,kepler:kplr011904151-2009350160919_slc.fits,0.99944604514637159,0.99979551830644164,0.99979572807233796,0.20976589631960252
1453,222.01841558706656,-0.0057219131654536997,kepler:kplr011904151-2009231120729_slc.fits,0.99951495907927357,0.99979544132401477,0.99979565352777644,0.21220376167363497
1454,285.66777411376825,-0.0056565864637736002,kepler:kplr011904151-2009291181958_slc.fits,0.99982679658726037,0.99979540780698195,0.99979562109101738,0.21328403543297014
1455,334.24239468284941,-0.0054966173826133998,kepler:kplr011904151-2009350160919_slc.fits,0.99964526853187297,0.99979532727098475,0.99979554320039776,0.21592941301662449
1456,227.04368042659189,-0.0054012736401194,kepler:kplr011904151-2009231120729_slc.fits,1.0000539552812169,0.99979528030843201,0.99979549781458399,0.21750615197824175
1457,286.50552632172185,-0.0053950785101744003,kepler:kplr011904151-2009291181958_slc.fits,1.0004708801095581,0.99979527728374662,0.99979549489235442,0.21760860779984625
1458,324.19275870520505,-0.0052441950269699004,kepler:kplr011904151-2009350160919_slc.fits,0.99951700661892162,0.99979520462546645,0.9997954247293882,0.22010392175531024
1459,227.88145032176544,-0.0051220784665683998,kepler:kplr011904151-2009231120729_slc.fits,0.99979674749305458,0.99979514723673679,0.99979536936031765,0.22212358086193262
1460,283.15587940316618,-0.0050791970658376996,kepler:kplr011904151-2009291181958_slc.fits,0.99960878736427405,0.99979512738490439,0.99979535021770416,0.22283279976775816
1461,335.9179041912721,-0.0049685089599211,kepler:kplr011904151-2009350160919_slc.fits,0.99990217183089081,0.99979507686276503,0.9997953015263118,0.2246635467662017
1462,228.71921987373929,-0.0048432264927189004,kepler:kplr011904151-2009231120729_slc.fits,1.0000186733751963,0.99979502093117523,0.99979524766693162,0.22673575639231558
1463,268.91883076430531,-0.0047859359267067997,kepler:kplr011904151-2009291181958_slc.fits,0.99938091019498299,0.99979499579659437,0.99979522347999117,0.22768339680290239
1464,332.56824815466098,-0.0046617455710434999,kepler:kplr011904151-2009350160919_slc.fits,0.9997527542917648,0.99979494226391641,0.99979517200161083,0.22973769442380387
1465,229.55698918369308,-0.0045646165389338998,kepler:kplr011904151-2009231120729_slc.fits,0.99977979781403037,0.99979490130341198,0.99979513264783682,0.23134442483918605
1466,269.7565862089541,-0.0045211912779147996,kepler:kplr011904151-2009291181958_slc.fits,0.9997863151473052,0.99979488324781396,0.99979511531060639,0.23206279242682371
1467,329.21859521747683,-0.0043518827551895997,kepler:kplr011904151-2009350160919_slc.fits,0.99993290915322519,0.99979481436874562,0.99979504923250362,0.23486375799741666
1468,210.29501992426961,-0.0042477759624012998,kepler:kplr011904151-2009231120729_slc.fits,0.99980942384198601,0.99979477321296917,0.99979500979912683,0.23658615766475322
1469,266.40692529413354,-0.0042193060984753996,kepler:kplr011904151-2009291181958_slc.fits,1.0001886339851462,0.99979476211681084,0.99979499917401216,0.23705720131328434
1470,216.9951816867906,-0.0040116134414081,kepler:kplr011904151-2009231120729_slc.fits,0.99994649359799503,0.99979468322749665,0.99979492372121237,0.2404937157196585
1471,332.5689292356692,-0.0039806645628192999,kepler:kplr011904151-2009350160919_slc.fits,0.99951017610284743,0.99979467178175163,0.99979491278758237,0.241005830736718
1472,278.13208607762499,-0.0039283226070292001,kepler:kplr011904151-2009291181958_slc.fits,0.99976564580031657,0.999794652606942,0.99979489447890479,0.24187196279168433
1473,201.92063666001923,-0.0037240402127842001,kepler:kplr011904151-2009231120729_slc.fits,0.99949348469779764,0.99979457996544718,0.99979482521804397,0.24525259678664924
1474,348.48153091005224,-0.0037022901797794001,kepler:kplr011904151-2009350160919_slc.fits,0.99910575263028001,0.99979457243692138,0.99979481804947978,0.24561255840271912
1475,285.66981745195523,-0.0036132482767943,kepler:kplr011904151-2009291181958_slc.fits,1.0001406468099712,0.99979454202834317,0.9997947891145984,0.24708625523395256
1476,202.75841704676719,-0.0034343534648186001,kepler:kplr011904151-2009231120729_slc.fits,0.99954735020317176,0.99979448293566398,0.99979473298297761,0.25004731363242882
1477,345.13186036302795,-0.0034100372040679,kepler:kplr011904151-2009350160919_slc.fits,0.99939272917368038,0.99979447510964758,0.99979472555947402,0.25044982643329661
1478,282.3201701205835,-0.0032977796485216,kepler:kplr011904151-2009291181958_slc.fits,0.99975269173953085,0.99979443961943215,0.99979469192755765,0.25230812550347537
1479,345.96961812824162,-0.0031429719904013998,kepler:kplr011904151-2009350160919_slc.fits,0.99924746686516641,0.9997943923990088,0.9997946472700584,0.25487104959864837
1480,213.64612496870541,-0.0031055315266036998,kepler:kplr011904151-2009231120729_slc.fits,0.99978094694481123,0.99979438127823839,0.99979463676917835,0.25549093995991257
1481,289.8578956056881,-0.00298859454392,kepler:kplr011904151-2009291181958_slc.fits,1.0000710187332484,0.9997943472956824,0.99979460472283121,0.25742714881982209
1482,338.43253184302012,-0.0028129572119066,kepler:kplr011904151-2009350160919_slc.fits,0.99980920091765701,0.99979429838964462,0.99979455872529877,0.26033565414529392
1483,208.62150829167521,-0.0027780085567989002,kepler:kplr011904151-2009231120729_slc.fits,1.0001855846211829,0.99979428896379363,0.99979454987823402,0.26091444038645051
1484,264.73345586186042,-0.0027073383715983,kepler:kplr011904151-2009291181958_slc.fits,0.99985643852635242,0.99979427021333001,0.99979453229820581,0.2620848758017047
1485,335.08287375822692,-0.0025082420050973999,kepler:kplr011904151-2009350160919_slc.fits,0.99981880158747261,0.99979421961533843,0.99979448499803636,0.26538269792819591
1486,203.59687828800088,-0.0024638122311309001,kepler:kplr011904151-2009231120729_slc.fits,0.99999380546688199,0.99979420877235436,0.99979447489106599,0.26611871162263157
1487,276.45862216681417,-0.0024108334178531,kepler:kplr011904151-2009291181958_slc.fits,0.9993672131807112,0.99979419605669095,0.99979446305307795,0.26699638699945183
1488,224.5344551414164,-0.0021544588156085999,kepler:kplr011904151-2009231120729_slc.fits,0.99988293230165337,0.99979413780498883,0.99979440904927996,0.27124429113900561
1489,327.54581314396643,-0.0021525562655941,kepler:kplr011904151-2009350160919_slc.fits,0.99964925299958296,0.99979413739302236,0.99979440866884439,0.27127582202801648
1490,273.10896789232362,-0.0021023079083998999,kepler:kplr011904151-2009291181958_slc.fits,0.99978572459453396,0.9997941266209428,0.99979439872946496,0.27210852215908687
1491,328.38356640814891,-0.0018899920831127999,kepler:kplr011904151-2009350160919_slc.fits,0.99990767419106197,0.99979408340832476,0.99979435903579117,0.27562746640619196
1492,205.27243742156131,-0.0018860786707044,kepler:kplr011904151-2009231120729_slc.fits,1.0000757708108932,0.99979408264676917,0.99979435833910524,0.27569233607138699
1493,284.8341086618093,-0.0018313384227237001,kepler:kplr011904151-2009291181958_slc.fits,0.99981631903809565,0.99979407212677163,0.99979434872651141,0.27659973977911534
1494,340.10872476035729,-0.0016014398747312001,kepler:kplr011904151-2009350160919_slc.fits,1.0002818346826889,0.99979403064443417,0.99979431105574801,0.28041131383549356
1495,226.20999675307399,-0.0015942471580156999,kepler:kplr011904151-2009231120729_slc.fits,0.9999136356397168,0.99979402941691964,0.99979430994750162,0.28053058198640457
1496,270.59706567072129,-0.0015324295107266,kepler:kplr011904151-2009291181958_slc.fits,1.0001168341982329,0.99979401904291976,0.99979430059858843,0.28155566866860937
1497,336.75906487456086,-0.0012985256711583999,kepler:kplr011904151-2009350160919_slc.fits,0.9999131765512328,0.99979398264002839,0.99979426807512684,0.28543509844602966
1498,201.08558023822121,-0.0012897620107991999,kepler:kplr011904151-2009231120729_slc.fits,0.9997927075801516,0.99979398136371478,0.99979426694418383,0.28558046905047263
1499,267.24740592330642,-0.0012293769256022,kepler:kplr011904151-2009291181958_slc.fits,1.0001378845470097,0.99979397274128556,0.99979425932349097,0.28658220541100121
1500,337.59682006952789,-0.0010340307041277999,kepler:kplr011904151-2009350160919_slc.fits,1.0001366103214866,0.999793946903764,0.99979423672715562,0.28982339161931492
1501,217.83568024916889,-0.0010037510631216999,kepler:kplr011904151-2009231120729_slc.fits,0.99999245882924759,0.99979394317991577,0.999794233505789,0.29032587323118975
1502,289.85993894259445,-0.00094525763756609998,kepler:kplr011904151-2009291181958_slc.fits,0.99975135823327355,0.99979393619985923,0.99979422749648961,0.2912966303725284
1503,218.67345407020912,-0.00072063002289189995,kepler:kplr011904151-2009231120729_slc.fits,0.99992081770709984,0.99979391201008261,0.99979420703541821,0.29502533560599176
1504,349.32201423307561,-0.00070966715641589996,kepler:kplr011904151-2009350160919_slc.fits,0.99914939203853237,0.99979391093569436,0.99979420614303482,0.29520734046162289
1505,275.62291162357002,-0.0006306766620003,kepler:kplr011904151-2009291181958_slc.fits,0.99984287486270595,0.99979390348639996,0.99979420000528596,0.29651888600046306
1506,219.51122754037351,-0.00043785985849880001,kepler:kplr011904151-2009231120729_slc.fits,0.9998573461866006,0.99979388745614239,0.99979418717723223,0.29972108983589152
1507,330.89750800425827,-0.00042049597375099998,kepler:kplr011904151-2009350160919_slc.fits,0.9996906155691444,0.99979388616248843,0.99979418617200355,0.3000095151195481
1508,272.2732566070481,-0.00032289318392200001,kepler:kplr011904151-2009291181958_slc.fits,0.9998165095389896,0.99979387935177122,0.99979418098266681,0.30163089559387402
1509,346.81010060358682,-0.0001511966452039,kepler:kplr011904151-2009350160919_slc.fits,0.99944035304964318,0.99979386926977165,0.99979417375356361,0.30448379195746611
1510,214.486624942736,-9.6257496011276076e-05,kepler:kplr011904151-2009231120729_slc.fits,1.0000345457441131,0.9997938665550492,0.99979417195188558,0.30539683637531567
1511,273.11101123632398,-5.8963908044162849e-05,kepler:kplr011904151-2009291181958_slc.fits,1.0001144529370591,0.99979386485347976,0.99979417087015998,0.30601668021823514
1512,225.37426945405605,0.0001691538240375,kepler:kplr011904151-2009231120729_slc.fits,1.0002195917102426,0.99979385693106437,0.99979416674012478,0.30980906040589673
1513,339.27301202245872,0.00017652222669360001,kepler:kplr011904151-2009350160919_slc.fits,1.0000288209831023,0.99979385674639543,0.9997941666779826,0.30993158717240732
1514,284.83615190033743,0.0002119001054072,kepler:kplr011904151-2009291181958_slc.fits,1.0002779027040309,0.99979385592183478,0.99979416644172181,0.31051988702568423
1515,226.21204013608079,0.00044913584877719997,kepler:kplr011904151-2009231120729_slc.fits,0.9999497255283174,0.99979385304741963,0.99979416751337524,0.31446595560868928
1516,335.92335304472363,0.00048034449160460003,kepler:kplr011904151-2009350160919_slc.fits,0.99975417731594718,0.99979385301319856,0.99979416799840315,0.31498520458583812
1517,281.48650393741991,0.00052673718789179999,kepler:kplr011904151-2009291181958_slc.fits,0.99983936964625819,0.99979385311011115,0.99979416886726624,0.31575715508935787
1518,201.08762374684011,0.0007537466080975,kepler:kplr011904151-2009231120729_slc.fits,0.99988688243871404,0.99979385613223515,0.99979417566785145,0.31953561629993743
1519,347.64854010466661,0.00079760443458630004,kepler:kplr011904151-2009350160919_slc.fits,0.99921456654607499,0.99979385720382519,0.99979417746965515,0.32026582996724784
1520,289.02423060402361,0.00083710379159460005,kepler:kplr011904151-2009291181958_slc.fits,0.99967877739269517,0.99979385830410916,0.99979417922765124,0.32092354207424734
1521,201.9254045779453,0.0010438777132897,kepler:kplr011904151-2009231120729_slc.fits,0.99971163999456325,0.99979386615496235,0.99979419052253837,0.32436757602116728
1522,340.1114490907712,0.0011228905391806,kepler:kplr011904151-2009350160919_slc.fits,1.0000317618997456,0.99979387008229459,0.9997941957663572,0.32568406260757854
1523,274.78720100197825,0.0011494017462272,kepler:kplr011904151-2009291181958_slc.fits,0.99985613372492199,0.99979387151494137,0.99979419764078281,0.32612584144331436
1524,212.81311682797241,0.0013770277403962999,kepler:kplr011904151-2009231120729_slc.fits,0.99956566447499917,0.99979388619223997,0.99979421611229657,0.32992005660759105
1525,286.51233721473545,0.0014158145034333001,kepler:kplr011904151-2009291181958_slc.fits,1.000113386132053,0.99979388911780265,0.99979421968457904,0.33056677639642373
1526,332.57437808379473,0.0014681835627054999,kepler:kplr011904151-2009350160919_slc.fits,0.99941360019501879,0.99979389326403356,0.99979422470408641,0.33144005284757583
1527,213.65089275893115,0.0016622586991381001,kepler:kplr011904151-2009231120729_slc.fits,0.99981793459183521,0.99979391059579337,0.99979424527303318,0.33467723981051023
1528,348.4869796879866,0.0017464877545823,kepler:kplr011904151-2009350160919_slc.fits,0.99889193850349756,0.99979391908174398,0.99979425516436859,0.33608262461903848
1529,268.08788602873392,0.0017600285019003,kepler:kplr011904151-2009291181958_slc.fits,0.9998383409414312,0.99979392050040738,0.99979425680898903,0.33630858164990229
1530,208.62627609376801,0.0019897935360012999,kepler:kplr011904151-2009231120729_slc.fits,0.9998525880669592,0.99979394687307399,0.99979428701683104,0.3401437570493826
1531,268.92564168584067,0.0020249856086547,kepler:kplr011904151-2009291181958_slc.fits,0.99964475393304342,0.99979395129623561,0.99979429202758641,0.34073135080081585
1532,330.06247874526889,0.0020409450368692001,kepler:kplr011904151-2009350160919_slc.fits,0.99968539781380961,0.99979395333572996,0.99979429433356437,0.34099783441376985
1533,219.51395192663767,0.0022865264056637002,kepler:kplr011904151-2009231120729_slc.fits,0.99994622427046798,0.99979398736457137,0.99979433246430205,0.34509973068086452
1534,265.57598009732465,0.0023261970926267,kepler:kplr011904151-2009291181958_slc.fits,0.99964951645539102,0.9997939933277834,0.99979433909034521,0.34576256180418596
1535,341.78764287089143,0.0023352706594098999,kepler:kplr011904151-2009350160919_slc.fits,1.0000123328762454,0.9997939947099308,0.99979434062410799,0.34591417719109785
1536,224.5392230055586,0.0026134053265867,kepler:kplr011904151-2009231120729_slc.fits,1.0001524393802093,0.99979404037170605,0.99979439093492684,0.35056322078563795
1537,288.18852216580126,0.0026193655692398998,kepler:kplr011904151-2009291181958_slc.fits,0.99962353213346244,0.99979404142006756,0.9997943920829504,0.35066288284202329
1538,334.25056795892306,0.0026766586910351,kepler:kplr011904151-2009350160919_slc.fits,1.0003788849319115,0.99979405164711399,0.99979440326805902,0.35162094502716457
1539,205.2772053315712,0.0028818313391845,kepler:kplr011904151-2009231120729_slc.fits,0.99947703776348984,0.99979409049524537,0.99979444554824204,0.35505299667004664
1540,278.13889698216371,0.0028825819316952998,kepler:kplr011904151-2009291181958_slc.fits,1.0002506610762021,0.99979409064375158,0.9997944457093072,0.3550655556239235
1541,335.08832251028798,0.0029405100559589002,kepler:kplr011904151-2009350160919_slc.fits,0.99956349207553885,0.99979410224546317,0.99979445828034619,0.35603488302005104
1542,226.21476451325725,0.0031735130252403001,kepler:kplr011904151-2009231120729_slc.fits,1.0001709332037212,0.99979415171455965,0.99979451164978883,0.35993522917721066
1543,285.67662854601082,0.0031978457787981999,kepler:kplr011904151-2009291181958_slc.fits,0.99976214058386881,0.99979415713981801,0.99979451748250481,0.36034268680040782
1544,334.25124904025142,0.0033577400194015001,kepler:kplr011904151-2009350160919_slc.fits,0.99980844197142638,0.99979419401019565,0.99979455703098796,0.36302079231553819
1545,217.00267395862463,0.0034806583926164998,kepler:kplr011904151-2009231120729_slc.fits,0.99987269785563238,0.99979422379511396,0.99979458887548078,0.36508036682647571
1546,271.43958837043465,0.0034995702026296002,kepler:kplr011904151-2009291181958_slc.fits,0.99986070574637598,0.99979422848897237,0.99979459388628045,0.36539730807749748
1547,330.90159458851122,0.0036660882791945001,kepler:kplr011904151-2009350160919_slc.fits,0.9998437329711436,0.99979427109990116,0.99979463928858237,0.36818868121013537
1548,201.92812898819105,0.0037682879590369999,kepler:kplr011904151-2009231120729_slc.fits,0.99972779964617564,0.99979429839279899,0.9997946682953236,0.36990252461066575
1549,268.08992937576119,0.0038033755291682,kepler:kplr011904151-2009291181958_slc.fits,0.99991461749935118,0.99979430796331925,0.99979467845436121,0.37049104195663318
1550,338.43934286525479,0.0039980650227651,kepler:kplr011904151-2009350160919_slc.fits,1.0000658196118384,0.99979436292797697,0.99979473668559482,0.37375761785529704
1551,279.81508465141087,0.0040888511788511996,kepler:kplr011904151-2009291181958_slc.fits,0.99961381658787296,0.9997943896377296,0.99979476491923203,0.37528150242938096
1552,212.81584142331849,0.0041016230864768998,kepler:kplr011904151-2009231120729_slc.fits,0.99988760064545235,0.99979439345040078,0.99979476894631758,0.37549591680452465
1553,324.20229402045521,0.0042911202231915996,kepler:kplr011904151-2009350160919_slc.fits,0.99939035746671023,0.99979445161747083,0.9997948302956372,0.37867816637948692
1554,261.3906012669031,0.0044008666710925997,kepler:kplr011904151-2009291181958_slc.fits,0.99962391313525001,0.99979448667537563,0.99979486719737642,0.38052200079796705
1555,227.89098593421659,0.0044135339845769997,kepler:kplr011904151-2009231120729_slc.fits,1.0001132073371284,0.99979449078666283,0.99979487152152158,0.38073485875145252
1556,335.92743963479734,0.0045669345653162998,kepler:kplr011904151-2009350160919_slc.fits,0.99940012889942775,0.99979454163919779,0.99979492495248279,0.38331328500174067
1557,262.22835877932084,0.0046676790888309002,kepler:kplr011904151-2009291181958_slc.fits,0.99955961908355684,0.99979457610751477,0.99979496111484478,0.38500733001711751
1558,228.72875558247324,0.0046924822412303998,kepler:kplr011904151-2009231120729_slc.fits,1.0001730160032622,0.99979458472397675,0.99979497014846042,0.38542448366207793
1559,332.57778368887369,0.0048737886416726998,kepler:kplr011904151-2009350160919_slc.fits,0.99944691793453699,0.99979464927522044,0.99979503775006595,0.38847484551407518
1560,263.06611594622518,0.0049341459931698996,kepler:kplr011904151-2009291181958_slc.fits,0.99965039275950318,0.99979467137647804,0.99979506086720804,0.38949073000171808
1561,209.46677818329044,0.0050011830584323997,kepler:kplr011904151-2009231120729_slc.fits,1.0000614784968005,0.99979469628235995,0.99979508690163921,0.39061927925576612
1562,329.22813064335787,0.0051835431258506004,kepler:kplr011904151-2009350160919_slc.fits,1.0003580139105737,0.9997947659456824,0.99979515963626175,0.39369057935889629
1563,285.67867188419768,0.0052411839656637997,kepler:kplr011904151-2009291181958_slc.fits,0.99991099798236682,0.99979478854730319,0.99979518320907235,0.39466176915414763
1564,204.44215029814225,0.0053174979102408003,kepler:kplr011904151-2009231120729_slc.fits,0.9998453341789022,0.99979481890160204,0.99979521484949085,0.39594788880936704
1565,286.51642389063642,0.0055024904043977996,kepler:kplr011904151-2009291181958_slc.fits,1.0000524258460031,0.99979489452266201,0.99979529358968999,0.3990670279785391
1566,336.7658758931575,0.0055124929254776996,kepler:kplr011904151-2009350160919_slc.fits,0.99965779114467601,0.99979489869383797,0.99979529792958555,0.39923574757239066
1567,205.2799297373931,0.0056062371610927,kepler:kplr011904151-2009231120729_slc.fits,0.99969126087836335,0.99979493819758958,0.99979533901481199,0.40081722241236406
1568,337.60363118992973,0.0057770896977070996,kepler:kplr011904151-2009350160919_slc.fits,0.9998340564067052,0.99979501210783961,0.99979541580881282,0.40370097320607812
1569,283.16677697860001,0.0058183783679925001,kepler:kplr011904151-2009291181958_slc.fits,1.0001775087329421,0.99979503034032002,0.99979543473845756,0.40439813753234688
1570,226.21748899044167,0.0058979902097123999,kepler:kplr011904151-2009231120729_slc.fits,0.9998464833096834,0.99979506590403844,0.99979547164676597,0.40574272752724738
1571,284.00452946280711,0.0060801625750936004,kepler:kplr011904151-2009291181958_slc.fits,0.99957962167741676,0.99979514930849001,0.99979555812957044,0.40882108043316379
1572,349.32882528290065,0.0061013826686301996,kepler:kplr011904151-2009350160919_slc.fits,0.99895254036000158,0.9997951592072678,0.99979556838707517,0.40917980737020798
1573,217.00539844837479,0.0062051481427811001,kepler:kplr011904151-2009231120729_slc.fits,1.0001499256566251,0.9997952081641438,0.9997956190985372,0.41093439340222915
1574,345.97915360516345,0.0063925049314246,kepler:kplr011904151-2009350160919_slc.fits,0.99919255710539123,0.99979529888519059,0.99979571298953263,0.41410434203914548
1575,261.39264451847703,0.0064441182450156002,kepler:kplr011904151-2009291181958_slc.fits,0.99976667450514345,0.9997953244038188,0.99979573938186483,0.41497804603718436
1576,206.1183900283213,0.0065758280892892996,kepler:kplr011904151-2009231120729_slc.fits,0.99941950940375024,0.99979539055648758,0.99979580776496479,0.41720847721027354
1577,273.11782224959461,0.0067520493625909004,kepler:kplr011904151-2009291181958_slc.fits,0.999644487231792,0.99979548139030705,0.99979590158500042,0.42019469337351012
1578,345.14207692073251,0.0068065205004845001,kepler:kplr011904151-2009350160919_slc.fits,0.99904000891306444,0.99979551000691624,0.99979593112513598,0.42111821974000208
1579,227.05594051926164,0.0068588190296291996,kepler:kplr011904151-2009231120729_slc.fits,0.9998244702731538,0.9997955377220904,0.99979595972722157,0.4220051311731865
1580,269.76816480255366,0.0070574023216369002,kepler:kplr011904151-2009291181958_slc.fits,0.99968856913864201,0.999795645103846,0.99979607047861196,0.42537476596660184
1581,330.90499999206082,0.0070714918288014997,kepler:kplr011904151-2009350160919_slc.fits,0.99980559592306217,0.99979565285172456,0.99979607846568275,0.42561395818818681
1582,227.89371030930488,0.0071379090728687002,kepler:kplr011904151-2009231120729_slc.fits,1.0003152029822815,0.99979568960558285,0.99979611634730203,0.42674171918388737
1583,327.55534846605588,0.0073827658238537998,kepler:kplr011904151-2009350160919_slc.fits,0.99998167144853378,0.99979582839853465,0.99979625930102745,0.43090249279842396
1584,288.19328981970466,0.0073870194726399002,kepler:kplr011904151-2009291181958_slc.fits,0.99990002513087795,0.99979583085552659,0.99979626183033898,0.43097481239318114
1585,208.63172499609936,0.0074386958673535002,kepler:kplr011904151-2009231120729_slc.fits,0.99990932639928665,0.99979586083011718,0.9997962926837104,0.43185359321906702
1586,263.06884038010321,0.0076585798711992,kepler:kplr011904151-2009291181958_slc.fits,0.9997672650579148,0.99979599096577565,0.99979642656113876,0.43559536311299496
1587,339.28050412900484,0.0076686287728175003,kepler:kplr011904151-2009350160919_slc.fits,1.0000710373671728,0.999795997013598,0.99979643278005925,0.43576646124865448
1588,219.51940079939959,0.0077353991675809999,kepler:kplr011904151-2009231120729_slc.fits,0.99954968437507141,0.99979603742206924,0.99979647432565444,0.43690358519921091
1589,331.74343503903947,0.0080158388074469001,kepler:kplr011904151-2009350160919_slc.fits,1.0000053885182365,0.99979621139060082,0.99979665307458576,0.44168398494193184
1590,281.49399611692934,0.0080189166973188009,kepler:kplr011904151-2009291181958_slc.fits,0.99989099538850679,0.99979621333811886,0.9997966550746068,0.44173648794387788
1591,224.54467186458351,0.0080622643514960003,kepler:kplr011904151-2009231120729_slc.fits,1.0000903144973443,0.99979624085423424,0.99979668333029437,0.44247606012515206
1592,328.39378281239624,0.0083264121642177003,kepler:kplr011904151-2009350160919_slc.fits,1.000342740117685,0.99979641209530201,0.99979685908193239,0.44698663037578967
1593,278.1443458258218,0.0083314255897820998,kepler:kplr011904151-2009291181958_slc.fits,0.99992509504851601,0.99979641540475039,0.99979686247705035,0.44707229995832876
1594,215.33257354632224,0.0083616460902255999,kepler:kplr011904151-2009231120729_slc.fits,0.99985016411921723,0.99979643540070395,0.99979688298949998,0.44758879602646573
1595,263.90727848774259,0.0086059875105757005,kepler:kplr011904151-2009291181958_slc.fits,1.0000973078566076,0.99979660003490178,0.99979705180303302,0.45176813123770643
1596,346.81895499939856,0.0087031991665344997,kepler:kplr011904151-2009350160919_slc.fits,0.99899986065747182,0.99979666700382819,0.99979712043640778,0.45343257959462591
1597,224.54535305946047,0.0087434592284568995,kepler:kplr011904151-2009231120729_slc.fits,1.0000702047086714,0.99979669498435497,0.9997971491065506,0.45412219562557254
1598,275.6324469558167,0.0089046555846844996,kepler:kplr011904151-2009291181958_slc.fits,1.0001001653700159,0.99979680845783803,0.99979726534291202,0.45688507399610501
1599,328.39446399267763,0.0090075924456075995,kepler:kplr011904151-2009350160919_slc.fits,1.000322817779135,0.99979688213025597,0.99979734078112059,0.45865086462093529
1600,215.333254744226,0.0090428439939848997,kepler:kplr011904151-2009231120729_slc.fits,0.99944751946654475,0.99979690757726036,0.99979736683310483,0.45925584446493417
1601,283.17018257720338,0.0092239769713574997,kepler:kplr011904151-2009291181958_slc.fits,0.99986346800933756,0.99979704008367964,0.99979750245026799,0.46236658834963862
1602,325.04481433274486,0.0093207325128421004,kepler:kplr011904151-2009350160919_slc.fits,0.99939130614949845,0.99979711206892363,0.99979757609871001,0.46402978637338776
1603,216.17102951580449,0.0093269155724797007,kepler:kplr011904151-2009231120729_slc.fits,0.99939589835722797,0.99979711669763482,0.99979758083373937,0.46413610454987264
1604,279.82053349285707,0.0095376926250470007,kepler:kplr011904151-2009291181958_slc.fits,0.99984858988952319,0.99979727654477557,0.9997977443080176,0.46776324202912889
1605,347.65739440338075,0.0096519031487272006,kepler:kplr011904151-2009350160919_slc.fits,0.99942915859274362,0.99979736483219639,0.99979783456305005,0.46973085365831224
1606,205.28401644600672,0.0096929457747058998,kepler:kplr011904151-2009231120729_slc.fits,0.99941599019073235,0.99979739684715563,0.99979786728547981,0.4704383241849186
1607,261.39605013767869,0.0098497374466734993,kepler:kplr011904151-2009291181958_slc.fits,0.9998869186693774,0.99979752055656923,0.99979799369951383,0.47314294460143458
1608,344.30772483890178,0.0099451386697547994,kepler:kplr011904151-2009350160919_slc.fits,0.99935466802022177,0.99979759692101478,0.99979807171113844,0.47479012366125062
1609,206.12179553414171,0.0099813339096996006,kepler:kplr011904151-2009231120729_slc.fits,0.99968560500029902,0.99979762611042444,0.99979810152579862,0.47541537417927771
1610,262.23380754847312,0.0101164482411117,kepler:kplr011904151-2009291181958_slc.fits,0.99953616842351678,0.99979773612778444,0.99979821387867762,0.47775089317969588
1611,340.95805969328649,0.0102427930544646,kepler:kplr011904151-2009350160919_slc.fits,1.0004381776061682,0.99979784051401399,0.99979832045105044,0.47993703644610974
1612,201.09715938664883,0.0102893864168152,kepler:kplr011904151-2009231120729_slc.fits,0.99956728044016019,0.99979787937857822,0.99979836012236079,0.48074378256046657
1613,284.84636829288502,0.010428292652997899,kepler:kplr011904151-2009291181958_slc.fits,0.99965744129257761,0.99979799642642875,0.99979847957710644,0.48315067768811559
1614,201.9349402138032,0.0105795135711908,kepler:kplr011904151-2009231120729_slc.fits,1.0000324988549092,0.9997981258708456,0.99979861164489037,0.48577404476723984
1615,344.30840602254466,0.0106263223126372,kepler:kplr011904151-2009350160919_slc.fits,0.99960417159349235,0.99979816636678576,0.99979865295353121,0.48658674545176694
1616,281.49672043672035,0.0107432364883326,kepler:kplr011904151-2009291181958_slc.fits,0.99947760844873001,0.99979826839927921,0.99979875701730159,0.48861802237620822
1617,222.87253435081948,0.0109061505874681,kepler:kplr011904151-2009231120729_slc.fits,0.99974665257305639,0.99979841269175795,0.99979890414366845,0.4914519105003734
1618,340.9587407760846,0.0109238758525744,kepler:kplr011904151-2009350160919_slc.fits,1.0004070608107185,0.9997984285398992,0.99979892030038242,0.49176048322330246
1619,289.03444718958781,0.0110536893557888,kepler:kplr011904151-2009291181958_slc.fits,1.0001826522570776,0.99979854549917835,0.99979903952101623,0.49402183788238574
1620,213.66042843890321,0.011197938671198599,kepler:kplr011904151-2009231120729_slc.fits,0.99976029850108461,0.99979867731298622,0.99979917385075756,0.49653777134395227
1621,337.60907994623994,0.011225846007922801,kepler:kplr011904151-2009350160919_slc.fits,0.99929046116912323,0.99979870303965557,0.99979920006456158,0.4970249060098908
1622,274.79741741734324,0.011365817111220901,kepler:kplr011904151-2009291181958_slc.fits,0.99961438809055481,0.99979883317782481,0.99979933264787801,0.49947005320571947
1623,228.73556671704864,0.0115036168166309,kepler:kplr011904151-2009231120729_slc.fits,1.0000306135622212,0.99979896310081118,0.99979946498125405,0.5018804428713608
1624,330.07201407316461,0.0115762729325883,kepler:kplr011904151-2009350160919_slc.fits,1.0000070012789759,0.99979903232662837,0.99979953547926403,0.5031526356669147
1625,275.63517147932725,0.011629179095235601,kepler:kplr011904151-2009291181958_slc.fits,0.99983394037078199,0.99979908304968601,0.99979958712926564,0.50407957963294336
1626,215.33597913631093,0.0117672360789136,kepler:kplr011904151-2009231120729_slc.fits,1.0001432822442955,0.99979921666199922,0.99979972316270682,0.50650070759772348
1627,326.72236322149547,0.011888221263449201,kepler:kplr011904151-2009350160919_slc.fits,1.0000544354183811,0.99979933524478015,0.99979984387001541,0.50862523526262748
1628,283.17290689606307,0.0119482958310488,kepler:kplr011904151-2009291181958_slc.fits,0.99982489157832122,0.99979939464602041,0.99979990432716059,0.50968114018168365
1629,210.31136671752029,0.0120990172882748,kepler:kplr011904151-2009231120729_slc.fits,0.99991237877792483,0.99979954520050796,0.99980005753374956,0.51233324160904203
1630,349.33495524780301,0.0122313475709869,kepler:kplr011904151-2009350160919_slc.fits,0.99921674851648756,0.9997996791847602,0.99980019385001417,0.51466525397003693
1631,268.93585821808665,0.0122415178546315,kepler:kplr011904151-2009291181958_slc.fits,1.0000230125079841,0.99979968955201903,0.99980020439664397,0.51484462493256444
1632,217.01152852532687,0.012335225094856701,kepler:kplr011904151-2009231120729_slc.fits,1.000043738790364,0.99979978554449944,0.99980030204271397,0.51649821453114697
1633,330.91044883774885,0.012520337516823601,kepler:kplr011904151-2009350160919_slc.fits,1.0002283289734402,0.9997999776719616,0.99980049744184885,0.51976988724167228
1634,261.39877447318577,0.0125740729537557,kepler:kplr011904151-2009291181958_slc.fits,0.99978126687361679,0.99980003406764562,0.99980055478854823,0.52072090261923165
1635,206.12452013880105,0.012705938569034399,kepler:kplr011904151-2009231120729_slc.fits,0.99977979781403037,0.99980017365554041,0.99980069671272476,0.52305718434286774
1636,277.31136015091033,0.012836450678312499,kepler:kplr011904151-2009291181958_slc.fits,0.99962915190983259,0.9998003134867004,0.99980083885977944,0.52537307904110264
1637,334.26078447903274,0.012893178800714699,kepler:kplr011904151-2009350160919_slc.fits,0.99989921194059195,0.99980037478698303,0.99980090116782439,0.52638084135914198
1638,217.0122096227642,0.0130163225321933,kepler:kplr011904151-2009231120729_slc.fits,0.999889934817352,0.99980050894694839,0.99980103751782401,0.52857087562419025
1639,324.21114825606492,0.013145355832895301,kepler:kplr011904151-2009350160919_slc.fits,0.99954819930899441,0.99980065113140359,0.99980118200066559,0.53086926199430451
1640,273.96170651507418,0.013145614842164401,kepler:kplr011904151-2009291181958_slc.fits,0.99962886615849156,0.99980065141846963,0.99980118229234882,0.53087387918981932
1641,201.93766472404241,0.0133040238103951,kepler:kplr011904151-2009231120729_slc.fits,0.99959995884675401,0.99980082823660321,0.9998013619373074,0.53370070418612414
1642,335.93629399666679,0.0134212964347693,kepler:kplr011904151-2009350160919_slc.fits,0.99955127304122804,0.99980096074938463,0.99980149654659922,0.53579721459584562
1643,266.42463404407317,0.0134894438411539,kepler:kplr011904151-2009291181958_slc.fits,0.99998567433277841,0.99980103838508516,0.99980157540209558,0.53701701041575234
1644,212.82537700748799,0.013637207255975101,kepler:kplr011904151-2009231120729_slc.fits,0.99964933556001379,0.99980120832392783,0.99980174798968036,0.53966575253028282
1645,332.5866379420986,0.0137280418665834,kepler:kplr011904151-2009350160919_slc.fits,0.99968112874126325,0.99980131388242754,0.99980185517912756,0.54129670001845653
1646,289.03717150576995,0.0137780055379277,kepler:kplr011904151-2009291181958_slc.fits,1.0000879733128061,0.99980137230057797,0.99980191449527001,0.54219469203253823
1647,227.90052144690708,0.0139490466750675,kepler:kplr011904151-2009231120729_slc.fits,1.0001227415315797,0.99980157420147298,0.99980211947510056,0.54527362758349796
1648,348.49923961354216,0.0140064133101365,kepler:kplr011904151-2009350160919_slc.fits,0.99885254919413557,0.99980164258511284,0.99980218889312356,0.54630801071819945
1649,281.50012603637151,0.014148836139492299,kepler:kplr011904151-2009291181958_slc.fits,0.99940426560457596,0.99980181381371536,0.99980236269355316,0.54887983780282923
1650,208.63853619889409,0.014249898662075801,kepler:kplr011904151-2009231120729_slc.fits,0.99993805466881958,0.99980193657856464,0.99980248728669563,0.55070813098634375
1651,325.88733469127328,0.0143503910412601,kepler:kplr011904151-2009350160919_slc.fits,1.0000028460483643,0.99980205969371405,0.99980261222264222,0.5525289281660406
1652,282.33787869613298,0.014410795900955601,kepler:kplr011904151-2009291181958_slc.fits,0.99997710179255261,0.99980213419883557,0.99980268782359716,0.55362476159004359
1653,209.47631378352528,0.0145367832932734,kepler:kplr011904151-2009231120729_slc.fits,0.999417785707578,0.99980229081240202,0.99980284672612996,0.55591372793983851
1654,348.49992079829099,0.014687598058964401,kepler:kplr011904151-2009350160919_slc.fits,0.99851899232583918,0.99980248046093501,0.99980303912082902,0.55865989401215899
1655,278.98822902237589,0.0147239221438706,kepler:kplr011904151-2009291181958_slc.fits,0.99976309308833822,0.99980252649330681,0.9998030858156336,0.55932232678745919
1656,220.36398507840931,0.0148289781773041,kepler:kplr011904151-2009231120729_slc.fits,0.99961371250579301,0.99980266040615839,0.99980322164663404,0.56124047564942714
1657,330.07541957598733,0.0149817757553041,kepler:kplr011904151-2009350160919_slc.fits,0.99966765744567243,0.99980285724726803,0.9998034212836806,0.56403641257585235
1658,260.56374115040671,0.0150314501747015,kepler:kplr011904151-2009291181958_slc.fits,0.99985144740293197,0.99980292177145857,0.99980348671842045,0.56494696187847637
1659,221.20175784124149,0.0151110410094776,kepler:kplr011904151-2009231120729_slc.fits,0.99965867224761185,0.99980302570071378,0.99980359210825243,0.5664075386491163
1660,345.98800789805682,0.0152467978247994,kepler:kplr011904151-2009350160919_slc.fits,0.99917434239585956,0.9998032045261448,0.99980377342974858,0.56890360378147875
1661,261.40149890846078,0.0152985082287688,kepler:kplr011904151-2009291181958_slc.fits,0.99993907781412883,0.99980327315897277,0.99980384301494818,0.569855975407485
1662,211.9896447268184,0.0153956265863861,kepler:kplr011904151-2009231120729_slc.fits,1.0001630329295994,0.9998034028339704,0.99980397448106362,0.57164709321710916
1663,327.56352172786137,0.0155560276293496,kepler:kplr011904151-2009350160919_slc.fits,1.0001327017483994,0.99980361922745242,0.99980419383988983,0.57461243740952739
1664,273.12667650675576,0.015606306523737901,kepler:kplr011904151-2009291181958_slc.fits,1.0001358842876236,0.9998036876296742,0.99980426317348559,0.57554381138746891
1665,227.06479494149244,0.0157132412604266,kepler:kplr011904151-2009231120729_slc.fits,1.0000518186161702,0.99980383402148798,0.9998044115491912,0.57752770321606306
1666,284.85181712897611,0.015877128744088798,kepler:kplr011904151-2009291181958_slc.fits,0.99976316928869557,0.99980406079839801,0.99980464137472624,0.58057632823516059
1667,335.101263558965,0.015881558732980101,kepler:kplr011904151-2009350160919_slc.fits,0.99988746724767519,0.99980406696910085,0.99980464762797439,0.58065887353908607
1668,222.04021135039511,0.0160738501631012,kepler:kplr011904151-2009231120729_slc.fits,0.99953567934367404,0.99980433689791959,0.99980492114702957,0.58424910998056134
1669,266.42735847480799,0.0162138745759694,kepler:kplr011904151-2009291181958_slc.fits,0.99990890247253394,0.99980453602598962,0.9998051228985424,0.58687255277689587
1670,327.56420280801103,0.016237107779010801,kepler:kplr011904151-2009350160919_slc.fits,0.99970437146957181,0.99980456927628603,0.99980515658487479,0.58730858876199221
1671,222.87798331426893,0.016355114036921099,kepler:kplr011904151-2009231120729_slc.fits,1.0000183142718273,0.99980473908989065,0.99980532861661875,0.58952672810086426
1672,289.03989592194557,0.016502421713551998,kepler:kplr011904151-2009291181958_slc.fits,0.99970601902052358,0.99980495325515961,0.9998055455588748,0.59230371518559366
1673,339.28935850039124,0.016523000159223099,kepler:kplr011904151-2009350160919_slc.fits,1.0003186435748674,0.99980498336747203,0.99980557605985398,0.59269238195103213
1674,213.6658774274984,0.0166469272663896,kepler:kplr011904151-2009231120729_slc.fits,1.0001077310107485,0.99980516571948763,0.99980576075631222,0.59503682459105534
1675,325.0523064102963,0.016812810064274999,kepler:kplr011904151-2009350160919_slc.fits,0.99972939772152181,0.99980541253141642,0.99980601071693098,0.59818551456647384
1676,274.80286626542511,0.016814665193089998,kepler:kplr011904151-2009291181958_slc.fits,0.99977964761601856,0.99980541530931843,0.99980601353011445,0.5982207960109065
1677,214.50365290012269,0.016931699890676499,kepler:kplr011904151-2009231120729_slc.fits,0.99992792795380958,0.99980559135434677,0.99980619180416441,0.60044981764484362
1678,271.45321050337225,0.017121703140228199,kepler:kplr011904151-2009291181958_slc.fits,0.99952066165075282,0.99980588050988661,0.99980648459200361,0.60408211699503056
1679,328.40263705608959,0.0171806558575671,kepler:kplr011904151-2009350160919_slc.fits,1.0001586956567934,0.99980597107440161,0.9998065762870072,0.60521260558665801
1680,215.34142812024947,0.017216220017463198,kepler:kplr011904151-2009231120729_slc.fits,0.9999884189163446,0.99980602590386924,0.99980663179926765,0.60589539840893991
1681,268.1035515223266,0.0174255220945784,kepler:kplr011904151-2009291181958_slc.fits,0.99965972730330477,0.99980635157309417,0.99980696149953918,0.60992644501656201
1682,340.12779547336686,0.017469273134837499,kepler:kplr011904151-2009350160919_slc.fits,1.0004704328209637,0.99980642029691924,0.99980703106877244,0.61077185320446148
1683,210.3168157154214,0.017548015189387201,kepler:kplr011904151-2009231120729_slc.fits,1.0002520187444781,0.99980654455208995,0.99980715684796684,0.61229587688949039
1684,279.8287067551355,0.0177109549034799,kepler:kplr011904151-2009291181958_slc.fits,0.99961800760753905,0.99980680399986199,0.99980741945970075,0.61545983875976873
1685,336.77813566660922,0.017772266377194802,kepler:kplr011904151-2009350160919_slc.fits,1.0000642827457216,0.99980690244267245,0.99980751909673515,0.61665406270172696
1686,221.2044822254029,0.0178354251708885,kepler:kplr011904151-2009231120729_slc.fits,0.99985887237591964,0.9998070043208992,0.99980762220730957,0.61788641037008318
1687,265.59164540348866,0.0179915032566366,kepler:kplr011904151-2009291181958_slc.fits,1.0002403740279311,0.99980725813480475,0.9998078790761028,0.62094129804624032
1688,348.5033262220386,0.0180930218065729,kepler:kplr011904151-2009350160919_slc.fits,0.99906638229457356,0.99980742480095675,0.99980804773668885,0.6229357321085871
1689,206.12996904788449,0.018154847652475301,kepler:kplr011904151-2009231120729_slc.fits,1.0000422844217189,0.99980752691460084,0.99980815106789156,0.6241532907180769
1690,277.31680889549898,0.018285195266960399,kepler:kplr011904151-2009291181958_slc.fits,1.0002021976487925,0.99980774372729675,0.99980837045497439,0.62672767764393456
1691,340.96623288696719,0.018415986735169199,kepler:kplr011904151-2009350160919_slc.fits,1.0002606600828583,0.99980796337080335,0.9998085926919672,0.62932116384750714
1692,201.10533292064065,0.018462920408637701,kepler:kplr011904151-2009231120729_slc.fits,0.99987260807978995,0.99980804270222878,0.99980867295662479,0.63025439600572497
1693,263.07973801525804,0.018556215026032701,kepler:kplr011904151-2009291181958_slc.fits,0.99965010700816237,0.99980820120662639,0.99980883332022119,0.63211359480064289
1694,326.72917422171304,0.018699221481016399,kepler:kplr011904151-2009350160919_slc.fits,0.99934244898591118,0.99980844627154497,0.99980908124584522,0.63497430025094559
1695,201.9431137447682,0.018753044536186501,kepler:kplr011904151-2009231120729_slc.fits,1.0001488483465175,0.99980853916846402,0.99980917522290602,0.63605444200476313
1696,285.69229377220472,0.018863071972701199,kepler:kplr011904151-2009291181958_slc.fits,0.99984096985376703,0.99980873020569838,0.99980936847425439,0.6382685560080148
1697,349.34176629767899,0.019042397446964801,kepler:kplr011904151-2009350160919_slc.fits,0.99915536874009758,0.99980904484530098,0.9998096867402414,0.64189494042299344
1698,222.8807077961028,0.019079595870786999,kepler:kplr011904151-2009231120729_slc.fits,1.0001694967902444,0.99980911062520317,0.99980975327520138,0.6426499982170597
1699,282.34264645503572,0.019178554803699999,kepler:kplr011904151-2009291181958_slc.fits,0.99972354510276318,0.99980928648188117,0.99980993114539318,0.64466351201719618
1700,330.91725984486402,0.0193313446319987,kepler:kplr011904151-2009350160919_slc.fits,1.0000795755122658,0.999809560475174,0.99981020826154743,0.6477863734311029
1701,203.61867425202945,0.019332151797438898,kepler:kplr011904151-2009231120729_slc.fits,1.0001621351711765,0.9998095619306524,0.99981020973357237,0.64780291997301731
1702,289.88037191150943,0.019487711277408299,kepler:kplr011904151-2009291181958_slc.fits,0.99977774260707963,0.99980984401794037,0.99981049501847497,0.65100053459055118
1703,346.82985264805762,0.019600847825602199,kepler:kplr011904151-2009350160919_slc.fits,0.99897293703994561,0.99981005116430077,0.99981070450220444,0.65333790366661759
1704,214.5063773931397,0.019656192907689201,kepler:kplr011904151-2009231120729_slc.fits,0.99982296203900323,0.99981015311141697,0.99981080759643182,0.65448501485043664
1705,260.56850893864612,0.019799238414106999,kepler:kplr011904151-2009291181958_slc.fits,0.99962915190983259,0.99981041848371699,0.99981107594508523,0.65746136823641166
1706,339.29276391246822,0.0199284122361955,kepler:kplr011904151-2009350160919_slc.fits,1.0002670352311946,0.99981066046479439,0.99981132062849698,0.66016370259269763
1707,215.34415261232789,0.019940712095877399,kepler:kplr011904151-2009231120729_slc.fits,0.99961629805005081,0.9998106836227022,0.99981134404445937,0.66042175717040408
1708,272.29368965150934,0.020110151277320298,kepler:kplr011904151-2009291181958_slc.fits,0.99982184356401882,0.99981100471561857,0.99981166870557903,0.66398996045879954
1709,210.31954011425839,0.020272414026376102,kepler:kplr011904151-2009231120729_slc.fits,0.99997863334953518,0.99981131586397842,0.99981198329495302,0.66743097459909251
1710,346.83053373239818,0.020281932166158201,kepler:kplr011904151-2009350160919_slc.fits,0.99928315631165476,0.99981133422738444,0.99981200186095198,0.66763356754151459
1711,273.1314441760187,0.020373975786684501,kepler:kplr011904151-2009291181958_slc.fits,0.99976095947832644,0.99981151245054356,0.9998121820475816,0.66959703803881609
1712,217.01970179435739,0.0205084941253783,kepler:kplr011904151-2009231120729_slc.fits,0.99985959058265783,0.99981177502321295,0.99981244750421117,0.6724809982205926
1713,328.40604255751532,0.020586157283299,kepler:kplr011904151-2009350160919_slc.fits,1.0002755733762876,0.99981192776372563,0.99981260191773558,0.67415400994974561
1714,265.59436993492272,0.020716034690705501,kepler:kplr011904151-2009291181958_slc.fits,1.0000405385902231,0.99981218508284397,0.99981286204803643,0.67696519245874498
1715,222.04497912036459,0.0208416201325771,kepler:kplr011904151-2009231120729_slc.fits,0.999503539592134,0.99981243616265902,0.99981311586246802,0.67969980899196258
1716,325.05639308897662,0.020899488744598502,kepler:kplr011904151-2009350160919_slc.fits,0.99971566079475005,0.99981255261228763,0.99981323357771701,0.68096542937823301
1717,288.20691190223442,0.021009102002404099,kepler:kplr011904151-2009291181958_slc.fits,0.9996085587632012,0.99981277450119821,0.99981345787371623,0.68337251801775523
1718,227.07024379376529,0.021162093533275601,kepler:kplr011904151-2009231120729_slc.fits,1.0001082696658024,0.99981308709434957,0.99981377384848635,0.68675413678054298
1719,332.59413003330701,0.021220133074988799,kepler:kplr011904151-2009350160919_slc.fits,0.99992626837370857,0.9998132065697708,0.99981389461362458,0.68804385378040678
1720,263.08246244901238,0.021280648780370701,kepler:kplr011904151-2009291181958_slc.fits,0.99974240469125997,0.999813331666211,0.9998140210589086,0.68939269759482613
1721,207.80825056966569,0.0214549694336767,kepler:kplr011904151-2009231120729_slc.fits,0.99963892156230805,0.9998136950261628,0.99981438832827219,0.69330210938911563
1722,340.13188226903003,0.021556068798007599,kepler:kplr011904151-2009350160919_slc.fits,1.0005816184437291,0.99981390782391799,0.99981460341004957,0.69558613158271498
1723,270.62022315232025,0.0216250520882308,kepler:kplr011904151-2009291181958_slc.fits,1.0001815092517139,0.9998140538987984,0.999814751050626,0.6971518275999955
1724,218.69593096683093,0.0217562665989188,kepler:kplr011904151-2009231120729_slc.fits,0.99951341493478596,0.99981433372676121,0.99981503387333082,0.70014656960992738
1725,282.34537077424466,0.0219028740126372,kepler:kplr011904151-2009291181958_slc.fits,0.99988851887688601,0.99981464947118837,0.99981535299026281,0.70351907444088368
1726,347.6696542248028,0.021911724570776,kepler:kplr011904151-2009350160919_slc.fits,0.99937223762545757,0.99981466863749002,0.99981537236107443,0.70372358440540239
1727,209.4838061835253,0.0220291832932915,kepler:kplr011904151-2009231120729_slc.fits,0.99980078740595757,0.99981492414080197,0.99981563058857459,0.70644777261374969
1728,329.24515825390699,0.022211153674971802,kepler:kplr011904151-2009350160919_slc.fits,0.99964365577113323,0.99981532419605124,0.9998160349021652,0.71070611395995797
1729,289.88309632733581,0.0222121271037867,kepler:kplr011904151-2009291181958_slc.fits,0.99964248697240599,0.99981532635000536,0.99981603707902422,0.71072901886015671
1730,220.3714774374312,0.022321337199185699,kepler:kplr011904151-2009231120729_slc.fits,0.9997703533954212,0.99981556895085244,0.99981628225857999,0.71330772755118232
1731,264.75865663519653,0.0224934349645113,kepler:kplr011904151-2009291181958_slc.fits,0.99984375116681801,0.99981595508702681,0.99981667249461836,0.71740759155503042
1732,332.59549219535984,0.022582295127817099,kepler:kplr011904151-2009350160919_slc.fits,0.99997692803459315,0.99981615631780196,0.99981687586018841,0.71954238645144386
1733,211.15936049155425,0.022602091322241301,kepler:kplr011904151-2009231120729_slc.fits,0.99961575939499703,0.99981620132116478,0.99981692134084399,0.72001967921231369
1734,261.40899103081028,0.0227906305782727,kepler:kplr011904151-2009291181958_slc.fits,0.99991633200739638,0.99981663312443103,0.99981735772162939,0.72459719835382685
1735,344.32066592796042,0.022886227728397601,kepler:kplr011904151-2009350160919_slc.fits,0.9994106403047196,0.99981685429084277,0.99981758123161879,0.72694077601909157
1736,206.13473685579811,0.022922655566098599,kepler:kplr011904151-2009231120729_slc.fits,0.99939886096002362,0.99981693896485258,0.99981766680276962,0.72783791704722489
1737,277.32157665964041,0.023052959408394299,kepler:kplr011904151-2009291181958_slc.fits,0.99961391183832005,0.99981724365488045,0.99981797472089562,0.7310660151693682
1738,325.89618912994047,0.023204829708445701,kepler:kplr011904151-2009350160919_slc.fits,1.0002947367686073,0.99981760237123363,0.9998183372381424,0.73486690876922722
1739,227.07228717583348,0.023205475601470099,kepler:kplr011904151-2009231120729_slc.fits,1.0001574668273776,0.99981760390515761,0.99981833878832616,0.73488316854053437
1740,263.0845056994221,0.023323899190083701,kepler:kplr011904151-2009291181958_slc.fits,1.000050520837064,0.99981788635123381,0.99981862422815682,0.73787692300708585
1741,337.62133982301748,0.0234857227854572,kepler:kplr011904151-2009350160919_slc.fits,0.99976499229973137,0.99981827620672881,0.99981901821845598,0.74201172717280883
1742,222.04770360336261,0.023566103130596198,kepler:kplr011904151-2009231120729_slc.fits,0.99957500116259723,0.99981847154524817,0.99981921563024956,0.74408500139178102
1743,285.69706142807991,0.0236307278478857,kepler:kplr011904151-2009291181958_slc.fits,0.99955857132864001,0.99981862941616517,0.9998193751776846,0.74576151942729041
1744,345.1591045169771,0.023834116745072999,kepler:kplr011904151-2009350160919_slc.fits,0.99948143101436804,0.99981913110040244,0.99981988219614204,0.75109573960396858
1745,222.88547556420963,0.023847363977617698,kepler:kplr011904151-2009231120729_slc.fits,0.99952616310439135,0.99981916403271176,0.99981991547900961,0.75144629785306449
1746,282.34741411371215,0.023946213480128199,kepler:kplr011904151-2009291181958_slc.fits,0.99990002513087795,0.99981941076964576,0.99982016484418845,0.75407454269704743
1747,203.62344206599664,0.024099965764630499,kepler:kplr011904151-2009231120729_slc.fits,1.0000572769873812,0.99981979808058641,0.99982055628781397,0.75820722755803871
1748,345.99686229101644,0.024101190784419298,kepler:kplr011904151-2009350160919_slc.fits,0.99933239294835718,0.99981980118388725,0.99982055942426284,0.75824037559790725
1749,289.8851395642414,0.0242553640093792,kepler:kplr011904151-2009291181958_slc.fits,1.0000016764078663,0.99982019396309196,0.99982095640470159,0.76244160962524177
1750,224.56101864141965,0.024409041187640299,kepler:kplr011904151-2009231120729_slc.fits,1.0002569384606352,0.99982058990169975,0.9998213565902152,0.76668851545225181
1751,327.57237596984487,0.024410269612848898,kepler:kplr011904151-2009350160919_slc.fits,1.0002265075024868,0.99982059308462023,0.99982135980733122,0.76672271098754408
1752,279.83551775711385,0.024521956881828899,kepler:kplr011904151-2009291181958_slc.fits,0.99993500109499922,0.99982088367447819,0.99982165352271357,0.76984823538239766
1753,328.41012923922972,0.0246728389976969,kepler:kplr011904151-2009350160919_slc.fits,1.0001949353392989,0.99982128005005555,0.99982205417455161,0.7741244960612903
1754,225.3987896594117,0.024689359179694299,kepler:kplr011904151-2009231120729_slc.fits,1.0000095162392828,0.99982132371780419,0.99982209831438718,0.77459658298639766
1755,276.48586609591439,0.024833095682369601,kepler:kplr011904151-2009291181958_slc.fits,0.99968094910288563,0.99982170591509023,0.99982248465241241,0.77873732218236569
1756,340.13528768206743,0.024961481835406401,kepler:kplr011904151-2009350160919_slc.fits,1.0003397043327631,0.99982205075645403,0.99982283324440202,0.78248794799229415
1757,226.23656023118383,0.024969230951819899,kepler:kplr011904151-2009231120729_slc.fits,0.99983635659467318,0.99982207167588322,0.99982285439183116,0.78271594794454558
1758,262.24879178874835,0.025100688516337399,kepler:kplr011904151-2009291181958_slc.fits,0.99983994114894004,0.99982242840564239,0.99982321501840576,0.78661276337044228
1759,206.97455889143021,0.025253991198194801,kepler:kplr011904151-2009231120729_slc.fits,0.99977688907673978,0.99982284887185224,0.99982364010041003,0.7912285577837963
1760,336.78562776710169,0.025264366869665201,kepler:kplr011904151-2009350160919_slc.fits,0.99953302038438485,0.99982287750466114,0.9998236690484984,0.79154383725299482
1761,263.08654904970899,0.025367249476980502,kepler:kplr011904151-2009291181958_slc.fits,1.0000555119604846,0.9998231626351034,0.99982395732549056,0.79469038716251106
1762,207.81233727315703,0.025541672925015701,kepler:kplr011904151-2009231120729_slc.fits,0.99982087923946217,0.99982365113202121,0.99982445124444863,0.80011242742372701
1763,344.32339026249974,0.0256105622677207,kepler:kplr011904151-2009350160919_slc.fits,0.99953920579616318,0.99982384585624939,0.9998246481417814,0.80228553200889507
1764,285.69910476626683,0.0256740660348082,kepler:kplr011904151-2009291181958_slc.fits,0.99951448942179044,0.99982402626628064,0.99982483057152138,0.80430524074248666
1765,218.70001754797704,0.025842847745030501,kepler:kplr011904151-2009231120729_slc.fits,0.99972851785291383,0.99982451005356476,0.99982531980675415,0.80975318939024987
1766,330.08631716504169,0.025879364809670201,kepler:kplr011904151-2009350160919_slc.fits,0.99981432380471258,0.99982461555352475,0.99982542650122042,0.81094769566192326
1767,286.53685686979588,0.025935469563863799,kepler:kplr011904151-2009291181958_slc.fits,0.99979012516518362,0.99982477822455795,0.99982559101885637,0.81279429842151529
1768,219.53779100696559,0.026125606733581101,kepler:kplr011904151-2009231120729_slc.fits,1.0000006463860649,0.99982533481025115,0.99982615397049357,0.81916024241568408
1769,326.73666630197113,0.026191301739105499,kepler:kplr011904151-2009350160919_slc.fits,0.99995055465308402,0.99982552904624145,0.99982635059729397,0.82155105252113003
1770,268.11240579251898,0.0262797922869655,kepler:kplr011904151-2009291181958_slc.fits,1.0002603004214341,0.99982579226943202,0.99982661815189156,0.82588245953196804
1771,204.46326525123004,0.026432450998029801,kepler:kplr011904151-2009231120729_slc.fits,0.99966495655657217,0.99982625071492159,0.99982708859867675,0.83788375515592151
1772,349.34925843254314,0.0265345323111159,kepler:kplr011904151-2009350160919_slc.fits,0.99928848790892399,0.99982656039402162,0.99982741029378641,0.84989976478766494
1773,279.83756099762104,0.026565197389020401,kepler:kplr011904151-2009291181958_slc.fits,0.99984146515609118,0.99982665391653358,0.99982750811246035,0.85419592676938549
1774,205.30104448163183,0.026720981399822801,kepler:kplr011904151-2009231120729_slc.fits,0.99997504231584344,0.99982713261316081,0.99982801401190924,0.88139874843129462
1775,335.11216116316791,0.02677916293589,kepler:kplr011904151-2009350160919_slc.fits,0.99988680316972356,0.99982731295100835,0.99982820688618301,0.89393517466174188
1776,265.6004998807839,0.026845980551881199,kepler:kplr011904151-2009291181958_slc.fits,1.0001622686614295,0.99982752111684658,0.99982843106862584,0.90995177925989879
1777,206.13882356278191,0.027009362549897199,kepler:kplr011904151-2009231120729_slc.fits,0.99976370998309161,0.99982803498334683,0.99982898890371119,0.95392036436603433
1778,346.83734487535548,0.027093075123461902,kepler:kplr011904151-2009350160919_slc.fits,0.99918990079358438,0.99982830101680442,0.99982927911221664,0.97809541221849372
1779,262.2508350397402,0.027143939508183799,kepler:kplr011904151-2009291181958_slc.fits,0.99960402484192645,0.99982846360018585,0.99982945671067336,0.99311048751271613
1780,206.97660229398755,0.027297393755542701,kepler:kplr011904151-2009231120729_slc.fits,1.0000888780838677,0.99982895855623999,0.99982999765401559,1.0390977756014053
1781,343.48767627080809,0.027387270576072702,kepler:kplr011904151-2009350160919_slc.fits,0.99946055999302963,0.99982925168056203,0.99983031763685604,1.0659562940107392
1782,263.08859230011882,0.027410499886807198,kepler:kplr011904151-2009291181958_slc.fits,0.99982222456580661,0.99982932784104117,0.99983040067232443,1.0728312832553044
1783,201.95196827782641,0.027607577594398601,kepler:kplr011904151-2009231120729_slc.fits,0.99976478729319918,0.99982998079035956,0.99983110972903844,1.1289386788737588
1784,329.25060699730966,0.0276598970776387,kepler:kplr011904151-2009350160919_slc.fits,0.99974431101495076,0.99983015623590477,0.99983129906446577,1.1428285610071143
1785,270.62635308864265,0.027754988410626,kepler:kplr011904151-2009291181958_slc.fits,0.99975993077349923,0.99983047743788345,0.99983164386982182,1.1664319383708488
1786,325.90095678924263,0.0279724890106063,kepler:kplr011904151-2009350160919_slc.fits,1.0002189180401819,0.99983122358476839,0.99983243163745961,1.2080526912150447
1787,227.07705493416145,0.0279732339294422,kepler:kplr011904151-2009231120729_slc.fits,1.0001502847599943,0.99983122616856235,0.99983243433129076,1.2081627284166174
1788,267.27669337114639,0.028058070914374501,kepler:kplr011904151-2009291181958_slc.fits,1.0000745620498752,0.99983152177574897,0.99983274106526121,1.2192895122442593
1789,207.81506167525367,0.028266075021662101,kepler:kplr011904151-2009231120729_slc.fits,0.99954627289306441,0.99983225823018995,0.99983350367919144,1.24544900148571
1790,348.51354279334191,0.028309593109890199,kepler:kplr011904151-2009350160919_slc.fits,0.99880397663538478,0.99983241449653915,0.99983366650890515,1.2520123660042515
1791,289.88922623804683,0.028342037814811101,kepler:kplr011904151-2009291181958_slc.fits,0.99981525223308965,0.9998325315203952,0.99983378882515483,1.2573047596386999
1792,208.65283970518067,0.028553404948656401,kepler:kplr011904151-2009231120729_slc.fits,0.99988921661061358,0.99983330548376659,0.99983460813279523,1.3026490286449643
1793,264.76478658281121,0.028623382579192801,kepler:kplr011904151-2009291181958_slc.fits,0.99958828946808975,0.99983356665182599,0.99983488920630803,1.3225544820416602
1794,340.97644942907937,0.028632528847344501,kepler:kplr011904151-2009350160919_slc.fits,1.0001086052055821,0.99983360098225482,0.99983492628914195,1.3253068871232898
1795,209.49061748352688,0.0288404832948643,kepler:kplr011904151-2009231120729_slc.fits,1.0002433823084491,0.99983439415220199,0.99983578864840117,1.3944961991807503
1796,326.73939072206122,0.0289157218291951,kepler:kplr011904151-2009350160919_slc.fits,0.99978757095008819,0.99983468706549483,0.99983610581519122,1.4187496963913304
1797,276.48995288019802,0.028919879965998801,kepler:kplr011904151-2009291181958_slc.fits,1.0002641866396695,0.99983470334748359,0.99983612337477779,1.4200272941966574
1798,204.4659896579833,0.029156857751289001,kepler:kplr011904151-2009231120729_slc.fits,0.99983883440792021,0.99983564758752075,0.99983711956794319,1.4719804224405664
1799,277.32770648490259,0.0291827846705725,kepler:kplr011904151-2009291181958_slc.fits,0.99975905446938718,0.9998357528505516,0.99983722762721161,1.4747766600153867
1800,334.27713083126582,0.0292395310338005,kepler:kplr011904151-2009350160919_slc.fits,0.99983208314650596,0.99983598450822919,0.99983746343211999,1.478923890796402
1801,205.30376908744799,0.029445587215978002,kepler:kplr011904151-2009231120729_slc.fits,0.99967151019305944,0.99983683905653398,0.99983831505668641,1.4760001524338762
1802,278.16546001975803,0.029445619526009902,kepler:kplr011904151-2009291181958_slc.fits,0.9997330701474586,0.99983683919207555,0.99983831519035615,1.4759982805978566
1803,324.22749466799002,0.029491767757994201,kepler:kplr011904151-2009350160919_slc.fits,0.99970465607440839,0.99983703326380857,0.99983850636728322,1.4731034746473526
1804,285.70319134263264,0.029760642400615801,kepler:kplr011904151-2009291181958_slc.fits,0.999772694333391,0.99983818378222145,0.999839644378264,1.4605960425573272
1805,210.32907581029576,0.029808110063751,kepler:kplr011904151-2009231120729_slc.fits,0.99963407366682444,0.99983839058905499,0.99983985241250517,1.4618234501773131
1806,327.57782481106551,0.02985911083349,kepler:kplr011904151-2009350160919_slc.fits,1.0002177037262134,0.99983861415895925,0.99984007915304962,1.4649940903721514
1807,271.46615135459439,0.030062554362368401,kepler:kplr011904151-2009291181958_slc.fits,0.99952496697095516,0.99983952134465703,0.99984101890617005,1.4975615130197184
1808,211.16685268526635,0.0300942850343375,kepler:kplr011904151-2009231120729_slc.fits,0.99958236278166501,0.99983966533295565,0.9998411704892074,1.50515625174652
1809,328.41557808151993,0.030121681287903702,kepler:kplr011904151-2009350160919_slc.fits,1.0002132259434535,0.99983979027221259,0.99984130229612178,1.5120239091892529
1810,268.11649238647078,0.030366386238762599,kepler:kplr011904151-2009291181958_slc.fits,0.99980953720627241,0.99984093346980019,0.99984251358955678,1.5801197565945557
1811,212.00462920818973,0.0303801079577148,kepler:kplr011904151-2009231120729_slc.fits,0.99990447850380304,0.99984099902800638,0.99984258313744723,1.5841094408441947
1812,325.06592840588564,0.0304348056536216,kepler:kplr011904151-2009350160919_slc.fits,1.0001198945307599,0.99984126179084964,0.99984286179673199,1.6000058823406604
1813,279.84164747876639,0.030651678534370601,kepler:kplr011904151-2009291181958_slc.fits,0.99999337056889204,0.99984232481177238,0.99984397854407436,1.6537323019871764
1814,227.07977931017376,0.030697609941752101,kepler:kplr011904151-2009231120729_slc.fits,0.99983097004413579,0.9998425539313508,0.99984421587898276,1.6619476319590376
1815,328.41625916181511,0.0308027615830841,kepler:kplr011904151-2009350160919_slc.fits,0.99965058115548644,0.99984308307189684,0.99984475916824023,1.6760963433837262
1816,261.41716423709295,0.0309638368609359,kepler:kplr011904151-2009291181958_slc.fits,0.99985041869810476,0.99984390513885679,0.99984560296081482,1.6978219580243703
1817,207.81778627758467,0.030990677352662001,kepler:kplr011904151-2009231120729_slc.fits,1.0003208588603461,0.99984404349941425,0.99984574653446656,1.7030350523139504
1818,325.06660948566423,0.031115885432209101,kepler:kplr011904151-2009350160919_slc.fits,0.99976024888579085,0.99984469484917238,0.99984643371181881,1.7388626464276413
1819,262.25492174160172,0.031230641369708299,kepler:kplr011904151-2009291181958_slc.fits,1.0004935497159329,0.99984530207784339,0.99984709403024563,1.7919524022413924
1820,218.70546652282792,0.031291822595909097,kepler:kplr011904151-2009231120729_slc.fits,1.0001290976612136,0.99984563059138198,0.99984745964225497,1.8290508729812416
1821,332.60434654861456,0.031436648382536299,kepler:kplr011904151-2009350160919_slc.fits,0.99942479465191836,0.99984642496372922,0.99984837004875082,1.9450850216040649
1822,273.98009620657103,0.031535306339014399,kepler:kplr011904151-2009291181958_slc.fits,0.99987144999679201,0.99984698235023883,0.99984902857119684,2.0462209580074386
1823,213.6808620962984,0.031631596066386401,kepler:kplr011904151-2009231120729_slc.fits,0.99991902219025397,0.99984754085942562,0.99984969564021442,2.1547807887989379
1824,348.51694841714925,0.0317152169172292,kepler:kplr011904151-2009350160919_slc.fits,0.99880465968699239,0.99984803824395319,0.99985028931940745,2.2510754542626188
1825,270.63043967944395,0.0318415792119335,kepler:kplr011904151-2009291181958_slc.fits,0.99969927528887959,0.99984881288964178,0.99985120142815642,2.3885385146416027
1826,228.75600012123323,0.031937021001217702,kepler:kplr011904151-2009231120729_slc.fits,0.99990717177907185,0.99984941644943315,0.99985189639980776,2.4799503746120166
1827,330.09244709013728,0.032009289905262799,kepler:kplr011904151-2009350160919_slc.fits,1.0000601275151098,0.99984988360675942,0.99985242446663081,2.5408598713916319
1828,267.28077986614522,0.032144565913204901,kepler:kplr011904151-2009291181958_slc.fits,0.9997288791277924,0.99985077892114604,0.99985341077562662,2.6318544805725708
1829,215.35641267624305,0.032200776011041599,kepler:kplr011904151-2009231120729_slc.fits,0.9994586516709888,0.99985115780766665,0.99985381756462677,2.659756960121662
1830,326.74279612218379,0.032321121951769102,kepler:kplr011904151-2009350160919_slc.fits,1.0004768838639226,0.99985197974687556,0.99985467895683156,2.6992099559919325
1831,279.0059377106154,0.032432610383379398,kepler:kplr011904151-2009291181958_slc.fits,0.99990859767110363,0.999852750767246,0.99985546265086978,2.7118836237738364
1832,220.38169418178583,0.032538081553821999,kepler:kplr011904151-2009231120729_slc.fits,1.0000598984419764,0.99985348494398285,0.99985619381360358,2.7088696207266949
1833,330.09312817070889,0.032690370476872802,kepler:kplr011904151-2009350160919_slc.fits,1.0003584882519676,0.9998545470273128,0.99985723618698141,2.6891596686118291
1834,275.65628558630851,0.032743286076494002,kepler:kplr011904151-2009291181958_slc.fits,1.0000458726152528,0.9998549155657972,0.99985759514913042,2.6795833332204921
1835,225.40696299444971,0.032862694217703402,kepler:kplr011904151-2009231120729_slc.fits,1.0000917509108209,0.99985574529273935,0.99985840132862724,2.6560358878935375
1836,346.00571658396802,0.032955483736001698,kepler:kplr011904151-2009350160919_slc.fits,0.99953977500583624,0.99985638791028542,0.99985902643825919,2.6385279737750622
1837,272.30663059970539,0.033051099473366798,kepler:kplr011904151-2009291181958_slc.fits,1.0001729367114882,0.99985704889660165,0.99985967774828177,2.6288516801198369
1838,226.24473356296949,0.0331425627374759,kepler:kplr011904151-2009231120729_slc.fits,0.99986389982308799,0.99985768138404196,0.99986031308206003,2.6316980180629557
1839,338.46863030104578,0.033285500813756003,kepler:kplr011904151-2009350160919_slc.fits,1.0000079499617642,0.99985867414594598,0.99986133802775279,2.6638818068080994
1840,273.14438522118144,0.0333150209494181,kepler:kplr011904151-2009291181958_slc.fits,0.99981357582522357,0.99985888038538961,0.99986155501330398,2.6746279143674556
1841,206.98273240167327,0.033427501441263198,kepler:kplr011904151-2009231120729_slc.fits,0.99977340577405904,0.99985967183505242,0.99986239937074839,2.727535695967731
1842,335.11897217830119,0.0335901780691703,kepler:kplr011904151-2009350160919_slc.fits,0.99986790540858461,0.99986083705034245,0.99986367016422395,2.8331138814952084
1843,269.79472779975185,0.0336203995198349,kepler:kplr011904151-2009291181958_slc.fits,0.99976412179316521,0.99986105676147319,0.99986391274623276,2.8559847595754917
1844,201.95809840087887,0.033737700646856397,kepler:kplr011904151-2009231120729_slc.fits,1.0001106038377019,0.99986192066773605,0.99986486697941845,2.9463116824057778
1845,346.84415581831126,0.033904018079242697,kepler:kplr011904151-2009350160919_slc.fits,0.99913848218646939,0.99986317760814925,0.99986623003234243,3.0524241931839668
1846,288.21985280561057,0.033950005378551702,kepler:kplr011904151-2009291181958_slc.fits,1.0002205619349649,0.99986353189606658,0.99986660514887882,3.0732528122356939
1847,222.89569229575864,0.034064095526625503,kepler:kplr011904151-2009231120729_slc.fits,0.99982737901044416,0.99986442282727817,0.99986753055769917,3.1077304210036516
1848,343.49448740505613,0.034198404824111898,kepler:kplr011904151-2009350160919_slc.fits,0.99961198873966661,0.99986549283986403,0.99986860999522664,3.1171553626085924
1849,263.09540333457699,0.034221534344974103,kepler:kplr011904151-2009291181958_slc.fits,1.000296000288952,0.99986567933217918,0.99986879537287199,3.1160406928076867
1850,207.82119188061188,0.034396280379866001,kepler:kplr011904151-2009231120729_slc.fits,0.99963145221222938,0.99986710865335382,0.99987019947461164,3.0908212578228955
1851,340.14482313866762,0.034496938435596598,kepler:kplr011904151-2009350160919_slc.fits,1.0003161769996185,0.99986794810864998,0.9998710187843608,3.070675710814541
1852,281.52055903473229,0.034581834500267299,kepler:kplr011904151-2009291181958_slc.fits,0.99998510283009678,0.99986866543190922,0.99987172515429878,3.0597223895645342
1853,218.70887200699508,0.034697306763069501,kepler:kplr011904151-2009231120729_slc.fits,0.9995970860198008,0.99986965645353743,0.99987272098933122,3.0645357937952866
1854,343.4951684884727,0.0348794882406782,kepler:kplr011904151-2009350160919_slc.fits,0.99975209021381317,0.99987126649501556,0.99987439850500903,3.1320099934672996
1855,289.05828545605618,0.0348919558241629,kepler:kplr011904151-2009291181958_slc.fits,1.0001835095111002,0.99987137920218117,0.99987451829386076,3.1390916795936974
1856,203.63433999789413,0.034997897662119401,kepler:kplr011904151-2009231120729_slc.fits,0.99983759550129681,0.99987235237764505,0.99987556616614515,3.2137885001004562
1857,263.93384143454023,0.035168934308215299,kepler:kplr011904151-2009291181958_slc.fits,0.99972308790061803,0.99987399051237558,0.99987737603671678,3.3855243412039826
1858,325.07069606435834,0.035202464126323101,kepler:kplr011904151-2009350160919_slc.fits,0.99994903676062297,0.99987432287253719,0.99987774838880616,3.4255162689733609
1859,228.75940558863653,0.035342488404515003,kepler:kplr011904151-2009231120729_slc.fits,0.99975085408247555,0.99987575710930099,0.99987936973195679,3.6126226558019781
1860,260.58417427170207,0.0354645714700563,kepler:kplr011904151-2009291181958_slc.fits,0.99980469848356723,0.99987707592211383,0.99988087894147337,3.8030193595384176
1861,332.6084331347447,0.035523234512678997,kepler:kplr011904151-2009350160919_slc.fits,0.99982115432078722,0.99987773461700558,0.99988164144363478,3.9068266292074938
1862,229.59717488205931,0.035621081827295897,kepler:kplr011904151-2009231120729_slc.fits,0.99989083257577482,0.99987887141869203,0.99988296800695864,4.0965882666110787
1863,287.3841441666882,0.035732066456182203,kepler:kplr011904151-2009291181958_slc.fits,0.99971382955717403,0.99988022143238242,0.99988455224691841,4.3308145359910455
1864,344.33360681706841,0.035827116836392302,kepler:kplr011904151-2009350160919_slc.fits,0.99966405245107759,0.99988143103998839,0.99988597932562695,4.5482856385614667
1865,220.38509966315905,0.035943562927043197,kepler:kplr011904151-2009231120729_slc.fits,0.99972241309563803,0.9998829817431758,0.99988781263721904,4.8308940432395531
1866,273.14710954644403,0.036039346212008903,kepler:kplr011904151-2009291181958_slc.fits,0.99983060660513856,0.99988431451937743,0.99988938807722538,5.0735578479566001
1867,340.98394153999106,0.036124639759043099,kepler:kplr011904151-2009350160919_slc.fits,0.99991829943828858,0.99988554452998302,0.99989083481971519,5.2902897321738251
1868,221.22287241736919,0.036225617137178603,kepler:kplr011904151-2009231120729_slc.fits,0.99974029644342244,0.99988705396565236,0.99989258542738402,5.5314617316559733
1869,265.61003524097032,0.036381340738300197,kepler:kplr011904151-2009291181958_slc.fits,1.0001031371839613,0.99988949908737201,0.99989534973749239,5.8506501203758887
1870,341.82169802132557,0.036390421093551902,kepler:kplr011904151-2009350160919_slc.fits,1.0004031901849431,0.99988964630767718,0.99989551304636237,5.8667386851896097
1871,206.14835927884999,0.036545078617983499,kepler:kplr011904151-2009231120729_slc.fits,0.9997645359208408,0.99989223941630556,0.99989832633316278,6.086916857217517
1872,288.22257712214201,0.036674321909993403,kepler:kplr011904151-2009291181958_slc.fits,0.99971142924591061,0.99989453944372675,0.99990073109947442,6.191655747667113
1873,334.28462302608386,0.036731725851842201,kepler:kplr011904151-2009350160919_slc.fits,0.99922777221048564,0.99989560187239845,0.99990181343481765,6.2115624192005114
1874,206.98613800586463,0.036833105632620503,kepler:kplr011904151-2009231120729_slc.fits,0.999907961806484,0.99989753981001517,0.99990374976716856,6.2099571533913434
1875,289.06032889318885,0.036935392956832999,kepler:kplr011904151-2009291181958_slc.fits,0.99965877479883525,0.9998995714190444,0.9999057402916266,6.1688725822017787
1876,335.12237758588162,0.036995585649600898,kepler:kplr011904151-2009350160919_slc.fits,1.0003461553757222,0.99990079921427422,0.99990693248599438,6.133271720165645
1877,217.87382278920995,0.037138788977943003,kepler:kplr011904151-2009231120729_slc.fits,0.99966971467621357,0.99990379352020198,0.99990983455715443,6.0410369524532825
1878,274.82329929591651,0.037247695684493799,kepler:kplr011904151-2009291181958_slc.fits,0.99985861023654277,0.99990610906659516,0.99991209066431319,5.981597718029974
1879,346.84756133984774,0.0373095396157214,kepler:kplr011904151-2009350160919_slc.fits,0.99939728285106344,0.99990742536528077,0.99991338456060019,5.9591953194271241
1880,212.84921626743744,0.0374764672054297,kepler:kplr011904151-2009231120729_slc.fits,1.0000158005482431,0.99991092887810484,0.99991689236924275,5.9634911379058408
1881,275.66105325231911,0.037510952087087497,kepler:kplr011904151-2009291181958_slc.fits,1.0000083439391534,0.99991163560242158,0.9999176143416364,5.9787392148180629
1882,328.42307006468764,0.037613664455614398,kepler:kplr011904151-2009350160919_slc.fits,1.0001261748108174,0.99991368778824141,0.99991974625981239,6.0584715709799397
1883,227.92436052804987,0.037788127817863698,kepler:kplr011904151-2009231120729_slc.fits,1.000298953554827,0.99991694567119005,0.99992323344572642,6.2877745363731918
1884,283.19878862527548,0.037830025043463701,kepler:kplr011904151-2009291181958_slc.fits,1.0003501025428212,0.99991767844575519,0.99992403319102363,6.3547452684442618
1885,327.58599807290739,0.038032372675365501,kepler:kplr011904151-2009350160919_slc.fits,0.99999241053769516,0.99992092852669356,0.99992763833415377,6.709807460203443
1886,208.66237540913423,0.038089108902216298,kepler:kplr011904151-2009231120729_slc.fits,1.0002151029181281,0.99992175506922198,0.99992856702514898,6.8119559269996799
1887,279.8491396608369,0.038143860604877802,kepler:kplr011904151-2009291181958_slc.fits,1.0002304679814482,0.999922519411516,0.99992942725532041,6.9078438044156698
1888,339.31115373778448,0.038318237552458001,kepler:kplr011904151-2009350160919_slc.fits,1.0000785129875431,0.99992475658587543,0.99993192121776919,7.1646318937634845
1889,229.59989935482008,0.038345554588070999,kepler:kplr011904151-2009231120729_slc.fits,1.000022533736415,0.99992508266164559,0.99993227718732802,7.1945256824301751
1890,265.61207858963462,0.038424689402601603,kepler:kplr011904151-2009291181958_slc.fits,1.0001060708977272,0.99992599515198399,0.99993326030979324,7.2651578092441937
1891,335.96149471904209,0.038622018810071802,kepler:kplr011904151-2009350160919_slc.fits,0.99980768302519596,0.99992810067726079,0.99993542727337281,7.3265961120227985
1892,204.47552528196684,0.038692481734827297,kepler:kplr011904151-2009231120729_slc.fits,0.99974029644342244,0.99992880706766962,0.99993610675218458,7.2996845149608802
1893,288.2246204595067,0.038717659274675797,kepler:kplr011904151-2009291181958_slc.fits,1.0001453140818719,0.99992905492714157,0.99993633844807839,7.2835209368182774
1894,221.22559680130507,0.038950001073063199,kepler:kplr011904151-2009231120729_slc.fits,0.99993643870365856,0.99993125850405118,0.99993825358648003,6.9950824288511626
1895,343.49925508905289,0.038966088820872699,kepler:kplr011904151-2009350160919_slc.fits,0.99953894016498279,0.99993140673208858,0.99993837521842621,6.9684863376329176
1896,289.06237223032804,0.0389787300960176,kepler:kplr011904151-2009291181958_slc.fits,0.99977898086288997,0.99993152291414444,0.99993847025017724,6.947336032792073
1897,329.26218576453539,0.039238664303366998,kepler:kplr011904151-2009350160919_slc.fits,0.99973816355048395,0.99993386773944004,0.99994034328485837,6.4755454183273997
1898,206.1510837832684,0.039269583036393302,kepler:kplr011904151-2009231120729_slc.fits,0.99982691217606423,0.99993414217536603,0.99994056322623037,6.4210508643469666
1899,274.82534253899212,0.039290938760098301,kepler:kplr011904151-2009291181958_slc.fits,0.9997744088414362,0.99993433127286002,0.99994071566666365,6.3843938036267645
1900,340.98734715404862,0.039530253816598901,kepler:kplr011904151-2009350160919_slc.fits,1.000339400754271,0.99993642671816441,0.99994248827107923,6.0615529148266845
1901,286.55047875582386,0.039557355591840697,kepler:kplr011904151-2009291181958_slc.fits,1.0002888755555199,0.99993666153002159,0.99994269869194918,6.0371619275967348
1902,206.98886250935905,0.039557609127040601,kepler:kplr011904151-2009231120729_slc.fits,0.99981919145362719,0.99993666372518164,0.99994270066968283,6.0369445011865253
1903,337.63768629207334,0.0398321918413184,kepler:kplr011904151-2009350160919_slc.fits,0.9999836447087328,0.99993903734375877,0.99994494137968282,5.9040359240425389
1904,217.87654727780321,0.039863277571201998,kepler:kplr011904151-2009231120729_slc.fits,0.99997127173046718,0.9999393076185088,0.99994520797278397,5.900354275167885
1905,268.12602773896651,0.039901738734494402,kepler:kplr011904151-2009291181958_slc.fits,0.99991690351007823,0.99993964314696759,0.99994554171166461,5.8985646970155514
1906,345.1754510295213,0.040180629289276099,kepler:kplr011904151-2009350160919_slc.fits,0.9995886321694234,0.99994213560962042,0.99994808354317599,5.9479335555723267
1907,222.90182235454267,0.040194154310663401,kepler:kplr011904151-2009231120729_slc.fits,0.99981066274860964,0.99994225987251517,0.99994821131189682,5.9514393816462174
1908,260.58894196018082,0.0402322599488069,kepler:kplr011904151-2009291181958_slc.fits,0.99976888431551281,0.99994261181963495,0.99994857334182441,5.9615221894571135
1909,330.93837394701404,0.040445446782021201,kepler:kplr011904151-2009350160919_slc.fits,0.99969488464169076,0.99994463059423278,0.99995064206708595,6.011472853173494
1910,213.68971657766809,0.040486077436081999,kepler:kplr011904151-2009231120729_slc.fits,0.99994703225304882,0.99994502363254001,0.99995104118776978,6.0175552297758728
1911,272.31412269586144,0.040543195629423302,kepler:kplr011904151-2009291181958_slc.fits,0.99979488768753122,0.99994557943380202,0.99995160194405885,6.0225102568312039
1912,346.85096686132601,0.040715061093992498,kepler:kplr011904151-2009350160919_slc.fits,0.99937868866841639,0.99994726323886995,0.99995326625366499,6.0030147950307367
1913,228.76485443625279,0.040791336020779598,kepler:kplr011904151-2009231120729_slc.fits,1.0001710050243948,0.99994800940175521,0.99995398233388277,5.972932127562558
1914,268.96446446837217,0.040847768140151702,kepler:kplr011904151-2009291181958_slc.fits,0.99950237356493776,0.99994855843880182,0.99995449930538516,5.9408665833426966
1915,328.42647566612868,0.041019265896659697,kepler:kplr011904151-2009350160919_slc.fits,1.0003414119617815,0.99995019590765744,0.99995598642982964,5.7905221721998856
1916,229.60262372757279,0.041069927340780403,kepler:kplr011904151-2009231120729_slc.fits,1.0001167983708199,0.99995066675802802,0.99995639835647043,5.7315984424155531
1917,276.50221263327694,0.041179633044920998,kepler:kplr011904151-2009291181958_slc.fits,0.99997710179255261,0.99995166117844037,0.99995724497115701,5.5837927166457746
1918,325.07682608238247,0.041332482150446298,kepler:kplr011904151-2009350160919_slc.fits,1.0003118889534159,0.99995298092889195,0.99995832307685495,5.3421479629944812
1919,220.39054863359345,0.041392533361443898,kepler:kplr011904151-2009231120729_slc.fits,0.99995340633785124,0.999953476844606,0.99995871519147561,5.2383468696071134
1920,284.03994660226454,0.041497302032515997,kepler:kplr011904151-2009291181958_slc.fits,1.0001184534558312,0.9999543108204394,0.99995936187600976,5.0510555703597859
1921,332.61456306395121,0.041653163719187702,kepler:kplr011904151-2009350160919_slc.fits,0.99980104224567923,0.99995547900147219,0.99996024351279278,4.7645113205874168
1922,205.31602931306409,0.041705812832081003,kepler:kplr011904151-2009231120729_slc.fits,0.99990975732332965,0.99995585524406505,0.99996052283116044,4.667587095386061
1923,276.50289371395047,0.041860713718451202,kepler:kplr011904151-2009291181958_slc.fits,1.000041681595587,0.99995691478003379,0.9999613070784874,4.3922984536148846
1924,344.33973676983442,0.041957069602394897,kepler:kplr011904151-2009350160919_slc.fits,0.99967486743486178,0.99995754343521204,0.99996177571463218,4.2322794201465896
1925,226.2535879889256,0.041996988693592002,kepler:kplr011904151-2009231120729_slc.fits,1.0002401324229584,0.99995779819848396,0.99996196753731281,4.169338828852176
1926,288.2280258550818,0.042123054849776402,kepler:kplr011904151-2009291181958_slc.fits,0.99990882627217681,0.99995858440917484,0.9999625705940568,3.9861848819544576
1927,340.99007148530654,0.0422545850745219,kepler:kplr011904151-2009350160919_slc.fits,1.0001702695868084,0.99995938202304624,0.99996320348502843,3.8214619821896889
1928,211.1791128750192,0.042354474787188602,kepler:kplr011904151-2009231120729_slc.fits,0.99987765348212676,0.99995997807290482,0.99996368988473217,3.7118118273449241
1929,284.87838012943394,0.042440129201915797,kepler:kplr011904151-2009291181958_slc.fits,0.99971554406521923,0.99996048585129238,0.99996411070665259,3.6248553602069578
1930,326.75301272257639,0.042537722344365002,kepler:kplr011904151-2009350160919_slc.fits,0.9999807986603686,0.9999610636055396,0.99996459318007525,3.5295745356433983
1931,222.06677488345304,0.042637383221025602,kepler:kplr011904151-2009231120729_slc.fits,0.99967878203628502,0.9999616546997232,0.99996508617293878,3.4314732155760197
1932,266.4539214994802,0.042776899248183398,kepler:kplr011904151-2009291181958_slc.fits,1.0000463488674876,0.99996248622066242,0.99996576719302221,3.2809723597981844
1933,349.36560487235693,0.042880972124903403,kepler:kplr011904151-2009350160919_slc.fits,0.99894608931704243,0.99996310897580543,0.99996626481109685,3.1558352914240473
1934,222.90454683638384,0.042918636151833597,kepler:kplr011904151-2009231120729_slc.fits,0.99973049292144422,0.99996333461046438,0.99996644223153064,3.1076210662561721
1935,278.17908202860417,0.0430676283721513,kepler:kplr011904151-2009291181958_slc.fits,1.0000247270160292,0.99996422579716004,0.9999671323494328,2.9065522727522719
1936,335.12850751951919,0.0431255192871677,kepler:kplr011904151-2009350160919_slc.fits,1.000112969146407,0.99996456978027559,0.99996739685857505,2.8270782994610499
1937,213.69244107184929,0.043210571617276303,kepler:kplr011904151-2009231120729_slc.fits,1.0001536064661589,0.99996507072220275,0.99996778273634357,2.7120141408154552
1938,285.71681333064043,0.043382630408414599,kepler:kplr011904151-2009291181958_slc.fits,0.99967706288464997,0.99996606058443116,0.99996855572724319,2.4951428120312258
1939,346.8536912985146,0.043439498282582499,kepler:kplr011904151-2009350160919_slc.fits,1.0001027233722954,0.99996637892716356,0.99996880960554879,2.4306783852345859
1940,228.76757901017845,0.043515909946441,kepler:kplr011904151-2009231120729_slc.fits,1.0002265942259412,0.99996679912134501,0.999969148139916,2.3490185709906797
1941,286.55456543172482,0.043644031492805199,kepler:kplr011904151-2009291181958_slc.fits,0.99986184875173922,0.99996748295460081,0.99996971129155821,2.2283369573994349
1942,339.31660259715864,0.043767096926613201,kepler:kplr011904151-2009350160919_slc.fits,1.0002621020806963,0.99996811413790021,0.99997024365572984,2.12951782962989
1943,215.367991642248,0.043779742015988797,kepler:kplr011904151-2009231120729_slc.fits,0.99962778935786401,0.99996817756989598,0.99997029758821321,2.120018317230965
1944,268.13011453291256,0.0439885326805384,kepler:kplr011904151-2009291181958_slc.fits,0.99995995671210103,0.9999691870819668,0.99997115301566963,1.9659337028299362
1945,340.15435859527497,0.044032395042949,kepler:kplr011904151-2009350160919_slc.fits,1.000089536681541,0.99996939031331922,0.99997132320241178,1.9328890925596198
1946,216.20576649915893,0.044063898926914598,kepler:kplr011904151-2009231120729_slc.fits,1.0000112040251179,0.99996953449872805,0.99997144340140243,1.9089026743746018
1947,268.96787007908279,0.044253378850767001,kepler:kplr011904151-2009291181958_slc.fits,0.99991549380346323,0.99997036990374744,0.99997213286989861,1.762966151175327
1948,347.69213071414561,0.044388213913583302,kepler:kplr011904151-2009350160919_slc.fits,0.99955343603798485,0.99997093164686557,0.99997259030796437,1.6586610988023054
1949,211.18115627316001,0.044397872928001902,kepler:kplr011904151-2009231120729_slc.fits,0.99978094694481123,0.99997097088266962,0.9999726220740166,1.6511913469852146
1950,261.43078631392564,0.044585913693625301,kepler:kplr011904151-2009291181958_slc.fits,1.0000228982074475,0.99997170802281077,0.99997321740272938,1.5093799186072232
1951,348.52988932756125,0.044656127329227802,kepler:kplr011904151-2009350160919_slc.fits,0.99987484976659358,0.99997197006551797,0.99997343107259318,1.461007075209686
1952,212.01893229003329,0.044683189801279603,kepler:kplr011904151-2009231120729_slc.fits,0.99997288769562842,0.9999720691956524,0.99997351232352683,1.4431278744231335
1953,262.26854381435987,0.044852714127861397,kepler:kplr011904151-2009291181958_slc.fits,1.0001558868814835,0.99997266685562436,0.99997400609839282,1.3392427684610908
1954,345.18021871650853,0.044948316276512301,kepler:kplr011904151-2009350160919_slc.fits,0.99991374576090564,0.99997298620091324,0.99997427271703965,1.2865161264086211
1955,227.09408288467969,0.045001184447682897,kepler:kplr011904151-2009231120729_slc.fits,1.0002518032824561,0.99997315704056078,0.99997441575217905,1.2587116182682934
1956,284.88110444747872,0.045164447246699803,kepler:kplr011904151-2009291181958_slc.fits,0.99953771148075765,0.99997365757856838,0.99997483502484441,1.1774462760349991
1957,346.01797659735166,0.045215497119640298,kepler:kplr011904151-2009350160919_slc.fits,0.9995232679253232,0.99997380558159121,0.99997495916868018,1.1535870889645139
1958,227.93185265913053,0.045280258898516799,kepler:kplr011904151-2009231120729_slc.fits,1.0001369979353352,0.99997398738806342,0.9999751114132468,1.1240251833743997
1959,346.8557345514273,0.045482751195281702,kepler:kplr011904151-2009350160919_slc.fits,1.0001080359959089,0.99997450966124235,0.9999755445102908,1.0348490484535233
1960,266.45664583021426,0.0455012299822374,kepler:kplr011904151-2009291181958_slc.fits,1.0002848369365689,0.99997455362957,0.99997558064431058,1.0270147405844199
1961,228.7696222906161,0.0455591903840879,kepler:kplr011904151-2009231120729_slc.fits,0.99993859332387358,0.9999746874839992,0.99997569006946996,1.0025854707551574
1962,343.5060661233365,0.045777123104473398,kepler:kplr011904151-2009350160919_slc.fits,0.99992683758338163,0.99997513702989715,0.9999760506829608,0.91365306364998844
1963,278.18180645037501,0.045792050142987102,kepler:kplr011904151-2009291181958_slc.fits,1.0000914023288965,0.99997516474909276,0.99997607245031517,0.9077012224079084
1964,215.37003503619781,0.045823135965793599,kepler:kplr011904151-2009231120729_slc.fits,1.0001781152711042,0.99997522122773719,0.999976116561617,0.89533387981344248
1965,340.1564018431236,0.046075642891581801,kepler:kplr011904151-2009350160919_slc.fits,1.0005969871048961,0.99997562084208935,0.99997641883356336,0.79799147401082848
1966,274.8321536491203,0.046102048888281198,kepler:kplr011904151-2009291181958_slc.fits,0.9998739455585024,0.99997565705771496,0.99997644576198363,0.78870426867272414
1967,210.3454227033144,0.0461550030823865,kepler:kplr011904151-2009231120729_slc.fits,1.0001317909364824,0.999975726907813,0.99997649760158835,0.77069377535377015
1968,275.66990770365373,0.046365403421715301,kepler:kplr011904151-2009291181958_slc.fits,0.99951294636454957,0.99997597095787683,0.99997667599981721,0.70504194038534251
1969,217.0455843965683,0.046391096336291598,kepler:kplr011904151-2009231120729_slc.fits,1.0003675422983371,0.99997599740882304,0.99997669517114884,0.69776232580753828
1970,332.61933073111868,0.046420830886658403,kepler:kplr011904151-2009350160919_slc.fits,0.99996592331425116,0.99997602719007883,0.99997671679906075,0.6896089819186102
1971,283.20764306147612,0.046684461244099702,kepler:kplr011904151-2009291181958_slc.fits,1.0003073350921394,0.99997625806566082,0.99997689167731996,0.63361165913988771
1972,348.53193268187169,0.046699481639672399,kepler:kplr011904151-2009350160919_slc.fits,0.99932670085162856,0.99997626962042963,0.99997690092057678,0.63130014715806482
1973,212.02097558747479,0.046726487242782597,kepler:kplr011904151-2009231120729_slc.fits,0.99988400961176083,0.99997628999914645,0.99997691736727523,0.6273681287805033
1974,268.97059440772136,0.046977707489345301,kepler:kplr011904151-2009291181958_slc.fits,1.0000060579284262,0.99997645613323505,0.999977058218951,0.60208571595055105
1975,340.99483916498866,0.047022264756639801,kepler:kplr011904151-2009350160919_slc.fits,1.0001075616545148,0.99997648151312157,0.99997708169865041,0.600185528831787
1976,227.0961261667544,0.047044466522391901,kepler:kplr011904151-2009231120729_slc.fits,1.0003864670458915,0.99997649375005415,0.99997709334423379,0.59959417963995065
1977,265.62093286681193,0.047278966579908002,kepler:kplr011904151-2009291181958_slc.fits,1.0001986543321657,0.99997660714528658,0.99997721253402361,0.60538873702942197
1978,326.75778038276621,0.047305382534192399,kepler:kplr011904151-2009350160919_slc.fits,1.0004728045279341,0.9999766181936236,0.99997722527351718,0.60707989357755565
1979,222.07154265342251,0.047405153190501502,kepler:kplr011904151-2009231120729_slc.fits,1.0000405786807154,0.99997665711160744,0.99997727153170923,0.61442010179657558
1980,288.23347468814609,0.047571887914068897,kepler:kplr011904151-2009291181958_slc.fits,1.0000063436797673,0.99997671352071515,0.99997734345767175,0.62993695659763205
1981,349.37037266734842,0.047648767116397601,kepler:kplr011904151-2009350160919_slc.fits,0.99904266522487117,0.99997673648447161,0.99997737451925117,0.63803477956536625
1982,227.09680726069928,0.0477255604672688,kepler:kplr011904151-2009231120729_slc.fits,1.0002355718101701,0.9999767577642692,0.99997740379966837,0.64603539917662545
1983,278.1838496918208,0.047835291588777099,kepler:kplr011904151-2009291181958_slc.fits,1.0001973208259085,0.99997678582775762,0.99997744330151284,0.65747375521674201
1984,330.94586613489082,0.047937634658799397,kepler:kplr011904151-2009350160919_slc.fits,1.0001104077028791,0.9999768100865476,0.99997747822946115,0.66814291355132838
1985,207.8348142917821,0.048018691550083703,kepler:kplr011904151-2009231120729_slc.fits,0.999938144444662,0.99997682824148537,0.99997750503198635,0.67679050097524396
1986,270.64678614277364,0.0481880425416161,kepler:kplr011904151-2009291181958_slc.fits,1.0001576966399757,0.99997686364801741,0.99997756016772743,0.6965197100194942
1987,346.85845908868214,0.048207288450116702,kepler:kplr011904151-2009350160919_slc.fits,0.9994570498667138,0.99997686747021242,0.99997756632315438,0.69885294196048164
1988,222.90999579982599,0.048367599593982201,kepler:kplr011904151-2009231120729_slc.fits,1.0000207382195692,0.99997689782152299,0.99997761603991842,0.71821839542351995
1989,267.29712634611496,0.048491045882945699,kepler:kplr011904151-2009291181958_slc.fits,1.0000016764078663,0.99997691946561418,0.99997765212963985,0.73266402567107036
1990,343.50879055703263,0.048501556800603703,kepler:kplr011904151-2009350160919_slc.fits,0.99973387550428183,0.99997692123878956,0.99997765505252323,0.73381373366654401
1991,227.93525832793239,0.048685927700377697,kepler:kplr011904151-2009231120729_slc.fits,0.99971853477925121,0.99997695065215519,0.99997770132145802,0.75066930282918776
1992,329.27172109051759,0.048773990285566102,kepler:kplr011904151-2009350160919_slc.fits,1.0000399205717232,0.99997696365767519,0.99997771935425295,0.75569657775886867
1993,279.0222841381983,0.048779037966282197,kepler:kplr011904151-2009291181958_slc.fits,0.99996216652247039,0.99997696438405759,0.99997772031243859,0.75592838100213555
1994,208.67327331355773,0.048987013325717699,kepler:kplr011904151-2009231120729_slc.fits,1.0003026343643611,0.99997699245399341,0.99997775473217276,0.76227817935592412
1995,260.59779625272495,0.049086552492935802,kepler:kplr011904151-2009291181958_slc.fits,1.0001295787080351,0.99997700460054562,0.99997776845757125,0.76385702563186442
1996,336.80946643237985,0.049103032147827998,kepler:kplr011904151-2009350160919_slc.fits,1.0000519498694762,0.99997700653485755,0.99997777052594261,0.7639910850620879
1997,209.51105098352849,0.049273983296480098,kepler:kplr011904151-2009231120729_slc.fits,1.0002951829694509,0.99997702539012057,0.99997778876797083,0.76337785026581173
1998,287.39776615097071,0.049354050738690702,kepler:kplr011904151-2009291181958_slc.fits,0.9999996761484804,0.99997703350191935,0.99997779561789724,0.76211597788145014
1999,333.45980941377638,0.049408813544362197,kepler:kplr011904151-2009350160919_slc.fits,1.0001895088737509,0.99997703879817845,0.99997779976586376,0.76096768530931058
2000,214.53634651769971,0.049625317467700797,kepler:kplr011904151-2009231120729_slc.fits,0.99978238335828795,0.99997705801901315,0.99997781160421984,0.75358520668089568
2001,284.04811975756456,0.049670457332544098,kepler:kplr011904151-2009291181958_slc.fits,0.99920778298260116,0.99997706173023981,0.9999778132028212,0.75147258138397177
2002,349.37241602229915,0.0496921220671264,kepler:kplr011904151-2009350160919_slc.fits,0.99910231839858676,0.99997706348041016,0.99997781386943485,0.75038902469515278
2003,215.37412172408949,0.049909823857479503,kepler:kplr011904151-2009231120729_slc.fits,1.0000375263020775,0.99997707992673857,0.99997781750663883,0.73757990026734888
2004,335.13531863469689,0.049936634464865202,kepler:kplr011904151-2009350160919_slc.fits,1.000109459020091,0.99997708181723521,0.99997781763381044,0.73581657522581168
2005,265.62365739836241,0.050003498130392197,kepler:kplr011904151-2009291181958_slc.fits,0.99990814046895837,0.99997708641374716,0.99997781775827721,0.73134453004719546
2006,220.39940308516088,0.050246984928874,kepler:kplr011904151-2009231120729_slc.fits,0.99970445792717999,0.9999771019176894,0.99997781775827721,0.7158405878060492
2007,346.8605022415868,0.050250441354778602,kepler:kplr011904151-2009350160919_slc.fits,0.99935525620355037,0.99997710212656876,0.99997781775827721,0.71563170844779478
2008,266.46141360902402,0.050269008792001899,kepler:kplr011904151-2009291181958_slc.fits,1.0003731531509841,0.99997710324529498,0.99997781775827721,0.71451298222502402
2009,221.23717583331745,0.0505290330854411,kepler:kplr011904151-2009231120729_slc.fits,0.99939293575443222,0.99997711862578564,0.99997781775827721,0.69913249156616786
2010,328.43601099018269,0.0505545899506731,kepler:kplr011904151-2009350160919_slc.fits,1.0001638944384721,0.99997712013487638,0.99997781775827721,0.69762340082490937
2011,263.11174983713136,0.050568036899344103,kepler:kplr011904151-2009291181958_slc.fits,0.99970354250890325,0.99997712092930602,0.99997781775827721,0.69682897119172083
2012,340.16116952143784,0.050843321205819601,kepler:kplr011904151-2009350160919_slc.fits,1.000211916761206,0.99997713734279481,0.99997781775827721,0.68041548240138638
2013,206.16266290259955,0.050848702367538502,kepler:kplr011904151-2009231120729_slc.fits,0.99990537626222598,0.99997713766694041,0.99997781775827721,0.68009133680213552
2014,274.83692131617136,0.050869715939336702,kepler:kplr011904151-2009291181958_slc.fits,1.0002720924267667,0.99997713893458362,0.99997781775827721,0.67882369358951422
2015,207.00044152379269,0.051136623560676497,kepler:kplr011904151-2009231120729_slc.fits,0.99985276761864361,0.99997715498320738,0.99997781775827721,0.66277506982626022
2016,347.69894175948866,0.0511992592566397,kepler:kplr011904151-2009350160919_slc.fits,0.99935110097293878,0.99997715870331905,0.99997781775827721,0.65905495816309667
2017,267.29985067615053,0.051215375918507798,kepler:kplr011904151-2009291181958_slc.fits,1.0000571121679931,0.99997715965438139,0.99997781775827721,0.65810389582310336
2018,201.97580756723619,0.051446867004177201,kepler:kplr011904151-2009231120729_slc.fits,1.000449417866506,0.99997717289154719,0.99997781775827721,0.64486673001518113
2019,329.27444541224395,0.051498312011927803,kepler:kplr011904151-2009350160919_slc.fits,0.99996431055351165,0.99997717567387479,0.99997781775827721,0.64208440242463638
2020,279.02500855938706,0.051503459155041398,kepler:kplr011904151-2009291181958_slc.fits,0.99957647841266739,0.9999771759479088,0.99997781775827721,0.6418103684069365
2021,202.813587931174,0.051736530941987199,kepler:kplr011904151-2009231120729_slc.fits,1.0000558405739048,0.99997718733441043,0.99997781775827721,0.63042386677647499
2022,264.78794410666887,0.051780906436855199,kepler:kplr011904151-2009291181958_slc.fits,1.0002778074535841,0.99997718924993284,0.99997781775827721,0.6285083443691164
2023,325.92479518579785,0.051810885565826498,kepler:kplr011904151-2009350160919_slc.fits,1.0003300277683245,0.99997719049639722,0.99997781775827721,0.62726187999295746
2024,219.56367337634583,0.052007976113822303,kepler:kplr011904151-2009231120729_slc.fits,1.0001952445018132,0.99997719774003924,0.99997781775827721,0.62001823797341871
2025,287.40049056773569,0.052078467503667597,kepler:kplr011904151-2009291181958_slc.fits,0.99983746463731915,0.99997719995516476,0.99997781775827721,0.6178031124459693
2026,337.64994616896729,0.052092068735268102,kepler:kplr011904151-2009350160919_slc.fits,1.0001133486195224,0.999977200362276,0.99997781775827721,0.61739600121235583
2027,224.58894433093519,0.052334730703181599,kepler:kplr011904151-2009231120729_slc.fits,0.99979304872835195,0.99997720679891045,0.99997781775827721,0.6109593667646962
2028,262.27603593438107,0.0523448341490588,kepler:kplr011904151-2009291181958_slc.fits,0.99999310386764084,0.99997720704048443,0.99997781775827721,0.6107177927816565
2029,349.37514046228898,0.052416562056960103,kepler:kplr011904151-2009350160919_slc.fits,0.99895622124921923,0.99997720871190443,0.99997781775827721,0.60904637277925389
2030,225.42671523729223,0.052614937060217998,kepler:kplr011904151-2009231120729_slc.fits,1.0004672653039532,0.99997721296807718,0.99997781775827721,0.6047902000316796
2031,284.88859652186511,0.052656521633091202,kepler:kplr011904151-2009291181958_slc.fits,1.000255042596762,0.99997721380710425,0.99997781775827721,0.60395117296163647
2032,346.02546862223971,0.052707522007692,kepler:kplr011904151-2009350160919_slc.fits,0.99920602840098216,0.99997721481371482,0.99997781775827721,0.60294456238896288
2033,281.53894869305083,0.052971492818807399,kepler:kplr011904151-2009291181958_slc.fits,0.99996157596969915,0.99997721955561358,0.99997781775827721,0.59820266362642371
2034,204.4898289178164,0.052996117584385098,kepler:kplr011904151-2009231120729_slc.fits,0.99987449337247802,0.99997721994510802,0.99997781775827721,0.59781316918972038
2035,338.48838218579482,0.053037385562797398,kepler:kplr011904151-2009350160919_slc.fits,1.0002849653358898,0.99997722057475735,0.99997781775827721,0.59718351985704743
2036,289.07667519016104,0.053281689929020701,kepler:kplr011904151-2009291181958_slc.fits,1.0001266449942692,0.99997722371218478,0.99997781775827721,0.59404609242807993
2037,339.32613795108045,0.0533024508484327,kepler:kplr011904151-2009350160919_slc.fits,1.0009918288813042,0.99997722392968158,0.99997781775827721,0.59382859562973067
2038,229.61488380510849,0.053330004876480402,kepler:kplr011904151-2009231120729_slc.fits,1.0001296363162675,0.99997722420596624,0.99997781775827721,0.59355231096791528
2039,325.08908581847209,0.053592218240064299,kepler:kplr011904151-2009350160919_slc.fits,1.0003634214024657,0.99997722619847118,0.99997781775827721,0.59155980602909608
2040,274.83964564026974,0.053594040037717498,kepler:kplr011904151-2009291181958_slc.fits,0.99990699746359502,0.99997722620896001,0.99997781775827721,0.59154931719707093
2041,228.77779571215069,0.053732611918681103,kepler:kplr011904151-2009231120729_slc.fits,1.0000982865921395,0.99997722691080704,0.99997781775827721,0.59084747017212891
2042,286.56478192124632,0.053860521014302103,kepler:kplr011904151-2009291181958_slc.fits,0.9996875404338148,0.99997722740974238,0.99997781775827721,0.59034853483463934
2043,332.62682292238605,0.053913022154032902,kepler:kplr011904151-2009350160919_slc.fits,0.99977523807384283,0.9999772275827834,0.99997781775827721,0.59017549380868672
2044,209.5158187835259,0.054041783293889901,kepler:kplr011904151-2009231120729_slc.fits,1.0001364592802815,0.99997722795635124,0.99997781775827721,0.58980192596536085
2045,333.46457718205056,0.054176581818540001,kepler:kplr011904151-2009350160919_slc.fits,0.99997036314969945,0.99997722828600799,0.99997781775827721,0.58947226921901574
2046,268.14033096771891,0.054204967486890902,kepler:kplr011904151-2009291181958_slc.fits,0.99995290817902638,0.99997722834858316,0.99997781775827721,0.5894096940517457
2047,228.77847680563721,0.054413705405201102,kepler:kplr011904151-2009231120729_slc.fits,1.0002518032824561,0.99997722875146677,0.99997781775827721,0.5890068104363877
2048,268.97808661121235,0.054469910980328599,kepler:kplr011904151-2009291181958_slc.fits,0.99981269952111118,0.99997722884896878,0.99997781775827721,0.58890930842991907
2049,345.18975419054914,0.054483790317115997,kepler:kplr011904151-2009350160919_slc.fits,0.99946615722147958,0.99997722887303919,0.99997781775827721,0.58888523801758907
2050,215.37888961011777,0.0546777098857553,kepler:kplr011904151-2009231120729_slc.fits,1.0000482275824789,0.99997722921243559,0.99997781775827721,0.58854584161771584
2051,346.02751197447651,0.054750874244488601,kepler:kplr011904151-2009350160919_slc.fits,0.99986031594627978,0.99997722934209399,0.99997781775827721,0.58841618322258427
2052,276.51583464771102,0.054801647478997802,kepler:kplr011904151-2009291181958_slc.fits,1.0002021976487925,0.99997722943263445,0.99997781775827721,0.58832564275856924
2053,210.3542772995861,0.05500959935409,kepler:kplr011904151-2009231120729_slc.fits,1.0001312522814287,0.99997722980878445,0.99997781775827721,0.5879494927585327
2054,346.86527003168885,0.0550182314568292,kepler:kplr011904151-2009350160919_slc.fits,0.99940020479405078,0.99997722982460058,0.99997781775827721,0.58793367663234619
2055,284.05356859434687,0.055119294114851003,kepler:kplr011904151-2009291181958_slc.fits,0.99954714127500577,0.99997723001112182,0.99997781775827721,0.58774715538945088
2056,211.19205416407931,0.055295763847297501,kepler:kplr011904151-2009231120729_slc.fits,1.0004450368054023,0.99997723034363195,0.99997781775827721,0.58741464525891018
2057,343.51560149134457,0.055312491112546797,kepler:kplr011904151-2009350160919_slc.fits,0.99962686408578405,0.99997723037567776,0.99997781775827721,0.5873825994484605
2058,276.51651572838455,0.055482728152527999,kepler:kplr011904151-2009291181958_slc.fits,0.99961962686513717,0.99997723070925038,0.99997781775827721,0.58704902683448523
2059,222.0797160019647,0.055578501732687899,kepler:kplr011904151-2009231120729_slc.fits,0.99998797003713324,0.99997723090448765,0.99997781775827721,0.5868537895636905
2060,329.27853209481691,0.055584994584888699,kepler:kplr011904151-2009350160919_slc.fits,1.0002142884681762,0.99997723091793478,0.99997781775827721,0.58684034243139394
2061,277.35426942761842,0.0557457273863999,kepler:kplr011904151-2009291181958_slc.fits,0.99983956014715203,0.99997723125881521,0.99997781775827721,0.58649946199640368
2062,325.92888186522032,0.055897564988297697,kepler:kplr011904151-2009350160919_slc.fits,1.0001380143720129,0.99997723159297136,0.99997781775827721,0.58616530584920667
2063,207.0052094298444,0.0559045296123876,kepler:kplr011904151-2009231120729_slc.fits,0.99966280193635715,0.99997723160851604,0.99997781775827721,0.58614976117254969
2064,263.11719870465458,0.056016904422571998,kepler:kplr011904151-2009291181958_slc.fits,1.0000145542682948,0.99997723186093457,0.99997781775827721,0.58589734264202775
2065,217.8928941091217,0.056210108889688401,kepler:kplr011904151-2009231120729_slc.fits,1.0000359103369161,0.99997723229421343,0.99997781775827721,0.58546406378479077
2066,348.54146806853532,0.0562348683033011,kepler:kplr011904151-2009350160919_slc.fits,0.99961899001864263,0.99997723234886404,0.99997781775827721,0.5854094131674259
2067,285.72975413924723,0.056323439015214298,kepler:kplr011904151-2009291181958_slc.fits,0.99995622289458042,0.99997723254181337,0.99997781775827721,0.58521646384424031
2068,202.81835574700381,0.056504346771795597,kepler:kplr011904151-2009231120729_slc.fits,1.0001842200283799,0.99997723292052576,0.99997781775827721,0.58483775144946293
2069,325.9295629451226,0.056578644890576499,kepler:kplr011904151-2009350160919_slc.fits,1.0001695865352007,0.99997723306902242,0.99997781775827721,0.58468925479004952
2070,282.38010694536933,0.056639045137314797,kepler:kplr011904151-2009291181958_slc.fits,1.0004396379629572,0.99997723318883236,0.99997781775827721,0.58456944485030249
2071,203.65613586145628,0.056793761224266603,kepler:kplr011904151-2009231120729_slc.fits,1.0000091571359138,0.99997723350511758,0.99997781775827721,0.58425315963006597
2072,326.76731580314663,0.056840802914608801,kepler:kplr011904151-2009350160919_slc.fits,1.0000186700772695,0.99997723360550117,0.99997781775827721,0.58415277603973692
2073,289.91783245433908,0.056948254107057297,kepler:kplr011904151-2009291181958_slc.fits,0.99971135304555325,0.99997723384372084,0.99997781775827721,0.58391455637352152
2074,224.5937120950839,0.057102494851891401,kepler:kplr011904151-2009231120729_slc.fits,1.0000357307852317,0.99997723420852924,0.99997781775827721,0.58354974796781534
2075,338.49246877921541,0.057123978983392797,kepler:kplr011904151-2009350160919_slc.fits,1.0001452243612023,0.99997723426140339,0.99997781775827721,0.58349687381831217
2076,260.60596956110385,0.057259860871836203,kepler:kplr011904151-2009291181958_slc.fits,0.99970125649817598,0.9999772346094884,0.99997781775827721,0.58314878881304821
2077,205.3316950456574,0.057371545425386403,kepler:kplr011904151-2009231120729_slc.fits,0.999989657822968,0.99997723490528645,0.99997781775827721,0.5828529907603297
2078,330.95540146495478,0.057472964722753803,kepler:kplr011904151-2009350160919_slc.fits,0.99979318715219401,0.99997723517130677,0.99997781775827721,0.58258697044344387
2079,287.40593930137402,0.057527201141999301,kepler:kplr011904151-2009291181958_slc.fits,0.99996757674785719,0.99997723531098337,0.99997781775827721,0.5824472938398273
2080,226.269253657847,0.057662657614992299,kepler:kplr011904151-2009231120729_slc.fits,1.0006964809844892,0.99997723564841845,0.99997781775827721,0.58210985875994936
2081,346.86799446888472,0.057742668652695103,kepler:kplr011904151-2009350160919_slc.fits,0.99916682882817776,0.99997723583836817,0.99997781775827721,0.58191990903733171
2082,284.05629301274166,0.057843712509642403,kepler:kplr011904151-2009291181958_slc.fits,1.0001249304862241,0.99997723606585565,0.99997781775827721,0.58169242156402845
2083,201.14483808525256,0.057968085020547698,kepler:kplr011904151-2009231120729_slc.fits,0.99991471294982404,0.99997723632037983,0.99997781775827721,0.58143789738451801
2084,343.51832602507784,0.058037024845818401,kepler:kplr011904151-2009350160919_slc.fits,0.99979933461666082,0.99997723644541336,0.99997781775827721,0.58131286384544012
2085,261.4444083905255,0.058207990293484002,kepler:kplr011904151-2009291181958_slc.fits,1.0001098047152479,0.99997723668588323,0.99997781775827721,0.58107239397919841
2086,201.9826187928484,0.058258092616387799,kepler:kplr011904151-2009231120729_slc.fits,1.0001080901141175,0.99997723673788164,0.99997781775827721,0.58102039557361707
2087,329.28125641653605,0.0583093163040313,kepler:kplr011904151-2009350160919_slc.fits,1.0001497780385853,0.99997723678300043,0.99997781775827721,0.58097527677603011
2088,273.16958592990704,0.058515729675024199,kepler:kplr011904151-2009291181958_slc.fits,0.99976850331372524,0.9999772368913924,0.99997781775827721,0.58086688481395754
2089,212.87033093204809,0.058591131816079597,kepler:kplr011904151-2009231120729_slc.fits,0.99991991994867702,0.99997723690665596,0.99997781775827721,0.58085162124577039
2090,336.81900177853095,0.0586383782989248,kepler:kplr011904151-2009350160919_slc.fits,0.9998159555391084,0.99997723691125762,0.99997781775827721,0.58084701959337792
2091,269.81992853269185,0.058821132459828,kepler:kplr011904151-2009291181958_slc.fits,1.0001040896884308,0.99997723691304918,0.99997781775827721,0.58084522802648308
2092,337.65675708945491,0.058902989222891798,kepler:kplr011904151-2009350160919_slc.fits,1.00012549175921,0.99997723691304918,0.99997781775827721,0.58084522802648308
2093,207.84571220086943,0.058916600637417098,kepler:kplr011904151-2009231120729_slc.fits,0.99997281587495479,0.99997723691304918,0.99997781775827721,0.58084522802648308
2094,281.54507851249218,0.059101312260162603,kepler:kplr011904151-2009291181958_slc.fits,1.0001881767830008,0.99997723691304918,0.99997781775827721,0.58084522802648308
2095,208.68349021775063,0.059203917518619399,kepler:kplr011904151-2009231120729_slc.fits,0.99994613449462577,0.99997723691304918,0.99997781775827721,0.58084522802648308
2096,345.19452197756618,0.059251577334160602,kepler:kplr011904151-2009350160919_slc.fits,0.99955163354068743,0.99997723691304918,0.99997781775827721,0.58084522802648308
2097,289.08280510156328,0.059411601331261103,kepler:kplr011904151-2009291181958_slc.fits,0.99981860504882236,0.99997723691304918,0.99997781775827721,0.58084522802648308
2098,209.52126778352249,0.059490783290478001,kepler:kplr011904151-2009231120729_slc.fits,0.99988158566401897,0.99997723691304918,0.99997781775827721,0.58084522802648308
2099,330.95744480710709,0.059516306875073199,kepler:kplr011904151-2009350160919_slc.fits,0.99988046596869917,0.99997723691304918,0.99997781775827721,0.58084522802648308
2100,279.03318172317813,0.059676622946112,kepler:kplr011904151-2009291181958_slc.fits,1.00002407931299,0.99997723691304918,0.99997781775827721,0.58084522802648308
2101,346.87003782185639,0.0597860216243635,kepler:kplr011904151-2009350160919_slc.fits,0.99948816666216356,0.99997723691304918,0.99997781775827721,0.58084522802648308
2102,204.49664003481303,0.059807234581015202,kepler:kplr011904151-2009231120729_slc.fits,1.000438752496442,0.99997723691304918,0.99997781775827721,0.58084522802648308
2103,275.68352962088102,0.0599873206489984,kepler:kplr011904151-2009291181958_slc.fits,1.0000291085365889,0.99997723691304918,0.99997781775827721,0.58084522802648308
2104,343.52036937537201,0.060080375139991198,kepler:kplr011904151-2009350160919_slc.fits,0.99960001636288076,0.99997723691304918,0.99997781775827721,0.58084522802648308
2105,205.3344194512465,0.060095951014492499,kepler:kplr011904151-2009231120729_slc.fits,0.99993518184186636,0.99997723691304918,0.99997781775827721,0.58084522802648308
2106,329.28329975782253,0.060352657590511699,kepler:kplr011904151-2009350160919_slc.fits,1.0006643435828513,0.99997723691304918,0.99997781775827721,0.58084522802648308
2107,289.92123784921569,0.060353648983665999,kepler:kplr011904151-2009291181958_slc.fits,1.0003114308613583,0.99997723691304918,0.99997781775827721,0.58084522802648308
2108,206.1721985184268,0.060384318194785097,kepler:kplr011904151-2009231120729_slc.fits,0.99977681725606615,0.99997723691304918,0.99997781775827721,0.58084522802648308
2109,286.57159291426069,0.060671514028671297,kepler:kplr011904151-2009291181958_slc.fits,1.0003006675608526,0.99997723691304918,0.99997781775827721,0.58084522802648308
2110,336.82104512416845,0.0606817239364279,kepler:kplr011904151-2009350160919_slc.fits,0.99961111595150121,0.99997723691304918,0.99997781775827721,0.58084522802648308
2111,217.05988784231889,0.060694542086876503,kepler:kplr011904151-2009231120729_slc.fits,0.99965479393122481,0.99997723691304918,0.99997781775827721,0.58084522802648308
2112,333.47138819392421,0.060987593692191297,kepler:kplr011904151-2009350160919_slc.fits,1.0003123822684661,0.99997723691304918,0.99997781775827721,0.58084522802648308
2113,212.03527916930759,0.061030069075574199,kepler:kplr011904151-2009231120729_slc.fits,1.0000201816093468,0.99997723691304918,0.99997781775827721,0.58084522802648308
2114,289.92191902814375,0.061034827911727797,kepler:kplr011904151-2009291181958_slc.fits,1.0000107442504165,0.99997723691304918,0.99997781775827721,0.58084522802648308
2115,330.1217344546676,0.061296654435581702,kepler:kplr011904151-2009350160919_slc.fits,1.0000643965876559,0.99997723691304918,0.99997781775827721,0.58084522802648308
2116,279.87229708713858,0.061301286906557402,kepler:kplr011904151-2009291181958_slc.fits,1.0002533280887169,0.99997723691304918,0.99997781775827721,0.58084522802648308
2117,227.11042954125881,0.061347841026799799,kepler:kplr011904151-2009231120729_slc.fits,1.0003556021113125,0.99997723691304918,0.99997781775827721,0.58084522802648308
2118,341.84689879288635,0.061591192654327998,kepler:kplr011904151-2009350160919_slc.fits,1.0002055605865257,0.99997723691304918,0.99997781775827721,0.58084522802648308
2119,287.41002587669209,0.061613776460068999,kepler:kplr011904151-2009291181958_slc.fits,0.99996471923444885,0.99997723691304918,0.99997781775827721,0.58084522802648308
2120,227.9481995089518,0.0616271087197919,kepler:kplr011904151-2009231120729_slc.fits,1.0002730981122476,0.99997723691304918,0.99997781775827721,0.58084522802648308
2121,338.4972364548521,0.061891654620078201,kepler:kplr011904151-2009350160919_slc.fits,1.0004870347697554,0.99997723691304918,0.99997781775827721,0.58084522802648308
2122,228.7859690336918,0.061905933459788898,kepler:kplr011904151-2009231120729_slc.fits,1.0000539552812169,0.99997723691304918,0.99997781775827721,0.58084522802648308
2123,268.98557871481898,0.061962014586965701,kepler:kplr011904151-2009291181958_slc.fits,1.0000207264972572,0.99997723691304918,0.99997781775827721,0.58084522802648308
2124,229.6237382163963,0.0621844161642943,kepler:kplr011904151-2009231120729_slc.fits,1.0002251578124643,0.99997723691304918,0.99997781775827721,0.58084522802648308
2125,330.96016912999039,0.062240629758368998,kepler:kplr011904151-2009350160919_slc.fits,1.0002087861080051,0.99997723691304918,0.99997781775827721,0.58084522802648308
2126,261.44849499366683,0.062294593434815498,kepler:kplr011904151-2009291181958_slc.fits,0.99983346411854723,0.99997723691304918,0.99997781775827721,0.58084522802648308
2127,220.41166321810303,0.062507117871019702,kepler:kplr011904151-2009231120729_slc.fits,0.99979100183914804,0.99997723691304918,0.99997781775827721,0.58084522802648308
2128,346.87276215905149,0.062510358819467898,kepler:kplr011904151-2009350160919_slc.fits,0.99893944853752559,0.99997723691304918,0.99997781775827721,0.58084522802648308
2129,273.17367251780524,0.062602317573224597,kepler:kplr011904151-2009291181958_slc.fits,0.99974249994170683,0.99997723691304918,0.99997781775827721,0.58084522802648308
2130,211.19954645755931,0.062788057327296004,kepler:kplr011904151-2009231120729_slc.fits,1.0000847483951223,0.99997723691304918,0.99997781775827721,0.58084522802648308
2131,339.33567340503942,0.062837904807393402,kepler:kplr011904151-2009350160919_slc.fits,1.0003945381979156,0.99997723691304918,0.99997781775827721,0.58084522802648308
2132,265.63659827275114,0.0629443725191247,kepler:kplr011904151-2009291181958_slc.fits,0.99980309827605862,0.99997723691304918,0.99997781775827721,0.58084522802648308
2133,212.0373224667492,0.063073366517190907,kepler:kplr011904151-2009231120729_slc.fits,0.999794054217786,0.99997723691304918,0.99997781775827721,0.58084522802648308
2134,325.0986212354473,0.063127635215275604,kepler:kplr011904151-2009350160919_slc.fits,0.99957184048407399,0.99997723691304918,0.99997781775827721,0.58084522802648308
2135,262.2869335725627,0.063242472330690802,kepler:kplr011904151-2009291181958_slc.fits,0.99987746982503956,0.99997723691304918,0.99997781775827721,0.58084522802648308
2136,212.8750987238964,0.0633589236643885,kepler:kplr011904151-2009231120729_slc.fits,1.0001447186577723,0.99997723691304918,0.99997781775827721,0.58084522802648308
2137,336.82376945164287,0.063406051410852898,kepler:kplr011904151-2009350160919_slc.fits,1.0000181008675968,0.99997723691304918,0.99997781775827721,0.58084522802648308
2138,284.89949409392284,0.063554093690820296,kepler:kplr011904151-2009291181958_slc.fits,1.0003384057879356,0.99997723691304918,0.99997781775827721,0.58084522802648308
2139,207.85048000482493,0.063684404592919394,kepler:kplr011904151-2009231120729_slc.fits,0.99991805261115763,0.99997723691304918,0.99997781775827721,0.58084522802648308
2140,333.47411251867743,0.063711918445408203,kepler:kplr011904151-2009350160919_slc.fits,1.0003670263970603,0.99997723691304918,0.99997781775827721,0.58084522802648308
2141,281.54984637209418,0.063869171862160401,kepler:kplr011904151-2009291181958_slc.fits,0.99959190898507377,0.99997723691304918,0.99997781775827721,0.58084522802648308
2142,345.19928966461163,0.064019264379604396,kepler:kplr011904151-2009350160919_slc.fits,0.99946122407098137,0.99997723691304918,0.99997781775827721,0.58084522802648308
2143,222.92566149459159,0.064033294359584006,kepler:kplr011904151-2009231120729_slc.fits,0.99991812443183115,0.99997723691304918,0.99997781775827721,0.58084522802648308
2144,289.08757275476819,0.064179254536169197,kepler:kplr011904151-2009291181958_slc.fits,0.99970285670568482,0.99997723691304918,0.99997781775827721,0.58084522802648308
2145,341.84962332495343,0.064315724721405204,kepler:kplr011904151-2009350160919_slc.fits,1.0001733812663531,0.99997723691304918,0.99997781775827721,0.58084522802648308
2146,227.95092388380729,0.064351483575281407,kepler:kplr011904151-2009231120729_slc.fits,1.0000861848085989,0.99997723691304918,0.99997781775827721,0.58084522802648308
2147,279.03794938534702,0.064444285115,kepler:kplr011904151-2009291181958_slc.fits,1.0003136406717277,0.99997723691304918,0.99997781775827721,0.58084522802648308
2148,338.49996098381234,0.064616183580321604,kepler:kplr011904151-2009350160919_slc.fits,1.0005917503759061,0.99997723691304918,0.99997781775827721,0.58084522802648308
2149,228.78869350737659,0.064630407144582194,kepler:kplr011904151-2009231120729_slc.fits,0.99997827424616581,0.99997723691304918,0.99997781775827721,0.58084522802648308
2150,275.68829728688434,0.064754986652315993,kepler:kplr011904151-2009291181958_slc.fits,0.99994662164952763,0.99997723691304918,0.99997781775827721,0.58084522802648308
2151,219.57661471115719,0.064949310925180997,kepler:kplr011904151-2009231120729_slc.fits,1.0001743446857281,0.99997723691304918,0.99997781775827721,0.58084522802648308
2152,330.96289365287521,0.064965152643187807,kepler:kplr011904151-2009350160919_slc.fits,1.0003665520556664,0.99997723691304918,0.99997781775827721,0.58084522802648308
2153,272.33864232903579,0.065062828803773301,kepler:kplr011904151-2009291181958_slc.fits,0.99975583500428045,0.99997723691304918,0.99997781775827721,0.58084522802648308
2154,346.87548659629829,0.065234796066265505,kepler:kplr011904151-2009350160919_slc.fits,0.99930971942972158,0.99997723691304918,0.99997781775827721,0.58084522802648308
2155,204.50208904832107,0.065256248089056598,kepler:kplr011904151-2009231120729_slc.fits,1.0001817781254696,0.99997723691304918,0.99997781775827721,0.58084522802648308
2156,260.61414276972209,0.065433069490081694,kepler:kplr011904151-2009291181958_slc.fits,1.0000873065596774,0.99997723691304918,0.99997781775827721,0.58084522802648308
2157,328.45099515659967,0.065538756367652995,kepler:kplr011904151-2009350160919_slc.fits,1.0000088986445523,0.99997723691304918,0.99997781775827721,0.58084522802648308
2158,205.33986846265179,0.065544962419782096,kepler:kplr011904151-2009231120729_slc.fits,0.99988068790559603,0.99997723691304918,0.99997781775827721,0.58084522802648308
2159,268.15190976713347,0.065783766901455806,kepler:kplr011904151-2009291181958_slc.fits,1.0000050292235994,0.99997723691304918,0.99997781775827721,0.58084522802648308
2160,340.17615383904194,0.065827638809922803,kepler:kplr011904151-2009350160919_slc.fits,1.0000951339099906,0.99997723691304918,0.99997781775827721,0.58084522802648308
2161,226.27742708939331,0.065836089161303193,kepler:kplr011904151-2009231120729_slc.fits,1.0001835018216418,0.99997723691304918,0.99997781775827721,0.58084522802648308
2162,268.98966530771577,0.066048607483748897,kepler:kplr011904151-2009291181958_slc.fits,0.99985841973564882,0.99997723691304918,0.99997781775827721,0.58084522802648308
2163,201.15301151925087,0.066141519018856301,kepler:kplr011904151-2009231120729_slc.fits,1.0003125994828554,0.99997723691304918,0.99997781775827721,0.58084522802648308
2164,332.63908258088486,0.066172680652838795,kepler:kplr011904151-2009350160919_slc.fits,0.99968871820356797,0.99997723691304918,0.99997781775827721,0.58084522802648308
2165,261.45258159657533,0.066381196343316504,kepler:kplr011904151-2009291181958_slc.fits,1.0005670830609807,0.99997723691304918,0.99997781775827721,0.58084522802648308
2166,348.55168464001326,0.066451439781241406,kepler:kplr011904151-2009350160919_slc.fits,0.99962610513955341,0.99997723691304918,0.99997781775827721,0.58084522802648308
2167,222.09061383327929,0.066476333047281899,kepler:kplr011904151-2009231120729_slc.fits,0.99984174314521079,0.99997723691304918,0.99997781775827721,0.58084522802648308
2168,277.36516701690562,0.066643316673596603,kepler:kplr011904151-2009291181958_slc.fits,0.99996281422550959,0.99997723691304918,0.99997781775827721,0.58084522802648308
2169,330.12718319925625,0.066745399024229699,kepler:kplr011904151-2009350160919_slc.fits,1.0001577469740053,0.99997723691304918,0.99997781775827721,0.58084522802648308
2170,212.87850421807525,0.066764417843238194,kepler:kplr011904151-2009231120729_slc.fits,0.99961629805005081,0.99997723691304918,0.99997781775827721,0.58084522802648308
2171,274.01551352705428,0.066952626822262204,kepler:kplr011904151-2009291181958_slc.fits,1.0003549603156161,0.99997723691304918,0.99997781775827721,0.58084522802648308
2172,207.8538856076193,0.067090007387292802,kepler:kplr011904151-2009231120729_slc.fits,0.99988329140502241,0.99997723691304918,0.99997781775827721,0.58084522802648308
2173,333.47751802460698,0.067117424374957907,kepler:kplr011904151-2009350160919_slc.fits,0.9998427842883556,0.99997723691304918,0.99997781775827721,0.58084522802648308
2174,288.25322648266592,0.067323682433903104,kepler:kplr011904151-2009291181958_slc.fits,0.99984775168559004,0.99997723691304918,0.99997781775827721,0.58084522802648308
2175,218.74156575588859,0.067391055656576798,kepler:kplr011904151-2009231120729_slc.fits,0.99954167636993896,0.99997723691304918,0.99997781775827721,0.58084522802648308
2176,349.39012473230832,0.067400832076300404,kepler:kplr011904151-2009350160919_slc.fits,0.99934814108263958,0.99997723691304918,0.99997781775827721,0.58084522802648308
2177,274.01619470819423,0.067633807962215103,kepler:kplr011904151-2009291181958_slc.fits,1.0001407420604185,0.99997723691304918,0.99997781775827721,0.58084522802648308
2178,326.77821338362264,0.067738383390620799,kepler:kplr011904151-2009350160919_slc.fits,1.0004765992590865,0.99997723691304918,0.99997781775827721,0.58084522802648308
2179,227.95432945260839,0.0677570523763808,kepler:kplr011904151-2009231120729_slc.fits,1.0001267634893145,0.99997723691304918,0.99997781775827721,0.58084522802648308
2180,266.47912225861364,0.067977658381623798,kepler:kplr011904151-2009291181958_slc.fits,1.0001005463718038,0.99997723691304918,0.99997781775827721,0.58084522802648308
2181,334.31595366817783,0.068062367945804697,kepler:kplr011904151-2009350160919_slc.fits,1.0002641891828303,0.99997723691304918,0.99997781775827721,0.58084522802648308
2182,218.74224675262667,0.068072052394659993,kepler:kplr011904151-2009231120729_slc.fits,0.99965077197349039,0.99997723691304918,0.99997781775827721,0.58084522802648308
2183,289.09165932903852,0.068265828806501005,kepler:kplr011904151-2009291181958_slc.fits,1.0003449590186859,0.99997723691304918,0.99997781775827721,0.58084522802648308
2184,335.15370823573903,0.068326235507010197,kepler:kplr011904151-2009350160919_slc.fits,0.99971319421950122,0.99997723691304918,0.99997781775827721,0.58084522802648308
2185,209.53012238329401,0.068345383062002399,kepler:kplr011904151-2009231120729_slc.fits,1.0002098959192751,0.99997723691304918,0.99997781775827721,0.58084522802648308
2186,263.96721551357768,0.068543013345673004,kepler:kplr011904151-2009291181958_slc.fits,1.000482233962835,0.99997723691304918,0.99997781775827721,0.58084522802648308
2187,335.99146321348235,0.068590513250326099,kepler:kplr011904151-2009350160919_slc.fits,0.99973235761182078,0.99997723691304918,0.99997781775827721,0.58084522802648308
2188,224.60529110753851,0.068681507306495193,kepler:kplr011904151-2009231120729_slc.fits,1.0002044375480641,0.99997723691304918,0.99997781775827721,0.58084522802648308
2189,275.69238387209771,0.068841571865687998,kepler:kplr011904151-2009291181958_slc.fits,1.0001948443142876,0.99997723691304918,0.99997781775827721,0.58084522802648308
2190,347.71665045739064,0.068907957158620095,kepler:kplr011904151-2009350160919_slc.fits,0.99923441299000237,0.99997723691304918,0.99997781775827721,0.58084522802648308
2191,209.5308034832924,0.069026483060390803,kepler:kplr011904151-2009231120729_slc.fits,1.0002231827439341,0.99997723691304918,0.99997781775827721,0.58084522802648308
2192,272.34272891785804,0.069149417626020296,kepler:kplr011904151-2009291181958_slc.fits,1.0000340615598309,0.99997723691304918,0.99997781775827721,0.58084522802648308
2193,344.3669808156119,0.069201115379874098,kepler:kplr011904151-2009350160919_slc.fits,0.99946463932901863,0.99997723691304918,0.99997781775827721,0.58084522802648308
2194,224.60597230241547,0.069362702183456096,kepler:kplr011904151-2009231120729_slc.fits,1.000024059925734,0.99997723691304918,0.99997781775827721,0.58084522802648308
2195,284.06787176593934,0.069422465707324493,kepler:kplr011904151-2009291181958_slc.fits,0.99994624064773963,0.99997723691304918,0.99997781775827721,0.58084522802648308
2196,330.12990762155096,0.069469821318934394,kepler:kplr011904151-2009350160919_slc.fits,0.99974563917085402,0.99997723691304918,0.99997781775827721,0.58084522802648308
2197,225.44374310178679,0.069642801554783404,kepler:kplr011904151-2009231120729_slc.fits,0.99995277790695536,0.99997723691304918,0.99997781775827721,0.58084522802648308
2198,269.83082624421513,0.069718843983112594,kepler:kplr011904151-2009291181958_slc.fits,0.99990661646180723,0.99997723691304918,0.99997781775827721,0.58084522802648308
2199,326.78025672371587,0.069781723483844205,kepler:kplr011904151-2009350160919_slc.fits,0.99992418127157479,0.99997723691304918,0.99997781775827721,0.58084522802648308
2200,226.28151365516533,0.069922654933316494,kepler:kplr011904151-2009231120729_slc.fits,1.0001730160032622,0.99997723691304918,0.99997781775827721,0.58084522802648308
2201,266.48116560669587,0.070021006463848595,kepler:kplr011904151-2009291181958_slc.fits,1.0007360573538755,0.99997723691304918,0.99997781775827721,0.58084522802648308
2202,334.31799701224372,0.070105712011701002,kepler:kplr011904151-2009350160919_slc.fits,1.0001075616545148,0.99997723691304918,0.99997781775827721,0.58084522802648308
2203,207.0195129475396,0.070208047307584495,kepler:kplr011904151-2009231120729_slc.fits,1.0005853384917336,0.99997723691304918,0.99997781775827721,0.58084522802648308
2204,289.09370276617119,0.070309265939171001,kepler:kplr011904151-2009291181958_slc.fits,1.0001243589835422,0.99997723691304918,0.99997781775827721,0.58084522802648308
2205,330.96834249863605,0.070413998404026401,kepler:kplr011904151-2009350160919_slc.fits,0.99989090147936843,0.99997723691304918,0.99997781775827721,0.58084522802648308
2206,217.90719754881863,0.070513548586619706,kepler:kplr011904151-2009231120729_slc.fits,1.0000512620059478,0.99997723691304918,0.99997781775827721,0.58084522802648308
2207,263.96925886339886,0.070586363166851698,kepler:kplr011904151-2009291181958_slc.fits,1.0001229111767485,0.99997723691304918,0.99997781775827721,0.58084522802648308
2208,346.88093547074823,0.070683670516204999,kepler:kplr011904151-2009350160919_slc.fits,0.99932802900753204,0.99997723691304918,0.99997781775827721,0.58084522802648308
2209,222.93247254872404,0.070844348492025505,kepler:kplr011904151-2009231120729_slc.fits,1.0001402298656581,0.99997723691304918,0.99997781775827721,0.58084522802648308
2210,275.69442721470841,0.070884914476392696,kepler:kplr011904151-2009291181958_slc.fits,1.0002383928186347,0.99997723691304918,0.99997781775827721,0.58084522802648308
2211,343.53126701032306,0.070978010091041099,kepler:kplr011904151-2009350160919_slc.fits,1.0000657247435594,0.99997723691304918,0.99997781775827721,0.58084522802648308
2212,203.67043950313385,0.071097402901837997,kepler:kplr011904151-2009231120729_slc.fits,1.0000212948297915,0.99997723691304918,0.99997781775827721,0.58084522802648308
2213,272.34477226233139,0.071192762099370199,kepler:kplr011904151-2009291181958_slc.fits,0.99975135823327355,0.99997723691304918,0.99997781775827721,0.58084522802648308
2214,325.10679439287924,0.071300792647216199,kepler:kplr011904151-2009350160919_slc.fits,0.99961813620413342,0.99997723691304918,0.99997781775827721,0.58084522802648308
2215,208.6957503226368,0.071464022404786207,kepler:kplr011904151-2009231120729_slc.fits,1.0002492177381983,0.99997723691304918,0.99997781775827721,0.58084522802648308
2216,284.069915004824,0.0714657045919775,kepler:kplr011904151-2009291181958_slc.fits,1.0001373130443278,0.99997723691304918,0.99997781775827721,0.58084522802648308
2217,347.7193748955105,0.071632395278475799,kepler:kplr011904151-2009350160919_slc.fits,0.99922633021264762,0.99997723691304918,0.99997781775827721,0.58084522802648308
2218,209.5335278832936,0.071750883061589804,kepler:kplr011904151-2009231120729_slc.fits,1.0000084389291757,0.99997723691304918,0.99997781775827721,0.58084522802648308
2219,265.64545264992921,0.071798749697192493,kepler:kplr011904151-2009291181958_slc.fits,1.000403442793115,0.99997723691304918,0.99997781775827721,0.58084522802648308
2220,344.36970535021101,0.071925649978984596,kepler:kplr011904151-2009350160919_slc.fits,0.99978434542860883,0.99997723691304918,0.99997781775827721,0.58084522802648308
2221,220.42119886595171,0.072042765719698906,kepler:kplr011904151-2009231120729_slc.fits,1.0000010773101076,0.99997723691304918,0.99997781775827721,0.58084522802648308
2222,288.25799433644715,0.072091536215134797,kepler:kplr011904151-2009291181958_slc.fits,0.9999828930197272,0.99997723691304918,0.99997781775827721,0.58084522802648308
2223,341.02004002921603,0.072223128984011994,kepler:kplr011904151-2009350160919_slc.fits,1.0000189736557621,0.99997723691304918,0.99997781775827721,0.58084522802648308
2224,205.34667967685527,0.0723561766232627,kepler:kplr011904151-2009231120729_slc.fits,0.99977933097965044,0.99997723691304918,0.99997781775827721,0.58084522802648308
2225,274.0209623763003,0.072401476068284495,kepler:kplr011904151-2009291181958_slc.fits,1.0002900947612408,0.99997723691304918,0.99997781775827721,0.58084522802648308
2226,326.78298114383506,0.072506143603037601,kepler:kplr011904151-2009350160919_slc.fits,1.0001752027373063,0.99997723691304918,0.99997781775827721,0.58084522802648308
2227,206.18445873892051,0.072644538688500404,kepler:kplr011904151-2009231120729_slc.fits,0.99961935042868877,0.99997723691304918,0.99997781775827721,0.58084522802648308
2228,281.55870061132737,0.072723411095347801,kepler:kplr011904151-2009291181958_slc.fits,1.0000067056314654,0.99997723691304918,0.99997781775827721,0.58084522802648308
2229,334.32072133765905,0.072830037427029995,kepler:kplr011904151-2009350160919_slc.fits,0.99956633812390305,0.99997723691304918,0.99997781775827721,0.58084522802648308
2230,207.02223735103323,0.072932450801214799,kepler:kplr011904151-2009231120729_slc.fits,1.0000832401609718,0.99997723691304918,0.99997781775827721,0.58084522802648308
2231,289.09642718235409,0.073033682122071397,kepler:kplr011904151-2009291181958_slc.fits,0.9999802641073916,0.99997723691304918,0.99997781775827721,0.58084522802648308
2232,324.2710851667216,0.073082266489583603,kepler:kplr011904151-2009350160919_slc.fits,0.9999349962553592,0.99997723691304918,0.99997781775827721,0.58084522802648308
2233,207.86001571273664,0.073220112504628704,kepler:kplr011904151-2009231120729_slc.fits,1.0002637614246492,0.99997723691304918,0.99997781775827721,0.58084522802648308
2234,263.97198329634563,0.073310796113615198,kepler:kplr011904151-2009291181958_slc.fits,1.0000059817280689,0.99997723691304918,0.99997781775827721,0.58084522802648308
2235,338.50881525293522,0.073470452703199698,kepler:kplr011904151-2009350160919_slc.fits,1.0006172889165617,0.99997723691304918,0.99997781775827721,0.58084522802648308
2236,218.7476957274848,0.073521027252786197,kepler:kplr011904151-2009231120729_slc.fits,1.0000874416703911,0.99997723691304918,0.99997781775827721,0.58084522802648308
2237,275.69715173810982,0.073609437877804496,kepler:kplr011904151-2009291181958_slc.fits,1.0000563501644175,0.99997723691304918,0.99997781775827721,0.58084522802648308
2238,339.34657112389687,0.073735623664843403,kepler:kplr011904151-2009350160919_slc.fits,1.0004068710741607,0.99997723691304918,0.99997781775827721,0.58084522802648308
2239,219.58546916644991,0.073803766217901398,kepler:kplr011904151-2009231120729_slc.fits,0.99987316469001242,0.99997723691304918,0.99997781775827721,0.58084522802648308
2240,268.16008295491338,0.073956954681358697,kepler:kplr011904151-2009291181958_slc.fits,1.0002162566147623,0.99997723691304918,0.99997781775827721,0.58084522802648308
2241,335.99691206704301,0.074039366810991297,kepler:kplr011904151-2009350160919_slc.fits,1.0002880959890903,0.99997723691304918,0.99997781775827721,0.58084522802648308
2242,224.61074006632407,0.074130466092059394,kepler:kplr011904151-2009231120729_slc.fits,1.000187631510387,0.99997723691304918,0.99997781775827721,0.58084522802648308
2243,279.88523801053816,0.074242210306140394,kepler:kplr011904151-2009291181958_slc.fits,0.99988051783934195,0.99997723691304918,0.99997781775827721,0.58084522802648308
2244,343.53467252749402,0.074383527262002105,kepler:kplr011904151-2009350160919_slc.fits,0.99996914883573096,0.99997723691304918,0.99997781775827721,0.58084522802648308
2245,215.39864205168124,0.074430151449224199,kepler:kplr011904151-2009231120729_slc.fits,0.99977351350507004,0.99997723691304918,0.99997781775827721,0.58084522802648308
2246,287.42296678169805,0.0745546814660311,kepler:kplr011904151-2009291181958_slc.fits,1.0001498099029682,0.99997723691304918,0.99997781775827721,0.58084522802648308
2247,344.37242968481587,0.074649984583848195,kepler:kplr011904151-2009350160919_slc.fits,0.99958379388720398,0.99997723691304918,0.99997781775827721,0.58084522802648308
2248,200.32408500967719,0.074705709445179694,kepler:kplr011904151-2009231120729_slc.fits,1.0000310624414326,0.99997723691304918,0.99997781775827721,0.58084522802648308
2249,273.18593228147802,0.0748620812459979,kepler:kplr011904151-2009291181958_slc.fits,0.99986699227587461,0.99997723691304918,0.99997781775827721,0.58084522802648308
2250,330.13535646614042,0.0749186659084006,kepler:kplr011904151-2009350160919_slc.fits,0.99983339232875357,0.99997723691304918,0.99997781775827721,0.58084522802648308
2251,201.16186615580227,0.074996155570261097,kepler:kplr011904151-2009231120729_slc.fits,1.000063920399711,0.99997723691304918,0.99997781775827721,0.58084522802648308
2252,341.86052095329802,0.0752133530659993,kepler:kplr011904151-2009350160919_slc.fits,0.99994562150258604,0.99997723691304918,0.99997781775827721,0.58084522802648308
2253,276.53626766924572,0.075234669013697797,kepler:kplr011904151-2009291181958_slc.fits,1.000098450861971,0.99997723691304918,0.99997781775827721,0.58084522802648308
2254,201.9996467564124,0.075286056180391997,kepler:kplr011904151-2009231120729_slc.fits,1.0004211384761843,0.99997723691304918,0.99997781775827721,0.58084522802648308
2255,327.62345848159021,0.075492781358184005,kepler:kplr011904151-2009350160919_slc.fits,1.0001042412647565,0.99997723691304918,0.99997781775827721,0.58084522802648308
2256,277.37402126440429,0.075497564172271894,kepler:kplr011904151-2009291181958_slc.fits,1.0000044386708282,0.99997723691304918,0.99997781775827721,0.58084522802648308
2257,222.93724041659152,0.075612216359511195,kepler:kplr011904151-2009231120729_slc.fits,0.99988939616229822,0.99997723691304918,0.99997781775827721,0.58084522802648308
2258,324.27380948541395,0.075806585181927802,kepler:kplr011904151-2009350160919_slc.fits,0.99987295240101737,0.99997723691304918,0.99997781775827721,0.58084522802648308
2259,284.91175402476802,0.0758140245359957,kepler:kplr011904151-2009291181958_slc.fits,1.000082258285989,0.99997723691304918,0.99997781775827721,0.58084522802648308
2260,213.72513480269845,0.075904302466437201,kepler:kplr011904151-2009231120729_slc.fits,1.0000584440733311,0.99997723691304918,0.99997781775827721,0.58084522802648308
2261,331.81154502581194,0.076125825579916595,kepler:kplr011904151-2009350160919_slc.fits,1.0000543405501023,0.99997723691304918,0.99997781775827721,0.58084522802648308
2262,281.562106010977,0.076128810744984607,kepler:kplr011904151-2009291181958_slc.fits,0.99951647063108684,0.99997723691304918,0.99997781775827721,0.58084522802648308
2263,228.80027249632249,0.076209396090510098,kepler:kplr011904151-2009231120729_slc.fits,1.0002572975640045,0.99997723691304918,0.99997781775827721,0.58084522802648308
2264,343.53671587780991,0.076426877577889102,kepler:kplr011904151-2009350160919_slc.fits,1.0001298557000351,0.99997723691304918,0.99997781775827721,0.58084522802648308
2265,289.09983257746359,0.076439077231567495,kepler:kplr011904151-2009291181958_slc.fits,0.99978240987898004,0.99997723691304918,0.99997781775827721,0.58084522802648308
2266,215.40068534562303,0.076473445391019995,kepler:kplr011904151-2009231120729_slc.fits,0.99959554187531319,0.99997723691304918,0.99997781775827721,0.58084522802648308
2267,344.37447303575027,0.076693335518248404,kepler:kplr011904151-2009350160919_slc.fits,0.99987987778537035,0.99997723691304918,0.99997781775827721,0.58084522802648308
2268,200.32612831898587,0.0767490187538548,kepler:kplr011904151-2009231120729_slc.fits,0.99982357251473075,0.99997723691304918,0.99997781775827721,0.58084522802648308
2269,285.75018722108507,0.076756520853050902,kepler:kplr011904151-2009291181958_slc.fits,1.0000761622573839,0.99997723691304918,0.99997781775827721,0.58084522802648308
2270,341.02480770896364,0.0769908087316135,kepler:kplr011904151-2009350160919_slc.fits,1.0001605930223696,0.99997723691304918,0.99997781775827721,0.58084522802648308
2271,217.0762345803887,0.077041280156690206,kepler:kplr011904151-2009231120729_slc.fits,0.99982547576258762,0.99997723691304918,0.99997781775827721,0.58084522802648308
2272,282.40053984001133,0.077071939779313994,kepler:kplr011904151-2009291181958_slc.fits,1.0002430410404459,0.99997723691304918,0.99997781775827721,0.58084522802648308
2273,341.86256420236896,0.077256602136935998,kepler:kplr011904151-2009350160919_slc.fits,0.99994190266605643,0.99997723691304918,0.99997781775827721,0.58084522802648308
2274,202.001690164092,0.077329463859985695,kepler:kplr011904151-2009231120729_slc.fits,1.0002744627050504,0.99997723691304918,0.99997781775827721,0.58084522802648308
2275,289.93826532313687,0.077381122904855104,kepler:kplr011904151-2009291181958_slc.fits,1.0000377763272621,0.99997723691304918,0.99997781775827721,0.58084522802648308
2276,349.40034130733693,0.077617407104907998,kepler:kplr011904151-2009350160919_slc.fits,0.99923448888462518,0.99997723691304918,0.99997781775827721,0.58084522802648308
2277,202.83947061732039,0.077619217088376005,kepler:kplr011904151-2009231120729_slc.fits,1.000285576954326,0.99997723691304918,0.99997781775827721,0.58084522802648308
2278,260.62640268240648,0.077692982174466907,kepler:kplr011904151-2009291181958_slc.fits,0.99972545011170244,0.99997723691304918,0.99997781775827721,0.58084522802648308
2279,219.58955584572689,0.077890445494881805,kepler:kplr011904151-2009231120729_slc.fits,0.99993302722165145,0.99997723691304918,0.99997781775827721,0.58084522802648308
2280,330.97583448658406,0.077905986352041198,kepler:kplr011904151-2009350160919_slc.fits,1.0002082168983324,0.99997723691304918,0.99997781775827721,0.58084522802648308
2281,287.42637227762322,0.077960177391195901,kepler:kplr011904151-2009291181958_slc.fits,1.0001563631337185,0.99997723691304918,0.99997781775827721,0.58084522802648308
2282,220.4273288324257,0.078172732193690905,kepler:kplr011904151-2009231120729_slc.fits,1.0000431821801421,0.99997723691304918,0.99997781775827721,0.58084522802648308
2283,338.5135829286009,0.078238128368875295,kepler:kplr011904151-2009350160919_slc.fits,1.0007912773398997,0.99997723691304918,0.99997781775827721,0.58084522802648308
2284,273.18933788799768,0.078267687765661606,kepler:kplr011904151-2009291181958_slc.fits,0.99971165784698357,0.99997723691304918,0.99997781775827721,0.58084522802648308
2285,211.21521234428656,0.078453944054544394,kepler:kplr011904151-2009231120729_slc.fits,1.0003945468716979,0.99997723691304918,0.99997781775827721,0.58084522802648308
2286,335.16392495855689,0.078542958324868906,kepler:kplr011904151-2009350160919_slc.fits,1.0002362220142371,0.99997723691304918,0.99997781775827721,0.58084522802648308
2287,265.65226357856591,0.078609678333888697,kepler:kplr011904151-2009291181958_slc.fits,0.99975071053023445,0.99997723691304918,0.99997781775827721,0.58084522802648308
2288,206.19058884892729,0.078774648695279795,kepler:kplr011904151-2009231120729_slc.fits,1.0000960601512507,0.99997723691304918,0.99997781775827721,0.58084522802648308
2289,327.6268639823902,0.078898282158183605,kepler:kplr011904151-2009350160919_slc.fits,1.000336289074726,0.99997723691304918,0.99997781775827721,0.58084522802648308
2290,277.37742686731508,0.078903167083060596,kepler:kplr011904151-2009291181958_slc.fits,0.99961495959323676,0.99997723691304918,0.99997781775827721,0.58084522802648308
2291,227.12813848549561,0.079056785263601201,kepler:kplr011904151-2009231120729_slc.fits,1.0001833222699572,0.99997723691304918,0.99997781775827721,0.58084522802648308
2292,328.46461726247071,0.079160862238689206,kepler:kplr011904151-2009350160919_slc.fits,1.0001156254582138,0.99997723691304918,0.99997781775827721,0.58084522802648308
2293,284.91515942232218,0.079219422090156699,kepler:kplr011904151-2009291181958_slc.fits,1.0001596968993618,0.99997723691304918,0.99997781775827721,0.58084522802648308
2294,207.86614571762769,0.079350117395676906,kepler:kplr011904151-2009231120729_slc.fits,1.0000763992417891,0.99997723691304918,0.99997781775827721,0.58084522802648308
2295,325.11496765031188,0.0794740500798614,kepler:kplr011904151-2009350160919_slc.fits,1.0000021629967566,0.99997723691304918,0.99997781775827721,0.58084522802648308
2296,281.56551161062816,0.079534410396144395,kepler:kplr011904151-2009291181958_slc.fits,1.0001009273735917,0.99997723691304918,0.99997781775827721,0.58084522802648308
2297,218.75382579884169,0.0796510986096787,kepler:kplr011904151-2009231120729_slc.fits,0.99965141835955496,0.99997723691304918,0.99997781775827721,0.58084522802648308
2298,343.54012129498005,0.079832294748031801,kepler:kplr011904151-2009350160919_slc.fits,0.99985910163231118,0.99997723691304918,0.99997781775827721,0.58084522802648308
2299,263.14103732502554,0.079855524793524396,kepler:kplr011904151-2009291181958_slc.fits,0.99991899901991121,0.99997723691304918,0.99997781775827721,0.58084522802648308
2300,219.59159913525207,0.079933735020114499,kepler:kplr011904151-2009231120729_slc.fits,0.99979423376947041,0.99997723691304918,0.99997781775827721,0.58084522802648308
2301,344.37787855402712,0.080098853795098096,kepler:kplr011904151-2009350160919_slc.fits,0.99987418568864195,0.99997723691304918,0.99997781775827721,0.58084522802648308
2302,274.86620859963296,0.080156999400935902,kepler:kplr011904151-2009291181958_slc.fits,0.99971201979868196,0.99997723691304918,0.99997781775827721,0.58084522802648308
2303,204.51707378580613,0.080240985574121695,kepler:kplr011904151-2009231120729_slc.fits,0.99980231359527638,0.99997723691304918,0.99997781775827721,0.58084522802648308
2304,341.02821322307136,0.080396322839339604,kepler:kplr011904151-2009350160919_slc.fits,1.000516728541023,0.99997723691304918,0.99997781775827721,0.58084522802648308
2305,267.32913812340848,0.080502823176464802,kepler:kplr011904151-2009291181958_slc.fits,0.99963105691877163,0.99997723691304918,0.99997781775827721,0.58084522802648308
2306,205.3548531936176,0.080529693385589199,kepler:kplr011904151-2009231120729_slc.fits,1.0000693069502484,0.99997723691304918,0.99997781775827721,0.58084522802648308
2307,341.86596981747425,0.080662217242229703,kepler:kplr011904151-2009350160919_slc.fits,0.99991023563458958,0.99997723691304918,0.99997781775827721,0.58084522802648308
2308,263.97947541194299,0.080802911710973604,kepler:kplr011904151-2009291181958_slc.fits,0.99952569087435195,0.99997723691304918,0.99997781775827721,0.58084522802648308
2309,206.19263215242245,0.080817952190436401,kepler:kplr011904151-2009231120729_slc.fits,0.99988248342244201,0.99997723691304918,0.99997781775827721,0.58084522802648308
2310,338.51630735756044,0.080962557328413995,kepler:kplr011904151-2009350160919_slc.fits,1.0004618946758708,0.99997723691304918,0.99997781775827721,0.58084522802648308
2311,212.89280779386169,0.081067993629680701,kepler:kplr011904151-2009231120729_slc.fits,1.000043738790364,0.99997723691304918,0.99997781775827721,0.58084522802648308
2312,260.62980830254673,0.081098602314723295,kepler:kplr011904151-2009291181958_slc.fits,0.9999282383132656,0.99997723691304918,0.99997781775827721,0.58084522802648308
2313,339.35406313064595,0.081227630413932703,kepler:kplr011904151-2009350160919_slc.fits,1.0003646546900902,0.99997723691304918,0.99997781775827721,0.58084522802648308
2314,213.73058369129285,0.081353191060838201,kepler:kplr011904151-2009231120729_slc.fits,1.0001104242860173,0.99997723691304918,0.99997781775827721,0.58084522802648308
2315,283.24237902666209,0.081420426430072995,kepler:kplr011904151-2009291181958_slc.fits,1.0001098809156053,0.99997723691304918,0.99997781775827721,0.58084522802648308
2316,325.11701088966947,0.081517289437451596,kepler:kplr011904151-2009350160919_slc.fits,1.0001138419345721,0.99997723691304918,0.99997781775827721,0.58084522802648308
2317,214.56835903644239,0.081637836210376194,kepler:kplr011904151-2009231120729_slc.fits,1.0001186836635081,0.99997723691304918,0.99997781775827721,0.58084522802648308
2318,279.89273009249155,0.081734292259527594,kepler:kplr011904151-2009291181958_slc.fits,0.99989490065683195,0.99997723691304918,0.99997781775827721,0.58084522802648308
2319,332.6547480445588,0.081838144326779202,kepler:kplr011904151-2009350160919_slc.fits,1.0000363155771284,0.99997723691304918,0.99997781775827721,0.58084522802648308
2320,215.40613432956161,0.081922429329598104,kepler:kplr011904151-2009231120729_slc.fits,0.99979692704473921,0.99997723691304918,0.99997781775827721,0.58084522802648308
2321,287.43045895294199,0.082046852709970197,kepler:kplr011904151-2009291181958_slc.fits,0.9999073784653828,0.99997723691304918,0.99997781775827721,0.58084522802648308
2322,329.30509503163921,0.0821479314071904,kepler:kplr011904151-2009350160919_slc.fits,1.0001585059202358,0.99997723691304918,0.99997781775827721,0.58084522802648308
2323,216.24390907063207,0.082206470400059503,kepler:kplr011904151-2009231120729_slc.fits,1.0000662545716104,0.99997723691304918,0.99997781775827721,0.58084522802648308
2324,273.19342447588861,0.082354275656585998,kepler:kplr011904151-2009291181958_slc.fits,1.0000763527582781,0.99997723691304918,0.99997781775827721,0.58084522802648308
2325,336.84284034407028,0.082476943838260597,kepler:kplr011904151-2009350160919_slc.fits,0.99988111107299504,0.99997723691304918,0.99997781775827721,0.58084522802648308
2326,201.1693583870001,0.082488386768091004,kepler:kplr011904151-2009231120729_slc.fits,1.0000723593288861,0.99997723691304918,0.99997781775827721,0.58084522802648308
2327,265.6563502756544,0.082696375422385004,kepler:kplr011904151-2009291181958_slc.fits,0.99992338054047081,0.99997723691304918,0.99997781775827721,0.58084522802648308
2328,337.68059566133161,0.082741561099586705,kepler:kplr011904151-2009350160919_slc.fits,0.99996620791908764,0.99997723691304918,0.99997781775827721,0.58084522802648308
2329,202.00713918435213,0.082778484120115695,kepler:kplr011904151-2009231120729_slc.fits,0.99981190165523315,0.99997723691304918,0.99997781775827721,0.58084522802648308
2330,262.30668549793336,0.0829943977013467,kepler:kplr011904151-2009291181958_slc.fits,0.99977810455877802,0.99997723691304918,0.99997781775827721,0.58084522802648308
2331,334.33093785797246,0.0830465577404364,kepler:kplr011904151-2009350160919_slc.fits,0.999588271669964,0.99997723691304918,0.99997781775827721,0.58084522802648308
2332,202.84491963524488,0.083068235012866795,kepler:kplr011904151-2009231120729_slc.fits,0.99996965576530605,0.99997723691304918,0.99997781775827721,0.58084522802648308
2333,324.28130166179471,0.083298761562693002,kepler:kplr011904151-2009350160919_slc.fits,0.99980616513273524,0.99997723691304918,0.99997781775827721,0.58084522802648308
2334,284.91924599927006,0.083305999038040895,kepler:kplr011904151-2009291181958_slc.fits,1.00027980771297,0.99997723691304918,0.99997781775827721,0.58084522802648308
2335,219.59500481802388,0.083339417791870901,kepler:kplr011904151-2009231120729_slc.fits,1.0002340635760198,0.99997723691304918,0.99997781775827721,0.58084522802648308
2336,336.00644741080032,0.083574710568298002,kepler:kplr011904151-2009350160919_slc.fits,1.0001127794098494,0.99997723691304918,0.99997781775827721,0.58084522802648308
2337,220.43277780262,0.083621702387984997,kepler:kplr011904151-2009231120729_slc.fits,0.99984379003441481,0.99997723691304918,0.99997781775827721,0.58084522802648308
2338,288.26957298150228,0.083670181270258895,kepler:kplr011904151-2009291181958_slc.fits,0.99969173145348078,0.99997723691304918,0.99997781775827721,0.58084522802648308
2339,278.21994805525901,0.083933655026990905,kepler:kplr011904151-2009291181958_slc.fits,0.999681063403422,0.99997723691304918,0.99997781775827721,0.58084522802648308
2340,205.35825880083576,0.083935300603744795,kepler:kplr011904151-2009231120729_slc.fits,0.99997550915022337,0.99997723691304918,0.99997781775827721,0.58084522802648308
2341,324.28198274146416,0.083979841232141,kepler:kplr011904151-2009350160919_slc.fits,0.99998793275493525,0.99997723691304918,0.99997781775827721,0.58084522802648308
2342,200.3336206529784,0.084241352746385403,kepler:kplr011904151-2009231120729_slc.fits,1.0000389627155539,0.99997723691304918,0.99997781775827721,0.58084522802648308
2343,331.81971839631296,0.084299196080943106,kepler:kplr011904151-2009350160919_slc.fits,1.0000598429102734,0.99997723691304918,0.99997781775827721,0.58084522802648308
2344,266.49546864289732,0.084324042665302898,kepler:kplr011904151-2009291181958_slc.fits,1.0001731272123824,0.99997723691304918,0.99997781775827721,0.58084522802648308
2345,217.08372695198341,0.084533651751398098,kepler:kplr011904151-2009231120729_slc.fits,1.0000105935493904,0.99997723691304918,0.99997781775827721,0.58084522802648308
2346,347.73231590173964,0.084573401507617094,kepler:kplr011904151-2009350160919_slc.fits,0.99947735167837903,0.99997723691304918,0.99997781775827721,0.58084522802648308
2347,278.22062913569971,0.084614735467690494,kepler:kplr011904151-2009291181958_slc.fits,0.99963618139281762,0.99997723691304918,0.99997781775827721,0.58084522802648308
2348,212.05911833880964,0.084869238577628098,kepler:kplr011904151-2009231120729_slc.fits,0.99995834400917738,0.99997723691304918,0.99997781775827721,0.58084522802648308
2349,340.19522475248232,0.084898552250295994,kepler:kplr011904151-2009350160919_slc.fits,1.0003679750798486,0.99997723691304918,0.99997781775827721,0.58084522802648308
2350,270.68356555999344,0.084967459761420699,kepler:kplr011904151-2009291181958_slc.fits,0.9999686054526844,0.99997723691304918,0.99997781775827721,0.58084522802648308
2351,227.13426843148045,0.085186731248439701,kepler:kplr011904151-2009231120729_slc.fits,1.0003951034819203,0.99997723691304918,0.99997781775827721,0.58084522802648308
2352,336.84556477157457,0.085201371342550999,kepler:kplr011904151-2009350160919_slc.fits,1.0000262595395746,0.99997723691304918,0.99997781775827721,0.58084522802648308
2353,289.10868680493883,0.085293304706807405,kepler:kplr011904151-2009291181958_slc.fits,1.0000649227046434,0.99997723691304918,0.99997781775827721,0.58084522802648308
2354,227.97203838962739,0.085465989395375502,kepler:kplr011904151-2009231120729_slc.fits,0.99977150252620239,0.99997723691304918,0.99997781775827721,0.58084522802648308
2355,333.49590771675139,0.085507116519368098,kepler:kplr011904151-2009350160919_slc.fits,0.99965065705010936,0.99997723691304918,0.99997781775827721,0.58084522802648308
2356,285.75904145320965,0.085610752977627699,kepler:kplr011904151-2009291181958_slc.fits,1.000099327166083,0.99997723691304918,0.99997781775827721,0.58084522802648308
2357,214.57244592619827,0.085724725966258505,kepler:kplr011904151-2009231120729_slc.fits,0.99990806953749478,0.99997723691304918,0.99997781775827721,0.58084522802648308
2358,345.2210849483381,0.085814548106080496,kepler:kplr011904151-2009350160919_slc.fits,0.9993093589302624,0.99997723691304918,0.99997781775827721,0.58084522802648308
2359,289.10936798398325,0.085974483751227695,kepler:kplr011904151-2009291181958_slc.fits,0.99986889728481376,0.99997723691304918,0.99997781775827721,0.58084522802648308
2360,225.460089871398,0.085989571165987003,kepler:kplr011904151-2009231120729_slc.fits,1.0000769558520115,0.99997723691304918,0.99997781775827721,0.58084522802648308
2361,346.05884274240088,0.086081642168862105,kepler:kplr011904151-2009350160919_slc.fits,0.99943579937226024,0.99997723691304918,0.99997781775827721,0.58084522802648308
2362,274.87233852862119,0.086286928389165796,kepler:kplr011904151-2009291181958_slc.fits,0.99988870937777996,0.99997723691304918,0.99997781775827721,0.58084522802648308
2363,216.24799575666111,0.086293156429100196,kepler:kplr011904151-2009231120729_slc.fits,0.99986210430624201,0.99997723691304918,0.99997781775827721,0.58084522802648308
2364,327.63435616417701,0.086390463944985202,kepler:kplr011904151-2009350160919_slc.fits,1.0001982747027132,0.99997723691304918,0.99997781775827721,0.58084522802648308
2365,201.17344510399559,0.086575103763578895,kepler:kplr011904151-2009231120729_slc.fits,1.0001865542002797,0.99997723691304918,0.99997781775827721,0.58084522802648308
2366,328.47210924573301,0.086652845500987397,kepler:kplr011904151-2009350160919_slc.fits,0.99996459515834801,0.99997723691304918,0.99997781775827721,0.58084522802648308
2367,263.14784835936007,0.086666559128056805,kepler:kplr011904151-2009291181958_slc.fits,0.99979612594334155,0.99997723691304918,0.99997781775827721,0.58084522802648308
2368,212.06116173625199,0.086912636019977896,kepler:kplr011904151-2009231120729_slc.fits,1.0000265736493179,0.99997723691304918,0.99997781775827721,0.58084522802648308
2369,340.19726810038992,0.086941900157897906,kepler:kplr011904151-2009350160919_slc.fits,1.0003343917091498,0.99997723691304918,0.99997781775827721,0.58084522802648308
2370,270.68560890539084,0.087010805158817206,kepler:kplr011904151-2009291181958_slc.fits,1.0000973078566076,0.99997723691304918,0.99997781775827721,0.58084522802648308
2371,325.96021244089206,0.087228140660043196,kepler:kplr011904151-2009350160919_slc.fits,1.0000547959178403,0.99997723691304918,0.99997781775827721,0.58084522802648308
2372,227.13631181354867,0.087230113316662597,kepler:kplr011904151-2009231120729_slc.fits,1.0001535166903166,0.99997723691304918,0.99997781775827721,0.58084522802648308
2373,282.41075633720902,0.087288436977003003,kepler:kplr011904151-2009291181958_slc.fits,1.0000002667012515,0.99997723691304918,0.99997781775827721,0.58084522802648308
2374,337.68536333575321,0.087509235521187195,kepler:kplr011904151-2009350160919_slc.fits,1.0000445880910409,0.99997723691304918,0.99997781775827721,0.58084522802648308
2375,227.97408177076431,0.087509370532304204,kepler:kplr011904151-2009231120729_slc.fits,1.0002881804537522,0.99997723691304918,0.99997781775827721,0.58084522802648308
2376,279.06110681583959,0.087601715607574293,kepler:kplr011904151-2009291181958_slc.fits,0.99984127465519723,0.99997723691304918,0.99997781775827721,0.58084522802648308
2377,228.81185138479489,0.087788284562881402,kepler:kplr011904151-2009231120729_slc.fits,0.9996826244423348,0.99997723691304918,0.99997781775827721,0.58084522802648308
2378,334.33570552747551,0.087814227243489598,kepler:kplr011904151-2009350160919_slc.fits,1.0002056364811489,0.99997723691304918,0.99997781775827721,0.58084522802648308
2379,260.63661924282496,0.087909542592951695,kepler:kplr011904151-2009291181958_slc.fits,0.99975440624757606,0.99997723691304918,0.99997781775827721,0.58084522802648308
2380,324.28606931949616,0.088066419264142895,kepler:kplr011904151-2009350160919_slc.fits,0.99981193312408656,0.99997723691304918,0.99997781775827721,0.58084522802648308
2381,229.64962055702199,0.088066756789979495,kepler:kplr011904151-2009231120729_slc.fits,1.0001633920329689,0.99997723691304918,0.99997781775827721,0.58084522802648308
2382,268.17438608343218,0.088260083200163195,kepler:kplr011904151-2009291181958_slc.fits,0.99978858210794275,0.99997723691304918,0.99997781775827721,0.58084522802648308
2383,216.25003914991248,0.08833654968047,kepler:kplr011904151-2009231120729_slc.fits,1.0003111630693786,0.99997723691304918,0.99997781775827721,0.58084522802648308
2384,331.82380498156999,0.088385781337970898,kepler:kplr011904151-2009350160919_slc.fits,0.99992862110702319,0.99997723691304918,0.99997781775827721,0.58084522802648308
2385,279.89954109435348,0.088545294121461199,kepler:kplr011904151-2009291181958_slc.fits,0.9996715383587268,0.99997723691304918,0.99997781775827721,0.58084522802648308
2386,201.17548851238087,0.088618512148912004,kepler:kplr011904151-2009231120729_slc.fits,0.99996678293835239,0.99997723691304918,0.99997781775827721,0.58084522802648308
2387,347.73640250901371,0.088660008781692598,kepler:kplr011904151-2009350160919_slc.fits,0.99912254431562919,0.99997723691304918,0.99997781775827721,0.58084522802648308
2388,276.5498896835561,0.088856683324083294,kepler:kplr011904151-2009291181958_slc.fits,0.99995967096075999,0.99997723691304918,0.99997781775827721,0.58084522802648308
2389,217.92558777128579,0.088903771053781,kepler:kplr011904151-2009231120729_slc.fits,0.99971494374555958,0.99997723691304918,0.99997781775827721,0.58084522802648308
2390,344.38673294147884,0.088953241246818096,kepler:kplr011904151-2009350160919_slc.fits,0.99992541455919937,0.99997723691304918,0.99997781775827721,0.58084522802648308
2391,284.08762357431988,0.089174274087857996,kepler:kplr011904151-2009291181958_slc.fits,0.99970601902052358,0.99997723691304918,0.99997781775827721,0.58084522802648308
2392,218.76336145460664,0.089186754374628294,kepler:kplr011904151-2009231120729_slc.fits,1.0000500230993243,0.99997723691304918,0.99997781775827721,0.58084522802648308
2393,341.03706759976194,0.089250699529918195,kepler:kplr011904151-2009350160919_slc.fits,1.0004528821893837,0.99997723691304918,0.99997781775827721,0.58084522802648308
2394,269.85057812128071,0.089470721048686003,kepler:kplr011904151-2009291181958_slc.fits,1.0003765821670745,0.99997723691304918,0.99997781775827721,0.58084522802648308
2395,341.87482409680524,0.089516496573219501,kepler:kplr011904151-2009350160919_slc.fits,1.0000871649745706,0.99997723691304918,0.99997781775827721,0.58084522802648308
2396,213.73875707382831,0.089526573596298606,kepler:kplr011904151-2009231120729_slc.fits,0.99996229414623805,0.99997723691304918,0.99997781775827721,0.58084522802648308
2397,266.50091750424326,0.089772904011242702,kepler:kplr011904151-2009291181958_slc.fits,1.0001481715952805,0.99997723691304918,0.99997781775827721,0.58084522802648308
2398,327.6377615649908,0.089795864758775296,kepler:kplr011904151-2009350160919_slc.fits,1.0003579190422949,0.99997723691304918,0.99997781775827721,0.58084522802648308
2399,208.71414063008703,0.089854329855018705,kepler:kplr011904151-2009231120729_slc.fits,1.0002116196154471,0.99997723691304918,0.99997781775827721,0.58084522802648308
2400,278.22607797911769,0.090063578885670695,kepler:kplr011904151-2009291181958_slc.fits,0.99990787376770718,0.99997723691304918,0.99997781775827721,0.58084522802648308
2401,339.36291750223609,0.090082002004065104,kepler:kplr011904151-2009350160919_slc.fits,1.0004668278263686,0.99997723691304918,0.99997781775827721,0.58084522802648308
2402,209.55191818282765,0.090141182595637304,kepler:kplr011904151-2009231120729_slc.fits,1.0002293593218836,0.99997723691304918,0.99997781775827721,0.58084522802648308
2403,274.87642511464946,0.090373514417445094,kepler:kplr011904151-2009291181958_slc.fits,0.99984287486270595,0.99997723691304918,0.99997781775827721,0.58084522802648308
2404,336.01325852779701,0.090385827564984894,kepler:kplr011904151-2009350160919_slc.fits,0.99992247364255615,0.99997723691304918,0.99997781775827721,0.58084522802648308
2405,220.43958896513504,0.090432864903034302,kepler:kplr011904151-2009231120729_slc.fits,1.0001219155938303,0.99997723691304918,0.99997781775827721,0.58084522802648308
2406,332.66360229796555,0.090692397733532104,kepler:kplr011904151-2009350160919_slc.fits,0.99987105503544116,0.99997723691304918,0.99997781775827721,0.58084522802648308
2407,267.33935466077673,0.090719360544715799,kepler:kplr011904151-2009291181958_slc.fits,1.0003878217198148,0.99997723691304918,0.99997781775827721,0.58084522802648308
2408,205.36507001480641,0.090746514574394796,kepler:kplr011904151-2009231120729_slc.fits,0.99971451282151635,0.99997723691304918,0.99997781775827721,0.58084522802648308
2409,344.38877619244158,0.0909964922095607,kepler:kplr011904151-2009350160919_slc.fits,0.99992361206190195,0.99997723691304918,0.99997781775827721,0.58084522802648308
2410,289.95188730228983,0.091003102057813395,kepler:kplr011904151-2009291181958_slc.fits,0.99977783785752661,0.99997723691304918,0.99997781775827721,0.58084522802648308
2411,226.30262827798288,0.091037277750865897,kepler:kplr011904151-2009231120729_slc.fits,1.0002057662305297,0.99997723691304918,0.99997781775827721,0.58084522802648308
2412,330.15170289998787,0.091265099755846096,kepler:kplr011904151-2009350160919_slc.fits,1.0000965379605169,0.99997723691304918,0.99997781775827721,0.58084522802648308
2413,275.7148601404333,0.091317840201282793,kepler:kplr011904151-2009291181958_slc.fits,1.000193987060265,0.99997723691304918,0.99997781775827721,0.58084522802648308
2414,207.04062767361759,0.091322773385581202,kepler:kplr011904151-2009231120729_slc.fits,0.99972392132978838,0.99997723691304918,0.99997781775827721,0.58084522802648308
2415,326.80205188474065,0.091576884508627998,kepler:kplr011904151-2009350160919_slc.fits,1.0000661801112978,0.99997723691304918,0.99997781775827721,0.58084522802648308
2416,217.92831215963807,0.091628159406058104,kepler:kplr011904151-2009231120729_slc.fits,0.99984827882652916,0.99997723691304918,0.99997781775827721,0.58084522802648308
2417,283.252595622238,0.091637022005985003,kepler:kplr011904151-2009291181958_slc.fits,0.99993385808963575,0.99997723691304918,0.99997781775827721,0.58084522802648308
2418,338.5272050734493,0.091860273217273303,kepler:kplr011904151-2009350160919_slc.fits,1.0003526823133044,0.99997723691304918,0.99997781775827721,0.58084522802648308
2419,284.0903480927081,0.091898792476078101,kepler:kplr011904151-2009291181958_slc.fits,0.99958657496004444,0.99997723691304918,0.99997781775827721,0.58084522802648308
2420,202.85377416458505,0.091922764353036202,kepler:kplr011904151-2009231120729_slc.fits,1.0000716411221475,0.99997723691304918,0.99997781775827721,0.58084522802648308
2421,330.99013768178702,0.092209181554997202,kepler:kplr011904151-2009350160919_slc.fits,1.0006683280505615,0.99997723691304918,0.99997781775827721,0.58084522802648308
2422,276.55329518716462,0.092262186932602505,kepler:kplr011904151-2009291181958_slc.fits,0.99964856395092161,0.99997723691304918,0.99997781775827721,0.58084522802648308
2423,227.97884962676471,0.0922772265327029,kepler:kplr011904151-2009231120729_slc.fits,1.0003102653109557,0.99997723691304918,0.99997781775827721,0.58084522802648308
2424,331.82789156682702,0.092472366594998606,kepler:kplr011904151-2009350160919_slc.fits,0.9997507620579098,0.99997723691304918,0.99997781775827721,0.58084522802648308
2425,277.39104877883801,0.092525078605993002,kepler:kplr011904151-2009291181958_slc.fits,0.99998693163867824,0.99997723691304918,0.99997781775827721,0.58084522802648308
2426,222.95426830204087,0.092640101808862896,kepler:kplr011904151-2009231120729_slc.fits,0.99962897439898235,0.99997723691304918,0.99997781775827721,0.58084522802648308
2427,328.47823916840571,0.092782768173686095,kepler:kplr011904151-2009350160919_slc.fits,1.0000284604836431,0.99997723691304918,0.99997781775827721,0.58084522802648308
2428,284.92878141219262,0.092841411960600695,kepler:kplr011904151-2009291181958_slc.fits,1.0002476130618998,0.99997723691304918,0.99997781775827721,0.58084522802648308
2429,203.69223536646319,0.092893266231182894,kepler:kplr011904151-2009231120729_slc.fits,1.0001329580224323,0.99997723691304918,0.99997781775827721,0.58084522802648308
2430,325.12858954607509,0.093095945843069502,kepler:kplr011904151-2009350160919_slc.fits,1.000375678384088,0.99997723691304918,0.99997781775827721,0.58084522802648308
2431,281.57913350934541,0.093156309113391303,kepler:kplr011904151-2009291181958_slc.fits,1.0000082486887063,0.99997723691304918,0.99997781775827721,0.58084522802648308
2432,224.62981112220589,0.093201521973883303,kepler:kplr011904151-2009231120729_slc.fits,0.999925019216519,0.99997723691304918,0.99997781775827721,0.58084522802648308
2433,336.85373795407941,0.093374553847384606,kepler:kplr011904151-2009350160919_slc.fits,1.0001395322644735,0.99997723691304918,0.99997781775827721,0.58084522802648308
2434,267.34207909069664,0.093443790464624102,kepler:kplr011904151-2009291181958_slc.fits,0.99997005325947796,0.99997723691304918,0.99997781775827721,0.58084522802648308
2435,229.65506940254272,0.093515602310711501,kepler:kplr011904151-2009231120729_slc.fits,0.99985050526741803,0.99997723691304918,0.99997781775827721,0.58084522802648308
2436,337.69149327425112,0.093639174019093802,kepler:kplr011904151-2009350160919_slc.fits,1.0000543405501023,0.99997723691304918,0.99997781775827721,0.58084522802648308
2437,285.76721460594854,0.093783905716518803,kepler:kplr011904151-2009291181958_slc.fits,1.0000112014525619,0.99997723691304918,0.99997781775827721,0.58084522802648308
2438,204.53069611956744,0.093863319335426298,kepler:kplr011904151-2009231120729_slc.fits,1.000138793452181,0.99997723691304918,0.99997781775827721,0.58084522802648308
2439,349.41668784749345,0.093963947261427094,kepler:kplr011904151-2009350160919_slc.fits,0.99919267094732578,0.99997723691304918,0.99997781775827721,0.58084522802648308
2440,282.41756733546208,0.094099435230061701,kepler:kplr011904151-2009291181958_slc.fits,1.0002920950206269,0.99997723691304918,0.99997781775827721,0.58084522802648308
2441,205.36847552179097,0.094152021558958396,kepler:kplr011904151-2009231120729_slc.fits,0.99996238392208037,0.99997723691304918,0.99997781775827721,0.58084522802648308
2442,346.06701605147828,0.094254951246254395,kepler:kplr011904151-2009350160919_slc.fits,0.99939699824622696,0.99997723691304918,0.99997781775827721,0.58084522802648308
2443,289.95529279705079,0.094408596818768203,kepler:kplr011904151-2009291181958_slc.fits,1.0003771536697561,0.99997723691304918,0.99997781775827721,0.58084522802648308
2444,226.306033849578,0.094442849345989899,kepler:kplr011904151-2009231120729_slc.fits,0.99989963060831943,0.99997723691304918,0.99997781775827721,0.58084522802648308
2445,327.64252932612726,0.094563625895238701,kepler:kplr011904151-2009350160919_slc.fits,1.0004070608107185,0.99997723691304918,0.99997781775827721,0.58084522802648308
2446,279.90567101588385,0.094675215651834593,kepler:kplr011904151-2009291181958_slc.fits,1.0000626366939167,0.99997723691304918,0.99997781775827721,0.58084522802648308
2447,207.04403337780968,0.094728477577671499,kepler:kplr011904151-2009231120729_slc.fits,0.99979753752046663,0.99997723691304918,0.99997781775827721,0.58084522802648308
2448,328.48028250929201,0.094826109059988895,kepler:kplr011904151-2009350160919_slc.fits,1.0002446463173955,0.99997723691304918,0.99997781775827721,0.58084522802648308
2449,261.48118801764213,0.0949876174101138,kepler:kplr011904151-2009291181958_slc.fits,0.99967618658053803,0.99997723691304918,0.99997781775827721,0.58084522802648308
2450,206.2069357759392,0.095121575707189196,kepler:kplr011904151-2009231120729_slc.fits,1.000025783621906,0.99997723691304918,0.99997781775827721,0.58084522802648308
2451,325.13063288544072,0.095139285208697105,kepler:kplr011904151-2009350160919_slc.fits,0.99980967525905096,0.99997723691304918,0.99997781775827721,0.58084522802648308
2452,262.31894550328434,0.095254403052328102,kepler:kplr011904151-2009291181958_slc.fits,0.99994787895542758,0.99997723691304918,0.99997781775827721,0.58084522802648308
2453,227.14448514160176,0.095403441369752401,kepler:kplr011904151-2009231120729_slc.fits,1.0000899553939753,0.99997723691304918,0.99997781775827721,0.58084522802648308
2454,336.85578119971615,0.095417799484126306,kepler:kplr011904151-2009350160919_slc.fits,0.99996649252392422,0.99997723691304918,0.99997781775827721,0.58084522802648308
2455,284.93150573012099,0.095565729888969303,kepler:kplr011904151-2009291181958_slc.fits,0.99953380621243237,0.99997723691304918,0.99997781775827721,0.58084522802648308
2456,337.69353662044159,0.095682520209569605,kepler:kplr011904151-2009350160919_slc.fits,1.0002937880858191,0.99997723691304918,0.99997781775827721,0.58084522802648308
2457,207.88249273090327,0.095697130671254599,kepler:kplr011904151-2009231120729_slc.fits,1.0004076720998409,0.99997723691304918,0.99997781775827721,0.58084522802648308
2458,266.50704744824907,0.095902848017049097,kepler:kplr011904151-2009291181958_slc.fits,0.99995709919869236,0.99997723691304918,0.99997781775827721,0.58084522802648308
2459,228.8200247063287,0.095961606096684804,kepler:kplr011904151-2009231120729_slc.fits,0.99990099520112241,0.99997723691304918,0.99997781775827721,0.58084522802648308
2460,330.15647056403395,0.096032763801931098,kepler:kplr011904151-2009350160919_slc.fits,0.99970086134325598,0.99997723691304918,0.99997781775827721,0.58084522802648308
2461,263.15738372734631,0.096201927114302394,kepler:kplr011904151-2009291181958_slc.fits,1.0000981460605407,0.99997723691304918,0.99997781775827721,0.58084522802648308
2462,215.42043778718653,0.096225886954517295,kepler:kplr011904151-2009231120729_slc.fits,1.0002589135291655,0.99997723691304918,0.99997781775827721,0.58084522802648308
2463,337.69421780248376,0.096363702251741401,kepler:kplr011904151-2009350160919_slc.fits,1.0003623968250548,0.99997723691304918,0.99997781775827721,0.58084522802648308
2464,200.34588090886243,0.096501608630415306,kepler:kplr011904151-2009231120729_slc.fits,1.0001222746971996,0.99997723691304918,0.99997781775827721,0.58084522802648308
2465,285.76993912352191,0.096508423289888498,kepler:kplr011904151-2009291181958_slc.fits,0.99982698708815443,0.99997723691304918,0.99997781775827721,0.58084522802648308
2466,349.41941228754149,0.096688387309468299,kepler:kplr011904151-2009350160919_slc.fits,0.99924805504849501,0.99997723691304918,0.99997781775827721,0.58084522802648308
2467,201.18366204614,0.096792045907989094,kepler:kplr011904151-2009231120729_slc.fits,1.00014462888193,0.99997723691304918,0.99997781775827721,0.58084522802648308
2468,267.34548460315273,0.0968493029207078,kepler:kplr011904151-2009291181958_slc.fits,1.0000112014525619,0.99997723691304918,0.99997781775827721,0.58084522802648308
2469,335.18231455977366,0.096932559541636806,kepler:kplr011904151-2009350160919_slc.fits,1.0006656717387548,0.99997723691304918,0.99997781775827721,0.58084522802648308
2470,217.93376103659105,0.097077036359040705,kepler:kplr011904151-2009231120729_slc.fits,0.9997425228843112,0.99997723691304918,0.99997781775827721,0.58084522802648308
2471,279.07064214017009,0.097137039938074196,kepler:kplr011904151-2009291181958_slc.fits,0.99983775038865996,0.99997723691304918,0.99997781775827721,0.58084522802648308
2472,331.83265923296858,0.097240032736559401,kepler:kplr011904151-2009350160919_slc.fits,0.99990501787925523,0.99997723691304918,0.99997781775827721,0.58084522802648308
2473,208.72163293288031,0.097346632648299902,kepler:kplr011904151-2009231120729_slc.fits,1.0002317114489516,0.99997723691304918,0.99997781775827721,0.58084522802648308
2474,286.60837219632231,0.097450796090287201,kepler:kplr011904151-2009291181958_slc.fits,0.99966791884174244,0.99997723691304918,0.99997781775827721,0.58084522802648308
2475,347.74525680808438,0.097514307852355403,kepler:kplr011904151-2009350160919_slc.fits,0.99898870414788399,0.99997723691304918,0.99997781775827721,0.58084522802648308
2476,203.69700328019823,0.097661179966220105,kepler:kplr011904151-2009231120729_slc.fits,1.000152708707736,0.99997723691304918,0.99997781775827721,0.58084522802648308
2477,268.18392153581226,0.097795535580241094,kepler:kplr011904151-2009291181958_slc.fits,1.0001963683214388,0.99997723691304918,0.99997781775827721,0.58084522802648308
2478,340.20816562241816,0.0978394221861425,kepler:kplr011904151-2009350160919_slc.fits,0.99991488418025121,0.99997723691304918,0.99997781775827721,0.58084522802648308
2479,214.58470599477005,0.097984794538035602,kepler:kplr011904151-2009231120729_slc.fits,0.99990609446896439,0.99997723691304918,0.99997781775827721,0.58084522802648308
2480,260.64683580347628,0.098126103244267002,kepler:kplr011904151-2009291181958_slc.fits,1.0002473273105588,0.99997723691304918,0.99997781775827721,0.58084522802648308
2481,332.67109448934934,0.098184589117321794,kepler:kplr011904151-2009350160919_slc.fits,1.0002388403787319,0.99997723691304918,0.99997781775827721,0.58084522802648308
2482,225.47234997360647,0.098249673374459306,kepler:kplr011904151-2009231120729_slc.fits,1.000231370300751,0.99997723691304918,0.99997781775827721,0.58084522802648308
2483,272.37201632099459,0.098436820762570307,kepler:kplr011904151-2009291181958_slc.fits,1.0002624721316242,0.99997723691304918,0.99997781775827721,0.58084522802648308
2484,348.58369672423578,0.098463524003756506,kepler:kplr011904151-2009350160919_slc.fits,0.99937432472759136,0.99997723691304918,0.99997781775827721,0.58084522802648308
2485,226.31012051511789,0.098529514885877106,kepler:kplr011904151-2009231120729_slc.fits,1.0005674730991181,0.99997723691304918,0.99997781775827721,0.58084522802648308
2486,264.83494023704407,0.098777036812046803,kepler:kplr011904151-2009291181958_slc.fits,1.0001345698314557,0.99997723691304918,0.99997781775827721,0.58084522802648308
2487,325.97179109936405,0.098806799132033094,kepler:kplr011904151-2009350160919_slc.fits,1.0003091567469864,0.99997723691304918,0.99997781775827721,0.58084522802648308
2488,227.14789081180061,0.098809111568597105,kepler:kplr011904151-2009231120729_slc.fits,0.99989334629935922,0.99997723691304918,0.99997781775827721,0.58084522802648308
2489,287.44748643303319,0.099074332801171394,kepler:kplr011904151-2009291181958_slc.fits,0.999838036140001,0.99997723691304918,0.99997781775827721,0.58084522802648308
2490,337.69694213074399,0.099088030511969905,kepler:kplr011904151-2009350160919_slc.fits,1.0003019467577967,0.99997723691304918,0.99997781775827721,0.58084522802648308
2491,217.93580442797969,0.099120427747679998,kepler:kplr011904151-2009231120729_slc.fits,1.0000711024670941,0.99997723691304918,0.99997781775827721,0.58084522802648308
2492,273.21045200871595,0.0993818084839279,kepler:kplr011904151-2009291181958_slc.fits,0.99991195048683656,0.99997723691304918,0.99997781775827721,0.58084522802648308
2493,334.34728431056283,0.099393010330805595,kepler:kplr011904151-2009350160919_slc.fits,0.99976157704169444,0.99997723691304918,0.99997781775827721,0.58084522802648308
2494,218.7735782071104,0.099403506878393999,kepler:kplr011904151-2009231120729_slc.fits,1.0001756015475201,0.99997723691304918,0.99997781775827721,0.58084522802648308
2495,219.61135163536528,0.099686235133271198,kepler:kplr011904151-2009231120729_slc.fits,1.0002128585220706,0.99997723691304918,0.99997781775827721,0.58084522802648308
2496,269.86079475060978,0.099687350377765299,kepler:kplr011904151-2009291181958_slc.fits,1.0003921079899276,0.99997723691304918,0.99997781775827721,0.58084522802648308
2497,341.88504054220539,0.099732941973366296,kepler:kplr011904151-2009350160919_slc.fits,1.0002786850558325,0.99997723691304918,0.99997781775827721,0.58084522802648308
2498,281.58594460863969,0.099967408407673305,kepler:kplr011904151-2009291181958_slc.fits,0.99987785082682756,0.99997723691304918,0.99997781775827721,0.58084522802648308
2499,204.53682623470377,0.099993434471755904,kepler:kplr011904151-2009231120729_slc.fits,1.0000435233283425,0.99997723691304918,0.99997781775827721,0.58084522802648308
2500,327.64797816743521,0.10001246720319119,kepler:kplr011904151-2009350160919_slc.fits,1.0001490190923548,0.99997723691304918,0.99997781775827721,0.58084522802648308
2501,289.12367114370136,0.1002776434693384,kepler:kplr011904151-2009291181958_slc.fits,0.999772694333391,0.99997723691304918,0.99997781775827721,0.58084522802648308
2502,225.47439325731105,0.1002929570790396,kepler:kplr011904151-2009231120729_slc.fits,1.0005524805334554,0.99997723691304918,0.99997781775827721,0.58084522802648308
2503,335.18572016739927,0.100338167167246,kepler:kplr011904151-2009350160919_slc.fits,1.0000957031196636,0.99997723691304918,0.99997781775827721,0.58084522802648308
2504,263.9992273257958,0.1005548255637887,kepler:kplr011904151-2009291181958_slc.fits,1.0001724414091642,0.99997723691304918,0.99997781775827721,0.58084522802648308
2505,200.34996762748776,0.1005883272557461,kepler:kplr011904151-2009231120729_slc.fits,0.99999353613935515,0.99997723691304918,0.99997781775827721,0.58084522802648308
2506,336.02347495329013,0.1006022530581116,kepler:kplr011904151-2009350160919_slc.fits,1.0000251211202289,0.99997723691304918,0.99997781775827721,0.58084522802648308
2507,260.64956023944251,0.1008505392104961,kepler:kplr011904151-2009291181958_slc.fits,0.99962962816206735,0.99997723691304918,0.99997781775827721,0.58084522802648308
2508,207.05016328526108,0.1008583850290669,kepler:kplr011904151-2009231120729_slc.fits,0.9999871800097212,0.99997723691304918,0.99997781775827721,0.58084522802648308
2509,332.67381881347683,0.1009089132448064,kepler:kplr011904151-2009350160919_slc.fits,0.99983291798735963,0.99997723691304918,0.99997781775827721,0.58084522802648308
2510,217.9378478193612,0.1011638191291854,kepler:kplr011904151-2009231120729_slc.fits,0.99999200995003623,0.99997723691304918,0.99997781775827721,0.58084522802648308
2511,283.26213093807019,0.1011723378381663,kepler:kplr011904151-2009291181958_slc.fits,0.99999681863507195,0.99997723691304918,0.99997781775827721,0.58084522802648308
2512,333.51157318399049,0.10117258375847089,kepler:kplr011904151-2009350160919_slc.fits,0.99971006356630043,0.99997723691304918,0.99997781775827721,0.58084522802648308
2513,218.77562149756704,0.10144679733503451,kepler:kplr011904151-2009231120729_slc.fits,1.0003134972412784,0.99997723691304918,0.99997781775827721,0.58084522802648308
2514,345.2367502773559,0.10147987712387339,kepler:kplr011904151-2009350160919_slc.fits,0.99989515157825903,0.99997723691304918,0.99997781775827721,0.58084522802648308
2515,279.91248201762937,0.1014862173973529,kepler:kplr011904151-2009291181958_slc.fits,0.99979993596121963,0.99997723691304918,0.99997781775827721,0.58084522802648308
2516,219.6133949248906,0.1017295246585892,kepler:kplr011904151-2009231120729_slc.fits,0.99994139433015283,0.99997723691304918,0.99997781775827721,0.58084522802648308
2517,330.99967301196011,0.101744511728091,kepler:kplr011904151-2009350160919_slc.fits,1.0002480615754328,0.99997723691304918,0.99997781775827721,0.58084522802648308
2518,272.3754218283284,0.1018423280963798,kepler:kplr011904151-2009291181958_slc.fits,0.99978736290222203,0.99997723691304918,0.99997781775827721,0.58084522802648308
2519,331.8374269991109,0.1020077988788816,kepler:kplr011904151-2009350160919_slc.fits,1.0000078550934852,0.99997723691304918,0.99997781775827721,0.58084522802648308
2520,204.53886973982296,0.10203693959094549,kepler:kplr011904151-2009231120729_slc.fits,1.0001963577222577,0.99997723691304918,0.99997781775827721,0.58084522802648308
2521,284.10056448665279,0.10211518642076629,kepler:kplr011904151-2009291181958_slc.fits,1.0000209169981511,0.99997723691304918,0.99997781775827721,0.58084522802648308
2522,347.75002459987445,0.1022820996424282,kepler:kplr011904151-2009350160919_slc.fits,0.99928457933583681,0.99997723691304918,0.99997781775827721,0.58084522802648308
2523,221.28894062831387,0.1022938280818568,kepler:kplr011904151-2009231120729_slc.fits,0.99969817361821955,0.99997723691304918,0.99997781775827721,0.58084522802648308
2524,269.86351907854987,0.1024116783178517,kepler:kplr011904151-2009291181958_slc.fits,1.000048615828125,0.99997723691304918,0.99997781775827721,0.58084522802648308
2525,348.58778323290608,0.10255003267405439,kepler:kplr011904151-2009350160919_slc.fits,0.99938494997481797,0.99997723691304918,0.99997781775827721,0.58084522802648308
2526,200.35201103679719,0.10263173656518269,kepler:kplr011904151-2009231120729_slc.fits,1.0003034423469417,0.99997723691304918,0.99997781775827721,0.58084522802648308
2527,288.28864369686198,0.10274089662996209,kepler:kplr011904151-2009291181958_slc.fits,1.0001459998850899,0.99997723691304918,0.99997781775827721,0.58084522802648308
2528,341.05068965628016,0.1028727560481339,kepler:kplr011904151-2009350160919_slc.fits,1.0005055340841231,0.99997723691304918,0.99997781775827721,0.58084522802648308
2529,217.10211708190039,0.1029237816683785,kepler:kplr011904151-2009231120729_slc.fits,0.99981964033283877,0.99997723691304918,0.99997781775827721,0.58084522802648308
2530,274.05161182832671,0.103050928094694,kepler:kplr011904151-2009291181958_slc.fits,0.99974792921718325,0.99997723691304918,0.99997781775827721,0.58084522802648308
2531,337.7010287230878,0.1031746228557803,kepler:kplr011904151-2009350160919_slc.fits,1.0002881718837131,0.99997723691304918,0.99997781775827721,0.58084522802648308
2532,222.12739420091384,0.10325670068183079,kepler:kplr011904151-2009231120729_slc.fits,0.99948623080974042,0.99997723691304918,0.99997781775827721,0.58084522802648308
2533,270.70195536837127,0.10335726813925381,kepler:kplr011904151-2009291181958_slc.fits,0.99998110231132464,0.99997723691304918,0.99997781775827721,0.58084522802648308
2534,334.35137089871569,0.1034795984836645,kepler:kplr011904151-2009350160919_slc.fits,1.0001451484665795,0.99997723691304918,0.99997781775827721,0.58084522802648308
2535,202.86535330300103,0.1035019027690182,kepler:kplr011904151-2009231120729_slc.fits,1.0000096957909674,0.99997723691304918,0.99997781775827721,0.58084522802648308
2536,267.35229562806489,0.1036603278328751,kepler:kplr011904151-2009291181958_slc.fits,1.0001511243591359,0.99997723691304918,0.99997781775827721,0.58084522802648308
2537,335.18912557505246,0.1037435748204362,kepler:kplr011904151-2009350160919_slc.fits,1.0004285010417295,0.99997723691304918,0.99997781775827721,0.58084522802648308
2538,219.61543831464223,0.10377291441022329,kepler:kplr011904151-2009231120729_slc.fits,1.0001108552100602,0.99997723691304918,0.99997781775827721,0.58084522802648308
2539,279.07745324319694,0.1039481429649225,kepler:kplr011904151-2009291181958_slc.fits,1.0001247399853299,0.99997723691304918,0.99997781775827721,0.58084522802648308
2540,346.91430960217258,0.1040578019405575,kepler:kplr011904151-2009350160919_slc.fits,0.99944348370284397,0.99997723691304918,0.99997781775827721,0.58084522802648308
2541,204.54091294471439,0.1040801444823813,kepler:kplr011904151-2009231120729_slc.fits,0.99988688243871404,0.99997723691304918,0.99997781775827721,0.58084522802648308
2542,275.72780117674847,0.10425887651645201,kepler:kplr011904151-2009291181958_slc.fits,0.99967839639090716,0.99997723691304918,0.99997781775827721,0.58084522802648308
2543,221.29098411620359,0.1043373159715788,kepler:kplr011904151-2009231120729_slc.fits,0.99991399474308595,0.99997723691304918,0.99997781775827721,0.58084522802648308
2544,343.56464109887747,0.10435209864545129,kepler:kplr011904151-2009350160919_slc.fits,0.99983348719703236,0.99997723691304918,0.99997781775827721,0.58084522802648308
2545,272.37814625429019,0.10456675405816709,kepler:kplr011904151-2009291181958_slc.fits,1.0000395860857538,0.99997723691304918,0.99997781775827721,0.58084522802648308
2546,344.40239826554171,0.1046185653096838,kepler:kplr011904151-2009350160919_slc.fits,0.99926921067466978,0.99997723691304918,0.99997781775827721,0.58084522802648308
2547,206.21647139154084,0.1046571913088243,kepler:kplr011904151-2009231120729_slc.fits,1.0001966090946159,0.99997723691304918,0.99997781775827721,0.58084522802648308
2548,279.91588751856034,0.1048917183283197,kepler:kplr011904151-2009291181958_slc.fits,0.99962856135706135,0.99997723691304918,0.99997781775827721,0.58084522802648308
2549,212.91664685311844,0.1049070528864248,kepler:kplr011904151-2009231120729_slc.fits,1.0000767403899895,0.99997723691304918,0.99997781775827721,0.58084522802648308
2550,332.67790539967973,0.1049954994477087,kepler:kplr011904151-2009350160919_slc.fits,0.99964204301039361,0.99997723691304918,0.99997781775827721,0.58084522802648308
2551,227.9917908075513,0.1052184073192865,kepler:kplr011904151-2009231120729_slc.fits,1.0002155517973397,0.99997723691304918,0.99997781775827721,0.58084522802648308
2552,272.37882733566221,0.1052478354301893,kepler:kplr011904151-2009291181958_slc.fits,0.99970344725845595,0.99997723691304918,0.99997781775827721,0.58084522802648308
2553,348.5905076720228,0.10527447179077321,kepler:kplr011904151-2009350160919_slc.fits,0.99913506692843201,0.99997723691304918,0.99997781775827721,0.58084522802648308
2554,214.59219827567719,0.1054770754451794,kepler:kplr011904151-2009231120729_slc.fits,1.0002804597313153,0.99997723691304918,0.99997781775827721,0.58084522802648308
2555,284.10396998467331,0.1055206844412932,kepler:kplr011904151-2009291181958_slc.fits,1.0000548261572664,0.99997723691304918,0.99997781775827721,0.58084522802648308
2556,345.24083688061364,0.1055664803816203,kepler:kplr011904151-2009350160919_slc.fits,0.99969004635947123,0.99997723691304918,0.99997781775827721,0.58084522802648308
2557,225.47984221376828,0.1057419135362689,kepler:kplr011904151-2009231120729_slc.fits,1.000393649113275,0.99997723691304918,0.99997781775827721,0.58084522802648308
2558,346.07859478107275,0.10583368084073,kepler:kplr011904151-2009350160919_slc.fits,0.99965342720385075,0.99997723691304918,0.99997781775827721,0.58084522802648308
2559,287.45429732511548,0.1058852248834565,kepler:kplr011904151-2009291181958_slc.fits,1.0001016893771677,0.99997723691304918,0.99997781775827721,0.58084522802648308
2560,226.31761285225369,0.1060218520216782,kepler:kplr011904151-2009231120729_slc.fits,0.99988483554951002,0.99997723691304918,0.99997781775827721,0.58084522802648308
2561,262.32984314135683,0.1061520411248206,kepler:kplr011904151-2009291181958_slc.fits,1.0001028323825309,0.99997723691304918,0.99997781775827721,0.58084522802648308
2562,334.3540953241536,0.1062040239215829,kepler:kplr011904151-2009350160919_slc.fits,0.99984752770229601,0.99997723691304918,0.99997781775827721,0.58084522802648308
2563,227.15538314567675,0.10630144544474079,kepler:kplr011904151-2009231120729_slc.fits,0.99973110339717164,0.99997723691304918,0.99997781775827721,0.58084522802648308
2564,331.00444077704742,0.1065122768153994,kepler:kplr011904151-2009350160919_slc.fits,0.99969630766587281,0.99997723691304918,0.99997781775827721,0.58084522802648308
2565,265.68018877565191,0.1065348754198947,kepler:kplr011904151-2009291181958_slc.fits,1.0007619654754469,0.99997723691304918,0.99997781775827721,0.58084522802648308
2566,202.030978473289,0.1066177730569855,kepler:kplr011904151-2009231120729_slc.fits,0.9998228902183296,0.99997723691304918,0.99997781775827721,0.58084522802648308
2567,346.91703393942589,0.1067821391938697,kepler:kplr011904151-2009350160919_slc.fits,0.99953988884777079,0.99997723691304918,0.99997781775827721,0.58084522802648308
2568,277.40535197080322,0.1068282705712047,kepler:kplr011904151-2009291181958_slc.fits,0.99997367277646221,0.99997723691304918,0.99997781775827721,0.58084522802648308
2569,202.86875881417649,0.1069074139444765,kepler:kplr011904151-2009231120729_slc.fits,1.0003921408791243,0.99997723691304918,0.99997781775827721,0.58084522802648308
2570,324.30514005036821,0.1071371501361877,kepler:kplr011904151-2009350160919_slc.fits,0.99991678154582764,0.99997723691304918,0.99997781775827721,0.58084522802648308
2571,284.94308448145603,0.1071444812240063,kepler:kplr011904151-2009291181958_slc.fits,1.0001901770423869,0.99997723691304918,0.99997781775827721,0.58084522802648308
2572,213.75646613611025,0.1072356358782364,kepler:kplr011904151-2009231120729_slc.fits,0.99953090326886396,0.99997723691304918,0.99997781775827721,0.58084522802648308
2573,336.03028597031522,0.1074132700831977,kepler:kplr011904151-2009350160919_slc.fits,1.0002485548904825,0.99997723691304918,0.99997781775827721,0.58084522802648308
2574,281.5934366879228,0.1074594876907841,kepler:kplr011904151-2009291181958_slc.fits,1.0001860050728104,0.99997723691304918,0.99997781775827721,0.58084522802648308
2575,214.59424167055121,0.10752047031920139,kepler:kplr011904151-2009231120729_slc.fits,0.99976094488714917,0.99997723691304918,0.99997781775827721,0.58084522802648308
2576,289.13116311308119,0.10776961284916629,kepler:kplr011904151-2009291181958_slc.fits,1.0000108204507741,0.99997723691304918,0.99997781775827721,0.58084522802648308
2577,229.66937285888707,0.10781905865506219,kepler:kplr011904151-2009231120729_slc.fits,0.9999849176584954,0.99997723691304918,0.99997781775827721,0.58084522802648308
2578,335.19321216422395,0.1078301639919292,kepler:kplr011904151-2009350160919_slc.fits,1.0005006768282481,0.99997723691304918,0.99997781775827721,0.58084522802648308
2579,264.00671954139398,0.1080470411619654,kepler:kplr011904151-2009291181958_slc.fits,0.99983555962838,0.99997723691304918,0.99997781775827721,0.58084522802648308
2580,336.03096715200809,0.10809445177606659,kepler:kplr011904151-2009350160919_slc.fits,0.999976548561478,0.99997723691304918,0.99997781775827721,0.58084522802648308
2581,220.4572979680452,0.1081418678131864,kepler:kplr011904151-2009231120729_slc.fits,0.99982368024574175,0.99997723691304918,0.99997781775827721,0.58084522802648308
2582,260.65705246388825,0.1083427636562373,kepler:kplr011904151-2009291181958_slc.fits,0.99997169156716581,0.99997723691304918,0.99997781775827721,0.58084522802648308
2583,347.75615446081792,0.10841196058590261,kepler:kplr011904151-2009350160919_slc.fits,0.99894058695687116,0.99997723691304918,0.99997781775827721,0.58084522802648308
2584,205.38277905136056,0.1084555511285465,kepler:kplr011904151-2009231120729_slc.fits,0.99995170059684801,0.99997723691304918,0.99997781775827721,0.58084522802648308
2585,283.26962311478565,0.1086645145536255,kepler:kplr011904151-2009291181958_slc.fits,1.0002105415879454,0.99997723691304918,0.99997781775827721,0.58084522802648308
2586,344.40648486749706,0.10870516726503431,kepler:kplr011904151-2009350160919_slc.fits,0.99951605793613363,0.99997723691304918,0.99997781775827721,0.58084522802648308
2587,206.2205580982918,0.1087438980597923,kepler:kplr011904151-2009231120729_slc.fits,0.99968912421331679,0.99997723691304918,0.99997781775827721,0.58084522802648308
2588,269.03257478221349,0.1089580819814681,kepler:kplr011904151-2009291181958_slc.fits,0.99979955495943162,0.99997723691304918,0.99997781775827721,0.58084522802648308
2589,212.92073374613392,0.10899394590190779,kepler:kplr011904151-2009231120729_slc.fits,0.99993769556545042,0.99997723691304918,0.99997781775827721,0.58084522802648308
2590,325.98200759801693,0.10902329778491369,kepler:kplr011904151-2009350160919_slc.fits,0.99997844592705398,0.99997723691304918,0.99997781775827721,0.58084522802648308
2591,213.75850953168992,0.1092790314579126,kepler:kplr011904151-2009231120729_slc.fits,0.99977214891226718,0.99997723691304918,0.99997781775827721,0.58084522802648308
2592,261.49549127794307,0.10929087771106261,kepler:kplr011904151-2009291181958_slc.fits,0.99989823442247538,0.99997723691304918,0.99997781775827721,0.58084522802648308
2593,337.70715856165043,0.1093044614184091,kepler:kplr011904151-2009350160919_slc.fits,0.99993575520158962,0.99997723691304918,0.99997781775827721,0.58084522802648308
2594,228.83364697524669,0.1095838750146835,kepler:kplr011904151-2009231120729_slc.fits,0.99998581541691844,0.99997723691304918,0.99997781775827721,0.58084522802648308
2595,273.22066852827265,0.1095983280406347,kepler:kplr011904151-2009291181958_slc.fits,0.99987651732057004,0.99997723691304918,0.99997781775827721,0.58084522802648308
2596,345.24492358384305,0.1096531836110248,kepler:kplr011904151-2009350160919_slc.fits,0.99930886561521237,0.99997723691304918,0.99997781775827721,0.58084522802648308
2597,215.4340601466684,0.109848246436389,kepler:kplr011904151-2009231120729_slc.fits,0.99972806897370237,0.99997723691304918,0.99997781775827721,0.58084522802648308
2598,331.00784628068504,0.1099177804530224,kepler:kplr011904151-2009350160919_slc.fits,1.0005882592232458,0.99997723691304918,0.99997781775827721,0.58084522802648308
2599,265.6835943899714,0.1099404897393849,kepler:kplr011904151-2009291181958_slc.fits,0.99982632033502561,0.99997723691304918,0.99997781775827721,0.58084522802648308
2600,216.27183487587169,0.1101322756396783,kepler:kplr011904151-2009231120729_slc.fits,1.0001566408896283,0.99997723691304918,0.99997781775827721,0.58084522802648308
2601,327.65819466991525,0.1102289696832254,kepler:kplr011904151-2009350160919_slc.fits,1.0000155394240691,0.99997723691304918,0.99997781775827721,0.58084522802648308
2602,277.40875747371319,0.11023377348117511,kepler:kplr011904151-2009291181958_slc.fits,1.0002464700565363,0.99997723691304918,0.99997781775827721,0.58084522802648308
2603,211.24722491634748,0.1104665161154656,kepler:kplr011904151-2009231120729_slc.fits,1.0001027035635803,0.99997723691304918,0.99997781775827721,0.58084522802648308
2604,269.87169236201589,0.1105849617838732,kepler:kplr011904151-2009291181958_slc.fits,0.99995690869779863,0.99997723691304918,0.99997781775827721,0.58084522802648308
2605,326.82112262573355,0.1106476255015298,kepler:kplr011904151-2009350160919_slc.fits,1.0002578140344942,0.99997723691304918,0.99997781775827721,0.58084522802648308
2606,212.08500090551388,0.1107518052818683,kepler:kplr011904151-2009231120729_slc.fits,0.99988795974882161,0.99997723691304918,0.99997781775827721,0.58084522802648308
2607,281.59684218756593,0.1108649873339064,kepler:kplr011904151-2009291181958_slc.fits,0.99986813528123797,0.99997723691304918,0.99997781775827721,0.58084522802648308
2608,338.54627597632498,0.11093117609295609,kepler:kplr011904151-2009350160919_slc.fits,1.0002810757364584,0.99997723691304918,0.99997781775827721,0.58084522802648308
2609,212.92277704264416,0.11103724241214501,kepler:kplr011904151-2009231120729_slc.fits,0.99968991424072895,0.99997723691304918,0.99997781775827721,0.58084522802648308
2610,263.17236806273286,0.1111862625008459,kepler:kplr011904151-2009291181958_slc.fits,0.99996510023623641,0.99997723691304918,0.99997781775827721,0.58084522802648308
2611,341.89661935369804,0.1113117534660208,kepler:kplr011904151-2009350160919_slc.fits,1.0003835334775737,0.99997723691304918,0.99997781775827721,0.58084522802648308
2612,213.76055282749439,0.111322327262382,kepler:kplr011904151-2009231120729_slc.fits,0.99980796947334083,0.99997723691304918,0.99997781775827721,0.58084522802648308
2613,274.89753932582244,0.1114877255904165,kepler:kplr011904151-2009291181958_slc.fits,1.0002788552085005,0.99997723691304918,0.99997781775827721,0.58084522802648308
2614,224.64820128297288,0.1115916827408671,kepler:kplr011904151-2009231120729_slc.fits,1.0002213872270882,0.99997723691304918,0.99997781775827721,0.58084522802648308
2615,338.5469569585693,0.11161215833727479,kepler:kplr011904151-2009350160919_slc.fits,1.0002034734843921,0.99997723691304918,0.99997781775827721,0.58084522802648308
2616,282.43527601066307,0.1118081104310544,kepler:kplr011904151-2009291181958_slc.fits,1.0002555378990865,0.99997723691304918,0.99997781775827721,0.58084522802648308
2617,215.43610354061821,0.1118916403861938,kepler:kplr011904151-2009231120729_slc.fits,0.99989352585104363,0.99997723691304918,0.99997781775827721,0.58084522802648308
2618,335.19729885341081,0.11191685317879239,kepler:kplr011904151-2009350160919_slc.fits,0.99997047699163422,0.99997723691304918,0.99997781775827721,0.58084522802648308
2619,279.08562650675594,0.11212140652392399,kepler:kplr011904151-2009291181958_slc.fits,1.0000621794917712,0.99997723691304918,0.99997781775827721,0.58084522802648308
2620,200.36154668010568,0.1121673798736644,kepler:kplr011904151-2009231120729_slc.fits,1.0000141127624085,0.99997723691304918,0.99997781775827721,0.58084522802648308
2621,331.8476435123157,0.1122243120836774,kepler:kplr011904151-2009350160919_slc.fits,1.0000129779805411,0.99997723691304918,0.99997781775827721,0.58084522802648308
2622,275.73597444694315,0.11243214671112681,kepler:kplr011904151-2009291181958_slc.fits,0.99992978137050637,0.99997723691304918,0.99997781775827721,0.58084522802648308
2623,217.11165274534869,0.1124594451166824,kepler:kplr011904151-2009231120729_slc.fits,1.0001027035635803,0.99997723691304918,0.99997781775827721,0.58084522802648308
2624,328.4979910970651,0.1125346968330749,kepler:kplr011904151-2009350160919_slc.fits,1.0003254740909415,0.99997723691304918,0.99997781775827721,0.58084522802648308
2625,283.2737096930141,0.1127510927820782,kepler:kplr011904151-2009291181958_slc.fits,1.0002457080529608,0.99997723691304918,0.99997781775827721,0.58084522802648308
2626,212.08704420295544,0.1127951027234281,kepler:kplr011904151-2009231120729_slc.fits,0.99933664630131602,0.99997723691304918,0.99997781775827721,0.58084522802648308
2627,340.2231499402551,0.1128237400230762,kepler:kplr011904151-2009350160919_slc.fits,1.0007683192164274,0.99997723691304918,0.99997781775827721,0.58084522802648308
2628,264.84924338092969,0.1130801806976737,kepler:kplr011904151-2009291181958_slc.fits,1.0001110239209687,0.99997723691304918,0.99997781775827721,0.58084522802648308
2629,201.20000901366441,0.1131390134324021,kepler:kplr011904151-2009231120729_slc.fits,0.99971900161363103,0.99997723691304918,0.99997781775827721,0.58084522802648308
2630,332.6860786721154,0.1131687718833784,kepler:kplr011904151-2009350160919_slc.fits,1.0001816537802657,0.99997723691304918,0.99997781775827721,0.58084522802648308
2631,202.03778959843481,0.11342889820280171,kepler:kplr011904151-2009231120729_slc.fits,1.0000983943231505,0.99997723691304918,0.99997781775827721,0.58084522802648308
2632,283.27439077275631,0.1134321725242859,kepler:kplr011904151-2009291181958_slc.fits,1.0002502800744144,0.99997723691304918,0.99997781775827721,0.58084522802648308
2633,333.52383294550964,0.1134323452776175,kepler:kplr011904151-2009350160919_slc.fits,0.99987105503544116,0.99997723691304918,0.99997781775827721,0.58084522802648308
2634,202.87557013676269,0.1137187365306786,kepler:kplr011904151-2009231120729_slc.fits,1.0001454368645104,0.99997723691304918,0.99997781775827721,0.58084522802648308
2635,345.24901018710079,0.1137397868687717,kepler:kplr011904151-2009350160919_slc.fits,0.99953787764026003,0.99997723691304918,0.99997781775827721,0.58084522802648308
2636,264.84992446393159,0.11376126369956729,kepler:kplr011904151-2009291181958_slc.fits,0.99995976621120719,0.99997723691304918,0.99997781775827721,0.58084522802648308
2637,346.08676799021487,0.1140068899828445,kepler:kplr011904151-2009350160919_slc.fits,0.99906021585645099,0.99997723691304918,0.99997781775827721,0.58084522802648308
2638,203.71335022746644,0.11400812723442399,kepler:kplr011904151-2009231120729_slc.fits,0.99985969831366883,0.99997723691304918,0.99997781775827721,0.58084522802648308
2639,261.50025896478473,0.1140585645527227,kepler:kplr011904151-2009291181958_slc.fits,1.0001354080353888,0.99997723691304918,0.99997781775827721,0.58084522802648308
2640,224.65092566248487,0.1143160622528558,kepler:kplr011904151-2009231120729_slc.fits,0.99998114707311903,0.99997723691304918,0.99997781775827721,0.58084522802648308
2641,338.54968138755794,0.11433658732591739,kepler:kplr011904151-2009350160919_slc.fits,1.0002982468949231,0.99997723691304918,0.99997781775827721,0.58084522802648308
2642,284.11282431935979,0.1143750191277686,kepler:kplr011904151-2009291181958_slc.fits,1.0000174879820607,0.99997723691304918,0.99997781775827721,0.58084522802648308
2643,225.4886966432241,0.1145963429920922,kepler:kplr011904151-2009231120729_slc.fits,1.000175242444151,0.99997723691304918,0.99997781775827721,0.58084522802648308
2644,335.20002327953262,0.1146412793005939,kepler:kplr011904151-2009350160919_slc.fits,1.00021637557031,0.99997723691304918,0.99997781775827721,0.58084522802648308
2645,269.8757789537558,0.1146715535237792,kepler:kplr011904151-2009291181958_slc.fits,0.99990337794661077,0.99997723691304918,0.99997781775827721,0.58084522802648308
2646,226.32646727797689,0.11487627774487839,kepler:kplr011904151-2009231120729_slc.fits,0.9997540141921244,0.99997723691304918,0.99997781775827721,0.58084522802648308
2647,346.92520725129725,0.1149554510652297,kepler:kplr011904151-2009350160919_slc.fits,0.99974867495577602,0.99997723691304918,0.99997781775827721,0.58084522802648308
2648,277.41352513762104,0.1150014373890169,kepler:kplr011904151-2009291181958_slc.fits,0.99979517343887203,0.99997723691304918,0.99997781775827721,0.58084522802648308
2649,207.06446690272423,0.115162002492223,kepler:kplr011904151-2009231120729_slc.fits,0.99997820242549196,0.99997723691304918,0.99997781775827721,0.58084522802648308
2650,328.50071551826841,0.115259118036386,kepler:kplr011904151-2009350160919_slc.fits,1.0002473785238251,0.99997723691304918,0.99997781775827721,0.58084522802648308
2651,269.8764600357099,0.115352635477878,kepler:kplr011904151-2009291181958_slc.fits,0.99983746463731915,0.99997723691304918,0.99997781775827721,0.58084522802648308
2652,217.95215125882527,0.1154672585932576,kepler:kplr011904151-2009231120729_slc.fits,1.000012029962867,0.99997723691304918,0.99997781775827721,0.58084522802648308
2653,340.22587437081529,0.1155481705832688,kepler:kplr011904151-2009350160919_slc.fits,1.0000245519105559,0.99997723691304918,0.99997781775827721,0.58084522802648308
2654,266.52679944568081,0.1156548454487893,kepler:kplr011904151-2009291181958_slc.fits,1.0001676788868163,0.99997723691304918,0.99997781775827721,0.58084522802648308
2655,218.78992503097103,0.1157503307390239,kepler:kplr011904151-2009231120729_slc.fits,0.99984325137936103,0.99997723691304918,0.99997781775827721,0.58084522802648308
2656,332.68880299627199,0.11589309603996679,kepler:kplr011904151-2009350160919_slc.fits,1.0003014534427468,0.99997723691304918,0.99997781775827721,0.58084522802648308
2657,274.06455277023633,0.1159918700043132,kepler:kplr011904151-2009291181958_slc.fits,0.99977307533517878,0.99997723691304918,0.99997781775827721,0.58084522802648308
2658,209.57780078189529,0.11602378166328001,kepler:kplr011904151-2009231120729_slc.fits,0.99990368847639099,0.99997723691304918,0.99997781775827721,0.58084522802648308
2659,348.60140532853984,0.1161721283078183,kepler:kplr011904151-2009350160919_slc.fits,0.99902027631107182,0.99997723691304918,0.99997781775827721,0.58084522802648308
2660,270.71489632238081,0.1162982221487904,kepler:kplr011904151-2009291181958_slc.fits,1.0001648213734078,0.99997723691304918,0.99997781775827721,0.58084522802648308
2661,220.46547132310661,0.1163152228746025,kepler:kplr011904151-2009231120729_slc.fits,1.0001925512265444,0.99997723691304918,0.99997781775827721,0.58084522802648308
2662,325.98949977704609,0.1165154768140706,kepler:kplr011904151-2009350160919_slc.fits,1.0004484992749023,0.99997723691304918,0.99997781775827721,0.58084522802648308
2663,289.14001744054985,0.1166239403178348,kepler:kplr011904151-2009291181958_slc.fits,0.99982108156044325,0.99997723691304918,0.99997781775827721,0.58084522802648308
2664,205.39095256812288,0.116629067890873,kepler:kplr011904151-2009231120729_slc.fits,0.99955569935650479,0.99997723691304918,0.99997781775827721,0.58084522802648308
2665,326.82725254606339,0.11677754583137021,kepler:kplr011904151-2009350160919_slc.fits,0.99993879098651162,0.99997723691304918,0.99997781775827721,0.58084522802648308
2666,279.09039416891761,0.11688906868559271,kepler:kplr011904151-2009291181958_slc.fits,0.99999234186406516,0.99997723691304918,0.99997781775827721,0.58084522802648308
2667,200.36631460175704,0.11693530152502871,kepler:kplr011904151-2009231120729_slc.fits,0.99961360477478201,0.99997723691304918,0.99997781775827721,0.58084522802648308
2668,338.55240571657487,0.1170609163428455,kepler:kplr011904151-2009350160919_slc.fits,1.0002470180243657,0.99997723691304918,0.99997781775827721,0.58084522802648308
2669,286.62812409596518,0.1172026957331571,kepler:kplr011904151-2009291181958_slc.fits,0.99996670044374525,0.99997723691304918,0.99997781775827721,0.58084522802648308
2670,207.06651020528079,0.1172053050487811,kepler:kplr011904151-2009231120729_slc.fits,1.0001185041118237,0.99997723691304918,0.99997781775827721,0.58084522802648308
2671,339.39016159970203,0.117326099470004,kepler:kplr011904151-2009350160919_slc.fits,1.000190457556539,0.99997723691304918,0.99997781775827721,0.58084522802648308
2672,202.04187651356915,0.11751581333713899,kepler:kplr011904151-2009231120729_slc.fits,1.0001172472500313,0.99997723691304918,0.99997781775827721,0.58084522802648308
2673,289.97845028156735,0.1175660813353278,kepler:kplr011904151-2009291181958_slc.fits,1.0003706766393632,0.99997723691304918,0.99997781775827721,0.58084522802648308
2674,325.15310911853885,0.1176155183068292,kepler:kplr011904151-2009350160919_slc.fits,0.99978975292050076,0.99997723691304918,0.99997781775827721,0.58084522802648308
2675,222.97946953207429,0.1178413318422801,kepler:kplr011904151-2009231120729_slc.fits,1.0000228748846156,0.99997723691304918,0.99997781775827721,0.58084522802648308
2676,260.66658784013998,0.11787813990797059,kepler:kplr011904151-2009291181958_slc.fits,1.0001792232409872,0.99997723691304918,0.99997781775827721,0.58084522802648308
2677,336.87825760177657,0.11789420154454611,kepler:kplr011904151-2009350160919_slc.fits,1.0002327877825441,0.99997723691304918,0.99997781775827721,0.58084522802648308
2678,228.00473188834439,0.11815948811238459,kepler:kplr011904151-2009231120729_slc.fits,1.0000851074984911,0.99997723691304918,0.99997781775827721,0.58084522802648308
2679,283.27915843061049,0.11819983037847411,kepler:kplr011904151-2009291181958_slc.fits,1.0003501025428212,0.99997723691304918,0.99997781775827721,0.58084522802648308
2680,333.52860071390751,0.11820011367548661,kepler:kplr011904151-2009350160919_slc.fits,0.99971516747970024,0.99997723691304918,0.99997781775827721,0.58084522802648308
2681,228.84250148979481,0.1184383895628027,kepler:kplr011904151-2009231120729_slc.fits,1.0000741548457319,0.99997723691304918,0.99997781775827721,0.58084522802648308
2682,349.44120760796795,0.1184837077359315,kepler:kplr011904151-2009350160919_slc.fits,0.99909947235022256,0.99997723691304918,0.99997781775827721,0.58084522802648308
2683,269.04211013203167,0.1184934317996475,kepler:kplr011904151-2009291181958_slc.fits,0.99984546567486321,0.99997723691304918,0.99997781775827721,0.58084522802648308
2684,229.68027064968919,0.118716849457181,kepler:kplr011904151-2009231120729_slc.fits,0.99961486163657398,0.99997723691304918,0.99997781775827721,0.58084522802648308
2685,335.20410976873245,0.11872776850042931,kepler:kplr011904151-2009350160919_slc.fits,1.0000658196118384,0.99997723691304918,0.99997781775827721,0.58084522802648308
2686,276.57985803489282,0.1188250346608033,kepler:kplr011904151-2009291181958_slc.fits,0.99984691348165722,0.99997723691304918,0.99997781775827721,0.58084522802648308
2687,336.04186475928145,0.1189920590494306,kepler:kplr011904151-2009350160919_slc.fits,1.0002964443976261,0.99997723691304918,0.99997781775827721,0.58084522802648308
2688,210.41830247118199,0.1190347709499768,kepler:kplr011904151-2009231120729_slc.fits,1.0000426255699195,0.99997723691304918,0.99997781775827721,0.58084522802648308
2689,277.41761172108818,0.1190880208561591,kepler:kplr011904151-2009291181958_slc.fits,1.0001987495826128,0.99997723691304918,0.99997781775827721,0.58084522802648308
2690,217.11846381950451,0.1192705192725025,kepler:kplr011904151-2009231120729_slc.fits,0.99968711323444936,0.99997723691304918,0.99997781775827721,0.58084522802648308
2691,343.57962533467071,0.11933633443868701,kepler:kplr011904151-2009350160919_slc.fits,1.0002011966457005,0.99997723691304918,0.99997781775827721,0.58084522802648308
2692,274.06795827605674,0.1193973758247235,kepler:kplr011904151-2009291181958_slc.fits,1.0001308360139349,0.99997723691304918,0.99997781775827721,0.58084522802648308
2693,344.41738260605052,0.1196029058185015,kepler:kplr011904151-2009350160919_slc.fits,0.99982806073148445,0.99997723691304918,0.99997781775827721,0.58084522802648308
2694,222.14374089753983,0.1196033973078183,kepler:kplr011904151-2009231120729_slc.fits,0.99948870862298755,0.99997723691304918,0.99997781775827721,0.58084522802648308
2695,270.71830183134443,0.1197037311124145,kepler:kplr011904151-2009291181958_slc.fits,0.99978595319560704,0.99997723691304918,0.99997781775827721,0.58084522802648308
2696,222.98151291833344,0.1198847181014262,kepler:kplr011904151-2009231120729_slc.fits,0.99998068023873921,0.99997723691304918,0.99997781775827721,0.58084522802648308
2697,341.06771712702169,0.1199002267896727,kepler:kplr011904151-2009350160919_slc.fits,1.0003927546742739,0.99997723691304918,0.99997781775827721,0.58084522802648308
2698,282.44344916840055,0.1199812681685283,kepler:kplr011904151-2009291181958_slc.fits,1.0000053911752975,0.99997723691304918,0.99997781775827721,0.58084522802648308
2699,203.7194802451632,0.12013814493118601,kepler:kplr011904151-2009231120729_slc.fits,0.99974808898653322,0.99997723691304918,0.99997781775827721,0.58084522802648308
2700,341.90547373312438,0.1201661328923595,kepler:kplr011904151-2009350160919_slc.fits,1.00016981421907,0.99997723691304918,0.99997781775827721,0.58084522802648308
2701,289.98117459740024,0.12029039716822069,kepler:kplr011904151-2009291181958_slc.fits,0.99940780892120284,0.99997723691304918,0.99997781775827721,0.58084522802648308
2702,224.65705571591388,0.12044611568187411,kepler:kplr011904151-2009231120729_slc.fits,1.0001504643116788,0.99997723691304918,0.99997781775827721,0.58084522802648308
2703,338.55581132783846,0.1204665276064336,kepler:kplr011904151-2009350160919_slc.fits,1.0003389453865326,0.99997723691304918,0.99997781775827721,0.58084522802648308
2704,279.93155276256584,0.12055696233382381,kepler:kplr011904151-2009291181958_slc.fits,0.99993881111287763,0.99997723691304918,0.99997781775827721,0.58084522802648308
2705,225.4948266940992,0.1207263938671925,kepler:kplr011904151-2009231120729_slc.fits,1.0001664444116063,0.99997723691304918,0.99997781775827721,0.58084522802648308
2706,339.39356711189612,0.12073161166409641,kepler:kplr011904151-2009350160919_slc.fits,1.0007151929802938,0.99997723691304918,0.99997781775827721,0.58084522802648308
2707,261.50706990296749,0.1208695027354753,kepler:kplr011904151-2009291181958_slc.fits,1.0001505338063648,0.99997723691304918,0.99997781775827721,0.58084522802648308
2708,200.37040132015679,0.1210220199247764,kepler:kplr011904151-2009231120729_slc.fits,0.99980608418065264,0.99997723691304918,0.99997781775827721,0.58084522802648308
2709,331.85649776377977,0.1210785635477496,kepler:kplr011904151-2009350160919_slc.fits,0.9999608763218184,0.99997723691304918,0.99997781775827721,0.58084522802648308
2710,273.23224721045699,0.1211770102249705,kepler:kplr011904151-2009291181958_slc.fits,0.9999361441003628,0.99997723691304918,0.99997781775827721,0.58084522802648308
2711,347.76909556721512,0.1213530669830955,kepler:kplr011904151-2009350160919_slc.fits,0.99929520458306365,0.99997723691304918,0.99997781775827721,0.58084522802648308
2712,205.3957203779064,0.121396877674389,kepler:kplr011904151-2009231120729_slc.fits,1.0002411379123921,0.99997723691304918,0.99997781775827721,0.58084522802648308
2713,284.95738755083585,0.1214475506038272,kepler:kplr011904151-2009291181958_slc.fits,1.0001314837169739,0.99997723691304918,0.99997781775827721,0.58084522802648308
2714,344.41942585704243,0.1216461568104048,kepler:kplr011904151-2009350160919_slc.fits,0.99990558708892818,0.99997723691304918,0.99997781775827721,0.58084522802648308
2715,226.33327842070139,0.1216874204693798,kepler:kplr011904151-2009231120729_slc.fits,1.0002610681493806,0.99997723691304918,0.99997781775827721,0.58084522802648308
2716,281.60773976649944,0.1217625662674155,kepler:kplr011904151-2009291181958_slc.fits,1.0004977407355986,0.99997723691304918,0.99997781775827721,0.58084522802648308
2717,341.06976057551219,0.1219436752801694,kepler:kplr011904151-2009350160919_slc.fits,1.0006877950213735,0.99997723691304918,0.99997781775827721,0.58084522802648308
2718,227.1710487076125,0.1219670073804888,kepler:kplr011904151-2009231120729_slc.fits,1.0000434515076686,0.99997723691304918,0.99997781775827721,0.58084522802648308
2719,267.37068545518559,0.122050154953575,kepler:kplr011904151-2009291181958_slc.fits,0.99989899642605118,0.99997723691304918,0.99997781775827721,0.58084522802648308
2720,341.9075169822172,0.122209381985181,kepler:kplr011904151-2009350160919_slc.fits,1.0004538308721718,0.99997723691304918,0.99997781775827721,0.58084522802648308
2721,217.95896242972231,0.1222784294902954,kepler:kplr011904151-2009231120729_slc.fits,1.0000086184808601,0.99997723691304918,0.99997781775827721,0.58084522802648308
2722,279.09584291129431,0.1223378110622928,kepler:kplr011904151-2009291181958_slc.fits,1.000021107499045,0.99997723691304918,0.99997781775827721,0.58084522802648308
2723,208.74683434266623,0.1225480424342215,kepler:kplr011904151-2009231120729_slc.fits,1.0000006463860649,0.99997723691304918,0.99997781775827721,0.58084522802648308
2724,334.37044177685311,0.12255047662109141,kepler:kplr011904151-2009350160919_slc.fits,1.0000064130956474,0.99997723691304918,0.99997781775827721,0.58084522802648308
2725,260.67135552837863,0.1226458281466147,kepler:kplr011904151-2009291181958_slc.fits,0.9996773676860804,0.99997723691304918,0.99997781775827721,0.58084522802648308
2726,209.58461198166333,0.1228349814313176,kepler:kplr011904151-2009231120729_slc.fits,1.0001541630763813,0.99997723691304918,0.99997781775827721,0.58084522802648308
2727,331.02078711456124,0.1228586143292229,kepler:kplr011904151-2009350160919_slc.fits,0.99977979175122578,0.99997723691304918,0.99997781775827721,0.58084522802648308
2728,261.50911325454217,0.1229128543101598,kepler:kplr011904151-2009291181958_slc.fits,1.0000163449766972,0.99997723691304918,0.99997781775827721,0.58084522802648308
2729,220.47228258562245,0.1231264853904416,kepler:kplr011904151-2009231120729_slc.fits,0.99994083771993081,0.99997723691304918,0.99997781775827721,0.58084522802648308
2730,346.93338046310964,0.1231286628776207,kepler:kplr011904151-2009350160919_slc.fits,0.99952118082318919,0.99997723691304918,0.99997781775827721,0.58084522802648308
2731,273.23429045445664,0.1232202542246216,kepler:kplr011904151-2009291181958_slc.fits,0.99986310605763917,0.99997723691304918,0.99997781775827721,0.58084522802648308
2732,221.31005520351755,0.12340840328553949,kepler:kplr011904151-2009231120729_slc.fits,0.9997773559111196,0.99997723691304918,0.99997781775827721,0.58084522802648308
2733,328.50888878188562,0.1234323816535951,kepler:kplr011904151-2009350160919_slc.fits,1.0001023438991803,0.99997723691304918,0.99997781775827721,0.58084522802648308
2734,269.88463321929157,0.1235258190595534,kepler:kplr011904151-2009291181958_slc.fits,1.0002044646094299,0.99997723691304918,0.99997781775827721,0.58084522802648308
2735,212.09794208875249,0.123692988520478,kepler:kplr011904151-2009231120729_slc.fits,1.000102883115265,0.99997723691304918,0.99997781775827721,0.58084522802648308
2736,340.23404756240052,0.12372136216849761,kepler:kplr011904151-2009350160919_slc.fits,1.0003254740909415,0.99997723691304918,0.99997781775827721,0.58084522802648308
2737,266.53497263765166,0.12382803741964379,kepler:kplr011904151-2009291181958_slc.fits,0.99977642815091161,0.99997723691304918,0.99997781775827721,0.58084522802648308
2738,222.98559959085841,0.12397139062640319,kepler:kplr011904151-2009231120729_slc.fits,0.99969271524700842,0.99997723691304918,0.99997781775827721,0.58084522802648308
2739,325.99699175610294,0.1240074558709221,kepler:kplr011904151-2009350160919_slc.fits,1.0004673970360416,0.99997723691304918,0.99997781775827721,0.58084522802648308
2740,263.18530904783256,0.1241272476005495,kepler:kplr011904151-2009291181958_slc.fits,0.99970439976292558,0.99997723691304918,0.99997781775827721,0.58084522802648308
2741,213.7734940997907,0.12426359955868441,kepler:kplr011904151-2009231120729_slc.fits,0.99972618368101418,0.99997723691304918,0.99997781775827721,0.58084522802648308
2742,337.72214296706079,0.1242888668287687,kepler:kplr011904151-2009350160919_slc.fits,1.0003820155851126,0.99997723691304918,0.99997781775827721,0.58084522802648308
2743,270.72306950387429,0.124471403642266,kepler:kplr011904151-2009291181958_slc.fits,1.0003794396804828,0.99997723691304918,0.99997781775827721,0.58084522802648308
2744,224.66114258494781,0.1245329847158007,kepler:kplr011904151-2009231120729_slc.fits,1.0002422152224997,0.99997723691304918,0.99997781775827721,0.58084522802648308
2745,345.259907929154,0.12463752892197449,kepler:kplr011904151-2009350160919_slc.fits,0.99955931787127117,0.99997723691304918,0.99997781775827721,0.58084522802648308
2746,267.37340978509746,0.1247744848654459,kepler:kplr011904151-2009291181958_slc.fits,0.99992909556728804,0.99997723691304918,0.99997781775827721,0.58084522802648308
2747,225.49891336150176,0.12481306126975331,kepler:kplr011904151-2009231120729_slc.fits,0.99986749085677962,0.99997723691304918,0.99997781775827721,0.58084522802648308
2748,331.02283045675722,0.124901956525198,kepler:kplr011904151-2009350160919_slc.fits,1.0001727361620574,0.99997723691304918,0.99997781775827721,0.58084522802648308
2749,289.9859422500158,0.1250580497837763,kepler:kplr011904151-2009291181958_slc.fits,0.9996229606307806,0.99997723691304918,0.99997781775827721,0.58084522802648308
2750,216.28681942488041,0.12511682464839419,kepler:kplr011904151-2009231120729_slc.fits,0.99965175950775564,0.99997723691304918,0.99997781775827721,0.58084522802648308
2751,331.86058434907318,0.12516514884115709,kepler:kplr011904151-2009350160919_slc.fits,1.0003987124021829,0.99997723691304918,0.99997781775827721,0.58084522802648308
2752,264.86150327568612,0.12534007545409939,kepler:kplr011904151-2009291181958_slc.fits,1.0003022106180934,0.99997723691304918,0.99997781775827721,0.58084522802648308
2753,211.262209403074,0.1254510028419844,kepler:kplr011904151-2009231120729_slc.fits,1.0002748936290935,0.99997723691304918,0.99997781775827721,0.58084522802648308
2754,328.51093202279299,0.12547562256096431,kepler:kplr011904151-2009350160919_slc.fits,0.999889004113792,0.99997723691304918,0.99997781775827721,0.58084522802648308
2755,261.51183768981718,0.1256372895851729,kepler:kplr011904151-2009291181958_slc.fits,1.0001843667651229,0.99997723691304918,0.99997781775827721,0.58084522802648308
2756,212.09998548595468,0.1257363857226643,kepler:kplr011904151-2009231120729_slc.fits,1.0000597907109654,0.99997723691304918,0.99997781775827721,0.58084522802648308
2757,340.23609091030812,0.12576471007609941,kepler:kplr011904151-2009350160919_slc.fits,1.0000503560823923,0.99997723691304918,0.99997781775827721,0.58084522802648308
2758,284.12440297244763,0.12595367221560669,kepler:kplr011904151-2009291181958_slc.fits,0.99975250123863679,0.99997723691304918,0.99997781775827721,0.58084522802648308
2759,212.93776171679929,0.1260219165672751,kepler:kplr011904151-2009231120729_slc.fits,0.99995250857942841,0.99997723691304918,0.99997781775827721,0.58084522802648308
2760,347.77386325906991,0.12612075883789051,kepler:kplr011904151-2009350160919_slc.fits,0.99948683850625997,0.99997723691304918,0.99997781775827721,0.58084522802648308
2761,265.6999408783231,0.1262869780910858,kepler:kplr011904151-2009291181958_slc.fits,0.99967649138196824,0.99997723691304918,0.99997781775827721,0.58084522802648308
2762,213.77553739536239,0.12630689513037999,kepler:kplr011904151-2009231120729_slc.fits,1.0001994819215694,0.99997723691304918,0.99997781775827721,0.58084522802648308
2763,348.61162200025137,0.12638880001935071,kepler:kplr011904151-2009350160919_slc.fits,0.99933474568167158,0.99997723691304918,0.99997781775827721,0.58084522802648308
2764,266.53769716826355,0.12655256803152959,kepler:kplr011904151-2009291181958_slc.fits,1.0001571251372945,0.99997723691304918,0.99997781775827721,0.58084522802648308
2765,224.66318576958287,0.12657616935085689,kepler:kplr011904151-2009231120729_slc.fits,0.99979304872835195,0.99997723691304918,0.99997781775827721,0.58084522802648308
2766,345.26195128078689,0.1266808805548667,kepler:kplr011904151-2009350160919_slc.fits,0.99967012402092115,0.99997723691304918,0.99997781775827721,0.58084522802648308
2767,263.18803338159341,0.1268515813614019,kepler:kplr011904151-2009291181958_slc.fits,1.0002260864608885,0.99997723691304918,0.99997781775827721,0.58084522802648308
2768,225.5009567451998,0.12685644496779069,kepler:kplr011904151-2009231120729_slc.fits,1.0002101652468021,0.99997723691304918,0.99997781775827721,0.58084522802648308
2769,346.09970898808388,0.12694788785185371,kepler:kplr011904151-2009350160919_slc.fits,0.9990236915691092,0.99997723691304918,0.99997781775827721,0.58084522802648308
2770,226.33872737483759,0.12713637460557869,kepler:kplr011904151-2009231120729_slc.fits,0.9999333863250206,0.99997723691304918,0.99997781775827721,0.58084522802648308
2771,274.91320458879642,0.12715298856439891,kepler:kplr011904151-2009291181958_slc.fits,1.000023850711917,0.99997723691304918,0.99997781775827721,0.58084522802648308
2772,334.3752094464071,0.12731814617507631,kepler:kplr011904151-2009350160919_slc.fits,1.0000667682946265,0.99997723691304918,0.99997781775827721,0.58084522802648308
2773,227.176497659646,0.1274159594139927,kepler:kplr011904151-2009231120729_slc.fits,1.000094695558448,0.99997723691304918,0.99997781775827721,0.58084522802648308
2774,286.63834058537032,0.1274191851382955,kepler:kplr011904151-2009291181958_slc.fits,1.0001369320425402,0.99997723691304918,0.99997781775827721,0.58084522802648308
2775,335.21296412865922,0.1275821284272016,kepler:kplr011904151-2009350160919_slc.fits,0.99951871424794037,0.99997723691304918,0.99997781775827721,0.58084522802648308
2776,228.01426750033721,0.12769510010520149,kepler:kplr011904151-2009231120729_slc.fits,1.0001517211734707,0.99997723691304918,0.99997781775827721,0.58084522802648308
2777,289.98866666584945,0.12778246561743059,kepler:kplr011904151-2009291181958_slc.fits,0.99982832059441162,0.99997723691304918,0.99997781775827721,0.58084522802648308
2778,331.8633087726048,0.1278895723727746,kepler:kplr011904151-2009350160919_slc.fits,1.000225862398191,0.99997723691304918,0.99997781775827721,0.58084522802648308
2779,228.85203699806152,0.12797389782951099,kepler:kplr011904151-2009231120729_slc.fits,1.0003582056107387,0.99997723691304918,0.99997781775827721,0.58084522802648308
2780,264.86422760781721,0.12806440758519419,kepler:kplr011904151-2009291181958_slc.fits,1.000169507695398,0.99997723691304918,0.99997781775827721,0.58084522802648308
2781,343.5884796195096,0.1281906192775768,kepler:kplr011904151-2009350160919_slc.fits,0.99994144729831824,0.99997723691304918,0.99997781775827721,0.58084522802648308
2782,209.59006088142635,0.12828388119434209,kepler:kplr011904151-2009231120729_slc.fits,0.99986059607209155,0.99997723691304918,0.99997781775827721,0.58084522802648308
2783,261.51456212508492,0.12836172485291009,kepler:kplr011904151-2009291181958_slc.fits,1.0002054171138994,0.99997723691304918,0.99997781775827721,0.58084522802648308
2784,325.16400679522485,0.12851319499282879,kepler:kplr011904151-2009350160919_slc.fits,0.99973349603116635,0.99997723691304918,0.99997781775827721,0.58084522802648308
2785,220.4777314555904,0.12857535535839121,kepler:kplr011904151-2009231120729_slc.fits,1.0002954522969778,0.99997723691304918,0.99997781775827721,0.58084522802648308
2786,284.12712739083508,0.12867809060306529,kepler:kplr011904151-2009291181958_slc.fits,0.99989680566577099,0.99997723691304918,0.99997781775827721,0.58084522802648308
2787,343.58916080294875,0.12887180271673229,kepler:kplr011904151-2009350160919_slc.fits,0.99981166749290595,0.99997723691304918,0.99997781775827721,0.58084522802648308
2788,225.50300012890511,0.12889982867310401,kepler:kplr011904151-2009231120729_slc.fits,1.0003921408791243,0.99997723691304918,0.99997781775827721,0.58084522802648308
2789,265.70266520975565,0.1290113095236318,kepler:kplr011904151-2009291181958_slc.fits,0.99975326324221259,0.99997723691304918,0.99997781775827721,0.58084522802648308
2790,344.42691807732626,0.12913837709424131,kepler:kplr011904151-2009350160919_slc.fits,0.99955981118632098,0.99997723691304918,0.99997781775827721,0.58084522802648308
2791,226.34077055783564,0.12917955760362959,kepler:kplr011904151-2009231120729_slc.fits,1.0003429437175495,0.99997723691304918,0.99997781775827721,0.58084522802648308
2792,288.31520658241789,0.12930378218586641,kepler:kplr011904151-2009291181958_slc.fits,1.0000376810768148,0.99997723691304918,0.99997781775827721,0.58084522802648308
2793,330.18984451253345,0.1294067123014333,kepler:kplr011904151-2009350160919_slc.fits,1.0001090985206316,0.99997723691304918,0.99997781775827721,0.58084522802648308
2794,207.07877042018663,0.12946551995461769,kepler:kplr011904151-2009231120729_slc.fits,0.99971864251026199,0.99997723691304918,0.99997781775827721,0.58084522802648308
2795,263.19075781523134,0.1295760149993245,kepler:kplr011904151-2009291181958_slc.fits,0.99977898086288997,0.99997723691304918,0.99997781775827721,0.58084522802648308
2796,341.91500919557438,0.12970159534236281,kepler:kplr011904151-2009350160919_slc.fits,1.0000846983993217,0.99997723691304918,0.99997781775827721,0.58084522802648308
2797,217.96645469805665,0.12977069782464129,kepler:kplr011904151-2009231120729_slc.fits,0.99977240028462522,0.99997723691304918,0.99997781775827721,0.58084522802648308
2798,270.72851835823531,0.12992025800328649,kepler:kplr011904151-2009291181958_slc.fits,0.9997221353961484,0.99997723691304918,0.99997781775827721,0.58084522802648308
2799,218.80422846438159,0.13005376414958469,kepler:kplr011904151-2009231120729_slc.fits,0.99998994510566364,0.99997723691304918,0.99997781775827721,0.58084522802648308
2800,349.4527863533076,0.1300624530755794,kepler:kplr011904151-2009350160919_slc.fits,0.99920572482248982,0.99997723691304918,0.99997781775827721,0.58084522802648308
2801,282.45366566560551,0.13019776537349331,kepler:kplr011904151-2009291181958_slc.fits,0.9999050162542984,0.99997723691304918,0.99997781775827721,0.58084522802648308
2802,203.72969707450105,0.13035497426903569,kepler:kplr011904151-2009231120729_slc.fits,0.99960653043840964,0.99997723691304918,0.99997781775827721,0.58084522802648308
2803,341.9156902786417,0.13038267840968309,kepler:kplr011904151-2009350160919_slc.fits,0.99999277103715456,0.99997723691304918,0.99997781775827721,0.58084522802648308
2804,289.99139098168234,0.13050678145032349,kepler:kplr011904151-2009291181958_slc.fits,1.000171793706125,0.99997723691304918,0.99997781775827721,0.58084522802648308
2805,214.61739971118368,0.1306785109516681,kepler:kplr011904151-2009231120729_slc.fits,1.0000660750199255,0.99997723691304918,0.99997781775827721,0.58084522802648308
2806,338.56602786159056,0.13068306135853369,kepler:kplr011904151-2009350160919_slc.fits,1.0001558496084291,0.99997723691304918,0.99997781775827721,0.58084522802648308
2807,279.94176926523505,0.130773465003033,kepler:kplr011904151-2009291181958_slc.fits,1.0001974351264449,0.99997723691304918,0.99997781775827721,0.58084522802648308
2808,324.32897853905888,0.1309756388268592,kepler:kplr011904151-2009350160919_slc.fits,0.99967496230314079,0.99997723691304918,0.99997781775827721,0.58084522802648308
2809,229.69253072651921,0.1309769262871984,kepler:kplr011904151-2009231120729_slc.fits,0.99980770014581399,0.99997723691304918,0.99997781775827721,0.58084522802648308
2810,287.47949805561075,0.1310859553787278,kepler:kplr011904151-2009291181958_slc.fits,0.99993050527390304,0.99997723691304918,0.99997781775827721,0.58084522802648308
2811,336.0541245299973,0.131251829765274,kepler:kplr011904151-2009350160919_slc.fits,1.0000904853643291,0.99997723691304918,0.99997781775827721,0.58084522802648308
2812,210.43056256536511,0.13129486513309629,kepler:kplr011904151-2009231120729_slc.fits,0.99995026418337118,0.99997723691304918,0.99997781775827721,0.58084522802648308
2813,279.94245044532727,0.13145464509524801,kepler:kplr011904151-2009291181958_slc.fits,1.0000590171769324,0.99997723691304918,0.99997781775827721,0.58084522802648308
2814,217.13072397247009,0.13153067223808351,kepler:kplr011904151-2009231120729_slc.fits,1.0000042374197562,0.99997723691304918,0.99997781775827721,0.58084522802648308
2815,339.40446473095653,0.13162923072451169,kepler:kplr011904151-2009350160919_slc.fits,1.0004451978588,0.99997723691304918,0.99997781775827721,0.58084522802648308
2816,276.59279896829685,0.13176596806482799,kepler:kplr011904151-2009291181958_slc.fits,1.0000892115686164,0.99997723691304918,0.99997781775827721,0.58084522802648308
2817,202.05617996665387,0.1318192664218607,kepler:kplr011904151-2009231120729_slc.fits,1.0001377161420737,0.99997723691304918,0.99997781775827721,0.58084522802648308
2818,340.24222085404472,0.13189465381269549,kepler:kplr011904151-2009350160919_slc.fits,1.0003279406661909,0.99997723691304918,0.99997781775827721,0.58084522802648308
2819,262.35572501899878,0.1320339187667709,kepler:kplr011904151-2009291181958_slc.fits,1.0001343412303829,0.99997723691304918,0.99997781775827721,0.58084522802648308
2820,202.89396039729763,0.13210899706562171,kepler:kplr011904151-2009231120729_slc.fits,0.99991740622509284,0.99997723691304918,0.99997781775827721,0.58084522802648308
2821,326.00516501507082,0.13218071483879429,kepler:kplr011904151-2009350160919_slc.fits,0.99996307726588696,0.99997723691304918,0.99997781775827721,0.58084522802648308
2822,274.08089921784267,0.1323383176106514,kepler:kplr011904151-2009291181958_slc.fits,0.99984927569274162,0.99997723691304918,0.99997781775827721,0.58084522802648308
2823,219.6440451693561,0.13237976912409441,kepler:kplr011904151-2009231120729_slc.fits,1.0001198327942893,0.99997723691304918,0.99997781775827721,0.58084522802648308
2824,337.73031605186407,0.1324619516320435,kepler:kplr011904151-2009350160919_slc.fits,1.0001739694496818,0.99997723691304918,0.99997781775827721,0.58084522802648308
2825,270.73124278536125,0.13264468512922711,kepler:kplr011904151-2009291181958_slc.fits,0.99992642855477365,0.99997723691304918,0.99997781775827721,0.58084522802648308
2826,220.4818182332383,0.13266213300629021,kepler:kplr011904151-2009231120729_slc.fits,0.99962786117853764,0.99997723691304918,0.99997781775827721,0.58084522802648308
2827,330.19324991547182,0.13281211523980291,kepler:kplr011904151-2009350160919_slc.fits,1.0003440682735885,0.99997723691304918,0.99997781775827721,0.58084522802648308
2828,211.26970179655481,0.13294339632280119,kepler:kplr011904151-2009231120729_slc.fits,0.99994218435756521,0.99997723691304918,0.99997781775827721,0.58084522802648308
2829,278.26898724662897,0.1329728463969477,kepler:kplr011904151-2009291181958_slc.fits,0.99975478724936362,0.99997723691304918,0.99997781775827721,0.58084522802648308
2830,341.91841461076547,0.13310701053344509,kepler:kplr011904151-2009350160919_slc.fits,1.0002017658553732,0.99997723691304918,0.99997781775827721,0.58084522802648308
2831,212.10747767618159,0.13322857594957679,kepler:kplr011904151-2009231120729_slc.fits,1.0001353101495003,0.99997723691304918,0.99997781775827721,0.58084522802648308
2832,274.91933451778459,0.13328291755257199,kepler:kplr011904151-2009291181958_slc.fits,0.99965077376129075,0.99997723691304918,0.99997781775827721,0.58084522802648308
2833,334.38133937868406,0.1334480784520391,kepler:kplr011904151-2009350160919_slc.fits,0.99996061069063802,0.99997723691304918,0.99997781775827721,0.58084522802648308
2834,207.08285712507487,0.13355222484285531,kepler:kplr011904151-2009231120729_slc.fits,1.0001072641763686,0.99997723691304918,0.99997781775827721,0.58084522802648308
2835,267.38226405727619,0.13362875704416941,kepler:kplr011904151-2009291181958_slc.fits,1.0001873195289783,0.99997723691304918,0.99997781775827721,0.58084522802648308
2836,331.03168480626482,0.13375630603279909,kepler:kplr011904151-2009350160919_slc.fits,1.0001173330872324,0.99997723691304918,0.99997781775827721,0.58084522802648308
2837,207.92063536139904,0.13383976116702451,kepler:kplr011904151-2009231120729_slc.fits,0.99988551784591118,0.99997723691304918,0.99997781775827721,0.58084522802648308
2838,289.99479657643678,0.13391237620476379,kepler:kplr011904151-2009291181958_slc.fits,1.0004543827321457,0.99997723691304918,0.99997781775827721,0.58084522802648308
2839,346.94427811235079,0.13402631211876501,kepler:kplr011904151-2009350160919_slc.fits,0.99925338664576424,0.99997723691304918,0.99997781775827721,0.58084522802648308
2840,202.8960037040452,0.13415230381318821,kepler:kplr011904151-2009231120729_slc.fits,0.99994981530415961,0.99997723691304918,0.99997781775827721,0.58084522802648308
2841,275.75776963424869,0.1342273340166695,kepler:kplr011904151-2009291181958_slc.fits,1.0003741056554536,0.99997723691304918,0.99997781775827721,0.58084522802648308
2842,343.59460957055126,0.13432057031923419,kepler:kplr011904151-2009350160919_slc.fits,0.99970788159588764,0.99997723691304918,0.99997781775827721,0.58084522802648308
2843,219.64608845888145,0.13442305864944079,kepler:kplr011904151-2009231120729_slc.fits,1.0002459858078758,0.99997723691304918,0.99997781775827721,0.58084522802648308
2844,283.2955048435324,0.1345462433003792,kepler:kplr011904151-2009291181958_slc.fits,1.0000447296098891,0.99997723691304918,0.99997781775827721,0.58084522802648308
2845,344.43236694662482,0.13458724639280281,kepler:kplr011904151-2009350160919_slc.fits,0.99968321584339703,0.99997723691304918,0.99997781775827721,0.58084522802648308
2846,204.57156352038143,0.13473072014942031,kepler:kplr011904151-2009231120729_slc.fits,0.99967967979470795,0.99997723691304918,0.99997781775827721,0.58084522802648308
2847,284.13325730713404,0.13480800690202521,kepler:kplr011904151-2009291181958_slc.fits,1.0000962410516014,0.99997723691304918,0.99997781775827721,0.58084522802648308
2848,341.08270154934144,0.13488464910941461,kepler:kplr011904151-2009350160919_slc.fits,1.0003418863031761,0.99997723691304918,0.99997781775827721,0.58084522802648308
2849,205.40934290561563,0.1350194053836197,kepler:kplr011904151-2009231120729_slc.fits,1.0001180372774434,0.99997723691304918,0.99997781775827721,0.58084522802648308
2850,287.4835846308124,0.13517253058038209,kepler:kplr011904151-2009291181958_slc.fits,1.0003217179096291,0.99997723691304918,0.99997781775827721,0.58084522802648308
2851,337.73304058012582,0.1351864798937949,kepler:kplr011904151-2009350160919_slc.fits,1.0003286996124212,0.99997723691304918,0.99997781775827721,0.58084522802648308
2852,200.38470488511663,0.1353255848846224,kepler:kplr011904151-2009231120729_slc.fits,0.99968441995918078,0.99997723691304918,0.99997781775827721,0.58084522802648308
2853,262.3591305370428,0.13543943681078999,kepler:kplr011904151-2009291181958_slc.fits,0.99980145996837078,0.99997723691304918,0.99997781775827721,0.58084522802648308
2854,349.45823533346265,0.135511433230631,kepler:kplr011904151-2009350160919_slc.fits,0.99964934786786197,0.99997723691304918,0.99997781775827721,0.58084522802648308
2855,207.08490052763227,0.1355956274002601,kepler:kplr011904151-2009231120729_slc.fits,0.99987047141474361,0.99997723691304918,0.99997781775827721,0.58084522802648308
2856,269.8968930944975,0.1357856942654809,kepler:kplr011904151-2009291181958_slc.fits,0.9995983860154668,0.99997723691304918,0.99997781775827721,0.58084522802648308
2857,331.0337281484608,0.13579964822877419,kepler:kplr011904151-2009350160919_slc.fits,0.99984346733996321,0.99997723691304918,0.99997781775827721,0.58084522802648308
2858,202.06026668179399,0.13590598156197939,kepler:kplr011904151-2009231120729_slc.fits,0.99962940532302536,0.99997723691304918,0.99997781775827721,0.58084522802648308
2859,331.87148194321344,0.1360627429814176,kepler:kplr011904151-2009350160919_slc.fits,1.0002071733472655,0.99997723691304918,0.99997781775827721,0.58084522802648308
2860,288.32201757345319,0.1361147732211751,kepler:kplr011904151-2009291181958_slc.fits,0.99936816568518083,0.99997723691304918,0.99997781775827721,0.58084522802648308
2861,218.81035853574576,0.13618383551375321,kepler:kplr011904151-2009231120729_slc.fits,1.0000412968874537,0.99997723691304918,0.99997781775827721,0.58084522802648308
2862,347.78407982739736,0.13633732716534119,kepler:kplr011904151-2009350160919_slc.fits,0.9993378194139052,0.99997723691304918,0.99997781775827721,0.58084522802648308
2863,263.19756894945749,0.13638714922547909,kepler:kplr011904151-2009291181958_slc.fits,0.99985079969989277,0.99997723691304918,0.99997781775827721,0.58084522802648308
2864,203.73582719219121,0.136485091959198,kepler:kplr011904151-2009231120729_slc.fits,0.99978069557245319,0.99997723691304918,0.99997781775827721,0.58084522802648308
2865,329.35958306670364,0.13663596647161391,kepler:kplr011904151-2009350160919_slc.fits,1.0000502801877691,0.99997723691304918,0.99997781775827721,0.58084522802648308
2866,285.81012390756223,0.13669320733020909,kepler:kplr011904151-2009291181958_slc.fits,0.99984260816145476,0.99997723691304918,0.99997781775827721,0.58084522802648308
2867,214.6235296953528,0.13680849512078899,kepler:kplr011904151-2009231120729_slc.fits,0.99959942019170023,0.99997723691304918,0.99997781775827721,0.58084522802648308
2868,326.00993267448212,0.13694837425009429,kepler:kplr011904151-2009350160919_slc.fits,1.0001906852404083,0.99997723691304918,0.99997781775827721,0.58084522802648308
2869,282.46047656374139,0.13700866350937521,kepler:kplr011904151-2009291181958_slc.fits,0.99995300342947357,0.99997723691304918,0.99997781775827721,0.58084522802648308
2870,215.46130486518089,0.13709296494888079,kepler:kplr011904151-2009231120729_slc.fits,0.99986452825398398,0.99997723691304918,0.99997781775827721,0.58084522802648308
2871,326.84768554724724,0.13721054701521671,kepler:kplr011904151-2009350160919_slc.fits,1.0005398764010525,0.99997723691304918,0.99997781775827721,0.58084522802648308
2872,279.11082717799582,0.1373220777637964,kepler:kplr011904151-2009291181958_slc.fits,0.99994986016472398,0.99997723691304918,0.99997781775827721,0.58084522802648308
2873,210.4366926625662,0.1374249623341903,kepler:kplr011904151-2009231120729_slc.fits,1.0001797312362657,0.99997723691304918,0.99997781775827721,0.58084522802648308
2874,330.19801757956884,0.13757977933681961,kepler:kplr011904151-2009350160919_slc.fits,1.0003365547059069,0.99997723691304918,0.99997781775827721,0.58084522802648308
2875,264.87376307033264,0.13759987010062419,kepler:kplr011904151-2009291181958_slc.fits,0.99992955276943341,0.99997723691304918,0.99997781775827721,0.58084522802648308
2876,211.27446969236919,0.13771129213718319,kepler:kplr011904151-2009231120729_slc.fits,1.0000844790675951,0.99997723691304918,0.99997781775827721,0.58084522802648308
2877,341.92318249202799,0.1378748917959686,kepler:kplr011904151-2009350160919_slc.fits,1.0002081220300536,0.99997723691304918,0.99997781775827721,0.58084522802648308
2878,261.52409749854269,0.1378970983106757,kepler:kplr011904151-2009291181958_slc.fits,1.0000721617386119,0.99997723691304918,0.99997781775827721,0.58084522802648308
2879,206.24984634602151,0.1380321457895021,kepler:kplr011904151-2009231120729_slc.fits,1.0001311625055864,0.99997723691304918,0.99997781775827721,0.58084522802648308
2880,327.68611975682143,0.13815405658940519,kepler:kplr011904151-2009350160919_slc.fits,0.99985037375066044,0.99997723691304918,0.99997781775827721,0.58084522802648308
2881,284.13666270515387,0.1382134049218475,kepler:kplr011904151-2009291181958_slc.fits,1.0001828427579715,0.99997723691304918,0.99997781775827721,0.58084522802648308
2882,227.18739546348661,0.13831376325459921,kepler:kplr011904151-2009231120729_slc.fits,0.99976308155219562,0.99997723691304918,0.99997781775827721,0.58084522802648308
2883,324.33647071552696,0.1384678152949359,kepler:kplr011904151-2009350160919_slc.fits,1.0002397131668974,0.99997723691304918,0.99997781775827721,0.58084522802648308
2884,269.89961752219824,0.13851012196622209,kepler:kplr011904151-2009291181958_slc.fits,0.99997586353674217,0.99997723691304918,0.99997781775827721,0.58084522802648308
2885,207.92540326512969,0.13860766489767681,kepler:kplr011904151-2009231120729_slc.fits,0.99995529163053964,0.99997723691304918,0.99997781775827721,0.58084522802648308
2886,331.87420636675961,0.13878716652758699,kepler:kplr011904151-2009350160919_slc.fits,0.99968833873045282,0.99997723691304918,0.99997781775827721,0.58084522802648308
2887,266.54995685627364,0.13881225604161959,kepler:kplr011904151-2009291181958_slc.fits,1.0001574299387246,0.99997723691304918,0.99997781775827721,0.58084522802648308
2888,228.86293479305459,0.13887169282258149,kepler:kplr011904151-2009231120729_slc.fits,1.0000597907109654,0.99997723691304918,0.99997781775827721,0.58084522802648308
2889,328.52455402887426,0.13909762864224179,kepler:kplr011904151-2009350160919_slc.fits,1.0001992233855013,0.99997723691304918,0.99997781775827721,0.58084522802648308
2890,263.20029328310193,0.1391114828699162,kepler:kplr011904151-2009291181958_slc.fits,1.0002055123643463,0.99997723691304918,0.99997781775827721,0.58084522802648308
2891,229.700704044335,0.1391502441029874,kepler:kplr011904151-2009231120729_slc.fits,1.0002874622470139,0.99997723691304918,0.99997781775827721,0.58084522802648308
2892,329.36230738848099,0.1393602882489641,kepler:kplr011904151-2009350160919_slc.fits,1.0001028182405742,0.99997723691304918,0.99997781775827721,0.58084522802648308
2893,210.4387361616391,0.13946846140708749,kepler:kplr011904151-2009231120729_slc.fits,0.99988795974882161,0.99997723691304918,0.99997781775827721,0.58084522802648308
2894,281.62544834460277,0.13947114437075389,kepler:kplr011904151-2009291181958_slc.fits,0.99986070574637598,0.99997723691304918,0.99997781775827721,0.58084522802648308
2895,326.01265719414369,0.13967289391166379,kepler:kplr011904151-2009350160919_slc.fits,1.0000190495503849,0.99997723691304918,0.99997781775827721,0.58084522802648308
2896,217.13889744126936,0.13970414103735429,kepler:kplr011904151-2009231120729_slc.fits,1.000066434123295,0.99997723691304918,0.99997781775827721,0.58084522802648308
2897,289.16317472762603,0.13978122739400861,kepler:kplr011904151-2009291181958_slc.fits,1.0000190881895694,0.99997723691304918,0.99997781775827721,0.58084522802648308
2898,202.06435339692689,0.13999269669487899,kepler:kplr011904151-2009231120729_slc.fits,0.99990609446896439,0.99997723691304918,0.99997781775827721,0.58084522802648308
2899,333.55039591233071,0.13999531209869251,kepler:kplr011904151-2009350160919_slc.fits,0.99994429334668244,0.99997723691304918,0.99997781775827721,0.58084522802648308
2900,279.1135515991773,0.1400464989452796,kepler:kplr011904151-2009291181958_slc.fits,0.99966182281313765,0.99997723691304918,0.99997781775827721,0.58084522802648308
2901,212.95206519211931,0.14032539188729479,kepler:kplr011904151-2009231120729_slc.fits,0.99974180467757279,0.99997723691304918,0.99997781775827721,0.58084522802648308
2902,260.68906431301002,0.1403546127780099,kepler:kplr011904151-2009291181958_slc.fits,0.99974507170377458,0.99997723691304918,0.99997781775827721,0.58084522802648308
2903,336.90073400398251,0.14037060375048499,kepler:kplr011904151-2009350160919_slc.fits,0.9999349962553592,0.99997723691304918,0.99997781775827721,0.58084522802648308
2904,228.02720858089009,0.14063618065807931,kepler:kplr011904151-2009231120729_slc.fits,0.99983948079398477,0.99997723691304918,0.99997781775827721,0.58084522802648308
2905,283.30163476075541,0.14067616052338569,kepler:kplr011904151-2009291181958_slc.fits,0.99973935667695724,0.99997723691304918,0.99997781775827721,0.58084522802648308
2906,333.55107689352729,0.1406762932952734,kepler:kplr011904151-2009350160919_slc.fits,0.9997056806518192,0.99997723691304918,0.99997781775827721,0.58084522802648308
2907,214.62761648487503,0.14089528464302239,kepler:kplr011904151-2009231120729_slc.fits,1.0000716411221475,0.99997723691304918,0.99997781775827721,0.58084522802648308
2908,345.27625434230868,0.14098394207665341,kepler:kplr011904151-2009350160919_slc.fits,0.99949556638791059,0.99997723691304918,0.99997781775827721,0.58084522802648308
2909,279.95198576779512,0.1409899675631027,kepler:kplr011904151-2009291181958_slc.fits,0.99967927269501944,0.99997723691304918,0.99997781775827721,0.58084522802648308
2910,209.60300208073025,0.14122508049823779,kepler:kplr011904151-2009231120729_slc.fits,0.99984781199214923,0.99997723691304918,0.99997781775827721,0.58084522802648308
2911,341.92658790721907,0.14128030698705091,kepler:kplr011904151-2009350160919_slc.fits,1.00029530597828,0.99997723691304918,0.99997781775827721,0.58084522802648308
2912,287.48971454361163,0.1413024433796064,kepler:kplr011904151-2009291181958_slc.fits,0.99968630217800436,0.99997723691304918,0.99997781775827721,0.58084522802648308
2913,210.44077936070971,0.14151166047770039,kepler:kplr011904151-2009231120729_slc.fits,0.99988059812975361,0.99997723691304918,0.99997781775827721,0.58084522802648308
2914,262.36526048965607,0.14156938942405439,kepler:kplr011904151-2009291181958_slc.fits,1.0003436255124285,0.99997723691304918,0.99997781775827721,0.58084522802648308
2915,338.57692547765328,0.14158067742125441,kepler:kplr011904151-2009350160919_slc.fits,1.0005916744812831,0.99997723691304918,0.99997781775827721,0.58084522802648308
2916,217.14094073335585,0.1417474331238377,kepler:kplr011904151-2009231120729_slc.fits,0.999783388847722,0.99997723691304918,0.99997781775827721,0.58084522802648308
2917,339.41468126759719,0.14184576736516691,kepler:kplr011904151-2009350160919_slc.fits,1.0006034381478552,0.99997723691304918,0.99997781775827721,0.58084522802648308
2918,269.90302303197677,0.14191563174475341,kepler:kplr011904151-2009291181958_slc.fits,0.9999439546370128,0.99997723691304918,0.99997781775827721,0.58084522802648308
2919,202.06639680460648,0.14203610437447259,kepler:kplr011904151-2009231120729_slc.fits,0.99993421226276979,0.99997723691304918,0.99997781775827721,0.58084522802648308
2920,325.17762879112706,0.14213519089504159,kepler:kplr011904151-2009350160919_slc.fits,1.0001000670604889,0.99997723691304918,0.99997781775827721,0.58084522802648308
2921,288.3281474855612,0.14224468532918341,kepler:kplr011904151-2009291181958_slc.fits,0.99934471502514077,0.99997723691304918,0.99997781775827721,0.58084522802648308
2922,218.81648860710999,0.1423139068779786,kepler:kplr011904151-2009231120729_slc.fits,0.99997216948889001,0.99997723691304918,0.99997781775827721,0.58084522802648308
2923,332.71536605682923,0.14245615659720379,kepler:kplr011904151-2009350160919_slc.fits,1.0002688377284921,0.99997723691304918,0.99997781775827721,0.58084522802648308
2924,274.09111573507107,0.14255483483905171,kepler:kplr011904151-2009291181958_slc.fits,0.99989690091621797,0.99997723691304918,0.99997781775827721,0.58084522802648308
2925,219.65426191720329,0.14259651697127571,kepler:kplr011904151-2009231120729_slc.fits,1.000126045282576,0.99997723691304918,0.99997781775827721,0.58084522802648308
2926,333.55312033712107,0.14271973688905071,kepler:kplr011904151-2009350160919_slc.fits,0.99957563521522641,0.99997723691304918,0.99997781775827721,0.58084522802648308
2927,285.81625392199931,0.14282322176728529,kepler:kplr011904151-2009291181958_slc.fits,0.99953544452012,0.99997723691304918,0.99997781775827721,0.58084522802648308
2928,220.4920349768945,0.14287887666249149,kepler:kplr011904151-2009231120729_slc.fits,0.99978137786885435,0.99997723691304918,0.99997781775827721,0.58084522802648308
2929,345.2782976939634,0.14302729373137341,kepler:kplr011904151-2009350160919_slc.fits,0.99935212555034958,0.99997723691304918,0.99997781775827721,0.58084522802648308
2930,211.27991858747555,0.14316018724353791,kepler:kplr011904151-2009231120729_slc.fits,1.0001434617959799,0.99997723691304918,0.99997781775827721,0.58084522802648308
2931,289.16658032285341,0.1431868226213861,kepler:kplr011904151-2009291181958_slc.fits,0.99938997803753304,0.99997723691304918,0.99997781775827721,0.58084522802648308
2932,341.92863125634176,0.14332365610973771,kepler:kplr011904151-2009350160919_slc.fits,1.0000426907254645,0.99997723691304918,0.99997781775827721,0.58084522802648308
2933,212.11769456290489,0.14344546267287581,kepler:kplr011904151-2009231120729_slc.fits,0.99973587947198161,0.99997723691304918,0.99997781775827721,0.58084522802648308
2934,264.04213686932781,0.14346436909579369,kepler:kplr011904151-2009291181958_slc.fits,1.0002933332764372,0.99997723691304918,0.99997781775827721,0.58084522802648308
2935,327.69156859818031,0.14360289794828951,kepler:kplr011904151-2009350160919_slc.fits,1.0000332797922065,0.99997723691304918,0.99997781775827721,0.58084522802648308
2936,212.95547068606533,0.14373088583331389,kepler:kplr011904151-2009231120729_slc.fits,0.99987205146956759,0.99997723691304918,0.99997781775827721,0.58084522802648308
2937,286.65468698839686,0.14376558816484139,kepler:kplr011904151-2009291181958_slc.fits,0.9997719323298152,0.99997723691304918,0.99997781775827721,0.58084522802648308
2938,335.22931058550603,0.1439285852740059,kepler:kplr011904151-2009350160919_slc.fits,1.0003176948920791,0.99997723691304918,0.99997781775827721,0.58084522802648308
2939,228.03061424945921,0.14404184922719479,kepler:kplr011904151-2009231120729_slc.fits,1.0002427538775531,0.99997723691304918,0.99997781775827721,0.58084522802648308
2940,290.00501306071965,0.14412886048762799,kepler:kplr011904151-2009291181958_slc.fits,0.99991776076410077,0.99997723691304918,0.99997781775827721,0.58084522802648308
2941,331.87965521384467,0.1442360136126499,kepler:kplr011904151-2009350160919_slc.fits,1.0001953148124141,0.99997723691304918,0.99997781775827721,0.58084522802648308
2942,214.63102197602711,0.1443007757951022,kepler:kplr011904151-2009231120729_slc.fits,1.0001238906623608,0.99997723691304918,0.99997781775827721,0.58084522802648308
2943,260.69315091708268,0.14444121685066411,kepler:kplr011904151-2009291181958_slc.fits,0.99972975543190479,0.99997723691304918,0.99997781775827721,0.58084522802648308
2944,347.79225314207002,0.14451064183800169,kepler:kplr011904151-2009350160919_slc.fits,0.99950182769431217,0.99997723691304918,0.99997781775827721,0.58084522802648308
2945,215.46879714282841,0.1445852425963956,kepler:kplr011904151-2009231120729_slc.fits,0.99983445334681642,0.99997723691304918,0.99997781775827721,0.58084522802648308
2946,348.63001168947812,0.1447784892461019,kepler:kplr011904151-2009350160919_slc.fits,0.99927497866602122,0.99997723691304918,0.99997781775827721,0.58084522802648308
2947,268.23091751484753,0.14479151461551429,kepler:kplr011904151-2009291181958_slc.fits,1.000238469018992,0.99997723691304918,0.99997781775827721,0.58084522802648308
2948,228.86906483391795,0.14500173368593569,kepler:kplr011904151-2009231120729_slc.fits,0.9999699071376642,0.99997723691304918,0.99997781775827721,0.58084522802648308
2949,279.9560724488183,0.14507664858628461,kepler:kplr011904151-2009291181958_slc.fits,0.9999839598247332,0.99997723691304918,0.99997781775827721,0.58084522802648308
2950,326.01810593347182,0.14512163323979441,kepler:kplr011904151-2009350160919_slc.fits,1.0001300454365929,0.99997723691304918,0.99997781775827721,0.58084522802648308
2951,229.70683408263,0.14528028239798549,kepler:kplr011904151-2009231120729_slc.fits,0.99993751601376601,0.99997723691304918,0.99997781775827721,0.58084522802648308
2952,287.49380111882056,0.1453890185885367,kepler:kplr011904151-2009291181958_slc.fits,0.9999761492880832,0.99997723691304918,0.99997781775827721,0.58084522802648308
2953,337.74325711114943,0.1454030109174109,kepler:kplr011904151-2009350160919_slc.fits,1.0006903374912457,0.99997723691304918,0.99997781775827721,0.58084522802648308
2954,216.30725305526721,0.14555045503519889,kepler:kplr011904151-2009231120729_slc.fits,1.0000016159651612,0.99997723691304918,0.99997781775827721,0.58084522802648308
2955,262.36934709129127,0.14565599105926269,kepler:kplr011904151-2009291181958_slc.fits,1.0001500766042195,0.99997723691304918,0.99997781775827721,0.58084522802648308
2956,349.46845180878154,0.14572790854951551,kepler:kplr011904151-2009350160919_slc.fits,0.9991432256004098,0.99997723691304918,0.99997781775827721,0.58084522802648308
2957,211.28264298491561,0.1458845846835998,kepler:kplr011904151-2009231120729_slc.fits,1.0001263325652712,0.99997723691304918,0.99997781775827721,0.58084522802648308
2958,274.0945211407743,0.14596024054228529,kepler:kplr011904151-2009291181958_slc.fits,0.99970182800085805,0.99997723691304918,0.99997781775827721,0.58084522802648308
2959,335.23135383010958,0.1459718298775616,kepler:kplr011904151-2009350160919_slc.fits,0.99998423289206162,0.99997723691304918,0.99997781775827721,0.58084522802648308
2960,212.12041905918159,0.14616995894957441,kepler:kplr011904151-2009231120729_slc.fits,0.9996276098061796,0.99997723691304918,0.99997781775827721,0.58084522802648308
2961,331.88169855650631,0.14627935627428629,kepler:kplr011904151-2009350160919_slc.fits,0.99951302215121163,0.99997723691304918,0.99997781775827721,0.58084522802648308
2962,266.55744906546897,0.14630446523695359,kepler:kplr011904151-2009291181958_slc.fits,1.0001717175057674,0.99997723691304918,0.99997781775827721,0.58084522802648308
2963,227.19556869131333,0.14648699108131599,kepler:kplr011904151-2009231120729_slc.fits,1.0001633920329689,0.99997723691304918,0.99997781775827721,0.58084522802648308
2964,278.28260915524152,0.14659475500949701,kepler:kplr011904151-2009291181958_slc.fits,1.0000106299498801,0.99997723691304918,0.99997781775827721,0.58084522802648308
2965,339.41944904471893,0.14661354448690919,kepler:kplr011904151-2009350160919_slc.fits,1.0005491734923759,0.99997723691304918,0.99997781775827721,0.58084522802648308
2966,228.03333862431464,0.14676622408262749,kepler:kplr011904151-2009231120729_slc.fits,1.0005119018527402,0.99997723691304918,0.99997781775827721,0.58084522802648308
2967,340.25720507206279,0.1468788718307667,kepler:kplr011904151-2009350160919_slc.fits,1.0003301416102592,0.99997723691304918,0.99997781775827721,0.58084522802648308
2968,285.82034049836511,0.14690979813309291,kepler:kplr011904151-2009291181958_slc.fits,1.0001215967205803,0.99997723691304918,0.99997781775827721,0.58084522802648308
2969,228.87110821412352,0.1470451138915134,kepler:kplr011904151-2009231120729_slc.fits,1.0000472220930448,0.99997723691304918,0.99997781775827721,0.58084522802648308
2970,336.90754502284108,0.1471816226090556,kepler:kplr011904151-2009350160919_slc.fits,1.000039541098608,0.99997723691304918,0.99997781775827721,0.58084522802648308
2971,282.47069306082994,0.1472251605979249,kepler:kplr011904151-2009291181958_slc.fits,0.99990985497700358,0.99997723691304918,0.99997781775827721,0.58084522802648308
2972,215.47152163468127,0.1473097344492551,kepler:kplr011904151-2009231120729_slc.fits,0.99989056324824799,0.99997723691304918,0.99997781775827721,0.58084522802648308
2973,268.23364194395253,0.1475159437205153,kepler:kplr011904151-2009291181958_slc.fits,0.99997176776752317,0.99997723691304918,0.99997781775827721,0.58084522802648308
2974,344.44530783628579,0.1475281360537703,kepler:kplr011904151-2009350160919_slc.fits,0.99947981825362819,0.99997723691304918,0.99997781775827721,0.58084522802648308
2975,200.39696514052773,0.14758584029571509,kepler:kplr011904151-2009231120729_slc.fits,1.000237726430385,0.99997723691304918,0.99997781775827721,0.58084522802648308
2976,330.20823408837896,0.14779628814693699,kepler:kplr011904151-2009350160919_slc.fits,1.0004174963213874,0.99997723691304918,0.99997781775827721,0.58084522802648308
2977,264.88397961585002,0.1478164156180046,kepler:kplr011904151-2009291181958_slc.fits,1.0005085992865514,0.99997723691304918,0.99997781775827721,0.58084522802648308
2978,207.09716064230449,0.1478557420724762,kepler:kplr011904151-2009231120729_slc.fits,1.0000879803254443,0.99997723691304918,0.99997781775827721,0.58084522802648308
2979,346.12082319529873,0.1480620950667042,kepler:kplr011904151-2009350160919_slc.fits,0.99982722589063078,0.99997723691304918,0.99997781775827721,0.58084522802648308
2980,202.07252692719339,0.14816622696138279,kepler:kplr011904151-2009231120729_slc.fits,0.99986982502867883,0.99997723691304918,0.99997781775827721,0.58084522802648308
2981,268.23432312625664,0.14819712602462151,kepler:kplr011904151-2009291181958_slc.fits,1.0002739974357058,0.99997723691304918,0.99997781775827721,0.58084522802648308
2982,334.39632356878428,0.14843226855226099,kepler:kplr011904151-2009350160919_slc.fits,0.9996815082143784,0.99997723691304918,0.99997781775827721,0.58084522802648308
2983,218.82261857847331,0.1484438782413004,kepler:kplr011904151-2009231120729_slc.fits,0.99964538542295278,0.99997723691304918,0.99997781775827721,0.58084522802648308
2984,279.95947784963209,0.1484820494000747,kepler:kplr011904151-2009291181958_slc.fits,0.99960848256284363,0.99997723691304918,0.99997781775827721,0.58084522802648308
2985,346.1215042793774,0.1487431791453826,kepler:kplr011904151-2009350160919_slc.fits,0.99924378597594843,0.99997723691304918,0.99997781775827721,0.58084522802648308
2986,203.74808732735249,0.1487452271204823,kepler:kplr011904151-2009231120729_slc.fits,0.99989173033419798,0.99997723691304918,0.99997781775827721,0.58084522802648308
2987,261.5349951396347,0.1487947394026907,kepler:kplr011904151-2009291181958_slc.fits,1.0004043952975843,0.99997723691304918,0.99997781775827721,0.58084522802648308
2988,327.69701733956026,0.14905163932824009,kepler:kplr011904151-2009350160919_slc.fits,1.0003176948920791,0.99997723691304918,0.99997781775827721,0.58084522802648308
2989,262.37275260944443,0.1490615092124212,kepler:kplr011904151-2009291181958_slc.fits,0.99990623546001922,0.99997723691304918,0.99997781775827721,0.58084522802648308
2990,228.87315159433641,0.14908849410439551,kepler:kplr011904151-2009231120729_slc.fits,1.0002862053852219,0.99997723691304918,0.99997781775827721,0.58084522802648308
2991,284.98531260973687,0.14937260950484621,kepler:kplr011904151-2009291181958_slc.fits,0.99975440624757606,0.99997723691304918,0.99997781775827721,0.58084522802648308
2992,209.61117568026384,0.1493986800318296,kepler:kplr011904151-2009231120729_slc.fits,1.000475560591781,0.99997723691304918,0.99997781775827721,0.58084522802648308
2993,331.04735006314883,0.14942156291680489,kepler:kplr011904151-2009350160919_slc.fits,1.0003630419293503,0.99997723691304918,0.99997781775827721,0.58084522802648308
2994,210.44895285675011,0.1496851565180996,kepler:kplr011904151-2009231120729_slc.fits,0.99997764581526982,0.99997723691304918,0.99997781775827721,0.58084522802648308
2995,281.63566484343755,0.1496876432055334,kepler:kplr011904151-2009291181958_slc.fits,0.99993717280518957,0.99997723691304918,0.99997781775827721,0.58084522802648308
2996,346.95994355187577,0.14969175164374521,kepler:kplr011904151-2009350160919_slc.fits,0.99929406616371796,0.99997723691304918,0.99997781775827721,0.58084522802648308
2997,211.28672978142279,0.14997138119078099,kepler:kplr011904151-2009231120729_slc.fits,1,0.99997723691304918,0.99997781775827721,0.58084522802648308
2998,328.53545161375951,0.14999521352748421,kepler:kplr011904151-2009350160919_slc.fits,0.99998508670657082,0.99997723691304918,0.99997781775827721,0.58084522802648308
2999,289.17339131306653,0.14999781283451161,kepler:kplr011904151-2009291181958_slc.fits,0.99973238434424039,0.99997723691304918,0.99997781775827721,0.58084522802648308
