phase,time,exposure_time_seconds,segment_id,normalized_flux,normalized_flux_err,raw_flux,raw_flux_err
-0.15000000000000002,-0.14999999999999999,120,synthetic_segment_000,1.0008946652481208,0.00016000253289492433,0.98086124432773825,0.00015680000000000002
-0.1479166666666667,-0.14791666666666667,120,synthetic_segment_000,0.99971705547311362,0.00016027935388609202,0.9797072050173582,0.00015707128027681662
-0.14583333333333331,-0.14583333333333331,120,synthetic_segment_000,0.99975102786350312,0.00016055617487725974,0.97974049743290126,0.00015734256055363325
-0.14374999999999999,-0.14374999999999999,120,synthetic_segment_000,1.0003580962482899,0.00016083299586842738,0.98033541503209376,0.00015761384083044983
-0.14166666666666666,-0.14166666666666666,120,synthetic_segment_000,0.99907880090478041,0.00016110981685959507,0.97908172544210437,0.00015788512110726644
-0.13958333333333334,-0.13958333333333334,120,synthetic_segment_000,0.99942720149846531,0.00016138663785076276,0.97942315261892088,0.00015815640138408304
-0.13749999999999996,-0.13749999999999998,120,synthetic_segment_000,0.99846204379447123,0.00016166345884193047,0.97847731304220831,0.00015842768166089968
-0.13541666666666663,-0.13541666666666666,120,synthetic_segment_000,0.99876857655083073,0.00016194027983309819,0.97877771038797245,0.00015869896193771631
-0.1333333333333333,-0.13333333333333333,120,synthetic_segment_000,0.99940431855392331,0.0001622171008242658,0.97940072768826969,0.00015897024221453286
-0.13124999999999998,-0.13125000000000001,120,synthetic_segment_000,0.9997136263209172,0.00016249392181543352,0.97970384450140469,0.00015924152249134949
-0.12916666666666665,-0.12916666666666665,120,synthetic_segment_000,0.99940059228021016,0.00016277074280660121,0.97939707599783921,0.0001595128027681661
-0.12708333333333333,-0.12708333333333333,120,synthetic_segment_000,1.0000250900264804,0.00016304756379776893,0.98000907410089111,0.00015978408304498273
-0.125,-0.125,120,synthetic_segment_000,0.99916030105262132,0.00016332438478893659,0.97916159432261674,0.00016005536332179931
-0.12291666666666667,-0.12291666666666666,120,synthetic_segment_000,0.99970504045200248,0.00016360120578010428,0.97969543048306718,0.00016032664359861594
-0.12083333333333335,-0.12083333333333332,120,synthetic_segment_000,1.0009047305830878,0.00016387802677127195,0.98087110819985501,0.00016059792387543252
-0.11875000000000002,-0.11874999999999999,120,synthetic_segment_000,1.0005701040404325,0.00016415484776243966,0.98054317937936053,0.00016086920415224915
-0.1166666666666667,-0.11666666666666667,120,synthetic_segment_000,0.99982936689178648,0.00016443166875360738,0.97981726846528794,0.00016114048442906578
-0.11458333333333331,-0.11458333333333333,120,synthetic_segment_000,1.0017773342676872,0.00016470848974477504,0.98172624627341942,0.00016141176470588236
-0.11249999999999999,-0.11249999999999999,120,synthetic_segment_000,1.0017525060614973,0.00016498531073594276,0.98170191501653148,0.00016168304498269899
-0.11041666666666666,-0.11041666666666666,120,synthetic_segment_000,1.0008586579101881,0.0001652621317271104,0.98082595769517256,0.00016195432525951557
-0.10833333333333334,-0.10833333333333334,120,synthetic_segment_000,1.0009297255915091,0.00016553895271827812,0.98089560292034195,0.0001622256055363322
-0.10625000000000001,-0.10625,120,synthetic_segment_000,1.0007240142597731,0.00016581577370944581,0.98069400900659198,0.00016249688581314881
-0.10416666666666663,-0.10416666666666666,120,synthetic_segment_000,1.0011963513566089,0.0001660925947006135,0.98115689203377809,0.00016276816608996541
-0.1020833333333333,-0.10208333333333333,120,synthetic_segment_000,1.0004499405148999,0.00016636941569178119,0.98042542098852381,0.00016303944636678202
-0.099999999999999978,-0.099999999999999992,120,synthetic_segment_000,0.99994077357482936,0.00016664623668294885,0.9799264452863361,0.00016331072664359862
-0.097916666666666652,-0.097916666666666652,120,synthetic_segment_000,1.0007602346698645,0.00016692305767411654,0.98072950444656759,0.00016358200692041523
-0.095833333333333326,-0.095833333333333326,120,synthetic_segment_000,1.0005072634749237,0.00016719987866528423,0.98048159660005385,0.00016385328719723184
-0.09375,-0.09375,120,synthetic_segment_000,0.99985313726310099,0.00016747669965645195,0.9798405630604089,0.00016412456747404847
-0.091666666666666674,-0.09166666666666666,120,synthetic_segment_000,1.000456033973752,0.00016775352064761964,0.98043139248366662,0.00016439584775086507
-0.089583333333333348,-0.08958333333333332,120,synthetic_segment_000,0.99906347346509483,0.0001680303416387873,0.97906670478899838,0.00016466712802768168
-0.087500000000000022,-0.087499999999999994,120,synthetic_segment_000,0.99943314528582017,0.00016830716262995499,0.97942897743831825,0.00016493840830449828
-0.085416666666666696,-0.085416666666666669,120,synthetic_segment_000,0.99912554849460866,0.00016858398362112268,0.97912753735490632,0.00016520968858131489
-0.083333333333333315,-0.083333333333333329,120,synthetic_segment_000,0.99961044262396226,0.00016886080461229038,0.97960272607915344,0.00016548096885813149
-0.081249999999999989,-0.081249999999999989,120,synthetic_segment_000,0.99958059111657938,0.00016913762560345809,0.97957347206502665,0.00016575224913494813
-0.079166666666666663,-0.079166666666666663,120,synthetic_segment_000,0.99916409830996145,0.00016941444659462573,0.97916531557590047,0.0001660235294117647
-0.077083333333333337,-0.077083333333333323,120,synthetic_segment_000,0.99965193602370284,0.00016969126758579345,0.97964338896718162,0.00016629480968858134
-0.075000000000000011,-0.074999999999999997,120,synthetic_segment_000,0.99941421230016814,0.00016996808857696111,0.97941042340610063,0.00016656608996539791
-0.07291666666666663,-0.072916666666666657,120,synthetic_segment_000,0.99785757726576196,0.00017024490956812883,0.97788494522160729,0.00016683737024221455
-0.070833333333333304,-0.070833333333333331,120,synthetic_segment_000,0.99978697978845699,0.00017052173055929655,0.97977572976160732,0.00016710865051903118
-0.068749999999999978,-0.068749999999999992,120,synthetic_segment_000,0.99972288515756913,0.00017079855155046421,0.97971291801768445,0.00016737993079584776
-0.066666666666666652,-0.066666666666666666,120,synthetic_segment_000,0.99996401608723862,0.00017107537254163187,0.97994922258791894,0.00016765121107266436
-0.064583333333333326,-0.064583333333333326,120,synthetic_segment_000,0.99915876943580795,0.00017135219353279956,0.9791600933619008,0.00016792249134948097
-0.0625,-0.0625,120,synthetic_segment_000,1.0006925883620335,0.00017162901452396728,0.98066321211434015,0.0001681937716262976
-0.060416666666666674,-0.06041666666666666,120,synthetic_segment_000,1.000786887614477,0.00017190583551513497,0.980755623918801,0.00016846505190311421
-0.058333333333333348,-0.058333333333333334,120,synthetic_segment_000,1.0013022459100642,0.00017218265650630266,0.98126066705334414,0.00016873633217993081
-0.056250000000000022,-0.056249999999999994,120,synthetic_segment_000,1.0008379614162066,0.0001724594774974703,0.98080567545215058,0.00016900761245674739
-0.054166666666666696,-0.054166666666666669,120,synthetic_segment_000,1.0014340925639114,0.00017273629848863802,0.98138987472868011,0.00016927889273356402
-0.052083333333333315,-0.052083333333333329,120,synthetic_segment_000,1.0011061109821755,0.00017301311947980573,0.98106845786679875,0.00016955017301038065
-0.049999999999999989,-0.049999999999999989,120,synthetic_segment_000,1.0004926616019241,0.00017328994047097342,0.9804672869910438,0.00016982145328719726
-0.047916666666666663,-0.047916666666666663,120,synthetic_segment_000,1.0013911116212717,0.00017356676146214109,0.98134775407168828,0.00017009273356401384
-0.045833333333333337,-0.045833333333333323,120,synthetic_segment_000,1.0006393006170196,0.00017384358245330875,0.98061099095091853,0.00017036401384083044
-0.043750000000000011,-0.043749999999999997,120,synthetic_segment_000,1.0004808740743887,0.00017412040344447647,0.98045573539692787,0.00017063529411764708
-0.04166666666666663,-0.041666666666666657,120,synthetic_segment_000,1.0013873309834971,0.00017439722443564416,0.98134404910532103,0.00017090657439446368
-0.039583333333333304,-0.039583333333333331,120,synthetic_segment_000,1.0005973329460216,0.00017467404542681185,0.98056986328441587,0.00017117785467128029
-0.037499999999999978,-0.037499999999999992,120,synthetic_segment_000,1.0003941309816184,0.00017495086641797954,0.98037072851172247,0.00017144913494809689
-0.035416666666666652,-0.035416666666666666,120,synthetic_segment_000,1.001016285486982,0.0001752276874091472,0.9809804302750379,0.0001717204152249135
-0.033333333333333326,-0.033333333333333326,120,synthetic_segment_000,1.0005065852216402,0.00017550450840031489,0.98048093192235819,0.0001719916955017301
-0.03125,-0.03125,120,synthetic_segment_000,1.0003612055073543,0.00017578132939148261,0.98033846205774067,0.00017226297577854673
-0.029166666666666674,-0.02916666666666666,120,synthetic_segment_000,1.0001509751918327,0.0001760581503826503,0.98013243960998708,0.00017253425605536334
-0.027083333333333348,-0.027083333333333334,120,synthetic_segment_000,0.99882338441060314,0.00017633497137381799,0.97883142124027467,0.00017280553633217994
-0.025000000000000022,-0.024999999999999994,120,synthetic_segment_000,0.99953810089834094,0.00017661179236498568,0.97953183231033503,0.00017307681660899655
-0.022916666666666696,-0.022916666666666669,120,synthetic_segment_000,0.99863214807570988,0.00017688861335615335,0.97864401259886935,0.00017334809688581316
-0.02083333333333337,-0.020833333333333343,120,synthetic_segment_000,0.99933129663807518,0.00017716543434732107,0.97932916734358122,0.00017361937716262979
-0.018749999999999989,-0.018749999999999989,120,synthetic_segment_000,0.99623139579827125,0.00017744225533848873,0.97629131261161606,0.00017389065743944637
-0.016666666666666663,-0.016666666666666663,120,synthetic_segment_000,0.9951238784165064,0.00017771907632965645,0.97520596275921856,0.000174161937716263
-0.014583333333333337,-0.014583333333333337,120,synthetic_segment_000,0.99477961354148559,0.00017799589732082411,0.97486858852253244,0.00017443321799307958
-0.012499999999999956,-0.012499999999999983,120,synthetic_segment_000,0.99464356141094479,0.0001782727183119918,0.97473525954527929,0.00017470449826989621
-0.01041666666666663,-0.010416666666666657,120,synthetic_segment_000,0.99475246576671161,0.00017854953930315946,0.97484198412441736,0.00017497577854671279
-0.0083333333333333037,-0.0083333333333333315,120,synthetic_segment_000,0.99513406261932624,0.00017882636029432718,0.97521594311998694,0.00017524705882352942
-0.0062499999999999778,-0.0062500000000000056,120,synthetic_segment_000,0.99324972442493009,0.0001791031812854949,0.97336932092260364,0.00017551833910034605
-0.0041666666666666519,-0.0041666666666666519,120,synthetic_segment_000,0.99417881857529766,0.00017938000227666256,0.9742798187762427,0.00017578961937716263
-0.0020833333333333259,-0.0020833333333333259,120,synthetic_segment_000,0.99404598202915462,0.00017965682326783025,0.97414964102181356,0.00017606089965397926
0,0,120,synthetic_segment_000,0.99472505859509752,0.00017993364425899792,0.97481512552142324,0.00017633217993079584
0.0020833333333333259,0.0020833333333333259,120,synthetic_segment_000,0.9952404011865662,0.00018021046525016563,0.97532015326617372,0.00017660346020761247
0.0041666666666666519,0.0041666666666666796,120,synthetic_segment_000,0.9952111796470372,0.00018048728624133332,0.97529151661077051,0.00017687474048442908
0.0062499999999999778,0.0062500000000000056,120,synthetic_segment_000,0.99593290429953496,0.00018076410723250104,0.97599879557357272,0.00017714602076124571
0.0083333333333333037,0.0083333333333333315,120,synthetic_segment_000,0.99560863468847827,0.00018104092822366868,0.9756810163853703,0.00017741730103806229
0.01041666666666663,0.010416666666666657,120,synthetic_segment_000,0.99561019506035198,0.00018131774921483637,0.9756825455255993,0.00017768858131487889
0.012499999999999956,0.012500000000000011,120,synthetic_segment_000,0.99588346337850464,0.00018159457020600409,0.97595034423797644,0.00017795986159169553
0.014583333333333393,0.014583333333333337,120,synthetic_segment_000,0.9964428911918648,0.00018187139119717178,0.97649857481625402,0.00017823114186851213
0.016666666666666607,0.016666666666666663,120,synthetic_segment_000,0.99650939207199207,0.00018214821218833947,0.97656374464710172,0.00017850242214532874
0.018750000000000044,0.018750000000000017,120,synthetic_segment_000,0.9968418581225893,0.00018242503317950713,0.9768895562188965,0.00017877370242214531
0.02083333333333337,0.020833333333333343,120,synthetic_segment_000,0.99668391147699087,0.00018270185417067482,0.97673477095655259,0.00017904498269896195
0.022916666666666696,0.022916666666666669,120,synthetic_segment_000,0.99911957421962849,0.00018297867516184251,0.97912168265810906,0.00017931626297577855
0.025000000000000022,0.024999999999999994,120,synthetic_segment_000,0.99915809530853983,0.00018325549615301023,0.97915943272763617,0.00017958754325259518
0.027083333333333348,0.027083333333333348,120,synthetic_segment_000,0.99959583952811493,0.00018353231714417789,0.97958841527177165,0.00017985882352941176
0.029166666666666674,0.029166666666666674,120,synthetic_segment_000,0.99968774624634904,0.00018380913813534558,0.97967848242982447,0.00018013010380622837
0.03125,0.03125,120,synthetic_segment_000,1.0001911713435911,0.00018408595912651325,0.98017183121511786,0.00018040138408304497
0.033333333333333326,0.033333333333333326,120,synthetic_segment_000,1.0000120332790743,0.00018436278011768097,0.97999627869099193,0.00018067266435986161
0.035416666666666652,0.03541666666666668,120,synthetic_segment_000,0.99909025676850904,0.00018463960110884868,0.97909295201083524,0.00018094394463667824
0.037499999999999978,0.037500000000000006,120,synthetic_segment_000,0.99825896367763023,0.00018491642210001635,0.97827829767823538,0.00018121522491349482
0.039583333333333304,0.039583333333333331,120,synthetic_segment_000,0.99920447955745384,0.00018519324309118404,0.97920488857197896,0.00018148650519031142
0.04166666666666663,0.041666666666666657,120,synthetic_segment_000,0.99921964376699757,0.0001854700640823517,0.97921974926207833,0.00018175778546712803
0.043749999999999956,0.043750000000000011,120,synthetic_segment_000,0.99860737589429838,0.00018574688507351942,0.97861973624539511,0.00018202906574394466
0.045833333333333393,0.045833333333333337,120,synthetic_segment_000,0.99848503153604184,0.00018602370606468711,0.97849984067232176,0.00018230034602076126
0.047916666666666607,0.047916666666666663,120,synthetic_segment_000,0.9993884060786612,0.0001863005270558548,0.97938513370937474,0.00018257162629757787
0.050000000000000044,0.050000000000000017,120,synthetic_segment_000,0.99897916939012033,0.00018657734804702249,0.97898408810339455,0.00018284290657439448
0.05208333333333337,0.052083333333333343,120,synthetic_segment_000,0.99941639331354482,0.00018685416903819015,0.97941256076537409,0.00018311418685121108
0.054166666666666696,0.054166666666666669,120,synthetic_segment_000,0.99927351623904148,0.00018713099002935784,0.97927254344891801,0.00018338546712802769
0.056250000000000022,0.056249999999999994,120,synthetic_segment_000,0.99956322259516128,0.00018740781102052553,0.97955645118348755,0.00018365674740484429
0.058333333333333348,0.058333333333333348,120,synthetic_segment_000,0.99993329379798601,0.00018768463201169325,0.97991911522106889,0.00018392802768166092
0.060416666666666674,0.060416666666666674,120,synthetic_segment_000,1.0001299735287525,0.00018796145300286092,0.9801118583059828,0.0001841993079584775
0.0625,0.0625,120,synthetic_segment_000,1.0003299156202767,0.00018823827399402863,0.98030779845382765,0.00018447058823529413
0.064583333333333326,0.064583333333333326,120,synthetic_segment_000,1.0015368928539725,0.0001885150949851963,0.9814906174181236,0.00018474186851211074
0.066666666666666652,0.06666666666666668,120,synthetic_segment_000,1.0015105510562672,0.00018879191597636399,0.98146480286503213,0.00018501314878892734
0.068749999999999978,0.068750000000000006,120,synthetic_segment_000,1.0019179136887104,0.00018906873696753168,0.98186401192511008,0.00018528442906574395
0.070833333333333304,0.070833333333333331,120,synthetic_segment_000,1.0009352454970537,0.0001893455579586994,0.98090101234214122,0.00018555570934256058
0.07291666666666663,0.072916666666666657,120,synthetic_segment_000,1.0009165185290514,0.00018962237894986706,0.98088266020402415,0.00018582698961937716
0.074999999999999956,0.075000000000000011,120,synthetic_segment_000,1.0003289755286913,0.00018989919994103475,0.98030687717865828,0.00018609826989619379
0.077083333333333393,0.077083333333333337,120,synthetic_segment_000,1.0009905670855519,0.00019017602093220241,0.98095522664062496,0.00018636955017301037
0.079166666666666607,0.079166666666666663,120,synthetic_segment_000,0.99982296107062263,0.00019045284192337013,0.97981099085992562,0.000186640830449827
0.081250000000000044,0.081249999999999989,120,synthetic_segment_000,1.0008330087326742,0.00019072966291453782,0.98080082189912365,0.00018691211072664361
0.08333333333333337,0.083333333333333343,120,synthetic_segment_000,1.0011280956806514,0.00019100648390570551,0.98109000253024026,0.00018718339100346021
0.085416666666666696,0.085416666666666669,120,synthetic_segment_000,0.99995597299179029,0.00019128330489687318,0.97994134047915804,0.00018745467128027682
0.087500000000000022,0.087499999999999994,120,synthetic_segment_000,0.99997062148875238,0.00019156012588804087,0.97995569577892805,0.00018772595155709342
0.089583333333333348,0.089583333333333348,120,synthetic_segment_000,1.0000461262767641,0.00019183694687920858,0.98002968929981826,0.00018799723183391006
0.091666666666666674,0.091666666666666674,120,synthetic_segment_000,1.000123738804698,0.00019211376787037627,0.98010574837313302,0.00018826851211072666
0.09375,0.09375,120,synthetic_segment_000,0.99997837862337202,0.00019239058886154396,0.97996329765051315,0.00018853979238754327
0.095833333333333326,0.095833333333333326,120,synthetic_segment_000,0.99806284707574555,0.0001926674098527116,0.97808610645088956,0.00018881107266435985
0.097916666666666652,0.09791666666666668,120,synthetic_segment_000,0.99893445429915806,0.00019294423084387932,0.97894026800794964,0.00018908235294117648
0.099999999999999978,0.10000000000000001,120,synthetic_segment_000,0.99928679486558669,0.00019322105183504704,0.97928555629693126,0.00018935363321799311
0.1020833333333333,0.10208333333333333,120,synthetic_segment_000,0.99892199791804381,0.0001934978728262147,0.97892806094770268,0.00018962491349480969
0.10416666666666663,0.10416666666666666,120,synthetic_segment_000,0.99943641900073366,0.00019377469381738239,0.97943218562814593,0.00018989619377162629
0.10624999999999996,0.10624999999999998,120,synthetic_segment_000,0.99977183100988332,0.00019405151480855008,0.97976088419361929,0.0001901674740484429
0.10833333333333328,0.10833333333333331,120,synthetic_segment_000,0.9991724669608405,0.00019432833579971777,0.97917351672393282,0.00019043875432525953
0.11041666666666672,0.11041666666666669,120,synthetic_segment_000,0.99994091569014565,0.00019460515679088546,0.97992658455714132,0.00019071003460207614
0.11250000000000004,0.11250000000000002,120,synthetic_segment_000,1.0004191794640758,0.00019488197778205315,0.98039527563593498,0.00019098131487889274
0.11458333333333337,0.11458333333333334,120,synthetic_segment_000,1.0001850492276609,0.00019515879877322084,0.98016583163648308,0.00019125259515570935
0.1166666666666667,0.11666666666666667,120,synthetic_segment_000,1.0001266724006252,0.00019543561976438853,0.98010862325163084,0.00019152387543252595
0.11875000000000002,0.11874999999999999,120,synthetic_segment_000,0.99979658290489559,0.0001957124407555562,0.97978514066673694,0.00019179515570934256
0.12083333333333335,0.12083333333333332,120,synthetic_segment_000,1.0000448922795659,0.00019598926174672391,0.98002848000170795,0.00019206643598615919
0.12291666666666667,0.12291666666666665,120,synthetic_segment_000,1.000915798088001,0.00019626608273789161,0.98088195418297153,0.0001923377162629758
0.125,0.12500000000000003,120,synthetic_segment_000,1.0017844518254657,0.00019654290372905927,0.98173322136962238,0.00019260899653979237
0.12708333333333333,0.12708333333333335,120,synthetic_segment_000,1.0006076078224302,0.00019681972472022699,0.98057993250389452,0.00019288027681660901
0.12916666666666665,0.12916666666666668,120,synthetic_segment_000,1.0011224002034946,0.00019709654571139465,0.9810844210509847,0.00019315155709342561
0.13124999999999998,0.13125000000000001,120,synthetic_segment_000,1.0014545891823623,0.00019737336670256237,0.98140996109678302,0.00019342283737024224
0.1333333333333333,0.13333333333333333,120,synthetic_segment_000,1.0012520716803361,0.00019765018769373003,0.98121149708660027,0.00019369411764705882
0.13541666666666663,0.13541666666666666,120,synthetic_segment_000,1.0008425937227456,0.00019792700868489775,0.98081021504069454,0.00019396539792387545
0.13749999999999996,0.13749999999999998,120,synthetic_segment_000,1.0009247370079182,0.00019820382967606541,0.98089071418581431,0.00019423667820069203
0.13958333333333328,0.13958333333333331,120,synthetic_segment_000,1.001093730314172,0.0001984806506672331,0.98105632500422568,0.00019450795847750866
0.14166666666666672,0.14166666666666669,120,synthetic_segment_000,1.0001582459058893,0.00019875747165840077,0.98013956479696651,0.00019477923875432524
0.14375000000000004,0.14375000000000002,120,synthetic_segment_000,1.0008713074889628,0.00019903429264956848,0.98083835408612952,0.00019505051903114188
0.14583333333333337,0.14583333333333334,120,synthetic_segment_000,0.99969572844310917,0.00019931111364073617,0.9796863048588158,0.00019532179930795848
0.1479166666666667,0.14791666666666667,120,synthetic_segment_000,0.99958189814586995,0.00019958793463190387,0.97957475293345453,0.00019559307958477509
0.15000000000000002,0.14999999999999999,120,synthetic_segment_000,0.99955515954009577,0.00019986475562307158,0.97954854951461146,0.00019586435986159172
-0.14999999999999991,0.84999999999999998,120,synthetic_segment_000,1.0014709739216359,0.00020014157661423922,0.9814260178870825,0.0001961356401384083
-0.1479166666666667,0.85208333333333319,120,synthetic_segment_000,1.0010917476780914,0.00020041839760540694,0.98105438205162476,0.00019640692041522493
-0.14583333333333348,0.85416666666666663,120,synthetic_segment_000,1.0017278154658933,0.00020069521859657463,0.98167771861588293,0.00019667820069204153
-0.14374999999999982,0.85625000000000007,120,synthetic_segment_000,1.0003087786187339,0.00020097203958774234,0.98028708452022961,0.00019694948096885817
-0.14166666666666661,0.85833333333333328,120,synthetic_segment_000,1.0012198173328659,0.00020124886057891001,0.98117988832646497,0.00019722076124567474
-0.13958333333333339,0.86041666666666672,120,synthetic_segment_000,1.0009492734823484,0.00020152568157007764,0.98091475955010354,0.00019749204152249132
-0.13750000000000018,0.86249999999999993,120,synthetic_segment_000,1.0007983539679381,0.00020180250256124536,0.98076686076730712,0.00019776332179930796
-0.13541666666666652,0.86458333333333337,120,synthetic_segment_000,0.99935563465018129,0.00020207932355241305,0.97935301821787168,0.00019803460207612456
-0.1333333333333333,0.86666666666666659,120,synthetic_segment_000,1.0006623475408467,0.00020235614454358077,0.9806335765787253,0.00019830588235294119
-0.13125000000000009,0.86875000000000002,120,synthetic_segment_000,1.0000030983546442,0.00020263296553474843,0.9799875226036644,0.00019857716262975777
-0.12916666666666687,0.87083333333333324,120,synthetic_segment_000,0.99881569612654597,0.00020290978652591612,0.97882388684117272,0.0001988484429065744
-0.12708333333333321,0.87291666666666667,120,synthetic_segment_000,0.99935192319624466,0.00020318660751708382,0.97934938105059233,0.00019911972318339101
-0.125,0.87499999999999989,120,synthetic_segment_000,0.99868040749900266,0.00020346342850825153,0.97869130608501231,0.00019939100346020764
-0.12291666666666679,0.87708333333333333,120,synthetic_segment_000,0.99824303493550437,0.0002037402494994192,0.97826268775806635,0.00019966228373702422
-0.12083333333333357,0.87916666666666654,120,synthetic_segment_000,0.99908049003330635,0.00020401707049058691,0.97908338076185519,0.00019993356401384085
-0.11874999999999991,0.88124999999999998,120,synthetic_segment_000,0.99861316824400514,0.0002042938914817546,0.97862541265824676,0.00020020484429065746
-0.1166666666666667,0.88333333333333319,120,synthetic_segment_000,0.99909178742853544,0.00020457071247292224,0.97909445203391487,0.00020047612456747403
-0.11458333333333348,0.88541666666666663,120,synthetic_segment_000,0.99971660140196861,0.00020484753346408996,0.97970676003468049,0.00020074740484429067
-0.11249999999999982,0.88750000000000007,120,synthetic_segment_000,0.99985835990728444,0.00020512435445525765,0.97984568117068593,0.00020101868512110727
-0.11041666666666661,0.88958333333333328,120,synthetic_segment_000,0.99973305645998201,0.00020540117544642534,0.9797228857362541,0.00020128996539792388
-0.10833333333333339,0.89166666666666672,120,synthetic_segment_000,0.99899474635802865,0.00020567799643759303,0.97899935329028775,0.00020156124567474048
-0.10625000000000018,0.89374999999999993,120,synthetic_segment_000,0.9993645219441406,0.00020595481742876072,0.97936172762807672,0.00020183252595155712
-0.10416666666666652,0.89583333333333337,120,synthetic_segment_000,0.99929773914727915,0.00020623163841992841,0.97929628152320314,0.00020210380622837372
-0.1020833333333333,0.89791666666666659,120,synthetic_segment_000,1.0011747343123838,0.0002065084594110961,0.9811357076657985,0.00020237508650519033
-0.10000000000000009,0.90000000000000002,120,synthetic_segment_000,1.0012332225224778,0.00020678528040226379,0.98119302520432017,0.00020264636678200693
-0.097916666666666874,0.90208333333333324,120,synthetic_segment_000,0.9991683052545195,0.00020706210139343151,0.97916943831630188,0.00020291764705882356
-0.095833333333333215,0.90416666666666667,120,synthetic_segment_000,1.0002657334090537,0.00020733892238459912,0.98024490088253491,0.00020318892733564011
-0.09375,0.90624999999999989,120,synthetic_segment_000,1.0015450681611486,0.00020761574337576684,0.98149862909232666,0.00020346020761245675
-0.091666666666666785,0.90833333333333333,120,synthetic_segment_000,1.0011060458568579,0.00020789256436693453,0.98106839404499768,0.00020373148788927335
-0.08958333333333357,0.91041666666666654,120,synthetic_segment_000,1.0008674871126715,0.00020816938535810222,0.98083461017663232,0.00020400276816608996
-0.087499999999999911,0.91249999999999998,120,synthetic_segment_000,1.0000553620797685,0.00020844620634926994,0.9800387402434807,0.00020427404844290659
-0.085416666666666696,0.91458333333333319,120,synthetic_segment_000,1.000594974325127,0.0002087230273404376,0.98056755187253009,0.0002045453287197232
-0.083333333333333481,0.91666666666666663,120,synthetic_segment_000,1.0011107106854811,0.00020899984833160529,0.98107296550467948,0.0002048166089965398
-0.081249999999999822,0.91875000000000007,120,synthetic_segment_000,0.99996431057971169,0.00020927666932277298,0.97994951118597395,0.00020508788927335641
-0.079166666666666607,0.92083333333333328,120,synthetic_segment_000,1.0004623498386642,0.0002095534903139407,0.980437581933298,0.00020535916955017304
-0.077083333333333393,0.92291666666666672,120,synthetic_segment_000,0.99985465254725236,0.00020983031130510839,0.97984204801536956,0.00020563044982698964
-0.075000000000000178,0.92499999999999993,120,synthetic_segment_000,1.0005347360807653,0.00021010713229627608,0.98050851932757599,0.00020590173010380625
-0.072916666666666519,0.92708333333333337,120,synthetic_segment_000,0.999705151104754,0.00021038395328744374,0.97969553892104699,0.00020617301038062285
-0.070833333333333304,0.92916666666666659,120,synthetic_segment_000,0.99899076528228459,0.00021066077427861141,0.97899545189781989,0.00020644429065743943
-0.068750000000000089,0.93125000000000002,120,synthetic_segment_000,0.99903347190973524,0.00021093759526977912,0.97903730373018216,0.00020671557093425606
-0.066666666666666874,0.93333333333333324,120,synthetic_segment_000,0.99735101976793505,0.00021121441626094681,0.97738852673233612,0.00020698685121107267
-0.064583333333333215,0.93541666666666667,120,synthetic_segment_000,0.99825751755959247,0.0002114912372521145,0.97827688050499306,0.00020725813148788928
-0.0625,0.93749999999999989,120,synthetic_segment_000,0.9993074409961662,0.00021176805824328217,0.97930578918460054,0.00020752941176470588
-0.060416666666666785,0.93958333333333333,120,synthetic_segment_000,0.99921140220342375,0.00021204487923444989,0.97921167265763343,0.00020780069204152251
-0.05833333333333357,0.94166666666666654,120,synthetic_segment_000,0.99982220519725518,0.00021232170022561758,0.97981025011575185,0.00020807197231833912
-0.056249999999999911,0.94374999999999998,120,synthetic_segment_000,0.99918827441134317,0.00021259852121678527,0.97918900778019291,0.00020834325259515572
-0.054166666666666696,0.94583333333333319,120,synthetic_segment_000,0.99885529837179865,0.00021287534220795293,0.97886269642714152,0.0002086145328719723
-0.052083333333333481,0.94791666666666663,120,synthetic_segment_000,0.99912947226341076,0.00021315216319912059,0.97913138258746013,0.00020888581314878891
-0.049999999999999822,0.95000000000000007,120,synthetic_segment_000,0.99935046736505539,0.00021342898419028831,0.97934795435861222,0.00020915709342560554
-0.047916666666666607,0.95208333333333328,120,synthetic_segment_000,1.0008509913562806,0.000213705805181456,0.9808184445912802,0.00020942837370242214
-0.045833333333333393,0.95416666666666672,120,synthetic_segment_000,0.99970605573941229,0.00021398262617262369,0.97969642544897784,0.00020969965397923875
-0.043750000000000178,0.95624999999999993,120,synthetic_segment_000,0.99902637323743837,0.00021425944716379138,0.9790303471414582,0.00020997093425605536
-0.041666666666666519,0.95833333333333337,120,synthetic_segment_000,0.9997355005687063,0.00021453626815495907,0.97972528092488675,0.00021024221453287199
-0.039583333333333304,0.96041666666666659,120,synthetic_segment_000,0.99993286481167254,0.00021481308914612676,0.97991869482113692,0.00021051349480968859
-0.037500000000000089,0.96250000000000002,120,synthetic_segment_000,1.0005414659119822,0.00021508991013729446,0.98051511445776374,0.0002107847750865052
-0.035416666666666874,0.96458333333333324,120,synthetic_segment_000,1.0011721482430371,0.00021536673112846215,0.98113317335795835,0.0002110560553633218
-0.033333333333333215,0.96666666666666667,120,synthetic_segment_000,1.0012395222982589,0.00021564355211962986,0.98119919888685236,0.00021132733564013844
-0.03125,0.96874999999999989,120,synthetic_segment_000,1.000608581275253,0.00021592037311079755,0.98058088647255903,0.00021159861591695504
-0.029166666666666785,0.97083333333333333,120,synthetic_segment_000,1.0014365262121461,0.00021619719410196519,0.98139225966619525,0.00021186989619377162
-0.02708333333333357,0.97291666666666654,120,synthetic_segment_000,1.0014973814268469,0.00021647401509313291,0.98145189683251022,0.00021214117647058825
-0.024999999999999911,0.97499999999999998,120,synthetic_segment_000,1.0022441081894802,0.00021675083608430057,0.98218367747536928,0.00021241245674740483
-0.022916666666666696,0.97708333333333319,120,synthetic_segment_000,1.0003776956362247,0.00021702765707546829,0.98035462212821001,0.00021268373702422146
-0.020833333333333481,0.97916666666666663,120,synthetic_segment_000,0.99917743054551389,0.00021730447806663598,0.97917838095990906,0.00021295501730103807
-0.018749999999999822,0.98125000000000007,120,synthetic_segment_000,0.99662007625483917,0.00021758129905780367,0.97667221342916666,0.0002132262975778547
-0.016666666666666607,0.98333333333333328,120,synthetic_segment_000,0.99576328505530698,0.00021785812004897133,0.97583257134565748,0.00021349757785467128
-0.014583333333333393,0.98541666666666672,120,synthetic_segment_000,0.99554873506716435,0.00021813494104013905,0.97562231568574953,0.00021376885813148791
-0.012500000000000178,0.98749999999999993,120,synthetic_segment_000,0.99385436247862413,0.00021841176203130669,0.97396185683502878,0.00021404013840830446
-0.010416666666666519,0.98958333333333337,120,synthetic_segment_000,0.99439959784495124,0.00021868858302247441,0.97449617903539199,0.00021431141868512109
-0.0083333333333333037,0.99166666666666659,120,synthetic_segment_000,0.99429121930945286,0.00021896540401364207,0.97438996975195946,0.0002145826989619377
-0.0062500000000000888,0.99375000000000002,120,synthetic_segment_000,0.99309308265034035,0.00021924222500480976,0.97321581441360483,0.0002148539792387543
-0.0041666666666668739,0.99583333333333324,120,synthetic_segment_000,0.99286557248163454,0.00021951904599597748,0.97299285797780577,0.00021512525951557094
-0.0020833333333332149,0.99791666666666667,120,synthetic_segment_000,0.99352601576498401,0.00021979586698714517,0.97364008214954567,0.00021539653979238754
0,0.99999999999999989,120,synthetic_segment_000,0.99328432660384391,0.00022007268797831289,0.9734032305211302,0.00021566782006920417
0.002083333333333437,1.0020833333333334,120,synthetic_segment_000,0.99452055109830328,0.00022034950896948052,0.97461471134724009,0.00021593910034602075
0.0041666666666666519,1.0041666666666667,120,synthetic_segment_000,0.99432676247303831,0.00022062632996064824,0.97442480150086597,0.00021621038062283738
0.0062500000000000888,1.0062500000000001,120,synthetic_segment_000,0.99302476849109256,0.00022090315095181593,0.97314886759734986,0.00021648166089965399
0.0083333333333333037,1.0083333333333333,120,synthetic_segment_000,0.99399672115197257,0.00022117997194298365,0.97410136612639542,0.00021675294117647062
0.010416666666666741,1.0104166666666667,120,synthetic_segment_000,0.9930963186089643,0.00022145679293415131,0.97321898560285447,0.0002170242214532872
0.012500000000000178,1.0125000000000002,120,synthetic_segment_000,0.99414768860848424,0.00022173361392531903,0.9742493118917076,0.00021729550173010383
0.014583333333333393,1.0145833333333334,120,synthetic_segment_000,0.99462339241649123,0.00022201043491648666,0.97471549424361126,0.00021756678200692041
0.016666666666666829,1.0166666666666668,120,synthetic_segment_000,0.9943523057055651,0.00022228725590765436,0.97444983347247127,0.00021783806228373702
0.018750000000000044,1.01875,120,synthetic_segment_000,0.99626789798541937,0.00022256407689882207,0.97632708418873593,0.00021810934256055365
0.020833333333333481,1.0208333333333335,120,synthetic_segment_000,0.99761125896614711,0.00022284089788998974,0.97764355710930173,0.00021838062283737023
0.022916666666666696,1.0229166666666667,120,synthetic_segment_000,0.99971814200839315,0.00022311771888115745,0.97970826980507597,0.00021865190311418686
0.025000000000000133,1.0250000000000001,120,synthetic_segment_000,0.99999664691950862,0.00022339453987232512,0.9799812002973175,0.00021892318339100346
0.027083333333333348,1.0270833333333333,120,synthetic_segment_000,1.0003850788083872,0.00022367136086349284,0.9803618575223888,0.0002191944636678201
0.029166666666666785,1.0291666666666668,120,synthetic_segment_000,1.0009684141175783,0.0002239481818546605,0.9809335170756861,0.00021946574394463668
0.03125,1.03125,120,synthetic_segment_000,1.0014520690595683,0.00022422500284582819,0.98140749141554129,0.00021973702422145328
0.033333333333333437,1.0333333333333334,120,synthetic_segment_000,1.0002340029618826,0.00022450182383699585,0.98021380553656512,0.00022000830449826986
0.035416666666666652,1.0354166666666667,120,synthetic_segment_000,1.0006412289439917,0.00022477864482816354,0.98061288068143571,0.00022027958477508649
0.037500000000000089,1.0375000000000001,120,synthetic_segment_000,1.0012778384320793,0.00022505546581933126,0.98123674810357009,0.00022055086505190312
0.039583333333333304,1.0395833333333333,120,synthetic_segment_000,1.0007899200761143,0.00022533228681049895,0.98075859568416091,0.00022082214532871973
0.041666666666666741,1.0416666666666667,120,synthetic_segment_000,1.0003987361965143,0.00022560910780166664,0.9803752415508763,0.00022109342560553633
0.043750000000000178,1.0437500000000002,120,synthetic_segment_000,0.99969180666987334,0.00022588592879283433,0.97968246158188599,0.00022136470588235294
0.045833333333333393,1.0458333333333334,120,synthetic_segment_000,0.99982961272604276,0.00022616274978400202,0.97981750937904533,0.00022163598615916957
0.047916666666666829,1.0479166666666668,120,synthetic_segment_000,0.99941262430897515,0.00022643957077516971,0.97940886719936715,0.00022190726643598618
0.050000000000000044,1.05,120,synthetic_segment_000,0.99971295098925728,0.0002267163917663374,0.97970318268685486,0.00022217854671280278
0.052083333333333481,1.0520833333333335,120,synthetic_segment_000,1.0001386270292534,0.0002269932127575051,0.98012033860222536,0.00022244982698961939
0.054166666666666696,1.0541666666666667,120,synthetic_segment_000,0.99935191342284313,0.00022727003374867281,0.97934937147281043,0.00022272110726643602
0.056250000000000133,1.0562500000000001,120,synthetic_segment_000,0.99991885961945781,0.00022754685473984045,0.97990496995003928,0.0002229923875432526
0.058333333333333348,1.0583333333333333,120,synthetic_segment_000,0.99878703391099721,0.00022782367573100814,0.97879579831459296,0.0002232636678200692
0.060416666666666785,1.0604166666666668,120,synthetic_segment_000,0.99919668728098676,0.00022810049672217583,0.97919725226192855,0.00022353494809688581
0.0625,1.0625,120,synthetic_segment_000,0.99956894862271317,0.00022837731771334352,0.97956206260165635,0.00022380622837370241
0.064583333333333437,1.0645833333333334,120,synthetic_segment_000,0.99867681240931339,0.00022865413870451124,0.97868778295289005,0.00022407750865051905
0.066666666666666652,1.0666666666666667,120,synthetic_segment_000,0.9989195778849097,0.00022893095969567893,0.97892568935277502,0.00022434878892733565
0.068750000000000089,1.0687500000000001,120,synthetic_segment_000,0.99953734592984456,0.00022920778068684659,0.97953109245292092,0.00022462006920415226
0.070833333333333304,1.0708333333333333,120,synthetic_segment_000,0.99979038814805166,0.00022948460167801428,0.97977906990113373,0.00022489134948096886
0.072916666666666741,1.0729166666666667,120,synthetic_segment_000,0.9991981522224519,0.000229761422669182,0.97919868788183761,0.00022516262975778549
0.075000000000000178,1.0750000000000002,120,synthetic_segment_000,0.99936881608835471,0.00023003824366034964,0.9793659358227883,0.00022543391003460205
0.077083333333333393,1.0770833333333334,120,synthetic_segment_000,0.99939102362660026,0.00023031506465151735,0.97938769886574706,0.00022570519031141868
0.079166666666666829,1.0791666666666668,120,synthetic_segment_000,1.0006587821611905,0.00023059188564268502,0.98063008256197448,0.00022597647058823528
0.081250000000000044,1.08125,120,synthetic_segment_000,1.000548818753374,0.00023086870663385271,0.98052232012825757,0.00022624775086505189
0.083333333333333481,1.0833333333333335,120,synthetic_segment_000,1.0003509208451955,0.00023114552762502043,0.98032838324837845,0.00022651903114186852
0.085416666666666696,1.0854166666666667,120,synthetic_segment_000,1.0021966118508472,0.00023142234861618812,0.98213713180035456,0.00022679031141868513
0.087500000000000133,1.0875000000000001,120,synthetic_segment_000,1.0007065892701332,0.00023169916960735581,0.98067693278707158,0.00022706159169550173
0.089583333333333348,1.0895833333333333,120,synthetic_segment_000,1.0013316934357235,0.00023197599059852347,0.98128952517164914,0.00022733287197231834
0.091666666666666785,1.0916666666666668,120,synthetic_segment_000,1.0009567650984121,0.00023225281158969119,0.98092210121762313,0.00022760415224913497
0.09375,1.09375,120,synthetic_segment_000,1.000856463032278,0.00023252963258085888,0.98082380674887149,0.00022787543252595157
0.095833333333333437,1.0958333333333334,120,synthetic_segment_000,1.0013199693703356,0.00023280645357202657,0.98127803576945305,0.00022814671280276818
0.097916666666666652,1.0979166666666667,120,synthetic_segment_000,1.0010378319516038,0.00023308327456319426,0.98100154547610119,0.00022841799307958478
0.10000000000000009,1.1000000000000001,120,synthetic_segment_000,1.0007728349599849,0.00023336009555436198,0.98074185253540802,0.00022868927335640142
0.1020833333333333,1.1020833333333333,120,synthetic_segment_000,1.0002034634887857,0.00023363691654552961,0.98018387732671142,0.000228960553633218
0.10416666666666674,1.1041666666666667,120,synthetic_segment_000,0.99999690164535604,0.0002339137375366973,0.97998144992469616,0.0002292318339100346
0.10625000000000018,1.1062500000000002,120,synthetic_segment_000,1.0006735452226307,0.000234190558527865,0.98064455013315566,0.00022950311418685121
0.10833333333333339,1.1083333333333334,120,synthetic_segment_000,0.99951222614422575,0.00023446737951903269,0.97950647545271619,0.00022977439446366781
0.11041666666666683,1.1104166666666668,120,synthetic_segment_000,0.99965872653718446,0.0002347442005102004,0.97965004356504737,0.00023004567474048444
0.11250000000000004,1.1125,120,synthetic_segment_000,0.99961128048132653,0.00023502102150136807,0.9796035471663721,0.00023031695501730105
0.11458333333333348,1.1145833333333335,120,synthetic_segment_000,0.99996784176159514,0.00023529784249253576,0.97995297168943785,0.00023058823529411765
0.1166666666666667,1.1166666666666667,120,synthetic_segment_000,1.0000185065747078,0.00023557466348370342,0.98000262242028779,0.00023085951557093423
0.11875000000000013,1.1187500000000001,120,synthetic_segment_000,0.99936681489649637,0.00023585148447487111,0.97936397468581304,0.00023113079584775084
0.12083333333333335,1.1208333333333333,120,synthetic_segment_000,0.99916062949921058,0.0002361283054660388,0.97916191619517878,0.00023140207612456744
0.12291666666666679,1.1229166666666668,120,synthetic_segment_000,0.99916585174943229,0.00023640512645720649,0.97916703391937943,0.00023167335640138408
0.125,1.125,120,synthetic_segment_000,0.99808640288675865,0.00023668194744837421,0.97810919078024383,0.00023194463667820071
0.12708333333333344,1.1270833333333334,120,synthetic_segment_000,0.99900651121267692,0.00023695876843954187,0.97901088266532621,0.00023221591695501729
0.12916666666666665,1.1291666666666667,120,synthetic_segment_000,0.99863041987507906,0.00023723558943070959,0.97864231898906195,0.00023248719723183392
0.13125000000000009,1.1312500000000001,120,synthetic_segment_000,0.99893158526383075,0.00023751241042187728,0.97893745639783836,0.00023275847750865052
0.1333333333333333,1.1333333333333333,120,synthetic_segment_000,0.99889690124903829,0.00023778923141304497,0.97890346660142036,0.00023302975778546716
0.13541666666666674,1.1354166666666667,120,synthetic_segment_000,1.0001265528406473,0.00023806605240421264,0.98010850608470734,0.00023330103806228373
0.13750000000000018,1.1375000000000002,120,synthetic_segment_000,0.99987351377781297,0.00023834287339538035,0.97986053172871079,0.00023357231833910037
0.13958333333333339,1.1395833333333334,120,synthetic_segment_000,1.0009180002175098,0.00023861969438654804,0.98088411223572691,0.00023384359861591697
0.14166666666666683,1.1416666666666668,120,synthetic_segment_000,1.0007465847190853,0.00023889651537771576,0.98071612770656569,0.0002341148788927336
0.14375000000000004,1.14375,120,synthetic_segment_000,1.0009664235502398,0.00023917333636888343,0.98093156635057566,0.00023438615916955018
0.14583333333333348,1.1458333333333335,120,synthetic_segment_000,1.001672557881131,0.00023945015736005106,0.98162356704006748,0.00023465743944636676
0.1479166666666667,1.1479166666666667,120,synthetic_segment_000,1.0004245341055025,0.00023972697835121878,0.98040052310146275,0.00023492871972318339
0.15000000000000013,1.1500000000000001,120,synthetic_segment_000,1.0011061801930186,0.00024000379934238647,0.98106852569235115,0.0002352
-0.14930555555555558,2.8506944444444446,120,synthetic_segment_001,0.99968665492236619,0.00015998795964160798,0.99976188924394849,0.00016000000000000001
-0.14722222222222225,2.8527777777777779,120,synthetic_segment_001,0.99947084702154032,0.00016026668430997316,0.99954606510187249,0.00016027874564459931
-0.14513888888888887,2.8548611111111111,120,synthetic_segment_001,1.0000903912559704,0.00016054540897833834,1.0001656559619028,0.00016055749128919861
-0.14305555555555555,2.8569444444444443,120,synthetic_segment_001,0.99886123704488783,0.00016082413364670349,0.99893640924725136,0.00016083623693379792
-0.14097222222222222,2.8590277777777779,120,synthetic_segment_001,0.99906862550145004,0.00016110285831506869,0.99914381331143398,0.00016111498257839724
-0.1388888888888889,2.8611111111111112,120,synthetic_segment_001,0.99870615739295432,0.00016138158298343387,0.99878131792434843,0.00016139372822299654
-0.13680555555555551,2.8631944444444444,120,synthetic_segment_001,0.9988517465350204,0.000161660307651799,0.99892691802314815,0.00016167247386759582
-0.13472222222222219,2.8652777777777776,120,synthetic_segment_001,0.9980859704404188,0.0001619390323201642,0.99816108429784323,0.00016195121951219515
-0.13263888888888886,2.8673611111111112,120,synthetic_segment_001,0.99864396280445555,0.00016221775698852938,0.99871911865521534,0.00016222996515679445
-0.13055555555555554,2.8694444444444445,120,synthetic_segment_001,1.0001027790887858,0.00016249648165689453,1.0001780447270003,0.00016250871080139375
-0.12847222222222221,2.8715277777777777,120,synthetic_segment_001,0.99995027219145993,0.00016277520632525971,1.0000255263523252,0.00016278745644599305
-0.12638888888888888,2.8736111111111109,120,synthetic_segment_001,0.9995704563393929,0.00016305393099362488,0.99964568191611358,0.00016306620209059235
-0.12430555555555556,2.8756944444444446,120,synthetic_segment_001,1.0004985269264945,0.00016333265566199003,1.0005738223478617,0.00016334494773519165
-0.12222222222222223,2.8777777777777778,120,synthetic_segment_001,1.0004034659250534,0.00016361138033035521,1.0004787541923288,0.00016362369337979095
-0.12013888888888891,2.879861111111111,120,synthetic_segment_001,1.0008621786267744,0.00016389010499872039,1.000937501415806,0.00016390243902439025
-0.11805555555555558,2.8819444444444446,120,synthetic_segment_001,1.0012403632810436,0.00016416882966708557,1.0013157145314593,0.00016418118466898958
-0.11597222222222225,2.8840277777777779,120,synthetic_segment_001,1.0002889425667032,0.00016444755433545072,1.0003642222151907,0.00016445993031358885
-0.11388888888888887,2.8861111111111111,120,synthetic_segment_001,1.0008793683200754,0.00016472627900381592,1.0009546924027672,0.00016473867595818818
-0.11180555555555555,2.8881944444444443,120,synthetic_segment_001,1.0002705737712174,0.00016500500367218107,1.0003458520373081,0.00016501742160278748
-0.10972222222222222,2.8902777777777779,120,synthetic_segment_001,1.0015497465032515,0.00016528372834054625,1.0016251210371998,0.00016529616724738678
-0.1076388888888889,2.8923611111111112,120,synthetic_segment_001,1.0010925009804714,0.00016556245300891143,1.0011678411030804,0.00016557491289198608
-0.10555555555555557,2.8944444444444444,120,synthetic_segment_001,1.0006770388773811,0.00016584117767727658,1.0007523477331834,0.00016585365853658538
-0.10347222222222219,2.8965277777777776,120,synthetic_segment_001,1.0005463709253761,0.00016611990234564176,1.0006216699473822,0.00016613240418118468
-0.10138888888888886,2.8986111111111112,120,synthetic_segment_001,1.0009030690829297,0.00016639862701400693,1.0009783949492912,0.00016641114982578398
-0.099305555555555536,2.9006944444444445,120,synthetic_segment_001,0.99971028047199628,0.00016667735168237208,0.99978551657158798,0.00016668989547038329
-0.09722222222222221,2.9027777777777777,120,synthetic_segment_001,1.001507763033612,0.00016695607635073726,1.0015831344079724,0.00016696864111498259
-0.095138888888888884,2.9048611111111109,120,synthetic_segment_001,0.99998575879681106,0.00016723480101910244,1.0000610156283238,0.00016724738675958189
-0.093055555555555558,2.9069444444444446,120,synthetic_segment_001,1.0001652665518337,0.00016751352568746762,1.0002405368927239,0.00016752613240418121
-0.090972222222222232,2.9090277777777778,120,synthetic_segment_001,0.99982309680073977,0.00016779225035583279,0.99989834139065181,0.00016780487804878052
-0.088888888888888906,2.911111111111111,120,synthetic_segment_001,0.99960955930691275,0.00016807097502419794,0.99968478782644077,0.00016808362369337979
-0.08680555555555558,2.9131944444444446,120,synthetic_segment_001,0.99961215342526344,0.00016834969969256312,0.99968738214001929,0.00016836236933797912
-0.084722222222222254,2.9152777777777779,120,synthetic_segment_001,0.99849471451757166,0.0001686284243609283,0.99856985913621832,0.00016864111498257842
-0.082638888888888873,2.9173611111111111,120,synthetic_segment_001,1.0001622585911385,0.00016890714902929348,1.0002375287056557,0.00016891986062717772
-0.080555555555555547,2.9194444444444443,120,synthetic_segment_001,0.99956714059011376,0.00016918587369765863,0.99964236591729805,0.00016919860627177702
-0.078472222222222221,2.9215277777777779,120,synthetic_segment_001,0.99840489689255885,0.00016946459836602381,0.99848003475171931,0.00016947735191637632
-0.076388888888888895,2.9236111111111112,120,synthetic_segment_001,0.99911782008315453,0.00016974332303438901,0.99919301159541962,0.00016975609756097565
-0.074305555555555569,2.9256944444444444,120,synthetic_segment_001,0.99901834968935721,0.00017002204770275413,0.99909353371568899,0.00017003484320557492
-0.072222222222222188,2.9277777777777776,120,synthetic_segment_001,0.99885937707983841,0.00017030077237111931,0.9989345491422249,0.00017031358885017422
-0.070138888888888862,2.9298611111111112,120,synthetic_segment_001,0.99858951039663257,0.00017057949703948449,0.99866466214941829,0.00017059233449477355
-0.068055555555555536,2.9319444444444445,120,synthetic_segment_001,0.99909126253231872,0.00017085822170784964,0.99916645204591814,0.00017087108013937282
-0.06597222222222221,2.9340277777777777,120,synthetic_segment_001,0.99830070977398544,0.00017113694637621484,0.99837583979224187,0.00017114982578397215
-0.063888888888888884,2.9361111111111109,120,synthetic_segment_001,0.99947926689312627,0.00017141567104457999,0.99955448560712035,0.00017142857142857145
-0.061805555555555558,2.9381944444444446,120,synthetic_segment_001,1.0003163690435066,0.00017169439571294515,1.0003916507560533,0.00017170731707317073
-0.059722222222222232,2.9402777777777778,120,synthetic_segment_001,1.0009632996522555,0.00017197312038131035,1.0010386300514436,0.00017198606271777005
-0.057638888888888906,2.942361111111111,120,synthetic_segment_001,1.0012244866554909,0.0001722518450496755,1.001299836711065,0.00017226480836236935
-0.05555555555555558,2.9444444444444446,120,synthetic_segment_001,1.0004691608943537,0.00017253056971804068,1.0005444541056947,0.00017254355400696866
-0.053472222222222254,2.9465277777777779,120,synthetic_segment_001,0.99936738759574839,0.00017280929438640586,0.99944259788994116,0.00017282229965156796
-0.051388888888888873,2.9486111111111111,120,synthetic_segment_001,1.0015331760387176,0.00017308801905477101,1.0016085493256075,0.00017310104529616726
-0.049305555555555547,2.9506944444444443,120,synthetic_segment_001,1.0004258886123736,0.00017336674372313621,1.0005011785671334,0.00017337979094076658
-0.047222222222222221,2.9527777777777779,120,synthetic_segment_001,1.0011882898323299,0.00017364546839150136,1.0012636371638071,0.00017365853658536586
-0.045138888888888895,2.9548611111111112,120,synthetic_segment_001,1.0008654377070474,0.00017392419305986651,1.0009407607413505,0.00017393728222996516
-0.043055555555555569,2.9569444444444444,120,synthetic_segment_001,1.0005882772459118,0.00017420291772823172,1.0006635794216998,0.00017421602787456449
-0.040972222222222188,2.9590277777777776,120,synthetic_segment_001,1.0011718123132529,0.00017448164239659687,1.0012471584046665,0.00017449477351916376
-0.038888888888888862,2.9611111111111112,120,synthetic_segment_001,1.0007184517588734,0.00017476036706496204,1.0007937637313222,0.00017477351916376309
-0.036805555555555536,2.9631944444444445,120,synthetic_segment_001,1.0003723260480792,0.00017503909173332722,1.0004476119718329,0.00017505226480836239
-0.03472222222222221,2.9652777777777777,120,synthetic_segment_001,0.99980539373169508,0.0001753178164016924,0.99988063698931129,0.00017533101045296169
-0.032638888888888884,2.9673611111111109,120,synthetic_segment_001,0.99881134392002391,0.00017559654107005755,0.99888651236753556,0.00017560975609756099
-0.030555555555555558,2.9694444444444446,120,synthetic_segment_001,0.99872083406131296,0.00017587526573842273,0.99879599569724231,0.00017588850174216029
-0.028472222222222232,2.9715277777777778,120,synthetic_segment_001,0.99982982911206841,0.00017615399040678791,0.99990507420864005,0.00017616724738675959
-0.026388888888888906,2.973611111111111,120,synthetic_segment_001,0.99811442585135779,0.00017643271507515306,0.99818954185027675,0.00017644599303135889
-0.02430555555555558,2.9756944444444446,120,synthetic_segment_001,0.99873192790276821,0.00017671143974351823,0.99880709037359683,0.00017672473867595819
-0.022222222222222254,2.9777777777777779,120,synthetic_segment_001,0.99975597612304479,0.00017699016441188344,0.99983121566159538,0.00017700348432055752
-0.020138888888888928,2.9798611111111111,120,synthetic_segment_001,0.99749587172568432,0.00017726888908024859,0.99757094117351675,0.00017728222996515682
-0.018055555555555547,2.9819444444444443,120,synthetic_segment_001,0.99461504391482414,0.00017754761374861374,0.99468989655759588,0.0001775609756097561
-0.015972222222222221,2.9840277777777779,120,synthetic_segment_001,0.99487860171606157,0.00017782633841697894,0.99495347419364077,0.00017783972125435542
-0.013888888888888895,2.9861111111111112,120,synthetic_segment_001,0.99530224116071553,0.00017810506308534409,0.99537714552051104,0.00017811846689895472
-0.011805555555555514,2.9881944444444444,120,synthetic_segment_001,0.99513540021239966,0.00017838378775370927,0.99521029201609523,0.00017839721254355403
-0.0097222222222221877,2.9902777777777776,120,synthetic_segment_001,0.99376329914862793,0.00017866251242207445,0.99383808769087434,0.00017867595818815333
-0.0076388888888888618,2.9923611111111112,120,synthetic_segment_001,0.99362540567287849,0.0001789412370904396,0.9937001838375511,0.00017895470383275263
-0.0055555555555555358,2.9944444444444445,120,synthetic_segment_001,0.99468251538778607,0.00017921996175880478,0.99475737310831935,0.00017923344947735193
-0.0034722222222222099,2.9965277777777777,120,synthetic_segment_001,0.99349203160099742,0.00017949868642716996,0.99356679972821704,0.00017951219512195123
-0.001388888888888884,2.9986111111111109,120,synthetic_segment_001,0.99564913634306196,0.00017977741109553511,0.99572406680946157,0.00017979094076655053
0.00069444444444444198,3.0006944444444446,120,synthetic_segment_001,0.9946475299022014,0.00018005613576390028,0.99472238498980037,0.00018006968641114983
0.0027777777777777679,3.0027777777777778,120,synthetic_segment_001,0.99476387636580288,0.00018033486043226543,0.99483874020939278,0.00018034843205574913
0.0048611111111110938,3.004861111111111,120,synthetic_segment_001,0.9956950849097338,0.00018061358510063064,0.99577001883412619,0.00018062717770034846
0.0069444444444444198,3.0069444444444446,120,synthetic_segment_001,0.99551479032045853,0.00018089230976899582,0.99558971067625823,0.00018090592334494776
0.0090277777777777457,3.0090277777777779,120,synthetic_segment_001,0.99485070181591939,0.00018117103443736094,0.99492557219381061,0.00018118466898954703
0.011111111111111072,3.0111111111111111,120,synthetic_segment_001,0.9958558944837671,0.00018144975910572614,0.99593084051035086,0.00018146341463414636
0.013194444444444509,3.0131944444444443,120,synthetic_segment_001,0.99662474189162098,0.00018172848377409132,0.99669974578004861,0.00018174216027874566
0.015277777777777724,3.0152777777777779,120,synthetic_segment_001,0.99527808301277532,0.00018200720844245647,0.99535298555447926,0.00018202090592334496
0.01736111111111116,3.0173611111111112,120,synthetic_segment_001,0.99613294994596546,0.00018228593311082165,0.99620791682316245,0.00018229965156794426
0.019444444444444486,3.0194444444444444,120,synthetic_segment_001,0.99570066824216541,0.00018256465777918683,0.99577560258674769,0.00018257839721254356
0.021527777777777812,3.0215277777777776,120,synthetic_segment_001,0.99819923667737953,0.00018284338244755201,0.99827435905898343,0.00018285714285714289
0.023611111111111138,3.0236111111111112,120,synthetic_segment_001,0.9998005659259509,0.00018312210711591716,0.99987580882023652,0.00018313588850174217
0.025694444444444464,3.0256944444444445,120,synthetic_segment_001,1.0003839152459106,0.00018340083178428236,1.000459202041843,0.00018341463414634149
0.02777777777777779,3.0277777777777777,120,synthetic_segment_001,0.9999985871346998,0.00018367955645264751,1.0000738449316464,0.00018369337979094079
0.029861111111111116,3.0298611111111109,120,synthetic_segment_001,0.99906137944485884,0.00018395828112101266,0.99913656670951978,0.00018397212543554007
0.031944444444444442,3.0319444444444446,120,synthetic_segment_001,0.99845389555483965,0.00018423700578937787,0.99852903710153673,0.0001842508710801394
0.034027777777777768,3.0340277777777778,120,synthetic_segment_001,0.99954743987766737,0.00018451573045774302,0.99962266372221731,0.0001845296167247387
0.036111111111111094,3.036111111111111,120,synthetic_segment_001,0.9993293718210855,0.00018479445512610819,0.99940457925429071,0.000184808362369338
0.03819444444444442,3.0381944444444446,120,synthetic_segment_001,0.99865159455322006,0.00018507317979447337,0.9987267509783293,0.0001850871080139373
0.040277777777777746,3.0402777777777779,120,synthetic_segment_001,0.9990059442142013,0.00018535190446283852,0.999081127306923,0.0001853658536585366
0.042361111111111072,3.0423611111111111,120,synthetic_segment_001,0.99858623930596879,0.0001856306291312037,0.9986613908125791,0.0001856445993031359
0.044444444444444509,3.0444444444444443,120,synthetic_segment_001,0.99959908070169168,0.00018590935379956888,0.99967430843262184,0.0001859233449477352
0.046527777777777724,3.0465277777777779,120,synthetic_segment_001,0.99897378639537615,0.00018618807846793403,0.99904896706796786,0.0001862020905923345
0.04861111111111116,3.0486111111111112,120,synthetic_segment_001,0.99941825664038342,0.00018646680313629923,0.99949347076287387,0.00018648083623693383
0.050694444444444486,3.0506944444444444,120,synthetic_segment_001,0.99987450889158258,0.00018674552780466438,0.99994975735066083,0.0001867595818815331
0.052777777777777812,3.0527777777777776,120,synthetic_segment_001,0.99960322093708565,0.00018702425247302956,0.99967844897960123,0.00018703832752613243
0.054861111111111138,3.0548611111111112,120,synthetic_segment_001,1.0012552966936159,0.00018730297714139474,1.001330649067889,0.00018731707317073173
0.056944444444444464,3.0569444444444445,120,synthetic_segment_001,1.0004327502567341,0.00018758170180975989,1.000508040727887,0.000187595818815331
0.05902777777777779,3.0590277777777777,120,synthetic_segment_001,0.99981442494726624,0.00018786042647812507,0.99988966888455277,0.00018787456445993033
0.061111111111111116,3.0611111111111109,120,synthetic_segment_001,1.0000540813670358,0.00018813915114649024,1.000129343340362,0.00018815331010452963
0.063194444444444442,3.0631944444444446,120,synthetic_segment_001,1.0000783252527856,0.00018841787581485542,1.0001535890506559,0.00018843205574912893
0.065277777777777768,3.0652777777777778,120,synthetic_segment_001,1.000154236635828,0.00018869660048322057,1.0002295061466298,0.00018871080139372823
0.067361111111111094,3.067361111111111,120,synthetic_segment_001,1.0016478458379139,0.00018897532515158575,1.0017232277546124,0.00018898954703832754
0.06944444444444442,3.0694444444444446,120,synthetic_segment_001,1.0006109799666689,0.00018925404981995093,1.000686283851016,0.00018926829268292684
0.071527777777777746,3.0715277777777779,120,synthetic_segment_001,1.0006239433918385,0.00018953277448831608,1.0006992482517858,0.00018954703832752614
0.073611111111111072,3.0736111111111111,120,synthetic_segment_001,1.0010863807450006,0.00018981149915668126,1.0011617204070136,0.00018982578397212544
0.075694444444444509,3.0756944444444443,120,synthetic_segment_001,1.0006293992629944,0.00019009022382504646,1.0007047045335391,0.00019010452961672477
0.077777777777777724,3.0777777777777779,120,synthetic_segment_001,1.0003656378799093,0.00019036894849341161,1.0004409233003253,0.00019038327526132407
0.07986111111111116,3.0798611111111112,120,synthetic_segment_001,1.0009198801232666,0.00019064767316177679,1.0009952072547919,0.00019066202090592337
0.081944444444444375,3.0819444444444444,120,synthetic_segment_001,1.0008038239170201,0.00019092639783014194,1.0008791423143986,0.00019094076655052267
0.084027777777777812,3.0840277777777776,120,synthetic_segment_001,0.99975673944962729,0.00019120512249850709,0.99983197904562415,0.00019121951219512194
0.086111111111111138,3.0861111111111112,120,synthetic_segment_001,0.99972283117921279,0.00019148384716687229,0.99979806822334438,0.00019149825783972127
0.088194444444444464,3.0881944444444445,120,synthetic_segment_001,0.99951446929266308,0.00019176257183523744,0.99958969065591596,0.00019177700348432057
0.09027777777777779,3.0902777777777777,120,synthetic_segment_001,1.0001097483217385,0.00019204129650360262,1.0001850144844429,0.00019205574912891987
0.092361111111111116,3.0923611111111109,120,synthetic_segment_001,0.99933719714354308,0.0001923200211719678,0.99941240516566576,0.00019233449477351917
0.094444444444444442,3.0944444444444446,120,synthetic_segment_001,0.99940885477914887,0.00019259874584033295,0.99948406819407487,0.00019261324041811847
0.096527777777777768,3.0965277777777778,120,synthetic_segment_001,0.99880824523718503,0.00019287747050869815,0.99888341345149623,0.0001928919860627178
0.098611111111111094,3.098611111111111,120,synthetic_segment_001,0.99871424751719673,0.00019315619517706331,0.99878940865743659,0.00019317073170731707
0.10069444444444442,3.1006944444444446,120,synthetic_segment_001,0.99942128682792575,0.00019343491984542846,0.99949650117846167,0.00019344947735191637
0.10277777777777775,3.1027777777777779,120,synthetic_segment_001,0.99958572710073135,0.00019371364451379366,0.99966095382669751,0.0001937282229965157
0.10486111111111107,3.1048611111111111,120,synthetic_segment_001,0.99820292563802582,0.00019399236918215884,0.9982780482972532,0.000194006968641115
0.1069444444444444,3.1069444444444443,120,synthetic_segment_001,1.000076598007579,0.00019427109385052399,1.0001518616754603,0.0001942857142857143
0.10902777777777772,3.1090277777777779,120,synthetic_segment_001,0.99904131763349346,0.00019454981851888917,0.99911650338834457,0.0001945644599303136
0.11111111111111116,3.1111111111111112,120,synthetic_segment_001,0.99979011827907205,0.00019482854318725434,0.99986536038708973,0.00019484320557491291
0.11319444444444449,3.1131944444444444,120,synthetic_segment_001,1.0006537020132693,0.00019510726785561949,1.0007290091127881,0.00019512195121951221
0.11527777777777781,3.1152777777777776,120,synthetic_segment_001,0.9997180441101694,0.00019538599252398467,0.99979328079403618,0.00019540069686411151
0.11736111111111114,3.1173611111111112,120,synthetic_segment_001,0.99946168884622499,0.00019566471719234985,0.99953690623733216,0.00019567944250871081
0.11944444444444446,3.1194444444444445,120,synthetic_segment_001,0.99964351796298911,0.00019594344186071503,0.99971874903817437,0.00019595818815331014
0.12152777777777779,3.1215277777777777,120,synthetic_segment_001,1.000186186585428,0.00019622216652908018,1.0002614585007159,0.00019623693379790941
0.12361111111111112,3.1236111111111109,120,synthetic_segment_001,1.0000441465089098,0.00019650089119744538,1.0001194077345594,0.00019651567944250874
0.12569444444444444,3.1256944444444446,120,synthetic_segment_001,1.0007613862605118,0.00019677961586581051,1.0008367014641213,0.00019679442508710801
0.12777777777777777,3.1277777777777778,120,synthetic_segment_001,1.0008929889092628,0.00019705834053417568,1.0009683140170116,0.00019707317073170731
0.12986111111111109,3.129861111111111,120,synthetic_segment_001,1.0009849861137547,0.00019733706520254089,1.0010603181450204,0.00019735191637630664
0.13194444444444442,3.1319444444444446,120,synthetic_segment_001,1.0015851866779466,0.00019761578987090604,1.0016605638790481,0.00019763066202090594
0.13402777777777775,3.1340277777777779,120,synthetic_segment_001,0.99994965696325777,0.00019789451453927122,1.0000249110778223,0.00019790940766550524
0.13611111111111107,3.1361111111111111,120,synthetic_segment_001,1.0007554453218779,0.00019817323920763639,1.0008307600783848,0.00019818815331010454
0.1381944444444444,3.1381944444444443,120,synthetic_segment_001,1.0008497554080464,0.00019845196387600154,1.0009250772621325,0.00019846689895470384
0.14027777777777772,3.1402777777777779,120,synthetic_segment_001,1.0010196726538578,0.00019873068854436672,1.0010950072955598,0.00019874564459930314
0.14236111111111116,3.1423611111111112,120,synthetic_segment_001,1.000609824141111,0.0001990094132127319,1.0006851279384732,0.00019902439024390244
0.14444444444444449,3.1444444444444444,120,synthetic_segment_001,1.0003393333339199,0.00019928813788109705,1.000414616774711,0.00019930313588850174
0.14652777777777781,3.1465277777777776,120,synthetic_segment_001,0.99944054486189848,0.00019956686254946225,0.99951576066175374,0.00019958188153310107
0.14861111111111114,3.1486111111111112,120,synthetic_segment_001,0.99967323704955502,0.0001998455872178274,0.99974847036133641,0.00019986062717770035
-0.14930555555555558,3.8506944444444446,120,synthetic_segment_001,1.0001751887986468,0.00020012431188619258,1.0002504598862643,0.00020013937282229967
-0.14722222222222237,3.8527777777777779,120,synthetic_segment_001,1.0006525514498699,0.00020040303655455773,1.0007278584627997,0.00020041811846689895
-0.14513888888888893,3.8548611111111111,120,synthetic_segment_001,1.0004690915949559,0.00020068176122292294,1.0005443848010818,0.00020069686411149828
-0.14305555555555549,3.8569444444444443,120,synthetic_segment_001,0.9999558534910904,0.00020096048589128809,1.0000311080719926,0.00020097560975609758
-0.14097222222222228,3.8590277777777775,120,synthetic_segment_001,1.0001864510836858,0.00020123921055965327,1.0002617230188793,0.00020125435540069688
-0.13888888888888884,3.8611111111111112,120,synthetic_segment_001,1.0005009535097813,0.00020151793522801844,1.000576249113768,0.0002015331010452962
-0.13680555555555562,3.8631944444444444,120,synthetic_segment_001,0.99956473658470613,0.00020179665989638362,0.99963996173097003,0.00020181184668989551
-0.13472222222222219,3.865277777777778,120,synthetic_segment_001,0.99943726093929253,0.0002020753845647488,0.99951247649200659,0.00020209059233449481
-0.13263888888888897,3.8673611111111112,120,synthetic_segment_001,0.99951506081825225,0.00020235410923311392,0.99959028222602209,0.00020236933797909408
-0.13055555555555554,3.8694444444444445,120,synthetic_segment_001,0.99971832617106515,0.0002026328339014791,0.99979356287615928,0.00020264808362369338
-0.12847222222222232,3.8715277777777777,120,synthetic_segment_001,0.99917533834597805,0.0002029115585698443,0.99925053418694698,0.00020292682926829271
-0.12638888888888888,3.8736111111111109,120,synthetic_segment_001,1.0000921256551007,0.00020319028323820945,1.0001673904915602,0.00020320557491289201
-0.12430555555555567,3.8756944444444441,120,synthetic_segment_001,0.99943369078653022,0.00020346900790657463,0.99950890607056209,0.00020348432055749131
-0.12222222222222223,3.8777777777777778,120,synthetic_segment_001,0.99913733072366884,0.00020374773257493978,0.99921252370426372,0.00020376306620209058
-0.12013888888888902,3.879861111111111,120,synthetic_segment_001,0.9976824616255725,0.00020402645724330493,0.99775754511576953,0.00020404181184668988
-0.11805555555555558,3.8819444444444446,120,synthetic_segment_001,0.99866017266483564,0.00020430518191167014,0.99873532973551549,0.00020432055749128921
-0.11597222222222237,3.8840277777777779,120,synthetic_segment_001,0.99819139671166235,0.00020458390658003532,0.99826651850324688,0.00020459930313588851
-0.11388888888888893,3.8861111111111111,120,synthetic_segment_001,0.99902092803079079,0.00020486263124840047,0.99909611225116313,0.00020487804878048781
-0.11180555555555549,3.8881944444444443,120,synthetic_segment_001,0.99912407559411998,0.00020514135591676567,0.99919926757716171,0.00020515679442508714
-0.10972222222222228,3.8902777777777775,120,synthetic_segment_001,1.0009285761022544,0.00020542008058513085,1.0010039038882208,0.00020543554006968644
-0.10763888888888884,3.8923611111111112,120,synthetic_segment_001,1.0000992508106989,0.00020569880525349597,1.0001745161833828,0.00020571428571428572
-0.10555555555555562,3.8944444444444444,120,synthetic_segment_001,1.0004728084909735,0.00020597752992186115,1.0005481019768252,0.00020599303135888502
-0.10347222222222219,3.896527777777778,120,synthetic_segment_001,0.99990490217754846,0.00020625625459022633,0.99998015292396158,0.00020627177700348432
-0.10138888888888897,3.8986111111111112,120,synthetic_segment_001,1.0007709624656962,0.0002065349792585915,1.0008462783899907,0.00020655052264808364
-0.099305555555555536,3.9006944444444445,120,synthetic_segment_001,1.0003160266729507,0.00020681370392695668,1.0003913083597313,0.00020682926829268295
-0.097222222222222321,3.9027777777777777,120,synthetic_segment_001,1.0002196899347056,0.00020709242859532186,1.0002949643713852,0.00020710801393728225
-0.095138888888888884,3.9048611111111109,120,synthetic_segment_001,1.0006503195347796,0.00020737115326368704,1.0007256263797402,0.00020738675958188157
-0.093055555555555669,3.9069444444444441,120,synthetic_segment_001,1.001447146380255,0.00020764987793205216,1.0015225131927332,0.00020766550522648082
-0.090972222222222232,3.9090277777777778,120,synthetic_segment_001,1.000451618320312,0.00020792860260041737,1.0005269102114358,0.00020794425087108015
-0.088888888888889017,3.911111111111111,120,synthetic_segment_001,1.0008291203162361,0.00020820732726878252,1.0009044406173686,0.00020822299651567945
-0.08680555555555558,3.9131944444444446,120,synthetic_segment_001,1.0008889940989196,0.00020848605193714769,1.0009643189060273,0.00020850174216027875
-0.084722222222222365,3.9152777777777779,120,synthetic_segment_001,1.0014518966553931,0.0002087647766055129,1.0015272638253672,0.00020878048780487808
-0.082638888888888928,3.9173611111111111,120,synthetic_segment_001,1.0015934825369646,0.00020904350127387805,1.0016688603623951,0.00020905923344947738
-0.080555555555555491,3.9194444444444443,120,synthetic_segment_001,1.0001240219637499,0.00020932222594224323,1.0001992892006588,0.00020933797909407668
-0.078472222222222276,3.9215277777777775,120,synthetic_segment_001,0.99999133091669279,0.00020960095061060838,1.0000665881675517,0.00020961672473867595
-0.07638888888888884,3.9236111111111112,120,synthetic_segment_001,0.99995092004599984,0.00020987967527897353,1.0000261742556213,0.00020989547038327525
-0.074305555555555625,3.9256944444444444,120,synthetic_segment_001,0.99919964666161953,0.00021015839994733873,0.99927484433198133,0.00021017421602787458
-0.072222222222222188,3.927777777777778,120,synthetic_segment_001,0.99979389172119104,0.00021043712461570391,0.99986913411319001,0.00021045296167247388
-0.070138888888888973,3.9298611111111112,120,synthetic_segment_001,1.0001746296830889,0.00021071584928406906,1.0002499007286285,0.00021073170731707318
-0.068055555555555536,3.9319444444444445,120,synthetic_segment_001,0.99997989760720885,0.00021099457395243426,1.0000551539976208,0.00021101045296167251
-0.065972222222222321,3.9340277777777777,120,synthetic_segment_001,0.9994341023225165,0.00021127329862079942,0.99950931763751971,0.00021128919860627181
-0.063888888888888884,3.9361111111111109,120,synthetic_segment_001,1.0001574926564762,0.00021155202328916457,1.0002327624123193,0.00021156794425087109
-0.061805555555555669,3.9381944444444441,120,synthetic_segment_001,0.99831559399245351,0.00021183074795752974,0.99839072513086502,0.00021184668989547039
-0.059722222222222232,3.9402777777777778,120,synthetic_segment_001,0.99815266290168758,0.00021210947262589489,0.99822778177824678,0.00021212543554006969
-0.057638888888889017,3.942361111111111,120,synthetic_segment_001,0.99963327543715275,0.0002123881972942601,0.99970850574150694,0.00021240418118466901
-0.05555555555555558,3.9444444444444446,120,synthetic_segment_001,0.99789755398585744,0.00021266692196262528,0.99797265366345456,0.00021268292682926832
-0.053472222222222365,3.9465277777777779,120,synthetic_segment_001,0.99896384993130216,0.0002129456466309904,0.99903902985609638,0.00021296167247386759
-0.051388888888888928,3.9486111111111111,120,synthetic_segment_001,0.99885487843397824,0.00021322437129935563,0.99893005015780612,0.00021324041811846694
-0.049305555555555491,3.9506944444444443,120,synthetic_segment_001,0.99911956290486292,0.00021350309596772075,0.9991947545482891,0.00021351916376306619
-0.047222222222222276,3.9527777777777775,120,synthetic_segment_001,0.99959568385168318,0.00021378182063608593,0.9996709113269735,0.00021379790940766552
-0.04513888888888884,3.9548611111111112,120,synthetic_segment_001,0.99932217429816095,0.00021406054530445111,0.99939738118969579,0.00021407665505226482
-0.043055555555555625,3.9569444444444444,120,synthetic_segment_001,0.99963819971377366,0.00021433926997281629,0.99971343038871863,0.00021435540069686412
-0.040972222222222188,3.959027777777778,120,synthetic_segment_001,0.99955178127590205,0.00021461799464118147,0.99962700544717653,0.00021463414634146345
-0.038888888888888973,3.9611111111111112,120,synthetic_segment_001,1.0004470526210347,0.00021489671930954659,1.0005223441685536,0.00021491289198606269
-0.036805555555555536,3.9631944444444445,120,synthetic_segment_001,1.0014576816773679,0.00021517544397791182,1.0015330492827106,0.00021519163763066205
-0.034722222222222321,3.9652777777777777,120,synthetic_segment_001,1.0002963318887159,0.00021545416864627694,1.0003716120933084,0.00021547038327526132
-0.032638888888888884,3.9673611111111109,120,synthetic_segment_001,1.0005345520759825,0.00021573289331464212,1.0006098502085268,0.00021574912891986062
-0.030555555555555669,3.9694444444444441,120,synthetic_segment_001,1.000506672975976,0.00021601161798300733,1.0005819690103976,0.00021602787456445995
-0.028472222222222232,3.9715277777777778,120,synthetic_segment_001,1.0001086783360549,0.00021629034265137248,1.0001839444182345,0.00021630662020905925
-0.026388888888889017,3.973611111111111,120,synthetic_segment_001,1.0007757370577925,0.00021656906731973765,1.000851053341413,0.00021658536585365855
-0.02430555555555558,3.9756944444444446,120,synthetic_segment_001,1.0003547585038466,0.0002168477919881028,1.0004300431055035,0.00021686411149825783
-0.022222222222222365,3.9777777777777779,120,synthetic_segment_001,1.0009009167188869,0.00021712651665646796,1.0009762424232662,0.00021714285714285713
-0.020138888888888928,3.9798611111111111,120,synthetic_segment_001,0.99967149966543689,0.00021740524132483316,0.99974673284646642,0.00021742160278745646
-0.018055555555555491,3.9819444444444443,120,synthetic_segment_001,0.99605074792729942,0.00021768396599319834,0.99612570861814487,0.00021770034843205576
-0.015972222222222276,3.9840277777777775,120,synthetic_segment_001,0.99584994316055597,0.00021796269066156349,0.99592488873925566,0.00021797909407665506
-0.01388888888888884,3.9861111111111112,120,synthetic_segment_001,0.99548921179495276,0.00021824141532992869,0.99556413022576618,0.00021825783972125438
-0.011805555555555625,3.9881944444444444,120,synthetic_segment_001,0.99442136226795885,0.00021852013999829387,0.99449620033465591,0.00021853658536585369
-0.0097222222222221877,3.990277777777778,120,synthetic_segment_001,0.99465770448086033,0.00021879886466665899,0.99473256033417679,0.00021881533101045296
-0.0076388888888889728,3.9923611111111112,120,synthetic_segment_001,0.99320487210385389,0.00021907758933502417,0.99327961862005187,0.00021909407665505226
-0.0055555555555555358,3.9944444444444445,120,synthetic_segment_001,0.99416676965139972,0.00021935631400338935,0.99424158855799027,0.00021937282229965156
-0.0034722222222223209,3.9965277777777777,120,synthetic_segment_001,0.99400332516108703,0.00021963503867175453,0.99407813176718796,0.00021965156794425089
-0.001388888888888884,3.9986111111111109,120,synthetic_segment_001,0.99374811686983699,0.0002199137633401197,0.99382290426949693,0.00021993031358885019
0.00069444444444433095,4.0006944444444441,120,synthetic_segment_001,0.99389221414290496,0.00022019248800848488,0.99396701238702356,0.00022020905923344949
0.0027777777777777679,4.0027777777777782,120,synthetic_segment_001,0.9930419574934175,0.00022047121267685006,0.99311669174900341,0.00022048780487804882
0.0048611111111109828,4.0048611111111114,120,synthetic_segment_001,0.99348262831745671,0.00022074993734521518,0.99355739573700486,0.00022076655052264806
0.0069444444444444198,4.0069444444444446,120,synthetic_segment_001,0.99371399505437408,0.00022102866201358039,0.99378877988609782,0.00022104529616724739
0.0090277777777776347,4.0090277777777779,120,synthetic_segment_001,0.9936421798879882,0.00022130738668194554,0.99371695931505311,0.00022132404181184669
0.011111111111111072,4.0111111111111111,120,synthetic_segment_001,0.9941808167476619,0.00022158611135031072,0.99425563671140749,0.00022160278745644599
0.013194444444444509,4.0131944444444443,120,synthetic_segment_001,0.99510186784169241,0.00022186483601867589,0.99517675712181208,0.00022188153310104532
0.015277777777777724,4.0152777777777775,120,synthetic_segment_001,0.99521874975366431,0.00022214356068704107,0.99529364783007168,0.00022216027874564462
0.01736111111111116,4.0173611111111107,120,synthetic_segment_001,0.99479206504888162,0.00022242228535540625,0.99486693101389267,0.00022243902439024392
0.019444444444444375,4.0194444444444439,120,synthetic_segment_001,0.99659204060041739,0.00022270101002377137,0.99666704202781442,0.0002227177700348432
0.021527777777777812,4.021527777777778,120,synthetic_segment_001,0.99866611104391545,0.00022297973469213655,0.99874126856150536,0.0002229965156794425
0.023611111111111027,4.0236111111111112,120,synthetic_segment_001,1.0010895036687224,0.00022325845936050175,1.0011648435657601,0.00022327526132404183
0.025694444444444464,4.0256944444444445,120,synthetic_segment_001,1.000883555827655,0.0002235371840288669,1.0009588802254898,0.00022355400696864113
0.027777777777777679,4.0277777777777777,120,synthetic_segment_001,1.0012646739432847,0.00022381590869723208,1.00134002702327,0.00022383275261324043
0.029861111111111116,4.0298611111111109,120,synthetic_segment_001,1.0002129457987694,0.00022409463336559729,1.0002882197278997,0.00022411149825783975
0.031944444444444331,4.0319444444444441,120,synthetic_segment_001,1.00076773499886,0.00022437335803396244,1.0008430506802621,0.00022439024390243906
0.034027777777777768,4.0340277777777782,120,synthetic_segment_001,1.0012430854353531,0.00022465208270232759,1.0013184368906325,0.00022466898954703833
0.036111111111110983,4.0361111111111114,120,synthetic_segment_001,1.0016861703650872,0.00022493080737069277,1.0017615551660093,0.00022494773519163763
0.03819444444444442,4.0381944444444446,120,synthetic_segment_001,1.0006674437204415,0.00022520953203905792,1.0007427518541323,0.00022522648083623693
0.040277777777777635,4.0402777777777779,120,synthetic_segment_001,1.0001563689908084,0.00022548825670742312,1.0002316386620866,0.00022550522648083626
0.042361111111111072,4.0423611111111111,120,synthetic_segment_001,1.0002192671790515,0.0002257669813757883,1.0002945415839155,0.00022578397212543556
0.044444444444444509,4.0444444444444443,120,synthetic_segment_001,1.0010208004864147,0.00022604570604415342,1.0010961352129948,0.00022606271777003483
0.046527777777777724,4.0465277777777775,120,synthetic_segment_001,1.0001068855927415,0.00022632443071251865,1.0001821515400031,0.00022634146341463419
0.04861111111111116,4.0486111111111107,120,synthetic_segment_001,0.99913675550167669,0.00022660315538088378,0.99921194843898165,0.00022662020905923343
0.050694444444444375,4.0506944444444439,120,synthetic_segment_001,0.99967466009575123,0.00022688188004924895,0.99974989351462806,0.00022689895470383276
0.052777777777777812,4.052777777777778,120,synthetic_segment_001,0.99957341650500553,0.00022716060471761413,0.99964864230450201,0.00022717770034843206
0.054861111111111027,4.0548611111111112,120,synthetic_segment_001,0.9994506006581837,0.00022743932938597931,0.99952581721481704,0.00022745644599303136
0.056944444444444464,4.0569444444444445,120,synthetic_segment_001,0.99928064554439044,0.00022771805405434449,0.99935584931055832,0.00022773519163763069
0.059027777777777679,4.0590277777777777,120,synthetic_segment_001,0.99910329434439182,0.00022799677872270961,0.99917848476348026,0.00022801393728222994
0.061111111111111116,4.0611111111111109,120,synthetic_segment_001,0.99953154405773592,0.00022827550339107484,0.99960676670599979,0.00022829268292682929
0.063194444444444331,4.0631944444444441,120,synthetic_segment_001,0.99888036321800833,0.00022855422805943997,0.99895553685976757,0.00022857142857142857
0.065277777777777768,4.0652777777777782,120,synthetic_segment_001,0.99884311694520145,0.00022883295272780514,0.99891828778388425,0.00022885017421602787
0.067361111111110983,4.0673611111111114,120,synthetic_segment_001,0.99967223146579409,0.00022911167739617035,0.99974746470189735,0.0002291289198606272
0.06944444444444442,4.0694444444444446,120,synthetic_segment_001,0.99826791530522785,0.0002293904020645355,0.99834304285544129,0.0002294076655052265
0.071527777777777635,4.0715277777777779,120,synthetic_segment_001,0.99873944685984306,0.00022966912673290068,0.9988146098965327,0.0002296864111498258
0.073611111111111072,4.0736111111111111,120,synthetic_segment_001,0.99900338712828129,0.00022994785140126583,0.99907857002856204,0.00022996515679442507
0.075694444444444509,4.0756944444444443,120,synthetic_segment_001,1.0003953977489239,0.00023022657606963098,1.0004706854090053,0.00023024390243902437
0.077777777777777724,4.0777777777777775,120,synthetic_segment_001,1.0001757685538784,0.00023050530073799618,1.000251039685127,0.0002305226480836237
0.07986111111111116,4.0798611111111107,120,synthetic_segment_001,1.0003941357458552,0.00023078402540636136,1.000469423310961,0.000230801393728223
0.081944444444444375,4.0819444444444439,120,synthetic_segment_001,1.0003663809396235,0.00023106275007472651,1.0004416664159608,0.0002310801393728223
0.084027777777777812,4.084027777777778,120,synthetic_segment_001,1.0003004734734047,0.00023134147474309171,1.0003757539896843,0.00023135888501742163
0.086111111111111027,4.0861111111111112,120,synthetic_segment_001,1.0002824140507351,0.00023162019941145689,1.0003576932079004,0.00023163763066202093
0.088194444444444464,4.0881944444444445,120,synthetic_segment_001,1.0008665573902253,0.00023189892407982202,1.0009418805087935,0.0002319163763066202
0.090277777777777679,4.0902777777777777,120,synthetic_segment_001,0.99988467087012534,0.00023217764874818719,0.99995992009397272,0.0002321951219512195
0.092361111111111116,4.0923611111111109,120,synthetic_segment_001,1.0011537086268416,0.00023245637341655234,1.0012290533558097,0.0002324738675958188
0.094444444444444331,4.0944444444444441,120,synthetic_segment_001,1.0016206985977607,0.00023273509808491755,1.0016960784714148,0.00023275261324041813
0.096527777777777768,4.0965277777777782,120,synthetic_segment_001,1.0011480735297629,0.00023301382275328273,1.0012234178346455,0.00023303135888501743
0.098611111111110983,4.0986111111111114,120,synthetic_segment_001,1.0004453327304907,0.00023329254742164788,1.0005206241485742,0.00023331010452961673
0.10069444444444442,4.1006944444444446,120,synthetic_segment_001,1.0007286099713024,0.00023357127209001308,1.000803922708237,0.00023358885017421606
0.10277777777777763,4.1027777777777779,120,synthetic_segment_001,1.001288012108779,0.0002338499967583782,1.0013633669451456,0.00023386759581881531
0.10486111111111107,4.1048611111111111,120,synthetic_segment_001,1.001622373697332,0.00023412872142674338,1.0016977536970506,0.00023414634146341464
0.10694444444444451,4.1069444444444443,120,synthetic_segment_001,0.99964493350303818,0.00023440744609510856,0.999720164684754,0.00023442508710801394
0.10902777777777772,4.1090277777777775,120,synthetic_segment_001,0.99958676867050966,0.00023468617076347374,0.99966199547486212,0.00023470383275261324
0.11111111111111116,4.1111111111111107,120,synthetic_segment_001,0.99887515236099444,0.00023496489543183891,0.99895032561059549,0.00023498257839721257
0.11319444444444438,4.1131944444444439,120,synthetic_segment_001,0.9997352830093551,0.00023524362010020409,0.99981052099058532,0.00023526132404181187
0.11527777777777781,4.115277777777778,120,synthetic_segment_001,1.0007699084663051,0.00023552234476856927,1.000845224311278,0.00023554006968641117
0.11736111111111103,4.1173611111111112,120,synthetic_segment_001,0.99921146547147477,0.00023580106943693439,0.9992866640312954,0.00023581881533101044
0.11944444444444446,4.1194444444444445,120,synthetic_segment_001,0.9994974334110176,0.0002360797941052996,0.99957265349218571,0.00023609756097560977
0.12152777777777768,4.1215277777777777,120,synthetic_segment_001,0.99896613964893377,0.00023635851877366478,0.99904131974604737,0.00023637630662020907
0.12361111111111112,4.1236111111111109,120,synthetic_segment_001,0.99889504487383218,0.00023663724344202993,0.99897021962050203,0.00023665505226480837
0.12569444444444433,4.1256944444444441,120,synthetic_segment_001,0.99892890733417494,0.00023691596811039513,0.9990040846292626,0.0002369337979094077
0.12777777777777777,4.1277777777777782,120,synthetic_segment_001,0.99913447752952633,0.00023719469277876025,0.99920967029539587,0.00023721254355400694
0.12986111111111098,4.1298611111111114,120,synthetic_segment_001,0.99948300470182216,0.00023747341744712546,0.99955822369711589,0.0002374912891986063
0.13194444444444442,4.1319444444444446,120,synthetic_segment_001,0.99988766124454753,0.00023775214211549061,0.99996291069344423,0.00023777003484320557
0.13402777777777763,4.1340277777777779,120,synthetic_segment_001,0.99971777639218651,0.00023803086678385579,0.9997930130559054,0.00023804878048780487
0.13611111111111107,4.1361111111111111,120,synthetic_segment_001,1.0008979926200399,0.00023830959145222096,1.0009733181043574,0.0002383275261324042
0.13819444444444451,4.1381944444444443,120,synthetic_segment_001,1.0001414046275163,0.00023858831612058614,1.0002166731726081,0.0002386062717770035
0.14027777777777772,4.1402777777777775,120,synthetic_segment_001,1.0001971838492345,0.00023886704078895132,1.0002724565921535,0.0002388850174216028
0.14236111111111116,4.1423611111111107,120,synthetic_segment_001,1.0005851820140526,0.00023914576545731644,1.0006604839568998,0.00023916376306620208
0.14444444444444438,4.1444444444444439,120,synthetic_segment_001,1.0001371774518935,0.00023942449012568168,1.0002124456788568,0.00023944250871080143
0.14652777777777781,4.146527777777778,120,synthetic_segment_001,1.0003317552514908,0.00023970321479404683,1.0004070381219712,0.00023972125435540071
0.14861111111111103,4.1486111111111112,120,synthetic_segment_001,1.002044276832819,0.00023998193946241198,1.0021196885840831,0.00024000000000000001
-0.14861111111111114,5.8513888888888888,120,synthetic_segment_002,0.99951743896870904,0.00016001601901045531,1.019405726054434,0.00016320000000000001
-0.14652777777777781,5.853472222222222,120,synthetic_segment_002,0.99893767328488337,0.00016029479256273835,1.0188144242573673,0.00016348432055749131
-0.14444444444444443,5.8555555555555552,120,synthetic_segment_002,0.99961721523917835,0.00016057356611502135,1.0195074876620611,0.00016376864111498259
-0.1423611111111111,5.8576388888888893,120,synthetic_segment_002,0.99868758107601407,0.00016085233966730436,1.0185593557414783,0.00016405296167247387
-0.14027777777777778,5.8597222222222225,120,synthetic_segment_002,0.99848731479013242,0.00016113111321958745,1.0183551045792634,0.0001643372822299652
-0.13819444444444445,5.8618055555555557,120,synthetic_segment_002,0.9986993308689216,0.00016140988677187045,1.0185713393304612,0.00016462160278745647
-0.13611111111111107,5.8638888888888889,120,synthetic_segment_002,0.99896537201144542,0.00016168866032415346,1.0188426741301169,0.00016490592334494775
-0.13402777777777775,5.8659722222222221,120,synthetic_segment_002,0.99841004411757672,0.00016196743387643649,1.0182762963834397,0.00016519024390243905
-0.13194444444444442,5.8680555555555554,120,synthetic_segment_002,0.99965443308809798,0.0001622462074287195,1.0195454460676086,0.00016547456445993033
-0.12986111111111109,5.8701388888888886,120,synthetic_segment_002,0.99957805190104898,0.00016252498098100253,1.0194675450561757,0.00016575888501742163
-0.12777777777777777,5.8722222222222218,120,synthetic_segment_002,0.99891487295208492,0.00016280375453328556,1.018791170246077,0.00016604320557491291
-0.12569444444444444,5.8743055555555559,120,synthetic_segment_002,0.99979957197731495,0.00016308252808556857,1.0196934729143374,0.00016632752613240419
-0.12361111111111112,5.8763888888888891,120,synthetic_segment_002,0.9997252771312739,0.0001633613016378516,1.0196176997576942,0.00016661184668989549
-0.12152777777777779,5.8784722222222223,120,synthetic_segment_002,1.0001042429194598,0.00016364007519013461,1.02000420616508,0.00016689616724738677
-0.11944444444444446,5.8805555555555555,120,synthetic_segment_002,1.0002181001149022,0.00016391884874241764,1.0201203288783629,0.00016718048780487807
-0.11736111111111114,5.8826388888888888,120,synthetic_segment_002,1.0009656196950958,0.00016419762229470067,1.0208827225202122,0.00016746480836236937
-0.11527777777777781,5.884722222222222,120,synthetic_segment_002,1.0009637102238746,0.00016447639584698368,1.0208807750545446,0.00016774912891986062
-0.11319444444444443,5.8868055555555552,120,synthetic_segment_002,1.0014081295135471,0.00016475516939926674,1.0213340373499264,0.00016803344947735195
-0.1111111111111111,5.8888888888888893,120,synthetic_segment_002,1.0001118229967536,0.00016503394295154975,1.0200119370699108,0.00016831777003484323
-0.10902777777777778,5.8909722222222225,120,synthetic_segment_002,1.0015751458450486,0.00016531271650383278,1.0215043769538585,0.00016860209059233453
-0.10694444444444445,5.8930555555555557,120,synthetic_segment_002,1.0009196858514149,0.00016559149005611578,1.0208358746900068,0.00016888641114982581
-0.10486111111111113,5.8951388888888889,120,synthetic_segment_002,1.0005713836373966,0.00016587026360839879,1.0204806419971846,0.00016917073170731709
-0.10277777777777775,5.8972222222222221,120,synthetic_segment_002,1.0013423151332199,0.00016614903716068185,1.0212669134023629,0.00016945505226480839
-0.10069444444444442,5.8993055555555554,120,synthetic_segment_002,1.0009343421026704,0.00016642781071296486,1.0208508225697235,0.00016973937282229967
-0.098611111111111094,5.9013888888888886,120,synthetic_segment_002,1.000971121603571,0.00016670658426524786,1.0208883339050516,0.00017002369337979094
-0.096527777777777768,5.9034722222222218,120,synthetic_segment_002,1.0004350661166983,0.0001669853578175309,1.0203416120455864,0.00017030801393728225
-0.094444444444444442,5.9055555555555559,120,synthetic_segment_002,1.000828429701512,0.0001672641313698139,1.0207428027353598,0.00017059233449477352
-0.092361111111111116,5.9076388888888891,120,synthetic_segment_002,1.0015299071620376,0.00016754290492209696,1.0214582381165531,0.00017087665505226485
-0.09027777777777779,5.9097222222222223,120,synthetic_segment_002,0.99963131642338865,0.00016782167847438,1.0195218694300701,0.00017116097560975613
-0.088194444444444464,5.9118055555555555,120,synthetic_segment_002,0.99912960897161551,0.00016810045202666297,1.0190101790590953,0.00017144529616724738
-0.086111111111111138,5.9138888888888888,120,synthetic_segment_002,1.0006893461960047,0.00016837922557894603,1.0206009517616939,0.00017172961672473871
-0.084027777777777812,5.915972222222222,120,synthetic_segment_002,0.99949557964843649,0.00016865799913122904,1.0193834317798325,0.00017201393728222999
-0.081944444444444431,5.9180555555555552,120,synthetic_segment_002,0.9985970358342654,0.00016893677268351205,1.018467008840557,0.00017229825783972126
-0.079861111111111105,5.9201388888888893,120,synthetic_segment_002,0.99828912448142282,0.00016921554623579508,1.018152970701784,0.00017258257839721257
-0.077777777777777779,5.9222222222222225,120,synthetic_segment_002,0.99899279080175007,0.00016949431978807811,1.0188706384964683,0.00017286689895470384
-0.075694444444444453,5.9243055555555557,120,synthetic_segment_002,0.99969731680261631,0.00016977309334036117,1.0195891830775197,0.00017315121951219517
-0.073611111111111127,5.9263888888888889,120,synthetic_segment_002,0.99931085902395933,0.00017005186689264415,1.0191950356048676,0.00017343554006968642
-0.071527777777777746,5.9284722222222221,120,synthetic_segment_002,1.0001607328393423,0.00017033064044492716,1.0200618201151199,0.0001737198606271777
-0.06944444444444442,5.9305555555555554,120,synthetic_segment_002,0.99958642169398382,0.00017060941399721022,1.0194760813903214,0.00017400418118466903
-0.067361111111111094,5.9326388888888886,120,synthetic_segment_002,0.99959295694129946,0.0001708881875494932,1.019482746675263,0.00017428850174216028
-0.065277777777777768,5.9347222222222218,120,synthetic_segment_002,0.99948823005085308,0.00017116696110177628,1.0193759359407719,0.00017457282229965161
-0.063194444444444442,5.9368055555555559,120,synthetic_segment_002,1.0000882707604035,0.00017144573465405929,1.0199879161937755,0.00017485714285714289
-0.061111111111111116,5.9388888888888891,120,synthetic_segment_002,1.0004999484358401,0.00017172450820634227,1.0204077853859146,0.00017514146341463414
-0.05902777777777779,5.9409722222222223,120,synthetic_segment_002,1.0011828299839867,0.00017200328175862533,1.021104254835328,0.00017542578397212547
-0.056944444444444464,5.9430555555555555,120,synthetic_segment_002,1.0017099475922542,0.00017228205531090833,1.0216418609712712,0.00017571010452961674
-0.054861111111111138,5.9451388888888888,120,synthetic_segment_002,1.0009116677115999,0.00017256082886319134,1.0208276970061356,0.00017599442508710802
-0.052777777777777812,5.947222222222222,120,synthetic_segment_002,1.0020569510431523,0.0001728396024154744,1.021995769058329,0.00017627874564459932
-0.050694444444444431,5.9493055555555552,120,synthetic_segment_002,1.0013847168780547,0.00017311837596775741,1.0213101588524112,0.0001765630662020906
-0.048611111111111105,5.9513888888888893,120,synthetic_segment_002,1.0019834029601029,0.00017339714952004047,1.0219207575236846,0.00017684738675958193
-0.046527777777777779,5.9534722222222225,120,synthetic_segment_002,0.99968744139562549,0.00017367592307232345,1.0195791111707764,0.00017713170731707318
-0.044444444444444453,5.9555555555555557,120,synthetic_segment_002,1.0011778677459384,0.00017395469662460645,1.0210991938592175,0.00017741602787456446
-0.042361111111111127,5.9576388888888889,120,synthetic_segment_002,1.0013323416651425,0.00017423347017688951,1.0212567414833242,0.00017770034843205579
-0.040277777777777746,5.9597222222222221,120,synthetic_segment_002,1.0012975897936753,0.00017451224372917252,1.0212212981229751,0.00017798466898954704
-0.03819444444444442,5.9618055555555554,120,synthetic_segment_002,1.0008182216631849,0.00017479101728145555,1.0207323915786188,0.00017826898954703834
-0.036111111111111094,5.9638888888888886,120,synthetic_segment_002,1.0003136053655324,0.00017506979083373858,1.0202177344818721,0.00017855331010452964
-0.034027777777777768,5.9659722222222218,120,synthetic_segment_002,0.99952532260213156,0.00017534856438602159,1.0194137665555196,0.00017883763066202092
-0.031944444444444442,5.9680555555555559,120,synthetic_segment_002,0.99956562416902517,0.00017562733793830462,1.0194548700385191,0.00017912195121951222
-0.029861111111111116,5.9701388888888891,120,synthetic_segment_002,0.9993061175344643,0.00017590611149058763,1.0191901997697408,0.0001794062717770035
-0.02777777777777779,5.9722222222222223,120,synthetic_segment_002,0.99947216667201655,0.00017618488504287066,1.0193595529346058,0.00017969059233449478
-0.025694444444444464,5.9743055555555555,120,synthetic_segment_002,0.99972905241357712,0.00017646365859515369,1.0196215501601458,0.00017997491289198608
-0.023611111111111138,5.9763888888888888,120,synthetic_segment_002,0.99963485905582405,0.0001767424321474367,1.0195254825534126,0.00018025923344947736
-0.021527777777777812,5.978472222222222,120,synthetic_segment_002,0.99884583886629175,0.00017702120569971976,1.0187207625277053,0.00018054355400696869
-0.019444444444444486,5.9805555555555552,120,synthetic_segment_002,0.99650534487290732,0.00017729997925200277,1.0163336976445614,0.00018082787456445996
-0.017361111111111105,5.9826388888888893,120,synthetic_segment_002,0.99483292047606098,0.00017757875280428575,1.0146279955326529,0.00018111219512195121
-0.015277777777777779,5.9847222222222225,120,synthetic_segment_002,0.99422037775961791,0.00017785752635656883,1.014003264509211,0.00018139651567944254
-0.013194444444444453,5.9868055555555557,120,synthetic_segment_002,0.99484622609649465,0.00017813629990885184,1.0146415659068455,0.00018168083623693382
-0.011111111111111072,5.9888888888888889,120,synthetic_segment_002,0.99469073635713268,0.00017841507346113484,1.0144829822499042,0.0001819651567944251
-0.0090277777777777457,5.9909722222222221,120,synthetic_segment_002,0.9939104610129994,0.00017869384701341788,1.0136871810735593,0.0001822494773519164
-0.0069444444444444198,5.9930555555555554,120,synthetic_segment_002,0.99414798354330902,0.00017897262056570088,1.0139294298008195,0.00018253379790940768
-0.0048611111111110938,5.9951388888888886,120,synthetic_segment_002,0.99395031852542426,0.00017925139411798392,1.0137278316663434,0.00018281811846689898
-0.0027777777777777679,5.9972222222222218,120,synthetic_segment_002,0.99484159186276044,0.00017953016767026695,1.0146368394616427,0.00018310243902439026
-0.00069444444444444198,5.9993055555555559,120,synthetic_segment_002,0.99568490790920605,0.00017980894122254996,1.015496935717199,0.00018338675958188153
0.001388888888888884,6.0013888888888891,120,synthetic_segment_002,0.99477987008680824,0.00018008771477483299,1.0145738895526417,0.00018367108013937284
0.0034722222222222099,6.0034722222222223,120,synthetic_segment_002,0.99578973278491412,0.000180366488327116,1.0156038463866517,0.00018395540069686411
0.0055555555555555358,6.0055555555555555,120,synthetic_segment_002,0.99534941301721958,0.00018064526187939906,1.0151547651850812,0.00018423972125435544
0.0076388888888888618,6.0076388888888888,120,synthetic_segment_002,0.99621896943998212,0.00018092403543168206,1.0160416239450505,0.00018452404181184672
0.0097222222222221877,6.009722222222222,120,synthetic_segment_002,0.99614823578640932,0.00018120280898396507,1.0159694828410881,0.00018480836236933797
0.011805555555555514,6.0118055555555552,120,synthetic_segment_002,0.99695761042997522,0.00018148158253624813,1.0167949623314967,0.0001850926829268293
0.01388888888888884,6.0138888888888893,120,synthetic_segment_002,0.99522881872111568,0.00018176035608853113,1.0150317713170556,0.00018537700348432058
0.015972222222222276,6.0159722222222225,120,synthetic_segment_002,0.99620660844873521,0.00018203912964081414,1.0160290169961714,0.00018566132404181185
0.018055555555555491,6.0180555555555557,120,synthetic_segment_002,0.99646468277154687,0.00018231790319309717,1.0162922264532204,0.00018594564459930316
0.020138888888888928,6.0201388888888889,120,synthetic_segment_002,0.99699926360599544,0.00018259667674538018,1.0168374443177912,0.00018622996515679443
0.022222222222222254,6.0222222222222221,120,synthetic_segment_002,0.99975096960141996,0.00018287545029766327,1.0196439034537601,0.00018651428571428576
0.02430555555555558,6.0243055555555554,120,synthetic_segment_002,1.0004958125736507,0.00018315422384994624,1.0204035672287983,0.00018679860627177701
0.026388888888888906,6.0263888888888886,120,synthetic_segment_002,0.99946481857324421,0.00018343299740222928,1.0193520586241795,0.00018708292682926832
0.028472222222222232,6.0284722222222218,120,synthetic_segment_002,0.99999307994044639,0.00018371177095451231,1.019890831277446,0.00018736724738675962
0.030555555555555558,6.0305555555555559,120,synthetic_segment_002,1.0000910434051808,0.00018399054450679529,1.0199907440083309,0.00018765156794425087
0.032638888888888884,6.0326388888888891,120,synthetic_segment_002,0.99857328112899235,0.00018426931805907832,1.0184427814667945,0.00018793588850174217
0.03472222222222221,6.0347222222222223,120,synthetic_segment_002,0.99953128311312933,0.00018454809161136138,1.0194198456681038,0.00018822020905923348
0.036805555555555536,6.0368055555555555,120,synthetic_segment_002,0.99968113032426797,0.00018482686516364439,1.0195726745224214,0.00018850452961672475
0.038888888888888862,6.0388888888888888,120,synthetic_segment_002,0.99892165910507924,0.00018510563871592742,1.0187980914291905,0.00018878885017421606
0.040972222222222188,6.040972222222222,120,synthetic_segment_002,0.99893241647199094,0.00018538441226821043,1.0188090628449953,0.00018907317073170733
0.043055555555555514,6.0430555555555552,120,synthetic_segment_002,0.99952245097389703,0.00018566318582049343,1.0194108377879452,0.00018935749128919861
0.04513888888888884,6.0451388888888893,120,synthetic_segment_002,0.99851428736040704,0.00018594195937277647,1.0183826138467482,0.00018964181184668991
0.047222222222222276,6.0472222222222225,120,synthetic_segment_002,0.99902273754491056,0.0001862207329250595,1.0189011811166011,0.00018992613240418119
0.049305555555555491,6.0493055555555557,120,synthetic_segment_002,0.99929783679587136,0.00018649950647734256,1.0191817542619301,0.00019021045296167252
0.051388888888888928,6.0513888888888889,120,synthetic_segment_002,0.99933617973343736,0.00018677828002962554,1.0192208601430131,0.00019049477351916377
0.053472222222222254,6.0534722222222221,120,synthetic_segment_002,0.9993011670697336,0.00018705705358190857,1.0191851508012122,0.00019077909407665507
0.05555555555555558,6.0555555555555554,120,synthetic_segment_002,1.0000606652873583,0.0001873358271341916,1.0199597614300908,0.00019106341463414638
0.057638888888888906,6.0576388888888886,120,synthetic_segment_002,1.0000144678615626,0.00018761460068647458,1.0199126447730431,0.00019134773519163763
0.059722222222222232,6.0597222222222218,120,synthetic_segment_002,1.0007947058464828,0.00018789337423875764,1.0207084078468054,0.00019163205574912893
0.061805555555555558,6.0618055555555559,120,synthetic_segment_002,1.0006705428918767,0.00018817214779104068,1.0205817743115069,0.00019191637630662023
0.063888888888888884,6.0638888888888891,120,synthetic_segment_002,1.0006152027297457,0.00018845092134332368,1.0205253329969708,0.00019220069686411151
0.06597222222222221,6.0659722222222223,120,synthetic_segment_002,0.99999227035757521,0.00018872969489560672,1.0198900055855846,0.00019248501742160281
0.068055555555555536,6.0680555555555555,120,synthetic_segment_002,1.0015244406880897,0.00018900846844788972,1.0214526628713132,0.00019276933797909409
0.070138888888888862,6.0701388888888888,120,synthetic_segment_002,1.0007054618867794,0.00018928724200017273,1.0206173881206952,0.00019305365853658537
0.072222222222222188,6.072222222222222,120,synthetic_segment_002,1.0007911671915293,0.00018956601555245579,1.0207047987800884,0.00019333797909407667
0.074305555555555514,6.0743055555555552,120,synthetic_segment_002,1.0009199952526708,0.00018984478910473879,1.0208361902476948,0.00019362229965156795
0.07638888888888884,6.0763888888888893,120,synthetic_segment_002,1.0006703386459166,0.00019012356265702185,1.0205815660014832,0.00019390662020905928
0.078472222222222276,6.0784722222222225,120,synthetic_segment_002,0.99998022713909374,0.00019040233620930486,1.0198777227324782,0.00019419094076655055
0.080555555555555491,6.0805555555555557,120,synthetic_segment_002,1.0007144205634384,0.00019068110976158787,1.0206265250561082,0.00019447526132404183
0.082638888888888928,6.0826388888888889,120,synthetic_segment_002,1.0009625880827329,0.0001909598833138709,1.0208796305851628,0.00019475958188153313
0.084722222222222254,6.0847222222222221,120,synthetic_segment_002,1.000061197354994,0.00019123865686615391,1.0199603040847494,0.00019504390243902438
0.08680555555555558,6.0868055555555554,120,synthetic_segment_002,1.0006034533820909,0.00019151743041843694,1.0205133498621002,0.00019532822299651569
0.088888888888888906,6.0888888888888886,120,synthetic_segment_002,0.99943671327742944,0.00019179620397071997,1.0193233940923074,0.00019561254355400699
0.090972222222222232,6.0909722222222218,120,synthetic_segment_002,0.99929919034762449,0.00019207497752300298,1.0191831347465059,0.00019589686411149827
0.093055555555555558,6.0930555555555559,120,synthetic_segment_002,1.0001678051203218,0.00019235375107528601,1.0200690331195614,0.00019618118466898957
0.095138888888888884,6.0951388888888891,120,synthetic_segment_002,0.99927439972049203,0.00019263252462756902,1.0191578508382257,0.00019646550522648085
0.09722222222222221,6.0972222222222223,120,synthetic_segment_002,0.99927947568137909,0.00019291129817985208,1.0191630278000192,0.00019674982578397215
0.099305555555555536,6.0993055555555555,120,synthetic_segment_002,0.99927649563881515,0.00019319007173213508,1.0191599884608991,0.00019703414634146343
0.10138888888888886,6.1013888888888888,120,synthetic_segment_002,0.9990436764732108,0.00019346884528441809,1.0189225366853731,0.0001973184668989547
0.10347222222222219,6.103472222222222,120,synthetic_segment_002,0.99969197767562634,0.00019374761883670112,1.0195837377131733,0.00019760278745644601
0.10555555555555551,6.1055555555555552,120,synthetic_segment_002,0.99970103089541329,0.00019402639238898415,1.019592971072923,0.00019788710801393731
0.10763888888888884,6.1076388888888893,120,synthetic_segment_002,0.99982069359374071,0.00019430516594126716,1.019715014806343,0.00019817142857142859
0.10972222222222217,6.1097222222222225,120,synthetic_segment_002,0.99952531226848518,0.00019458393949355019,1.0194137560162555,0.00019845574912891989
0.1118055555555556,6.1118055555555557,120,synthetic_segment_002,1.0004430199393384,0.00019486271304583323,1.0203497241325068,0.00019874006968641117
0.11388888888888893,6.1138888888888889,120,synthetic_segment_002,0.99995038282245619,0.00019514148659811623,1.01984728457694,0.00019902439024390244
0.11597222222222225,6.1159722222222221,120,synthetic_segment_002,1.0005191943384442,0.00019542026015039927,1.020427414241353,0.00019930871080139375
0.11805555555555558,6.1180555555555554,120,synthetic_segment_002,1.0002709271807586,0.00019569903370268227,1.0201742070913136,0.00019959303135888502
0.12013888888888891,6.1201388888888886,120,synthetic_segment_002,0.99996130722834109,0.00019597780725496533,1.0198584263554409,0.00019987735191637635
0.12222222222222223,6.1222222222222218,120,synthetic_segment_002,1.0016363793908174,0.00019625658080724834,1.0215668289179261,0.0002001616724738676
0.12430555555555556,6.1243055555555559,120,synthetic_segment_002,1.0012142561366797,0.00019653535435953137,1.0211363063021199,0.00020044599303135891
0.12638888888888888,6.1263888888888891,120,synthetic_segment_002,1.0014493307697927,0.00019681412791181438,1.0213760584241967,0.00020073031358885018
0.12847222222222221,6.1284722222222223,120,synthetic_segment_002,1.0011648294769884,0.00019709290146409738,1.0210858961562388,0.00020101463414634146
0.13055555555555554,6.1305555555555555,120,synthetic_segment_002,1.0015702373345918,0.00019737167501638042,1.0214993707744053,0.00020129895470383276
0.13263888888888886,6.1326388888888888,120,synthetic_segment_002,1.0014524636107063,0.00019765044856866345,1.0213792536020312,0.00020158327526132407
0.13472222222222219,6.134722222222222,120,synthetic_segment_002,1.0017970845270237,0.00019792922212094645,1.0217307317470994,0.00020186759581881534
0.13680555555555551,6.1368055555555552,120,synthetic_segment_002,1.0014051090357607,0.00019820799567322951,1.0213309567710083,0.00020215191637630665
0.13888888888888884,6.1388888888888893,120,synthetic_segment_002,1.0004358262909425,0.00019848676922551252,1.0203423873456934,0.00020243623693379792
0.14097222222222217,6.1409722222222225,120,synthetic_segment_002,1.0003475251566143,0.00019876554277779553,1.0202523292051928,0.0002027205574912892
0.1430555555555556,6.1430555555555557,120,synthetic_segment_002,0.99992647180633998,0.00019904431633007856,1.0198228977820785,0.0002030048780487805
0.14513888888888893,6.1451388888888889,120,synthetic_segment_002,1.0001100422975395,0.00019932308988236157,1.0200101209385415,0.00020328919860627178
0.14722222222222225,6.1472222222222221,120,synthetic_segment_002,1.0004514656361982,0.0001996018634346446,1.0203583378809056,0.00020357351916376308
0.14930555555555558,6.1493055555555554,120,synthetic_segment_002,1.0009354328260804,0.00019988063698692763,1.0208519349962268,0.00020385783972125436
-0.14861111111111125,6.8513888888888888,120,synthetic_segment_002,1.0015002692415673,0.00020015941053921066,1.0214280104640301,0.00020414216027874566
-0.14652777777777803,6.853472222222222,120,synthetic_segment_002,1.0014875883180072,0.00020043818409149367,1.0214150772168602,0.00020442648083623694
-0.14444444444444438,6.8555555555555552,120,synthetic_segment_002,1.0005549205113231,0.0002007169576437767,1.0204638512896553,0.00020471080139372824
-0.14236111111111116,6.8576388888888893,120,synthetic_segment_002,1.0017181299536055,0.00020099573119605971,1.0216502061443409,0.00020499512195121952
-0.14027777777777795,6.8597222222222225,120,synthetic_segment_002,1.0010041674863108,0.00020127450474834274,1.0209220373310992,0.00020527944250871082
-0.13819444444444429,6.8618055555555557,120,synthetic_segment_002,0.99974775443446851,0.0002015532783006258,1.0196406243117735,0.00020556376306620213
-0.13611111111111107,6.8638888888888889,120,synthetic_segment_002,0.99961142077364451,0.00020183205185290884,1.0195015778988952,0.00020584808362369343
-0.13402777777777786,6.8659722222222221,120,synthetic_segment_002,0.99963682519642949,0.00020211082540519184,1.0195274878160656,0.00020613240418118471
-0.13194444444444464,6.8680555555555554,120,synthetic_segment_002,1.0000033628616682,0.00020238959895747482,1.0199013188070931,0.00020641672473867596
-0.12986111111111098,6.8701388888888886,120,synthetic_segment_002,0.99971573477847664,0.00020266837250975785,1.0196079675322198,0.00020670104529616726
-0.12777777777777777,6.8722222222222218,120,synthetic_segment_002,0.99903458103451426,0.00020294714606204089,1.0189132602666466,0.00020698536585365856
-0.12569444444444455,6.8743055555555559,120,synthetic_segment_002,0.9999475899931185,0.00020322591961432392,1.019844436176194,0.00020726968641114984
-0.12361111111111134,6.8763888888888891,120,synthetic_segment_002,1.0001773450672533,0.00020350469316660695,1.0200787628912984,0.00020755400696864114
-0.12152777777777768,6.8784722222222223,120,synthetic_segment_002,0.99967644376728204,0.00020378346671888993,1.0195678947128446,0.00020783832752613239
-0.11944444444444446,6.8805555555555555,120,synthetic_segment_002,0.99873190176363658,0.00020406224027117297,1.018604558317225,0.0002081226480836237
-0.11736111111111125,6.8826388888888888,120,synthetic_segment_002,0.99913492989223918,0.000204341013823456,1.019015605854807,0.000208406968641115
-0.11527777777777803,6.884722222222222,120,synthetic_segment_002,0.99904127020958955,0.000204619787375739,1.0189200825421854,0.00020869128919860628
-0.11319444444444438,6.8868055555555552,120,synthetic_segment_002,0.99908097427503828,0.00020489856092802206,1.0189605766347225,0.00020897560975609758
-0.11111111111111116,6.8888888888888893,120,synthetic_segment_002,1.0001083977478309,0.0002051773344803051,1.020008443665765,0.00020925993031358888
-0.10902777777777795,6.8909722222222225,120,synthetic_segment_002,0.99998177417566037,0.00020545610803258813,1.0198793005518068,0.00020954425087108019
-0.10694444444444429,6.8930555555555557,120,synthetic_segment_002,1.0002716791284056,0.00020573488158487111,1.0201749740011314,0.00020982857142857144
-0.10486111111111107,6.8951388888888889,120,synthetic_segment_002,1.000220175586805,0.00020601365513715412,1.0201224456477753,0.00021011289198606271
-0.10277777777777786,6.8972222222222221,120,synthetic_segment_002,1.000794694016915,0.00020629242868943715,1.0207083957818543,0.00021039721254355402
-0.10069444444444464,6.8993055555555554,120,synthetic_segment_002,1.000984317117233,0.00020657120224172021,1.0209017919815802,0.00021068153310104532
-0.098611111111110983,6.9013888888888886,120,synthetic_segment_002,0.99963488895282671,0.00020684997579400321,1.0195255130453025,0.0002109658536585366
-0.096527777777777768,6.9034722222222218,120,synthetic_segment_002,1.0005882392080885,0.00020712874934628625,1.0204978329581518,0.0002112501742160279
-0.094444444444444553,6.9055555555555559,120,synthetic_segment_002,1.0007701603035852,0.00020740752289856928,1.0206833738994192,0.0002115344947735192
-0.092361111111111338,6.9076388888888891,120,synthetic_segment_002,1.0013444646504308,0.00020768629645085226,1.0212691056904286,0.00021181881533101045
-0.090277777777777679,6.9097222222222223,120,synthetic_segment_002,1.0002615693491774,0.00020796507000313529,1.0201646630586381,0.00021210313588850176
-0.088194444444444464,6.9118055555555555,120,synthetic_segment_002,1.0013336859072692,0.00020824384355541833,1.0212581124730318,0.00021238745644599303
-0.086111111111111249,6.9138888888888888,120,synthetic_segment_002,1.0004533285701123,0.00020852261710770136,1.0203602378832719,0.00021267177700348434
-0.084027777777778034,6.915972222222222,120,synthetic_segment_002,1.0017051314487306,0.00020880139065998439,1.0216369489966584,0.00021295609756097564
-0.081944444444444375,6.9180555555555552,120,synthetic_segment_002,1.0001229436865442,0.0002090801642122674,1.0200232790379529,0.00021324041811846692
-0.07986111111111116,6.9201388888888893,120,synthetic_segment_002,1.0003434399072524,0.00020935893776455043,1.0202481626679925,0.00021352473867595822
-0.077777777777777946,6.9222222222222225,120,synthetic_segment_002,1.0009729340044748,0.00020963771131683341,1.0208901823689076,0.00021380905923344947
-0.075694444444444287,6.9243055555555557,120,synthetic_segment_002,1.0006386874287663,0.00020991648486911647,1.0205492849919264,0.00021409337979094077
-0.073611111111111072,6.9263888888888889,120,synthetic_segment_002,0.99936438576852638,0.0002101952584213995,1.0192496274186582,0.00021437770034843208
-0.071527777777777857,6.9284722222222221,120,synthetic_segment_002,0.99941214625802621,0.00021047403197368251,1.0192983382410783,0.00021466202090592335
-0.069444444444444642,6.9305555555555554,120,synthetic_segment_002,0.99851079711766944,0.00021075280552596554,1.018379054155548,0.00021494634146341466
-0.067361111111110983,6.9326388888888886,120,synthetic_segment_002,0.99987040273544581,0.00021103157907824857,1.0197657130550335,0.00021523066202090596
-0.065277777777777768,6.9347222222222218,120,synthetic_segment_002,1.0004311041003546,0.00021131035263053161,1.0203375711934812,0.00021551498257839726
-0.063194444444444553,6.9368055555555559,120,synthetic_segment_002,0.99897170829266935,0.00021158912618281461,1.0188491364899614,0.00021579930313588851
-0.061111111111111338,6.9388888888888891,120,synthetic_segment_002,0.99811490086852617,0.00021186789973509762,1.0179752804067712,0.00021608362369337979
-0.059027777777777679,6.9409722222222223,120,synthetic_segment_002,0.99872884772011405,0.00021214667328738065,1.0186014435046833,0.00021636794425087109
-0.056944444444444464,6.9430555555555555,120,synthetic_segment_002,0.99913764969824304,0.00021242544683966369,1.0190183797792089,0.0002166522648083624
-0.054861111111111249,6.9451388888888888,120,synthetic_segment_002,0.9994297694277543,0.00021270422039194669,1.019316312074682,0.00021693658536585367
-0.052777777777778034,6.947222222222222,120,synthetic_segment_002,0.99917834474079992,0.0002129829939442297,1.0190598845672068,0.00021722090592334495
-0.050694444444444375,6.9493055555555552,120,synthetic_segment_002,0.99994246740303239,0.00021326176749651279,1.0198392116573789,0.00021750522648083628
-0.04861111111111116,6.9513888888888893,120,synthetic_segment_002,0.99957729698763209,0.00021354054104879576,1.0194667751215754,0.00021778954703832753
-0.046527777777777946,6.9534722222222225,120,synthetic_segment_002,1.0002041800337589,0.0002138193146010788,1.0201061318169897,0.00021807386759581883
-0.044444444444444287,6.9555555555555557,120,synthetic_segment_002,0.99938621954163953,0.0002140980881533618,1.019271895637766,0.00021835818815331011
-0.042361111111111072,6.9576388888888889,120,synthetic_segment_002,0.99935325923289109,0.00021437686170564484,1.0192382794884516,0.00021864250871080141
-0.040277777777777857,6.9597222222222221,120,synthetic_segment_002,1.000742299919835,0.00021465563525792787,1.0206549591528447,0.00021892682926829272
-0.038194444444444642,6.9618055555555554,120,synthetic_segment_002,1.0013681214693573,0.00021493440881021085,1.021293233230113,0.00021921114982578394
-0.036111111111110983,6.9638888888888886,120,synthetic_segment_002,1.0006988966668042,0.00021521318236249394,1.0206106922667015,0.0002194954703832753
-0.034027777777777768,6.9659722222222218,120,synthetic_segment_002,1.0003046993546674,0.00021549195591477691,1.0202086512601911,0.00021977979094076655
-0.031944444444444553,6.9680555555555559,120,synthetic_segment_002,1.0022279279890343,0.00021577072946705995,1.0221701480845071,0.00022006411149825785
-0.029861111111111338,6.9701388888888891,120,synthetic_segment_002,1.0010581607849172,0.00021604950301934298,1.0209771049823697,0.00022034843205574915
-0.027777777777777679,6.9722222222222223,120,synthetic_segment_002,1.0002699097569825,0.00021632827657162599,1.0201731694229521,0.00022063275261324043
-0.025694444444444464,6.9743055555555555,120,synthetic_segment_002,1.0004560901846942,0.00021660705012390905,1.0203630544481543,0.00022091707317073173
-0.023611111111111249,6.9763888888888888,120,synthetic_segment_002,1.0009778606140127,0.00021688582367619203,1.0208952070075754,0.00022120139372822298
-0.021527777777778034,6.978472222222222,120,synthetic_segment_002,1.0012663231644841,0.00021716459722847506,1.0211894093538656,0.00022148571428571429
-0.019444444444444375,6.9805555555555552,120,synthetic_segment_002,0.99856140096797275,0.00021744337078075809,1.0184306649156492,0.00022177003484320559
-0.01736111111111116,6.9826388888888893,120,synthetic_segment_002,0.99651488534038457,0.0002177221443330411,1.0163434279472019,0.00022205435540069687
-0.015277777777777946,6.9847222222222225,120,synthetic_segment_002,0.99584595154248812,0.00021800091788532413,1.0156611837788254,0.00022233867595818817
-0.013194444444444287,6.9868055555555557,120,synthetic_segment_002,0.99522106241347175,0.00021827969143760719,1.0150238606752628,0.00022262299651567947
-0.011111111111111072,6.9888888888888889,120,synthetic_segment_002,0.99451967384350137,0.0002185584649898902,1.0143085159533591,0.00022290731707317075
-0.0090277777777778567,6.9909722222222221,120,synthetic_segment_002,0.99485985572445945,0.0002188372385421732,1.0146554667356351,0.00022319163763066203
-0.0069444444444446418,6.9930555555555554,120,synthetic_segment_002,0.99370725762556777,0.00021911601209445621,1.0134799343676737,0.0002234759581881533
-0.0048611111111109828,6.9951388888888886,120,synthetic_segment_002,0.99367945371998856,0.00021939478564673924,1.0134515772230666,0.00022376027874564461
-0.0027777777777777679,6.9972222222222218,120,synthetic_segment_002,0.99401605762830714,0.00021967355919902227,1.0137948788386004,0.00022404459930313591
-0.000694444444444553,6.9993055555555559,120,synthetic_segment_002,0.9935520707458696,0.00021995233275130531,1.0133216595966641,0.00022432891986062719
0.001388888888888884,7.0013888888888891,120,synthetic_segment_002,0.99407684087298454,0.00022023110630358834,1.0138568715415355,0.00022461324041811849
0.0034722222222223209,7.0034722222222223,120,synthetic_segment_002,0.99338536291712276,0.00022050987985587137,1.0131516346340401,0.00022489756097560979
0.0055555555555555358,7.0055555555555555,120,synthetic_segment_002,0.99299735312420701,0.00022078865340815433,1.0127559042653218,0.00022518188153310102
0.0076388888888889728,7.0076388888888888,120,synthetic_segment_002,0.99393371994986757,0.00022106742696043739,1.0137109028141722,0.00022546620209059235
0.0097222222222221877,7.009722222222222,120,synthetic_segment_002,0.99454019330486265,0.00022134620051272039,1.0143294437086856,0.00022575052264808362
0.011805555555555625,7.0118055555555561,120,synthetic_segment_002,0.99459548762780459,0.00022162497406500345,1.0143858382719295,0.00022603484320557493
0.013888888888889062,7.0138888888888893,120,synthetic_segment_002,0.99514044988691841,0.00022190374761728648,1.0149416441296015,0.00022631916376306623
0.015972222222222276,7.0159722222222225,120,synthetic_segment_002,0.99439748833231856,0.00022218252116956949,1.0141838992084335,0.00022660348432055751
0.018055555555555713,7.0180555555555557,120,synthetic_segment_002,0.99648683035740548,0.00022246129472185252,1.0163148147292846,0.00022688780487804881
0.020138888888888928,7.0201388888888889,120,synthetic_segment_002,0.99723595168876689,0.0002227400682741355,1.0170788419937686,0.00022717212543554006
0.022222222222222365,7.0222222222222221,120,synthetic_segment_002,1.0001532679914216,0.00022301884182641854,1.0200542067324836,0.00022745644599303136
0.02430555555555558,7.0243055555555554,120,synthetic_segment_002,1.001606701088348,0.0002232976153787016,1.0215365600798876,0.00022774076655052267
0.026388888888889017,7.0263888888888886,120,synthetic_segment_002,1.0014509978714881,0.0002235763889309846,1.0213777586976966,0.00022802508710801394
0.028472222222222232,7.0284722222222218,120,synthetic_segment_002,1.0015772794399964,0.00022385516248326764,1.021506553002842,0.00022830940766550525
0.030555555555555669,7.0305555555555559,120,synthetic_segment_002,1.0009026672921946,0.00022413393603555067,1.0208185174973836,0.00022859372822299655
0.032638888888888884,7.0326388888888891,120,synthetic_segment_002,1.0013458800522719,0.00022441270958783367,1.0212705492557785,0.00022887804878048783
0.034722222222222321,7.0347222222222223,120,synthetic_segment_002,1.0006955758332454,0.00022469148314011668,1.0206073053555651,0.0002291623693379791
0.036805555555555536,7.0368055555555555,120,synthetic_segment_002,1.0006799862953657,0.00022497025669239971,1.0205914056187906,0.00022944668989547038
0.038888888888888973,7.0388888888888888,120,synthetic_segment_002,1.0006291924327655,0.00022524903024468275,1.0205396010655488,0.00022973101045296168
0.040972222222222188,7.040972222222222,120,synthetic_segment_002,1.0001955654040386,0.00022552780379696578,1.0200973457743232,0.00023001533101045299
0.043055555555555625,7.0430555555555561,120,synthetic_segment_002,1.0016431986148209,0.00022580657734924879,1.021573783830092,0.00023029965156794426
0.045138888888889062,7.0451388888888893,120,synthetic_segment_002,1.000978880720087,0.00022608535090153179,1.020896247411607,0.00023058397212543554
0.047222222222222276,7.0472222222222225,120,synthetic_segment_002,0.99984061643612876,0.00022636412445381485,1.0197353340712381,0.00023086829268292687
0.049305555555555713,7.0493055555555557,120,synthetic_segment_002,1.0005138347513696,0.00022664289800609786,1.0204219480098096,0.00023115261324041812
0.051388888888888928,7.0513888888888889,120,synthetic_segment_002,0.99953373093976672,0.00022692167155838089,1.019422342201324,0.00023143693379790942
0.053472222222222365,7.0534722222222221,120,synthetic_segment_002,0.99926796256798567,0.0002272004451106639,1.0191512855999731,0.0002317212543554007
0.05555555555555558,7.0555555555555554,120,synthetic_segment_002,0.99983310984402718,0.00022747921866294693,1.0197276781137998,0.000232005574912892
0.057638888888889017,7.0576388888888886,120,synthetic_segment_002,0.99830680969109975,0.00022775799221522996,1.0181710078098005,0.00023228989547038331
0.059722222222222232,7.0597222222222218,120,synthetic_segment_002,1.0004575395058466,0.00022803676576751291,1.0203645326077382,0.00023257421602787453
0.061805555555555669,7.0618055555555559,120,synthetic_segment_002,0.99921576303140269,0.00022831553931979603,1.0190980474028037,0.00023285853658536589
0.063888888888888884,7.0638888888888891,120,synthetic_segment_002,1.0000329157227992,0.00022859431287207901,1.0199314597077755,0.00023314285714285714
0.065972222222222321,7.0659722222222223,120,synthetic_segment_002,0.99873910918621067,0.00022887308642436204,1.0186119091522936,0.00023342717770034844
0.068055555555555536,7.0680555555555555,120,synthetic_segment_002,0.99895153490706168,0.00022915185997664507,1.0188285616965655,0.00023371149825783974
0.070138888888888973,7.0701388888888888,120,synthetic_segment_002,0.99820778591178316,0.00022943063352892808,1.0180700136663117,0.00023399581881533102
0.072222222222222188,7.072222222222222,120,synthetic_segment_002,0.99888323101408105,0.00022970940708121111,1.018758898700302,0.00023428013937282232
0.074305555555555625,7.0743055555555561,120,synthetic_segment_002,1.0001525916715228,0.00022998818063349412,1.0200535169552465,0.00023456445993031357
0.076388888888889062,7.0763888888888893,120,synthetic_segment_002,1.0005168636622397,0.00023026695418577712,1.020425037189612,0.00023484878048780485
0.078472222222222276,7.0784722222222225,120,synthetic_segment_002,1.0004111540723712,0.00023054572773806018,1.0203172242020548,0.00023513310104529618
0.080555555555555713,7.0805555555555557,120,synthetic_segment_002,1.0011409561574569,0.00023082450129034319,1.0210615478080445,0.00023541742160278746
0.082638888888888928,7.0826388888888889,120,synthetic_segment_002,0.99919756040446128,0.00023110327484262622,1.0190794825820113,0.00023570174216027876
0.084722222222222365,7.0847222222222221,120,synthetic_segment_002,0.99986604598181794,0.00023138204839490926,1.0197612696112055,0.00023598606271777006
0.08680555555555558,7.0868055555555554,120,synthetic_segment_002,1.0018145891351493,0.00023166082194719229,1.021748584659975,0.00023627038327526134
0.088888888888889017,7.0888888888888886,120,synthetic_segment_002,1.000366337720404,0.0002319395954994753,1.0202715160992892,0.00023655470383275262
0.090972222222222232,7.0909722222222218,120,synthetic_segment_002,1.0001000454486744,0.0002322183690517583,1.0199999251734868,0.00023683902439024389
0.093055555555555669,7.0930555555555559,120,synthetic_segment_002,1.0005628921352867,0.00023249714260404133,1.0204719815321079,0.0002371233449477352
0.095138888888888884,7.0951388888888891,120,synthetic_segment_002,1.001238063570959,0.00023277591615632437,1.0211605874540846,0.0002374076655052265
0.097222222222222321,7.0972222222222223,120,synthetic_segment_002,1.0010955668121144,0.00023305468970860737,1.0210152553105452,0.00023769198606271778
0.099305555555555536,7.0993055555555555,120,synthetic_segment_002,1.0011262118111155,0.00023333346326089043,1.0210465100803359,0.00023797630662020908
0.10138888888888897,7.1013888888888888,120,synthetic_segment_002,0.99985002942146195,0.00023361223681317347,1.0197449343551088,0.00023826062717770038
0.10347222222222219,7.103472222222222,120,synthetic_segment_002,1.000212181627371,0.00023389101036545642,1.0201142926254236,0.00023854494773519161
0.10555555555555562,7.1055555555555561,120,synthetic_segment_002,1.0005039018892303,0.00023416978391773948,1.0204118175046817,0.00023882926829268294
0.10763888888888906,7.1076388888888893,120,synthetic_segment_002,1.0000726278086778,0.00023444855747002248,1.019971961980332,0.00023911358885017421
0.10972222222222228,7.1097222222222225,120,synthetic_segment_002,1.0001258972432197,0.00023472733102230552,1.0200262913641713,0.00023939790940766552
0.11180555555555571,7.1118055555555557,120,synthetic_segment_002,0.99979818064745829,0.00023500610457458855,1.0196920538999537,0.00023968222996515682
0.11388888888888893,7.1138888888888889,120,synthetic_segment_002,0.9996302657124968,0.00023528487812687158,1.0195207978122496,0.0002399665505226481
0.11597222222222237,7.1159722222222221,120,synthetic_segment_002,0.99881271302254881,0.00023556365167915462,1.0186869775495995,0.0002402508710801394
0.11805555555555558,7.1180555555555554,120,synthetic_segment_002,0.99896812323853024,0.0002358424252314376,1.0188454801008129,0.00024053519163763065
0.12013888888888902,7.1201388888888886,120,synthetic_segment_002,0.99949120731009578,0.00023612119878372066,1.0193789724411886,0.00024081951219512198
0.12222222222222223,7.1222222222222218,120,synthetic_segment_002,0.99835974124211435,0.00023639997233600366,1.0182249925869435,0.00024110383275261326
0.12430555555555567,7.1243055555555559,120,synthetic_segment_002,0.99923770328340034,0.0002366787458882867,1.0191204242195009,0.00024138815331010453
0.12638888888888888,7.1263888888888891,120,synthetic_segment_002,0.99925074661304691,0.00023695751944056976,1.0191337270838734,0.00024167247386759586
0.12847222222222232,7.1284722222222223,120,synthetic_segment_002,0.99919501228102048,0.00023723629299285271,1.0190768837562931,0.00024195679442508709
0.13055555555555554,7.1305555555555555,120,synthetic_segment_002,0.99980940957586828,0.00023751506654513577,1.019703506260335,0.00024224111498257842
0.13263888888888897,7.1326388888888888,120,synthetic_segment_002,0.99954975975133964,0.00023779384009741877,1.0194386899524108,0.00024252543554006969
0.13472222222222219,7.134722222222222,120,synthetic_segment_002,0.99970290901171777,0.00023807261364970178,1.0195948865597773,0.00024280975609756097
0.13680555555555562,7.1368055555555561,120,synthetic_segment_002,1.001432517556202,0.00023835138720198484,1.0213589106631478,0.0002430940766550523
0.13888888888888906,7.1388888888888893,120,synthetic_segment_002,1.0007688094571443,0.00023863016075426787,1.0206819961739857,0.00024337839721254358
0.14097222222222228,7.1409722222222225,120,synthetic_segment_002,0.99949984024566352,0.00023890893430655088,1.0193877771539503,0.00024366271777003485
0.14305555555555571,7.1430555555555557,120,synthetic_segment_002,1.0006458390298816,0.00023918770785883388,1.020556578894807,0.00024394703832752613
0.14513888888888893,7.1451388888888889,120,synthetic_segment_002,0.99999663713833209,0.00023946648141111697,1.0198944592560604,0.00024423135888501749
0.14722222222222237,7.1472222222222221,120,synthetic_segment_002,1.0015819615497998,0.00023974525496339992,1.0215113282767465,0.00024451567944250871
0.14930555555555558,7.1493055555555554,120,synthetic_segment_002,1.0010608006819559,0.00024002402851568296,1.0209797974077868,0.00024479999999999999
