planet_name,host_star,planet_slug,source_name,source_raw_path,source_raw_sha256,source_raw_file_name,mission,source_fits_file,hdu_name,hdu_index,time,time_unit,time_reference,cadence_type,exposure_time_seconds,exposure_time_source,sap_flux,sap_flux_err,pdcsap_flux,pdcsap_flux_err,quality,cadence_number,mom_centr1,mom_centr2,pos_corr1,pos_corr2,quarter,sector,campaign,camera,ccd,object,telescope,instrument,data_origin,quality_is_zero,quality_is_missing,has_pdcsap_flux,has_sap_flux,source_row_index,source_fits_sha256,segment_id,phase,flux,flux_err,flux_source,raw_flux,raw_flux_err,segment_baseline_flux,segment_normalization_method,preprocessing_status,dataset_id,normalized_flux,normalized_flux_err
TrES-2 b,TrES-2,tres_2_b,MAST,data/raw/mast/lightkurve/tres_2_b/kepler/mastDownload/Kepler/kplr011446443_lc_Q111111110111011101/kplr011446443-2009259160929_llc.fits,6d41c0b2a8784c922789c5ceb53258b795d7b220c6026ff514d86c81dde65e83,kplr011446443-2009259160929_llc.fits,Kepler,kplr011446443-2009259160929_llc.fits,LIGHTCURVE,1,189.32026252176729,d,TIMESYS=TDB;BJDREFI=2454833;BJDREFF=0.0,long,1765.4628859418881,FITS_TIMEDEL,403049.5625,16.808761596679688,406530.34375,17.063417434692383,0,3934,617.59068405129483,847.75956591551267,0.006973660085350275,-0.094271630048751831,2,,,,,KIC 11446443,Kepler,Kepler Photometer,822892 FluxExporter2PipelineModule,True,False,True,True,969,6d41c0b2a8784c922789c5ceb53258b795d7b220c6026ff514d86c81dde65e83,tres_2_b:kplr011446443-2009259160929_llc.fits,-0.14960365726220615,0.9999309778213501,4.1970397433033213e-05,PDCSAP_FLUX,406530.34375,17.063417434692383,406558.40625,out_of_transit_median,segment_normalized,tres_2_b-e8e81778b059cb9a,0.9999309778213501,4.1970397433033213e-05
TrES-2 b,TrES-2,tres_2_b,MAST,data/raw/mast/lightkurve/tres_2_b/kepler/mastDownload/Kepler/kplr011446443_lc_Q111111110111011101/kplr011446443-2009259160929_llc.fits,6d41c0b2a8784c922789c5ceb53258b795d7b220c6026ff514d86c81dde65e83,kplr011446443-2009259160929_llc.fits,Kepler,kplr011446443-2009259160929_llc.fits,LIGHTCURVE,1,216.49705642528716,d,TIMESYS=TDB;BJDREFI=2454833;BJDREFF=0.0,long,1765.4628859418881,FITS_TIMEDEL,403273.125,16.803094863891602,406547.09375,17.062135696411133,0,5264,617.58454717373957,847.86313745630503,0.00045070250052958727,0.0056604552082717419,2,,,,,KIC 11446443,Kepler,Kepler Photometer,822892 FluxExporter2PipelineModule,True,False,True,True,2299,6d41c0b2a8784c922789c5ceb53258b795d7b220c6026ff514d86c81dde65e83,tres_2_b:kplr011446443-2009259160929_llc.fits,-0.14955690074233918,0.99997216463088989,4.1967243305407465e-05,PDCSAP_FLUX,406547.09375,17.062135696411133,406558.40625,out_of_transit_median,segment_normalized,tres_2_b-e8e81778b059cb9a,0.99997216463088989,4.1967243305407465e-05
TrES-2 b,TrES-2,tres_2_b,MAST,data/raw/mast/lightkurve/tres_2_b/kepler/mastDownload/Kepler/kplr011446443_lc_Q111111110111011101/kplr011446443-2009166043257_llc.fits,10bfca91bdd928deda2e638de7a27cdc940b879452408a96b5be6146944639e9,kplr011446443-2009166043257_llc.fits,Kepler,kplr011446443-2009166043257_llc.fits,LIGHTCURVE,1,137.43823210367555,d,TIMESYS=TDB;BJDREFI=2454833;BJDREFF=0.0,long,1765.4628859418881,FITS_TIMEDEL,400241.53125,16.66290283203125,403712.9375,17.043613433837891,0,1395,621.20712988250807,848.92355918536839,0.00066069513559341431,-0.016003208234906197,1,,,,,KIC 11446443,Kepler,Kepler Photometer,795945 FluxExporter2PipelineModule,True,False,True,True,290,10bfca91bdd928deda2e638de7a27cdc940b879452408a96b5be6146944639e9,tres_2_b:kplr011446443-2009166043257_llc.fits,-0.14875315835395786,1.0000364780426025,4.2218700400553644e-05,PDCSAP_FLUX,403712.9375,17.043613433837891,403698.1875,out_of_transit_median,segment_normalized,tres_2_b-e8e81778b059cb9a,1.0000364780426025,4.2218700400553644e-05
TrES-2 b,TrES-2,tres_2_b,MAST,data/raw/mast/lightkurve/tres_2_b/kepler/mastDownload/Kepler/kplr011446443_lc_Q111111110111011101/kplr011446443-2009166043257_llc.fits,10bfca91bdd928deda2e638de7a27cdc940b879452408a96b5be6146944639e9,kplr011446443-2009166043257_llc.fits,Kepler,kplr011446443-2009166043257_llc.fits,LIGHTCURVE,1,164.61563187246065,d,TIMESYS=TDB;BJDREFI=2454833;BJDREFF=0.0,long,1765.4628859418881,FITS_TIMEDEL,398571.5,16.634382247924805,403684.6875,16.971195220947266,0,2725,621.1957597148139,849.00061541555829,0.00029567870660685003,0.03428780660033226,1,,,,,KIC 11446443,Kepler,Kepler Photometer,795945 FluxExporter2PipelineModule,True,False,True,True,1620,10bfca91bdd928deda2e638de7a27cdc940b879452408a96b5be6146944639e9,tres_2_b:kplr011446443-2009166043257_llc.fits,-0.14810053656884459,0.99996656179428101,4.2039315303554758e-05,PDCSAP_FLUX,403684.6875,16.971195220947266,403698.1875,out_of_transit_median,segment_normalized,tres_2_b-e8e81778b059cb9a,0.99996656179428101,4.2039315303554758e-05
TrES-2 b,TrES-2,tres_2_b,MAST,data/raw/mast/lightkurve/tres_2_b/kepler/mastDownload/Kepler/kplr011446443_lc_Q111111110111011101/kplr011446443-2009259160929_llc.fits,6d41c0b2a8784c922789c5ceb53258b795d7b220c6026ff514d86c81dde65e83,kplr011446443-2009259160929_llc.fits,Kepler,kplr011446443-2009259160929_llc.fits,LIGHTCURVE,1,246.1458862349682,d,TIMESYS=TDB;BJDREFI=2454833;BJDREFF=0.0,long,1765.4628859418881,FITS_TIMEDEL,402909.1875,16.79400634765625,406494.46875,17.04456901550293,0,6715,617.59462528757024,847.92783522364869,0.0099000772461295128,0.070758476853370667,2,,,,,KIC 11446443,Kepler,Kepler Photometer,822892 FluxExporter2PipelineModule,True,False,True,True,3750,6d41c0b2a8784c922789c5ceb53258b795d7b220c6026ff514d86c81dde65e83,tres_2_b:kplr011446443-2009259160929_llc.fits,-0.14808761506129042,0.99984276294708252,4.1924035031115636e-05,PDCSAP_FLUX,406494.46875,17.04456901550293,406558.40625,out_of_transit_median,segment_normalized,tres_2_b-e8e81778b059cb9a,0.99984276294708252,4.1924035031115636e-05
TrES-2 b,TrES-2,tres_2_b,MAST,data/raw/mast/lightkurve/tres_2_b/kepler/mastDownload/Kepler/kplr011446443_lc_Q111111110111011101/kplr011446443-2009259160929_llc.fits,6d41c0b2a8784c922789c5ceb53258b795d7b220c6026ff514d86c81dde65e83,kplr011446443-2009259160929_llc.fits,Kepler,kplr011446443-2009259160929_llc.fits,LIGHTCURVE,1,191.79275341637549,d,TIMESYS=TDB;BJDREFI=2454833;BJDREFF=0.0,long,1765.4628859418881,FITS_TIMEDEL,403000.59375,16.805707931518555,406528.875,17.062366485595703,0,4055,617.59195967055757,847.76531482933626,0.0082773752510547638,-0.089102447032928467,2,,,,,KIC 11446443,Kepler,Kepler Photometer,822892 FluxExporter2PipelineModule,True,False,True,True,1090,6d41c0b2a8784c922789c5ceb53258b795d7b220c6026ff514d86c81dde65e83,tres_2_b:kplr011446443-2009259160929_llc.fits,-0.14772613965400638,0.9999273419380188,4.1967810830101371e-05,PDCSAP_FLUX,406528.875,17.062366485595703,406558.40625,out_of_transit_median,segment_normalized,tres_2_b-e8e81778b059cb9a,0.9999273419380188,4.1967810830101371e-05
TrES-2 b,TrES-2,tres_2_b,MAST,data/raw/mast/lightkurve/tres_2_b/kepler/mastDownload/Kepler/kplr011446443_lc_Q111111110111011101/kplr011446443-2009259160929_llc.fits,6d41c0b2a8784c922789c5ceb53258b795d7b220c6026ff514d86c81dde65e83,kplr011446443-2009259160929_llc.fits,Kepler,kplr011446443-2009259160929_llc.fits,LIGHTCURVE,1,218.96951235758024,d,TIMESYS=TDB;BJDREFI=2454833;BJDREFF=0.0,long,1765.4628859418881,FITS_TIMEDEL,403285.25,16.803647994995117,406583.4375,17.064741134643555,0,5385,617.5864735505811,847.86832938454245,0.0022513631265610456,0.010655133984982967,2,,,,,KIC 11446443,Kepler,Kepler Photometer,822892 FluxExporter2PipelineModule,True,False,True,True,2420,6d41c0b2a8784c922789c5ceb53258b795d7b220c6026ff514d86c81dde65e83,tres_2_b:kplr011446443-2009259160929_llc.fits,-0.14771434544925177,1.0000615119934082,4.197365342406556e-05,PDCSAP_FLUX,406583.4375,17.064741134643555,406558.40625,out_of_transit_median,segment_normalized,tres_2_b-e8e81778b059cb9a,1.0000615119934082,4.197365342406556e-05
TrES-2 b,TrES-2,tres_2_b,MAST,data/raw/mast/lightkurve/tres_2_b/kepler/mastDownload/Kepler/kplr011446443_lc_Q111111110111011101/kplr011446443-2009166043257_llc.fits,10bfca91bdd928deda2e638de7a27cdc940b879452408a96b5be6146944639e9,kplr011446443-2009166043257_llc.fits,Kepler,kplr011446443-2009166043257_llc.fits,LIGHTCURVE,1,139.91077074090572,d,TIMESYS=TDB;BJDREFI=2454833;BJDREFF=0.0,long,1765.4628859418881,FITS_TIMEDEL,400083.9375,16.658893585205078,403651.0625,17.046743392944336,0,1516,621.2061049181799,848.92930373421814,0.00031425370252691209,-0.012316375039517879,1,,,,,KIC 11446443,Kepler,Kepler Photometer,795945 FluxExporter2PipelineModule,True,False,True,True,411,10bfca91bdd928deda2e638de7a27cdc940b879452408a96b5be6146944639e9,tres_2_b:kplr011446443-2009166043257_llc.fits,-0.14682789812378494,0.99988329410552979,4.2226456571370363e-05,PDCSAP_FLUX,403651.0625,17.046743392944336,403698.1875,out_of_transit_median,segment_normalized,tres_2_b-e8e81778b059cb9a,0.99988329410552979,4.2226456571370363e-05
TrES-2 b,TrES-2,tres_2_b,MAST,data/raw/mast/lightkurve/tres_2_b/kepler/mastDownload/Kepler/kplr011446443_lc_Q111111110111011101/kplr011446443-2009259160929_llc.fits,6d41c0b2a8784c922789c5ceb53258b795d7b220c6026ff514d86c81dde65e83,kplr011446443-2009259160929_llc.fits,Kepler,kplr011446443-2009259160929_llc.fits,LIGHTCURVE,1,248.61830510388245,d,TIMESYS=TDB;BJDREFI=2454833;BJDREFF=0.0,long,1765.4628859418881,FITS_TIMEDEL,403083.375,16.794448852539062,406617.125,17.051136016845703,0,6836,617.55386677467993,847.97587902159307,-0.028542377054691315,0.12390679121017456,2,,,,,KIC 11446443,Kepler,Kepler Photometer,822892 FluxExporter2PipelineModule,True,False,True,True,3871,6d41c0b2a8784c922789c5ceb53258b795d7b220c6026ff514d86c81dde65e83,tres_2_b:kplr011446443-2009259160929_llc.fits,-0.1462821231470437,1.0001444816589355,4.1940187657019123e-05,PDCSAP_FLUX,406617.125,17.051136016845703,406558.40625,out_of_transit_median,segment_normalized,tres_2_b-e8e81778b059cb9a,1.0001444816589355,4.1940187657019123e-05
TrES-2 b,TrES-2,tres_2_b,MAST,data/raw/mast/lightkurve/tres_2_b/kepler/mastDownload/Kepler/kplr011446443_lc_Q111111110111011101/kplr011446443-2009259160929_llc.fits,6d41c0b2a8784c922789c5ceb53258b795d7b220c6026ff514d86c81dde65e83,kplr011446443-2009259160929_llc.fits,Kepler,kplr011446443-2009259160929_llc.fits,LIGHTCURVE,1,221.44196514770738,d,TIMESYS=TDB;BJDREFI=2454833;BJDREFF=0.0,long,1765.4628859418881,FITS_TIMEDEL,403215.84375,16.80201530456543,406565.6875,17.063337326049805,0,5506,617.58952912586551,847.87288093634743,0.005289135966449976,0.015095102600753307,2,,,,,KIC 11446443,Kepler,Kepler Photometer,822892 FluxExporter2PipelineModule,True,False,True,True,2541,6d41c0b2a8784c922789c5ceb53258b795d7b220c6026ff514d86c81dde65e83,tres_2_b:kplr011446443-2009259160929_llc.fits,-0.14587493232211579,1.0000178813934326,4.197020098217763e-05,PDCSAP_FLUX,406565.6875,17.063337326049805,406558.40625,out_of_transit_median,segment_normalized,tres_2_b-e8e81778b059cb9a,1.0000178813934326,4.197020098217763e-05
TrES-2 b,TrES-2,tres_2_b,MAST,data/raw/mast/lightkurve/tres_2_b/kepler/mastDownload/Kepler/kplr011446443_lc_Q111111110111011101/kplr011446443-2009259160929_llc.fits,6d41c0b2a8784c922789c5ceb53258b795d7b220c6026ff514d86c81dde65e83,kplr011446443-2009259160929_llc.fits,Kepler,kplr011446443-2009259160929_llc.fits,LIGHTCURVE,1,194.26524136625085,d,TIMESYS=TDB;BJDREFI=2454833;BJDREFF=0.0,long,1765.4628859418881,FITS_TIMEDEL,403010.875,16.808845520019531,406568.5625,17.065958023071289,0,4176,617.59383545180651,847.76997819525582,0.0098855635151267052,-0.08489236980676651,2,,,,,KIC 11446443,Kepler,Kepler Photometer,822892 FluxExporter2PipelineModule,True,False,True,True,1211,6d41c0b2a8784c922789c5ceb53258b795d7b220c6026ff514d86c81dde65e83,tres_2_b:kplr011446443-2009259160929_llc.fits,-0.14585156677864819,1.0000250339508057,4.1976643842644989e-05,PDCSAP_FLUX,406568.5625,17.065958023071289,406558.40625,out_of_transit_median,segment_normalized,tres_2_b-e8e81778b059cb9a,1.0000250339508057,4.1976643842644989e-05
TrES-2 b,TrES-2,tres_2_b,MAST,data/raw/mast/lightkurve/tres_2_b/kepler/mastDownload/Kepler/kplr011446443_lc_Q111111110111011101/kplr011446443-2009166043257_llc.fits,10bfca91bdd928deda2e638de7a27cdc940b879452408a96b5be6146944639e9,kplr011446443-2009166043257_llc.fits,Kepler,kplr011446443-2009166043257_llc.fits,LIGHTCURVE,1,142.38330805135047,d,TIMESYS=TDB;BJDREFI=2454833;BJDREFF=0.0,long,1765.4628859418881,FITS_TIMEDEL,399952,16.655344009399414,403663.8125,17.02766227722168,0,1637,621.20350965455816,848.93517607710987,-0.0014371465658769011,-0.0088456552475690842,1,,,,,KIC 11446443,Kepler,Kepler Photometer,795945 FluxExporter2PipelineModule,True,False,True,True,532,10bfca91bdd928deda2e638de7a27cdc940b879452408a96b5be6146944639e9,tres_2_b:kplr011446443-2009166043257_llc.fits,-0.14490396467903488,0.99991482496261597,4.2179188312729821e-05,PDCSAP_FLUX,403663.8125,17.02766227722168,403698.1875,out_of_transit_median,segment_normalized,tres_2_b-e8e81778b059cb9a,0.99991482496261597,4.2179188312729821e-05
TrES-2 b,TrES-2,tres_2_b,MAST,data/raw/mast/lightkurve/tres_2_b/kepler/mastDownload/Kepler/kplr011446443_lc_Q111111110111011101/kplr011446443-2009259160929_llc.fits,6d41c0b2a8784c922789c5ceb53258b795d7b220c6026ff514d86c81dde65e83,kplr011446443-2009259160929_llc.fits,Kepler,kplr011446443-2009259160929_llc.fits,LIGHTCURVE,1,223.91441470591235,d,TIMESYS=TDB;BJDREFI=2454833;BJDREFF=0.0,long,1765.4628859418881,FITS_TIMEDEL,403226,16.800376892089844,406594.84375,17.054437637329102,0,5627,617.59117803510981,847.87712465418315,0.0069225123152136803,0.019418409094214439,2,,,,,KIC 11446443,Kepler,Kepler Photometer,822892 FluxExporter2PipelineModule,True,False,True,True,2662,6d41c0b2a8784c922789c5ceb53258b795d7b220c6026ff514d86c81dde65e83,tres_2_b:kplr011446443-2009259160929_llc.fits,-0.14403875111714437,1.0000896453857422,4.1948307625716552e-05,PDCSAP_FLUX,406594.84375,17.054437637329102,406558.40625,out_of_transit_median,segment_normalized,tres_2_b-e8e81778b059cb9a,1.0000896453857422,4.1948307625716552e-05
TrES-2 b,TrES-2,tres_2_b,MAST,data/raw/mast/lightkurve/tres_2_b/kepler/mastDownload/Kepler/kplr011446443_lc_Q111111110111011101/kplr011446443-2009259160929_llc.fits,6d41c0b2a8784c922789c5ceb53258b795d7b220c6026ff514d86c81dde65e83,kplr011446443-2009259160929_llc.fits,Kepler,kplr011446443-2009259160929_llc.fits,LIGHTCURVE,1,196.73772613090114,d,TIMESYS=TDB;BJDREFI=2454833;BJDREFF=0.0,long,1765.4628859418881,FITS_TIMEDEL,402983.0625,16.804449081420898,406538.15625,17.059989929199219,0,4297,617.59465881599408,847.77565238160457,0.010603184811770916,-0.079617239534854889,2,,,,,KIC 11446443,Kepler,Kepler Photometer,822892 FluxExporter2PipelineModule,True,False,True,True,1332,6d41c0b2a8784c922789c5ceb53258b795d7b220c6026ff514d86c81dde65e83,tres_2_b:kplr011446443-2009259160929_llc.fits,-0.14398017912835859,0.99995017051696777,4.1961964598158374e-05,PDCSAP_FLUX,406538.15625,17.059989929199219,406558.40625,out_of_transit_median,segment_normalized,tres_2_b-e8e81778b059cb9a,0.99995017051696777,4.1961964598158374e-05
TrES-2 b,TrES-2,tres_2_b,MAST,data/raw/mast/lightkurve/tres_2_b/kepler/mastDownload/Kepler/kplr011446443_lc_Q111111110111011101/kplr011446443-2009166043257_llc.fits,10bfca91bdd928deda2e638de7a27cdc940b879452408a96b5be6146944639e9,kplr011446443-2009166043257_llc.fits,Kepler,kplr011446443-2009166043257_llc.fits,LIGHTCURVE,1,144.85584392162127,d,TIMESYS=TDB;BJDREFI=2454833;BJDREFF=0.0,long,1765.4628859418881,FITS_TIMEDEL,399777.78125,16.653919219970703,403635.0625,17.044746398925781,0,1758,621.20328772224252,848.94091365856718,-0.00060554384253919125,-0.0055968821980059147,1,,,,,KIC 11446443,Kepler,Kepler Photometer,795945 FluxExporter2PipelineModule,True,False,True,True,653,10bfca91bdd928deda2e638de7a27cdc940b879452408a96b5be6146944639e9,tres_2_b:kplr011446443-2009166043257_llc.fits,-0.14298147140823114,0.99984365701675415,4.2221508920192719e-05,PDCSAP_FLUX,403635.0625,17.044746398925781,403698.1875,out_of_transit_median,segment_normalized,tres_2_b-e8e81778b059cb9a,0.99984365701675415,4.2221508920192719e-05
TrES-2 b,TrES-2,tres_2_b,MAST,data/raw/mast/lightkurve/tres_2_b/kepler/mastDownload/Kepler/kplr011446443_lc_Q111111110111011101/kplr011446443-2009259160929_llc.fits,6d41c0b2a8784c922789c5ceb53258b795d7b220c6026ff514d86c81dde65e83,kplr011446443-2009259160929_llc.fits,Kepler,kplr011446443-2009259160929_llc.fits,LIGHTCURVE,1,172.03317859544768,d,TIMESYS=TDB;BJDREFI=2454833;BJDREFF=0.0,long,1765.4628859418881,FITS_TIMEDEL,403928.5,16.825422286987305,406561.9375,17.071292877197266,0,3088,617.57719768444713,847.71837194857142,-0.005961541086435318,-0.12766905128955841,2,,,,,KIC 11446443,Kepler,Kepler Photometer,822892 FluxExporter2PipelineModule,True,False,True,True,123,6d41c0b2a8784c922789c5ceb53258b795d7b220c6026ff514d86c81dde65e83,tres_2_b:kplr011446443-2009259160929_llc.fits,-0.14239394458181764,1.0000087022781372,4.1989766032202169e-05,PDCSAP_FLUX,406561.9375,17.071292877197266,406558.40625,out_of_transit_median,segment_normalized,tres_2_b-e8e81778b059cb9a,1.0000087022781372,4.1989766032202169e-05
TrES-2 b,TrES-2,tres_2_b,MAST,data/raw/mast/lightkurve/tres_2_b/kepler/mastDownload/Kepler/kplr011446443_lc_Q111111110111011101/kplr011446443-2009259160929_llc.fits,6d41c0b2a8784c922789c5ceb53258b795d7b220c6026ff514d86c81dde65e83,kplr011446443-2009259160929_llc.fits,Kepler,kplr011446443-2009259160929_llc.fits,LIGHTCURVE,1,226.38686104802764,d,TIMESYS=TDB;BJDREFI=2454833;BJDREFF=0.0,long,1765.4628859418881,FITS_TIMEDEL,403157.875,16.800029754638672,406572.28125,17.049612045288086,0,5748,617.59420572801048,847.88145018489547,0.0095818629488348961,0.023659653961658478,2,,,,,KIC 11446443,Kepler,Kepler Photometer,822892 FluxExporter2PipelineModule,True,False,True,True,2783,6d41c0b2a8784c922789c5ceb53258b795d7b220c6026ff514d86c81dde65e83,tres_2_b:kplr011446443-2009259160929_llc.fits,-0.14220578600185374,1.0000340938568115,4.1936440538847819e-05,PDCSAP_FLUX,406572.28125,17.049612045288086,406558.40625,out_of_transit_median,segment_normalized,tres_2_b-e8e81778b059cb9a,1.0000340938568115,4.1936440538847819e-05
TrES-2 b,TrES-2,tres_2_b,MAST,data/raw/mast/lightkurve/tres_2_b/kepler/mastDownload/Kepler/kplr011446443_lc_Q111111110111011101/kplr011446443-2009259160929_llc.fits,6d41c0b2a8784c922789c5ceb53258b795d7b220c6026ff514d86c81dde65e83,kplr011446443-2009259160929_llc.fits,Kepler,kplr011446443-2009259160929_llc.fits,LIGHTCURVE,1,199.21020797397796,d,TIMESYS=TDB;BJDREFI=2454833;BJDREFF=0.0,long,1765.4628859418881,FITS_TIMEDEL,402977.875,16.803615570068359,406544.90625,17.057792663574219,0,4418,617.59651494937543,847.78037028816084,0.012426173314452171,-0.075229108333587646,2,,,,,KIC 11446443,Kepler,Kepler Photometer,822892 FluxExporter2PipelineModule,True,False,True,True,1453,6d41c0b2a8784c922789c5ceb53258b795d7b220c6026ff514d86c81dde65e83,tres_2_b:kplr011446443-2009259160929_llc.fits,-0.14211171305153747,0.99996680021286011,4.1956562199629843e-05,PDCSAP_FLUX,406544.90625,17.057792663574219,406558.40625,out_of_transit_median,segment_normalized,tres_2_b-e8e81778b059cb9a,0.99996680021286011,4.1956562199629843e-05
TrES-2 b,TrES-2,tres_2_b,MAST,data/raw/mast/lightkurve/tres_2_b/kepler/mastDownload/Kepler/kplr011446443_lc_Q111111110111011101/kplr011446443-2009259160929_llc.fits,6d41c0b2a8784c922789c5ceb53258b795d7b220c6026ff514d86c81dde65e83,kplr011446443-2009259160929_llc.fits,Kepler,kplr011446443-2009259160929_llc.fits,LIGHTCURVE,1,174.5056895920643,d,TIMESYS=TDB;BJDREFI=2454833;BJDREFF=0.0,long,1765.4628859418881,FITS_TIMEDEL,403635.96875,16.818538665771484,406525.59375,17.07115364074707,0,3209,617.58008132065288,847.72483229328293,-0.0030272100120782852,-0.12288983166217804,2,,,,,KIC 11446443,Kepler,Kepler Photometer,822892 FluxExporter2PipelineModule,True,False,True,True,244,6d41c0b2a8784c922789c5ceb53258b795d7b220c6026ff514d86c81dde65e83,tres_2_b:kplr011446443-2009259160929_llc.fits,-0.14049632496519737,0.99991929531097412,4.1989424062194303e-05,PDCSAP_FLUX,406525.59375,17.07115364074707,406558.40625,out_of_transit_median,segment_normalized,tres_2_b-e8e81778b059cb9a,0.99991929531097412,4.1989424062194303e-05
TrES-2 b,TrES-2,tres_2_b,MAST,data/raw/mast/lightkurve/tres_2_b/kepler/mastDownload/Kepler/kplr011446443_lc_Q111111110111011101/kplr011446443-2009259160929_llc.fits,6d41c0b2a8784c922789c5ceb53258b795d7b220c6026ff514d86c81dde65e83,kplr011446443-2009259160929_llc.fits,Kepler,kplr011446443-2009259160929_llc.fits,LIGHTCURVE,1,228.85930419477518,d,TIMESYS=TDB;BJDREFI=2454833;BJDREFF=0.0,long,1765.4628859418881,FITS_TIMEDEL,403077.625,16.797441482543945,406536.25,17.044912338256836,0,5869,617.59784191534789,847.88549576558501,0.013035616837441921,0.02756534144282341,2,,,,,KIC 11446443,Kepler,Kepler Photometer,822892 FluxExporter2PipelineModule,True,False,True,True,2904,6d41c0b2a8784c922789c5ceb53258b795d7b220c6026ff514d86c81dde65e83,tres_2_b:kplr011446443-2009259160929_llc.fits,-0.14037601625431662,0.99994552135467529,4.1924879042198882e-05,PDCSAP_FLUX,406536.25,17.044912338256836,406558.40625,out_of_transit_median,segment_normalized,tres_2_b-e8e81778b059cb9a,0.99994552135467529,4.1924879042198882e-05
TrES-2 b,TrES-2,tres_2_b,MAST,data/raw/mast/lightkurve/tres_2_b/kepler/mastDownload/Kepler/kplr011446443_lc_Q111111110111011101/kplr011446443-2009259160929_llc.fits,6d41c0b2a8784c922789c5ceb53258b795d7b220c6026ff514d86c81dde65e83,kplr011446443-2009259160929_llc.fits,Kepler,kplr011446443-2009259160929_llc.fits,LIGHTCURVE,1,201.68268646360229,d,TIMESYS=TDB;BJDREFI=2454833;BJDREFF=0.0,long,1765.4628859418881,FITS_TIMEDEL,403213.78125,16.803478240966797,406606.28125,17.065130233764648,0,4539,617.57632254619205,847.83248450283065,-0.0068288175389170647,-0.024890746921300888,2,,,,,KIC 11446443,Kepler,Kepler Photometer,822892 FluxExporter2PipelineModule,True,False,True,True,1574,6d41c0b2a8784c922789c5ceb53258b795d7b220c6026ff514d86c81dde65e83,tres_2_b:kplr011446443-2009259160929_llc.fits,-0.14024660042720094,1.0001177787780762,4.1974610212491825e-05,PDCSAP_FLUX,406606.28125,17.065130233764648,406558.40625,out_of_transit_median,segment_normalized,tres_2_b-e8e81778b059cb9a,1.0001177787780762,4.1974610212491825e-05
TrES-2 b,TrES-2,tres_2_b,MAST,data/raw/mast/lightkurve/tres_2_b/kepler/mastDownload/Kepler/kplr011446443_lc_Q111111110111011101/kplr011446443-2009166043257_llc.fits,10bfca91bdd928deda2e638de7a27cdc940b879452408a96b5be6146944639e9,kplr011446443-2009166043257_llc.fits,Kepler,kplr011446443-2009166043257_llc.fits,LIGHTCURVE,1,149.80091100066056,d,TIMESYS=TDB;BJDREFI=2454833;BJDREFF=0.0,long,1765.4628859418881,FITS_TIMEDEL,399542.71875,16.647504806518555,403688.09375,17.018547058105469,0,2000,621.20224166451339,848.95322210076006,9.1693334979936481e-05,0.0018926988122984767,1,,,,,KIC 11446443,Kepler,Kepler Photometer,795945 FluxExporter2PipelineModule,True,False,True,True,895,10bfca91bdd928deda2e638de7a27cdc940b879452408a96b5be6146944639e9,tres_2_b:kplr011446443-2009166043257_llc.fits,-0.13914114636894026,0.99997502565383911,4.2156611016253009e-05,PDCSAP_FLUX,403688.09375,17.018547058105469,403698.1875,out_of_transit_median,segment_normalized,tres_2_b-e8e81778b059cb9a,0.99997502565383911,4.2156611016253009e-05
TrES-2 b,TrES-2,tres_2_b,MAST,data/raw/mast/lightkurve/tres_2_b/kepler/mastDownload/Kepler/kplr011446443_lc_Q111111110111011101/kplr011446443-2009259160929_llc.fits,6d41c0b2a8784c922789c5ceb53258b795d7b220c6026ff514d86c81dde65e83,kplr011446443-2009259160929_llc.fits,Kepler,kplr011446443-2009259160929_llc.fits,LIGHTCURVE,1,176.9781976437298,d,TIMESYS=TDB;BJDREFI=2454833;BJDREFF=0.0,long,1765.4628859418881,FITS_TIMEDEL,403484.53125,16.817678451538086,406562.90625,17.072854995727539,0,3330,617.58235370876832,847.7302249791129,-0.00064432359067723155,-0.11894898861646652,2,,,,,KIC 11446443,Kepler,Kepler Photometer,822892 FluxExporter2PipelineModule,True,False,True,True,365,6d41c0b2a8784c922789c5ceb53258b795d7b220c6026ff514d86c81dde65e83,tres_2_b:kplr011446443-2009259160929_llc.fits,-0.1386016502996974,1.0000110864639282,4.1993611375801265e-05,PDCSAP_FLUX,406562.90625,17.072854995727539,406558.40625,out_of_transit_median,segment_normalized,tres_2_b-e8e81778b059cb9a,1.0000110864639282,4.1993611375801265e-05
TrES-2 b,TrES-2,tres_2_b,MAST,data/raw/mast/lightkurve/tres_2_b/kepler/mastDownload/Kepler/kplr011446443_lc_Q111111110111011101/kplr011446443-2009259160929_llc.fits,6d41c0b2a8784c922789c5ceb53258b795d7b220c6026ff514d86c81dde65e83,kplr011446443-2009259160929_llc.fits,Kepler,kplr011446443-2009259160929_llc.fits,LIGHTCURVE,1,204.15516187252797,d,TIMESYS=TDB;BJDREFI=2454833;BJDREFF=0.0,long,1765.4628859418881,FITS_TIMEDEL,403220.90625,16.801227569580078,406622.1875,17.059553146362305,0,4660,617.57820818857351,847.83780252416386,-0.0049615432508289814,-0.01969212107360363,2,,,,,KIC 11446443,Kepler,Kepler Photometer,822892 FluxExporter2PipelineModule,True,False,True,True,1695,6d41c0b2a8784c922789c5ceb53258b795d7b220c6026ff514d86c81dde65e83,tres_2_b:kplr011446443-2009259160929_llc.fits,-0.13838456850152592,1.0001568794250488,4.1960891394410282e-05,PDCSAP_FLUX,406622.1875,17.059553146362305,406558.40625,out_of_transit_median,segment_normalized,tres_2_b-e8e81778b059cb9a,1.0001568794250488,4.1960891394410282e-05
TrES-2 b,TrES-2,tres_2_b,MAST,data/raw/mast/lightkurve/tres_2_b/kepler/mastDownload/Kepler/kplr011446443_lc_Q111111110111011101/kplr011446443-2009131105131_llc.fits,e1699c5dd0089c35d908b711b302f72ba974edc68e030dae3e9a65d5065f7d0c,kplr011446443-2009131105131_llc.fits,Kepler,kplr011446443-2009131105131_llc.fits,LIGHTCURVE,1,125.09595739715587,d,TIMESYS=TDB;BJDREFI=2454833;BJDREFF=0.0,long,1765.4628859418881,FITS_TIMEDEL,401240.84375,16.695213317871094,406180.46875,16.96778678894043,0,791,621.21780792796176,848.89956967060584,-0.00016284130106214434,-2.6397516194265336e-05,0,,,,,KIC 11446443,Kepler,Kepler Photometer,793548 FluxExporter2PipelineModule,True,False,True,True,223,e1699c5dd0089c35d908b711b302f72ba974edc68e030dae3e9a65d5065f7d0c,tres_2_b:kplr011446443-2009131105131_llc.fits,-0.1379609798736332,1.0000237226486206,4.1775001591304317e-05,PDCSAP_FLUX,406180.46875,16.96778678894043,406170.8125,out_of_transit_median,segment_normalized,tres_2_b-e8e81778b059cb9a,1.0000237226486206,4.1775001591304317e-05
TrES-2 b,TrES-2,tres_2_b,MAST,data/raw/mast/lightkurve/tres_2_b/kepler/mastDownload/Kepler/kplr011446443_lc_Q111111110111011101/kplr011446443-2009166043257_llc.fits,10bfca91bdd928deda2e638de7a27cdc940b879452408a96b5be6146944639e9,kplr011446443-2009166043257_llc.fits,Kepler,kplr011446443-2009166043257_llc.fits,LIGHTCURVE,1,152.27344189592259,d,TIMESYS=TDB;BJDREFI=2454833;BJDREFF=0.0,long,1765.4628859418881,FITS_TIMEDEL,399375.125,16.645635604858398,403709.53125,17.028861999511719,0,2121,621.20128116781052,848.96068609683459,0.00030266828252933919,0.0065042604692280293,1,,,,,KIC 11446443,Kepler,Kepler Photometer,795945 FluxExporter2PipelineModule,True,False,True,True,1016,10bfca91bdd928deda2e638de7a27cdc940b879452408a96b5be6146944639e9,tres_2_b:kplr011446443-2009166043257_llc.fits,-0.1372236281069148,1.000028133392334,4.2182160541415215e-05,PDCSAP_FLUX,403709.53125,17.028861999511719,403698.1875,out_of_transit_median,segment_normalized,tres_2_b-e8e81778b059cb9a,1.000028133392334,4.2182160541415215e-05
TrES-2 b,TrES-2,tres_2_b,MAST,data/raw/mast/lightkurve/tres_2_b/kepler/mastDownload/Kepler/kplr011446443_lc_Q111111110111011101/kplr011446443-2009259160929_llc.fits,6d41c0b2a8784c922789c5ceb53258b795d7b220c6026ff514d86c81dde65e83,kplr011446443-2009259160929_llc.fits,Kepler,kplr011446443-2009259160929_llc.fits,LIGHTCURVE,1,179.45070318129001,d,TIMESYS=TDB;BJDREFI=2454833;BJDREFF=0.0,long,1765.4628859418881,FITS_TIMEDEL,403342.65625,16.813217163085938,406573.4375,17.067499160766602,0,3451,617.58378899268371,847.73470813676863,0.00067655701423063874,-0.11565086990594864,2,,,,,KIC 11446443,Kepler,Kepler Photometer,822892 FluxExporter2PipelineModule,True,False,True,True,486,6d41c0b2a8784c922789c5ceb53258b795d7b220c6026ff514d86c81dde65e83,tres_2_b:kplr011446443-2009259160929_llc.fits,-0.1367094897394876,1.0000369548797607,4.1980434616561979e-05,PDCSAP_FLUX,406573.4375,17.067499160766602,406558.40625,out_of_transit_median,segment_normalized,tres_2_b-e8e81778b059cb9a,1.0000369548797607,4.1980434616561979e-05
TrES-2 b,TrES-2,tres_2_b,MAST,data/raw/mast/lightkurve/tres_2_b/kepler/mastDownload/Kepler/kplr011446443_lc_Q111111110111011101/kplr011446443-2009259160929_llc.fits,6d41c0b2a8784c922789c5ceb53258b795d7b220c6026ff514d86c81dde65e83,kplr011446443-2009259160929_llc.fits,Kepler,kplr011446443-2009259160929_llc.fits,LIGHTCURVE,1,206.62763407723833,d,TIMESYS=TDB;BJDREFI=2454833;BJDREFF=0.0,long,1765.4628859418881,FITS_TIMEDEL,403212.40625,16.803726196289062,406596.8125,17.060449600219727,0,4781,617.57981440820072,847.84326471782492,-0.0035385109949856997,-0.014247128739953041,2,,,,,KIC 11446443,Kepler,Kepler Photometer,822892 FluxExporter2PipelineModule,True,False,True,True,1816,6d41c0b2a8784c922789c5ceb53258b795d7b220c6026ff514d86c81dde65e83,tres_2_b:kplr011446443-2009259160929_llc.fits,-0.13652574079116886,1.0000944137573242,4.196309600956738e-05,PDCSAP_FLUX,406596.8125,17.060449600219727,406558.40625,out_of_transit_median,segment_normalized,tres_2_b-e8e81778b059cb9a,1.0000944137573242,4.196309600956738e-05
TrES-2 b,TrES-2,tres_2_b,MAST,data/raw/mast/lightkurve/tres_2_b/kepler/mastDownload/Kepler/kplr011446443_lc_Q111111110111011101/kplr011446443-2009131105131_llc.fits,e1699c5dd0089c35d908b711b302f72ba974edc68e030dae3e9a65d5065f7d0c,kplr011446443-2009131105131_llc.fits,Kepler,kplr011446443-2009131105131_llc.fits,LIGHTCURVE,1,127.56850098098948,d,TIMESYS=TDB;BJDREFI=2454833;BJDREFF=0.0,long,1765.4628859418881,FITS_TIMEDEL,401117.90625,16.693056106567383,406192.75,16.971416473388672,0,912,621.21513082769593,848.90371447575774,-0.0021403564605861902,0.0020719319581985474,0,,,,,KIC 11446443,Kepler,Kepler Photometer,793548 FluxExporter2PipelineModule,True,False,True,True,344,e1699c5dd0089c35d908b711b302f72ba974edc68e030dae3e9a65d5065f7d0c,tres_2_b:kplr011446443-2009131105131_llc.fits,-0.13603077304002054,1.0000540018081665,4.1783940105233341e-05,PDCSAP_FLUX,406192.75,16.971416473388672,406170.8125,out_of_transit_median,segment_normalized,tres_2_b-e8e81778b059cb9a,1.0000540018081665,4.1783940105233341e-05
TrES-2 b,TrES-2,tres_2_b,MAST,data/raw/mast/lightkurve/tres_2_b/kepler/mastDownload/Kepler/kplr011446443_lc_Q111111110111011101/kplr011446443-2009166043257_llc.fits,10bfca91bdd928deda2e638de7a27cdc940b879452408a96b5be6146944639e9,kplr011446443-2009166043257_llc.fits,Kepler,kplr011446443-2009166043257_llc.fits,LIGHTCURVE,1,154.74597092411568,d,TIMESYS=TDB;BJDREFI=2454833;BJDREFF=0.0,long,1765.4628859418881,FITS_TIMEDEL,399246.90625,16.647329330444336,403733.84375,17.031728744506836,0,2242,621.20102538440085,848.96799694301239,0.0010514562018215656,0.011424274183809757,1,,,,,KIC 11446443,Kepler,Kepler Photometer,795945 FluxExporter2PipelineModule,True,False,True,True,1137,10bfca91bdd928deda2e638de7a27cdc940b879452408a96b5be6146944639e9,tres_2_b:kplr011446443-2009166043257_llc.fits,-0.13530797691381724,1.0000883340835571,4.2189261876046658e-05,PDCSAP_FLUX,403733.84375,17.031728744506836,403698.1875,out_of_transit_median,segment_normalized,tres_2_b-e8e81778b059cb9a,1.0000883340835571,4.2189261876046658e-05
TrES-2 b,TrES-2,tres_2_b,MAST,data/raw/mast/lightkurve/tres_2_b/kepler/mastDownload/Kepler/kplr011446443_lc_Q111111110111011101/kplr011446443-2009259160929_llc.fits,6d41c0b2a8784c922789c5ceb53258b795d7b220c6026ff514d86c81dde65e83,kplr011446443-2009259160929_llc.fits,Kepler,kplr011446443-2009259160929_llc.fits,LIGHTCURVE,1,236.27661464546691,d,TIMESYS=TDB;BJDREFI=2454833;BJDREFF=0.0,long,1765.4628859418881,FITS_TIMEDEL,403041.40625,16.794830322265625,406571,17.048221588134766,0,6232,617.58238799266655,847.91388798429375,-0.001492208568379283,0.056148365139961243,2,,,,,KIC 11446443,Kepler,Kepler Photometer,822892 FluxExporter2PipelineModule,True,False,True,True,3267,6d41c0b2a8784c922789c5ceb53258b795d7b220c6026ff514d86c81dde65e83,tres_2_b:kplr011446443-2009259160929_llc.fits,-0.13490569656258633,1.0000309944152832,4.1933020838769153e-05,PDCSAP_FLUX,406571,17.048221588134766,406558.40625,out_of_transit_median,segment_normalized,tres_2_b-e8e81778b059cb9a,1.0000309944152832,4.1933020838769153e-05
TrES-2 b,TrES-2,tres_2_b,MAST,data/raw/mast/lightkurve/tres_2_b/kepler/mastDownload/Kepler/kplr011446443_lc_Q111111110111011101/kplr011446443-2009131105131_llc.fits,e1699c5dd0089c35d908b711b302f72ba974edc68e030dae3e9a65d5065f7d0c,kplr011446443-2009131105131_llc.fits,Kepler,kplr011446443-2009131105131_llc.fits,LIGHTCURVE,1,130.04104383815866,d,TIMESYS=TDB;BJDREFI=2454833;BJDREFF=0.0,long,1765.4628859418881,FITS_TIMEDEL,401114.96875,16.690574645996094,406426.6875,16.842884063720703,0,1033,621.21368644478889,848.90713591592532,-0.0029358153697103262,0.0038314373232424259,0,,,,,KIC 11446443,Kepler,Kepler Photometer,793548 FluxExporter2PipelineModule,True,False,True,True,465,e1699c5dd0089c35d908b711b302f72ba974edc68e030dae3e9a65d5065f7d0c,tres_2_b:kplr011446443-2009131105131_llc.fits,-0.13410129287084671,1.0006300210952759,4.1467490518698469e-05,PDCSAP_FLUX,406426.6875,16.842884063720703,406170.8125,out_of_transit_median,segment_normalized,tres_2_b-e8e81778b059cb9a,1.0006300210952759,4.1467490518698469e-05
TrES-2 b,TrES-2,tres_2_b,MAST,data/raw/mast/lightkurve/tres_2_b/kepler/mastDownload/Kepler/kplr011446443_lc_Q111111110111011101/kplr011446443-2009166043257_llc.fits,10bfca91bdd928deda2e638de7a27cdc940b879452408a96b5be6146944639e9,kplr011446443-2009166043257_llc.fits,Kepler,kplr011446443-2009166043257_llc.fits,LIGHTCURVE,1,157.21849808558909,d,TIMESYS=TDB;BJDREFI=2454833;BJDREFF=0.0,long,1765.4628859418881,FITS_TIMEDEL,399098.4375,16.641336441040039,403751.03125,17.017635345458984,0,2363,621.19903867346238,848.97565787195538,3.31026894855313e-05,0.016525877639651299,1,,,,,KIC 11446443,Kepler,Kepler Photometer,795945 FluxExporter2PipelineModule,True,False,True,True,1258,10bfca91bdd928deda2e638de7a27cdc940b879452408a96b5be6146944639e9,tres_2_b:kplr011446443-2009166043257_llc.fits,-0.13339419244040873,1.0001308917999268,4.2154351831413805e-05,PDCSAP_FLUX,403751.03125,17.017635345458984,403698.1875,out_of_transit_median,segment_normalized,tres_2_b-e8e81778b059cb9a,1.0001308917999268,4.2154351831413805e-05
TrES-2 b,TrES-2,tres_2_b,MAST,data/raw/mast/lightkurve/tres_2_b/kepler/mastDownload/Kepler/kplr011446443_lc_Q111111110111011101/kplr011446443-2009259160929_llc.fits,6d41c0b2a8784c922789c5ceb53258b795d7b220c6026ff514d86c81dde65e83,kplr011446443-2009259160929_llc.fits,Kepler,kplr011446443-2009259160929_llc.fits,LIGHTCURVE,1,211.57256880695786,d,TIMESYS=TDB;BJDREFI=2454833;BJDREFF=0.0,long,1765.4628859418881,FITS_TIMEDEL,403257.625,16.80311393737793,406570.09375,17.064056396484375,0,5023,617.58231087747652,847.85279262130564,-0.0014240924501791596,-0.0047115865163505077,2,,,,,KIC 11446443,Kepler,Kepler Photometer,822892 FluxExporter2PipelineModule,True,False,True,True,2058,6d41c0b2a8784c922789c5ceb53258b795d7b220c6026ff514d86c81dde65e83,tres_2_b:kplr011446443-2009259160929_llc.fits,-0.13281776507163401,1.0000287294387817,4.1971969039877877e-05,PDCSAP_FLUX,406570.09375,17.064056396484375,406558.40625,out_of_transit_median,segment_normalized,tres_2_b-e8e81778b059cb9a,1.0000287294387817,4.1971969039877877e-05
TrES-2 b,TrES-2,tres_2_b,MAST,data/raw/mast/lightkurve/tres_2_b/kepler/mastDownload/Kepler/kplr011446443_lc_Q111111110111011101/kplr011446443-2009166043257_llc.fits,10bfca91bdd928deda2e638de7a27cdc940b879452408a96b5be6146944639e9,kplr011446443-2009166043257_llc.fits,Kepler,kplr011446443-2009166043257_llc.fits,LIGHTCURVE,1,132.51358544421237,d,TIMESYS=TDB;BJDREFI=2454833;BJDREFF=0.0,long,1765.4628859418881,FITS_TIMEDEL,400395.53125,16.666200637817383,403703.5,17.019418716430664,0,1154,621.21147587121982,848.91426835381844,0.0041444860398769379,-0.021907268092036247,1,,,,,KIC 11446443,Kepler,Kepler Photometer,795945 FluxExporter2PipelineModule,True,False,True,True,49,10bfca91bdd928deda2e638de7a27cdc940b879452408a96b5be6146944639e9,tres_2_b:kplr011446443-2009166043257_llc.fits,-0.13217306381713656,1.0000131130218506,4.2158768337685615e-05,PDCSAP_FLUX,403703.5,17.019418716430664,403698.1875,out_of_transit_median,segment_normalized,tres_2_b-e8e81778b059cb9a,1.0000131130218506,4.2158768337685615e-05
TrES-2 b,TrES-2,tres_2_b,MAST,data/raw/mast/lightkurve/tres_2_b/kepler/mastDownload/Kepler/kplr011446443_lc_Q111111110111011101/kplr011446443-2009259160929_llc.fits,6d41c0b2a8784c922789c5ceb53258b795d7b220c6026ff514d86c81dde65e83,kplr011446443-2009259160929_llc.fits,Kepler,kplr011446443-2009259160929_llc.fits,LIGHTCURVE,1,241.22147297879565,d,TIMESYS=TDB;BJDREFI=2454833;BJDREFF=0.0,long,1765.4628859418881,FITS_TIMEDEL,402935.125,16.794198989868164,406484.40625,17.046989440917969,0,6474,617.5872883001507,847.92184134669071,0.0030157486908137798,0.064560733735561371,2,,,,,KIC 11446443,Kepler,Kepler Photometer,822892 FluxExporter2PipelineModule,True,False,True,True,3509,6d41c0b2a8784c922789c5ceb53258b795d7b220c6026ff514d86c81dde65e83,tres_2_b:kplr011446443-2009259160929_llc.fits,-0.13127411723384719,0.99981796741485596,4.1929990402422845e-05,PDCSAP_FLUX,406484.40625,17.046989440917969,406558.40625,out_of_transit_median,segment_normalized,tres_2_b-e8e81778b059cb9a,0.99981796741485596,4.1929990402422845e-05
TrES-2 b,TrES-2,tres_2_b,MAST,data/raw/mast/lightkurve/tres_2_b/kepler/mastDownload/Kepler/kplr011446443_lc_Q111111110111011101/kplr011446443-2009259160929_llc.fits,6d41c0b2a8784c922789c5ceb53258b795d7b220c6026ff514d86c81dde65e83,kplr011446443-2009259160929_llc.fits,Kepler,kplr011446443-2009259160929_llc.fits,LIGHTCURVE,1,186.86820227788849,d,TIMESYS=TDB;BJDREFI=2454833;BJDREFF=0.0,long,1765.4628859418881,FITS_TIMEDEL,403286.625,16.813573837280273,406550.375,17.069112777709961,0,3814,617.58728078435513,847.75331926586148,0.0041007772088050842,-0.099130310118198395,2,,,,,KIC 11446443,Kepler,Kepler Photometer,822892 FluxExporter2PipelineModule,True,False,True,True,849,6d41c0b2a8784c922789c5ceb53258b795d7b220c6026ff514d86c81dde65e83,tres_2_b:kplr011446443-2009259160929_llc.fits,-0.13105052414101093,0.99998027086257935,4.1984403651440516e-05,PDCSAP_FLUX,406550.375,17.069112777709961,406558.40625,out_of_transit_median,segment_normalized,tres_2_b-e8e81778b059cb9a,0.99998027086257935,4.1984403651440516e-05
TrES-2 b,TrES-2,tres_2_b,MAST,data/raw/mast/lightkurve/tres_2_b/kepler/mastDownload/Kepler/kplr011446443_lc_Q111111110111011101/kplr011446443-2009259160929_llc.fits,6d41c0b2a8784c922789c5ceb53258b795d7b220c6026ff514d86c81dde65e83,kplr011446443-2009259160929_llc.fits,Kepler,kplr011446443-2009259160929_llc.fits,LIGHTCURVE,1,214.04503070938517,d,TIMESYS=TDB;BJDREFI=2454833;BJDREFF=0.0,long,1765.4628859418881,FITS_TIMEDEL,403248.59375,16.801542282104492,406532.1875,17.062070846557617,0,5144,617.58364688861991,847.8579927007587,-0.00022615455964114517,0.00044080463703721762,2,,,,,KIC 11446443,Kepler,Kepler Photometer,822892 FluxExporter2PipelineModule,True,False,True,True,2179,6d41c0b2a8784c922789c5ceb53258b795d7b220c6026ff514d86c81dde65e83,tres_2_b:kplr011446443-2009259160929_llc.fits,-0.13096923964432139,0.99993550777435303,4.1967083234339952e-05,PDCSAP_FLUX,406532.1875,17.062070846557617,406558.40625,out_of_transit_median,segment_normalized,tres_2_b-e8e81778b059cb9a,0.99993550777435303,4.1967083234339952e-05
TrES-2 b,TrES-2,tres_2_b,MAST,data/raw/mast/lightkurve/tres_2_b/kepler/mastDownload/Kepler/kplr011446443_lc_Q111111110111011101/kplr011446443-2009166043257_llc.fits,10bfca91bdd928deda2e638de7a27cdc940b879452408a96b5be6146944639e9,kplr011446443-2009166043257_llc.fits,Kepler,kplr011446443-2009166043257_llc.fits,LIGHTCURVE,1,134.98612637691986,d,TIMESYS=TDB;BJDREFI=2454833;BJDREFF=0.0,long,1765.4628859418881,FITS_TIMEDEL,400292.28125,16.663259506225586,403682.5,17.0467529296875,0,1275,621.2090829418637,848.91822072067703,0.0022267266176640987,-0.019629895687103271,1,,,,,KIC 11446443,Kepler,Kepler Photometer,795945 FluxExporter2PipelineModule,True,False,True,True,170,10bfca91bdd928deda2e638de7a27cdc940b879452408a96b5be6146944639e9,tres_2_b:kplr011446443-2009166043257_llc.fits,-0.13024550810964786,0.99996113777160645,4.2226478399243206e-05,PDCSAP_FLUX,403682.5,17.0467529296875,403698.1875,out_of_transit_median,segment_normalized,tres_2_b-e8e81778b059cb9a,0.99996113777160645,4.2226478399243206e-05
TrES-2 b,TrES-2,tres_2_b,MAST,data/raw/mast/lightkurve/tres_2_b/kepler/mastDownload/Kepler/kplr011446443_lc_Q111111110111011101/kplr011446443-2009259160929_llc.fits,6d41c0b2a8784c922789c5ceb53258b795d7b220c6026ff514d86c81dde65e83,kplr011446443-2009259160929_llc.fits,Kepler,kplr011446443-2009259160929_llc.fits,LIGHTCURVE,1,243.69389757464523,d,TIMESYS=TDB;BJDREFI=2454833;BJDREFF=0.0,long,1765.4628859418881,FITS_TIMEDEL,402909.03125,16.79328727722168,406486.28125,17.041143417358398,0,6595,617.59144114631681,847.92513701341409,0.0068432223051786423,0.06787429004907608,2,,,,,KIC 11446443,Kepler,Kepler Photometer,822892 FluxExporter2PipelineModule,True,False,True,True,3630,6d41c0b2a8784c922789c5ceb53258b795d7b220c6026ff514d86c81dde65e83,tres_2_b:kplr011446443-2009259160929_llc.fits,-0.12946289838425851,0.99982261657714844,4.1915609472198412e-05,PDCSAP_FLUX,406486.28125,17.041143417358398,406558.40625,out_of_transit_median,segment_normalized,tres_2_b-e8e81778b059cb9a,0.99982261657714844,4.1915609472198412e-05
TrES-2 b,TrES-2,tres_2_b,MAST,data/raw/mast/lightkurve/tres_2_b/kepler/mastDownload/Kepler/kplr011446443_lc_Q111111110111011101/kplr011446443-2009259160929_llc.fits,6d41c0b2a8784c922789c5ceb53258b795d7b220c6026ff514d86c81dde65e83,kplr011446443-2009259160929_llc.fits,Kepler,kplr011446443-2009259160929_llc.fits,LIGHTCURVE,1,189.34069624737458,d,TIMESYS=TDB;BJDREFI=2454833;BJDREFF=0.0,long,1765.4628859418881,FITS_TIMEDEL,403113.625,16.809864044189453,406597.125,17.063100814819336,0,3935,617.59067434787551,847.75951324329378,0.007178181316703558,-0.094320572912693024,2,,,,,KIC 11446443,Kepler,Kepler Photometer,822892 FluxExporter2PipelineModule,True,False,True,True,970,6d41c0b2a8784c922789c5ceb53258b795d7b220c6026ff514d86c81dde65e83,tres_2_b:kplr011446443-2009259160929_llc.fits,-0.12916993165491575,1.0000952482223511,4.1969618905568495e-05,PDCSAP_FLUX,406597.125,17.063100814819336,406558.40625,out_of_transit_median,segment_normalized,tres_2_b-e8e81778b059cb9a,1.0000952482223511,4.1969618905568495e-05
TrES-2 b,TrES-2,tres_2_b,MAST,data/raw/mast/lightkurve/tres_2_b/kepler/mastDownload/Kepler/kplr011446443_lc_Q111111110111011101/kplr011446443-2009259160929_llc.fits,6d41c0b2a8784c922789c5ceb53258b795d7b220c6026ff514d86c81dde65e83,kplr011446443-2009259160929_llc.fits,Kepler,kplr011446443-2009259160929_llc.fits,LIGHTCURVE,1,216.51749006289174,d,TIMESYS=TDB;BJDREFI=2454833;BJDREFF=0.0,long,1765.4628859418881,FITS_TIMEDEL,403266.90625,16.802776336669922,406538.875,17.058780670166016,0,5265,617.5837940426162,847.86461324588026,-0.00016767130000516772,0.0070663602091372013,2,,,,,KIC 11446443,Kepler,Kepler Photometer,822892 FluxExporter2PipelineModule,True,False,True,True,2300,6d41c0b2a8784c922789c5ceb53258b795d7b220c6026ff514d86c81dde65e83,tres_2_b:kplr011446443-2009259160929_llc.fits,-0.12912326313775613,0.99995195865631104,4.195899236947298e-05,PDCSAP_FLUX,406538.875,17.058780670166016,406558.40625,out_of_transit_median,segment_normalized,tres_2_b-e8e81778b059cb9a,0.99995195865631104,4.195899236947298e-05
TrES-2 b,TrES-2,tres_2_b,MAST,data/raw/mast/lightkurve/tres_2_b/kepler/mastDownload/Kepler/kplr011446443_lc_Q111111110111011101/kplr011446443-2009166043257_llc.fits,10bfca91bdd928deda2e638de7a27cdc940b879452408a96b5be6146944639e9,kplr011446443-2009166043257_llc.fits,Kepler,kplr011446443-2009166043257_llc.fits,LIGHTCURVE,1,164.63606582066132,d,TIMESYS=TDB;BJDREFI=2454833;BJDREFF=0.0,long,1765.4628859418881,FITS_TIMEDEL,398598.96875,16.634895324707031,403700.15625,16.972724914550781,0,2726,621.19601756926124,849.00013586381681,0.00051972077926620841,0.033808737993240356,1,,,,,KIC 11446443,Kepler,Kepler Photometer,795945 FluxExporter2PipelineModule,True,False,True,True,1621,10bfca91bdd928deda2e638de7a27cdc940b879452408a96b5be6146944639e9,tres_2_b:kplr011446443-2009166043257_llc.fits,-0.1276665883681829,1.0000048875808716,4.2043102439492941e-05,PDCSAP_FLUX,403700.15625,16.972724914550781,403698.1875,out_of_transit_median,segment_normalized,tres_2_b-e8e81778b059cb9a,1.0000048875808716,4.2043102439492941e-05
TrES-2 b,TrES-2,tres_2_b,MAST,data/raw/mast/lightkurve/tres_2_b/kepler/mastDownload/Kepler/kplr011446443_lc_Q111111110111011101/kplr011446443-2009259160929_llc.fits,6d41c0b2a8784c922789c5ceb53258b795d7b220c6026ff514d86c81dde65e83,kplr011446443-2009259160929_llc.fits,Kepler,kplr011446443-2009259160929_llc.fits,LIGHTCURVE,1,246.16631936453632,d,TIMESYS=TDB;BJDREFI=2454833;BJDREFF=0.0,long,1765.4628859418881,FITS_TIMEDEL,402880.28125,16.793495178222656,406462.875,17.045660018920898,0,6716,617.59450875516848,847.92787279609058,0.0097110411152243614,0.070729166269302368,2,,,,,KIC 11446443,Kepler,Kepler Photometer,822892 FluxExporter2PipelineModule,True,False,True,True,3751,6d41c0b2a8784c922789c5ceb53258b795d7b220c6026ff514d86c81dde65e83,tres_2_b:kplr011446443-2009259160929_llc.fits,-0.12765448549317182,0.99976503849029541,4.192671985947527e-05,PDCSAP_FLUX,406462.875,17.045660018920898,406558.40625,out_of_transit_median,segment_normalized,tres_2_b-e8e81778b059cb9a,0.99976503849029541,4.192671985947527e-05
TrES-2 b,TrES-2,tres_2_b,MAST,data/raw/mast/lightkurve/tres_2_b/kepler/mastDownload/Kepler/kplr011446443_lc_Q111111110111011101/kplr011446443-2009259160929_llc.fits,6d41c0b2a8784c922789c5ceb53258b795d7b220c6026ff514d86c81dde65e83,kplr011446443-2009259160929_llc.fits,Kepler,kplr011446443-2009259160929_llc.fits,LIGHTCURVE,1,191.81318721683783,d,TIMESYS=TDB;BJDREFI=2454833;BJDREFF=0.0,long,1765.4628859418881,FITS_TIMEDEL,402990.28125,16.805442810058594,406520.34375,17.060428619384766,0,4056,617.59194204016137,847.76546335768057,0.0083594284951686859,-0.08890148252248764,2,,,,,KIC 11446443,Kepler,Kepler Photometer,822892 FluxExporter2PipelineModule,True,False,True,True,1091,6d41c0b2a8784c922789c5ceb53258b795d7b220c6026ff514d86c81dde65e83,tres_2_b:kplr011446443-2009259160929_llc.fits,-0.12729233919166405,0.99990636110305786,4.1963045077864081e-05,PDCSAP_FLUX,406520.34375,17.060428619384766,406558.40625,out_of_transit_median,segment_normalized,tres_2_b-e8e81778b059cb9a,0.99990636110305786,4.1963045077864081e-05
TrES-2 b,TrES-2,tres_2_b,MAST,data/raw/mast/lightkurve/tres_2_b/kepler/mastDownload/Kepler/kplr011446443_lc_Q111111110111011101/kplr011446443-2009259160929_llc.fits,6d41c0b2a8784c922789c5ceb53258b795d7b220c6026ff514d86c81dde65e83,kplr011446443-2009259160929_llc.fits,Kepler,kplr011446443-2009259160929_llc.fits,LIGHTCURVE,1,218.9899459684093,d,TIMESYS=TDB;BJDREFI=2454833;BJDREFF=0.0,long,1765.4628859418881,FITS_TIMEDEL,403222.8125,16.802434921264648,406521.25,17.062540054321289,0,5386,617.58641691825619,847.86822637995795,0.0022318183910101652,0.010594102554023266,2,,,,,KIC 11446443,Kepler,Kepler Photometer,822892 FluxExporter2PipelineModule,True,False,True,True,2421,6d41c0b2a8784c922789c5ceb53258b795d7b220c6026ff514d86c81dde65e83,tres_2_b:kplr011446443-2009259160929_llc.fits,-0.12728073462019274,0.99990862607955933,4.1968236473621801e-05,PDCSAP_FLUX,406521.25,17.062540054321289,406558.40625,out_of_transit_median,segment_normalized,tres_2_b-e8e81778b059cb9a,0.99990862607955933,4.1968236473621801e-05
TrES-2 b,TrES-2,tres_2_b,MAST,data/raw/mast/lightkurve/tres_2_b/kepler/mastDownload/Kepler/kplr011446443_lc_Q111111110111011101/kplr011446443-2009166043257_llc.fits,10bfca91bdd928deda2e638de7a27cdc940b879452408a96b5be6146944639e9,kplr011446443-2009166043257_llc.fits,Kepler,kplr011446443-2009166043257_llc.fits,LIGHTCURVE,1,139.93120494242612,d,TIMESYS=TDB;BJDREFI=2454833;BJDREFF=0.0,long,1765.4628859418881,FITS_TIMEDEL,400094.71875,16.661245346069336,403672.59375,17.049098968505859,0,1517,621.20636268786018,848.92922619493993,0.00055618170881643891,-0.012275977060198784,1,,,,,KIC 11446443,Kepler,Kepler Photometer,795945 FluxExporter2PipelineModule,True,False,True,True,412,10bfca91bdd928deda2e638de7a27cdc940b879452408a96b5be6146944639e9,tres_2_b:kplr011446443-2009166043257_llc.fits,-0.12639369660338295,0.99993658065795898,4.2232291889376938e-05,PDCSAP_FLUX,403672.59375,17.049098968505859,403698.1875,out_of_transit_median,segment_normalized,tres_2_b-e8e81778b059cb9a,0.99993658065795898,4.2232291889376938e-05
TrES-2 b,TrES-2,tres_2_b,MAST,data/raw/mast/lightkurve/tres_2_b/kepler/mastDownload/Kepler/kplr011446443_lc_Q111111110111011101/kplr011446443-2009259160929_llc.fits,6d41c0b2a8784c922789c5ceb53258b795d7b220c6026ff514d86c81dde65e83,kplr011446443-2009259160929_llc.fits,Kepler,kplr011446443-2009259160929_llc.fits,LIGHTCURVE,1,248.63873831016826,d,TIMESYS=TDB;BJDREFI=2454833;BJDREFF=0.0,long,1765.4628859418881,FITS_TIMEDEL,403090.0625,16.795696258544922,406636.53125,17.052898406982422,0,6837,617.55371670666489,847.97551801633642,-0.028703261166810989,0.12373914569616318,2,,,,,KIC 11446443,Kepler,Kepler Photometer,822892 FluxExporter2PipelineModule,True,False,True,True,3872,6d41c0b2a8784c922789c5ceb53258b795d7b220c6026ff514d86c81dde65e83,tres_2_b:kplr011446443-2009259160929_llc.fits,-0.12584891686122801,1.0001921653747559,4.1944524127757177e-05,PDCSAP_FLUX,406636.53125,17.052898406982422,406558.40625,out_of_transit_median,segment_normalized,tres_2_b-e8e81778b059cb9a,1.0001921653747559,4.1944524127757177e-05
TrES-2 b,TrES-2,tres_2_b,MAST,data/raw/mast/lightkurve/tres_2_b/kepler/mastDownload/Kepler/kplr011446443_lc_Q111111110111011101/kplr011446443-2009166043257_llc.fits,10bfca91bdd928deda2e638de7a27cdc940b879452408a96b5be6146944639e9,kplr011446443-2009166043257_llc.fits,Kepler,kplr011446443-2009166043257_llc.fits,LIGHTCURVE,1,142.40374224146217,d,TIMESYS=TDB;BJDREFI=2454833;BJDREFF=0.0,long,1765.4628859418881,FITS_TIMEDEL,400000.625,16.656347274780273,403707.40625,17.018733978271484,0,1638,621.20379185411923,848.93508785967526,-0.0012037142878398299,-0.0088708605617284775,1,,,,,KIC 11446443,Kepler,Kepler Photometer,795945 FluxExporter2PipelineModule,True,False,True,True,533,10bfca91bdd928deda2e638de7a27cdc940b879452408a96b5be6146944639e9,tres_2_b:kplr011446443-2009166043257_llc.fits,-0.12446977456733443,1.0000228881835938,4.215707303956151e-05,PDCSAP_FLUX,403707.40625,17.018733978271484,403698.1875,out_of_transit_median,segment_normalized,tres_2_b-e8e81778b059cb9a,1.0000228881835938,4.215707303956151e-05
TrES-2 b,TrES-2,tres_2_b,MAST,data/raw/mast/lightkurve/tres_2_b/kepler/mastDownload/Kepler/kplr011446443_lc_Q111111110111011101/kplr011446443-2009259160929_llc.fits,6d41c0b2a8784c922789c5ceb53258b795d7b220c6026ff514d86c81dde65e83,kplr011446443-2009259160929_llc.fits,Kepler,kplr011446443-2009259160929_llc.fits,LIGHTCURVE,1,196.75815988037357,d,TIMESYS=TDB;BJDREFI=2454833;BJDREFF=0.0,long,1765.4628859418881,FITS_TIMEDEL,403023.125,16.805183410644531,406581.71875,17.059579849243164,0,4298,617.59483794466314,847.77569053543175,0.010848847217857838,-0.079623304307460785,2,,,,,KIC 11446443,Kepler,Kepler Photometer,822892 FluxExporter2PipelineModule,True,False,True,True,1333,6d41c0b2a8784c922789c5ceb53258b795d7b220c6026ff514d86c81dde65e83,tres_2_b:kplr011446443-2009259160929_llc.fits,-0.12354642965592721,1.0000573396682739,4.196095687802881e-05,PDCSAP_FLUX,406581.71875,17.059579849243164,406558.40625,out_of_transit_median,segment_normalized,tres_2_b-e8e81778b059cb9a,1.0000573396682739,4.196095687802881e-05
TrES-2 b,TrES-2,tres_2_b,MAST,data/raw/mast/lightkurve/tres_2_b/kepler/mastDownload/Kepler/kplr011446443_lc_Q111111110111011101/kplr011446443-2009166043257_llc.fits,10bfca91bdd928deda2e638de7a27cdc940b879452408a96b5be6146944639e9,kplr011446443-2009166043257_llc.fits,Kepler,kplr011446443-2009166043257_llc.fits,LIGHTCURVE,1,144.87627809927653,d,TIMESYS=TDB;BJDREFI=2454833;BJDREFF=0.0,long,1765.4628859418881,FITS_TIMEDEL,399814.75,16.654542922973633,403667,17.043180465698242,0,1759,621.20308827227689,848.94061155373424,-0.00093176367226988077,-0.0058290860615670681,1,,,,,KIC 11446443,Kepler,Kepler Photometer,795945 FluxExporter2PipelineModule,True,False,True,True,654,10bfca91bdd928deda2e638de7a27cdc940b879452408a96b5be6146944639e9,tres_2_b:kplr011446443-2009166043257_llc.fits,-0.12254729375297013,0.99992275238037109,4.2217630834784359e-05,PDCSAP_FLUX,403667,17.043180465698242,403698.1875,out_of_transit_median,segment_normalized,tres_2_b-e8e81778b059cb9a,0.99992275238037109,4.2217630834784359e-05
TrES-2 b,TrES-2,tres_2_b,MAST,data/raw/mast/lightkurve/tres_2_b/kepler/mastDownload/Kepler/kplr011446443_lc_Q111111110111011101/kplr011446443-2009259160929_llc.fits,6d41c0b2a8784c922789c5ceb53258b795d7b220c6026ff514d86c81dde65e83,kplr011446443-2009259160929_llc.fits,Kepler,kplr011446443-2009259160929_llc.fits,LIGHTCURVE,1,253.58356774385902,d,TIMESYS=TDB;BJDREFI=2454833;BJDREFF=0.0,long,1765.4628859418881,FITS_TIMEDEL,403082.65625,16.795375823974609,406530.1875,17.045019149780273,0,7079,617.5570404217699,847.98298976584886,-0.025729706510901451,0.13237537443637848,2,,,,,KIC 11446443,Kepler,Kepler Photometer,822892 FluxExporter2PipelineModule,True,False,True,True,4114,6d41c0b2a8784c922789c5ceb53258b795d7b220c6026ff514d86c81dde65e83,tres_2_b:kplr011446443-2009259160929_llc.fits,-0.12224623717047112,0.99993062019348145,4.1925140976672992e-05,PDCSAP_FLUX,406530.1875,17.045019149780273,406558.40625,out_of_transit_median,segment_normalized,tres_2_b-e8e81778b059cb9a,0.99993062019348145,4.1925140976672992e-05
TrES-2 b,TrES-2,tres_2_b,MAST,data/raw/mast/lightkurve/tres_2_b/kepler/mastDownload/Kepler/kplr011446443_lc_Q111111110111011101/kplr011446443-2009259160929_llc.fits,6d41c0b2a8784c922789c5ceb53258b795d7b220c6026ff514d86c81dde65e83,kplr011446443-2009259160929_llc.fits,Kepler,kplr011446443-2009259160929_llc.fits,LIGHTCURVE,1,172.05361268287379,d,TIMESYS=TDB;BJDREFI=2454833;BJDREFF=0.0,long,1765.4628859418881,FITS_TIMEDEL,403894.96875,16.826854705810547,406530.28125,17.069967269897461,0,3089,617.57684565740169,847.71884651766652,-0.0061972695402801037,-0.12730599939823151,2,,,,,KIC 11446443,Kepler,Kepler Photometer,822892 FluxExporter2PipelineModule,True,False,True,True,124,6d41c0b2a8784c922789c5ceb53258b795d7b220c6026ff514d86c81dde65e83,tres_2_b:kplr011446443-2009259160929_llc.fits,-0.12195985715570701,0.99993079900741577,4.1986506403191015e-05,PDCSAP_FLUX,406530.28125,17.069967269897461,406558.40625,out_of_transit_median,segment_normalized,tres_2_b-e8e81778b059cb9a,0.99993079900741577,4.1986506403191015e-05
TrES-2 b,TrES-2,tres_2_b,MAST,data/raw/mast/lightkurve/tres_2_b/kepler/mastDownload/Kepler/kplr011446443_lc_Q111111110111011101/kplr011446443-2009259160929_llc.fits,6d41c0b2a8784c922789c5ceb53258b795d7b220c6026ff514d86c81dde65e83,kplr011446443-2009259160929_llc.fits,Kepler,kplr011446443-2009259160929_llc.fits,LIGHTCURVE,1,226.40729457898851,d,TIMESYS=TDB;BJDREFI=2454833;BJDREFF=0.0,long,1765.4628859418881,FITS_TIMEDEL,403171.78125,16.800140380859375,406585.5625,17.049135208129883,0,5749,617.5938825048886,847.88211591355639,0.0093583334237337112,0.024327751249074936,2,,,,,KIC 11446443,Kepler,Kepler Photometer,822892 FluxExporter2PipelineModule,True,False,True,True,2784,6d41c0b2a8784c922789c5ceb53258b795d7b220c6026ff514d86c81dde65e83,tres_2_b:kplr011446443-2009259160929_llc.fits,-0.12177225504098144,1.0000667572021484,4.1935265471693128e-05,PDCSAP_FLUX,406585.5625,17.049135208129883,406558.40625,out_of_transit_median,segment_normalized,tres_2_b-e8e81778b059cb9a,1.0000667572021484,4.1935265471693128e-05
TrES-2 b,TrES-2,tres_2_b,MAST,data/raw/mast/lightkurve/tres_2_b/kepler/mastDownload/Kepler/kplr011446443_lc_Q111111110111011101/kplr011446443-2009259160929_llc.fits,6d41c0b2a8784c922789c5ceb53258b795d7b220c6026ff514d86c81dde65e83,kplr011446443-2009259160929_llc.fits,Kepler,kplr011446443-2009259160929_llc.fits,LIGHTCURVE,1,199.23064169761346,d,TIMESYS=TDB;BJDREFI=2454833;BJDREFF=0.0,long,1765.4628859418881,FITS_TIMEDEL,402973.875,16.803300857543945,406541.6875,17.062496185302734,0,4419,617.59651501090354,847.78035788781847,0.012268600054085255,-0.075248762965202332,2,,,,,KIC 11446443,Kepler,Kepler Photometer,822892 FluxExporter2PipelineModule,True,False,True,True,1454,6d41c0b2a8784c922789c5ceb53258b795d7b220c6026ff514d86c81dde65e83,tres_2_b:kplr011446443-2009259160929_llc.fits,-0.12167798941603158,0.99995887279510498,4.1968130972236395e-05,PDCSAP_FLUX,406541.6875,17.062496185302734,406558.40625,out_of_transit_median,segment_normalized,tres_2_b-e8e81778b059cb9a,0.99995887279510498,4.1968130972236395e-05
TrES-2 b,TrES-2,tres_2_b,MAST,data/raw/mast/lightkurve/tres_2_b/kepler/mastDownload/Kepler/kplr011446443_lc_Q111111110111011101/kplr011446443-2009166043257_llc.fits,10bfca91bdd928deda2e638de7a27cdc940b879452408a96b5be6146944639e9,kplr011446443-2009166043257_llc.fits,Kepler,kplr011446443-2009166043257_llc.fits,LIGHTCURVE,1,147.34881240515824,d,TIMESYS=TDB;BJDREFI=2454833;BJDREFF=0.0,long,1765.4628859418881,FITS_TIMEDEL,399681.5,16.650083541870117,403680.46875,17.029062271118164,0,1880,621.20245125628583,848.9479810713101,-0.00052348553435876966,-0.00095427990891039371,1,,,,,KIC 11446443,Kepler,Kepler Photometer,795945 FluxExporter2PipelineModule,True,False,True,True,775,10bfca91bdd928deda2e638de7a27cdc940b879452408a96b5be6146944639e9,tres_2_b:kplr011446443-2009166043257_llc.fits,-0.1206263648712611,0.99995613098144531,4.2182658944511786e-05,PDCSAP_FLUX,403680.46875,17.029062271118164,403698.1875,out_of_transit_median,segment_normalized,tres_2_b-e8e81778b059cb9a,0.99995613098144531,4.2182658944511786e-05
TrES-2 b,TrES-2,tres_2_b,MAST,data/raw/mast/lightkurve/tres_2_b/kepler/mastDownload/Kepler/kplr011446443_lc_Q111111110111011101/kplr011446443-2009259160929_llc.fits,6d41c0b2a8784c922789c5ceb53258b795d7b220c6026ff514d86c81dde65e83,kplr011446443-2009259160929_llc.fits,Kepler,kplr011446443-2009259160929_llc.fits,LIGHTCURVE,1,174.52612345807574,d,TIMESYS=TDB;BJDREFI=2454833;BJDREFF=0.0,long,1765.4628859418881,FITS_TIMEDEL,403657.0625,16.818517684936523,406551.9375,17.071861267089844,0,3210,617.57992647724484,847.72491874512605,-0.0030689749401062727,-0.1227925568819046,2,,,,,KIC 11446443,Kepler,Kepler Photometer,822892 FluxExporter2PipelineModule,True,False,True,True,245,6d41c0b2a8784c922789c5ceb53258b795d7b220c6026ff514d86c81dde65e83,tres_2_b:kplr011446443-2009259160929_llc.fits,-0.12006245895375289,0.99998408555984497,4.19911666540429e-05,PDCSAP_FLUX,406551.9375,17.071861267089844,406558.40625,out_of_transit_median,segment_normalized,tres_2_b-e8e81778b059cb9a,0.99998408555984497,4.19911666540429e-05
TrES-2 b,TrES-2,tres_2_b,MAST,data/raw/mast/lightkurve/tres_2_b/kepler/mastDownload/Kepler/kplr011446443_lc_Q111111110111011101/kplr011446443-2009259160929_llc.fits,6d41c0b2a8784c922789c5ceb53258b795d7b220c6026ff514d86c81dde65e83,kplr011446443-2009259160929_llc.fits,Kepler,kplr011446443-2009259160929_llc.fits,LIGHTCURVE,1,201.70312016116077,d,TIMESYS=TDB;BJDREFI=2454833;BJDREFF=0.0,long,1765.4628859418881,FITS_TIMEDEL,403181.625,16.802825927734375,406571.6875,17.063093185424805,0,4540,617.57615159904969,847.83263939842686,-0.006921643391251564,-0.024722272530198097,2,,,,,KIC 11446443,Kepler,Kepler Photometer,822892 FluxExporter2PipelineModule,True,False,True,True,1575,6d41c0b2a8784c922789c5ceb53258b795d7b220c6026ff514d86c81dde65e83,tres_2_b:kplr011446443-2009259160929_llc.fits,-0.11981290286872714,1.0000326633453369,4.1969597077695653e-05,PDCSAP_FLUX,406571.6875,17.063093185424805,406558.40625,out_of_transit_median,segment_normalized,tres_2_b-e8e81778b059cb9a,1.0000326633453369,4.1969597077695653e-05
TrES-2 b,TrES-2,tres_2_b,MAST,data/raw/mast/lightkurve/tres_2_b/kepler/mastDownload/Kepler/kplr011446443_lc_Q111111110111011101/kplr011446443-2009131105131_llc.fits,e1699c5dd0089c35d908b711b302f72ba974edc68e030dae3e9a65d5065f7d0c,kplr011446443-2009131105131_llc.fits,Kepler,kplr011446443-2009131105131_llc.fits,LIGHTCURVE,1,122.64384746710857,d,TIMESYS=TDB;BJDREFI=2454833;BJDREFF=0.0,long,1765.4628859418881,FITS_TIMEDEL,401338.1875,16.693447113037109,406159.0625,16.99439811706543,0,671,621.21982998846534,848.89453525657723,0.0014210848603397608,-0.0031742295250296593,0,,,,,KIC 11446443,Kepler,Kepler Photometer,793548 FluxExporter2PipelineModule,True,False,True,True,103,e1699c5dd0089c35d908b711b302f72ba974edc68e030dae3e9a65d5065f7d0c,tres_2_b:kplr011446443-2009131105131_llc.fits,-0.11945753292093286,0.99997109174728394,4.1840521589620039e-05,PDCSAP_FLUX,406159.0625,16.99439811706543,406170.8125,out_of_transit_median,segment_normalized,tres_2_b-e8e81778b059cb9a,0.99997109174728394,4.1840521589620039e-05
TrES-2 b,TrES-2,tres_2_b,MAST,data/raw/mast/lightkurve/tres_2_b/kepler/mastDownload/Kepler/kplr011446443_lc_Q111111110111011101/kplr011446443-2009166043257_llc.fits,10bfca91bdd928deda2e638de7a27cdc940b879452408a96b5be6146944639e9,kplr011446443-2009166043257_llc.fits,Kepler,kplr011446443-2009166043257_llc.fits,LIGHTCURVE,1,149.82134505095746,d,TIMESYS=TDB;BJDREFI=2454833;BJDREFF=0.0,long,1765.4628859418881,FITS_TIMEDEL,399524,16.647298812866211,403682.8125,17.016426086425781,0,2001,621.20231021948473,848.95339572708303,0.00021893816301599145,0.0019513615407049656,1,,,,,KIC 11446443,Kepler,Kepler Photometer,795945 FluxExporter2PipelineModule,True,False,True,True,896,10bfca91bdd928deda2e638de7a27cdc940b879452408a96b5be6146944639e9,tres_2_b:kplr011446443-2009166043257_llc.fits,-0.11870709607204133,0.99996191263198853,4.2151357774855569e-05,PDCSAP_FLUX,403682.8125,17.016426086425781,403698.1875,out_of_transit_median,segment_normalized,tres_2_b-e8e81778b059cb9a,0.99996191263198853,4.2151357774855569e-05
TrES-2 b,TrES-2,tres_2_b,MAST,data/raw/mast/lightkurve/tres_2_b/kepler/mastDownload/Kepler/kplr011446443_lc_Q111111110111011101/kplr011446443-2009259160929_llc.fits,6d41c0b2a8784c922789c5ceb53258b795d7b220c6026ff514d86c81dde65e83,kplr011446443-2009259160929_llc.fits,Kepler,kplr011446443-2009259160929_llc.fits,LIGHTCURVE,1,176.99863168739103,d,TIMESYS=TDB;BJDREFI=2454833;BJDREFF=0.0,long,1765.4628859418881,FITS_TIMEDEL,403488.0625,16.81779670715332,406566.875,17.073806762695312,0,3331,617.58241987905853,847.72994582185072,-0.00059120816877111793,-0.11918961256742477,2,,,,,KIC 11446443,Kepler,Kepler Photometer,822892 FluxExporter2PipelineModule,True,False,True,True,366,6d41c0b2a8784c922789c5ceb53258b795d7b220c6026ff514d86c81dde65e83,tres_2_b:kplr011446443-2009259160929_llc.fits,-0.11816760663847181,1.0000208616256714,4.1995950596174225e-05,PDCSAP_FLUX,406566.875,17.073806762695312,406558.40625,out_of_transit_median,segment_normalized,tres_2_b-e8e81778b059cb9a,1.0000208616256714,4.1995950596174225e-05
TrES-2 b,TrES-2,tres_2_b,MAST,data/raw/mast/lightkurve/tres_2_b/kepler/mastDownload/Kepler/kplr011446443_lc_Q111111110111011101/kplr011446443-2009259160929_llc.fits,6d41c0b2a8784c922789c5ceb53258b795d7b220c6026ff514d86c81dde65e83,kplr011446443-2009259160929_llc.fits,Kepler,kplr011446443-2009259160929_llc.fits,LIGHTCURVE,1,204.17559554354375,d,TIMESYS=TDB;BJDREFI=2454833;BJDREFF=0.0,long,1765.4628859418881,FITS_TIMEDEL,403181.65625,16.802072525024414,406579.71875,17.061103820800781,0,4661,617.57839675524599,847.83768294299864,-0.004906774964183569,-0.019799347966909409,2,,,,,KIC 11446443,Kepler,Kepler Photometer,822892 FluxExporter2PipelineModule,True,False,True,True,1696,6d41c0b2a8784c922789c5ceb53258b795d7b220c6026ff514d86c81dde65e83,tres_2_b:kplr011446443-2009259160929_llc.fits,-0.1179508974857455,1.0000524520874023,4.1964703996200114e-05,PDCSAP_FLUX,406579.71875,17.061103820800781,406558.40625,out_of_transit_median,segment_normalized,tres_2_b-e8e81778b059cb9a,1.0000524520874023,4.1964703996200114e-05
TrES-2 b,TrES-2,tres_2_b,MAST,data/raw/mast/lightkurve/tres_2_b/kepler/mastDownload/Kepler/kplr011446443_lc_Q111111110111011101/kplr011446443-2009131105131_llc.fits,e1699c5dd0089c35d908b711b302f72ba974edc68e030dae3e9a65d5065f7d0c,kplr011446443-2009131105131_llc.fits,Kepler,kplr011446443-2009131105131_llc.fits,LIGHTCURVE,1,125.1163916467558,d,TIMESYS=TDB;BJDREFI=2454833;BJDREFF=0.0,long,1765.4628859418881,FITS_TIMEDEL,401243.65625,16.695266723632812,406124.4375,16.991783142089844,0,792,621.21804395039226,848.89952075573888,0.00014437321806326509,-0.00010992025636369362,0,,,,,KIC 11446443,Kepler,Kepler Photometer,793548 FluxExporter2PipelineModule,True,False,True,True,224,e1699c5dd0089c35d908b711b302f72ba974edc68e030dae3e9a65d5065f7d0c,tres_2_b:kplr011446443-2009131105131_llc.fits,-0.11752673027370331,0.99988579750061035,4.1834082367131487e-05,PDCSAP_FLUX,406124.4375,16.991783142089844,406170.8125,out_of_transit_median,segment_normalized,tres_2_b-e8e81778b059cb9a,0.99988579750061035,4.1834082367131487e-05
TrES-2 b,TrES-2,tres_2_b,MAST,data/raw/mast/lightkurve/tres_2_b/kepler/mastDownload/Kepler/kplr011446443_lc_Q111111110111011101/kplr011446443-2009259160929_llc.fits,6d41c0b2a8784c922789c5ceb53258b795d7b220c6026ff514d86c81dde65e83,kplr011446443-2009259160929_llc.fits,Kepler,kplr011446443-2009259160929_llc.fits,LIGHTCURVE,1,233.82461446269735,d,TIMESYS=TDB;BJDREFI=2454833;BJDREFF=0.0,long,1765.4628859418881,FITS_TIMEDEL,403163.46875,16.796230316162109,406601.25,17.041570663452148,0,6112,617.57680104537724,847.91129556105022,-0.0068701538257300854,0.053867693990468979,2,,,,,KIC 11446443,Kepler,Kepler Photometer,822892 FluxExporter2PipelineModule,True,False,True,True,3147,6d41c0b2a8784c922789c5ceb53258b795d7b220c6026ff514d86c81dde65e83,tres_2_b:kplr011446443-2009259160929_llc.fits,-0.11629250233213884,1.0001053810119629,4.1916660848073661e-05,PDCSAP_FLUX,406601.25,17.041570663452148,406558.40625,out_of_transit_median,segment_normalized,tres_2_b-e8e81778b059cb9a,1.0001053810119629,4.1916660848073661e-05
TrES-2 b,TrES-2,tres_2_b,MAST,data/raw/mast/lightkurve/tres_2_b/kepler/mastDownload/Kepler/kplr011446443_lc_Q111111110111011101/kplr011446443-2009259160929_llc.fits,6d41c0b2a8784c922789c5ceb53258b795d7b220c6026ff514d86c81dde65e83,kplr011446443-2009259160929_llc.fits,Kepler,kplr011446443-2009259160929_llc.fits,LIGHTCURVE,1,179.4711371023659,d,TIMESYS=TDB;BJDREFI=2454833;BJDREFF=0.0,long,1765.4628859418881,FITS_TIMEDEL,403319.75,16.813005447387695,406551.6875,17.066215515136719,0,3452,617.58413997966454,847.73465185694192,0.00096675916574895382,-0.11569347232580185,2,,,,,KIC 11446443,Kepler,Kepler Photometer,822892 FluxExporter2PipelineModule,True,False,True,True,487,6d41c0b2a8784c922789c5ceb53258b795d7b220c6026ff514d86c81dde65e83,tres_2_b:kplr011446443-2009259160929_llc.fits,-0.1162755686635959,0.99998348951339722,4.1977280488936231e-05,PDCSAP_FLUX,406551.6875,17.066215515136719,406558.40625,out_of_transit_median,segment_normalized,tres_2_b-e8e81778b059cb9a,0.99998348951339722,4.1977280488936231e-05
TrES-2 b,TrES-2,tres_2_b,MAST,data/raw/mast/lightkurve/tres_2_b/kepler/mastDownload/Kepler/kplr011446443_lc_Q111111110111011101/kplr011446443-2009131105131_llc.fits,e1699c5dd0089c35d908b711b302f72ba974edc68e030dae3e9a65d5065f7d0c,kplr011446443-2009131105131_llc.fits,Kepler,kplr011446443-2009131105131_llc.fits,LIGHTCURVE,1,127.58893522511789,d,TIMESYS=TDB;BJDREFI=2454833;BJDREFF=0.0,long,1765.4628859418881,FITS_TIMEDEL,401136.78125,16.693475723266602,406175.4375,16.976747512817383,0,913,621.21495812752437,848.90329636830154,-0.0021318576764315367,0.0017364691011607647,0,,,,,KIC 11446443,Kepler,Kepler Photometer,793548 FluxExporter2PipelineModule,True,False,True,True,345,e1699c5dd0089c35d908b711b302f72ba974edc68e030dae3e9a65d5065f7d0c,tres_2_b:kplr011446443-2009131105131_llc.fits,-0.11559652891161076,1.0000114440917969,4.1797065932769328e-05,PDCSAP_FLUX,406175.4375,16.976747512817383,406170.8125,out_of_transit_median,segment_normalized,tres_2_b-e8e81778b059cb9a,1.0000114440917969,4.1797065932769328e-05
TrES-2 b,TrES-2,tres_2_b,MAST,data/raw/mast/lightkurve/tres_2_b/kepler/mastDownload/Kepler/kplr011446443_lc_Q111111110111011101/kplr011446443-2009166043257_llc.fits,10bfca91bdd928deda2e638de7a27cdc940b879452408a96b5be6146944639e9,kplr011446443-2009166043257_llc.fits,Kepler,kplr011446443-2009166043257_llc.fits,LIGHTCURVE,1,154.76640504355601,d,TIMESYS=TDB;BJDREFI=2454833;BJDREFF=0.0,long,1765.4628859418881,FITS_TIMEDEL,399203.96875,16.646636962890625,403708.125,17.022361755371094,0,2243,621.2009287090076,848.96812174187949,0.0011193528771400452,0.011458246968686581,1,,,,,KIC 11446443,Kepler,Kepler Photometer,795945 FluxExporter2PipelineModule,True,False,True,True,1138,10bfca91bdd928deda2e638de7a27cdc940b879452408a96b5be6146944639e9,tres_2_b:kplr011446443-2009166043257_llc.fits,-0.1148738574734931,1.0000245571136475,4.2166058847215027e-05,PDCSAP_FLUX,403708.125,17.022361755371094,403698.1875,out_of_transit_median,segment_normalized,tres_2_b-e8e81778b059cb9a,1.0000245571136475,4.2166058847215027e-05
TrES-2 b,TrES-2,tres_2_b,MAST,data/raw/mast/lightkurve/tres_2_b/kepler/mastDownload/Kepler/kplr011446443_lc_Q111111110111011101/kplr011446443-2009259160929_llc.fits,6d41c0b2a8784c922789c5ceb53258b795d7b220c6026ff514d86c81dde65e83,kplr011446443-2009259160929_llc.fits,Kepler,kplr011446443-2009259160929_llc.fits,LIGHTCURVE,1,236.29704797258455,d,TIMESYS=TDB;BJDREFI=2454833;BJDREFF=0.0,long,1765.4628859418881,FITS_TIMEDEL,403026.4375,16.794666290283203,406555.78125,17.049915313720703,0,6233,617.58208644898264,847.91397337715512,-0.0017469729064032435,0.056331098079681396,2,,,,,KIC 11446443,Kepler,Kepler Photometer,822892 FluxExporter2PipelineModule,True,False,True,True,3268,6d41c0b2a8784c922789c5ceb53258b795d7b220c6026ff514d86c81dde65e83,tres_2_b:kplr011446443-2009259160929_llc.fits,-0.11447236944494255,0.99999356269836426,4.1937186324503273e-05,PDCSAP_FLUX,406555.78125,17.049915313720703,406558.40625,out_of_transit_median,segment_normalized,tres_2_b-e8e81778b059cb9a,0.99999356269836426,4.1937186324503273e-05
TrES-2 b,TrES-2,tres_2_b,MAST,data/raw/mast/lightkurve/tres_2_b/kepler/mastDownload/Kepler/kplr011446443_lc_Q111111110111011101/kplr011446443-2009131105131_llc.fits,e1699c5dd0089c35d908b711b302f72ba974edc68e030dae3e9a65d5065f7d0c,kplr011446443-2009131105131_llc.fits,Kepler,kplr011446443-2009131105131_llc.fits,LIGHTCURVE,1,130.06147797576705,d,TIMESYS=TDB;BJDREFI=2454833;BJDREFF=0.0,long,1765.4628859418881,FITS_TIMEDEL,401066.59375,16.689666748046875,406416.34375,16.742805480957031,0,1034,621.21378229387005,848.90731037960245,-0.0029311925172805786,0.0039242813363671303,0,,,,,KIC 11446443,Kepler,Kepler Photometer,793548 FluxExporter2PipelineModule,True,False,True,True,466,e1699c5dd0089c35d908b711b302f72ba974edc68e030dae3e9a65d5065f7d0c,tres_2_b:kplr011446443-2009131105131_llc.fits,-0.11366715526245641,1.000604510307312,4.1221093852072954e-05,PDCSAP_FLUX,406416.34375,16.742805480957031,406170.8125,out_of_transit_median,segment_normalized,tres_2_b-e8e81778b059cb9a,1.000604510307312,4.1221093852072954e-05
TrES-2 b,TrES-2,tres_2_b,MAST,data/raw/mast/lightkurve/tres_2_b/kepler/mastDownload/Kepler/kplr011446443_lc_Q111111110111011101/kplr011446443-2009166043257_llc.fits,10bfca91bdd928deda2e638de7a27cdc940b879452408a96b5be6146944639e9,kplr011446443-2009166043257_llc.fits,Kepler,kplr011446443-2009166043257_llc.fits,LIGHTCURVE,1,157.23893208826485,d,TIMESYS=TDB;BJDREFI=2454833;BJDREFF=0.0,long,1765.4628859418881,FITS_TIMEDEL,399041.90625,16.640426635742188,403691.03125,17.019052505493164,0,2364,621.19913049454533,848.97538700872212,0.00022701550915371627,0.016248973086476326,1,,,,,KIC 11446443,Kepler,Kepler Photometer,795945 FluxExporter2PipelineModule,True,False,True,True,1259,10bfca91bdd928deda2e638de7a27cdc940b879452408a96b5be6146944639e9,tres_2_b:kplr011446443-2009166043257_llc.fits,-0.11296018976465239,0.99998229742050171,4.2157862480962649e-05,PDCSAP_FLUX,403691.03125,17.019052505493164,403698.1875,out_of_transit_median,segment_normalized,tres_2_b-e8e81778b059cb9a,0.99998229742050171,4.2157862480962649e-05
TrES-2 b,TrES-2,tres_2_b,MAST,data/raw/mast/lightkurve/tres_2_b/kepler/mastDownload/Kepler/kplr011446443_lc_Q111111110111011101/kplr011446443-2009259160929_llc.fits,6d41c0b2a8784c922789c5ceb53258b795d7b220c6026ff514d86c81dde65e83,kplr011446443-2009259160929_llc.fits,Kepler,kplr011446443-2009259160929_llc.fits,LIGHTCURVE,1,238.76947862168163,d,TIMESYS=TDB;BJDREFI=2454833;BJDREFF=0.0,long,1765.4628859418881,FITS_TIMEDEL,402983.28125,16.79388427734375,406512.9375,17.050832748413086,0,6354,617.58474838120219,847.91854458524188,0.00075492076575756073,0.061112653464078903,2,,,,,KIC 11446443,Kepler,Kepler Photometer,822892 FluxExporter2PipelineModule,True,False,True,True,3389,6d41c0b2a8784c922789c5ceb53258b795d7b220c6026ff514d86c81dde65e83,tres_2_b:kplr011446443-2009259160929_llc.fits,-0.11265509734786483,0.99988818168640137,4.193944187136367e-05,PDCSAP_FLUX,406512.9375,17.050832748413086,406558.40625,out_of_transit_median,segment_normalized,tres_2_b-e8e81778b059cb9a,0.99988818168640137,4.193944187136367e-05
TrES-2 b,TrES-2,tres_2_b,MAST,data/raw/mast/lightkurve/tres_2_b/kepler/mastDownload/Kepler/kplr011446443_lc_Q111111110111011101/kplr011446443-2009259160929_llc.fits,6d41c0b2a8784c922789c5ceb53258b795d7b220c6026ff514d86c81dde65e83,kplr011446443-2009259160929_llc.fits,Kepler,kplr011446443-2009259160929_llc.fits,LIGHTCURVE,1,211.5930023978799,d,TIMESYS=TDB;BJDREFI=2454833;BJDREFF=0.0,long,1765.4628859418881,FITS_TIMEDEL,403257.03125,16.803234100341797,406570.40625,17.063488006591797,0,5024,617.58265184476932,847.85254515770976,-0.0011750309495255351,-0.0050725513137876987,2,,,,,KIC 11446443,Kepler,Kepler Photometer,822892 FluxExporter2PipelineModule,True,False,True,True,2059,6d41c0b2a8784c922789c5ceb53258b795d7b220c6026ff514d86c81dde65e83,tres_2_b:kplr011446443-2009259160929_llc.fits,-0.11238417414959501,1.0000295639038086,4.1970568418037146e-05,PDCSAP_FLUX,406570.40625,17.063488006591797,406558.40625,out_of_transit_median,segment_normalized,tres_2_b-e8e81778b059cb9a,1.0000295639038086,4.1970568418037146e-05
TrES-2 b,TrES-2,tres_2_b,MAST,data/raw/mast/lightkurve/tres_2_b/kepler/mastDownload/Kepler/kplr011446443_lc_Q111111110111011101/kplr011446443-2009166043257_llc.fits,10bfca91bdd928deda2e638de7a27cdc940b879452408a96b5be6146944639e9,kplr011446443-2009166043257_llc.fits,Kepler,kplr011446443-2009166043257_llc.fits,LIGHTCURVE,1,132.53401957425376,d,TIMESYS=TDB;BJDREFI=2454833;BJDREFF=0.0,long,1765.4628859418881,FITS_TIMEDEL,400388.1875,16.666027069091797,403690.375,17.024412155151367,0,1155,621.21166572309028,848.91362227870366,0.0042717680335044861,-0.022412426769733429,1,,,,,KIC 11446443,Kepler,Kepler Photometer,795945 FluxExporter2PipelineModule,True,False,True,True,50,10bfca91bdd928deda2e638de7a27cdc940b879452408a96b5be6146944639e9,tres_2_b:kplr011446443-2009166043257_llc.fits,-0.11173893377574218,0.999980628490448,4.2171137465629727e-05,PDCSAP_FLUX,403690.375,17.024412155151367,403698.1875,out_of_transit_median,segment_normalized,tres_2_b-e8e81778b059cb9a,0.999980628490448,4.2171137465629727e-05
TrES-2 b,TrES-2,tres_2_b,MAST,data/raw/mast/lightkurve/tres_2_b/kepler/mastDownload/Kepler/kplr011446443_lc_Q111111110111011101/kplr011446443-2009166043257_llc.fits,10bfca91bdd928deda2e638de7a27cdc940b879452408a96b5be6146944639e9,kplr011446443-2009166043257_llc.fits,Kepler,kplr011446443-2009166043257_llc.fits,LIGHTCURVE,1,159.71145706916286,d,TIMESYS=TDB;BJDREFI=2454833;BJDREFF=0.0,long,1765.4628859418881,FITS_TIMEDEL,398910.90625,16.638351440429688,403713.78125,17.010746002197266,0,2485,621.19774910188403,848.98349615635505,0.00014636796549893916,0.021932696923613548,1,,,,,KIC 11446443,Kepler,Kepler Photometer,795945 FluxExporter2PipelineModule,True,False,True,True,1380,10bfca91bdd928deda2e638de7a27cdc940b879452408a96b5be6146944639e9,tres_2_b:kplr011446443-2009166043257_llc.fits,-0.11104858586663702,1.0000386238098145,4.2137286072829738e-05,PDCSAP_FLUX,403713.78125,17.010746002197266,403698.1875,out_of_transit_median,segment_normalized,tres_2_b-e8e81778b059cb9a,1.0000386238098145,4.2137286072829738e-05
TrES-2 b,TrES-2,tres_2_b,MAST,data/raw/mast/lightkurve/tres_2_b/kepler/mastDownload/Kepler/kplr011446443_lc_Q111111110111011101/kplr011446443-2009259160929_llc.fits,6d41c0b2a8784c922789c5ceb53258b795d7b220c6026ff514d86c81dde65e83,kplr011446443-2009259160929_llc.fits,Kepler,kplr011446443-2009259160929_llc.fits,LIGHTCURVE,1,241.24190625608753,d,TIMESYS=TDB;BJDREFI=2454833;BJDREFF=0.0,long,1765.4628859418881,FITS_TIMEDEL,402929.09375,16.794147491455078,406477.59375,17.047334671020508,0,6475,617.58721136089889,847.92185233149667,0.0030703903175890446,0.064586438238620758,2,,,,,KIC 11446443,Kepler,Kepler Photometer,822892 FluxExporter2PipelineModule,True,False,True,True,3510,6d41c0b2a8784c922789c5ceb53258b795d7b220c6026ff514d86c81dde65e83,tres_2_b:kplr011446443-2009259160929_llc.fits,-0.11084083994196114,0.99980121850967407,4.1930838051484898e-05,PDCSAP_FLUX,406477.59375,17.047334671020508,406558.40625,out_of_transit_median,segment_normalized,tres_2_b-e8e81778b059cb9a,0.99980121850967407,4.1930838051484898e-05
TrES-2 b,TrES-2,tres_2_b,MAST,data/raw/mast/lightkurve/tres_2_b/kepler/mastDownload/Kepler/kplr011446443_lc_Q111111110111011101/kplr011446443-2009259160929_llc.fits,6d41c0b2a8784c922789c5ceb53258b795d7b220c6026ff514d86c81dde65e83,kplr011446443-2009259160929_llc.fits,Kepler,kplr011446443-2009259160929_llc.fits,LIGHTCURVE,1,214.06546427352441,d,TIMESYS=TDB;BJDREFI=2454833;BJDREFF=0.0,long,1765.4628859418881,FITS_TIMEDEL,403269.1875,16.801872253417969,406549.65625,17.062938690185547,0,5145,617.58350644101222,847.85846245153198,-0.00044147661537863314,0.0009277852950617671,2,,,,,KIC 11446443,Kepler,Kepler Photometer,822892 FluxExporter2PipelineModule,True,False,True,True,2180,6d41c0b2a8784c922789c5ceb53258b795d7b220c6026ff514d86c81dde65e83,tres_2_b:kplr011446443-2009259160929_llc.fits,-0.11053567550508236,0.99997848272323608,4.1969218727899715e-05,PDCSAP_FLUX,406549.65625,17.062938690185547,406558.40625,out_of_transit_median,segment_normalized,tres_2_b-e8e81778b059cb9a,0.99997848272323608,4.1969218727899715e-05
TrES-2 b,TrES-2,tres_2_b,MAST,data/raw/mast/lightkurve/tres_2_b/kepler/mastDownload/Kepler/kplr011446443_lc_Q111111110111011101/kplr011446443-2009166043257_llc.fits,10bfca91bdd928deda2e638de7a27cdc940b879452408a96b5be6146944639e9,kplr011446443-2009166043257_llc.fits,Kepler,kplr011446443-2009166043257_llc.fits,LIGHTCURVE,1,135.00656069834804,d,TIMESYS=TDB;BJDREFI=2454833;BJDREFF=0.0,long,1765.4628859418881,FITS_TIMEDEL,400324.0625,16.663810729980469,403715.40625,17.047592163085938,0,1276,621.20900485961874,848.91855277659386,0.0021620690822601318,-0.019431712105870247,1,,,,,KIC 11446443,Kepler,Kepler Photometer,795945 FluxExporter2PipelineModule,True,False,True,True,171,10bfca91bdd928deda2e638de7a27cdc940b879452408a96b5be6146944639e9,tres_2_b:kplr011446443-2009166043257_llc.fits,-0.10981118668146439,1.0000426769256592,4.2228559323120862e-05,PDCSAP_FLUX,403715.40625,17.047592163085938,403698.1875,out_of_transit_median,segment_normalized,tres_2_b-e8e81778b059cb9a,1.0000426769256592,4.2228559323120862e-05
TrES-2 b,TrES-2,tres_2_b,MAST,data/raw/mast/lightkurve/tres_2_b/kepler/mastDownload/Kepler/kplr011446443_lc_Q111111110111011101/kplr011446443-2009259160929_llc.fits,6d41c0b2a8784c922789c5ceb53258b795d7b220c6026ff514d86c81dde65e83,kplr011446443-2009259160929_llc.fits,Kepler,kplr011446443-2009259160929_llc.fits,LIGHTCURVE,1,243.71433092772349,d,TIMESYS=TDB;BJDREFI=2454833;BJDREFF=0.0,long,1765.4628859418881,FITS_TIMEDEL,402918.5625,16.793483734130859,406498.9375,17.042657852172852,0,6596,617.59152465219529,847.92491375865234,0.0070409206673502922,0.067605063319206238,2,,,,,KIC 11446443,Kepler,Kepler Photometer,822892 FluxExporter2PipelineModule,True,False,True,True,3631,6d41c0b2a8784c922789c5ceb53258b795d7b220c6026ff514d86c81dde65e83,tres_2_b:kplr011446443-2009259160929_llc.fits,-0.10902954530599795,0.99985373020172119,4.1919334762496874e-05,PDCSAP_FLUX,406498.9375,17.042657852172852,406558.40625,out_of_transit_median,segment_normalized,tres_2_b-e8e81778b059cb9a,0.99985373020172119,4.1919334762496874e-05
TrES-2 b,TrES-2,tres_2_b,MAST,data/raw/mast/lightkurve/tres_2_b/kepler/mastDownload/Kepler/kplr011446443_lc_Q111111110111011101/kplr011446443-2009259160929_llc.fits,6d41c0b2a8784c922789c5ceb53258b795d7b220c6026ff514d86c81dde65e83,kplr011446443-2009259160929_llc.fits,Kepler,kplr011446443-2009259160929_llc.fits,LIGHTCURVE,1,189.36113007275708,d,TIMESYS=TDB;BJDREFI=2454833;BJDREFF=0.0,long,1765.4628859418881,FITS_TIMEDEL,403046.75,16.809036254882812,406527.09375,17.064165115356445,0,3936,617.59066222770969,847.75928690342005,0.0070111951790750027,-0.094382636249065399,2,,,,,KIC 11446443,Kepler,Kepler Photometer,822892 FluxExporter2PipelineModule,True,False,True,True,971,6d41c0b2a8784c922789c5ceb53258b795d7b220c6026ff514d86c81dde65e83,tres_2_b:kplr011446443-2009259160929_llc.fits,-0.10873610627241859,0.9999229907989502,4.1972234612330794e-05,PDCSAP_FLUX,406527.09375,17.064165115356445,406558.40625,out_of_transit_median,segment_normalized,tres_2_b-e8e81778b059cb9a,0.9999229907989502,4.1972234612330794e-05
TrES-2 b,TrES-2,tres_2_b,MAST,data/raw/mast/lightkurve/tres_2_b/kepler/mastDownload/Kepler/kplr011446443_lc_Q111111110111011101/kplr011446443-2009259160929_llc.fits,6d41c0b2a8784c922789c5ceb53258b795d7b220c6026ff514d86c81dde65e83,kplr011446443-2009259160929_llc.fits,Kepler,kplr011446443-2009259160929_llc.fits,LIGHTCURVE,1,216.53792350002186,d,TIMESYS=TDB;BJDREFI=2454833;BJDREFF=0.0,long,1765.4628859418881,FITS_TIMEDEL,403308.625,16.803550720214844,406583.6875,17.060916900634766,0,5266,617.58400015057771,847.86409983580074,-8.378028724109754e-05,0.006561674177646637,2,,,,,KIC 11446443,Kepler,Kepler Photometer,822892 FluxExporter2PipelineModule,True,False,True,True,2301,6d41c0b2a8784c922789c5ceb53258b795d7b220c6026ff514d86c81dde65e83,tres_2_b:kplr011446443-2009259160929_llc.fits,-0.10868982600763322,1.0000622272491455,4.1964245610870421e-05,PDCSAP_FLUX,406583.6875,17.060916900634766,406558.40625,out_of_transit_median,segment_normalized,tres_2_b-e8e81778b059cb9a,1.0000622272491455,4.1964245610870421e-05
TrES-2 b,TrES-2,tres_2_b,MAST,data/raw/mast/lightkurve/tres_2_b/kepler/mastDownload/Kepler/kplr011446443_lc_Q111111110111011101/kplr011446443-2009166043257_llc.fits,10bfca91bdd928deda2e638de7a27cdc940b879452408a96b5be6146944639e9,kplr011446443-2009166043257_llc.fits,Kepler,kplr011446443-2009166043257_llc.fits,LIGHTCURVE,1,137.47910052767111,d,TIMESYS=TDB;BJDREFI=2454833;BJDREFF=0.0,long,1765.4628859418881,FITS_TIMEDEL,400178.9375,16.660036087036133,403665.125,17.034578323364258,0,1397,621.20696460556815,848.92338598497236,0.00057806947734206915,-0.016173595562577248,1,,,,,KIC 11446443,Kepler,Kepler Photometer,795945 FluxExporter2PipelineModule,True,False,True,True,292,10bfca91bdd928deda2e638de7a27cdc940b879452408a96b5be6146944639e9,tres_2_b:kplr011446443-2009166043257_llc.fits,-0.10788473435839596,0.99991810321807861,4.2196319554932415e-05,PDCSAP_FLUX,403665.125,17.034578323364258,403698.1875,out_of_transit_median,segment_normalized,tres_2_b-e8e81778b059cb9a,0.99991810321807861,4.2196319554932415e-05
TrES-2 b,TrES-2,tres_2_b,MAST,data/raw/mast/lightkurve/tres_2_b/kepler/mastDownload/Kepler/kplr011446443_lc_Q111111110111011101/kplr011446443-2009166043257_llc.fits,10bfca91bdd928deda2e638de7a27cdc940b879452408a96b5be6146944639e9,kplr011446443-2009166043257_llc.fits,Kepler,kplr011446443-2009166043257_llc.fits,LIGHTCURVE,1,164.6564999688635,d,TIMESYS=TDB;BJDREFI=2454833;BJDREFF=0.0,long,1765.4628859418881,FITS_TIMEDEL,398602.90625,16.635208129882812,403711.625,16.981189727783203,0,2727,621.19579156078146,849.00002074159534,0.00025157991331070662,0.033729642629623413,1,,,,,KIC 11446443,Kepler,Kepler Photometer,795945 FluxExporter2PipelineModule,True,False,True,True,1622,10bfca91bdd928deda2e638de7a27cdc940b879452408a96b5be6146944639e9,tres_2_b:kplr011446443-2009166043257_llc.fits,-0.10723244016599831,1.0000332593917847,4.2064071749337018e-05,PDCSAP_FLUX,403711.625,16.981189727783203,403698.1875,out_of_transit_median,segment_normalized,tres_2_b-e8e81778b059cb9a,1.0000332593917847,4.2064071749337018e-05
TrES-2 b,TrES-2,tres_2_b,MAST,data/raw/mast/lightkurve/tres_2_b/kepler/mastDownload/Kepler/kplr011446443_lc_Q111111110111011101/kplr011446443-2009259160929_llc.fits,6d41c0b2a8784c922789c5ceb53258b795d7b220c6026ff514d86c81dde65e83,kplr011446443-2009259160929_llc.fits,Kepler,kplr011446443-2009259160929_llc.fits,LIGHTCURVE,1,219.01037947899749,d,TIMESYS=TDB;BJDREFI=2454833;BJDREFF=0.0,long,1765.4628859418881,FITS_TIMEDEL,403241.46875,16.802774429321289,406542.65625,17.062000274658203,0,5387,617.58649474667334,847.8678989968729,0.0024267917033284903,0.010296358726918697,2,,,,,KIC 11446443,Kepler,Kepler Photometer,822892 FluxExporter2PipelineModule,True,False,True,True,2422,6d41c0b2a8784c922789c5ceb53258b795d7b220c6026ff514d86c81dde65e83,tres_2_b:kplr011446443-2009259160929_llc.fits,-0.10684722403200175,0.999961256980896,4.1966912249336019e-05,PDCSAP_FLUX,406542.65625,17.062000274658203,406558.40625,out_of_transit_median,segment_normalized,tres_2_b-e8e81778b059cb9a,0.999961256980896,4.1966912249336019e-05
TrES-2 b,TrES-2,tres_2_b,MAST,data/raw/mast/lightkurve/tres_2_b/kepler/mastDownload/Kepler/kplr011446443_lc_Q111111110111011101/kplr011446443-2009166043257_llc.fits,10bfca91bdd928deda2e638de7a27cdc940b879452408a96b5be6146944639e9,kplr011446443-2009166043257_llc.fits,Kepler,kplr011446443-2009166043257_llc.fits,LIGHTCURVE,1,139.95163924394001,d,TIMESYS=TDB;BJDREFI=2454833;BJDREFF=0.0,long,1765.4628859418881,FITS_TIMEDEL,400114.78125,16.659286499023438,403689.53125,17.042011260986328,0,1518,621.20598954130571,848.92974592265568,0.00022467332019004971,-0.011890141293406487,1,,,,,KIC 11446443,Kepler,Kepler Photometer,795945 FluxExporter2PipelineModule,True,False,True,True,413,10bfca91bdd928deda2e638de7a27cdc940b879452408a96b5be6146944639e9,tres_2_b:kplr011446443-2009166043257_llc.fits,-0.10595939508949548,0.99997854232788086,4.2214731365675107e-05,PDCSAP_FLUX,403689.53125,17.042011260986328,403698.1875,out_of_transit_median,segment_normalized,tres_2_b-e8e81778b059cb9a,0.99997854232788086,4.2214731365675107e-05
TrES-2 b,TrES-2,tres_2_b,MAST,data/raw/mast/lightkurve/tres_2_b/kepler/mastDownload/Kepler/kplr011446443_lc_Q111111110111011101/kplr011446443-2009259160929_llc.fits,6d41c0b2a8784c922789c5ceb53258b795d7b220c6026ff514d86c81dde65e83,kplr011446443-2009259160929_llc.fits,Kepler,kplr011446443-2009259160929_llc.fits,LIGHTCURVE,1,248.65917151621397,d,TIMESYS=TDB;BJDREFI=2454833;BJDREFF=0.0,long,1765.4628859418881,FITS_TIMEDEL,403054.78125,16.793903350830078,406597.71875,17.052360534667969,0,6838,617.55253739288776,847.97670877487474,-0.029792414978146553,0.12527315318584442,2,,,,,KIC 11446443,Kepler,Kepler Photometer,822892 FluxExporter2PipelineModule,True,False,True,True,3873,6d41c0b2a8784c922789c5ceb53258b795d7b220c6026ff514d86c81dde65e83,tres_2_b:kplr011446443-2009259160929_llc.fits,-0.10541571081551893,1.0000966787338257,4.1943199903471395e-05,PDCSAP_FLUX,406597.71875,17.052360534667969,406558.40625,out_of_transit_median,segment_normalized,tres_2_b-e8e81778b059cb9a,1.0000966787338257,4.1943199903471395e-05
TrES-2 b,TrES-2,tres_2_b,MAST,data/raw/mast/lightkurve/tres_2_b/kepler/mastDownload/Kepler/kplr011446443_lc_Q111111110111011101/kplr011446443-2009259160929_llc.fits,6d41c0b2a8784c922789c5ceb53258b795d7b220c6026ff514d86c81dde65e83,kplr011446443-2009259160929_llc.fits,Kepler,kplr011446443-2009259160929_llc.fits,LIGHTCURVE,1,221.48283221534075,d,TIMESYS=TDB;BJDREFI=2454833;BJDREFF=0.0,long,1765.4628859418881,FITS_TIMEDEL,403190.75,16.801614761352539,406538.75,17.061975479125977,0,5508,617.58915972739601,847.87330072064503,0.0048384587280452251,0.015506168827414513,2,,,,,KIC 11446443,Kepler,Kepler Photometer,822892 FluxExporter2PipelineModule,True,False,True,True,2543,6d41c0b2a8784c922789c5ceb53258b795d7b220c6026ff514d86c81dde65e83,tres_2_b:kplr011446443-2009259160929_llc.fits,-0.10500786468874446,0.99995166063308716,4.1966850403696299e-05,PDCSAP_FLUX,406538.75,17.061975479125977,406558.40625,out_of_transit_median,segment_normalized,tres_2_b-e8e81778b059cb9a,0.99995166063308716,4.1966850403696299e-05
TrES-2 b,TrES-2,tres_2_b,MAST,data/raw/mast/lightkurve/tres_2_b/kepler/mastDownload/Kepler/kplr011446443_lc_Q111111110111011101/kplr011446443-2009259160929_llc.fits,6d41c0b2a8784c922789c5ceb53258b795d7b220c6026ff514d86c81dde65e83,kplr011446443-2009259160929_llc.fits,Kepler,kplr011446443-2009259160929_llc.fits,LIGHTCURVE,1,194.306108916433,d,TIMESYS=TDB;BJDREFI=2454833;BJDREFF=0.0,long,1765.4628859418881,FITS_TIMEDEL,402996.875,16.806777954101562,406560.8125,17.063995361328125,0,4178,617.59360924626321,847.77033923499505,0.0097253965213894844,-0.084460683166980743,2,,,,,KIC 11446443,Kepler,Kepler Photometer,822892 FluxExporter2PipelineModule,True,False,True,True,1213,6d41c0b2a8784c922789c5ceb53258b795d7b220c6026ff514d86c81dde65e83,tres_2_b:kplr011446443-2009259160929_llc.fits,-0.10498401659649192,1.0000059604644775,4.1971816244767979e-05,PDCSAP_FLUX,406560.8125,17.063995361328125,406558.40625,out_of_transit_median,segment_normalized,tres_2_b-e8e81778b059cb9a,1.0000059604644775,4.1971816244767979e-05
TrES-2 b,TrES-2,tres_2_b,MAST,data/raw/mast/lightkurve/tres_2_b/kepler/mastDownload/Kepler/kplr011446443_lc_Q111111110111011101/kplr011446443-2009166043257_llc.fits,10bfca91bdd928deda2e638de7a27cdc940b879452408a96b5be6146944639e9,kplr011446443-2009166043257_llc.fits,Kepler,kplr011446443-2009166043257_llc.fits,LIGHTCURVE,1,142.42417653145094,d,TIMESYS=TDB;BJDREFI=2454833;BJDREFF=0.0,long,1765.4628859418881,FITS_TIMEDEL,399948.78125,16.655279159545898,403664.0625,17.031871795654297,0,1639,621.20370146620508,848.93547278390008,-0.0011730098631232977,-0.0085950763896107674,1,,,,,KIC 11446443,Kepler,Kepler Photometer,795945 FluxExporter2PipelineModule,True,False,True,True,534,10bfca91bdd928deda2e638de7a27cdc940b879452408a96b5be6146944639e9,tres_2_b:kplr011446443-2009166043257_llc.fits,-0.10403548457856382,0.9999154806137085,4.2189618397969753e-05,PDCSAP_FLUX,403664.0625,17.031871795654297,403698.1875,out_of_transit_median,segment_normalized,tres_2_b-e8e81778b059cb9a,0.9999154806137085,4.2189618397969753e-05
TrES-2 b,TrES-2,tres_2_b,MAST,data/raw/mast/lightkurve/tres_2_b/kepler/mastDownload/Kepler/kplr011446443_lc_Q111111110111011101/kplr011446443-2009259160929_llc.fits,6d41c0b2a8784c922789c5ceb53258b795d7b220c6026ff514d86c81dde65e83,kplr011446443-2009259160929_llc.fits,Kepler,kplr011446443-2009259160929_llc.fits,LIGHTCURVE,1,223.95528172046033,d,TIMESYS=TDB;BJDREFI=2454833;BJDREFF=0.0,long,1765.4628859418881,FITS_TIMEDEL,403194.9375,16.799905776977539,406559.5,17.055784225463867,0,5629,617.59138834624025,847.87766473489057,0.0069552334025502205,0.01991754025220871,2,,,,,KIC 11446443,Kepler,Kepler Photometer,822892 FluxExporter2PipelineModule,True,False,True,True,2664,6d41c0b2a8784c922789c5ceb53258b795d7b220c6026ff514d86c81dde65e83,tres_2_b:kplr011446443-2009259160929_llc.fits,-0.10317173656915979,1.0000027418136597,4.1951621824409813e-05,PDCSAP_FLUX,406559.5,17.055784225463867,406558.40625,out_of_transit_median,segment_normalized,tres_2_b-e8e81778b059cb9a,1.0000027418136597,4.1951621824409813e-05
TrES-2 b,TrES-2,tres_2_b,MAST,data/raw/mast/lightkurve/tres_2_b/kepler/mastDownload/Kepler/kplr011446443_lc_Q111111110111011101/kplr011446443-2009259160929_llc.fits,6d41c0b2a8784c922789c5ceb53258b795d7b220c6026ff514d86c81dde65e83,kplr011446443-2009259160929_llc.fits,Kepler,kplr011446443-2009259160929_llc.fits,LIGHTCURVE,1,196.77859372985404,d,TIMESYS=TDB;BJDREFI=2454833;BJDREFF=0.0,long,1765.4628859418881,FITS_TIMEDEL,402977.5625,16.806283950805664,406534.65625,17.062236785888672,0,4299,617.59479765721358,847.77489134396558,0.01085126306861639,-0.080289214849472046,2,,,,,KIC 11446443,Kepler,Kepler Photometer,822892 FluxExporter2PipelineModule,True,False,True,True,1334,6d41c0b2a8784c922789c5ceb53258b795d7b220c6026ff514d86c81dde65e83,tres_2_b:kplr011446443-2009259160929_llc.fits,-0.10311258017545843,0.99994158744812012,4.1967490687966347e-05,PDCSAP_FLUX,406534.65625,17.062236785888672,406558.40625,out_of_transit_median,segment_normalized,tres_2_b-e8e81778b059cb9a,0.99994158744812012,4.1967490687966347e-05
TrES-2 b,TrES-2,tres_2_b,MAST,data/raw/mast/lightkurve/tres_2_b/kepler/mastDownload/Kepler/kplr011446443_lc_Q111111110111011101/kplr011446443-2009166043257_llc.fits,10bfca91bdd928deda2e638de7a27cdc940b879452408a96b5be6146944639e9,kplr011446443-2009166043257_llc.fits,Kepler,kplr011446443-2009166043257_llc.fits,LIGHTCURVE,1,144.89671227692452,d,TIMESYS=TDB;BJDREFI=2454833;BJDREFF=0.0,long,1765.4628859418881,FITS_TIMEDEL,399821.625,16.654584884643555,403674.375,17.040504455566406,0,1760,621.20305474525674,848.9409125511695,-0.0010715004755184054,-0.0055452967062592506,1,,,,,KIC 11446443,Kepler,Kepler Photometer,795945 FluxExporter2PipelineModule,True,False,True,True,655,10bfca91bdd928deda2e638de7a27cdc940b879452408a96b5be6146944639e9,tres_2_b:kplr011446443-2009166043257_llc.fits,-0.10211311610498508,0.99994099140167236,4.2211002437397838e-05,PDCSAP_FLUX,403674.375,17.040504455566406,403698.1875,out_of_transit_median,segment_normalized,tres_2_b-e8e81778b059cb9a,0.99994099140167236,4.2211002437397838e-05
TrES-2 b,TrES-2,tres_2_b,MAST,data/raw/mast/lightkurve/tres_2_b/kepler/mastDownload/Kepler/kplr011446443_lc_Q111111110111011101/kplr011446443-2009259160929_llc.fits,6d41c0b2a8784c922789c5ceb53258b795d7b220c6026ff514d86c81dde65e83,kplr011446443-2009259160929_llc.fits,Kepler,kplr011446443-2009259160929_llc.fits,LIGHTCURVE,1,253.60400090520125,d,TIMESYS=TDB;BJDREFI=2454833;BJDREFF=0.0,long,1765.4628859418881,FITS_TIMEDEL,403053.71875,16.794923782348633,406496.9375,17.045465469360352,0,7080,617.55668453416934,847.98266536387075,-0.026024121791124344,0.13203321397304535,2,,,,,KIC 11446443,Kepler,Kepler Photometer,822892 FluxExporter2PipelineModule,True,False,True,True,4115,6d41c0b2a8784c922789c5ceb53258b795d7b220c6026ff514d86c81dde65e83,tres_2_b:kplr011446443-2009259160929_llc.fits,-0.10181307582824561,0.99984878301620483,4.1926239646272734e-05,PDCSAP_FLUX,406496.9375,17.045465469360352,406558.40625,out_of_transit_median,segment_normalized,tres_2_b-e8e81778b059cb9a,0.99984878301620483,4.1926239646272734e-05
TrES-2 b,TrES-2,tres_2_b,MAST,data/raw/mast/lightkurve/tres_2_b/kepler/mastDownload/Kepler/kplr011446443_lc_Q111111110111011101/kplr011446443-2009259160929_llc.fits,6d41c0b2a8784c922789c5ceb53258b795d7b220c6026ff514d86c81dde65e83,kplr011446443-2009259160929_llc.fits,Kepler,kplr011446443-2009259160929_llc.fits,LIGHTCURVE,1,172.07404667030642,d,TIMESYS=TDB;BJDREFI=2454833;BJDREFF=0.0,long,1765.4628859418881,FITS_TIMEDEL,403871.28125,16.824201583862305,406507.875,17.068794250488281,0,3090,617.57692047217324,847.71876551021103,-0.0061969528906047344,-0.12727543711662292,2,,,,,KIC 11446443,Kepler,Kepler Photometer,822892 FluxExporter2PipelineModule,True,False,True,True,125,6d41c0b2a8784c922789c5ceb53258b795d7b220c6026ff514d86c81dde65e83,tres_2_b:kplr011446443-2009259160929_llc.fits,-0.10152586972308186,0.99987572431564331,4.1983621485996991e-05,PDCSAP_FLUX,406507.875,17.068794250488281,406558.40625,out_of_transit_median,segment_normalized,tres_2_b-e8e81778b059cb9a,0.99987572431564331,4.1983621485996991e-05
TrES-2 b,TrES-2,tres_2_b,MAST,data/raw/mast/lightkurve/tres_2_b/kepler/mastDownload/Kepler/kplr011446443_lc_Q111111110111011101/kplr011446443-2009259160929_llc.fits,6d41c0b2a8784c922789c5ceb53258b795d7b220c6026ff514d86c81dde65e83,kplr011446443-2009259160929_llc.fits,Kepler,kplr011446443-2009259160929_llc.fits,LIGHTCURVE,1,226.42772800949024,d,TIMESYS=TDB;BJDREFI=2454833;BJDREFF=0.0,long,1765.4628859418881,FITS_TIMEDEL,403172.96875,16.800159454345703,406580.03125,17.050788879394531,0,5750,617.59369042705202,847.88242224095188,0.0090833185240626335,0.024704538285732269,2,,,,,KIC 11446443,Kepler,Kepler Photometer,822892 FluxExporter2PipelineModule,True,False,True,True,2785,6d41c0b2a8784c922789c5ceb53258b795d7b220c6026ff514d86c81dde65e83,tres_2_b:kplr011446443-2009259160929_llc.fits,-0.10133882453925591,1.0000531673431396,4.1939332731999457e-05,PDCSAP_FLUX,406580.03125,17.050788879394531,406558.40625,out_of_transit_median,segment_normalized,tres_2_b-e8e81778b059cb9a,1.0000531673431396,4.1939332731999457e-05
TrES-2 b,TrES-2,tres_2_b,MAST,data/raw/mast/lightkurve/tres_2_b/kepler/mastDownload/Kepler/kplr011446443_lc_Q111111110111011101/kplr011446443-2009259160929_llc.fits,6d41c0b2a8784c922789c5ceb53258b795d7b220c6026ff514d86c81dde65e83,kplr011446443-2009259160929_llc.fits,Kepler,kplr011446443-2009259160929_llc.fits,LIGHTCURVE,1,199.25107532101538,d,TIMESYS=TDB;BJDREFI=2454833;BJDREFF=0.0,long,1765.4628859418881,FITS_TIMEDEL,402948.84375,16.803047180175781,406518.75,17.061223983764648,0,4420,617.59670921333998,847.78046108569856,0.012491954490542412,-0.075238689780235291,2,,,,,KIC 11446443,Kepler,Kepler Photometer,822892 FluxExporter2PipelineModule,True,False,True,True,1455,6d41c0b2a8784c922789c5ceb53258b795d7b220c6026ff514d86c81dde65e83,tres_2_b:kplr011446443-2009259160929_llc.fits,-0.10124436601411779,0.99990248680114746,4.1965002310462296e-05,PDCSAP_FLUX,406518.75,17.061223983764648,406558.40625,out_of_transit_median,segment_normalized,tres_2_b-e8e81778b059cb9a,0.99990248680114746,4.1965002310462296e-05
TrES-2 b,TrES-2,tres_2_b,MAST,data/raw/mast/lightkurve/tres_2_b/kepler/mastDownload/Kepler/kplr011446443_lc_Q111111110111011101/kplr011446443-2009166043257_llc.fits,10bfca91bdd928deda2e638de7a27cdc940b879452408a96b5be6146944639e9,kplr011446443-2009166043257_llc.fits,Kepler,kplr011446443-2009166043257_llc.fits,LIGHTCURVE,1,147.36924656953488,d,TIMESYS=TDB;BJDREFI=2454833;BJDREFF=0.0,long,1765.4628859418881,FITS_TIMEDEL,399676.75,16.650110244750977,403686.3125,17.021640777587891,0,1881,621.20256006681188,848.94865746609469,-0.00046232226304709911,-0.00041847245302051306,1,,,,,KIC 11446443,Kepler,Kepler Photometer,795945 FluxExporter2PipelineModule,True,False,True,True,776,10bfca91bdd928deda2e638de7a27cdc940b879452408a96b5be6146944639e9,tres_2_b:kplr011446443-2009166043257_llc.fits,-0.10019220049462274,0.99997055530548096,4.2164272599620745e-05,PDCSAP_FLUX,403686.3125,17.021640777587891,403698.1875,out_of_transit_median,segment_normalized,tres_2_b-e8e81778b059cb9a,0.99997055530548096,4.2164272599620745e-05
TrES-2 b,TrES-2,tres_2_b,MAST,data/raw/mast/lightkurve/tres_2_b/kepler/mastDownload/Kepler/kplr011446443_lc_Q111111110111011101/kplr011446443-2009259160929_llc.fits,6d41c0b2a8784c922789c5ceb53258b795d7b220c6026ff514d86c81dde65e83,kplr011446443-2009259160929_llc.fits,Kepler,kplr011446443-2009259160929_llc.fits,LIGHTCURVE,1,174.54655742385512,d,TIMESYS=TDB;BJDREFI=2454833;BJDREFF=0.0,long,1765.4628859418881,FITS_TIMEDEL,403652.46875,16.818893432617188,406549.125,17.071796417236328,0,3211,617.58009428416665,847.72502785832057,-0.0029750471003353596,-0.1227397620677948,2,,,,,KIC 11446443,Kepler,Kepler Photometer,822892 FluxExporter2PipelineModule,True,False,True,True,246,6d41c0b2a8784c922789c5ceb53258b795d7b220c6026ff514d86c81dde65e83,tres_2_b:kplr011446443-2009259160929_llc.fits,-0.099628493174377608,0.99997717142105103,4.1991006582975388e-05,PDCSAP_FLUX,406549.125,17.071796417236328,406558.40625,out_of_transit_median,segment_normalized,tres_2_b-e8e81778b059cb9a,0.99997717142105103,4.1991006582975388e-05
TrES-2 b,TrES-2,tres_2_b,MAST,data/raw/mast/lightkurve/tres_2_b/kepler/mastDownload/Kepler/kplr011446443_lc_Q111111110111011101/kplr011446443-2009259160929_llc.fits,6d41c0b2a8784c922789c5ceb53258b795d7b220c6026ff514d86c81dde65e83,kplr011446443-2009259160929_llc.fits,Kepler,kplr011446443-2009259160929_llc.fits,LIGHTCURVE,1,201.72355385825358,d,TIMESYS=TDB;BJDREFI=2454833;BJDREFF=0.0,long,1765.4628859418881,FITS_TIMEDEL,403193.25,16.803308486938477,406583.25,17.06464958190918,0,4541,617.57662402622668,847.83245391650939,-0.0065267770551145077,-0.024948308244347572,2,,,,,KIC 11446443,Kepler,Kepler Photometer,822892 FluxExporter2PipelineModule,True,False,True,True,1576,6d41c0b2a8784c922789c5ceb53258b795d7b220c6026ff514d86c81dde65e83,tres_2_b:kplr011446443-2009259160929_llc.fits,-0.099379205775914636,1.0000611543655396,4.197342786937952e-05,PDCSAP_FLUX,406583.25,17.06464958190918,406558.40625,out_of_transit_median,segment_normalized,tres_2_b-e8e81778b059cb9a,1.0000611543655396,4.197342786937952e-05
TrES-2 b,TrES-2,tres_2_b,MAST,data/raw/mast/lightkurve/tres_2_b/kepler/mastDownload/Kepler/kplr011446443_lc_Q111111110111011101/kplr011446443-2009131105131_llc.fits,e1699c5dd0089c35d908b711b302f72ba974edc68e030dae3e9a65d5065f7d0c,kplr011446443-2009131105131_llc.fits,Kepler,kplr011446443-2009131105131_llc.fits,LIGHTCURVE,1,122.66428162113152,d,TIMESYS=TDB;BJDREFI=2454833;BJDREFF=0.0,long,1765.4628859418881,FITS_TIMEDEL,401329.53125,16.693279266357422,406161.375,16.989763259887695,0,672,621.21991878605377,848.89441941804455,0.0015218115877360106,-0.0032689671497792006,0,,,,,KIC 11446443,Kepler,Kepler Photometer,793548 FluxExporter2PipelineModule,True,False,True,True,104,e1699c5dd0089c35d908b711b302f72ba974edc68e030dae3e9a65d5065f7d0c,tres_2_b:kplr011446443-2009131105131_llc.fits,-0.099023378897982184,0.9999767541885376,4.1829109250102192e-05,PDCSAP_FLUX,406161.375,16.989763259887695,406170.8125,out_of_transit_median,segment_normalized,tres_2_b-e8e81778b059cb9a,0.9999767541885376,4.1829109250102192e-05
TrES-2 b,TrES-2,tres_2_b,MAST,data/raw/mast/lightkurve/tres_2_b/kepler/mastDownload/Kepler/kplr011446443_lc_Q111111110111011101/kplr011446443-2009166043257_llc.fits,10bfca91bdd928deda2e638de7a27cdc940b879452408a96b5be6146944639e9,kplr011446443-2009166043257_llc.fits,Kepler,kplr011446443-2009166043257_llc.fits,LIGHTCURVE,1,149.84177920113143,d,TIMESYS=TDB;BJDREFI=2454833;BJDREFF=0.0,long,1765.4628859418881,FITS_TIMEDEL,399544.625,16.647634506225586,403704.625,17.025455474853516,0,2002,621.20167402907805,848.95391494325099,-0.00032199244014918804,0.002389820758253336,1,,,,,KIC 11446443,Kepler,Kepler Photometer,795945 FluxExporter2PipelineModule,True,False,True,True,897,10bfca91bdd928deda2e638de7a27cdc940b879452408a96b5be6146944639e9,tres_2_b:kplr011446443-2009166043257_llc.fits,-0.098272945898072228,1.0000159740447998,4.2173724068561569e-05,PDCSAP_FLUX,403704.625,17.025455474853516,403698.1875,out_of_transit_median,segment_normalized,tres_2_b-e8e81778b059cb9a,1.0000159740447998,4.2173724068561569e-05
TrES-2 b,TrES-2,tres_2_b,MAST,data/raw/mast/lightkurve/tres_2_b/kepler/mastDownload/Kepler/kplr011446443_lc_Q111111110111011101/kplr011446443-2009259160929_llc.fits,6d41c0b2a8784c922789c5ceb53258b795d7b220c6026ff514d86c81dde65e83,kplr011446443-2009259160929_llc.fits,Kepler,kplr011446443-2009259160929_llc.fits,LIGHTCURVE,1,177.01906553105073,d,TIMESYS=TDB;BJDREFI=2454833;BJDREFF=0.0,long,1765.4628859418881,FITS_TIMEDEL,403476.96875,16.817522048950195,406557.625,17.072765350341797,0,3332,617.58245630905174,847.73017867003489,-0.00058108597295358777,-0.11894278228282928,2,,,,,KIC 11446443,Kepler,Kepler Photometer,822892 FluxExporter2PipelineModule,True,False,True,True,367,6d41c0b2a8784c922789c5ceb53258b795d7b220c6026ff514d86c81dde65e83,tres_2_b:kplr011446443-2009259160929_llc.fits,-0.097733762978769123,0.99999809265136719,4.1993389459094033e-05,PDCSAP_FLUX,406557.625,17.072765350341797,406558.40625,out_of_transit_median,segment_normalized,tres_2_b-e8e81778b059cb9a,0.99999809265136719,4.1993389459094033e-05
TrES-2 b,TrES-2,tres_2_b,MAST,data/raw/mast/lightkurve/tres_2_b/kepler/mastDownload/Kepler/kplr011446443_lc_Q111111110111011101/kplr011446443-2009259160929_llc.fits,6d41c0b2a8784c922789c5ceb53258b795d7b220c6026ff514d86c81dde65e83,kplr011446443-2009259160929_llc.fits,Kepler,kplr011446443-2009259160929_llc.fits,LIGHTCURVE,1,204.19602911432594,d,TIMESYS=TDB;BJDREFI=2454833;BJDREFF=0.0,long,1765.4628859418881,FITS_TIMEDEL,403233.15625,16.803007125854492,406629.6875,17.059572219848633,0,4662,617.57834576861296,847.83740420996492,-0.0048814988695085049,-0.020003924146294594,2,,,,,KIC 11446443,Kepler,Kepler Photometer,822892 FluxExporter2PipelineModule,True,False,True,True,1697,6d41c0b2a8784c922789c5ceb53258b795d7b220c6026ff514d86c81dde65e83,tres_2_b:kplr011446443-2009259160929_llc.fits,-0.097517326703557172,1.0001753568649292,4.1960938688134775e-05,PDCSAP_FLUX,406629.6875,17.059572219848633,406558.40625,out_of_transit_median,segment_normalized,tres_2_b-e8e81778b059cb9a,1.0001753568649292,4.1960938688134775e-05
TrES-2 b,TrES-2,tres_2_b,MAST,data/raw/mast/lightkurve/tres_2_b/kepler/mastDownload/Kepler/kplr011446443_lc_Q111111110111011101/kplr011446443-2009131105131_llc.fits,e1699c5dd0089c35d908b711b302f72ba974edc68e030dae3e9a65d5065f7d0c,kplr011446443-2009131105131_llc.fits,Kepler,kplr011446443-2009131105131_llc.fits,LIGHTCURVE,1,125.13682589635573,d,TIMESYS=TDB;BJDREFI=2454833;BJDREFF=0.0,long,1765.4628859418881,FITS_TIMEDEL,401248,16.692811965942383,406179.25,16.989538192749023,0,793,621.21800692582042,848.89882241561304,7.9665012890473008e-05,-0.00069090101169422269,0,,,,,KIC 11446443,Kepler,Kepler Photometer,793548 FluxExporter2PipelineModule,True,False,True,True,225,e1699c5dd0089c35d908b711b302f72ba974edc68e030dae3e9a65d5065f7d0c,tres_2_b:kplr011446443-2009131105131_llc.fits,-0.097092480673773407,1.0000207424163818,4.1828556277323514e-05,PDCSAP_FLUX,406179.25,16.989538192749023,406170.8125,out_of_transit_median,segment_normalized,tres_2_b-e8e81778b059cb9a,1.0000207424163818,4.1828556277323514e-05
TrES-2 b,TrES-2,tres_2_b,MAST,data/raw/mast/lightkurve/tres_2_b/kepler/mastDownload/Kepler/kplr011446443_lc_Q111111110111011101/kplr011446443-2009166043257_llc.fits,10bfca91bdd928deda2e638de7a27cdc940b879452408a96b5be6146944639e9,kplr011446443-2009166043257_llc.fits,Kepler,kplr011446443-2009166043257_llc.fits,LIGHTCURVE,1,152.3143100663583,d,TIMESYS=TDB;BJDREFI=2454833;BJDREFF=0.0,long,1765.4628859418881,FITS_TIMEDEL,399400.5625,16.646068572998047,403727.78125,17.029880523681641,0,2123,621.20100904884634,848.9606978274237,-5.9674061049008742e-05,0.0066372686997056007,1,,,,,KIC 11446443,Kepler,Kepler Photometer,795945 FluxExporter2PipelineModule,True,False,True,True,1018,10bfca91bdd928deda2e638de7a27cdc940b879452408a96b5be6146944639e9,tres_2_b:kplr011446443-2009166043257_llc.fits,-0.096355457671199796,1.0000733137130737,4.2184685298707336e-05,PDCSAP_FLUX,403727.78125,17.029880523681641,403698.1875,out_of_transit_median,segment_normalized,tres_2_b-e8e81778b059cb9a,1.0000733137130737,4.2184685298707336e-05
TrES-2 b,TrES-2,tres_2_b,MAST,data/raw/mast/lightkurve/tres_2_b/kepler/mastDownload/Kepler/kplr011446443_lc_Q111111110111011101/kplr011446443-2009259160929_llc.fits,6d41c0b2a8784c922789c5ceb53258b795d7b220c6026ff514d86c81dde65e83,kplr011446443-2009259160929_llc.fits,Kepler,kplr011446443-2009259160929_llc.fits,LIGHTCURVE,1,233.84504771496722,d,TIMESYS=TDB;BJDREFI=2454833;BJDREFF=0.0,long,1765.4628859418881,FITS_TIMEDEL,403155.84375,16.796178817749023,406595.3125,17.04133415222168,0,6113,617.57643209268599,847.9117200009814,-0.0071624093689024448,0.05427764356136322,2,,,,,KIC 11446443,Kepler,Kepler Photometer,822892 FluxExporter2PipelineModule,True,False,True,True,3148,6d41c0b2a8784c922789c5ceb53258b795d7b220c6026ff514d86c81dde65e83,tres_2_b:kplr011446443-2009259160929_llc.fits,-0.095859250062271029,1.0000907182693481,4.1916078771464527e-05,PDCSAP_FLUX,406595.3125,17.04133415222168,406558.40625,out_of_transit_median,segment_normalized,tres_2_b-e8e81778b059cb9a,1.0000907182693481,4.1916078771464527e-05
TrES-2 b,TrES-2,tres_2_b,MAST,data/raw/mast/lightkurve/tres_2_b/kepler/mastDownload/Kepler/kplr011446443_lc_Q111111110111011101/kplr011446443-2009259160929_llc.fits,6d41c0b2a8784c922789c5ceb53258b795d7b220c6026ff514d86c81dde65e83,kplr011446443-2009259160929_llc.fits,Kepler,kplr011446443-2009259160929_llc.fits,LIGHTCURVE,1,179.49157112320245,d,TIMESYS=TDB;BJDREFI=2454833;BJDREFF=0.0,long,1765.4628859418881,FITS_TIMEDEL,403347.90625,16.813484191894531,406580.8125,17.062726974487305,0,3453,617.58397407660607,847.73479452267884,0.00090069422731176019,-0.11564383655786514,2,,,,,KIC 11446443,Kepler,Kepler Photometer,822892 FluxExporter2PipelineModule,True,False,True,True,488,6d41c0b2a8784c922789c5ceb53258b795d7b220c6026ff514d86c81dde65e83,tres_2_b:kplr011446443-2009259160929_llc.fits,-0.095841547827049345,1.0000550746917725,4.1968698496930301e-05,PDCSAP_FLUX,406580.8125,17.062726974487305,406558.40625,out_of_transit_median,segment_normalized,tres_2_b-e8e81778b059cb9a,1.0000550746917725,4.1968698496930301e-05
TrES-2 b,TrES-2,tres_2_b,MAST,data/raw/mast/lightkurve/tres_2_b/kepler/mastDownload/Kepler/kplr011446443_lc_Q111111110111011101/kplr011446443-2009259160929_llc.fits,6d41c0b2a8784c922789c5ceb53258b795d7b220c6026ff514d86c81dde65e83,kplr011446443-2009259160929_llc.fits,Kepler,kplr011446443-2009259160929_llc.fits,LIGHTCURVE,1,206.6685013661845,d,TIMESYS=TDB;BJDREFI=2454833;BJDREFF=0.0,long,1765.4628859418881,FITS_TIMEDEL,403190,16.802078247070312,406572,17.058290481567383,0,4783,617.5798142418306,847.84330275891818,-0.0035660883877426386,-0.014265945181250572,2,,,,,KIC 11446443,Kepler,Kepler Photometer,822892 FluxExporter2PipelineModule,True,False,True,True,1818,6d41c0b2a8784c922789c5ceb53258b795d7b220c6026ff514d86c81dde65e83,tres_2_b:kplr011446443-2009259160929_llc.fits,-0.095658451844994774,1.0000333786010742,4.1957784560509026e-05,PDCSAP_FLUX,406572,17.058290481567383,406558.40625,out_of_transit_median,segment_normalized,tres_2_b-e8e81778b059cb9a,1.0000333786010742,4.1957784560509026e-05
TrES-2 b,TrES-2,tres_2_b,MAST,data/raw/mast/lightkurve/tres_2_b/kepler/mastDownload/Kepler/kplr011446443_lc_Q111111110111011101/kplr011446443-2009259160929_llc.fits,6d41c0b2a8784c922789c5ceb53258b795d7b220c6026ff514d86c81dde65e83,kplr011446443-2009259160929_llc.fits,Kepler,kplr011446443-2009259160929_llc.fits,LIGHTCURVE,1,236.31748139971023,d,TIMESYS=TDB;BJDREFI=2454833;BJDREFF=0.0,long,1765.4628859418881,FITS_TIMEDEL,403042.53125,16.794862747192383,406568.8125,17.048105239868164,0,6234,617.58214879678121,847.9139318443506,-0.0017601584549993277,0.056335106492042542,2,,,,,KIC 11446443,Kepler,Kepler Photometer,822892 FluxExporter2PipelineModule,True,False,True,True,3269,6d41c0b2a8784c922789c5ceb53258b795d7b220c6026ff514d86c81dde65e83,tres_2_b:kplr011446443-2009259160929_llc.fits,-0.094038942319261354,1.0000256299972534,4.1932733438443393e-05,PDCSAP_FLUX,406568.8125,17.048105239868164,406558.40625,out_of_transit_median,segment_normalized,tres_2_b-e8e81778b059cb9a,1.0000256299972534,4.1932733438443393e-05
TrES-2 b,TrES-2,tres_2_b,MAST,data/raw/mast/lightkurve/tres_2_b/kepler/mastDownload/Kepler/kplr011446443_lc_Q111111110111011101/kplr011446443-2009259160929_llc.fits,6d41c0b2a8784c922789c5ceb53258b795d7b220c6026ff514d86c81dde65e83,kplr011446443-2009259160929_llc.fits,Kepler,kplr011446443-2009259160929_llc.fits,LIGHTCURVE,1,209.14097029542609,d,TIMESYS=TDB;BJDREFI=2454833;BJDREFF=0.0,long,1765.4628859418881,FITS_TIMEDEL,403204.1875,16.805477142333984,406533.625,17.067684173583984,0,4904,617.58088409194852,847.84807159100581,-0.0026374794542789459,-0.0094406241551041603,2,,,,,KIC 11446443,Kepler,Kepler Photometer,822892 FluxExporter2PipelineModule,True,False,True,True,1939,6d41c0b2a8784c922789c5ceb53258b795d7b220c6026ff514d86c81dde65e83,tres_2_b:kplr011446443-2009259160929_llc.fits,-0.093802899603408596,0.99993902444839478,4.1980889363912866e-05,PDCSAP_FLUX,406533.625,17.067684173583984,406558.40625,out_of_transit_median,segment_normalized,tres_2_b-e8e81778b059cb9a,0.99993902444839478,4.1980889363912866e-05
TrES-2 b,TrES-2,tres_2_b,MAST,data/raw/mast/lightkurve/tres_2_b/kepler/mastDownload/Kepler/kplr011446443_lc_Q111111110111011101/kplr011446443-2009131105131_llc.fits,e1699c5dd0089c35d908b711b302f72ba974edc68e030dae3e9a65d5065f7d0c,kplr011446443-2009131105131_llc.fits,Kepler,kplr011446443-2009131105131_llc.fits,LIGHTCURVE,1,130.08191221325251,d,TIMESYS=TDB;BJDREFI=2454833;BJDREFF=0.0,long,1765.4628859418881,FITS_TIMEDEL,401077.90625,16.689872741699219,406416.65625,16.823980331420898,0,1035,621.21378311192734,848.9069237780318,-0.0029946756549179554,0.0036836613435298204,0,,,,,KIC 11446443,Kepler,Kepler Photometer,793548 FluxExporter2PipelineModule,True,False,True,True,467,e1699c5dd0089c35d908b711b302f72ba974edc68e030dae3e9a65d5065f7d0c,tres_2_b:kplr011446443-2009131105131_llc.fits,-0.093232917776995938,1.0006052255630493,4.1420949855819345e-05,PDCSAP_FLUX,406416.65625,16.823980331420898,406170.8125,out_of_transit_median,segment_normalized,tres_2_b-e8e81778b059cb9a,1.0006052255630493,4.1420949855819345e-05
TrES-2 b,TrES-2,tres_2_b,MAST,data/raw/mast/lightkurve/tres_2_b/kepler/mastDownload/Kepler/kplr011446443_lc_Q111111110111011101/kplr011446443-2009166043257_llc.fits,10bfca91bdd928deda2e638de7a27cdc940b879452408a96b5be6146944639e9,kplr011446443-2009166043257_llc.fits,Kepler,kplr011446443-2009166043257_llc.fits,LIGHTCURVE,1,157.25936619094864,d,TIMESYS=TDB;BJDREFI=2454833;BJDREFF=0.0,long,1765.4628859418881,FITS_TIMEDEL,399035.28125,16.64033317565918,403699.53125,17.007766723632812,0,2365,621.19853849227695,848.97578088276316,-0.00019660432008095086,0.016551239416003227,1,,,,,KIC 11446443,Kepler,Kepler Photometer,795945 FluxExporter2PipelineModule,True,False,True,True,1260,10bfca91bdd928deda2e638de7a27cdc940b879452408a96b5be6146944639e9,tres_2_b:kplr011446443-2009166043257_llc.fits,-0.092526087080858632,1.0000033378601074,4.2129904613830149e-05,PDCSAP_FLUX,403699.53125,17.007766723632812,403698.1875,out_of_transit_median,segment_normalized,tres_2_b-e8e81778b059cb9a,1.0000033378601074,4.2129904613830149e-05
TrES-2 b,TrES-2,tres_2_b,MAST,data/raw/mast/lightkurve/tres_2_b/kepler/mastDownload/Kepler/kplr011446443_lc_Q111111110111011101/kplr011446443-2009259160929_llc.fits,6d41c0b2a8784c922789c5ceb53258b795d7b220c6026ff514d86c81dde65e83,kplr011446443-2009259160929_llc.fits,Kepler,kplr011446443-2009259160929_llc.fits,LIGHTCURVE,1,238.78991202342877,d,TIMESYS=TDB;BJDREFI=2454833;BJDREFF=0.0,long,1765.4628859418881,FITS_TIMEDEL,403016.625,16.794500350952148,406545.21875,17.050848007202148,0,6355,617.58487925514419,847.91875861423284,0.00081138720270246267,0.061280235648155212,2,,,,,KIC 11446443,Kepler,Kepler Photometer,822892 FluxExporter2PipelineModule,True,False,True,True,3390,6d41c0b2a8784c922789c5ceb53258b795d7b220c6026ff514d86c81dde65e83,tres_2_b:kplr011446443-2009259160929_llc.fits,-0.092221695600723796,0.99996757507324219,4.1939478251151741e-05,PDCSAP_FLUX,406545.21875,17.050848007202148,406558.40625,out_of_transit_median,segment_normalized,tres_2_b-e8e81778b059cb9a,0.99996757507324219,4.1939478251151741e-05
TrES-2 b,TrES-2,tres_2_b,MAST,data/raw/mast/lightkurve/tres_2_b/kepler/mastDownload/Kepler/kplr011446443_lc_Q111111110111011101/kplr011446443-2009259160929_llc.fits,6d41c0b2a8784c922789c5ceb53258b795d7b220c6026ff514d86c81dde65e83,kplr011446443-2009259160929_llc.fits,Kepler,kplr011446443-2009259160929_llc.fits,LIGHTCURVE,1,211.61343588880118,d,TIMESYS=TDB;BJDREFI=2454833;BJDREFF=0.0,long,1765.4628859418881,FITS_TIMEDEL,403215.3125,16.802402496337891,406530.4375,17.063295364379883,0,5025,617.58261146644747,847.85271605345349,-0.0012616384774446487,-0.0048698969185352325,2,,,,,KIC 11446443,Kepler,Kepler Photometer,822892 FluxExporter2PipelineModule,True,False,True,True,2060,6d41c0b2a8784c922789c5ceb53258b795d7b220c6026ff514d86c81dde65e83,tres_2_b:kplr011446443-2009259160929_llc.fits,-0.091950683228317454,0.9999312162399292,4.1970095480792224e-05,PDCSAP_FLUX,406530.4375,17.063295364379883,406558.40625,out_of_transit_median,segment_normalized,tres_2_b-e8e81778b059cb9a,0.9999312162399292,4.1970095480792224e-05
TrES-2 b,TrES-2,tres_2_b,MAST,data/raw/mast/lightkurve/tres_2_b/kepler/mastDownload/Kepler/kplr011446443_lc_Q111111110111011101/kplr011446443-2009166043257_llc.fits,10bfca91bdd928deda2e638de7a27cdc940b879452408a96b5be6146944639e9,kplr011446443-2009166043257_llc.fits,Kepler,kplr011446443-2009166043257_llc.fits,LIGHTCURVE,1,132.5544539042894,d,TIMESYS=TDB;BJDREFI=2454833;BJDREFF=0.0,long,1765.4628859418881,FITS_TIMEDEL,400372.25,16.665599822998047,403680.53125,17.015039443969727,0,1156,621.21145862671108,848.91418652380946,0.0041630258783698082,-0.022033270448446274,1,,,,,KIC 11446443,Kepler,Kepler Photometer,795945 FluxExporter2PipelineModule,True,False,True,True,51,10bfca91bdd928deda2e638de7a27cdc940b879452408a96b5be6146944639e9,tres_2_b:kplr011446443-2009166043257_llc.fits,-0.091304603740100854,0.99995625019073486,4.2147919884882867e-05,PDCSAP_FLUX,403680.53125,17.015039443969727,403698.1875,out_of_transit_median,segment_normalized,tres_2_b-e8e81778b059cb9a,0.99995625019073486,4.2147919884882867e-05
TrES-2 b,TrES-2,tres_2_b,MAST,data/raw/mast/lightkurve/tres_2_b/kepler/mastDownload/Kepler/kplr011446443_lc_Q111111110111011101/kplr011446443-2009166043257_llc.fits,10bfca91bdd928deda2e638de7a27cdc940b879452408a96b5be6146944639e9,kplr011446443-2009166043257_llc.fits,Kepler,kplr011446443-2009166043257_llc.fits,LIGHTCURVE,1,159.73189115438436,d,TIMESYS=TDB;BJDREFI=2454833;BJDREFF=0.0,long,1765.4628859418881,FITS_TIMEDEL,398882.59375,16.636190414428711,403693.15625,17.010139465332031,0,2486,621.19782711550477,848.98350737198439,9.7786694823298603e-05,0.021908551454544067,1,,,,,KIC 11446443,Kepler,Kepler Photometer,795945 FluxExporter2PipelineModule,True,False,True,True,1381,10bfca91bdd928deda2e638de7a27cdc940b879452408a96b5be6146944639e9,tres_2_b:kplr011446443-2009166043257_llc.fits,-0.090614500645141538,0.99998754262924194,4.2135783587582409e-05,PDCSAP_FLUX,403693.15625,17.010139465332031,403698.1875,out_of_transit_median,segment_normalized,tres_2_b-e8e81778b059cb9a,0.99998754262924194,4.2135783587582409e-05
TrES-2 b,TrES-2,tres_2_b,MAST,data/raw/mast/lightkurve/tres_2_b/kepler/mastDownload/Kepler/kplr011446443_lc_Q111111110111011101/kplr011446443-2009259160929_llc.fits,6d41c0b2a8784c922789c5ceb53258b795d7b220c6026ff514d86c81dde65e83,kplr011446443-2009259160929_llc.fits,Kepler,kplr011446443-2009259160929_llc.fits,LIGHTCURVE,1,241.26233953338669,d,TIMESYS=TDB;BJDREFI=2454833;BJDREFF=0.0,long,1765.4628859418881,FITS_TIMEDEL,402947.40625,16.795391082763672,406496.15625,17.047327041625977,0,6476,617.58739891568678,847.92144928690345,0.0031483531929552555,0.064068369567394257,2,,,,,KIC 11446443,Kepler,Kepler Photometer,822892 FluxExporter2PipelineModule,True,False,True,True,3511,6d41c0b2a8784c922789c5ceb53258b795d7b220c6026ff514d86c81dde65e83,tres_2_b:kplr011446443-2009259160929_llc.fits,-0.090407562642799144,0.99984687566757202,4.1930819861590862e-05,PDCSAP_FLUX,406496.15625,17.047327041625977,406558.40625,out_of_transit_median,segment_normalized,tres_2_b-e8e81778b059cb9a,0.99984687566757202,4.1930819861590862e-05
TrES-2 b,TrES-2,tres_2_b,MAST,data/raw/mast/lightkurve/tres_2_b/kepler/mastDownload/Kepler/kplr011446443_lc_Q111111110111011101/kplr011446443-2009259160929_llc.fits,6d41c0b2a8784c922789c5ceb53258b795d7b220c6026ff514d86c81dde65e83,kplr011446443-2009259160929_llc.fits,Kepler,kplr011446443-2009259160929_llc.fits,LIGHTCURVE,1,186.90906997754792,d,TIMESYS=TDB;BJDREFI=2454833;BJDREFF=0.0,long,1765.4628859418881,FITS_TIMEDEL,403312.375,16.813911437988281,406578.21875,17.069662094116211,0,3816,617.58754732211514,847.75352135325465,0.0041787535883486271,-0.098998621106147766,2,,,,,KIC 11446443,Kepler,Kepler Photometer,822892 FluxExporter2PipelineModule,True,False,True,True,851,6d41c0b2a8784c922789c5ceb53258b795d7b220c6026ff514d86c81dde65e83,tres_2_b:kplr011446443-2009259160929_llc.fits,-0.090182824481581436,1.0000487565994263,4.1985756979556754e-05,PDCSAP_FLUX,406578.21875,17.069662094116211,406558.40625,out_of_transit_median,segment_normalized,tres_2_b-e8e81778b059cb9a,1.0000487565994263,4.1985756979556754e-05
TrES-2 b,TrES-2,tres_2_b,MAST,data/raw/mast/lightkurve/tres_2_b/kepler/mastDownload/Kepler/kplr011446443_lc_Q111111110111011101/kplr011446443-2009259160929_llc.fits,6d41c0b2a8784c922789c5ceb53258b795d7b220c6026ff514d86c81dde65e83,kplr011446443-2009259160929_llc.fits,Kepler,kplr011446443-2009259160929_llc.fits,LIGHTCURVE,1,214.0858978374381,d,TIMESYS=TDB;BJDREFI=2454833;BJDREFF=0.0,long,1765.4628859418881,FITS_TIMEDEL,403262.8125,16.801753997802734,406547.40625,17.061241149902344,0,5146,617.58345236241166,847.85850709634985,-0.0003495820565149188,0.00089131103595718741,2,,,,,KIC 11446443,Kepler,Kepler Photometer,822892 FluxExporter2PipelineModule,True,False,True,True,2181,6d41c0b2a8784c922789c5ceb53258b795d7b220c6026ff514d86c81dde65e83,tres_2_b:kplr011446443-2009259160929_llc.fits,-0.090102111591398026,0.99997293949127197,4.1965042328229174e-05,PDCSAP_FLUX,406547.40625,17.061241149902344,406558.40625,out_of_transit_median,segment_normalized,tres_2_b-e8e81778b059cb9a,0.99997293949127197,4.1965042328229174e-05
TrES-2 b,TrES-2,tres_2_b,MAST,data/raw/mast/lightkurve/tres_2_b/kepler/mastDownload/Kepler/kplr011446443_lc_Q111111110111011101/kplr011446443-2009166043257_llc.fits,10bfca91bdd928deda2e638de7a27cdc940b879452408a96b5be6146944639e9,kplr011446443-2009166043257_llc.fits,Kepler,kplr011446443-2009166043257_llc.fits,LIGHTCURVE,1,135.02699491976819,d,TIMESYS=TDB;BJDREFI=2454833;BJDREFF=0.0,long,1765.4628859418881,FITS_TIMEDEL,400297.1875,16.663257598876953,403691.625,17.04693603515625,0,1277,621.20894003457909,848.91898622575366,0.0021088318899273872,-0.019007153809070587,1,,,,,KIC 11446443,Kepler,Kepler Photometer,795945 FluxExporter2PipelineModule,True,False,True,True,172,10bfca91bdd928deda2e638de7a27cdc940b879452408a96b5be6146944639e9,tres_2_b:kplr011446443-2009166043257_llc.fits,-0.089376965261318331,0.99998372793197632,4.2226933146594092e-05,PDCSAP_FLUX,403691.625,17.04693603515625,403698.1875,out_of_transit_median,segment_normalized,tres_2_b-e8e81778b059cb9a,0.99998372793197632,4.2226933146594092e-05
TrES-2 b,TrES-2,tres_2_b,MAST,data/raw/mast/lightkurve/tres_2_b/kepler/mastDownload/Kepler/kplr011446443_lc_Q111111110111011101/kplr011446443-2009166043257_llc.fits,10bfca91bdd928deda2e638de7a27cdc940b879452408a96b5be6146944639e9,kplr011446443-2009166043257_llc.fits,Kepler,kplr011446443-2009166043257_llc.fits,LIGHTCURVE,1,162.20441395971284,d,TIMESYS=TDB;BJDREFI=2454833;BJDREFF=0.0,long,1765.4628859418881,FITS_TIMEDEL,398770.78125,16.638568878173828,403706.125,17.006500244140625,0,2607,621.1971793705784,848.99178801043058,0.00047414205619134009,0.027900723740458488,1,,,,,KIC 11446443,Kepler,Kepler Photometer,795945 FluxExporter2PipelineModule,True,False,True,True,1502,10bfca91bdd928deda2e638de7a27cdc940b879452408a96b5be6146944639e9,tres_2_b:kplr011446443-2009166043257_llc.fits,-0.088705072316660472,1.0000196695327759,4.2126768676098436e-05,PDCSAP_FLUX,403706.125,17.006500244140625,403698.1875,out_of_transit_median,segment_normalized,tres_2_b-e8e81778b059cb9a,1.0000196695327759,4.2126768676098436e-05
TrES-2 b,TrES-2,tres_2_b,MAST,data/raw/mast/lightkurve/tres_2_b/kepler/mastDownload/Kepler/kplr011446443_lc_Q111111110111011101/kplr011446443-2009259160929_llc.fits,6d41c0b2a8784c922789c5ceb53258b795d7b220c6026ff514d86c81dde65e83,kplr011446443-2009259160929_llc.fits,Kepler,kplr011446443-2009259160929_llc.fits,LIGHTCURVE,1,243.73476408057468,d,TIMESYS=TDB;BJDREFI=2454833;BJDREFF=0.0,long,1765.4628859418881,FITS_TIMEDEL,402961.3125,16.794166564941406,406545.0625,17.042787551879883,0,6597,617.59172231768366,847.92495342851214,0.0072380215860903263,0.067769996821880341,2,,,,,KIC 11446443,Kepler,Kepler Photometer,822892 FluxExporter2PipelineModule,True,False,True,True,3632,6d41c0b2a8784c922789c5ceb53258b795d7b220c6026ff514d86c81dde65e83,tres_2_b:kplr011446443-2009259160929_llc.fits,-0.088596392454814987,0.99996715784072876,4.1919654904631898e-05,PDCSAP_FLUX,406545.0625,17.042787551879883,406558.40625,out_of_transit_median,segment_normalized,tres_2_b-e8e81778b059cb9a,0.99996715784072876,4.1919654904631898e-05
TrES-2 b,TrES-2,tres_2_b,MAST,data/raw/mast/lightkurve/tres_2_b/kepler/mastDownload/Kepler/kplr011446443_lc_Q111111110111011101/kplr011446443-2009259160929_llc.fits,6d41c0b2a8784c922789c5ceb53258b795d7b220c6026ff514d86c81dde65e83,kplr011446443-2009259160929_llc.fits,Kepler,kplr011446443-2009259160929_llc.fits,LIGHTCURVE,1,189.38156399790023,d,TIMESYS=TDB;BJDREFI=2454833;BJDREFF=0.0,long,1765.4628859418881,FITS_TIMEDEL,403065.34375,16.809183120727539,406546.46875,17.064676284790039,0,3937,617.59056256350289,847.7593034546768,0.0070817605592310429,-0.094486065208911896,2,,,,,KIC 11446443,Kepler,Kepler Photometer,822892 FluxExporter2PipelineModule,True,False,True,True,972,6d41c0b2a8784c922789c5ceb53258b795d7b220c6026ff514d86c81dde65e83,tres_2_b:kplr011446443-2009259160929_llc.fits,-0.088302181129266577,0.99997061491012573,4.1973493352998048e-05,PDCSAP_FLUX,406546.46875,17.064676284790039,406558.40625,out_of_transit_median,segment_normalized,tres_2_b-e8e81778b059cb9a,0.99997061491012573,4.1973493352998048e-05
TrES-2 b,TrES-2,tres_2_b,MAST,data/raw/mast/lightkurve/tres_2_b/kepler/mastDownload/Kepler/kplr011446443_lc_Q111111110111011101/kplr011446443-2009259160929_llc.fits,6d41c0b2a8784c922789c5ceb53258b795d7b220c6026ff514d86c81dde65e83,kplr011446443-2009259160929_llc.fits,Kepler,kplr011446443-2009259160929_llc.fits,LIGHTCURVE,1,216.55835703716002,d,TIMESYS=TDB;BJDREFI=2454833;BJDREFF=0.0,long,1765.4628859418881,FITS_TIMEDEL,403245.6875,16.802350997924805,406515.96875,17.059581756591797,0,5267,617.58379222587723,847.86455199495128,-0.0001778659934643656,0.0070450310595333576,2,,,,,KIC 11446443,Kepler,Kepler Photometer,822892 FluxExporter2PipelineModule,True,False,True,True,2302,6d41c0b2a8784c922789c5ceb53258b795d7b220c6026ff514d86c81dde65e83,tres_2_b:kplr011446443-2009259160929_llc.fits,-0.088256288869472899,0.99989563226699829,4.1960960516007617e-05,PDCSAP_FLUX,406515.96875,17.059581756591797,406558.40625,out_of_transit_median,segment_normalized,tres_2_b-e8e81778b059cb9a,0.99989563226699829,4.1960960516007617e-05
TrES-2 b,TrES-2,tres_2_b,MAST,data/raw/mast/lightkurve/tres_2_b/kepler/mastDownload/Kepler/kplr011446443_lc_Q111111110111011101/kplr011446443-2009166043257_llc.fits,10bfca91bdd928deda2e638de7a27cdc940b879452408a96b5be6146944639e9,kplr011446443-2009166043257_llc.fits,Kepler,kplr011446443-2009166043257_llc.fits,LIGHTCURVE,1,137.4995347395452,d,TIMESYS=TDB;BJDREFI=2454833;BJDREFF=0.0,long,1765.4628859418881,FITS_TIMEDEL,400141.09375,16.659395217895508,403619.40625,17.042291641235352,0,1398,621.20691056486476,848.92374120819409,0.00061860145069658756,-0.01595725305378437,1,,,,,KIC 11446443,Kepler,Kepler Photometer,795945 FluxExporter2PipelineModule,True,False,True,True,293,10bfca91bdd928deda2e638de7a27cdc940b879452408a96b5be6146944639e9,tres_2_b:kplr011446443-2009166043257_llc.fits,-0.087450522484306292,0.99980485439300537,4.2215426219627261e-05,PDCSAP_FLUX,403619.40625,17.042291641235352,403698.1875,out_of_transit_median,segment_normalized,tres_2_b-e8e81778b059cb9a,0.99980485439300537,4.2215426219627261e-05
TrES-2 b,TrES-2,tres_2_b,MAST,data/raw/mast/lightkurve/tres_2_b/kepler/mastDownload/Kepler/kplr011446443_lc_Q111111110111011101/kplr011446443-2009259160929_llc.fits,6d41c0b2a8784c922789c5ceb53258b795d7b220c6026ff514d86c81dde65e83,kplr011446443-2009259160929_llc.fits,Kepler,kplr011446443-2009259160929_llc.fits,LIGHTCURVE,1,219.0308129891273,d,TIMESYS=TDB;BJDREFI=2454833;BJDREFF=0.0,long,1765.4628859418881,FITS_TIMEDEL,403308.03125,16.803955078125,406605.84375,17.063282012939453,0,5388,617.58681763740867,847.86823516790798,0.0025968668051064014,0.010594146326184273,2,,,,,KIC 11446443,Kepler,Kepler Photometer,822892 FluxExporter2PipelineModule,True,False,True,True,2423,6d41c0b2a8784c922789c5ceb53258b795d7b220c6026ff514d86c81dde65e83,tres_2_b:kplr011446443-2009259160929_llc.fits,-0.086413713902196099,1.0001167058944702,4.1970062738982961e-05,PDCSAP_FLUX,406605.84375,17.063282012939453,406558.40625,out_of_transit_median,segment_normalized,tres_2_b-e8e81778b059cb9a,1.0001167058944702,4.1970062738982961e-05
TrES-2 b,TrES-2,tres_2_b,MAST,data/raw/mast/lightkurve/tres_2_b/kepler/mastDownload/Kepler/kplr011446443_lc_Q111111110111011101/kplr011446443-2009166043257_llc.fits,10bfca91bdd928deda2e638de7a27cdc940b879452408a96b5be6146944639e9,kplr011446443-2009166043257_llc.fits,Kepler,kplr011446443-2009166043257_llc.fits,LIGHTCURVE,1,139.97207334534323,d,TIMESYS=TDB;BJDREFI=2454833;BJDREFF=0.0,long,1765.4628859418881,FITS_TIMEDEL,400118.53125,16.660324096679688,403693.625,17.044307708740234,0,1519,621.20627313213254,848.92954927997584,0.00054554757662117481,-0.011981045827269554,1,,,,,KIC 11446443,Kepler,Kepler Photometer,795945 FluxExporter2PipelineModule,True,False,True,True,414,10bfca91bdd928deda2e638de7a27cdc940b879452408a96b5be6146944639e9,tres_2_b:kplr011446443-2009166043257_llc.fits,-0.085525293686270265,0.99998867511749268,4.2220421164529398e-05,PDCSAP_FLUX,403693.625,17.044307708740234,403698.1875,out_of_transit_median,segment_normalized,tres_2_b-e8e81778b059cb9a,0.99998867511749268,4.2220421164529398e-05
TrES-2 b,TrES-2,tres_2_b,MAST,data/raw/mast/lightkurve/tres_2_b/kepler/mastDownload/Kepler/kplr011446443_lc_Q111111110111011101/kplr011446443-2009259160929_llc.fits,6d41c0b2a8784c922789c5ceb53258b795d7b220c6026ff514d86c81dde65e83,kplr011446443-2009259160929_llc.fits,Kepler,kplr011446443-2009259160929_llc.fits,LIGHTCURVE,1,248.67960462203337,d,TIMESYS=TDB;BJDREFI=2454833;BJDREFF=0.0,long,1765.4628859418881,FITS_TIMEDEL,403052.96875,16.793796539306641,406597.0625,17.051275253295898,0,6839,617.55284059770793,847.97691334440913,-0.029476560652256012,0.12536510825157166,2,,,,,KIC 11446443,Kepler,Kepler Photometer,822892 FluxExporter2PipelineModule,True,False,True,True,3874,6d41c0b2a8784c922789c5ceb53258b795d7b220c6026ff514d86c81dde65e83,tres_2_b:kplr011446443-2009259160929_llc.fits,-0.084982604996125977,1.0000951290130615,4.194052962702699e-05,PDCSAP_FLUX,406597.0625,17.051275253295898,406558.40625,out_of_transit_median,segment_normalized,tres_2_b-e8e81778b059cb9a,1.0000951290130615,4.194052962702699e-05
TrES-2 b,TrES-2,tres_2_b,MAST,data/raw/mast/lightkurve/tres_2_b/kepler/mastDownload/Kepler/kplr011446443_lc_Q111111110111011101/kplr011446443-2009259160929_llc.fits,6d41c0b2a8784c922789c5ceb53258b795d7b220c6026ff514d86c81dde65e83,kplr011446443-2009259160929_llc.fits,Kepler,kplr011446443-2009259160929_llc.fits,LIGHTCURVE,1,221.5032655989271,d,TIMESYS=TDB;BJDREFI=2454833;BJDREFF=0.0,long,1765.4628859418881,FITS_TIMEDEL,403223.3125,16.802291870117188,406573.25,17.06334114074707,0,5509,617.58908579742763,847.87322994571525,0.0049314247444272041,0.015453150495886803,2,,,,,KIC 11446443,Kepler,Kepler Photometer,822892 FluxExporter2PipelineModule,True,False,True,True,2544,6d41c0b2a8784c922789c5ceb53258b795d7b220c6026ff514d86c81dde65e83,tres_2_b:kplr011446443-2009259160929_llc.fits,-0.084574481102393628,1.0000364780426025,4.1970208258135244e-05,PDCSAP_FLUX,406573.25,17.06334114074707,406558.40625,out_of_transit_median,segment_normalized,tres_2_b-e8e81778b059cb9a,1.0000364780426025,4.1970208258135244e-05
TrES-2 b,TrES-2,tres_2_b,MAST,data/raw/mast/lightkurve/tres_2_b/kepler/mastDownload/Kepler/kplr011446443_lc_Q111111110111011101/kplr011446443-2009259160929_llc.fits,6d41c0b2a8784c922789c5ceb53258b795d7b220c6026ff514d86c81dde65e83,kplr011446443-2009259160929_llc.fits,Kepler,kplr011446443-2009259160929_llc.fits,LIGHTCURVE,1,194.32654259128321,d,TIMESYS=TDB;BJDREFI=2454833;BJDREFF=0.0,long,1765.4628859418881,FITS_TIMEDEL,403026.21875,16.808200836181641,406588.21875,17.063766479492188,0,4179,617.59371266182382,847.77041074754425,0.0097511997446417809,-0.084527000784873962,2,,,,,KIC 11446443,Kepler,Kepler Photometer,822892 FluxExporter2PipelineModule,True,False,True,True,1214,6d41c0b2a8784c922789c5ceb53258b795d7b220c6026ff514d86c81dde65e83,tres_2_b:kplr011446443-2009259160929_llc.fits,-0.084550341746281843,1.0000733137130737,4.1971255996031687e-05,PDCSAP_FLUX,406588.21875,17.063766479492188,406558.40625,out_of_transit_median,segment_normalized,tres_2_b-e8e81778b059cb9a,1.0000733137130737,4.1971255996031687e-05
TrES-2 b,TrES-2,tres_2_b,MAST,data/raw/mast/lightkurve/tres_2_b/kepler/mastDownload/Kepler/kplr011446443_lc_Q111111110111011101/kplr011446443-2009166043257_llc.fits,10bfca91bdd928deda2e638de7a27cdc940b879452408a96b5be6146944639e9,kplr011446443-2009166043257_llc.fits,Kepler,kplr011446443-2009166043257_llc.fits,LIGHTCURVE,1,142.44461062144546,d,TIMESYS=TDB;BJDREFI=2454833;BJDREFF=0.0,long,1765.4628859418881,FITS_TIMEDEL,399994.40625,16.656049728393555,403705.75,17.024921417236328,0,1640,621.20354448341777,848.93510862183155,-0.0013302088482305408,-0.0088973222300410271,1,,,,,KIC 11446443,Kepler,Kepler Photometer,795945 FluxExporter2PipelineModule,True,False,True,True,535,10bfca91bdd928deda2e638de7a27cdc940b879452408a96b5be6146944639e9,tres_2_b:kplr011446443-2009166043257_llc.fits,-0.083601394584040145,1.0000187158584595,4.2172399844275787e-05,PDCSAP_FLUX,403705.75,17.024921417236328,403698.1875,out_of_transit_median,segment_normalized,tres_2_b-e8e81778b059cb9a,1.0000187158584595,4.2172399844275787e-05
TrES-2 b,TrES-2,tres_2_b,MAST,data/raw/mast/lightkurve/tres_2_b/kepler/mastDownload/Kepler/kplr011446443_lc_Q111111110111011101/kplr011446443-2009259160929_llc.fits,6d41c0b2a8784c922789c5ceb53258b795d7b220c6026ff514d86c81dde65e83,kplr011446443-2009259160929_llc.fits,Kepler,kplr011446443-2009259160929_llc.fits,LIGHTCURVE,1,223.97571507727116,d,TIMESYS=TDB;BJDREFI=2454833;BJDREFF=0.0,long,1765.4628859418881,FITS_TIMEDEL,403185.09375,16.79963493347168,406551.28125,17.054361343383789,0,5630,617.59117782625685,847.8777379934163,0.00684401486068964,0.020028358325362206,2,,,,,KIC 11446443,Kepler,Kepler Photometer,822892 FluxExporter2PipelineModule,True,False,True,True,2665,6d41c0b2a8784c922789c5ceb53258b795d7b220c6026ff514d86c81dde65e83,tres_2_b:kplr011446443-2009259160929_llc.fits,-0.082738379758332981,0.99998247623443604,4.194812208879739e-05,PDCSAP_FLUX,406551.28125,17.054361343383789,406558.40625,out_of_transit_median,segment_normalized,tres_2_b-e8e81778b059cb9a,0.99998247623443604,4.194812208879739e-05
TrES-2 b,TrES-2,tres_2_b,MAST,data/raw/mast/lightkurve/tres_2_b/kepler/mastDownload/Kepler/kplr011446443_lc_Q111111110111011101/kplr011446443-2009259160929_llc.fits,6d41c0b2a8784c922789c5ceb53258b795d7b220c6026ff514d86c81dde65e83,kplr011446443-2009259160929_llc.fits,Kepler,kplr011446443-2009259160929_llc.fits,LIGHTCURVE,1,196.79902737886005,d,TIMESYS=TDB;BJDREFI=2454833;BJDREFF=0.0,long,1765.4628859418881,FITS_TIMEDEL,403013.84375,16.806827545166016,406572.84375,17.062786102294922,0,4300,617.59493829548057,847.77536919147269,0.010967210866510868,-0.080033406615257263,2,,,,,KIC 11446443,Kepler,Kepler Photometer,822892 FluxExporter2PipelineModule,True,False,True,True,1335,6d41c0b2a8784c922789c5ceb53258b795d7b220c6026ff514d86c81dde65e83,tres_2_b:kplr011446443-2009259160929_llc.fits,-0.082678931169449799,1.0000355243682861,4.1968844016082585e-05,PDCSAP_FLUX,406572.84375,17.062786102294922,406558.40625,out_of_transit_median,segment_normalized,tres_2_b-e8e81778b059cb9a,1.0000355243682861,4.1968844016082585e-05
TrES-2 b,TrES-2,tres_2_b,MAST,data/raw/mast/lightkurve/tres_2_b/kepler/mastDownload/Kepler/kplr011446443_lc_Q111111110111011101/kplr011446443-2009166043257_llc.fits,10bfca91bdd928deda2e638de7a27cdc940b879452408a96b5be6146944639e9,kplr011446443-2009166043257_llc.fits,Kepler,kplr011446443-2009166043257_llc.fits,LIGHTCURVE,1,144.91714645446336,d,TIMESYS=TDB;BJDREFI=2454833;BJDREFF=0.0,long,1765.4628859418881,FITS_TIMEDEL,399805.15625,16.654226303100586,403663.0625,17.038331985473633,0,1761,621.20268254113307,848.94134980440845,-0.0013365205377340317,-0.0051039722748100758,1,,,,,KIC 11446443,Kepler,Kepler Photometer,795945 FluxExporter2PipelineModule,True,False,True,True,656,10bfca91bdd928deda2e638de7a27cdc940b879452408a96b5be6146944639e9,tres_2_b:kplr011446443-2009166043257_llc.fits,-0.081678938566139392,0.99991297721862793,4.2205618228763342e-05,PDCSAP_FLUX,403663.0625,17.038331985473633,403698.1875,out_of_transit_median,segment_normalized,tres_2_b-e8e81778b059cb9a,0.99991297721862793,4.2205618228763342e-05
TrES-2 b,TrES-2,tres_2_b,MAST,data/raw/mast/lightkurve/tres_2_b/kepler/mastDownload/Kepler/kplr011446443_lc_Q111111110111011101/kplr011446443-2009259160929_llc.fits,6d41c0b2a8784c922789c5ceb53258b795d7b220c6026ff514d86c81dde65e83,kplr011446443-2009259160929_llc.fits,Kepler,kplr011446443-2009259160929_llc.fits,LIGHTCURVE,1,172.09448055726534,d,TIMESYS=TDB;BJDREFI=2454833;BJDREFF=0.0,long,1765.4628859418881,FITS_TIMEDEL,403858.46875,16.825117111206055,406496.5625,17.069463729858398,0,3091,617.57697365567856,847.71897693798167,-0.0060921679250895977,-0.1272008866071701,2,,,,,KIC 11446443,Kepler,Kepler Photometer,822892 FluxExporter2PipelineModule,True,False,True,True,126,6d41c0b2a8784c922789c5ceb53258b795d7b220c6026ff514d86c81dde65e83,tres_2_b:kplr011446443-2009259160929_llc.fits,-0.081091982764155413,0.9998478889465332,4.1985269490396604e-05,PDCSAP_FLUX,406496.5625,17.069463729858398,406558.40625,out_of_transit_median,segment_normalized,tres_2_b-e8e81778b059cb9a,0.9998478889465332,4.1985269490396604e-05
TrES-2 b,TrES-2,tres_2_b,MAST,data/raw/mast/lightkurve/tres_2_b/kepler/mastDownload/Kepler/kplr011446443_lc_Q111111110111011101/kplr011446443-2009259160929_llc.fits,6d41c0b2a8784c922789c5ceb53258b795d7b220c6026ff514d86c81dde65e83,kplr011446443-2009259160929_llc.fits,Kepler,kplr011446443-2009259160929_llc.fits,LIGHTCURVE,1,199.27150904417795,d,TIMESYS=TDB;BJDREFI=2454833;BJDREFF=0.0,long,1765.4628859418881,FITS_TIMEDEL,402963.1875,16.803237915039062,406533.53125,17.062337875366211,0,4421,617.59674256395192,847.78028622499892,0.012596004642546177,-0.075229823589324951,2,,,,,KIC 11446443,Kepler,Kepler Photometer,822892 FluxExporter2PipelineModule,True,False,True,True,1456,6d41c0b2a8784c922789c5ceb53258b795d7b220c6026ff514d86c81dde65e83,tres_2_b:kplr011446443-2009259160929_llc.fits,-0.080810642851549153,0.99993878602981567,4.1967741708504036e-05,PDCSAP_FLUX,406533.53125,17.062337875366211,406558.40625,out_of_transit_median,segment_normalized,tres_2_b-e8e81778b059cb9a,0.99993878602981567,4.1967741708504036e-05
TrES-2 b,TrES-2,tres_2_b,MAST,data/raw/mast/lightkurve/tres_2_b/kepler/mastDownload/Kepler/kplr011446443_lc_Q111111110111011101/kplr011446443-2009166043257_llc.fits,10bfca91bdd928deda2e638de7a27cdc940b879452408a96b5be6146944639e9,kplr011446443-2009166043257_llc.fits,Kepler,kplr011446443-2009166043257_llc.fits,LIGHTCURVE,1,147.38968083380314,d,TIMESYS=TDB;BJDREFI=2454833;BJDREFF=0.0,long,1765.4628859418881,FITS_TIMEDEL,399656.625,16.649747848510742,403659.71875,17.026947021484375,0,1882,621.20219512895517,848.94875922012886,-0.00081902538659051061,-0.00044811624684371054,1,,,,,KIC 11446443,Kepler,Kepler Photometer,795945 FluxExporter2PipelineModule,True,False,True,True,777,10bfca91bdd928deda2e638de7a27cdc940b879452408a96b5be6146944639e9,tres_2_b:kplr011446443-2009166043257_llc.fits,-0.079757936226362292,0.99990469217300415,4.2177416617050767e-05,PDCSAP_FLUX,403659.71875,17.026947021484375,403698.1875,out_of_transit_median,segment_normalized,tres_2_b-e8e81778b059cb9a,0.99990469217300415,4.2177416617050767e-05
TrES-2 b,TrES-2,tres_2_b,MAST,data/raw/mast/lightkurve/tres_2_b/kepler/mastDownload/Kepler/kplr011446443_lc_Q111111110111011101/kplr011446443-2009259160929_llc.fits,6d41c0b2a8784c922789c5ceb53258b795d7b220c6026ff514d86c81dde65e83,kplr011446443-2009259160929_llc.fits,Kepler,kplr011446443-2009259160929_llc.fits,LIGHTCURVE,1,174.56699138939439,d,TIMESYS=TDB;BJDREFI=2454833;BJDREFF=0.0,long,1765.4628859418881,FITS_TIMEDEL,403635.78125,16.818574905395508,406539.15625,17.070245742797852,0,3212,617.58057651479885,847.72441578567771,-0.002578414510935545,-0.12333235144615173,2,,,,,KIC 11446443,Kepler,Kepler Photometer,822892 FluxExporter2PipelineModule,True,False,True,True,247,6d41c0b2a8784c922789c5ceb53258b795d7b220c6026ff514d86c81dde65e83,tres_2_b:kplr011446443-2009259160929_llc.fits,-0.079194527635108924,0.99995267391204834,4.1987190343206748e-05,PDCSAP_FLUX,406539.15625,17.070245742797852,406558.40625,out_of_transit_median,segment_normalized,tres_2_b-e8e81778b059cb9a,0.99995267391204834,4.1987190343206748e-05
TrES-2 b,TrES-2,tres_2_b,MAST,data/raw/mast/lightkurve/tres_2_b/kepler/mastDownload/Kepler/kplr011446443_lc_Q111111110111011101/kplr011446443-2009259160929_llc.fits,6d41c0b2a8784c922789c5ceb53258b795d7b220c6026ff514d86c81dde65e83,kplr011446443-2009259160929_llc.fits,Kepler,kplr011446443-2009259160929_llc.fits,LIGHTCURVE,1,228.92060440757632,d,TIMESYS=TDB;BJDREFI=2454833;BJDREFF=0.0,long,1765.4628859418881,FITS_TIMEDEL,403116.09375,16.79810905456543,406585.90625,17.042898178100586,0,5872,617.59746578229704,847.8853801224094,0.012678541243076324,0.027450229972600937,2,,,,,KIC 11446443,Kepler,Kepler Photometer,822892 FluxExporter2PipelineModule,True,False,True,True,2907,6d41c0b2a8784c922789c5ceb53258b795d7b220c6026ff514d86c81dde65e83,tres_2_b:kplr011446443-2009259160929_llc.fits,-0.079075803453173554,1.0000675916671753,4.1919924115063623e-05,PDCSAP_FLUX,406585.90625,17.042898178100586,406558.40625,out_of_transit_median,segment_normalized,tres_2_b-e8e81778b059cb9a,1.0000675916671753,4.1919924115063623e-05
TrES-2 b,TrES-2,tres_2_b,MAST,data/raw/mast/lightkurve/tres_2_b/kepler/mastDownload/Kepler/kplr011446443_lc_Q111111110111011101/kplr011446443-2009131105131_llc.fits,e1699c5dd0089c35d908b711b302f72ba974edc68e030dae3e9a65d5065f7d0c,kplr011446443-2009131105131_llc.fits,Kepler,kplr011446443-2009131105131_llc.fits,LIGHTCURVE,1,122.68471597514872,d,TIMESYS=TDB;BJDREFI=2454833;BJDREFF=0.0,long,1765.4628859418881,FITS_TIMEDEL,401306.21875,16.692850112915039,406199.03125,16.996768951416016,0,673,621.22006307955667,848.89407319790882,0.0017133771907538176,-0.0036322877276688814,0,,,,,KIC 11446443,Kepler,Kepler Photometer,793548 FluxExporter2PipelineModule,True,False,True,True,105,e1699c5dd0089c35d908b711b302f72ba974edc68e030dae3e9a65d5065f7d0c,tres_2_b:kplr011446443-2009131105131_llc.fits,-0.078589024880784564,1.0000694990158081,4.1846356907626614e-05,PDCSAP_FLUX,406199.03125,16.996768951416016,406170.8125,out_of_transit_median,segment_normalized,tres_2_b-e8e81778b059cb9a,1.0000694990158081,4.1846356907626614e-05
TrES-2 b,TrES-2,tres_2_b,MAST,data/raw/mast/lightkurve/tres_2_b/kepler/mastDownload/Kepler/kplr011446443_lc_Q111111110111011101/kplr011446443-2009166043257_llc.fits,10bfca91bdd928deda2e638de7a27cdc940b879452408a96b5be6146944639e9,kplr011446443-2009166043257_llc.fits,Kepler,kplr011446443-2009166043257_llc.fits,LIGHTCURVE,1,149.86221345119702,d,TIMESYS=TDB;BJDREFI=2454833;BJDREFF=0.0,long,1765.4628859418881,FITS_TIMEDEL,399520.3125,16.647661209106445,403688.59375,17.025104522705078,0,2003,621.20162664509758,848.95393655248483,-0.00029579194961115718,0.0023089649621397257,1,,,,,KIC 11446443,Kepler,Kepler Photometer,795945 FluxExporter2PipelineModule,True,False,True,True,898,10bfca91bdd928deda2e638de7a27cdc940b879452408a96b5be6146944639e9,tres_2_b:kplr011446443-2009166043257_llc.fits,-0.077838695832481042,0.99997621774673462,4.2172854591626674e-05,PDCSAP_FLUX,403688.59375,17.025104522705078,403698.1875,out_of_transit_median,segment_normalized,tres_2_b-e8e81778b059cb9a,0.99997621774673462,4.2172854591626674e-05
TrES-2 b,TrES-2,tres_2_b,MAST,data/raw/mast/lightkurve/tres_2_b/kepler/mastDownload/Kepler/kplr011446443_lc_Q111111110111011101/kplr011446443-2009259160929_llc.fits,6d41c0b2a8784c922789c5ceb53258b795d7b220c6026ff514d86c81dde65e83,kplr011446443-2009259160929_llc.fits,Kepler,kplr011446443-2009259160929_llc.fits,LIGHTCURVE,1,177.03949947447109,d,TIMESYS=TDB;BJDREFI=2454833;BJDREFF=0.0,long,1765.4628859418881,FITS_TIMEDEL,403486.75,16.817663192749023,406568.09375,17.072851181030273,0,3333,617.58248788262085,847.73015717294129,-0.00047878368059173226,-0.11893681436777115,2,,,,,KIC 11446443,Kepler,Kepler Photometer,822892 FluxExporter2PipelineModule,True,False,True,True,368,6d41c0b2a8784c922789c5ceb53258b795d7b220c6026ff514d86c81dde65e83,tres_2_b:kplr011446443-2009259160929_llc.fits,-0.077299819558411587,1.0000238418579102,4.1993600461864844e-05,PDCSAP_FLUX,406568.09375,17.072851181030273,406558.40625,out_of_transit_median,segment_normalized,tres_2_b-e8e81778b059cb9a,1.0000238418579102,4.1993600461864844e-05
TrES-2 b,TrES-2,tres_2_b,MAST,data/raw/mast/lightkurve/tres_2_b/kepler/mastDownload/Kepler/kplr011446443_lc_Q111111110111011101/kplr011446443-2009259160929_llc.fits,6d41c0b2a8784c922789c5ceb53258b795d7b220c6026ff514d86c81dde65e83,kplr011446443-2009259160929_llc.fits,Kepler,kplr011446443-2009259160929_llc.fits,LIGHTCURVE,1,204.21646288486954,d,TIMESYS=TDB;BJDREFI=2454833;BJDREFF=0.0,long,1765.4628859418881,FITS_TIMEDEL,403194.15625,16.802360534667969,406590.40625,17.061399459838867,0,4663,617.57808284371697,847.8376834895754,-0.0050391750410199165,-0.019799202680587769,2,,,,,KIC 11446443,Kepler,Kepler Photometer,822892 FluxExporter2PipelineModule,True,False,True,True,1698,6d41c0b2a8784c922789c5ceb53258b795d7b220c6026ff514d86c81dde65e83,tres_2_b:kplr011446443-2009259160929_llc.fits,-0.077083556159952549,1.0000786781311035,4.1965431591961533e-05,PDCSAP_FLUX,406590.40625,17.061399459838867,406558.40625,out_of_transit_median,segment_normalized,tres_2_b-e8e81778b059cb9a,1.0000786781311035,4.1965431591961533e-05
TrES-2 b,TrES-2,tres_2_b,MAST,data/raw/mast/lightkurve/tres_2_b/kepler/mastDownload/Kepler/kplr011446443_lc_Q111111110111011101/kplr011446443-2009131105131_llc.fits,e1699c5dd0089c35d908b711b302f72ba974edc68e030dae3e9a65d5065f7d0c,kplr011446443-2009131105131_llc.fits,Kepler,kplr011446443-2009131105131_llc.fits,LIGHTCURVE,1,125.15726014583197,d,TIMESYS=TDB;BJDREFI=2454833;BJDREFF=0.0,long,1765.4628859418881,FITS_TIMEDEL,401256.53125,16.692949295043945,406176.09375,16.957260131835938,0,794,621.21787327968582,848.89910874532029,0.0001135272832470946,-0.00057444476988166571,0,,,,,KIC 11446443,Kepler,Kepler Photometer,793548 FluxExporter2PipelineModule,True,False,True,True,226,e1699c5dd0089c35d908b711b302f72ba974edc68e030dae3e9a65d5065f7d0c,tres_2_b:kplr011446443-2009131105131_llc.fits,-0.076658231197534787,1.000012993812561,4.1749084630282596e-05,PDCSAP_FLUX,406176.09375,16.957260131835938,406170.8125,out_of_transit_median,segment_normalized,tres_2_b-e8e81778b059cb9a,1.000012993812561,4.1749084630282596e-05
TrES-2 b,TrES-2,tres_2_b,MAST,data/raw/mast/lightkurve/tres_2_b/kepler/mastDownload/Kepler/kplr011446443_lc_Q111111110111011101/kplr011446443-2009166043257_llc.fits,10bfca91bdd928deda2e638de7a27cdc940b879452408a96b5be6146944639e9,kplr011446443-2009166043257_llc.fits,Kepler,kplr011446443-2009166043257_llc.fits,LIGHTCURVE,1,152.33474430140632,d,TIMESYS=TDB;BJDREFI=2454833;BJDREFF=0.0,long,1765.4628859418881,FITS_TIMEDEL,399397.1875,16.646087646484375,403721.875,17.029413223266602,0,2124,621.2009782446728,848.96054660993457,-6.8494089646264911e-05,0.0064842277206480503,1,,,,,KIC 11446443,Kepler,Kepler Photometer,795945 FluxExporter2PipelineModule,True,False,True,True,1019,10bfca91bdd928deda2e638de7a27cdc940b879452408a96b5be6146944639e9,tres_2_b:kplr011446443-2009166043257_llc.fits,-0.075921222623185125,1.000058650970459,4.2183524783467874e-05,PDCSAP_FLUX,403721.875,17.029413223266602,403698.1875,out_of_transit_median,segment_normalized,tres_2_b-e8e81778b059cb9a,1.000058650970459,4.2183524783467874e-05
TrES-2 b,TrES-2,tres_2_b,MAST,data/raw/mast/lightkurve/tres_2_b/kepler/mastDownload/Kepler/kplr011446443_lc_Q111111110111011101/kplr011446443-2009259160929_llc.fits,6d41c0b2a8784c922789c5ceb53258b795d7b220c6026ff514d86c81dde65e83,kplr011446443-2009259160929_llc.fits,Kepler,kplr011446443-2009259160929_llc.fits,LIGHTCURVE,1,233.86548106723785,d,TIMESYS=TDB;BJDREFI=2454833;BJDREFF=0.0,long,1765.4628859418881,FITS_TIMEDEL,403171.6875,16.796543121337891,406614.125,17.04368782043457,0,6114,617.57662143633229,847.91110096093792,-0.0070570483803749084,0.053651858121156693,2,,,,,KIC 11446443,Kepler,Kepler Photometer,822892 FluxExporter2PipelineModule,True,False,True,True,3149,6d41c0b2a8784c922789c5ceb53258b795d7b220c6026ff514d86c81dde65e83,tres_2_b:kplr011446443-2009259160929_llc.fits,-0.075425897791641772,1.0001370906829834,4.192186679574661e-05,PDCSAP_FLUX,406614.125,17.04368782043457,406558.40625,out_of_transit_median,segment_normalized,tres_2_b-e8e81778b059cb9a,1.0001370906829834,4.192186679574661e-05
TrES-2 b,TrES-2,tres_2_b,MAST,data/raw/mast/lightkurve/tres_2_b/kepler/mastDownload/Kepler/kplr011446443_lc_Q111111110111011101/kplr011446443-2009259160929_llc.fits,6d41c0b2a8784c922789c5ceb53258b795d7b220c6026ff514d86c81dde65e83,kplr011446443-2009259160929_llc.fits,Kepler,kplr011446443-2009259160929_llc.fits,LIGHTCURVE,1,179.51200494381192,d,TIMESYS=TDB;BJDREFI=2454833;BJDREFF=0.0,long,1765.4628859418881,FITS_TIMEDEL,403323.40625,16.812896728515625,406557.03125,17.06744384765625,0,3454,617.58379100188301,847.73503640280273,0.00071852875407785177,-0.11528420448303223,2,,,,,KIC 11446443,Kepler,Kepler Photometer,822892 FluxExporter2PipelineModule,True,False,True,True,489,6d41c0b2a8784c922789c5ceb53258b795d7b220c6026ff514d86c81dde65e83,tres_2_b:kplr011446443-2009259160929_llc.fits,-0.075407727217580378,0.9999966025352478,4.1980300011346117e-05,PDCSAP_FLUX,406557.03125,17.06744384765625,406558.40625,out_of_transit_median,segment_normalized,tres_2_b-e8e81778b059cb9a,0.9999966025352478,4.1980300011346117e-05
TrES-2 b,TrES-2,tres_2_b,MAST,data/raw/mast/lightkurve/tres_2_b/kepler/mastDownload/Kepler/kplr011446443_lc_Q111111110111011101/kplr011446443-2009259160929_llc.fits,6d41c0b2a8784c922789c5ceb53258b795d7b220c6026ff514d86c81dde65e83,kplr011446443-2009259160929_llc.fits,Kepler,kplr011446443-2009259160929_llc.fits,LIGHTCURVE,1,206.68893501018465,d,TIMESYS=TDB;BJDREFI=2454833;BJDREFF=0.0,long,1765.4628859418881,FITS_TIMEDEL,403196.46875,16.802303314208984,406580.6875,17.05963134765625,0,4784,617.58011396992038,847.84324721484745,-0.0032656022813171148,-0.014317885041236877,2,,,,,KIC 11446443,Kepler,Kepler Photometer,822892 FluxExporter2PipelineModule,True,False,True,True,1819,6d41c0b2a8784c922789c5ceb53258b795d7b220c6026ff514d86c81dde65e83,tres_2_b:kplr011446443-2009259160929_llc.fits,-0.075224807844844976,1.0000548362731934,4.1961084207287058e-05,PDCSAP_FLUX,406580.6875,17.05963134765625,406558.40625,out_of_transit_median,segment_normalized,tres_2_b-e8e81778b059cb9a,1.0000548362731934,4.1961084207287058e-05
TrES-2 b,TrES-2,tres_2_b,MAST,data/raw/mast/lightkurve/tres_2_b/kepler/mastDownload/Kepler/kplr011446443_lc_Q111111110111011101/kplr011446443-2009166043257_llc.fits,10bfca91bdd928deda2e638de7a27cdc940b879452408a96b5be6146944639e9,kplr011446443-2009166043257_llc.fits,Kepler,kplr011446443-2009166043257_llc.fits,LIGHTCURVE,1,154.80727328198554,d,TIMESYS=TDB;BJDREFI=2454833;BJDREFF=0.0,long,1765.4628859418881,FITS_TIMEDEL,399210.875,16.646783828735352,403717.78125,17.021137237548828,0,2245,621.20134120665739,848.96800929537892,0.0015463470481336117,0.011231169104576111,1,,,,,KIC 11446443,Kepler,Kepler Photometer,795945 FluxExporter2PipelineModule,True,False,True,True,1140,10bfca91bdd928deda2e638de7a27cdc940b879452408a96b5be6146944639e9,tres_2_b:kplr011446443-2009166043257_llc.fits,-0.074005619043954196,1.0000485181808472,4.2163024772889912e-05,PDCSAP_FLUX,403717.78125,17.021137237548828,403698.1875,out_of_transit_median,segment_normalized,tres_2_b-e8e81778b059cb9a,1.0000485181808472,4.2163024772889912e-05
TrES-2 b,TrES-2,tres_2_b,MAST,data/raw/mast/lightkurve/tres_2_b/kepler/mastDownload/Kepler/kplr011446443_lc_Q111111110111011101/kplr011446443-2009259160929_llc.fits,6d41c0b2a8784c922789c5ceb53258b795d7b220c6026ff514d86c81dde65e83,kplr011446443-2009259160929_llc.fits,Kepler,kplr011446443-2009259160929_llc.fits,LIGHTCURVE,1,236.33791472636949,d,TIMESYS=TDB;BJDREFI=2454833;BJDREFF=0.0,long,1765.4628859418881,FITS_TIMEDEL,403021.59375,16.79450798034668,406546.84375,17.04780387878418,0,6235,617.58240659851083,847.91404947363219,-0.0015659937635064125,0.056371685117483139,2,,,,,KIC 11446443,Kepler,Kepler Photometer,822892 FluxExporter2PipelineModule,True,False,True,True,3270,6d41c0b2a8784c922789c5ceb53258b795d7b220c6026ff514d86c81dde65e83,tres_2_b:kplr011446443-2009259160929_llc.fits,-0.073605615660002899,0.99997156858444214,4.1931991290766746e-05,PDCSAP_FLUX,406546.84375,17.04780387878418,406558.40625,out_of_transit_median,segment_normalized,tres_2_b-e8e81778b059cb9a,0.99997156858444214,4.1931991290766746e-05
TrES-2 b,TrES-2,tres_2_b,MAST,data/raw/mast/lightkurve/tres_2_b/kepler/mastDownload/Kepler/kplr011446443_lc_Q111111110111011101/kplr011446443-2009131105131_llc.fits,e1699c5dd0089c35d908b711b302f72ba974edc68e030dae3e9a65d5065f7d0c,kplr011446443-2009131105131_llc.fits,Kepler,kplr011446443-2009131105131_llc.fits,LIGHTCURVE,1,130.10234655074601,d,TIMESYS=TDB;BJDREFI=2454833;BJDREFF=0.0,long,1765.4628859418881,FITS_TIMEDEL,401075.65625,16.689834594726562,406427.78125,16.805210113525391,0,1036,621.21335945404826,848.90750620756262,-0.0033691823482513428,0.0040869764052331448,0,,,,,KIC 11446443,Kepler,Kepler Photometer,793548 FluxExporter2PipelineModule,True,False,True,True,468,e1699c5dd0089c35d908b711b302f72ba974edc68e030dae3e9a65d5065f7d0c,tres_2_b:kplr011446443-2009131105131_llc.fits,-0.07279858028349806,1.000632643699646,4.1374736611032858e-05,PDCSAP_FLUX,406427.78125,16.805210113525391,406170.8125,out_of_transit_median,segment_normalized,tres_2_b-e8e81778b059cb9a,1.000632643699646,4.1374736611032858e-05
TrES-2 b,TrES-2,tres_2_b,MAST,data/raw/mast/lightkurve/tres_2_b/kepler/mastDownload/Kepler/kplr011446443_lc_Q111111110111011101/kplr011446443-2009166043257_llc.fits,10bfca91bdd928deda2e638de7a27cdc940b879452408a96b5be6146944639e9,kplr011446443-2009166043257_llc.fits,Kepler,kplr011446443-2009166043257_llc.fits,LIGHTCURVE,1,157.2798002933996,d,TIMESYS=TDB;BJDREFI=2454833;BJDREFF=0.0,long,1765.4628859418881,FITS_TIMEDEL,399076.125,16.641014099121094,403733.71875,17.011678695678711,0,2366,621.19880832262834,848.97562660379731,2.9965598514536396e-05,0.016385518014431,1,,,,,KIC 11446443,Kepler,Kepler Photometer,795945 FluxExporter2PipelineModule,True,False,True,True,1261,10bfca91bdd928deda2e638de7a27cdc940b879452408a96b5be6146944639e9,tres_2_b:kplr011446443-2009166043257_llc.fits,-0.072091984629895522,1.0000879764556885,4.2139596189372241e-05,PDCSAP_FLUX,403733.71875,17.011678695678711,403698.1875,out_of_transit_median,segment_normalized,tres_2_b-e8e81778b059cb9a,1.0000879764556885,4.2139596189372241e-05
TrES-2 b,TrES-2,tres_2_b,MAST,data/raw/mast/lightkurve/tres_2_b/kepler/mastDownload/Kepler/kplr011446443_lc_Q111111110111011101/kplr011446443-2009259160929_llc.fits,6d41c0b2a8784c922789c5ceb53258b795d7b220c6026ff514d86c81dde65e83,kplr011446443-2009259160929_llc.fits,Kepler,kplr011446443-2009259160929_llc.fits,LIGHTCURVE,1,238.81034522517439,d,TIMESYS=TDB;BJDREFI=2454833;BJDREFF=0.0,long,1765.4628859418881,FITS_TIMEDEL,402994.21875,16.793966293334961,406523.4375,17.051027297973633,0,6356,617.58492001518687,847.91881224960866,0.00085012125782668591,0.061333365738391876,2,,,,,KIC 11446443,Kepler,Kepler Photometer,822892 FluxExporter2PipelineModule,True,False,True,True,3391,6d41c0b2a8784c922789c5ceb53258b795d7b220c6026ff514d86c81dde65e83,tres_2_b:kplr011446443-2009259160929_llc.fits,-0.071788493855105662,0.99991399049758911,4.1939922084566206e-05,PDCSAP_FLUX,406523.4375,17.051027297973633,406558.40625,out_of_transit_median,segment_normalized,tres_2_b-e8e81778b059cb9a,0.99991399049758911,4.1939922084566206e-05
TrES-2 b,TrES-2,tres_2_b,MAST,data/raw/mast/lightkurve/tres_2_b/kepler/mastDownload/Kepler/kplr011446443_lc_Q111111110111011101/kplr011446443-2009259160929_llc.fits,6d41c0b2a8784c922789c5ceb53258b795d7b220c6026ff514d86c81dde65e83,kplr011446443-2009259160929_llc.fits,Kepler,kplr011446443-2009259160929_llc.fits,LIGHTCURVE,1,211.63386957925104,d,TIMESYS=TDB;BJDREFI=2454833;BJDREFF=0.0,long,1765.4628859418881,FITS_TIMEDEL,403200.09375,16.802030563354492,406519.125,17.064062118530273,0,5026,617.58244359678304,847.85259444629526,-0.0012771723559126258,-0.0049321986734867096,2,,,,,KIC 11446443,Kepler,Kepler Photometer,822892 FluxExporter2PipelineModule,True,False,True,True,2061,6d41c0b2a8784c922789c5ceb53258b795d7b220c6026ff514d86c81dde65e83,tres_2_b:kplr011446443-2009259160929_llc.fits,-0.071516992778454247,0.99990338087081909,4.1971983591793105e-05,PDCSAP_FLUX,406519.125,17.064062118530273,406558.40625,out_of_transit_median,segment_normalized,tres_2_b-e8e81778b059cb9a,0.99990338087081909,4.1971983591793105e-05
TrES-2 b,TrES-2,tres_2_b,MAST,data/raw/mast/lightkurve/tres_2_b/kepler/mastDownload/Kepler/kplr011446443_lc_Q111111110111011101/kplr011446443-2009166043257_llc.fits,10bfca91bdd928deda2e638de7a27cdc940b879452408a96b5be6146944639e9,kplr011446443-2009166043257_llc.fits,Kepler,kplr011446443-2009166043257_llc.fits,LIGHTCURVE,1,132.57488813421514,d,TIMESYS=TDB;BJDREFI=2454833;BJDREFF=0.0,long,1765.4628859418881,FITS_TIMEDEL,400378.71875,16.665689468383789,403684.5625,17.014389038085938,0,1157,621.21140406579491,848.91400553699214,0.0041017909534275532,-0.02218346856534481,1,,,,,KIC 11446443,Kepler,Kepler Photometer,795945 FluxExporter2PipelineModule,True,False,True,True,52,10bfca91bdd928deda2e638de7a27cdc940b879452408a96b5be6146944639e9,tres_2_b:kplr011446443-2009166043257_llc.fits,-0.070870373814360343,0.99996626377105713,4.2146311898250133e-05,PDCSAP_FLUX,403684.5625,17.014389038085938,403698.1875,out_of_transit_median,segment_normalized,tres_2_b-e8e81778b059cb9a,0.99996626377105713,4.2146311898250133e-05
TrES-2 b,TrES-2,tres_2_b,MAST,data/raw/mast/lightkurve/tres_2_b/kepler/mastDownload/Kepler/kplr011446443_lc_Q111111110111011101/kplr011446443-2009166043257_llc.fits,10bfca91bdd928deda2e638de7a27cdc940b879452408a96b5be6146944639e9,kplr011446443-2009166043257_llc.fits,Kepler,kplr011446443-2009166043257_llc.fits,LIGHTCURVE,1,159.75232523937302,d,TIMESYS=TDB;BJDREFI=2454833;BJDREFF=0.0,long,1765.4628859418881,FITS_TIMEDEL,398929.34375,16.638576507568359,403721.65625,17.022312164306641,0,2487,621.19795660087368,848.9830421320388,0.00021257995103951544,0.021535960957407951,1,,,,,KIC 11446443,Kepler,Kepler Photometer,795945 FluxExporter2PipelineModule,True,False,True,True,1382,10bfca91bdd928deda2e638de7a27cdc940b879452408a96b5be6146944639e9,tres_2_b:kplr011446443-2009166043257_llc.fits,-0.070180415656476702,1.0000581741333008,4.2165935155935585e-05,PDCSAP_FLUX,403721.65625,17.022312164306641,403698.1875,out_of_transit_median,segment_normalized,tres_2_b-e8e81778b059cb9a,1.0000581741333008,4.2165935155935585e-05
TrES-2 b,TrES-2,tres_2_b,MAST,data/raw/mast/lightkurve/tres_2_b/kepler/mastDownload/Kepler/kplr011446443_lc_Q111111110111011101/kplr011446443-2009259160929_llc.fits,6d41c0b2a8784c922789c5ceb53258b795d7b220c6026ff514d86c81dde65e83,kplr011446443-2009259160929_llc.fits,Kepler,kplr011446443-2009259160929_llc.fits,LIGHTCURVE,1,214.10633140111895,d,TIMESYS=TDB;BJDREFI=2454833;BJDREFF=0.0,long,1765.4628859418881,FITS_TIMEDEL,403240.34375,16.801357269287109,406524.625,17.061080932617188,0,5147,617.58323483718834,847.85874816565808,-0.00064318563090637326,0.0011046526487916708,2,,,,,KIC 11446443,Kepler,Kepler Photometer,822892 FluxExporter2PipelineModule,True,False,True,True,2182,6d41c0b2a8784c922789c5ceb53258b795d7b220c6026ff514d86c81dde65e83,tres_2_b:kplr011446443-2009259160929_llc.fits,-0.069668547910544332,0.99991691112518311,4.1964649426518008e-05,PDCSAP_FLUX,406524.625,17.061080932617188,406558.40625,out_of_transit_median,segment_normalized,tres_2_b-e8e81778b059cb9a,0.99991691112518311,4.1964649426518008e-05
TrES-2 b,TrES-2,tres_2_b,MAST,data/raw/mast/lightkurve/tres_2_b/kepler/mastDownload/Kepler/kplr011446443_lc_Q111111110111011101/kplr011446443-2009166043257_llc.fits,10bfca91bdd928deda2e638de7a27cdc940b879452408a96b5be6146944639e9,kplr011446443-2009166043257_llc.fits,Kepler,kplr011446443-2009166043257_llc.fits,LIGHTCURVE,1,162.22484802654071,d,TIMESYS=TDB;BJDREFI=2454833;BJDREFF=0.0,long,1765.4628859418881,FITS_TIMEDEL,398757.0625,16.638822555541992,403712.65625,17.011573791503906,0,2608,621.19710454245944,848.99214343098424,0.00048225815407931805,0.028234058991074562,1,,,,,KIC 11446443,Kepler,Kepler Photometer,795945 FluxExporter2PipelineModule,True,False,True,True,1503,10bfca91bdd928deda2e638de7a27cdc940b879452408a96b5be6146944639e9,tres_2_b:kplr011446443-2009166043257_llc.fits,-0.068271005488785841,1.0000358819961548,4.2139337892876938e-05,PDCSAP_FLUX,403712.65625,17.011573791503906,403698.1875,out_of_transit_median,segment_normalized,tres_2_b-e8e81778b059cb9a,1.0000358819961548,4.2139337892876938e-05
TrES-2 b,TrES-2,tres_2_b,MAST,data/raw/mast/lightkurve/tres_2_b/kepler/mastDownload/Kepler/kplr011446443_lc_Q111111110111011101/kplr011446443-2009259160929_llc.fits,6d41c0b2a8784c922789c5ceb53258b795d7b220c6026ff514d86c81dde65e83,kplr011446443-2009259160929_llc.fits,Kepler,kplr011446443-2009259160929_llc.fits,LIGHTCURVE,1,243.75519733342662,d,TIMESYS=TDB;BJDREFI=2454833;BJDREFF=0.0,long,1765.4628859418881,FITS_TIMEDEL,402919.5625,16.793519973754883,406503.5625,17.040462493896484,0,6598,617.59146632859938,847.9247609334783,0.0069403625093400478,0.067554391920566559,2,,,,,KIC 11446443,Kepler,Kepler Photometer,822892 FluxExporter2PipelineModule,True,False,True,True,3633,6d41c0b2a8784c922789c5ceb53258b795d7b220c6026ff514d86c81dde65e83,tres_2_b:kplr011446443-2009259160929_llc.fits,-0.06816313960287057,0.99986511468887329,4.191393600194715e-05,PDCSAP_FLUX,406503.5625,17.040462493896484,406558.40625,out_of_transit_median,segment_normalized,tres_2_b-e8e81778b059cb9a,0.99986511468887329,4.191393600194715e-05
TrES-2 b,TrES-2,tres_2_b,MAST,data/raw/mast/lightkurve/tres_2_b/kepler/mastDownload/Kepler/kplr011446443_lc_Q111111110111011101/kplr011446443-2009259160929_llc.fits,6d41c0b2a8784c922789c5ceb53258b795d7b220c6026ff514d86c81dde65e83,kplr011446443-2009259160929_llc.fits,Kepler,kplr011446443-2009259160929_llc.fits,LIGHTCURVE,1,189.4019977228163,d,TIMESYS=TDB;BJDREFI=2454833;BJDREFF=0.0,long,1765.4628859418881,FITS_TIMEDEL,403092.71875,16.809564590454102,406572.1875,17.063373565673828,0,3938,617.59076115257858,847.7591973372414,0.0072596161626279354,-0.094597816467285156,2,,,,,KIC 11446443,Kepler,Kepler Photometer,822892 FluxExporter2PipelineModule,True,False,True,True,973,6d41c0b2a8784c922789c5ceb53258b795d7b220c6026ff514d86c81dde65e83,tres_2_b:kplr011446443-2009259160929_llc.fits,-0.067868456213192152,1.0000338554382324,4.1970288293669e-05,PDCSAP_FLUX,406572.1875,17.063373565673828,406558.40625,out_of_transit_median,segment_normalized,tres_2_b-e8e81778b059cb9a,1.0000338554382324,4.1970288293669e-05
TrES-2 b,TrES-2,tres_2_b,MAST,data/raw/mast/lightkurve/tres_2_b/kepler/mastDownload/Kepler/kplr011446443_lc_Q111111110111011101/kplr011446443-2009259160929_llc.fits,6d41c0b2a8784c922789c5ceb53258b795d7b220c6026ff514d86c81dde65e83,kplr011446443-2009259160929_llc.fits,Kepler,kplr011446443-2009259160929_llc.fits,LIGHTCURVE,1,216.57879067405884,d,TIMESYS=TDB;BJDREFI=2454833;BJDREFF=0.0,long,1765.4628859418881,FITS_TIMEDEL,403281.375,16.803092956542969,406551.9375,17.061691284179688,0,5268,617.58386066171875,847.86453008928208,-5.3970245062373579e-05,0.0070193232968449593,2,,,,,KIC 11446443,Kepler,Kepler Photometer,822892 FluxExporter2PipelineModule,True,False,True,True,2303,6d41c0b2a8784c922789c5ceb53258b795d7b220c6026ff514d86c81dde65e83,tres_2_b:kplr011446443-2009259160929_llc.fits,-0.067822651970657732,0.99998408555984497,4.1966151911765337e-05,PDCSAP_FLUX,406551.9375,17.061691284179688,406558.40625,out_of_transit_median,segment_normalized,tres_2_b-e8e81778b059cb9a,0.99998408555984497,4.1966151911765337e-05
TrES-2 b,TrES-2,tres_2_b,MAST,data/raw/mast/lightkurve/tres_2_b/kepler/mastDownload/Kepler/kplr011446443_lc_Q111111110111011101/kplr011446443-2009166043257_llc.fits,10bfca91bdd928deda2e638de7a27cdc940b879452408a96b5be6146944639e9,kplr011446443-2009166043257_llc.fits,Kepler,kplr011446443-2009166043257_llc.fits,LIGHTCURVE,1,137.51996885130939,d,TIMESYS=TDB;BJDREFI=2454833;BJDREFF=0.0,long,1765.4628859418881,FITS_TIMEDEL,400192.5625,16.662111282348633,403676.4375,17.043912887573242,0,1399,621.20728615328255,848.92359297937151,0.00090298609575256705,-0.016130764037370682,1,,,,,KIC 11446443,Kepler,Kepler Photometer,795945 FluxExporter2PipelineModule,True,False,True,True,294,10bfca91bdd928deda2e638de7a27cdc940b879452408a96b5be6146944639e9,tres_2_b:kplr011446443-2009166043257_llc.fits,-0.067016410720117436,0.99994611740112305,4.221944254823029e-05,PDCSAP_FLUX,403676.4375,17.043912887573242,403698.1875,out_of_transit_median,segment_normalized,tres_2_b-e8e81778b059cb9a,0.99994611740112305,4.221944254823029e-05
TrES-2 b,TrES-2,tres_2_b,MAST,data/raw/mast/lightkurve/tres_2_b/kepler/mastDownload/Kepler/kplr011446443_lc_Q111111110111011101/kplr011446443-2009166043257_llc.fits,10bfca91bdd928deda2e638de7a27cdc940b879452408a96b5be6146944639e9,kplr011446443-2009166043257_llc.fits,Kepler,kplr011446443-2009166043257_llc.fits,LIGHTCURVE,1,164.69736806479341,d,TIMESYS=TDB;BJDREFI=2454833;BJDREFF=0.0,long,1765.4628859418881,FITS_TIMEDEL,398591.53125,16.634780883789062,403702.53125,16.971275329589844,0,2729,621.19580428234667,849.00055411019241,0.00024135301646310836,0.034208692610263824,1,,,,,KIC 11446443,Kepler,Kepler Photometer,795945 FluxExporter2PipelineModule,True,False,True,True,1624,10bfca91bdd928deda2e638de7a27cdc940b879452408a96b5be6146944639e9,tres_2_b:kplr011446443-2009166043257_llc.fits,-0.066364344236089279,1.0000107288360596,4.2039511754410341e-05,PDCSAP_FLUX,403702.53125,16.971275329589844,403698.1875,out_of_transit_median,segment_normalized,tres_2_b-e8e81778b059cb9a,1.0000107288360596,4.2039511754410341e-05
TrES-2 b,TrES-2,tres_2_b,MAST,data/raw/mast/lightkurve/tres_2_b/kepler/mastDownload/Kepler/kplr011446443_lc_Q111111110111011101/kplr011446443-2009259160929_llc.fits,6d41c0b2a8784c922789c5ceb53258b795d7b220c6026ff514d86c81dde65e83,kplr011446443-2009259160929_llc.fits,Kepler,kplr011446443-2009259160929_llc.fits,LIGHTCURVE,1,219.0512464992571,d,TIMESYS=TDB;BJDREFI=2454833;BJDREFF=0.0,long,1765.4628859418881,FITS_TIMEDEL,403266.71875,16.803192138671875,406563.875,17.063650131225586,0,5389,617.58652827178173,847.86841612535716,0.002347216010093689,0.010724767111241817,2,,,,,KIC 11446443,Kepler,Kepler Photometer,822892 FluxExporter2PipelineModule,True,False,True,True,2424,6d41c0b2a8784c922789c5ceb53258b795d7b220c6026ff514d86c81dde65e83,tres_2_b:kplr011446443-2009259160929_llc.fits,-0.065980203772390444,1.0000134706497192,4.1970968595705926e-05,PDCSAP_FLUX,406563.875,17.063650131225586,406558.40625,out_of_transit_median,segment_normalized,tres_2_b-e8e81778b059cb9a,1.0000134706497192,4.1970968595705926e-05
TrES-2 b,TrES-2,tres_2_b,MAST,data/raw/mast/lightkurve/tres_2_b/kepler/mastDownload/Kepler/kplr011446443_lc_Q111111110111011101/kplr011446443-2009166043257_llc.fits,10bfca91bdd928deda2e638de7a27cdc940b879452408a96b5be6146944639e9,kplr011446443-2009166043257_llc.fits,Kepler,kplr011446443-2009166043257_llc.fits,LIGHTCURVE,1,139.9925075466308,d,TIMESYS=TDB;BJDREFI=2454833;BJDREFF=0.0,long,1765.4628859418881,FITS_TIMEDEL,400095.0625,16.658050537109375,403671.3125,17.039297103881836,0,1520,621.20608658651645,848.92964738507158,0.00022387657372746617,-0.01196401659399271,1,,,,,KIC 11446443,Kepler,Kepler Photometer,795945 FluxExporter2PipelineModule,True,False,True,True,415,10bfca91bdd928deda2e638de7a27cdc940b879452408a96b5be6146944639e9,tres_2_b:kplr011446443-2009166043257_llc.fits,-0.065091092398698924,0.99993342161178589,4.2208008380839601e-05,PDCSAP_FLUX,403671.3125,17.039297103881836,403698.1875,out_of_transit_median,segment_normalized,tres_2_b-e8e81778b059cb9a,0.99993342161178589,4.2208008380839601e-05
TrES-2 b,TrES-2,tres_2_b,MAST,data/raw/mast/lightkurve/tres_2_b/kepler/mastDownload/Kepler/kplr011446443_lc_Q111111110111011101/kplr011446443-2009259160929_llc.fits,6d41c0b2a8784c922789c5ceb53258b795d7b220c6026ff514d86c81dde65e83,kplr011446443-2009259160929_llc.fits,Kepler,kplr011446443-2009259160929_llc.fits,LIGHTCURVE,1,248.70003792784701,d,TIMESYS=TDB;BJDREFI=2454833;BJDREFF=0.0,long,1765.4628859418881,FITS_TIMEDEL,403100.28125,16.794759750366211,406646.96875,17.053899765014648,0,6840,617.55370826624039,847.97579853704303,-0.028557904064655304,0.12394140660762787,2,,,,,KIC 11446443,Kepler,Kepler Photometer,822892 FluxExporter2PipelineModule,True,False,True,True,3875,6d41c0b2a8784c922789c5ceb53258b795d7b220c6026ff514d86c81dde65e83,tres_2_b:kplr011446443-2009259160929_llc.fits,-0.064549299182486086,1.0002177953720093,4.1946987039409578e-05,PDCSAP_FLUX,406646.96875,17.053899765014648,406558.40625,out_of_transit_median,segment_normalized,tres_2_b-e8e81778b059cb9a,1.0002177953720093,4.1946987039409578e-05
TrES-2 b,TrES-2,tres_2_b,MAST,data/raw/mast/lightkurve/tres_2_b/kepler/mastDownload/Kepler/kplr011446443_lc_Q111111110111011101/kplr011446443-2009259160929_llc.fits,6d41c0b2a8784c922789c5ceb53258b795d7b220c6026ff514d86c81dde65e83,kplr011446443-2009259160929_llc.fits,Kepler,kplr011446443-2009259160929_llc.fits,LIGHTCURVE,1,221.52369918227487,d,TIMESYS=TDB;BJDREFI=2454833;BJDREFF=0.0,long,1765.4628859418881,FITS_TIMEDEL,403203.78125,16.801815032958984,406553.15625,17.062704086303711,0,5510,617.58900923353247,847.87354019740155,0.0048795514740049839,0.015812216326594353,2,,,,,KIC 11446443,Kepler,Kepler Photometer,822892 FluxExporter2PipelineModule,True,False,True,True,2545,6d41c0b2a8784c922789c5ceb53258b795d7b220c6026ff514d86c81dde65e83,tres_2_b:kplr011446443-2009259160929_llc.fits,-0.064140897754626502,0.99998706579208374,4.1968640289269388e-05,PDCSAP_FLUX,406553.15625,17.062704086303711,406558.40625,out_of_transit_median,segment_normalized,tres_2_b-e8e81778b059cb9a,0.99998706579208374,4.1968640289269388e-05
TrES-2 b,TrES-2,tres_2_b,MAST,data/raw/mast/lightkurve/tres_2_b/kepler/mastDownload/Kepler/kplr011446443_lc_Q111111110111011101/kplr011446443-2009259160929_llc.fits,6d41c0b2a8784c922789c5ceb53258b795d7b220c6026ff514d86c81dde65e83,kplr011446443-2009259160929_llc.fits,Kepler,kplr011446443-2009259160929_llc.fits,LIGHTCURVE,1,194.34697646567656,d,TIMESYS=TDB;BJDREFI=2454833;BJDREFF=0.0,long,1765.4628859418881,FITS_TIMEDEL,403040.5,16.807649612426758,406608.46875,17.065101623535156,0,4180,617.59364763358985,847.77052847088498,0.0098243877291679382,-0.084287889301776886,2,,,,,KIC 11446443,Kepler,Kepler Photometer,822892 FluxExporter2PipelineModule,True,False,True,True,1215,6d41c0b2a8784c922789c5ceb53258b795d7b220c6026ff514d86c81dde65e83,tres_2_b:kplr011446443-2009259160929_llc.fits,-0.064116467352934192,1.000123143196106,4.1974537452915683e-05,PDCSAP_FLUX,406608.46875,17.065101623535156,406558.40625,out_of_transit_median,segment_normalized,tres_2_b-e8e81778b059cb9a,1.000123143196106,4.1974537452915683e-05
TrES-2 b,TrES-2,tres_2_b,MAST,data/raw/mast/lightkurve/tres_2_b/kepler/mastDownload/Kepler/kplr011446443_lc_Q111111110111011101/kplr011446443-2009166043257_llc.fits,10bfca91bdd928deda2e638de7a27cdc940b879452408a96b5be6146944639e9,kplr011446443-2009166043257_llc.fits,Kepler,kplr011446443-2009166043257_llc.fits,LIGHTCURVE,1,142.46504481120792,d,TIMESYS=TDB;BJDREFI=2454833;BJDREFF=0.0,long,1765.4628859418881,FITS_TIMEDEL,399960.84375,16.655441284179688,403680.75,17.031293869018555,0,1641,621.20357650904998,848.93543301621503,-0.0012365859001874924,-0.0085338316857814789,1,,,,,KIC 11446443,Kepler,Kepler Photometer,795945 FluxExporter2PipelineModule,True,False,True,True,536,10bfca91bdd928deda2e638de7a27cdc940b879452408a96b5be6146944639e9,tres_2_b:kplr011446443-2009166043257_llc.fits,-0.063167204821585665,0.99995678663253784,4.2188185034319758e-05,PDCSAP_FLUX,403680.75,17.031293869018555,403698.1875,out_of_transit_median,segment_normalized,tres_2_b-e8e81778b059cb9a,0.99995678663253784,4.2188185034319758e-05
TrES-2 b,TrES-2,tres_2_b,MAST,data/raw/mast/lightkurve/tres_2_b/kepler/mastDownload/Kepler/kplr011446443_lc_Q111111110111011101/kplr011446443-2009259160929_llc.fits,6d41c0b2a8784c922789c5ceb53258b795d7b220c6026ff514d86c81dde65e83,kplr011446443-2009259160929_llc.fits,Kepler,kplr011446443-2009259160929_llc.fits,LIGHTCURVE,1,223.9961486338434,d,TIMESYS=TDB;BJDREFI=2454833;BJDREFF=0.0,long,1765.4628859418881,FITS_TIMEDEL,403226.75,16.800451278686523,406594.34375,17.055698394775391,0,5631,617.5912408302861,847.87810521935307,0.0068802977912127972,0.020385095849633217,2,,,,,KIC 11446443,Kepler,Kepler Photometer,822892 FluxExporter2PipelineModule,True,False,True,True,2666,6d41c0b2a8784c922789c5ceb53258b795d7b220c6026ff514d86c81dde65e83,tres_2_b:kplr011446443-2009259160929_llc.fits,-0.062304823186089875,1.0000884532928467,4.1951410821639001e-05,PDCSAP_FLUX,406594.34375,17.055698394775391,406558.40625,out_of_transit_median,segment_normalized,tres_2_b-e8e81778b059cb9a,1.0000884532928467,4.1951410821639001e-05
TrES-2 b,TrES-2,tres_2_b,MAST,data/raw/mast/lightkurve/tres_2_b/kepler/mastDownload/Kepler/kplr011446443_lc_Q111111110111011101/kplr011446443-2009259160929_llc.fits,6d41c0b2a8784c922789c5ceb53258b795d7b220c6026ff514d86c81dde65e83,kplr011446443-2009259160929_llc.fits,Kepler,kplr011446443-2009259160929_llc.fits,LIGHTCURVE,1,196.81946112787409,d,TIMESYS=TDB;BJDREFI=2454833;BJDREFF=0.0,long,1765.4628859418881,FITS_TIMEDEL,403015.9375,16.805034637451172,406577.78125,17.062122344970703,0,4301,617.5951942856293,847.77529556511627,0.011145805008709431,-0.0799860879778862,2,,,,,KIC 11446443,Kepler,Kepler Photometer,822892 FluxExporter2PipelineModule,True,False,True,True,1336,6d41c0b2a8784c922789c5ceb53258b795d7b220c6026ff514d86c81dde65e83,tres_2_b:kplr011446443-2009259160929_llc.fits,-0.062245182155403755,1.0000476837158203,4.1967210563598201e-05,PDCSAP_FLUX,406577.78125,17.062122344970703,406558.40625,out_of_transit_median,segment_normalized,tres_2_b-e8e81778b059cb9a,1.0000476837158203,4.1967210563598201e-05
TrES-2 b,TrES-2,tres_2_b,MAST,data/raw/mast/lightkurve/tres_2_b/kepler/mastDownload/Kepler/kplr011446443_lc_Q111111110111011101/kplr011446443-2009166043257_llc.fits,10bfca91bdd928deda2e638de7a27cdc940b879452408a96b5be6146944639e9,kplr011446443-2009166043257_llc.fits,Kepler,kplr011446443-2009166043257_llc.fits,LIGHTCURVE,1,144.93758063188579,d,TIMESYS=TDB;BJDREFI=2454833;BJDREFF=0.0,long,1765.4628859418881,FITS_TIMEDEL,399812.09375,16.654512405395508,403678.03125,17.036783218383789,0,1762,621.20234444232767,848.94157552013348,-0.0016042777569964528,-0.0050058658234775066,1,,,,,KIC 11446443,Kepler,Kepler Photometer,795945 FluxExporter2PipelineModule,True,False,True,True,657,10bfca91bdd928deda2e638de7a27cdc940b879452408a96b5be6146944639e9,tres_2_b:kplr011446443-2009166043257_llc.fits,-0.061244761143709026,0.99995005130767822,4.2201783799100667e-05,PDCSAP_FLUX,403678.03125,17.036783218383789,403698.1875,out_of_transit_median,segment_normalized,tres_2_b-e8e81778b059cb9a,0.99995005130767822,4.2201783799100667e-05
TrES-2 b,TrES-2,tres_2_b,MAST,data/raw/mast/lightkurve/tres_2_b/kepler/mastDownload/Kepler/kplr011446443_lc_Q111111110111011101/kplr011446443-2009259160929_llc.fits,6d41c0b2a8784c922789c5ceb53258b795d7b220c6026ff514d86c81dde65e83,kplr011446443-2009259160929_llc.fits,Kepler,kplr011446443-2009259160929_llc.fits,LIGHTCURVE,1,253.64486722743459,d,TIMESYS=TDB;BJDREFI=2454833;BJDREFF=0.0,long,1765.4628859418881,FITS_TIMEDEL,403072.03125,16.795242309570312,406520.4375,17.046552658081055,0,7082,617.5569873062135,847.98257849263746,-0.0256841741502285,0.13198068737983704,2,,,,,KIC 11446443,Kepler,Kepler Photometer,822892 FluxExporter2PipelineModule,True,False,True,True,4117,6d41c0b2a8784c922789c5ceb53258b795d7b220c6026ff514d86c81dde65e83,tres_2_b:kplr011446443-2009259160929_llc.fits,-0.06094675359490398,0.99990659952163696,4.1928913560695946e-05,PDCSAP_FLUX,406520.4375,17.046552658081055,406558.40625,out_of_transit_median,segment_normalized,tres_2_b-e8e81778b059cb9a,0.99990659952163696,4.1928913560695946e-05
TrES-2 b,TrES-2,tres_2_b,MAST,data/raw/mast/lightkurve/tres_2_b/kepler/mastDownload/Kepler/kplr011446443_lc_Q111111110111011101/kplr011446443-2009259160929_llc.fits,6d41c0b2a8784c922789c5ceb53258b795d7b220c6026ff514d86c81dde65e83,kplr011446443-2009259160929_llc.fits,Kepler,kplr011446443-2009259160929_llc.fits,LIGHTCURVE,1,172.11491454423231,d,TIMESYS=TDB;BJDREFI=2454833;BJDREFF=0.0,long,1765.4628859418881,FITS_TIMEDEL,403889.71875,16.824577331542969,406536.5,17.071846008300781,0,3092,617.577025644635,847.71892716069294,-0.0060206437483429909,-0.12713691592216492,2,,,,,KIC 11446443,Kepler,Kepler Photometer,822892 FluxExporter2PipelineModule,True,False,True,True,127,6d41c0b2a8784c922789c5ceb53258b795d7b220c6026ff514d86c81dde65e83,tres_2_b:kplr011446443-2009259160929_llc.fits,-0.060657995797191555,0.99994611740112305,4.1991126636276022e-05,PDCSAP_FLUX,406536.5,17.071846008300781,406558.40625,out_of_transit_median,segment_normalized,tres_2_b-e8e81778b059cb9a,0.99994611740112305,4.1991126636276022e-05
TrES-2 b,TrES-2,tres_2_b,MAST,data/raw/mast/lightkurve/tres_2_b/kepler/mastDownload/Kepler/kplr011446443_lc_Q111111110111011101/kplr011446443-2009259160929_llc.fits,6d41c0b2a8784c922789c5ceb53258b795d7b220c6026ff514d86c81dde65e83,kplr011446443-2009259160929_llc.fits,Kepler,kplr011446443-2009259160929_llc.fits,LIGHTCURVE,1,226.46859477001999,d,TIMESYS=TDB;BJDREFI=2454833;BJDREFF=0.0,long,1765.4628859418881,FITS_TIMEDEL,403161.1875,16.800010681152344,406569.4375,17.047922134399414,0,5752,617.59423897321938,847.88177793350974,0.0096927853301167488,0.023900723084807396,2,,,,,KIC 11446443,Kepler,Kepler Photometer,822892 FluxExporter2PipelineModule,True,False,True,True,2787,6d41c0b2a8784c922789c5ceb53258b795d7b220c6026ff514d86c81dde65e83,tres_2_b:kplr011446443-2009259160929_llc.fits,-0.060472064009503557,1.0000271797180176,4.1932282329071313e-05,PDCSAP_FLUX,406569.4375,17.047922134399414,406558.40625,out_of_transit_median,segment_normalized,tres_2_b-e8e81778b059cb9a,1.0000271797180176,4.1932282329071313e-05
TrES-2 b,TrES-2,tres_2_b,MAST,data/raw/mast/lightkurve/tres_2_b/kepler/mastDownload/Kepler/kplr011446443_lc_Q111111110111011101/kplr011446443-2009259160929_llc.fits,6d41c0b2a8784c922789c5ceb53258b795d7b220c6026ff514d86c81dde65e83,kplr011446443-2009259160929_llc.fits,Kepler,kplr011446443-2009259160929_llc.fits,LIGHTCURVE,1,199.29194286711572,d,TIMESYS=TDB;BJDREFI=2454833;BJDREFF=0.0,long,1765.4628859418881,FITS_TIMEDEL,402962.25,16.803167343139648,406533.21875,17.061939239501953,0,4422,617.5969518100494,847.7803890447484,0.01267137099057436,-0.075245805084705353,2,,,,,KIC 11446443,Kepler,Kepler Photometer,822892 FluxExporter2PipelineModule,True,False,True,True,1457,6d41c0b2a8784c922789c5ceb53258b795d7b220c6026ff514d86c81dde65e83,tres_2_b:kplr011446443-2009259160929_llc.fits,-0.060376819913773749,0.99993807077407837,4.1966759454226121e-05,PDCSAP_FLUX,406533.21875,17.061939239501953,406558.40625,out_of_transit_median,segment_normalized,tres_2_b-e8e81778b059cb9a,0.99993807077407837,4.1966759454226121e-05
TrES-2 b,TrES-2,tres_2_b,MAST,data/raw/mast/lightkurve/tres_2_b/kepler/mastDownload/Kepler/kplr011446443_lc_Q111111110111011101/kplr011446443-2009166043257_llc.fits,10bfca91bdd928deda2e638de7a27cdc940b879452408a96b5be6146944639e9,kplr011446443-2009166043257_llc.fits,Kepler,kplr011446443-2009166043257_llc.fits,LIGHTCURVE,1,147.41011489795346,d,TIMESYS=TDB;BJDREFI=2454833;BJDREFF=0.0,long,1765.4628859418881,FITS_TIMEDEL,399661.03125,16.649784088134766,403673.4375,17.037370681762695,0,1883,621.20254353641167,848.94815643637889,-0.00039053105865605175,-0.00086528534302487969,1,,,,,KIC 11446443,Kepler,Kepler Photometer,795945 FluxExporter2PipelineModule,True,False,True,True,778,10bfca91bdd928deda2e638de7a27cdc940b879452408a96b5be6146944639e9,tres_2_b:kplr011446443-2009166043257_llc.fits,-0.059323872076040063,0.99993866682052612,4.2203238990623504e-05,PDCSAP_FLUX,403673.4375,17.037370681762695,403698.1875,out_of_transit_median,segment_normalized,tres_2_b-e8e81778b059cb9a,0.99993866682052612,4.2203238990623504e-05
TrES-2 b,TrES-2,tres_2_b,MAST,data/raw/mast/lightkurve/tres_2_b/kepler/mastDownload/Kepler/kplr011446443_lc_Q111111110111011101/kplr011446443-2009259160929_llc.fits,6d41c0b2a8784c922789c5ceb53258b795d7b220c6026ff514d86c81dde65e83,kplr011446443-2009259160929_llc.fits,Kepler,kplr011446443-2009259160929_llc.fits,LIGHTCURVE,1,174.5874253547081,d,TIMESYS=TDB;BJDREFI=2454833;BJDREFF=0.0,long,1765.4628859418881,FITS_TIMEDEL,403626.40625,16.818386077880859,406528,17.070735931396484,0,3213,617.5804305860047,847.72497265541051,-0.0028100078925490379,-0.12284178286790848,2,,,,,KIC 11446443,Kepler,Kepler Photometer,822892 FluxExporter2PipelineModule,True,False,True,True,248,6d41c0b2a8784c922789c5ceb53258b795d7b220c6026ff514d86c81dde65e83,tres_2_b:kplr011446443-2009259160929_llc.fits,-0.058760562321394927,0.99992519617080688,4.1988398152170703e-05,PDCSAP_FLUX,406528,17.070735931396484,406558.40625,out_of_transit_median,segment_normalized,tres_2_b-e8e81778b059cb9a,0.99992519617080688,4.1988398152170703e-05
TrES-2 b,TrES-2,tres_2_b,MAST,data/raw/mast/lightkurve/tres_2_b/kepler/mastDownload/Kepler/kplr011446443_lc_Q111111110111011101/kplr011446443-2009259160929_llc.fits,6d41c0b2a8784c922789c5ceb53258b795d7b220c6026ff514d86c81dde65e83,kplr011446443-2009259160929_llc.fits,Kepler,kplr011446443-2009259160929_llc.fits,LIGHTCURVE,1,228.94103781152808,d,TIMESYS=TDB;BJDREFI=2454833;BJDREFF=0.0,long,1765.4628859418881,FITS_TIMEDEL,403088.5,16.797748565673828,406560.9375,17.047290802001953,0,5873,617.59763957277596,847.88539807439611,0.012748016975820065,0.027455920353531837,2,,,,,KIC 11446443,Kepler,Kepler Photometer,822892 FluxExporter2PipelineModule,True,False,True,True,2908,6d41c0b2a8784c922789c5ceb53258b795d7b220c6026ff514d86c81dde65e83,tres_2_b:kplr011446443-2009259160929_llc.fits,-0.058642399501417364,1.0000061988830566,4.1930728912120685e-05,PDCSAP_FLUX,406560.9375,17.047290802001953,406558.40625,out_of_transit_median,segment_normalized,tres_2_b-e8e81778b059cb9a,1.0000061988830566,4.1930728912120685e-05
TrES-2 b,TrES-2,tres_2_b,MAST,data/raw/mast/lightkurve/tres_2_b/kepler/mastDownload/Kepler/kplr011446443_lc_Q111111110111011101/kplr011446443-2009259160929_llc.fits,6d41c0b2a8784c922789c5ceb53258b795d7b220c6026ff514d86c81dde65e83,kplr011446443-2009259160929_llc.fits,Kepler,kplr011446443-2009259160929_llc.fits,LIGHTCURVE,1,201.7644212521991,d,TIMESYS=TDB;BJDREFI=2454833;BJDREFF=0.0,long,1765.4628859418881,FITS_TIMEDEL,403226.125,16.80401611328125,406621.59375,17.064485549926758,0,4543,617.57681410087196,847.83236918092723,-0.0063153086230158806,-0.024902740493416786,2,,,,,KIC 11446443,Kepler,Kepler Photometer,822892 FluxExporter2PipelineModule,True,False,True,True,1578,6d41c0b2a8784c922789c5ceb53258b795d7b220c6026ff514d86c81dde65e83,tres_2_b:kplr011446443-2009259160929_llc.fits,-0.058511811830396221,1.0001554489135742,4.1973024053731933e-05,PDCSAP_FLUX,406621.59375,17.064485549926758,406558.40625,out_of_transit_median,segment_normalized,tres_2_b-e8e81778b059cb9a,1.0001554489135742,4.1973024053731933e-05
TrES-2 b,TrES-2,tres_2_b,MAST,data/raw/mast/lightkurve/tres_2_b/kepler/mastDownload/Kepler/kplr011446443_lc_Q111111110111011101/kplr011446443-2009131105131_llc.fits,e1699c5dd0089c35d908b711b302f72ba974edc68e030dae3e9a65d5065f7d0c,kplr011446443-2009131105131_llc.fits,Kepler,kplr011446443-2009131105131_llc.fits,LIGHTCURVE,1,122.70515022905602,d,TIMESYS=TDB;BJDREFI=2454833;BJDREFF=0.0,long,1765.4628859418881,FITS_TIMEDEL,401333.21875,16.693321228027344,406218.90625,17.000770568847656,0,674,621.22021073788733,848.89369248253377,0.0017473330954089761,-0.0039562573656439781,0,,,,,KIC 11446443,Kepler,Kepler Photometer,793548 FluxExporter2PipelineModule,True,False,True,True,106,e1699c5dd0089c35d908b711b302f72ba974edc68e030dae3e9a65d5065f7d0c,tres_2_b:kplr011446443-2009131105131_llc.fits,-0.058154770973487757,1.0001183748245239,4.1856208554236218e-05,PDCSAP_FLUX,406218.90625,17.000770568847656,406170.8125,out_of_transit_median,segment_normalized,tres_2_b-e8e81778b059cb9a,1.0001183748245239,4.1856208554236218e-05
TrES-2 b,TrES-2,tres_2_b,MAST,data/raw/mast/lightkurve/tres_2_b/kepler/mastDownload/Kepler/kplr011446443_lc_Q111111110111011101/kplr011446443-2009259160929_llc.fits,6d41c0b2a8784c922789c5ceb53258b795d7b220c6026ff514d86c81dde65e83,kplr011446443-2009259160929_llc.fits,Kepler,kplr011446443-2009259160929_llc.fits,LIGHTCURVE,1,177.05993351766665,d,TIMESYS=TDB;BJDREFI=2454833;BJDREFF=0.0,long,1765.4628859418881,FITS_TIMEDEL,403481.71875,16.817596435546875,406560.375,17.073375701904297,0,3334,617.58257149940926,847.73032454751558,-0.00055465480545535684,-0.11887433379888535,2,,,,,KIC 11446443,Kepler,Kepler Photometer,822892 FluxExporter2PipelineModule,True,False,True,True,369,6d41c0b2a8784c922789c5ceb53258b795d7b220c6026ff514d86c81dde65e83,tres_2_b:kplr011446443-2009259160929_llc.fits,-0.056865776362847287,1.0000048875808716,4.1994891944341362e-05,PDCSAP_FLUX,406560.375,17.073375701904297,406558.40625,out_of_transit_median,segment_normalized,tres_2_b-e8e81778b059cb9a,1.0000048875808716,4.1994891944341362e-05
TrES-2 b,TrES-2,tres_2_b,MAST,data/raw/mast/lightkurve/tres_2_b/kepler/mastDownload/Kepler/kplr011446443_lc_Q111111110111011101/kplr011446443-2009259160929_llc.fits,6d41c0b2a8784c922789c5ceb53258b795d7b220c6026ff514d86c81dde65e83,kplr011446443-2009259160929_llc.fits,Kepler,kplr011446443-2009259160929_llc.fits,LIGHTCURVE,1,204.23689655541966,d,TIMESYS=TDB;BJDREFI=2454833;BJDREFF=0.0,long,1765.4628859418881,FITS_TIMEDEL,403173.5625,16.801998138427734,406566.71875,17.059087753295898,0,4664,617.57828140582819,847.83759678236652,-0.0050846906378865242,-0.019826490432024002,2,,,,,KIC 11446443,Kepler,Kepler Photometer,822892 FluxExporter2PipelineModule,True,False,True,True,1699,6d41c0b2a8784c922789c5ceb53258b795d7b220c6026ff514d86c81dde65e83,tres_2_b:kplr011446443-2009259160929_llc.fits,-0.056649885609833417,1.0000205039978027,4.1959745431086048e-05,PDCSAP_FLUX,406566.71875,17.059087753295898,406558.40625,out_of_transit_median,segment_normalized,tres_2_b-e8e81778b059cb9a,1.0000205039978027,4.1959745431086048e-05
TrES-2 b,TrES-2,tres_2_b,MAST,data/raw/mast/lightkurve/tres_2_b/kepler/mastDownload/Kepler/kplr011446443_lc_Q111111110111011101/kplr011446443-2009259160929_llc.fits,6d41c0b2a8784c922789c5ceb53258b795d7b220c6026ff514d86c81dde65e83,kplr011446443-2009259160929_llc.fits,Kepler,kplr011446443-2009259160929_llc.fits,LIGHTCURVE,1,233.88591431926761,d,TIMESYS=TDB;BJDREFI=2454833;BJDREFF=0.0,long,1765.4628859418881,FITS_TIMEDEL,403181.65625,16.796846389770508,406628.09375,17.043155670166016,0,6115,617.57707737843327,847.91093874462285,-0.00657228147611022,0.053397390991449356,2,,,,,KIC 11446443,Kepler,Kepler Photometer,822892 FluxExporter2PipelineModule,True,False,True,True,3150,6d41c0b2a8784c922789c5ceb53258b795d7b220c6026ff514d86c81dde65e83,tres_2_b:kplr011446443-2009259160929_llc.fits,-0.054992645761880565,1.000171422958374,4.1920560761354864e-05,PDCSAP_FLUX,406628.09375,17.043155670166016,406558.40625,out_of_transit_median,segment_normalized,tres_2_b-e8e81778b059cb9a,1.000171422958374,4.1920560761354864e-05
TrES-2 b,TrES-2,tres_2_b,MAST,data/raw/mast/lightkurve/tres_2_b/kepler/mastDownload/Kepler/kplr011446443_lc_Q111111110111011101/kplr011446443-2009259160929_llc.fits,6d41c0b2a8784c922789c5ceb53258b795d7b220c6026ff514d86c81dde65e83,kplr011446443-2009259160929_llc.fits,Kepler,kplr011446443-2009259160929_llc.fits,LIGHTCURVE,1,179.53243886418932,d,TIMESYS=TDB;BJDREFI=2454833;BJDREFF=0.0,long,1765.4628859418881,FITS_TIMEDEL,403374.875,16.813777923583984,406604.59375,17.068624496459961,0,3455,617.58360041623087,847.73551344394878,0.0005116379470564425,-0.11493074148893356,2,,,,,KIC 11446443,Kepler,Kepler Photometer,822892 FluxExporter2PipelineModule,True,False,True,True,490,6d41c0b2a8784c922789c5ceb53258b795d7b220c6026ff514d86c81dde65e83,tres_2_b:kplr011446443-2009259160929_llc.fits,-0.054973806840180606,1.0001136064529419,4.1983203118434176e-05,PDCSAP_FLUX,406604.59375,17.068624496459961,406558.40625,out_of_transit_median,segment_normalized,tres_2_b-e8e81778b059cb9a,1.0001136064529419,4.1983203118434176e-05
TrES-2 b,TrES-2,tres_2_b,MAST,data/raw/mast/lightkurve/tres_2_b/kepler/mastDownload/Kepler/kplr011446443_lc_Q111111110111011101/kplr011446443-2009131105131_llc.fits,e1699c5dd0089c35d908b711b302f72ba974edc68e030dae3e9a65d5065f7d0c,kplr011446443-2009131105131_llc.fits,Kepler,kplr011446443-2009131105131_llc.fits,LIGHTCURVE,1,130.12278068812157,d,TIMESYS=TDB;BJDREFI=2454833;BJDREFF=0.0,long,1765.4628859418881,FITS_TIMEDEL,401053.34375,16.689342498779297,406383.40625,16.825103759765625,0,1037,621.21312077806965,848.90780666002502,-0.0036145849153399467,0.0045309937559068203,0,,,,,KIC 11446443,Kepler,Kepler Photometer,793548 FluxExporter2PipelineModule,True,False,True,True,469,e1699c5dd0089c35d908b711b302f72ba974edc68e030dae3e9a65d5065f7d0c,tres_2_b:kplr011446443-2009131105131_llc.fits,-0.052364442907938402,1.0005234479904175,4.1423714719712734e-05,PDCSAP_FLUX,406383.40625,16.825103759765625,406170.8125,out_of_transit_median,segment_normalized,tres_2_b-e8e81778b059cb9a,1.0005234479904175,4.1423714719712734e-05
TrES-2 b,TrES-2,tres_2_b,MAST,data/raw/mast/lightkurve/tres_2_b/kepler/mastDownload/Kepler/kplr011446443_lc_Q111111110111011101/kplr011446443-2009166043257_llc.fits,10bfca91bdd928deda2e638de7a27cdc940b879452408a96b5be6146944639e9,kplr011446443-2009166043257_llc.fits,Kepler,kplr011446443-2009166043257_llc.fits,LIGHTCURVE,1,159.77275932435441,d,TIMESYS=TDB;BJDREFI=2454833;BJDREFF=0.0,long,1765.4628859418881,FITS_TIMEDEL,398904.46875,16.636161804199219,403708,17.017688751220703,0,2488,621.19794666898622,848.98316182088627,0.00011116662062704563,0.021629728376865387,1,,,,,KIC 11446443,Kepler,Kepler Photometer,795945 FluxExporter2PipelineModule,True,False,True,True,1383,10bfca91bdd928deda2e638de7a27cdc940b879452408a96b5be6146944639e9,tres_2_b:kplr011446443-2009166043257_llc.fits,-0.049746330675087824,1.0000243186950684,4.2154482798650861e-05,PDCSAP_FLUX,403708,17.017688751220703,403698.1875,out_of_transit_median,segment_normalized,tres_2_b-e8e81778b059cb9a,1.0000243186950684,4.2154482798650861e-05
TrES-2 b,TrES-2,tres_2_b,MAST,data/raw/mast/lightkurve/tres_2_b/kepler/mastDownload/Kepler/kplr011446443_lc_Q111111110111011101/kplr011446443-2009166043257_llc.fits,10bfca91bdd928deda2e638de7a27cdc940b879452408a96b5be6146944639e9,kplr011446443-2009166043257_llc.fits,Kepler,kplr011446443-2009166043257_llc.fits,LIGHTCURVE,1,135.06786326238944,d,TIMESYS=TDB;BJDREFI=2454833;BJDREFF=0.0,long,1765.4628859418881,FITS_TIMEDEL,400315.125,16.663564682006836,403709.15625,17.04803466796875,0,1279,621.20917159920884,848.91882188011255,0.0022857084404677153,-0.019086863845586777,1,,,,,KIC 11446443,Kepler,Kepler Photometer,795945 FluxExporter2PipelineModule,True,False,True,True,174,10bfca91bdd928deda2e638de7a27cdc940b879452408a96b5be6146944639e9,tres_2_b:kplr011446443-2009166043257_llc.fits,-0.04850862264006639,1.0000271797180176,4.2229654354741797e-05,PDCSAP_FLUX,403709.15625,17.04803466796875,403698.1875,out_of_transit_median,segment_normalized,tres_2_b-e8e81778b059cb9a,1.0000271797180176,4.2229654354741797e-05
TrES-2 b,TrES-2,tres_2_b,MAST,data/raw/mast/lightkurve/tres_2_b/kepler/mastDownload/Kepler/kplr011446443_lc_Q111111110111011101/kplr011446443-2009166043257_llc.fits,10bfca91bdd928deda2e638de7a27cdc940b879452408a96b5be6146944639e9,kplr011446443-2009166043257_llc.fits,Kepler,kplr011446443-2009166043257_llc.fits,LIGHTCURVE,1,162.24528219336207,d,TIMESYS=TDB;BJDREFI=2454833;BJDREFF=0.0,long,1765.4628859418881,FITS_TIMEDEL,398782.875,16.6392822265625,403728.71875,17.005153656005859,0,2609,621.19738094901663,848.99207046931224,0.00078406004467979074,0.028155112639069557,1,,,,,KIC 11446443,Kepler,Kepler Photometer,795945 FluxExporter2PipelineModule,True,False,True,True,1504,10bfca91bdd928deda2e638de7a27cdc940b879452408a96b5be6146944639e9,tres_2_b:kplr011446443-2009166043257_llc.fits,-0.047836838667425718,1.0000755786895752,4.2123432649532333e-05,PDCSAP_FLUX,403728.71875,17.005153656005859,403698.1875,out_of_transit_median,segment_normalized,tres_2_b-e8e81778b059cb9a,1.0000755786895752,4.2123432649532333e-05
TrES-2 b,TrES-2,tres_2_b,MAST,data/raw/mast/lightkurve/tres_2_b/kepler/mastDownload/Kepler/kplr011446443_lc_Q111111110111011101/kplr011446443-2009259160929_llc.fits,6d41c0b2a8784c922789c5ceb53258b795d7b220c6026ff514d86c81dde65e83,kplr011446443-2009259160929_llc.fits,Kepler,kplr011446443-2009259160929_llc.fits,LIGHTCURVE,1,189.42243154750031,d,TIMESYS=TDB;BJDREFI=2454833;BJDREFF=0.0,long,1765.4628859418881,FITS_TIMEDEL,403064.59375,16.809053421020508,406538.96875,17.063766479492188,0,3939,617.59078395781285,847.75930050718921,0.0071965306997299194,-0.094457812607288361,2,,,,,KIC 11446443,Kepler,Kepler Photometer,822892 FluxExporter2PipelineModule,True,False,True,True,974,6d41c0b2a8784c922789c5ceb53258b795d7b220c6026ff514d86c81dde65e83,tres_2_b:kplr011446443-2009259160929_llc.fits,-0.047434631529186921,0.99995219707489014,4.1971255996031687e-05,PDCSAP_FLUX,406538.96875,17.063766479492188,406558.40625,out_of_transit_median,segment_normalized,tres_2_b-e8e81778b059cb9a,0.99995219707489014,4.1971255996031687e-05
TrES-2 b,TrES-2,tres_2_b,MAST,data/raw/mast/lightkurve/tres_2_b/kepler/mastDownload/Kepler/kplr011446443_lc_Q111111110111011101/kplr011446443-2009166043257_llc.fits,10bfca91bdd928deda2e638de7a27cdc940b879452408a96b5be6146944639e9,kplr011446443-2009166043257_llc.fits,Kepler,kplr011446443-2009166043257_llc.fits,LIGHTCURVE,1,164.71780211252917,d,TIMESYS=TDB;BJDREFI=2454833;BJDREFF=0.0,long,1765.4628859418881,FITS_TIMEDEL,398601.15625,16.634899139404297,403716.1875,16.970468521118164,0,2730,621.19563773577931,849.00062582884914,0.00029793131398037076,0.034322157502174377,1,,,,,KIC 11446443,Kepler,Kepler Photometer,795945 FluxExporter2PipelineModule,True,False,True,True,1625,10bfca91bdd928deda2e638de7a27cdc940b879452408a96b5be6146944639e9,tres_2_b:kplr011446443-2009166043257_llc.fits,-0.045930296500327428,1.000044584274292,4.2037514504045248e-05,PDCSAP_FLUX,403716.1875,16.970468521118164,403698.1875,out_of_transit_median,segment_normalized,tres_2_b-e8e81778b059cb9a,1.000044584274292,4.2037514504045248e-05
TrES-2 b,TrES-2,tres_2_b,MAST,data/raw/mast/lightkurve/tres_2_b/kepler/mastDownload/Kepler/kplr011446443_lc_Q111111110111011101/kplr011446443-2009259160929_llc.fits,6d41c0b2a8784c922789c5ceb53258b795d7b220c6026ff514d86c81dde65e83,kplr011446443-2009259160929_llc.fits,Kepler,kplr011446443-2009259160929_llc.fits,LIGHTCURVE,1,248.7204711332015,d,TIMESYS=TDB;BJDREFI=2454833;BJDREFF=0.0,long,1765.4628859418881,FITS_TIMEDEL,403049.875,16.79374885559082,406585.09375,17.052328109741211,0,6841,617.55360618200962,847.97569844221346,-0.028612362220883369,0.1238219141960144,2,,,,,KIC 11446443,Kepler,Kepler Photometer,822892 FluxExporter2PipelineModule,True,False,True,True,3876,6d41c0b2a8784c922789c5ceb53258b795d7b220c6026ff514d86c81dde65e83,tres_2_b:kplr011446443-2009259160929_llc.fits,-0.044116093827992975,1.0000656843185425,4.1943119867937639e-05,PDCSAP_FLUX,406585.09375,17.052328109741211,406558.40625,out_of_transit_median,segment_normalized,tres_2_b-e8e81778b059cb9a,1.0000656843185425,4.1943119867937639e-05
TrES-2 b,TrES-2,tres_2_b,MAST,data/raw/mast/lightkurve/tres_2_b/kepler/mastDownload/Kepler/kplr011446443_lc_Q111111110111011101/kplr011446443-2009259160929_llc.fits,6d41c0b2a8784c922789c5ceb53258b795d7b220c6026ff514d86c81dde65e83,kplr011446443-2009259160929_llc.fits,Kepler,kplr011446443-2009259160929_llc.fits,LIGHTCURVE,1,221.54413266516349,d,TIMESYS=TDB;BJDREFI=2454833;BJDREFF=0.0,long,1765.4628859418881,FITS_TIMEDEL,403175.875,16.801494598388672,406522.40625,17.061845779418945,0,5511,617.58938517693514,847.87317889081578,0.0051237954758107662,0.015305389650166035,2,,,,,KIC 11446443,Kepler,Kepler Photometer,822892 FluxExporter2PipelineModule,True,False,True,True,2546,6d41c0b2a8784c922789c5ceb53258b795d7b220c6026ff514d86c81dde65e83,tres_2_b:kplr011446443-2009259160929_llc.fits,-0.043707414866006156,0.99991142749786377,4.1966530261561275e-05,PDCSAP_FLUX,406522.40625,17.061845779418945,406558.40625,out_of_transit_median,segment_normalized,tres_2_b-e8e81778b059cb9a,0.99991142749786377,4.1966530261561275e-05
TrES-2 b,TrES-2,tres_2_b,MAST,data/raw/mast/lightkurve/tres_2_b/kepler/mastDownload/Kepler/kplr011446443_lc_Q111111110111011101/kplr011446443-2009259160929_llc.fits,6d41c0b2a8784c922789c5ceb53258b795d7b220c6026ff514d86c81dde65e83,kplr011446443-2009259160929_llc.fits,Kepler,kplr011446443-2009259160929_llc.fits,LIGHTCURVE,1,194.36741024006915,d,TIMESYS=TDB;BJDREFI=2454833;BJDREFF=0.0,long,1765.4628859418881,FITS_TIMEDEL,402945,16.805793762207031,406509.5,17.063840866088867,0,4181,617.5936625626706,847.77070061325105,0.0098339729011058807,-0.08421286940574646,2,,,,,KIC 11446443,Kepler,Kepler Photometer,822892 FluxExporter2PipelineModule,True,False,True,True,1216,6d41c0b2a8784c922789c5ceb53258b795d7b220c6026ff514d86c81dde65e83,tres_2_b:kplr011446443-2009259160929_llc.fits,-0.043682692960347991,0.99987971782684326,4.1971437894972041e-05,PDCSAP_FLUX,406509.5,17.063840866088867,406558.40625,out_of_transit_median,segment_normalized,tres_2_b-e8e81778b059cb9a,0.99987971782684326,4.1971437894972041e-05
TrES-2 b,TrES-2,tres_2_b,MAST,data/raw/mast/lightkurve/tres_2_b/kepler/mastDownload/Kepler/kplr011446443_lc_Q111111110111011101/kplr011446443-2009166043257_llc.fits,10bfca91bdd928deda2e638de7a27cdc940b879452408a96b5be6146944639e9,kplr011446443-2009166043257_llc.fits,Kepler,kplr011446443-2009166043257_llc.fits,LIGHTCURVE,1,142.48547890096961,d,TIMESYS=TDB;BJDREFI=2454833;BJDREFF=0.0,long,1765.4628859418881,FITS_TIMEDEL,399911.34375,16.654537200927734,403623.75,17.028669357299805,0,1642,621.20363744667691,848.9351938068163,-0.0011820989893749356,-0.0087648779153823853,1,,,,,KIC 11446443,Kepler,Kepler Photometer,795945 FluxExporter2PipelineModule,True,False,True,True,537,10bfca91bdd928deda2e638de7a27cdc940b879452408a96b5be6146944639e9,tres_2_b:kplr011446443-2009166043257_llc.fits,-0.042733115059892635,0.99981558322906494,4.2181683966191486e-05,PDCSAP_FLUX,403623.75,17.028669357299805,403698.1875,out_of_transit_median,segment_normalized,tres_2_b-e8e81778b059cb9a,0.99981558322906494,4.2181683966191486e-05
TrES-2 b,TrES-2,tres_2_b,MAST,data/raw/mast/lightkurve/tres_2_b/kepler/mastDownload/Kepler/kplr011446443_lc_Q111111110111011101/kplr011446443-2009259160929_llc.fits,6d41c0b2a8784c922789c5ceb53258b795d7b220c6026ff514d86c81dde65e83,kplr011446443-2009259160929_llc.fits,Kepler,kplr011446443-2009259160929_llc.fits,LIGHTCURVE,1,224.01658209018933,d,TIMESYS=TDB;BJDREFI=2454833;BJDREFF=0.0,long,1765.4628859418881,FITS_TIMEDEL,403097.40625,16.79820442199707,406463.96875,17.051626205444336,0,5632,617.59146907222987,847.877731119533,0.0070450352504849434,0.020021131262183189,2,,,,,KIC 11446443,Kepler,Kepler Photometer,822892 FluxExporter2PipelineModule,True,False,True,True,2667,6d41c0b2a8784c922789c5ceb53258b795d7b220c6026ff514d86c81dde65e83,tres_2_b:kplr011446443-2009259160929_llc.fits,-0.041871366840162905,0.9997677206993103,4.1941395465983078e-05,PDCSAP_FLUX,406463.96875,17.051626205444336,406558.40625,out_of_transit_median,segment_normalized,tres_2_b-e8e81778b059cb9a,0.9997677206993103,4.1941395465983078e-05
TrES-2 b,TrES-2,tres_2_b,MAST,data/raw/mast/lightkurve/tres_2_b/kepler/mastDownload/Kepler/kplr011446443_lc_Q111111110111011101/kplr011446443-2009259160929_llc.fits,6d41c0b2a8784c922789c5ceb53258b795d7b220c6026ff514d86c81dde65e83,kplr011446443-2009259160929_llc.fits,Kepler,kplr011446443-2009259160929_llc.fits,LIGHTCURVE,1,196.83989497642324,d,TIMESYS=TDB;BJDREFI=2454833;BJDREFF=0.0,long,1765.4628859418881,FITS_TIMEDEL,402850.03125,16.802156448364258,406409.15625,17.060337066650391,0,4302,617.59476578132649,847.7755712364517,0.010778613388538361,-0.079751968383789062,2,,,,,KIC 11446443,Kepler,Kepler Photometer,822892 FluxExporter2PipelineModule,True,False,True,True,1337,6d41c0b2a8784c922789c5ceb53258b795d7b220c6026ff514d86c81dde65e83,tres_2_b:kplr011446443-2009259160929_llc.fits,-0.04181133360625755,0.99963289499282837,4.1962819523178041e-05,PDCSAP_FLUX,406409.15625,17.060337066650391,406558.40625,out_of_transit_median,segment_normalized,tres_2_b-e8e81778b059cb9a,0.99963289499282837,4.1962819523178041e-05
TrES-2 b,TrES-2,tres_2_b,MAST,data/raw/mast/lightkurve/tres_2_b/kepler/mastDownload/Kepler/kplr011446443_lc_Q111111110111011101/kplr011446443-2009166043257_llc.fits,10bfca91bdd928deda2e638de7a27cdc940b879452408a96b5be6146944639e9,kplr011446443-2009166043257_llc.fits,Kepler,kplr011446443-2009166043257_llc.fits,LIGHTCURVE,1,144.95801480918453,d,TIMESYS=TDB;BJDREFI=2454833;BJDREFF=0.0,long,1765.4628859418881,FITS_TIMEDEL,399660.59375,16.651638031005859,403517.1875,17.029537200927734,0,1763,621.20221942793466,848.94199699562955,-0.0016895432490855455,-0.0046525071375072002,1,,,,,KIC 11446443,Kepler,Kepler Photometer,795945 FluxExporter2PipelineModule,True,False,True,True,658,10bfca91bdd928deda2e638de7a27cdc940b879452408a96b5be6146944639e9,tres_2_b:kplr011446443-2009166043257_llc.fits,-0.040810583844969939,0.99955165386199951,4.2183834011666477e-05,PDCSAP_FLUX,403517.1875,17.029537200927734,403698.1875,out_of_transit_median,segment_normalized,tres_2_b-e8e81778b059cb9a,0.99955165386199951,4.2183834011666477e-05
TrES-2 b,TrES-2,tres_2_b,MAST,data/raw/mast/lightkurve/tres_2_b/kepler/mastDownload/Kepler/kplr011446443_lc_Q111111110111011101/kplr011446443-2009259160929_llc.fits,6d41c0b2a8784c922789c5ceb53258b795d7b220c6026ff514d86c81dde65e83,kplr011446443-2009259160929_llc.fits,Kepler,kplr011446443-2009259160929_llc.fits,LIGHTCURVE,1,172.1353486309672,d,TIMESYS=TDB;BJDREFI=2454833;BJDREFF=0.0,long,1765.4628859418881,FITS_TIMEDEL,403707.71875,16.821327209472656,406357.59375,17.068084716796875,0,3093,617.57697510345406,847.71902578167101,-0.0060577825643122196,-0.12721319496631622,2,,,,,KIC 11446443,Kepler,Kepler Photometer,822892 FluxExporter2PipelineModule,True,False,True,True,128,6d41c0b2a8784c922789c5ceb53258b795d7b220c6026ff514d86c81dde65e83,tres_2_b:kplr011446443-2009259160929_llc.fits,-0.040223909062296892,0.99950605630874634,4.1981875256169587e-05,PDCSAP_FLUX,406357.59375,17.068084716796875,406558.40625,out_of_transit_median,segment_normalized,tres_2_b-e8e81778b059cb9a,0.99950605630874634,4.1981875256169587e-05
TrES-2 b,TrES-2,tres_2_b,MAST,data/raw/mast/lightkurve/tres_2_b/kepler/mastDownload/Kepler/kplr011446443_lc_Q111111110111011101/kplr011446443-2009259160929_llc.fits,6d41c0b2a8784c922789c5ceb53258b795d7b220c6026ff514d86c81dde65e83,kplr011446443-2009259160929_llc.fits,Kepler,kplr011446443-2009259160929_llc.fits,LIGHTCURVE,1,199.31237649005197,d,TIMESYS=TDB;BJDREFI=2454833;BJDREFF=0.0,long,1765.4628859418881,FITS_TIMEDEL,402761.125,16.799619674682617,406326.09375,17.056400299072266,0,4423,617.59657887765366,847.78073371153005,0.012460080906748772,-0.074974387884140015,2,,,,,KIC 11446443,Kepler,Kepler Photometer,822892 FluxExporter2PipelineModule,True,False,True,True,1458,6d41c0b2a8784c922789c5ceb53258b795d7b220c6026ff514d86c81dde65e83,tres_2_b:kplr011446443-2009259160929_llc.fits,-0.039943196977521245,0.99942857027053833,4.1953135223593563e-05,PDCSAP_FLUX,406326.09375,17.056400299072266,406558.40625,out_of_transit_median,segment_normalized,tres_2_b-e8e81778b059cb9a,0.99942857027053833,4.1953135223593563e-05
TrES-2 b,TrES-2,tres_2_b,MAST,data/raw/mast/lightkurve/tres_2_b/kepler/mastDownload/Kepler/kplr011446443_lc_Q111111110111011101/kplr011446443-2009166043257_llc.fits,10bfca91bdd928deda2e638de7a27cdc940b879452408a96b5be6146944639e9,kplr011446443-2009166043257_llc.fits,Kepler,kplr011446443-2009166043257_llc.fits,LIGHTCURVE,1,147.43054906186444,d,TIMESYS=TDB;BJDREFI=2454833;BJDREFF=0.0,long,1765.4628859418881,FITS_TIMEDEL,399387.59375,16.644775390625,403385.25,17.027561187744141,0,1884,621.20245446029969,848.94864172535711,-0.00068236008519306779,-0.00041082018287852407,1,,,,,KIC 11446443,Kepler,Kepler Photometer,795945 FluxExporter2PipelineModule,True,False,True,True,779,10bfca91bdd928deda2e638de7a27cdc940b879452408a96b5be6146944639e9,tres_2_b:kplr011446443-2009166043257_llc.fits,-0.038889708165062986,0.99922484159469604,4.2178937292192131e-05,PDCSAP_FLUX,403385.25,17.027561187744141,403698.1875,out_of_transit_median,segment_normalized,tres_2_b-e8e81778b059cb9a,0.99922484159469604,4.2178937292192131e-05
TrES-2 b,TrES-2,tres_2_b,MAST,data/raw/mast/lightkurve/tres_2_b/kepler/mastDownload/Kepler/kplr011446443_lc_Q111111110111011101/kplr011446443-2009259160929_llc.fits,6d41c0b2a8784c922789c5ceb53258b795d7b220c6026ff514d86c81dde65e83,kplr011446443-2009259160929_llc.fits,Kepler,kplr011446443-2009259160929_llc.fits,LIGHTCURVE,1,174.60785931978899,d,TIMESYS=TDB;BJDREFI=2454833;BJDREFF=0.0,long,1765.4628859418881,FITS_TIMEDEL,403272.4375,16.81153678894043,406172,17.065258026123047,0,3214,617.58043815497763,847.72488711404958,-0.0025231027975678444,-0.12285817414522171,2,,,,,KIC 11446443,Kepler,Kepler Photometer,822892 FluxExporter2PipelineModule,True,False,True,True,249,6d41c0b2a8784c922789c5ceb53258b795d7b220c6026ff514d86c81dde65e83,tres_2_b:kplr011446443-2009259160929_llc.fits,-0.038326597240511573,0.99904954433441162,4.1974923078669235e-05,PDCSAP_FLUX,406172,17.065258026123047,406558.40625,out_of_transit_median,segment_normalized,tres_2_b-e8e81778b059cb9a,0.99904954433441162,4.1974923078669235e-05
TrES-2 b,TrES-2,tres_2_b,MAST,data/raw/mast/lightkurve/tres_2_b/kepler/mastDownload/Kepler/kplr011446443_lc_Q111111110111011101/kplr011446443-2009166043257_llc.fits,10bfca91bdd928deda2e638de7a27cdc940b879452408a96b5be6146944639e9,kplr011446443-2009166043257_llc.fits,Kepler,kplr011446443-2009166043257_llc.fits,LIGHTCURVE,1,149.9030816509694,d,TIMESYS=TDB;BJDREFI=2454833;BJDREFF=0.0,long,1765.4628859418881,FITS_TIMEDEL,398983,16.637453079223633,403141.09375,17.009061813354492,0,2005,621.20149691150777,848.9541223852583,-0.00035570262116380036,0.0025639731902629137,1,,,,,KIC 11446443,Kepler,Kepler Photometer,795945 FluxExporter2PipelineModule,True,False,True,True,900,10bfca91bdd928deda2e638de7a27cdc940b879452408a96b5be6146944639e9,tres_2_b:kplr011446443-2009166043257_llc.fits,-0.03697049606010494,0.99862003326416016,4.2133113311138004e-05,PDCSAP_FLUX,403141.09375,17.009061813354492,403698.1875,out_of_transit_median,segment_normalized,tres_2_b-e8e81778b059cb9a,0.99862003326416016,4.2133113311138004e-05
TrES-2 b,TrES-2,tres_2_b,MAST,data/raw/mast/lightkurve/tres_2_b/kepler/mastDownload/Kepler/kplr011446443_lc_Q111111110111011101/kplr011446443-2009259160929_llc.fits,6d41c0b2a8784c922789c5ceb53258b795d7b220c6026ff514d86c81dde65e83,kplr011446443-2009259160929_llc.fits,Kepler,kplr011446443-2009259160929_llc.fits,LIGHTCURVE,1,204.25733012550336,d,TIMESYS=TDB;BJDREFI=2454833;BJDREFF=0.0,long,1765.4628859418881,FITS_TIMEDEL,402624.5,16.790336608886719,406010.96875,17.046285629272461,0,4665,617.57798384051887,847.83760161784539,-0.0052165971137583256,-0.019886268302798271,2,,,,,KIC 11446443,Kepler,Kepler Photometer,822892 FluxExporter2PipelineModule,True,False,True,True,1700,6d41c0b2a8784c922789c5ceb53258b795d7b220c6026ff514d86c81dde65e83,tres_2_b:kplr011446443-2009259160929_llc.fits,-0.036216315526137022,0.99865347146987915,4.192825872451067e-05,PDCSAP_FLUX,406010.96875,17.046285629272461,406558.40625,out_of_transit_median,segment_normalized,tres_2_b-e8e81778b059cb9a,0.99865347146987915,4.192825872451067e-05
TrES-2 b,TrES-2,tres_2_b,MAST,data/raw/mast/lightkurve/tres_2_b/kepler/mastDownload/Kepler/kplr011446443_lc_Q111111110111011101/kplr011446443-2009131105131_llc.fits,e1699c5dd0089c35d908b711b302f72ba974edc68e030dae3e9a65d5065f7d0c,kplr011446443-2009131105131_llc.fits,Kepler,kplr011446443-2009131105131_llc.fits,LIGHTCURVE,1,125.198128644799,d,TIMESYS=TDB;BJDREFI=2454833;BJDREFF=0.0,long,1765.4628859418881,FITS_TIMEDEL,400624.6875,16.681497573852539,405518.59375,16.971075057983398,0,796,621.2180211725049,848.89949918065781,0.0001637992390897125,-0.00017410231521353126,0,,,,,KIC 11446443,Kepler,Kepler Photometer,793548 FluxExporter2PipelineModule,True,False,True,True,228,e1699c5dd0089c35d908b711b302f72ba974edc68e030dae3e9a65d5065f7d0c,tres_2_b:kplr011446443-2009131105131_llc.fits,-0.035789732230505633,0.99839425086975098,4.1783099732128903e-05,PDCSAP_FLUX,405518.59375,16.971075057983398,406170.8125,out_of_transit_median,segment_normalized,tres_2_b-e8e81778b059cb9a,0.99839425086975098,4.1783099732128903e-05
TrES-2 b,TrES-2,tres_2_b,MAST,data/raw/mast/lightkurve/tres_2_b/kepler/mastDownload/Kepler/kplr011446443_lc_Q111111110111011101/kplr011446443-2009166043257_llc.fits,10bfca91bdd928deda2e638de7a27cdc940b879452408a96b5be6146944639e9,kplr011446443-2009166043257_llc.fits,Kepler,kplr011446443-2009166043257_llc.fits,LIGHTCURVE,1,152.37561247114354,d,TIMESYS=TDB;BJDREFI=2454833;BJDREFF=0.0,long,1765.4628859418881,FITS_TIMEDEL,398677.53125,16.630369186401367,402991.5625,17.016960144042969,0,2126,621.2005230948721,848.96092941062989,-0.00033845435245893896,0.0067875022068619728,1,,,,,KIC 11446443,Kepler,Kepler Photometer,795945 FluxExporter2PipelineModule,True,False,True,True,1021,10bfca91bdd928deda2e638de7a27cdc940b879452408a96b5be6146944639e9,tres_2_b:kplr011446443-2009166043257_llc.fits,-0.035053052885962055,0.99824965000152588,4.2152678361162543e-05,PDCSAP_FLUX,402991.5625,17.016960144042969,403698.1875,out_of_transit_median,segment_normalized,tres_2_b-e8e81778b059cb9a,0.99824965000152588,4.2152678361162543e-05
TrES-2 b,TrES-2,tres_2_b,MAST,data/raw/mast/lightkurve/tres_2_b/kepler/mastDownload/Kepler/kplr011446443_lc_Q111111110111011101/kplr011446443-2009259160929_llc.fits,6d41c0b2a8784c922789c5ceb53258b795d7b220c6026ff514d86c81dde65e83,kplr011446443-2009259160929_llc.fits,Kepler,kplr011446443-2009259160929_llc.fits,LIGHTCURVE,1,233.90634777107334,d,TIMESYS=TDB;BJDREFI=2454833;BJDREFF=0.0,long,1765.4628859418881,FITS_TIMEDEL,402355.625,16.781753540039062,405791.1875,17.028215408325195,0,6116,617.57717351898305,847.91091298922458,-0.006445800419896841,0.053478386253118515,2,,,,,KIC 11446443,Kepler,Kepler Photometer,822892 FluxExporter2PipelineModule,True,False,True,True,3151,6d41c0b2a8784c922789c5ceb53258b795d7b220c6026ff514d86c81dde65e83,tres_2_b:kplr011446443-2009259160929_llc.fits,-0.034559193956151146,0.99811291694641113,4.1883809899445623e-05,PDCSAP_FLUX,405791.1875,17.028215408325195,406558.40625,out_of_transit_median,segment_normalized,tres_2_b-e8e81778b059cb9a,0.99811291694641113,4.1883809899445623e-05
TrES-2 b,TrES-2,tres_2_b,MAST,data/raw/mast/lightkurve/tres_2_b/kepler/mastDownload/Kepler/kplr011446443_lc_Q111111110111011101/kplr011446443-2009259160929_llc.fits,6d41c0b2a8784c922789c5ceb53258b795d7b220c6026ff514d86c81dde65e83,kplr011446443-2009259160929_llc.fits,Kepler,kplr011446443-2009259160929_llc.fits,LIGHTCURVE,1,179.55287278456672,d,TIMESYS=TDB;BJDREFI=2454833;BJDREFF=0.0,long,1765.4628859418881,FITS_TIMEDEL,402518.09375,16.798305511474609,405734.0625,17.052433013916016,0,3456,617.58339147362301,847.73594526430873,0.00039376746281050146,-0.11459212005138397,2,,,,,KIC 11446443,Kepler,Kepler Photometer,822892 FluxExporter2PipelineModule,True,False,True,True,491,6d41c0b2a8784c922789c5ceb53258b795d7b220c6026ff514d86c81dde65e83,tres_2_b:kplr011446443-2009259160929_llc.fits,-0.034539886462780833,0.99797236919403076,4.1943378164432943e-05,PDCSAP_FLUX,405734.0625,17.052433013916016,406558.40625,out_of_transit_median,segment_normalized,tres_2_b-e8e81778b059cb9a,0.99797236919403076,4.1943378164432943e-05
TrES-2 b,TrES-2,tres_2_b,MAST,data/raw/mast/lightkurve/tres_2_b/kepler/mastDownload/Kepler/kplr011446443_lc_Q111111110111011101/kplr011446443-2009259160929_llc.fits,6d41c0b2a8784c922789c5ceb53258b795d7b220c6026ff514d86c81dde65e83,kplr011446443-2009259160929_llc.fits,Kepler,kplr011446443-2009259160929_llc.fits,LIGHTCURVE,1,206.72980229750101,d,TIMESYS=TDB;BJDREFI=2454833;BJDREFF=0.0,long,1765.4628859418881,FITS_TIMEDEL,402344.21875,16.784582138061523,405715.4375,17.041498184204102,0,4786,617.58004979103646,847.84339775887395,-0.003308712737634778,-0.01418768148869276,2,,,,,KIC 11446443,Kepler,Kepler Photometer,822892 FluxExporter2PipelineModule,True,False,True,True,1821,6d41c0b2a8784c922789c5ceb53258b795d7b220c6026ff514d86c81dde65e83,tres_2_b:kplr011446443-2009259160929_llc.fits,-0.034357520528485397,0.99792659282684326,4.1916482587112114e-05,PDCSAP_FLUX,405715.4375,17.041498184204102,406558.40625,out_of_transit_median,segment_normalized,tres_2_b-e8e81778b059cb9a,0.99792659282684326,4.1916482587112114e-05
TrES-2 b,TrES-2,tres_2_b,MAST,data/raw/mast/lightkurve/tres_2_b/kepler/mastDownload/Kepler/kplr011446443_lc_Q111111110111011101/kplr011446443-2009131105131_llc.fits,e1699c5dd0089c35d908b711b302f72ba974edc68e030dae3e9a65d5065f7d0c,kplr011446443-2009131105131_llc.fits,Kepler,kplr011446443-2009131105131_llc.fits,LIGHTCURVE,1,127.6706722010349,d,TIMESYS=TDB;BJDREFI=2454833;BJDREFF=0.0,long,1765.4628859418881,FITS_TIMEDEL,400227.21875,16.674705505371094,405313.0625,16.964109420776367,0,917,621.21527387732522,848.90401346016165,-0.0020135061349719763,0.0023481741081923246,0,,,,,KIC 11446443,Kepler,Kepler Photometer,793548 FluxExporter2PipelineModule,True,False,True,True,349,e1699c5dd0089c35d908b711b302f72ba974edc68e030dae3e9a65d5065f7d0c,tres_2_b:kplr011446443-2009131105131_llc.fits,-0.033859552994600195,0.99788820743560791,4.1765950300032273e-05,PDCSAP_FLUX,405313.0625,16.964109420776367,406170.8125,out_of_transit_median,segment_normalized,tres_2_b-e8e81778b059cb9a,0.99788820743560791,4.1765950300032273e-05
TrES-2 b,TrES-2,tres_2_b,MAST,data/raw/mast/lightkurve/tres_2_b/kepler/mastDownload/Kepler/kplr011446443_lc_Q111111110111011101/kplr011446443-2009166043257_llc.fits,10bfca91bdd928deda2e638de7a27cdc940b879452408a96b5be6146944639e9,kplr011446443-2009166043257_llc.fits,Kepler,kplr011446443-2009166043257_llc.fits,LIGHTCURVE,1,154.84814141994138,d,TIMESYS=TDB;BJDREFI=2454833;BJDREFF=0.0,long,1765.4628859418881,FITS_TIMEDEL,398206.59375,16.623220443725586,402687.96875,16.985929489135742,0,2247,621.20196423998743,848.96763665311926,0.0021294527687132359,0.010771562345325947,1,,,,,KIC 11446443,Kepler,Kepler Photometer,795945 FluxExporter2PipelineModule,True,False,True,True,1142,10bfca91bdd928deda2e638de7a27cdc940b879452408a96b5be6146944639e9,tres_2_b:kplr011446443-2009166043257_llc.fits,-0.033137481088113985,0.99749761819839478,4.2075811506947502e-05,PDCSAP_FLUX,402687.96875,16.985929489135742,403698.1875,out_of_transit_median,segment_normalized,tres_2_b-e8e81778b059cb9a,0.99749761819839478,4.2075811506947502e-05
TrES-2 b,TrES-2,tres_2_b,MAST,data/raw/mast/lightkurve/tres_2_b/kepler/mastDownload/Kepler/kplr011446443_lc_Q111111110111011101/kplr011446443-2009259160929_llc.fits,6d41c0b2a8784c922789c5ceb53258b795d7b220c6026ff514d86c81dde65e83,kplr011446443-2009259160929_llc.fits,Kepler,kplr011446443-2009259160929_llc.fits,LIGHTCURVE,1,236.37878137921507,d,TIMESYS=TDB;BJDREFI=2454833;BJDREFF=0.0,long,1765.4628859418881,FITS_TIMEDEL,401939.75,16.775091171264648,405447.6875,17.027473449707031,0,6237,617.58203420839027,847.91446872770405,-0.0017839596839621663,0.056767519563436508,2,,,,,KIC 11446443,Kepler,Kepler Photometer,822892 FluxExporter2PipelineModule,True,False,True,True,3272,6d41c0b2a8784c922789c5ceb53258b795d7b220c6026ff514d86c81dde65e83,tres_2_b:kplr011446443-2009259160929_llc.fits,-0.032738962814423234,0.99726802110671997,4.188198727206327e-05,PDCSAP_FLUX,405447.6875,17.027473449707031,406558.40625,out_of_transit_median,segment_normalized,tres_2_b-e8e81778b059cb9a,0.99726802110671997,4.188198727206327e-05
TrES-2 b,TrES-2,tres_2_b,MAST,data/raw/mast/lightkurve/tres_2_b/kepler/mastDownload/Kepler/kplr011446443_lc_Q111111110111011101/kplr011446443-2009131105131_llc.fits,e1699c5dd0089c35d908b711b302f72ba974edc68e030dae3e9a65d5065f7d0c,kplr011446443-2009131105131_llc.fits,Kepler,kplr011446443-2009131105131_llc.fits,LIGHTCURVE,1,130.14321492549061,d,TIMESYS=TDB;BJDREFI=2454833;BJDREFF=0.0,long,1765.4628859418881,FITS_TIMEDEL,399856.6875,16.665426254272461,405133.8125,16.824480056762695,0,1038,621.21311910241184,848.90789621377291,-0.0035429249983280897,0.0044912095181643963,0,,,,,KIC 11446443,Kepler,Kepler Photometer,793548 FluxExporter2PipelineModule,True,False,True,True,470,e1699c5dd0089c35d908b711b302f72ba974edc68e030dae3e9a65d5065f7d0c,tres_2_b:kplr011446443-2009131105131_llc.fits,-0.031930205538893253,0.99744689464569092,4.1422179492656142e-05,PDCSAP_FLUX,405133.8125,16.824480056762695,406170.8125,out_of_transit_median,segment_normalized,tres_2_b-e8e81778b059cb9a,0.99744689464569092,4.1422179492656142e-05
TrES-2 b,TrES-2,tres_2_b,MAST,data/raw/mast/lightkurve/tres_2_b/kepler/mastDownload/Kepler/kplr011446443_lc_Q111111110111011101/kplr011446443-2009166043257_llc.fits,10bfca91bdd928deda2e638de7a27cdc940b879452408a96b5be6146944639e9,kplr011446443-2009166043257_llc.fits,Kepler,kplr011446443-2009166043257_llc.fits,LIGHTCURVE,1,157.32066849806142,d,TIMESYS=TDB;BJDREFI=2454833;BJDREFF=0.0,long,1765.4628859418881,FITS_TIMEDEL,397724.65625,16.616495132446289,402353.40625,16.987577438354492,0,2368,621.19856053275441,848.97589766014562,-0.00010850212129298598,0.016528209671378136,1,,,,,KIC 11446443,Kepler,Kepler Photometer,795945 FluxExporter2PipelineModule,True,False,True,True,1263,10bfca91bdd928deda2e638de7a27cdc940b879452408a96b5be6146944639e9,tres_2_b:kplr011446443-2009166043257_llc.fits,-0.031223779968075904,0.99666881561279297,4.2079896957147866e-05,PDCSAP_FLUX,402353.40625,16.987577438354492,403698.1875,out_of_transit_median,segment_normalized,tres_2_b-e8e81778b059cb9a,0.99666881561279297,4.2079896957147866e-05
TrES-2 b,TrES-2,tres_2_b,MAST,data/raw/mast/lightkurve/tres_2_b/kepler/mastDownload/Kepler/kplr011446443_lc_Q111111110111011101/kplr011446443-2009259160929_llc.fits,6d41c0b2a8784c922789c5ceb53258b795d7b220c6026ff514d86c81dde65e83,kplr011446443-2009259160929_llc.fits,Kepler,kplr011446443-2009259160929_llc.fits,LIGHTCURVE,1,238.85121182772855,d,TIMESYS=TDB;BJDREFI=2454833;BJDREFF=0.0,long,1765.4628859418881,FITS_TIMEDEL,401567.5,16.768260955810547,405078.78125,17.024513244628906,0,6358,617.58456865608628,847.91913531453827,0.00053081964142620564,0.061630316078662872,2,,,,,KIC 11446443,Kepler,Kepler Photometer,822892 FluxExporter2PipelineModule,True,False,True,True,3393,6d41c0b2a8784c922789c5ceb53258b795d7b220c6026ff514d86c81dde65e83,tres_2_b:kplr011446443-2009259160929_llc.fits,-0.030921891300945026,0.99636059999465942,4.1874704038491473e-05,PDCSAP_FLUX,405078.78125,17.024513244628906,406558.40625,out_of_transit_median,segment_normalized,tres_2_b-e8e81778b059cb9a,0.99636059999465942,4.1874704038491473e-05
TrES-2 b,TrES-2,tres_2_b,MAST,data/raw/mast/lightkurve/tres_2_b/kepler/mastDownload/Kepler/kplr011446443_lc_Q111111110111011101/kplr011446443-2009259160929_llc.fits,6d41c0b2a8784c922789c5ceb53258b795d7b220c6026ff514d86c81dde65e83,kplr011446443-2009259160929_llc.fits,Kepler,kplr011446443-2009259160929_llc.fits,LIGHTCURVE,1,184.49787472609023,d,TIMESYS=TDB;BJDREFI=2454833;BJDREFF=0.0,long,1765.4628859418881,FITS_TIMEDEL,402880.5625,16.800552368164062,405111.28125,17.016622543334961,0,3698,617.58023838688041,847.74608492921197,-0.0027295912150293589,-0.10161349922418594,2,,,,,KIC 11446443,Kepler,Kepler Photometer,822892 FluxExporter2PipelineModule,True,False,True,True,733,6d41c0b2a8784c922789c5ceb53258b795d7b220c6026ff514d86c81dde65e83,tres_2_b:kplr011446443-2009259160929_llc.fits,-0.030764698939265811,0.99644052982330322,4.1855295421555638e-05,PDCSAP_FLUX,405111.28125,17.016622543334961,406558.40625,out_of_transit_median,segment_normalized,tres_2_b-e8e81778b059cb9a,0.99644052982330322,4.1855295421555638e-05
TrES-2 b,TrES-2,tres_2_b,MAST,data/raw/mast/lightkurve/tres_2_b/kepler/mastDownload/Kepler/kplr011446443_lc_Q111111110111011101/kplr011446443-2009259160929_llc.fits,6d41c0b2a8784c922789c5ceb53258b795d7b220c6026ff514d86c81dde65e83,kplr011446443-2009259160929_llc.fits,Kepler,kplr011446443-2009259160929_llc.fits,LIGHTCURVE,1,211.67473665969737,d,TIMESYS=TDB;BJDREFI=2454833;BJDREFF=0.0,long,1765.4628859418881,FITS_TIMEDEL,401770.65625,16.776302337646484,405067.0625,17.036445617675781,0,5028,617.58266211747377,847.85300522795785,-0.0011591033544391394,-0.0045556463301181793,2,,,,,KIC 11446443,Kepler,Kepler Photometer,822892 FluxExporter2PipelineModule,True,False,True,True,2063,6d41c0b2a8784c922789c5ceb53258b795d7b220c6026ff514d86c81dde65e83,tres_2_b:kplr011446443-2009259160929_llc.fits,-0.030649912332121554,0.99633181095123291,4.1904055251507089e-05,PDCSAP_FLUX,405067.0625,17.036445617675781,406558.40625,out_of_transit_median,segment_normalized,tres_2_b-e8e81778b059cb9a,0.99633181095123291,4.1904055251507089e-05
TrES-2 b,TrES-2,tres_2_b,MAST,data/raw/mast/lightkurve/tres_2_b/kepler/mastDownload/Kepler/kplr011446443_lc_Q111111110111011101/kplr011446443-2009166043257_llc.fits,10bfca91bdd928deda2e638de7a27cdc940b879452408a96b5be6146944639e9,kplr011446443-2009166043257_llc.fits,Kepler,kplr011446443-2009166043257_llc.fits,LIGHTCURVE,1,132.61575659383379,d,TIMESYS=TDB;BJDREFI=2454833;BJDREFF=0.0,long,1765.4628859418881,FITS_TIMEDEL,398749.875,16.634096145629883,402017.8125,16.999063491821289,0,1159,621.21114149241862,848.91447026890955,0.0038213883526623249,-0.021844495087862015,1,,,,,KIC 11446443,Kepler,Kepler Photometer,795945 FluxExporter2PipelineModule,True,False,True,True,54,10bfca91bdd928deda2e638de7a27cdc940b879452408a96b5be6146944639e9,tres_2_b:kplr011446443-2009166043257_llc.fits,-0.030001914195709967,0.99583756923675537,4.2108345951419324e-05,PDCSAP_FLUX,402017.8125,16.999063491821289,403698.1875,out_of_transit_median,segment_normalized,tres_2_b-e8e81778b059cb9a,0.99583756923675537,4.2108345951419324e-05
TrES-2 b,TrES-2,tres_2_b,MAST,data/raw/mast/lightkurve/tres_2_b/kepler/mastDownload/Kepler/kplr011446443_lc_Q111111110111011101/kplr011446443-2009166043257_llc.fits,10bfca91bdd928deda2e638de7a27cdc940b879452408a96b5be6146944639e9,kplr011446443-2009166043257_llc.fits,Kepler,kplr011446443-2009166043257_llc.fits,LIGHTCURVE,1,159.79319340911024,d,TIMESYS=TDB;BJDREFI=2454833;BJDREFF=0.0,long,1765.4628859418881,FITS_TIMEDEL,397187,16.603979110717773,401940.6875,16.987689971923828,0,2489,621.19787246384567,848.98311174385515,7.5109121098648757e-05,0.021523481234908104,1,,,,,KIC 11446443,Kepler,Kepler Photometer,795945 FluxExporter2PipelineModule,True,False,True,True,1384,10bfca91bdd928deda2e638de7a27cdc940b879452408a96b5be6146944639e9,tres_2_b:kplr011446443-2009166043257_llc.fits,-0.029312245919253632,0.99564647674560547,4.2080173443537205e-05,PDCSAP_FLUX,401940.6875,16.987689971923828,403698.1875,out_of_transit_median,segment_normalized,tres_2_b-e8e81778b059cb9a,0.99564647674560547,4.2080173443537205e-05
TrES-2 b,TrES-2,tres_2_b,MAST,data/raw/mast/lightkurve/tres_2_b/kepler/mastDownload/Kepler/kplr011446443_lc_Q111111110111011101/kplr011446443-2009259160929_llc.fits,6d41c0b2a8784c922789c5ceb53258b795d7b220c6026ff514d86c81dde65e83,kplr011446443-2009259160929_llc.fits,Kepler,kplr011446443-2009259160929_llc.fits,LIGHTCURVE,1,241.32363936341426,d,TIMESYS=TDB;BJDREFI=2454833;BJDREFF=0.0,long,1765.4628859418881,FITS_TIMEDEL,401157.53125,16.757238388061523,404684.46875,17.009708404541016,0,6479,617.58800844183622,847.92183921965432,0.0036680125631392002,0.064435489475727081,2,,,,,KIC 11446443,Kepler,Kepler Photometer,822892 FluxExporter2PipelineModule,True,False,True,True,3514,6d41c0b2a8784c922789c5ceb53258b795d7b220c6026ff514d86c81dde65e83,tres_2_b:kplr011446443-2009259160929_llc.fits,-0.02910773261523425,0.99539071321487427,4.1838291508611292e-05,PDCSAP_FLUX,404684.46875,17.009708404541016,406558.40625,out_of_transit_median,segment_normalized,tres_2_b-e8e81778b059cb9a,0.99539071321487427,4.1838291508611292e-05
TrES-2 b,TrES-2,tres_2_b,MAST,data/raw/mast/lightkurve/tres_2_b/kepler/mastDownload/Kepler/kplr011446443_lc_Q111111110111011101/kplr011446443-2009259160929_llc.fits,6d41c0b2a8784c922789c5ceb53258b795d7b220c6026ff514d86c81dde65e83,kplr011446443-2009259160929_llc.fits,Kepler,kplr011446443-2009259160929_llc.fits,LIGHTCURVE,1,186.9703715256328,d,TIMESYS=TDB;BJDREFI=2454833;BJDREFF=0.0,long,1765.4628859418881,FITS_TIMEDEL,401444.3125,16.780357360839844,404695.90625,17.037143707275391,0,3819,617.58765902054574,847.75358325754837,0.0043750652112066746,-0.099021852016448975,2,,,,,KIC 11446443,Kepler,Kepler Photometer,822892 FluxExporter2PipelineModule,True,False,True,True,854,6d41c0b2a8784c922789c5ceb53258b795d7b220c6026ff514d86c81dde65e83,tres_2_b:kplr011446443-2009259160929_llc.fits,-0.02888127639669702,0.99541884660720825,4.1905772377504036e-05,PDCSAP_FLUX,404695.90625,17.037143707275391,406558.40625,out_of_transit_median,segment_normalized,tres_2_b-e8e81778b059cb9a,0.99541884660720825,4.1905772377504036e-05
TrES-2 b,TrES-2,tres_2_b,MAST,data/raw/mast/lightkurve/tres_2_b/kepler/mastDownload/Kepler/kplr011446443_lc_Q111111110111011101/kplr011446443-2009166043257_llc.fits,10bfca91bdd928deda2e638de7a27cdc940b879452408a96b5be6146944639e9,kplr011446443-2009166043257_llc.fits,Kepler,kplr011446443-2009166043257_llc.fits,LIGHTCURVE,1,135.08829758357751,d,TIMESYS=TDB;BJDREFI=2454833;BJDREFF=0.0,long,1765.4628859418881,FITS_TIMEDEL,398275.8125,16.622446060180664,401626.96875,17.005151748657227,0,1280,621.20890524896333,848.9194254395602,0.0021115883719176054,-0.018786037340760231,1,,,,,KIC 11446443,Kepler,Kepler Photometer,795945 FluxExporter2PipelineModule,True,False,True,True,175,10bfca91bdd928deda2e638de7a27cdc940b879452408a96b5be6146944639e9,tres_2_b:kplr011446443-2009166043257_llc.fits,-0.028074301451989525,0.9948694109916687,4.2123429011553526e-05,PDCSAP_FLUX,401626.96875,17.005151748657227,403698.1875,out_of_transit_median,segment_normalized,tres_2_b-e8e81778b059cb9a,0.9948694109916687,4.2123429011553526e-05
TrES-2 b,TrES-2,tres_2_b,MAST,data/raw/mast/lightkurve/tres_2_b/kepler/mastDownload/Kepler/kplr011446443_lc_Q111111110111011101/kplr011446443-2009166043257_llc.fits,10bfca91bdd928deda2e638de7a27cdc940b879452408a96b5be6146944639e9,kplr011446443-2009166043257_llc.fits,Kepler,kplr011446443-2009166043257_llc.fits,LIGHTCURVE,1,162.26571615972352,d,TIMESYS=TDB;BJDREFI=2454833;BJDREFF=0.0,long,1765.4628859418881,FITS_TIMEDEL,396592.09375,16.591474533081055,401504.15625,16.963384628295898,0,2610,621.19712562601637,848.99252187674927,0.00064807181479409337,0.028374709188938141,1,,,,,KIC 11446443,Kepler,Kepler Photometer,795945 FluxExporter2PipelineModule,True,False,True,True,1505,10bfca91bdd928deda2e638de7a27cdc940b879452408a96b5be6146944639e9,tres_2_b:kplr011446443-2009166043257_llc.fits,-0.027402872305973824,0.99456518888473511,4.2019968532258645e-05,PDCSAP_FLUX,401504.15625,16.963384628295898,403698.1875,out_of_transit_median,segment_normalized,tres_2_b-e8e81778b059cb9a,0.99456518888473511,4.2019968532258645e-05
TrES-2 b,TrES-2,tres_2_b,MAST,data/raw/mast/lightkurve/tres_2_b/kepler/mastDownload/Kepler/kplr011446443_lc_Q111111110111011101/kplr011446443-2009259160929_llc.fits,6d41c0b2a8784c922789c5ceb53258b795d7b220c6026ff514d86c81dde65e83,kplr011446443-2009259160929_llc.fits,Kepler,kplr011446443-2009259160929_llc.fits,LIGHTCURVE,1,243.79606383795908,d,TIMESYS=TDB;BJDREFI=2454833;BJDREFF=0.0,long,1765.4628859418881,FITS_TIMEDEL,400715.6875,16.751434326171875,404271.03125,16.997297286987305,0,6600,617.59146299940005,847.9242430822469,0.0069817155599594116,0.066924527287483215,2,,,,,KIC 11446443,Kepler,Kepler Photometer,822892 FluxExporter2PipelineModule,True,False,True,True,3635,6d41c0b2a8784c922789c5ceb53258b795d7b220c6026ff514d86c81dde65e83,tres_2_b:kplr011446443-2009259160929_llc.fits,-0.027296635070410913,0.99437379837036133,4.1807761590462178e-05,PDCSAP_FLUX,404271.03125,16.997297286987305,406558.40625,out_of_transit_median,segment_normalized,tres_2_b-e8e81778b059cb9a,0.99437379837036133,4.1807761590462178e-05
TrES-2 b,TrES-2,tres_2_b,MAST,data/raw/mast/lightkurve/tres_2_b/kepler/mastDownload/Kepler/kplr011446443_lc_Q111111110111011101/kplr011446443-2009259160929_llc.fits,6d41c0b2a8784c922789c5ceb53258b795d7b220c6026ff514d86c81dde65e83,kplr011446443-2009259160929_llc.fits,Kepler,kplr011446443-2009259160929_llc.fits,LIGHTCURVE,1,189.44286527195072,d,TIMESYS=TDB;BJDREFI=2454833;BJDREFF=0.0,long,1765.4628859418881,FITS_TIMEDEL,400828.0625,16.765939712524414,404268.40625,17.017595291137695,0,3940,617.59055274472462,847.75947398230915,0.0070760622620582581,-0.094357214868068695,2,,,,,KIC 11446443,Kepler,Kepler Photometer,822892 FluxExporter2PipelineModule,True,False,True,True,975,6d41c0b2a8784c922789c5ceb53258b795d7b220c6026ff514d86c81dde65e83,tres_2_b:kplr011446443-2009259160929_llc.fits,-0.027000907078773784,0.99436736106872559,4.1857689211610705e-05,PDCSAP_FLUX,404268.40625,17.017595291137695,406558.40625,out_of_transit_median,segment_normalized,tres_2_b-e8e81778b059cb9a,0.99436736106872559,4.1857689211610705e-05
TrES-2 b,TrES-2,tres_2_b,MAST,data/raw/mast/lightkurve/tres_2_b/kepler/mastDownload/Kepler/kplr011446443_lc_Q111111110111011101/kplr011446443-2009259160929_llc.fits,6d41c0b2a8784c922789c5ceb53258b795d7b220c6026ff514d86c81dde65e83,kplr011446443-2009259160929_llc.fits,Kepler,kplr011446443-2009259160929_llc.fits,LIGHTCURVE,1,216.61965764717024,d,TIMESYS=TDB;BJDREFI=2454833;BJDREFF=0.0,long,1765.4628859418881,FITS_TIMEDEL,400991.4375,16.759086608886719,404221.34375,17.017848968505859,0,5270,617.58474197076396,847.86387213283388,0.00066864443942904472,0.0062012015841901302,2,,,,,KIC 11446443,Kepler,Kepler Photometer,822892 FluxExporter2PipelineModule,True,False,True,True,2305,6d41c0b2a8784c922789c5ceb53258b795d7b220c6026ff514d86c81dde65e83,tres_2_b:kplr011446443-2009259160929_llc.fits,-0.026955678859251764,0.99425160884857178,4.1858311305986717e-05,PDCSAP_FLUX,404221.34375,17.017848968505859,406558.40625,out_of_transit_median,segment_normalized,tres_2_b-e8e81778b059cb9a,0.99425160884857178,4.1858311305986717e-05
TrES-2 b,TrES-2,tres_2_b,MAST,data/raw/mast/lightkurve/tres_2_b/kepler/mastDownload/Kepler/kplr011446443_lc_Q111111110111011101/kplr011446443-2009166043257_llc.fits,10bfca91bdd928deda2e638de7a27cdc940b879452408a96b5be6146944639e9,kplr011446443-2009166043257_llc.fits,Kepler,kplr011446443-2009166043257_llc.fits,LIGHTCURVE,1,137.56083737459994,d,TIMESYS=TDB;BJDREFI=2454833;BJDREFF=0.0,long,1765.4628859418881,FITS_TIMEDEL,397779.96875,16.613277435302734,401200.25,16.999208450317383,0,1401,621.20758169365638,848.92317403901427,0.0010507823899388313,-0.016411090269684792,1,,,,,KIC 11446443,Kepler,Kepler Photometer,795945 FluxExporter2PipelineModule,True,False,True,True,296,10bfca91bdd928deda2e638de7a27cdc940b879452408a96b5be6146944639e9,tres_2_b:kplr011446443-2009166043257_llc.fits,-0.026147887429561978,0.99381238222122192,4.2108706111321226e-05,PDCSAP_FLUX,401200.25,16.999208450317383,403698.1875,out_of_transit_median,segment_normalized,tres_2_b-e8e81778b059cb9a,0.99381238222122192,4.2108706111321226e-05
TrES-2 b,TrES-2,tres_2_b,MAST,data/raw/mast/lightkurve/tres_2_b/kepler/mastDownload/Kepler/kplr011446443_lc_Q111111110111011101/kplr011446443-2009166043257_llc.fits,10bfca91bdd928deda2e638de7a27cdc940b879452408a96b5be6146944639e9,kplr011446443-2009166043257_llc.fits,Kepler,kplr011446443-2009166043257_llc.fits,LIGHTCURVE,1,164.73823616025766,d,TIMESYS=TDB;BJDREFI=2454833;BJDREFF=0.0,long,1765.4628859418881,FITS_TIMEDEL,395952.03125,16.582389831542969,401008.21875,16.923526763916016,0,2731,621.19519479739881,849.00106455266086,-0.00012384938600007445,0.034496873617172241,1,,,,,KIC 11446443,Kepler,Kepler Photometer,795945 FluxExporter2PipelineModule,True,False,True,True,1626,10bfca91bdd928deda2e638de7a27cdc940b879452408a96b5be6146944639e9,tres_2_b:kplr011446443-2009166043257_llc.fits,-0.025496248771841534,0.99333667755126953,4.1921233787434176e-05,PDCSAP_FLUX,401008.21875,16.923526763916016,403698.1875,out_of_transit_median,segment_normalized,tres_2_b-e8e81778b059cb9a,0.99333667755126953,4.1921233787434176e-05
TrES-2 b,TrES-2,tres_2_b,MAST,data/raw/mast/lightkurve/tres_2_b/kepler/mastDownload/Kepler/kplr011446443_lc_Q111111110111011101/kplr011446443-2009259160929_llc.fits,6d41c0b2a8784c922789c5ceb53258b795d7b220c6026ff514d86c81dde65e83,kplr011446443-2009259160929_llc.fits,Kepler,kplr011446443-2009259160929_llc.fits,LIGHTCURVE,1,246.26848550910654,d,TIMESYS=TDB;BJDREFI=2454833;BJDREFF=0.0,long,1765.4628859418881,FITS_TIMEDEL,400510.90625,16.744325637817383,403999,17.001316070556641,0,6721,617.55065479025109,847.97183178963508,-0.031240943819284439,0.11934824287891388,2,,,,,KIC 11446443,Kepler,Kepler Photometer,822892 FluxExporter2PipelineModule,True,False,True,True,3756,6d41c0b2a8784c922789c5ceb53258b795d7b220c6026ff514d86c81dde65e83,tres_2_b:kplr011446443-2009259160929_llc.fits,-0.02548834092295249,0.99370467662811279,4.1817645978881046e-05,PDCSAP_FLUX,403999,17.001316070556641,406558.40625,out_of_transit_median,segment_normalized,tres_2_b-e8e81778b059cb9a,0.99370467662811279,4.1817645978881046e-05
TrES-2 b,TrES-2,tres_2_b,MAST,data/raw/mast/lightkurve/tres_2_b/kepler/mastDownload/Kepler/kplr011446443_lc_Q111111110111011101/kplr011446443-2009259160929_llc.fits,6d41c0b2a8784c922789c5ceb53258b795d7b220c6026ff514d86c81dde65e83,kplr011446443-2009259160929_llc.fits,Kepler,kplr011446443-2009259160929_llc.fits,LIGHTCURVE,1,191.91535621638468,d,TIMESYS=TDB;BJDREFI=2454833;BJDREFF=0.0,long,1765.4628859418881,FITS_TIMEDEL,400260.25,16.75518798828125,403750.34375,17.00990104675293,0,4061,617.59202477611359,847.76561473688662,0.0084320753812789917,-0.088908560574054718,2,,,,,KIC 11446443,Kepler,Kepler Photometer,822892 FluxExporter2PipelineModule,True,False,True,True,1096,6d41c0b2a8784c922789c5ceb53258b795d7b220c6026ff514d86c81dde65e83,tres_2_b:kplr011446443-2009259160929_llc.fits,-0.025123339644816278,0.99309307336807251,4.1838764445856214e-05,PDCSAP_FLUX,403750.34375,17.00990104675293,406558.40625,out_of_transit_median,segment_normalized,tres_2_b-e8e81778b059cb9a,0.99309307336807251,4.1838764445856214e-05
TrES-2 b,TrES-2,tres_2_b,MAST,data/raw/mast/lightkurve/tres_2_b/kepler/mastDownload/Kepler/kplr011446443_lc_Q111111110111011101/kplr011446443-2009259160929_llc.fits,6d41c0b2a8784c922789c5ceb53258b795d7b220c6026ff514d86c81dde65e83,kplr011446443-2009259160929_llc.fits,Kepler,kplr011446443-2009259160929_llc.fits,LIGHTCURVE,1,219.09211351857812,d,TIMESYS=TDB;BJDREFI=2454833;BJDREFF=0.0,long,1765.4628859418881,FITS_TIMEDEL,400545.75,16.750898361206055,403795.5625,17.009265899658203,0,5391,617.58662510818669,847.86838148789241,0.0025105879176408052,0.010549593716859818,2,,,,,KIC 11446443,Kepler,Kepler Photometer,822892 FluxExporter2PipelineModule,True,False,True,True,2426,6d41c0b2a8784c922789c5ceb53258b795d7b220c6026ff514d86c81dde65e83,tres_2_b:kplr011446443-2009259160929_llc.fits,-0.025113184451377668,0.99320429563522339,4.1837200114969164e-05,PDCSAP_FLUX,403795.5625,17.009265899658203,406558.40625,out_of_transit_median,segment_normalized,tres_2_b-e8e81778b059cb9a,0.99320429563522339,4.1837200114969164e-05
TrES-2 b,TrES-2,tres_2_b,MAST,data/raw/mast/lightkurve/tres_2_b/kepler/mastDownload/Kepler/kplr011446443_lc_Q111111110111011101/kplr011446443-2009166043257_llc.fits,10bfca91bdd928deda2e638de7a27cdc940b879452408a96b5be6146944639e9,kplr011446443-2009166043257_llc.fits,Kepler,kplr011446443-2009166043257_llc.fits,LIGHTCURVE,1,140.03337594884943,d,TIMESYS=TDB;BJDREFI=2454833;BJDREFF=0.0,long,1765.4628859418881,FITS_TIMEDEL,397184.71875,16.600099563598633,400695.28125,16.983789443969727,0,1522,621.20600982544613,848.92953926747066,0.00025020496104843915,-0.012148973532021046,1,,,,,KIC 11446443,Kepler,Kepler Photometer,795945 FluxExporter2PipelineModule,True,False,True,True,417,10bfca91bdd928deda2e638de7a27cdc940b879452408a96b5be6146944639e9,tres_2_b:kplr011446443-2009166043257_llc.fits,-0.024222690180078166,0.99256151914596558,4.207051097182557e-05,PDCSAP_FLUX,400695.28125,16.983789443969727,403698.1875,out_of_transit_median,segment_normalized,tres_2_b-e8e81778b059cb9a,0.99256151914596558,4.207051097182557e-05
TrES-2 b,TrES-2,tres_2_b,MAST,data/raw/mast/lightkurve/tres_2_b/kepler/mastDownload/Kepler/kplr011446443_lc_Q111111110111011101/kplr011446443-2009259160929_llc.fits,6d41c0b2a8784c922789c5ceb53258b795d7b220c6026ff514d86c81dde65e83,kplr011446443-2009259160929_llc.fits,Kepler,kplr011446443-2009259160929_llc.fits,LIGHTCURVE,1,248.74090423855523,d,TIMESYS=TDB;BJDREFI=2454833;BJDREFF=0.0,long,1765.4628859418881,FITS_TIMEDEL,400015.1875,16.735450744628906,403494.9375,16.992229461669922,0,6842,617.5535636627169,847.97588858507811,-0.028769718483090401,0.1239195242524147,2,,,,,KIC 11446443,Kepler,Kepler Photometer,822892 FluxExporter2PipelineModule,True,False,True,True,3877,6d41c0b2a8784c922789c5ceb53258b795d7b220c6026ff514d86c81dde65e83,tres_2_b:kplr011446443-2009259160929_llc.fits,-0.023682988474261313,0.99246490001678467,4.1795297875069082e-05,PDCSAP_FLUX,403494.9375,16.992229461669922,406558.40625,out_of_transit_median,segment_normalized,tres_2_b-e8e81778b059cb9a,0.99246490001678467,4.1795297875069082e-05
TrES-2 b,TrES-2,tres_2_b,MAST,data/raw/mast/lightkurve/tres_2_b/kepler/mastDownload/Kepler/kplr011446443_lc_Q111111110111011101/kplr011446443-2009259160929_llc.fits,6d41c0b2a8784c922789c5ceb53258b795d7b220c6026ff514d86c81dde65e83,kplr011446443-2009259160929_llc.fits,Kepler,kplr011446443-2009259160929_llc.fits,LIGHTCURVE,1,221.56456604805135,d,TIMESYS=TDB;BJDREFI=2454833;BJDREFF=0.0,long,1765.4628859418881,FITS_TIMEDEL,400047.90625,16.741619110107422,403348,17.000232696533203,0,5512,617.5899263716243,847.87280174180739,0.0057482225820422173,0.014962282963097095,2,,,,,KIC 11446443,Kepler,Kepler Photometer,822892 FluxExporter2PipelineModule,True,False,True,True,2547,6d41c0b2a8784c922789c5ceb53258b795d7b220c6026ff514d86c81dde65e83,tres_2_b:kplr011446443-2009259160929_llc.fits,-0.023274031978147258,0.9921034574508667,4.1814982978394255e-05,PDCSAP_FLUX,403348,17.000232696533203,406558.40625,out_of_transit_median,segment_normalized,tres_2_b-e8e81778b059cb9a,0.9921034574508667,4.1814982978394255e-05
TrES-2 b,TrES-2,tres_2_b,MAST,data/raw/mast/lightkurve/tres_2_b/kepler/mastDownload/Kepler/kplr011446443_lc_Q111111110111011101/kplr011446443-2009259160929_llc.fits,6d41c0b2a8784c922789c5ceb53258b795d7b220c6026ff514d86c81dde65e83,kplr011446443-2009259160929_llc.fits,Kepler,kplr011446443-2009259160929_llc.fits,LIGHTCURVE,1,194.38784391422814,d,TIMESYS=TDB;BJDREFI=2454833;BJDREFF=0.0,long,1765.4628859418881,FITS_TIMEDEL,399823.6875,16.746366500854492,403335.28125,17.003108978271484,0,4182,617.59406624183782,847.77058203910894,0.010137096978724003,-0.084470219910144806,2,,,,,KIC 11446443,Kepler,Kepler Photometer,822892 FluxExporter2PipelineModule,True,False,True,True,1217,6d41c0b2a8784c922789c5ceb53258b795d7b220c6026ff514d86c81dde65e83,tres_2_b:kplr011446443-2009259160929_llc.fits,-0.023249018801353882,0.99207216501235962,4.1822058847174048e-05,PDCSAP_FLUX,403335.28125,17.003108978271484,406558.40625,out_of_transit_median,segment_normalized,tres_2_b-e8e81778b059cb9a,0.99207216501235962,4.1822058847174048e-05
TrES-2 b,TrES-2,tres_2_b,MAST,data/raw/mast/lightkurve/tres_2_b/kepler/mastDownload/Kepler/kplr011446443_lc_Q111111110111011101/kplr011446443-2009166043257_llc.fits,10bfca91bdd928deda2e638de7a27cdc940b879452408a96b5be6146944639e9,kplr011446443-2009166043257_llc.fits,Kepler,kplr011446443-2009166043257_llc.fits,LIGHTCURVE,1,142.50591319049272,d,TIMESYS=TDB;BJDREFI=2454833;BJDREFF=0.0,long,1765.4628859418881,FITS_TIMEDEL,396610.375,16.593832015991211,400249.1875,16.967222213745117,0,1643,621.20364275472684,848.93550634640019,-0.0011785599635913968,-0.0085890786722302437,1,,,,,KIC 11446443,Kepler,Kepler Photometer,795945 FluxExporter2PipelineModule,True,False,True,True,538,10bfca91bdd928deda2e638de7a27cdc940b879452408a96b5be6146944639e9,tres_2_b:kplr011446443-2009166043257_llc.fits,-0.022298825536783307,0.99145650863647461,4.2029474570881575e-05,PDCSAP_FLUX,400249.1875,16.967222213745117,403698.1875,out_of_transit_median,segment_normalized,tres_2_b-e8e81778b059cb9a,0.99145650863647461,4.2029474570881575e-05
TrES-2 b,TrES-2,tres_2_b,MAST,data/raw/mast/lightkurve/tres_2_b/kepler/mastDownload/Kepler/kplr011446443_lc_Q111111110111011101/kplr011446443-2009259160929_llc.fits,6d41c0b2a8784c922789c5ceb53258b795d7b220c6026ff514d86c81dde65e83,kplr011446443-2009259160929_llc.fits,Kepler,kplr011446443-2009259160929_llc.fits,LIGHTCURVE,1,224.03701554653526,d,TIMESYS=TDB;BJDREFI=2454833;BJDREFF=0.0,long,1765.4628859418881,FITS_TIMEDEL,399651.4375,16.735883712768555,402968.3125,16.987632751464844,0,5633,617.59201721116779,847.8773918936015,0.0076884874142706394,0.019467117264866829,2,,,,,KIC 11446443,Kepler,Kepler Photometer,822892 FluxExporter2PipelineModule,True,False,True,True,2668,6d41c0b2a8784c922789c5ceb53258b795d7b220c6026ff514d86c81dde65e83,tres_2_b:kplr011446443-2009259160929_llc.fits,-0.021437910494235934,0.99116957187652588,4.1783991036936641e-05,PDCSAP_FLUX,402968.3125,16.987632751464844,406558.40625,out_of_transit_median,segment_normalized,tres_2_b-e8e81778b059cb9a,0.99116957187652588,4.1783991036936641e-05
TrES-2 b,TrES-2,tres_2_b,MAST,data/raw/mast/lightkurve/tres_2_b/kepler/mastDownload/Kepler/kplr011446443_lc_Q111111110111011101/kplr011446443-2009259160929_llc.fits,6d41c0b2a8784c922789c5ceb53258b795d7b220c6026ff514d86c81dde65e83,kplr011446443-2009259160929_llc.fits,Kepler,kplr011446443-2009259160929_llc.fits,LIGHTCURVE,1,196.86032862497086,d,TIMESYS=TDB;BJDREFI=2454833;BJDREFF=0.0,long,1765.4628859418881,FITS_TIMEDEL,399417.4375,16.737392425537109,402921.625,16.993255615234375,0,4303,617.59513845438698,847.77542152784144,0.011175351217389107,-0.079877980053424835,2,,,,,KIC 11446443,Kepler,Kepler Photometer,822892 FluxExporter2PipelineModule,True,False,True,True,1338,6d41c0b2a8784c922789c5ceb53258b795d7b220c6026ff514d86c81dde65e83,tres_2_b:kplr011446443-2009259160929_llc.fits,-0.021377685058634244,0.9910547137260437,4.1797822632361203e-05,PDCSAP_FLUX,402921.625,16.993255615234375,406558.40625,out_of_transit_median,segment_normalized,tres_2_b-e8e81778b059cb9a,0.9910547137260437,4.1797822632361203e-05
TrES-2 b,TrES-2,tres_2_b,MAST,data/raw/mast/lightkurve/tres_2_b/kepler/mastDownload/Kepler/kplr011446443_lc_Q111111110111011101/kplr011446443-2009166043257_llc.fits,10bfca91bdd928deda2e638de7a27cdc940b879452408a96b5be6146944639e9,kplr011446443-2009166043257_llc.fits,Kepler,kplr011446443-2009166043257_llc.fits,LIGHTCURVE,1,144.97844908637489,d,TIMESYS=TDB;BJDREFI=2454833;BJDREFF=0.0,long,1765.4628859418881,FITS_TIMEDEL,396043.3125,16.583074569702148,399823.1875,16.961441040039062,0,1764,621.20181481500003,848.94266065331055,-0.0019687507301568985,-0.0040987902320921421,1,,,,,KIC 11446443,Kepler,Kepler Photometer,795945 FluxExporter2PipelineModule,True,False,True,True,659,10bfca91bdd928deda2e638de7a27cdc940b879452408a96b5be6146944639e9,tres_2_b:kplr011446443-2009166043257_llc.fits,-0.020376306654608767,0.99040126800537109,4.2015151848318055e-05,PDCSAP_FLUX,399823.1875,16.961441040039062,403698.1875,out_of_transit_median,segment_normalized,tres_2_b-e8e81778b059cb9a,0.99040126800537109,4.2015151848318055e-05
TrES-2 b,TrES-2,tres_2_b,MAST,data/raw/mast/lightkurve/tres_2_b/kepler/mastDownload/Kepler/kplr011446443_lc_Q111111110111011101/kplr011446443-2009259160929_llc.fits,6d41c0b2a8784c922789c5ceb53258b795d7b220c6026ff514d86c81dde65e83,kplr011446443-2009259160929_llc.fits,Kepler,kplr011446443-2009259160929_llc.fits,LIGHTCURVE,1,172.15578261769406,d,TIMESYS=TDB;BJDREFI=2454833;BJDREFF=0.0,long,1765.4628859418881,FITS_TIMEDEL,399943.875,16.750652313232422,402539.46875,16.995874404907227,0,3094,617.57724225614845,847.71898817248234,-0.0058060628361999989,-0.12729555368423462,2,,,,,KIC 11446443,Kepler,Kepler Photometer,822892 FluxExporter2PipelineModule,True,False,True,True,129,6d41c0b2a8784c922789c5ceb53258b795d7b220c6026ff514d86c81dde65e83,tres_2_b:kplr011446443-2009259160929_llc.fits,-0.019789922335439636,0.99011474847793579,4.1804261854849756e-05,PDCSAP_FLUX,402539.46875,16.995874404907227,406558.40625,out_of_transit_median,segment_normalized,tres_2_b-e8e81778b059cb9a,0.99011474847793579,4.1804261854849756e-05
TrES-2 b,TrES-2,tres_2_b,MAST,data/raw/mast/lightkurve/tres_2_b/kepler/mastDownload/Kepler/kplr011446443_lc_Q111111110111011101/kplr011446443-2009259160929_llc.fits,6d41c0b2a8784c922789c5ceb53258b795d7b220c6026ff514d86c81dde65e83,kplr011446443-2009259160929_llc.fits,Kepler,kplr011446443-2009259160929_llc.fits,LIGHTCURVE,1,226.50946162962646,d,TIMESYS=TDB;BJDREFI=2454833;BJDREFF=0.0,long,1765.4628859418881,FITS_TIMEDEL,399226.03125,16.723920822143555,402576.96875,16.969884872436523,0,5754,617.59485213599442,847.88124959629863,0.010358111001551151,0.023288963362574577,2,,,,,KIC 11446443,Kepler,Kepler Photometer,822892 FluxExporter2PipelineModule,True,False,True,True,2789,6d41c0b2a8784c922789c5ceb53258b795d7b220c6026ff514d86c81dde65e83,tres_2_b:kplr011446443-2009259160929_llc.fits,-0.019605204403036369,0.99020695686340332,4.174033529125154e-05,PDCSAP_FLUX,402576.96875,16.969884872436523,406558.40625,out_of_transit_median,segment_normalized,tres_2_b-e8e81778b059cb9a,0.99020695686340332,4.174033529125154e-05
TrES-2 b,TrES-2,tres_2_b,MAST,data/raw/mast/lightkurve/tres_2_b/kepler/mastDownload/Kepler/kplr011446443_lc_Q111111110111011101/kplr011446443-2009259160929_llc.fits,6d41c0b2a8784c922789c5ceb53258b795d7b220c6026ff514d86c81dde65e83,kplr011446443-2009259160929_llc.fits,Kepler,kplr011446443-2009259160929_llc.fits,LIGHTCURVE,1,199.33281021251605,d,TIMESYS=TDB;BJDREFI=2454833;BJDREFF=0.0,long,1765.4628859418881,FITS_TIMEDEL,398985.03125,16.731563568115234,402489.125,16.985761642456055,0,4424,617.59663013310842,847.78080938499215,0.012546342797577381,-0.075086697936058044,2,,,,,KIC 11446443,Kepler,Kepler Photometer,822892 FluxExporter2PipelineModule,True,False,True,True,1459,6d41c0b2a8784c922789c5ceb53258b795d7b220c6026ff514d86c81dde65e83,tres_2_b:kplr011446443-2009259160929_llc.fits,-0.019509474513444536,0.98999089002609253,4.177938899374567e-05,PDCSAP_FLUX,402489.125,16.985761642456055,406558.40625,out_of_transit_median,segment_normalized,tres_2_b-e8e81778b059cb9a,0.98999089002609253,4.177938899374567e-05
TrES-2 b,TrES-2,tres_2_b,MAST,data/raw/mast/lightkurve/tres_2_b/kepler/mastDownload/Kepler/kplr011446443_lc_Q111111110111011101/kplr011446443-2009166043257_llc.fits,10bfca91bdd928deda2e638de7a27cdc940b879452408a96b5be6146944639e9,kplr011446443-2009166043257_llc.fits,Kepler,kplr011446443-2009166043257_llc.fits,LIGHTCURVE,1,147.45098332578345,d,TIMESYS=TDB;BJDREFI=2454833;BJDREFF=0.0,long,1765.4628859418881,FITS_TIMEDEL,395507.8125,16.573293685913086,399419.46875,16.940525054931641,0,1885,621.20262551868598,848.9489928945319,-0.00044954838813282549,-0.00020576450333464891,1,,,,,KIC 11446443,Kepler,Kepler Photometer,795945 FluxExporter2PipelineModule,True,False,True,True,780,10bfca91bdd928deda2e638de7a27cdc940b879452408a96b5be6146944639e9,tres_2_b:kplr011446443-2009166043257_llc.fits,-0.018455444246048502,0.98940122127532959,4.1963343392126262e-05,PDCSAP_FLUX,399419.46875,16.940525054931641,403698.1875,out_of_transit_median,segment_normalized,tres_2_b-e8e81778b059cb9a,0.98940122127532959,4.1963343392126262e-05
TrES-2 b,TrES-2,tres_2_b,MAST,data/raw/mast/lightkurve/tres_2_b/kepler/mastDownload/Kepler/kplr011446443_lc_Q111111110111011101/kplr011446443-2009259160929_llc.fits,6d41c0b2a8784c922789c5ceb53258b795d7b220c6026ff514d86c81dde65e83,kplr011446443-2009259160929_llc.fits,Kepler,kplr011446443-2009259160929_llc.fits,LIGHTCURVE,1,174.62829328486259,d,TIMESYS=TDB;BJDREFI=2454833;BJDREFF=0.0,long,1765.4628859418881,FITS_TIMEDEL,399341.9375,16.738479614257812,402177.21875,16.989837646484375,0,3215,617.5801013858445,847.72535317923848,-0.002935922471806407,-0.12255898863077164,2,,,,,KIC 11446443,Kepler,Kepler Photometer,822892 FluxExporter2PipelineModule,True,False,True,True,250,6d41c0b2a8784c922789c5ceb53258b795d7b220c6026ff514d86c81dde65e83,tres_2_b:kplr011446443-2009259160929_llc.fits,-0.017892632166904177,0.98922371864318848,4.1789415263338014e-05,PDCSAP_FLUX,402177.21875,16.989837646484375,406558.40625,out_of_transit_median,segment_normalized,tres_2_b-e8e81778b059cb9a,0.98922371864318848,4.1789415263338014e-05
TrES-2 b,TrES-2,tres_2_b,MAST,data/raw/mast/lightkurve/tres_2_b/kepler/mastDownload/Kepler/kplr011446443_lc_Q111111110111011101/kplr011446443-2009259160929_llc.fits,6d41c0b2a8784c922789c5ceb53258b795d7b220c6026ff514d86c81dde65e83,kplr011446443-2009259160929_llc.fits,Kepler,kplr011446443-2009259160929_llc.fits,LIGHTCURVE,1,228.98190461851482,d,TIMESYS=TDB;BJDREFI=2454833;BJDREFF=0.0,long,1765.4628859418881,FITS_TIMEDEL,398785.375,16.717775344848633,402194.46875,16.964643478393555,0,5875,617.59778011210426,847.88506230531482,0.012974933721125126,0.026984164491295815,2,,,,,KIC 11446443,Kepler,Kepler Photometer,822892 FluxExporter2PipelineModule,True,False,True,True,2910,6d41c0b2a8784c922789c5ceb53258b795d7b220c6026ff514d86c81dde65e83,tres_2_b:kplr011446443-2009259160929_llc.fits,-0.017775592514675642,0.98926615715026855,4.1727445932338014e-05,PDCSAP_FLUX,402194.46875,16.964643478393555,406558.40625,out_of_transit_median,segment_normalized,tres_2_b-e8e81778b059cb9a,0.98926615715026855,4.1727445932338014e-05
TrES-2 b,TrES-2,tres_2_b,MAST,data/raw/mast/lightkurve/tres_2_b/kepler/mastDownload/Kepler/kplr011446443_lc_Q111111110111011101/kplr011446443-2009259160929_llc.fits,6d41c0b2a8784c922789c5ceb53258b795d7b220c6026ff514d86c81dde65e83,kplr011446443-2009259160929_llc.fits,Kepler,kplr011446443-2009259160929_llc.fits,LIGHTCURVE,1,201.80528864498046,d,TIMESYS=TDB;BJDREFI=2454833;BJDREFF=0.0,long,1765.4628859418881,FITS_TIMEDEL,398818.6875,16.721126556396484,402149.5,16.981964111328125,0,4545,617.57663404740288,847.832270413934,-0.0063725430518388748,-0.025134827941656113,2,,,,,KIC 11446443,Kepler,Kepler Photometer,822892 FluxExporter2PipelineModule,True,False,True,True,1580,6d41c0b2a8784c922789c5ceb53258b795d7b220c6026ff514d86c81dde65e83,tres_2_b:kplr011446443-2009259160929_llc.fits,-0.017644419049031024,0.98915553092956543,4.1770046664169058e-05,PDCSAP_FLUX,402149.5,16.981964111328125,406558.40625,out_of_transit_median,segment_normalized,tres_2_b-e8e81778b059cb9a,0.98915553092956543,4.1770046664169058e-05
TrES-2 b,TrES-2,tres_2_b,MAST,data/raw/mast/lightkurve/tres_2_b/kepler/mastDownload/Kepler/kplr011446443_lc_Q111111110111011101/kplr011446443-2009131105131_llc.fits,e1699c5dd0089c35d908b711b302f72ba974edc68e030dae3e9a65d5065f7d0c,kplr011446443-2009131105131_llc.fits,Kepler,kplr011446443-2009131105131_llc.fits,LIGHTCURVE,1,122.74601873686333,d,TIMESYS=TDB;BJDREFI=2454833;BJDREFF=0.0,long,1765.4628859418881,FITS_TIMEDEL,396974.1875,16.613130569458008,401789.9375,16.886154174804688,0,676,621.22028604071443,848.89431202671108,0.0019579569343477488,-0.003634848864749074,0,,,,,KIC 11446443,Kepler,Kepler Photometer,793548 FluxExporter2PipelineModule,True,False,True,True,108,e1699c5dd0089c35d908b711b302f72ba974edc68e030dae3e9a65d5065f7d0c,tres_2_b:kplr011446443-2009131105131_llc.fits,-0.017286263166170102,0.98921418190002441,4.1574021452106535e-05,PDCSAP_FLUX,401789.9375,16.886154174804688,406170.8125,out_of_transit_median,segment_normalized,tres_2_b-e8e81778b059cb9a,0.98921418190002441,4.1574021452106535e-05
TrES-2 b,TrES-2,tres_2_b,MAST,data/raw/mast/lightkurve/tres_2_b/kepler/mastDownload/Kepler/kplr011446443_lc_Q111111110111011101/kplr011446443-2009166043257_llc.fits,10bfca91bdd928deda2e638de7a27cdc940b879452408a96b5be6146944639e9,kplr011446443-2009166043257_llc.fits,Kepler,kplr011446443-2009166043257_llc.fits,LIGHTCURVE,1,149.92351590068574,d,TIMESYS=TDB;BJDREFI=2454833;BJDREFF=0.0,long,1765.4628859418881,FITS_TIMEDEL,395030.59375,16.561565399169922,399079.875,16.932888031005859,0,2006,621.20189393583678,848.95371331537308,-0.00014830900181550533,0.0021975405979901552,1,,,,,KIC 11446443,Kepler,Kepler Photometer,795945 FluxExporter2PipelineModule,True,False,True,True,901,10bfca91bdd928deda2e638de7a27cdc940b879452408a96b5be6146944639e9,tres_2_b:kplr011446443-2009166043257_llc.fits,-0.01653624634375972,0.98855996131896973,4.1944425902329385e-05,PDCSAP_FLUX,399079.875,16.932888031005859,403698.1875,out_of_transit_median,segment_normalized,tres_2_b-e8e81778b059cb9a,0.98855996131896973,4.1944425902329385e-05
TrES-2 b,TrES-2,tres_2_b,MAST,data/raw/mast/lightkurve/tres_2_b/kepler/mastDownload/Kepler/kplr011446443_lc_Q111111110111011101/kplr011446443-2009259160929_llc.fits,6d41c0b2a8784c922789c5ceb53258b795d7b220c6026ff514d86c81dde65e83,kplr011446443-2009259160929_llc.fits,Kepler,kplr011446443-2009259160929_llc.fits,LIGHTCURVE,1,177.10080130334973,d,TIMESYS=TDB;BJDREFI=2454833;BJDREFF=0.0,long,1765.4628859418881,FITS_TIMEDEL,398852.8125,16.729887008666992,401860.8125,16.985336303710938,0,3336,617.58246003917009,847.73067913790874,-0.00056903809309005737,-0.11868404597043991,2,,,,,KIC 11446443,Kepler,Kepler Photometer,822892 FluxExporter2PipelineModule,True,False,True,True,371,6d41c0b2a8784c922789c5ceb53258b795d7b220c6026ff514d86c81dde65e83,tres_2_b:kplr011446443-2009259160929_llc.fits,-0.015997990679770924,0.9884454607963562,4.1778341255849227e-05,PDCSAP_FLUX,401860.8125,16.985336303710938,406558.40625,out_of_transit_median,segment_normalized,tres_2_b-e8e81778b059cb9a,0.9884454607963562,4.1778341255849227e-05
TrES-2 b,TrES-2,tres_2_b,MAST,data/raw/mast/lightkurve/tres_2_b/kepler/mastDownload/Kepler/kplr011446443_lc_Q111111110111011101/kplr011446443-2009259160929_llc.fits,6d41c0b2a8784c922789c5ceb53258b795d7b220c6026ff514d86c81dde65e83,kplr011446443-2009259160929_llc.fits,Kepler,kplr011446443-2009259160929_llc.fits,LIGHTCURVE,1,231.45434443904378,d,TIMESYS=TDB;BJDREFI=2454833;BJDREFF=0.0,long,1765.4628859418881,FITS_TIMEDEL,399259.625,16.720026016235352,401906.59375,16.906042098999023,0,5996,617.56371018728737,847.90174922365156,-0.019287880510091782,0.046374402940273285,2,,,,,KIC 11446443,Kepler,Kepler Photometer,822892 FluxExporter2PipelineModule,True,False,True,True,3031,6d41c0b2a8784c922789c5ceb53258b795d7b220c6026ff514d86c81dde65e83,tres_2_b:kplr011446443-2009259160929_llc.fits,-0.015949148985713757,0.98855805397033691,4.1583305574022233e-05,PDCSAP_FLUX,401906.59375,16.906042098999023,406558.40625,out_of_transit_median,segment_normalized,tres_2_b-e8e81778b059cb9a,0.98855805397033691,4.1583305574022233e-05
TrES-2 b,TrES-2,tres_2_b,MAST,data/raw/mast/lightkurve/tres_2_b/kepler/mastDownload/Kepler/kplr011446443_lc_Q111111110111011101/kplr011446443-2009259160929_llc.fits,6d41c0b2a8784c922789c5ceb53258b795d7b220c6026ff514d86c81dde65e83,kplr011446443-2009259160929_llc.fits,Kepler,kplr011446443-2009259160929_llc.fits,LIGHTCURVE,1,204.27776379534771,d,TIMESYS=TDB;BJDREFI=2454833;BJDREFF=0.0,long,1765.4628859418881,FITS_TIMEDEL,398576.53125,16.71574592590332,401900.875,16.972757339477539,0,4666,617.57785799308022,847.83799476469358,-0.0052678938955068588,-0.0196122657507658,2,,,,,KIC 11446443,Kepler,Kepler Photometer,822892 FluxExporter2PipelineModule,True,False,True,True,1701,6d41c0b2a8784c922789c5ceb53258b795d7b220c6026ff514d86c81dde65e83,tres_2_b:kplr011446443-2009259160929_llc.fits,-0.015782645681785779,0.98854398727416992,4.1747403884073719e-05,PDCSAP_FLUX,401900.875,16.972757339477539,406558.40625,out_of_transit_median,segment_normalized,tres_2_b-e8e81778b059cb9a,0.98854398727416992,4.1747403884073719e-05
TrES-2 b,TrES-2,tres_2_b,MAST,data/raw/mast/lightkurve/tres_2_b/kepler/mastDownload/Kepler/kplr011446443_lc_Q111111110111011101/kplr011446443-2009131105131_llc.fits,e1699c5dd0089c35d908b711b302f72ba974edc68e030dae3e9a65d5065f7d0c,kplr011446443-2009131105131_llc.fits,Kepler,kplr011446443-2009131105131_llc.fits,LIGHTCURVE,1,125.21856289415882,d,TIMESYS=TDB;BJDREFI=2454833;BJDREFF=0.0,long,1765.4628859418881,FITS_TIMEDEL,396582.0625,16.604484558105469,401400.9375,16.92486572265625,0,797,621.21779310546469,848.8997854288807,-5.8315745263826102e-05,-6.2582234932051506e-06,0,,,,,KIC 11446443,Kepler,Kepler Photometer,793548 FluxExporter2PipelineModule,True,False,True,True,229,e1699c5dd0089c35d908b711b302f72ba974edc68e030dae3e9a65d5065f7d0c,tres_2_b:kplr011446443-2009131105131_llc.fits,-0.015355482870682335,0.98825645446777344,4.1669329220894724e-05,PDCSAP_FLUX,401400.9375,16.92486572265625,406170.8125,out_of_transit_median,segment_normalized,tres_2_b-e8e81778b059cb9a,0.98825645446777344,4.1669329220894724e-05
TrES-2 b,TrES-2,tres_2_b,MAST,data/raw/mast/lightkurve/tres_2_b/kepler/mastDownload/Kepler/kplr011446443_lc_Q111111110111011101/kplr011446443-2009166043257_llc.fits,10bfca91bdd928deda2e638de7a27cdc940b879452408a96b5be6146944639e9,kplr011446443-2009166043257_llc.fits,Kepler,kplr011446443-2009166043257_llc.fits,LIGHTCURVE,1,152.39604670584231,d,TIMESYS=TDB;BJDREFI=2454833;BJDREFF=0.0,long,1765.4628859418881,FITS_TIMEDEL,394628.46875,16.556022644042969,398850.28125,16.94105339050293,0,2127,621.20022047162377,848.9611690368713,-0.00049450813094154,0.0068438691087067127,1,,,,,KIC 11446443,Kepler,Kepler Photometer,795945 FluxExporter2PipelineModule,True,False,True,True,1022,10bfca91bdd928deda2e638de7a27cdc940b879452408a96b5be6146944639e9,tres_2_b:kplr011446443-2009166043257_llc.fits,-0.01461881818719335,0.98799127340316772,4.1964649426518008e-05,PDCSAP_FLUX,398850.28125,16.94105339050293,403698.1875,out_of_transit_median,segment_normalized,tres_2_b-e8e81778b059cb9a,0.98799127340316772,4.1964649426518008e-05
TrES-2 b,TrES-2,tres_2_b,MAST,data/raw/mast/lightkurve/tres_2_b/kepler/mastDownload/Kepler/kplr011446443_lc_Q111111110111011101/kplr011446443-2009259160929_llc.fits,6d41c0b2a8784c922789c5ceb53258b795d7b220c6026ff514d86c81dde65e83,kplr011446443-2009259160929_llc.fits,Kepler,kplr011446443-2009259160929_llc.fits,LIGHTCURVE,1,233.92678112264548,d,TIMESYS=TDB;BJDREFI=2454833;BJDREFF=0.0,long,1765.4628859418881,FITS_TIMEDEL,398291.8125,16.706783294677734,401660.15625,16.951335906982422,0,6117,617.57697135414412,847.91139189894056,-0.0066314004361629486,0.053781762719154358,2,,,,,KIC 11446443,Kepler,Kepler Photometer,822892 FluxExporter2PipelineModule,True,False,True,True,3152,6d41c0b2a8784c922789c5ceb53258b795d7b220c6026ff514d86c81dde65e83,tres_2_b:kplr011446443-2009259160929_llc.fits,-0.01412584238401382,0.98795193433761597,4.1694711399031803e-05,PDCSAP_FLUX,401660.15625,16.951335906982422,406558.40625,out_of_transit_median,segment_normalized,tres_2_b-e8e81778b059cb9a,0.98795193433761597,4.1694711399031803e-05
TrES-2 b,TrES-2,tres_2_b,MAST,data/raw/mast/lightkurve/tres_2_b/kepler/mastDownload/Kepler/kplr011446443_lc_Q111111110111011101/kplr011446443-2009259160929_llc.fits,6d41c0b2a8784c922789c5ceb53258b795d7b220c6026ff514d86c81dde65e83,kplr011446443-2009259160929_llc.fits,Kepler,kplr011446443-2009259160929_llc.fits,LIGHTCURVE,1,179.57330670470401,d,TIMESYS=TDB;BJDREFI=2454833;BJDREFF=0.0,long,1765.4628859418881,FITS_TIMEDEL,398427.625,16.722341537475586,401577.5625,16.974630355834961,0,3457,617.58343734354492,847.73592982995478,0.00042485320591367781,-0.11462593823671341,2,,,,,KIC 11446443,Kepler,Kepler Photometer,822892 FluxExporter2PipelineModule,True,False,True,True,492,6d41c0b2a8784c922789c5ceb53258b795d7b220c6026ff514d86c81dde65e83,tres_2_b:kplr011446443-2009259160929_llc.fits,-0.014105966325487662,0.98774874210357666,4.1752009565243497e-05,PDCSAP_FLUX,401577.5625,16.974630355834961,406558.40625,out_of_transit_median,segment_normalized,tres_2_b-e8e81778b059cb9a,0.98774874210357666,4.1752009565243497e-05
TrES-2 b,TrES-2,tres_2_b,MAST,data/raw/mast/lightkurve/tres_2_b/kepler/mastDownload/Kepler/kplr011446443_lc_Q111111110111011101/kplr011446443-2009259160929_llc.fits,6d41c0b2a8784c922789c5ceb53258b795d7b220c6026ff514d86c81dde65e83,kplr011446443-2009259160929_llc.fits,Kepler,kplr011446443-2009259160929_llc.fits,LIGHTCURVE,1,206.7502359410355,d,TIMESYS=TDB;BJDREFI=2454833;BJDREFF=0.0,long,1765.4628859418881,FITS_TIMEDEL,398305.15625,16.709714889526367,401611.65625,16.964565277099609,0,4787,617.57953890112606,847.84365501173534,-0.0037292882334440947,-0.013956217095255852,2,,,,,KIC 11446443,Kepler,Kepler Photometer,822892 FluxExporter2PipelineModule,True,False,True,True,1822,6d41c0b2a8784c922789c5ceb53258b795d7b220c6026ff514d86c81dde65e83,tres_2_b:kplr011446443-2009259160929_llc.fits,-0.013923876993996886,0.98783260583877563,4.1727253119461238e-05,PDCSAP_FLUX,401611.65625,16.964565277099609,406558.40625,out_of_transit_median,segment_normalized,tres_2_b-e8e81778b059cb9a,0.98783260583877563,4.1727253119461238e-05
TrES-2 b,TrES-2,tres_2_b,MAST,data/raw/mast/lightkurve/tres_2_b/kepler/mastDownload/Kepler/kplr011446443_lc_Q111111110111011101/kplr011446443-2009131105131_llc.fits,e1699c5dd0089c35d908b711b302f72ba974edc68e030dae3e9a65d5065f7d0c,kplr011446443-2009131105131_llc.fits,Kepler,kplr011446443-2009131105131_llc.fits,LIGHTCURVE,1,127.69110634492972,d,TIMESYS=TDB;BJDREFI=2454833;BJDREFF=0.0,long,1765.4628859418881,FITS_TIMEDEL,396178.90625,16.595706939697266,401101.09375,16.851139068603516,0,918,621.21518920765527,848.90382796101449,-0.0019718045368790627,0.0020567623432725668,0,,,,,KIC 11446443,Kepler,Kepler Photometer,793548 FluxExporter2PipelineModule,True,False,True,True,350,e1699c5dd0089c35d908b711b302f72ba974edc68e030dae3e9a65d5065f7d0c,tres_2_b:kplr011446443-2009131105131_llc.fits,-0.013425409099782515,0.98751825094223022,4.1487812268314883e-05,PDCSAP_FLUX,401101.09375,16.851139068603516,406170.8125,out_of_transit_median,segment_normalized,tres_2_b-e8e81778b059cb9a,0.98751825094223022,4.1487812268314883e-05
TrES-2 b,TrES-2,tres_2_b,MAST,data/raw/mast/lightkurve/tres_2_b/kepler/mastDownload/Kepler/kplr011446443_lc_Q111111110111011101/kplr011446443-2009166043257_llc.fits,10bfca91bdd928deda2e638de7a27cdc940b879452408a96b5be6146944639e9,kplr011446443-2009166043257_llc.fits,Kepler,kplr011446443-2009166043257_llc.fits,LIGHTCURVE,1,154.86857563869125,d,TIMESYS=TDB;BJDREFI=2454833;BJDREFF=0.0,long,1765.4628859418881,FITS_TIMEDEL,394207.875,16.547872543334961,398597.0625,16.922031402587891,0,2248,621.20155665709729,848.96812625669008,0.0018985433271154761,0.011121301911771297,1,,,,,KIC 11446443,Kepler,Kepler Photometer,795945 FluxExporter2PipelineModule,True,False,True,True,1143,10bfca91bdd928deda2e638de7a27cdc940b879452408a96b5be6146944639e9,tres_2_b:kplr011446443-2009166043257_llc.fits,-0.01270326233824437,0.98736399412155151,4.1917530325008556e-05,PDCSAP_FLUX,398597.0625,16.922031402587891,403698.1875,out_of_transit_median,segment_normalized,tres_2_b-e8e81778b059cb9a,0.98736399412155151,4.1917530325008556e-05
TrES-2 b,TrES-2,tres_2_b,MAST,data/raw/mast/lightkurve/tres_2_b/kepler/mastDownload/Kepler/kplr011446443_lc_Q111111110111011101/kplr011446443-2009259160929_llc.fits,6d41c0b2a8784c922789c5ceb53258b795d7b220c6026ff514d86c81dde65e83,kplr011446443-2009259160929_llc.fits,Kepler,kplr011446443-2009259160929_llc.fits,LIGHTCURVE,1,236.39921470517584,d,TIMESYS=TDB;BJDREFI=2454833;BJDREFF=0.0,long,1765.4628859418881,FITS_TIMEDEL,397926.75,16.69775390625,401371,16.950456619262695,0,6238,617.58239872319473,847.91462617758555,-0.0014720747712999582,0.056751452386379242,2,,,,,KIC 11446443,Kepler,Kepler Photometer,822892 FluxExporter2PipelineModule,True,False,True,True,3273,6d41c0b2a8784c922789c5ceb53258b795d7b220c6026ff514d86c81dde65e83,tres_2_b:kplr011446443-2009259160929_llc.fits,-0.01230563685365671,0.98724067211151123,4.1692550439620391e-05,PDCSAP_FLUX,401371,16.950456619262695,406558.40625,out_of_transit_median,segment_normalized,tres_2_b-e8e81778b059cb9a,0.98724067211151123,4.1692550439620391e-05
TrES-2 b,TrES-2,tres_2_b,MAST,data/raw/mast/lightkurve/tres_2_b/kepler/mastDownload/Kepler/kplr011446443_lc_Q111111110111011101/kplr011446443-2009166043257_llc.fits,10bfca91bdd928deda2e638de7a27cdc940b879452408a96b5be6146944639e9,kplr011446443-2009166043257_llc.fits,Kepler,kplr011446443-2009166043257_llc.fits,LIGHTCURVE,1,157.34110260027956,d,TIMESYS=TDB;BJDREFI=2454833;BJDREFF=0.0,long,1765.4628859418881,FITS_TIMEDEL,393862.53125,16.54029655456543,398398.78125,16.917808532714844,0,2369,621.1986713108447,848.97624346346652,9.055860573425889e-06,0.016733402386307716,1,,,,,KIC 11446443,Kepler,Kepler Photometer,795945 FluxExporter2PipelineModule,True,False,True,True,1264,10bfca91bdd928deda2e638de7a27cdc940b879452408a96b5be6146944639e9,tres_2_b:kplr011446443-2009166043257_llc.fits,-0.010789677749943438,0.98687285184860229,4.1907071135938168e-05,PDCSAP_FLUX,398398.78125,16.917808532714844,403698.1875,out_of_transit_median,segment_normalized,tres_2_b-e8e81778b059cb9a,0.98687285184860229,4.1907071135938168e-05
TrES-2 b,TrES-2,tres_2_b,MAST,data/raw/mast/lightkurve/tres_2_b/kepler/mastDownload/Kepler/kplr011446443_lc_Q111111110111011101/kplr011446443-2009259160929_llc.fits,6d41c0b2a8784c922789c5ceb53258b795d7b220c6026ff514d86c81dde65e83,kplr011446443-2009259160929_llc.fits,Kepler,kplr011446443-2009259160929_llc.fits,LIGHTCURVE,1,238.87164512877644,d,TIMESYS=TDB;BJDREFI=2454833;BJDREFF=0.0,long,1765.4628859418881,FITS_TIMEDEL,397683.09375,16.691875457763672,401133.90625,16.947301864624023,0,6359,617.58455050915165,847.91943285581374,0.00067953695543110371,0.06182948499917984,2,,,,,KIC 11446443,Kepler,Kepler Photometer,822892 FluxExporter2PipelineModule,True,False,True,True,3394,6d41c0b2a8784c922789c5ceb53258b795d7b220c6026ff514d86c81dde65e83,tres_2_b:kplr011446443-2009259160929_llc.fits,-0.010488590253057373,0.98665750026702881,4.1684790630824864e-05,PDCSAP_FLUX,401133.90625,16.947301864624023,406558.40625,out_of_transit_median,segment_normalized,tres_2_b-e8e81778b059cb9a,0.98665750026702881,4.1684790630824864e-05
TrES-2 b,TrES-2,tres_2_b,MAST,data/raw/mast/lightkurve/tres_2_b/kepler/mastDownload/Kepler/kplr011446443_lc_Q111111110111011101/kplr011446443-2009259160929_llc.fits,6d41c0b2a8784c922789c5ceb53258b795d7b220c6026ff514d86c81dde65e83,kplr011446443-2009259160929_llc.fits,Kepler,kplr011446443-2009259160929_llc.fits,LIGHTCURVE,1,211.69517034968158,d,TIMESYS=TDB;BJDREFI=2454833;BJDREFF=0.0,long,1765.4628859418881,FITS_TIMEDEL,397948.6875,16.698925018310547,401180.21875,16.958671569824219,0,5029,617.58237946744055,847.85350096279274,-0.001318535185419023,-0.0042942091822624207,2,,,,,KIC 11446443,Kepler,Kepler Photometer,822892 FluxExporter2PipelineModule,True,False,True,True,2064,6d41c0b2a8784c922789c5ceb53258b795d7b220c6026ff514d86c81dde65e83,tres_2_b:kplr011446443-2009259160929_llc.fits,-0.010216222347919635,0.98677140474319458,4.1712755773914978e-05,PDCSAP_FLUX,401180.21875,16.958671569824219,406558.40625,out_of_transit_median,segment_normalized,tres_2_b-e8e81778b059cb9a,0.98677140474319458,4.1712755773914978e-05
TrES-2 b,TrES-2,tres_2_b,MAST,data/raw/mast/lightkurve/tres_2_b/kepler/mastDownload/Kepler/kplr011446443_lc_Q111111110111011101/kplr011446443-2009166043257_llc.fits,10bfca91bdd928deda2e638de7a27cdc940b879452408a96b5be6146944639e9,kplr011446443-2009166043257_llc.fits,Kepler,kplr011446443-2009166043257_llc.fits,LIGHTCURVE,1,132.63619082351943,d,TIMESYS=TDB;BJDREFI=2454833;BJDREFF=0.0,long,1765.4628859418881,FITS_TIMEDEL,395023.75,16.559036254882812,398202.6875,16.915323257446289,0,1160,621.210638472808,848.91476014103387,0.003551744157448411,-0.021679691970348358,1,,,,,KIC 11446443,Kepler,Kepler Photometer,795945 FluxExporter2PipelineModule,True,False,True,True,55,10bfca91bdd928deda2e638de7a27cdc940b879452408a96b5be6146944639e9,tres_2_b:kplr011446443-2009166043257_llc.fits,-0.0095676845100760577,0.98638713359832764,4.1900915675796568e-05,PDCSAP_FLUX,398202.6875,16.915323257446289,403698.1875,out_of_transit_median,segment_normalized,tres_2_b-e8e81778b059cb9a,0.98638713359832764,4.1900915675796568e-05
TrES-2 b,TrES-2,tres_2_b,MAST,data/raw/mast/lightkurve/tres_2_b/kepler/mastDownload/Kepler/kplr011446443_lc_Q111111110111011101/kplr011446443-2009166043257_llc.fits,10bfca91bdd928deda2e638de7a27cdc940b879452408a96b5be6146944639e9,kplr011446443-2009166043257_llc.fits,Kepler,kplr011446443-2009166043257_llc.fits,LIGHTCURVE,1,159.81362749363325,d,TIMESYS=TDB;BJDREFI=2454833;BJDREFF=0.0,long,1765.4628859418881,FITS_TIMEDEL,393537.375,16.534303665161133,398219.9375,16.912380218505859,0,2490,621.19763809508345,848.98343393481423,0.00017538052634336054,0.021593954414129257,1,,,,,KIC 11446443,Kepler,Kepler Photometer,795945 FluxExporter2PipelineModule,True,False,True,True,1385,10bfca91bdd928deda2e638de7a27cdc940b879452408a96b5be6146944639e9,tres_2_b:kplr011446443-2009166043257_llc.fits,-0.0088781613962500838,0.98642981052398682,4.1893625166267157e-05,PDCSAP_FLUX,398219.9375,16.912380218505859,403698.1875,out_of_transit_median,segment_normalized,tres_2_b-e8e81778b059cb9a,0.98642981052398682,4.1893625166267157e-05
TrES-2 b,TrES-2,tres_2_b,MAST,data/raw/mast/lightkurve/tres_2_b/kepler/mastDownload/Kepler/kplr011446443_lc_Q111111110111011101/kplr011446443-2009259160929_llc.fits,6d41c0b2a8784c922789c5ceb53258b795d7b220c6026ff514d86c81dde65e83,kplr011446443-2009259160929_llc.fits,Kepler,kplr011446443-2009259160929_llc.fits,LIGHTCURVE,1,241.34407253978134,d,TIMESYS=TDB;BJDREFI=2454833;BJDREFF=0.0,long,1765.4628859418881,FITS_TIMEDEL,397529.0625,16.69178581237793,400998.75,16.944118499755859,0,6480,617.58763139600785,847.92188348443858,0.0035098332446068525,0.06426229327917099,2,,,,,KIC 11446443,Kepler,Kepler Photometer,822892 FluxExporter2PipelineModule,True,False,True,True,3515,6d41c0b2a8784c922789c5ceb53258b795d7b220c6026ff514d86c81dde65e83,tres_2_b:kplr011446443-2009259160929_llc.fits,-0.0086745562481562732,0.98632508516311646,4.1676961700432003e-05,PDCSAP_FLUX,400998.75,16.944118499755859,406558.40625,out_of_transit_median,segment_normalized,tres_2_b-e8e81778b059cb9a,0.98632508516311646,4.1676961700432003e-05
TrES-2 b,TrES-2,tres_2_b,MAST,data/raw/mast/lightkurve/tres_2_b/kepler/mastDownload/Kepler/kplr011446443_lc_Q111111110111011101/kplr011446443-2009259160929_llc.fits,6d41c0b2a8784c922789c5ceb53258b795d7b220c6026ff514d86c81dde65e83,kplr011446443-2009259160929_llc.fits,Kepler,kplr011446443-2009259160929_llc.fits,LIGHTCURVE,1,186.99080537452392,d,TIMESYS=TDB;BJDREFI=2454833;BJDREFF=0.0,long,1765.4628859418881,FITS_TIMEDEL,397829.125,16.706357955932617,401027.53125,16.961973190307617,0,3820,617.58731705470302,847.75412344664653,0.0040522734634578228,-0.098721832036972046,2,,,,,KIC 11446443,Kepler,Kepler Photometer,822892 FluxExporter2PipelineModule,True,False,True,True,855,6d41c0b2a8784c922789c5ceb53258b795d7b220c6026ff514d86c81dde65e83,tres_2_b:kplr011446443-2009259160929_llc.fits,-0.0084474275055808068,0.98639589548110962,4.1720875742612407e-05,PDCSAP_FLUX,401027.53125,16.961973190307617,406558.40625,out_of_transit_median,segment_normalized,tres_2_b-e8e81778b059cb9a,0.98639589548110962,4.1720875742612407e-05
TrES-2 b,TrES-2,tres_2_b,MAST,data/raw/mast/lightkurve/tres_2_b/kepler/mastDownload/Kepler/kplr011446443_lc_Q111111110111011101/kplr011446443-2009259160929_llc.fits,6d41c0b2a8784c922789c5ceb53258b795d7b220c6026ff514d86c81dde65e83,kplr011446443-2009259160929_llc.fits,Kepler,kplr011446443-2009259160929_llc.fits,LIGHTCURVE,1,214.16763199098932,d,TIMESYS=TDB;BJDREFI=2454833;BJDREFF=0.0,long,1765.4628859418881,FITS_TIMEDEL,397787,16.69842529296875,400982.75,16.956890106201172,0,5150,617.5837308766263,847.85874065487076,-9.4327151600737125e-05,0.0010809224331751466,2,,,,,KIC 11446443,Kepler,Kepler Photometer,822892 FluxExporter2PipelineModule,True,False,True,True,2185,6d41c0b2a8784c922789c5ceb53258b795d7b220c6026ff514d86c81dde65e83,tres_2_b:kplr011446443-2009259160929_llc.fits,-0.0083679580401738729,0.9862857460975647,4.1708375647431239e-05,PDCSAP_FLUX,400982.75,16.956890106201172,406558.40625,out_of_transit_median,segment_normalized,tres_2_b-e8e81778b059cb9a,0.9862857460975647,4.1708375647431239e-05
TrES-2 b,TrES-2,tres_2_b,MAST,data/raw/mast/lightkurve/tres_2_b/kepler/mastDownload/Kepler/kplr011446443_lc_Q111111110111011101/kplr011446443-2009166043257_llc.fits,10bfca91bdd928deda2e638de7a27cdc940b879452408a96b5be6146944639e9,kplr011446443-2009166043257_llc.fits,Kepler,kplr011446443-2009166043257_llc.fits,LIGHTCURVE,1,135.10873170477134,d,TIMESYS=TDB;BJDREFI=2454833;BJDREFF=0.0,long,1765.4628859418881,FITS_TIMEDEL,394826.46875,16.557964324951172,398091.3125,16.938638687133789,0,1281,621.20877875131953,848.91884940530247,0.0020772421266883612,-0.019254947081208229,1,,,,,KIC 11446443,Kepler,Kepler Photometer,795945 FluxExporter2PipelineModule,True,False,True,True,176,10bfca91bdd928deda2e638de7a27cdc940b879452408a96b5be6146944639e9,tres_2_b:kplr011446443-2009166043257_llc.fits,-0.0076401802581596012,0.98611122369766235,4.1958668589359149e-05,PDCSAP_FLUX,398091.3125,16.938638687133789,403698.1875,out_of_transit_median,segment_normalized,tres_2_b-e8e81778b059cb9a,0.98611122369766235,4.1958668589359149e-05
TrES-2 b,TrES-2,tres_2_b,MAST,data/raw/mast/lightkurve/tres_2_b/kepler/mastDownload/Kepler/kplr011446443_lc_Q111111110111011101/kplr011446443-2009166043257_llc.fits,10bfca91bdd928deda2e638de7a27cdc940b879452408a96b5be6146944639e9,kplr011446443-2009166043257_llc.fits,Kepler,kplr011446443-2009166043257_llc.fits,LIGHTCURVE,1,162.28615022608574,d,TIMESYS=TDB;BJDREFI=2454833;BJDREFF=0.0,long,1765.4628859418881,FITS_TIMEDEL,393306.9375,16.529987335205078,398126.3125,16.898408889770508,0,2611,621.19724726072138,848.99216639299891,0.00089893996482715011,0.028108488768339157,1,,,,,KIC 11446443,Kepler,Kepler Photometer,795945 FluxExporter2PipelineModule,True,False,True,True,1506,10bfca91bdd928deda2e638de7a27cdc940b879452408a96b5be6146944639e9,tres_2_b:kplr011446443-2009166043257_llc.fits,-0.006968805943760481,0.98619794845581055,4.1859017073875293e-05,PDCSAP_FLUX,398126.3125,16.898408889770508,403698.1875,out_of_transit_median,segment_normalized,tres_2_b-e8e81778b059cb9a,0.98619794845581055,4.1859017073875293e-05
TrES-2 b,TrES-2,tres_2_b,MAST,data/raw/mast/lightkurve/tres_2_b/kepler/mastDownload/Kepler/kplr011446443_lc_Q111111110111011101/kplr011446443-2009259160929_llc.fits,6d41c0b2a8784c922789c5ceb53258b795d7b220c6026ff514d86c81dde65e83,kplr011446443-2009259160929_llc.fits,Kepler,kplr011446443-2009259160929_llc.fits,LIGHTCURVE,1,243.81649709011253,d,TIMESYS=TDB;BJDREFI=2454833;BJDREFF=0.0,long,1765.4628859418881,FITS_TIMEDEL,397386.375,16.689123153686523,400884.03125,16.939266204833984,0,6601,617.59138912501669,847.92483984658759,0.0069310320541262627,0.06740967184305191,2,,,,,KIC 11446443,Kepler,Kepler Photometer,822892 FluxExporter2PipelineModule,True,False,True,True,3636,6d41c0b2a8784c922789c5ceb53258b795d7b220c6026ff514d86c81dde65e83,tres_2_b:kplr011446443-2009259160929_llc.fits,-0.0068633829169584271,0.98604291677474976,4.1665025491965935e-05,PDCSAP_FLUX,400884.03125,16.939266204833984,406558.40625,out_of_transit_median,segment_normalized,tres_2_b-e8e81778b059cb9a,0.98604291677474976,4.1665025491965935e-05
TrES-2 b,TrES-2,tres_2_b,MAST,data/raw/mast/lightkurve/tres_2_b/kepler/mastDownload/Kepler/kplr011446443_lc_Q111111110111011101/kplr011446443-2009259160929_llc.fits,6d41c0b2a8784c922789c5ceb53258b795d7b220c6026ff514d86c81dde65e83,kplr011446443-2009259160929_llc.fits,Kepler,kplr011446443-2009259160929_llc.fits,LIGHTCURVE,1,189.46329919616255,d,TIMESYS=TDB;BJDREFI=2454833;BJDREFF=0.0,long,1765.4628859418881,FITS_TIMEDEL,397504.6875,16.700006484985352,400894.25,16.954591751098633,0,3941,617.59047255032283,847.76008508271059,0.0070110014639794827,-0.093978025019168854,2,,,,,KIC 11446443,Kepler,Kepler Photometer,822892 FluxExporter2PipelineModule,True,False,True,True,976,6d41c0b2a8784c922789c5ceb53258b795d7b220c6026ff514d86c81dde65e83,tres_2_b:kplr011446443-2009259160929_llc.fits,-0.0065669828669443486,0.9860680103302002,4.1702722228365019e-05,PDCSAP_FLUX,400894.25,16.954591751098633,406558.40625,out_of_transit_median,segment_normalized,tres_2_b-e8e81778b059cb9a,0.9860680103302002,4.1702722228365019e-05
TrES-2 b,TrES-2,tres_2_b,MAST,data/raw/mast/lightkurve/tres_2_b/kepler/mastDownload/Kepler/kplr011446443_lc_Q111111110111011101/kplr011446443-2009259160929_llc.fits,6d41c0b2a8784c922789c5ceb53258b795d7b220c6026ff514d86c81dde65e83,kplr011446443-2009259160929_llc.fits,Kepler,kplr011446443-2009259160929_llc.fits,LIGHTCURVE,1,216.64009118337708,d,TIMESYS=TDB;BJDREFI=2454833;BJDREFF=0.0,long,1765.4628859418881,FITS_TIMEDEL,397705.53125,16.696725845336914,400884.71875,16.955606460571289,0,5271,617.58424422471546,847.8641183930431,0.00033841392723843455,0.0063934680074453354,2,,,,,KIC 11446443,Kepler,Kepler Photometer,822892 FluxExporter2PipelineModule,True,False,True,True,2306,6d41c0b2a8784c922789c5ceb53258b795d7b220c6026ff514d86c81dde65e83,tres_2_b:kplr011446443-2009259160929_llc.fits,-0.0065221426524140202,0.98604458570480347,4.1705217881826684e-05,PDCSAP_FLUX,400884.71875,16.955606460571289,406558.40625,out_of_transit_median,segment_normalized,tres_2_b-e8e81778b059cb9a,0.98604458570480347,4.1705217881826684e-05
TrES-2 b,TrES-2,tres_2_b,MAST,data/raw/mast/lightkurve/tres_2_b/kepler/mastDownload/Kepler/kplr011446443_lc_Q111111110111011101/kplr011446443-2009166043257_llc.fits,10bfca91bdd928deda2e638de7a27cdc940b879452408a96b5be6146944639e9,kplr011446443-2009166043257_llc.fits,Kepler,kplr011446443-2009166043257_llc.fits,LIGHTCURVE,1,137.58127148624772,d,TIMESYS=TDB;BJDREFI=2454833;BJDREFF=0.0,long,1765.4628859418881,FITS_TIMEDEL,394640.6875,16.554832458496094,397986.4375,16.939506530761719,0,1402,621.20709949640968,848.92382904555529,0.00079656316665932536,-0.016073368489742279,1,,,,,KIC 11446443,Kepler,Kepler Photometer,795945 FluxExporter2PipelineModule,True,False,True,True,297,10bfca91bdd928deda2e638de7a27cdc940b879452408a96b5be6146944639e9,tres_2_b:kplr011446443-2009166043257_llc.fits,-0.0057137757817884438,0.98585140705108643,4.1960818634834141e-05,PDCSAP_FLUX,397986.4375,16.939506530761719,403698.1875,out_of_transit_median,segment_normalized,tres_2_b-e8e81778b059cb9a,0.98585140705108643,4.1960818634834141e-05
TrES-2 b,TrES-2,tres_2_b,MAST,data/raw/mast/lightkurve/tres_2_b/kepler/mastDownload/Kepler/kplr011446443_lc_Q111111110111011101/kplr011446443-2009166043257_llc.fits,10bfca91bdd928deda2e638de7a27cdc940b879452408a96b5be6146944639e9,kplr011446443-2009166043257_llc.fits,Kepler,kplr011446443-2009166043257_llc.fits,LIGHTCURVE,1,164.75867020752776,d,TIMESYS=TDB;BJDREFI=2454833;BJDREFF=0.0,long,1765.4628859418881,FITS_TIMEDEL,393042.4375,16.523347854614258,398034.09375,16.855400085449219,0,2732,621.19507844527106,849.00158577450577,-0.00017135811503976583,0.034891590476036072,1,,,,,KIC 11446443,Kepler,Kepler Photometer,795945 FluxExporter2PipelineModule,True,False,True,True,1627,10bfca91bdd928deda2e638de7a27cdc940b879452408a96b5be6146944639e9,tres_2_b:kplr011446443-2009166043257_llc.fits,-0.0050622015017409705,0.98596948385238647,4.1752478864509612e-05,PDCSAP_FLUX,398034.09375,16.855400085449219,403698.1875,out_of_transit_median,segment_normalized,tres_2_b-e8e81778b059cb9a,0.98596948385238647,4.1752478864509612e-05
TrES-2 b,TrES-2,tres_2_b,MAST,data/raw/mast/lightkurve/tres_2_b/kepler/mastDownload/Kepler/kplr011446443_lc_Q111111110111011101/kplr011446443-2009259160929_llc.fits,6d41c0b2a8784c922789c5ceb53258b795d7b220c6026ff514d86c81dde65e83,kplr011446443-2009259160929_llc.fits,Kepler,kplr011446443-2009259160929_llc.fits,LIGHTCURVE,1,246.28891873727844,d,TIMESYS=TDB;BJDREFI=2454833;BJDREFF=0.0,long,1765.4628859418881,FITS_TIMEDEL,397509.625,16.687305450439453,400947.625,16.94135856628418,0,6722,617.55090485547362,847.97182806978367,-0.031160688027739525,0.11914137005805969,2,,,,,KIC 11446443,Kepler,Kepler Photometer,822892 FluxExporter2PipelineModule,True,False,True,True,3757,6d41c0b2a8784c922789c5ceb53258b795d7b220c6026ff514d86c81dde65e83,tres_2_b:kplr011446443-2009259160929_llc.fits,-0.005055112751056301,0.98619931936264038,4.1670173231977969e-05,PDCSAP_FLUX,400947.625,16.94135856628418,406558.40625,out_of_transit_median,segment_normalized,tres_2_b-e8e81778b059cb9a,0.98619931936264038,4.1670173231977969e-05
TrES-2 b,TrES-2,tres_2_b,MAST,data/raw/mast/lightkurve/tres_2_b/kepler/mastDownload/Kepler/kplr011446443_lc_Q111111110111011101/kplr011446443-2009259160929_llc.fits,6d41c0b2a8784c922789c5ceb53258b795d7b220c6026ff514d86c81dde65e83,kplr011446443-2009259160929_llc.fits,Kepler,kplr011446443-2009259160929_llc.fits,LIGHTCURVE,1,191.93579001568287,d,TIMESYS=TDB;BJDREFI=2454833;BJDREFF=0.0,long,1765.4628859418881,FITS_TIMEDEL,397431.59375,16.70050048828125,400876.375,16.954921722412109,0,4062,617.59225962038749,847.76547248595637,0.0086397780105471611,-0.089096449315547943,2,,,,,KIC 11446443,Kepler,Kepler Photometer,822892 FluxExporter2PipelineModule,True,False,True,True,1097,6d41c0b2a8784c922789c5ceb53258b795d7b220c6026ff514d86c81dde65e83,tres_2_b:kplr011446443-2009259160929_llc.fits,-0.0046895403466271635,0.98602408170700073,4.1703533497639e-05,PDCSAP_FLUX,400876.375,16.954921722412109,406558.40625,out_of_transit_median,segment_normalized,tres_2_b-e8e81778b059cb9a,0.98602408170700073,4.1703533497639e-05
TrES-2 b,TrES-2,tres_2_b,MAST,data/raw/mast/lightkurve/tres_2_b/kepler/mastDownload/Kepler/kplr011446443_lc_Q111111110111011101/kplr011446443-2009259160929_llc.fits,6d41c0b2a8784c922789c5ceb53258b795d7b220c6026ff514d86c81dde65e83,kplr011446443-2009259160929_llc.fits,Kepler,kplr011446443-2009259160929_llc.fits,LIGHTCURVE,1,219.11254692800867,d,TIMESYS=TDB;BJDREFI=2454833;BJDREFF=0.0,long,1765.4628859418881,FITS_TIMEDEL,397630.0625,16.69236946105957,400832.75,16.950527191162109,0,5392,617.58654926418217,847.86855524684916,0.0025336607359349728,0.010621559806168079,2,,,,,KIC 11446443,Kepler,Kepler Photometer,822892 FluxExporter2PipelineModule,True,False,True,True,2427,6d41c0b2a8784c922789c5ceb53258b795d7b220c6026ff514d86c81dde65e83,tres_2_b:kplr011446443-2009259160929_llc.fits,-0.0046797750208253941,0.98591679334640503,4.1692725062603131e-05,PDCSAP_FLUX,400832.75,16.950527191162109,406558.40625,out_of_transit_median,segment_normalized,tres_2_b-e8e81778b059cb9a,0.98591679334640503,4.1692725062603131e-05
TrES-2 b,TrES-2,tres_2_b,MAST,data/raw/mast/lightkurve/tres_2_b/kepler/mastDownload/Kepler/kplr011446443_lc_Q111111110111011101/kplr011446443-2009166043257_llc.fits,10bfca91bdd928deda2e638de7a27cdc940b879452408a96b5be6146944639e9,kplr011446443-2009166043257_llc.fits,Kepler,kplr011446443-2009166043257_llc.fits,LIGHTCURVE,1,140.05381014990417,d,TIMESYS=TDB;BJDREFI=2454833;BJDREFF=0.0,long,1765.4628859418881,FITS_TIMEDEL,394528.96875,16.551027297973633,397967.46875,16.929071426391602,0,1523,621.20580619964858,848.92994599015833,0.00018843126599676907,-0.011995182372629642,1,,,,,KIC 11446443,Kepler,Kepler Photometer,795945 FluxExporter2PipelineModule,True,False,True,True,418,10bfca91bdd928deda2e638de7a27cdc940b879452408a96b5be6146944639e9,tres_2_b:kplr011446443-2009166043257_llc.fits,-0.0037884891253374686,0.98580443859100342,4.1934970795409754e-05,PDCSAP_FLUX,397967.46875,16.929071426391602,403698.1875,out_of_transit_median,segment_normalized,tres_2_b-e8e81778b059cb9a,0.98580443859100342,4.1934970795409754e-05
TrES-2 b,TrES-2,tres_2_b,MAST,data/raw/mast/lightkurve/tres_2_b/kepler/mastDownload/Kepler/kplr011446443_lc_Q111111110111011101/kplr011446443-2009259160929_llc.fits,6d41c0b2a8784c922789c5ceb53258b795d7b220c6026ff514d86c81dde65e83,kplr011446443-2009259160929_llc.fits,Kepler,kplr011446443-2009259160929_llc.fits,LIGHTCURVE,1,248.76133754367766,d,TIMESYS=TDB;BJDREFI=2454833;BJDREFF=0.0,long,1765.4628859418881,FITS_TIMEDEL,397419.53125,16.688514709472656,400851.1875,16.945718765258789,0,6843,617.55317792032088,847.97626925370025,-0.02904742956161499,0.12428762018680573,2,,,,,KIC 11446443,Kepler,Kepler Photometer,822892 FluxExporter2PipelineModule,True,False,True,True,3878,6d41c0b2a8784c922789c5ceb53258b795d7b220c6026ff514d86c81dde65e83,tres_2_b:kplr011446443-2009259160929_llc.fits,-0.0032496833518373958,0.98596209287643433,4.1680897993501276e-05,PDCSAP_FLUX,400851.1875,16.945718765258789,406558.40625,out_of_transit_median,segment_normalized,tres_2_b-e8e81778b059cb9a,0.98596209287643433,4.1680897993501276e-05
TrES-2 b,TrES-2,tres_2_b,MAST,data/raw/mast/lightkurve/tres_2_b/kepler/mastDownload/Kepler/kplr011446443_lc_Q111111110111011101/kplr011446443-2009259160929_llc.fits,6d41c0b2a8784c922789c5ceb53258b795d7b220c6026ff514d86c81dde65e83,kplr011446443-2009259160929_llc.fits,Kepler,kplr011446443-2009259160929_llc.fits,LIGHTCURVE,1,221.58499953070714,d,TIMESYS=TDB;BJDREFI=2454833;BJDREFF=0.0,long,1765.4628859418881,FITS_TIMEDEL,397560,16.6907958984375,400825.75,16.94853401184082,0,5513,617.59012250210935,847.87222865874446,0.005944427102804184,0.014282935298979282,2,,,,,KIC 11446443,Kepler,Kepler Photometer,822892 FluxExporter2PipelineModule,True,False,True,True,2548,6d41c0b2a8784c922789c5ceb53258b795d7b220c6026ff514d86c81dde65e83,tres_2_b:kplr011446443-2009259160929_llc.fits,-0.0028405493223575551,0.98589956760406494,4.1687821067171171e-05,PDCSAP_FLUX,400825.75,16.94853401184082,406558.40625,out_of_transit_median,segment_normalized,tres_2_b-e8e81778b059cb9a,0.98589956760406494,4.1687821067171171e-05
TrES-2 b,TrES-2,tres_2_b,MAST,data/raw/mast/lightkurve/tres_2_b/kepler/mastDownload/Kepler/kplr011446443_lc_Q111111110111011101/kplr011446443-2009259160929_llc.fits,6d41c0b2a8784c922789c5ceb53258b795d7b220c6026ff514d86c81dde65e83,kplr011446443-2009259160929_llc.fits,Kepler,kplr011446443-2009259160929_llc.fits,LIGHTCURVE,1,194.40827778814855,d,TIMESYS=TDB;BJDREFI=2454833;BJDREFF=0.0,long,1765.4628859418881,FITS_TIMEDEL,397333.3125,16.697229385375977,400806.21875,16.952150344848633,0,4183,617.5939356328156,847.77069274728933,0.010113795287907124,-0.084461450576782227,2,,,,,KIC 11446443,Kepler,Kepler Photometer,822892 FluxExporter2PipelineModule,True,False,True,True,1218,6d41c0b2a8784c922789c5ceb53258b795d7b220c6026ff514d86c81dde65e83,tres_2_b:kplr011446443-2009259160929_llc.fits,-0.0028151448809434765,0.98585152626037598,4.1696715925354511e-05,PDCSAP_FLUX,400806.21875,16.952150344848633,406558.40625,out_of_transit_median,segment_normalized,tres_2_b-e8e81778b059cb9a,0.98585152626037598,4.1696715925354511e-05
TrES-2 b,TrES-2,tres_2_b,MAST,data/raw/mast/lightkurve/tres_2_b/kepler/mastDownload/Kepler/kplr011446443_lc_Q111111110111011101/kplr011446443-2009166043257_llc.fits,10bfca91bdd928deda2e638de7a27cdc940b879452408a96b5be6146944639e9,kplr011446443-2009166043257_llc.fits,Kepler,kplr011446443-2009166043257_llc.fits,LIGHTCURVE,1,142.52634738002234,d,TIMESYS=TDB;BJDREFI=2454833;BJDREFF=0.0,long,1765.4628859418881,FITS_TIMEDEL,394337.6875,16.5491943359375,397919.78125,16.925577163696289,0,1644,621.20350747144028,848.93560446793947,-0.001172715681605041,-0.0086835846304893494,1,,,,,KIC 11446443,Kepler,Kepler Photometer,795945 FluxExporter2PipelineModule,True,False,True,True,539,10bfca91bdd928deda2e638de7a27cdc940b879452408a96b5be6146944639e9,tres_2_b:kplr011446443-2009166043257_llc.fits,-0.0018646360071594703,0.98568630218505859,4.1926316043827683e-05,PDCSAP_FLUX,397919.78125,16.925577163696289,403698.1875,out_of_transit_median,segment_normalized,tres_2_b-e8e81778b059cb9a,0.98568630218505859,4.1926316043827683e-05
TrES-2 b,TrES-2,tres_2_b,MAST,data/raw/mast/lightkurve/tres_2_b/kepler/mastDownload/Kepler/kplr011446443_lc_Q111111110111011101/kplr011446443-2009259160929_llc.fits,6d41c0b2a8784c922789c5ceb53258b795d7b220c6026ff514d86c81dde65e83,kplr011446443-2009259160929_llc.fits,Kepler,kplr011446443-2009259160929_llc.fits,LIGHTCURVE,1,224.05744890241476,d,TIMESYS=TDB;BJDREFI=2454833;BJDREFF=0.0,long,1765.4628859418881,FITS_TIMEDEL,397532.125,16.692972183227539,400814.90625,16.942138671875,0,5634,617.59204905726926,847.87706526912723,0.0077568572014570236,0.019112585112452507,2,,,,,KIC 11446443,Kepler,Kepler Photometer,822892 FluxExporter2PipelineModule,True,False,True,True,2669,6d41c0b2a8784c922789c5ceb53258b795d7b220c6026ff514d86c81dde65e83,tres_2_b:kplr011446443-2009259160929_llc.fits,-0.0010045546147317008,0.98587286472320557,4.1672090446809307e-05,PDCSAP_FLUX,400814.90625,16.942138671875,406558.40625,out_of_transit_median,segment_normalized,tres_2_b-e8e81778b059cb9a,0.98587286472320557,4.1672090446809307e-05
TrES-2 b,TrES-2,tres_2_b,MAST,data/raw/mast/lightkurve/tres_2_b/kepler/mastDownload/Kepler/kplr011446443_lc_Q111111110111011101/kplr011446443-2009259160929_llc.fits,6d41c0b2a8784c922789c5ceb53258b795d7b220c6026ff514d86c81dde65e83,kplr011446443-2009259160929_llc.fits,Kepler,kplr011446443-2009259160929_llc.fits,LIGHTCURVE,1,196.88076237327914,d,TIMESYS=TDB;BJDREFI=2454833;BJDREFF=0.0,long,1765.4628859418881,FITS_TIMEDEL,397333.5,16.69727897644043,400806.40625,16.951074600219727,0,4304,617.59510528753049,847.77579473485582,0.011192936450242996,-0.079777516424655914,2,,,,,KIC 11446443,Kepler,Kepler Photometer,822892 FluxExporter2PipelineModule,True,False,True,True,1339,6d41c0b2a8784c922789c5ceb53258b795d7b220c6026ff514d86c81dde65e83,tres_2_b:kplr011446443-2009259160929_llc.fits,-0.00094393675035608915,0.9858519434928894,4.1694071114761755e-05,PDCSAP_FLUX,400806.40625,16.951074600219727,406558.40625,out_of_transit_median,segment_normalized,tres_2_b-e8e81778b059cb9a,0.9858519434928894,4.1694071114761755e-05
TrES-2 b,TrES-2,tres_2_b,MAST,data/raw/mast/lightkurve/tres_2_b/kepler/mastDownload/Kepler/kplr011446443_lc_Q111111110111011101/kplr011446443-2009166043257_llc.fits,10bfca91bdd928deda2e638de7a27cdc940b879452408a96b5be6146944639e9,kplr011446443-2009166043257_llc.fits,Kepler,kplr011446443-2009166043257_llc.fits,LIGHTCURVE,1,144.99888316356373,d,TIMESYS=TDB;BJDREFI=2454833;BJDREFF=0.0,long,1765.4628859418881,FITS_TIMEDEL,394144.6875,16.545896530151367,397874.8125,16.919069290161133,0,1765,621.20203671268507,848.94246376174908,-0.0017483427654951811,-0.0043448093347251415,1,,,,,KIC 11446443,Kepler,Kepler Photometer,795945 FluxExporter2PipelineModule,True,False,True,True,660,10bfca91bdd928deda2e638de7a27cdc940b879452408a96b5be6146944639e9,tres_2_b:kplr011446443-2009166043257_llc.fits,5.7770534229506509e-05,0.98557490110397339,4.1910192521754652e-05,PDCSAP_FLUX,397874.8125,16.919069290161133,403698.1875,out_of_transit_median,segment_normalized,tres_2_b-e8e81778b059cb9a,0.98557490110397339,4.1910192521754652e-05
TrES-2 b,TrES-2,tres_2_b,MAST,data/raw/mast/lightkurve/tres_2_b/kepler/mastDownload/Kepler/kplr011446443_lc_Q111111110111011101/kplr011446443-2009259160929_llc.fits,6d41c0b2a8784c922789c5ceb53258b795d7b220c6026ff514d86c81dde65e83,kplr011446443-2009259160929_llc.fits,Kepler,kplr011446443-2009259160929_llc.fits,LIGHTCURVE,1,253.70616670938034,d,TIMESYS=TDB;BJDREFI=2454833;BJDREFF=0.0,long,1765.4628859418881,FITS_TIMEDEL,397383.5625,16.687725067138672,400752.3125,16.935148239135742,0,7085,617.55639834537567,847.9832138539989,-0.026262281462550163,0.13258074223995209,2,,,,,KIC 11446443,Kepler,Kepler Photometer,822892 FluxExporter2PipelineModule,True,False,True,True,4120,6d41c0b2a8784c922789c5ceb53258b795d7b220c6026ff514d86c81dde65e83,tres_2_b:kplr011446443-2009259160929_llc.fits,0.00035272835084865228,0.98571890592575073,4.1654897358966991e-05,PDCSAP_FLUX,400752.3125,16.935148239135742,406558.40625,out_of_transit_median,segment_normalized,tres_2_b-e8e81778b059cb9a,0.98571890592575073,4.1654897358966991e-05
TrES-2 b,TrES-2,tres_2_b,MAST,data/raw/mast/lightkurve/tres_2_b/kepler/mastDownload/Kepler/kplr011446443_lc_Q111111110111011101/kplr011446443-2009259160929_llc.fits,6d41c0b2a8784c922789c5ceb53258b795d7b220c6026ff514d86c81dde65e83,kplr011446443-2009259160929_llc.fits,Kepler,kplr011446443-2009259160929_llc.fits,LIGHTCURVE,1,172.1762165041946,d,TIMESYS=TDB;BJDREFI=2454833;BJDREFF=0.0,long,1765.4628859418881,FITS_TIMEDEL,398160.09375,16.716117858886719,400730.34375,16.959936141967773,0,3095,617.57697793120417,847.7192061290533,-0.0060330978594720364,-0.12709963321685791,2,,,,,KIC 11446443,Kepler,Kepler Photometer,822892 FluxExporter2PipelineModule,True,False,True,True,130,6d41c0b2a8784c922789c5ceb53258b795d7b220c6026ff514d86c81dde65e83,tres_2_b:kplr011446443-2009259160929_llc.fits,0.00064396416510148491,0.98566490411758423,4.1715866245795041e-05,PDCSAP_FLUX,400730.34375,16.959936141967773,406558.40625,out_of_transit_median,segment_normalized,tres_2_b-e8e81778b059cb9a,0.98566490411758423,4.1715866245795041e-05
TrES-2 b,TrES-2,tres_2_b,MAST,data/raw/mast/lightkurve/tres_2_b/kepler/mastDownload/Kepler/kplr011446443_lc_Q111111110111011101/kplr011446443-2009259160929_llc.fits,6d41c0b2a8784c922789c5ceb53258b795d7b220c6026ff514d86c81dde65e83,kplr011446443-2009259160929_llc.fits,Kepler,kplr011446443-2009259160929_llc.fits,LIGHTCURVE,1,226.52989505919686,d,TIMESYS=TDB;BJDREFI=2454833;BJDREFF=0.0,long,1765.4628859418881,FITS_TIMEDEL,397467.75,16.691679000854492,400792.875,16.940963745117188,0,5755,617.59449331759743,847.88187506770646,0.010073127225041389,0.023956198245286942,2,,,,,KIC 11446443,Kepler,Kepler Photometer,822892 FluxExporter2PipelineModule,True,False,True,True,2790,6d41c0b2a8784c922789c5ceb53258b795d7b220c6026ff514d86c81dde65e83,tres_2_b:kplr011446443-2009259160929_llc.fits,0.00082822516736658081,0.98581868410110474,4.1669201891636476e-05,PDCSAP_FLUX,400792.875,16.940963745117188,406558.40625,out_of_transit_median,segment_normalized,tres_2_b-e8e81778b059cb9a,0.98581868410110474,4.1669201891636476e-05
TrES-2 b,TrES-2,tres_2_b,MAST,data/raw/mast/lightkurve/tres_2_b/kepler/mastDownload/Kepler/kplr011446443_lc_Q111111110111011101/kplr011446443-2009259160929_llc.fits,6d41c0b2a8784c922789c5ceb53258b795d7b220c6026ff514d86c81dde65e83,kplr011446443-2009259160929_llc.fits,Kepler,kplr011446443-2009259160929_llc.fits,LIGHTCURVE,1,199.35324403475533,d,TIMESYS=TDB;BJDREFI=2454833;BJDREFF=0.0,long,1765.4628859418881,FITS_TIMEDEL,397332.71875,16.698034286499023,400807.8125,16.954011917114258,0,4425,617.59670926746639,847.78082853324906,0.012465903535485268,-0.075049027800559998,2,,,,,KIC 11446443,Kepler,Kepler Photometer,822892 FluxExporter2PipelineModule,True,False,True,True,1460,6d41c0b2a8784c922789c5ceb53258b795d7b220c6026ff514d86c81dde65e83,tres_2_b:kplr011446443-2009259160929_llc.fits,0.00092434772583893654,0.98585540056228638,4.1701296140672639e-05,PDCSAP_FLUX,400807.8125,16.954011917114258,406558.40625,out_of_transit_median,segment_normalized,tres_2_b-e8e81778b059cb9a,0.98585540056228638,4.1701296140672639e-05
TrES-2 b,TrES-2,tres_2_b,MAST,data/raw/mast/lightkurve/tres_2_b/kepler/mastDownload/Kepler/kplr011446443_lc_Q111111110111011101/kplr011446443-2009166043257_llc.fits,10bfca91bdd928deda2e638de7a27cdc940b879452408a96b5be6146944639e9,kplr011446443-2009166043257_llc.fits,Kepler,kplr011446443-2009166043257_llc.fits,LIGHTCURVE,1,147.47141738958453,d,TIMESYS=TDB;BJDREFI=2454833;BJDREFF=0.0,long,1765.4628859418881,FITS_TIMEDEL,394089,16.546024322509766,397961,16.923549652099609,0,1886,621.20259562493106,848.94897504168591,-0.00047959180665202439,-0.00030222805798985064,1,,,,,KIC 11446443,Kepler,Kepler Photometer,795945 FluxExporter2PipelineModule,True,False,True,True,781,10bfca91bdd928deda2e638de7a27cdc940b879452408a96b5be6146944639e9,tres_2_b:kplr011446443-2009166043257_llc.fits,0.0019786195550277608,0.98578840494155884,4.1921291995095089e-05,PDCSAP_FLUX,397961,16.923549652099609,403698.1875,out_of_transit_median,segment_normalized,tres_2_b-e8e81778b059cb9a,0.98578840494155884,4.1921291995095089e-05
TrES-2 b,TrES-2,tres_2_b,MAST,data/raw/mast/lightkurve/tres_2_b/kepler/mastDownload/Kepler/kplr011446443_lc_Q111111110111011101/kplr011446443-2009259160929_llc.fits,6d41c0b2a8784c922789c5ceb53258b795d7b220c6026ff514d86c81dde65e83,kplr011446443-2009259160929_llc.fits,Kepler,kplr011446443-2009259160929_llc.fits,LIGHTCURVE,1,174.64872724971065,d,TIMESYS=TDB;BJDREFI=2454833;BJDREFF=0.0,long,1765.4628859418881,FITS_TIMEDEL,397951.40625,16.71333122253418,400766.21875,16.964431762695312,0,3216,617.58028807925587,847.72557076069552,-0.0027307565324008465,-0.12250956892967224,2,,,,,KIC 11446443,Kepler,Kepler Photometer,822892 FluxExporter2PipelineModule,True,False,True,True,251,6d41c0b2a8784c922789c5ceb53258b795d7b220c6026ff514d86c81dde65e83,tres_2_b:kplr011446443-2009259160929_llc.fits,0.0025413326811485337,0.98575311899185181,4.17269257013686e-05,PDCSAP_FLUX,400766.21875,16.964431762695312,406558.40625,out_of_transit_median,segment_normalized,tres_2_b-e8e81778b059cb9a,0.98575311899185181,4.17269257013686e-05
TrES-2 b,TrES-2,tres_2_b,MAST,data/raw/mast/lightkurve/tres_2_b/kepler/mastDownload/Kepler/kplr011446443_lc_Q111111110111011101/kplr011446443-2009259160929_llc.fits,6d41c0b2a8784c922789c5ceb53258b795d7b220c6026ff514d86c81dde65e83,kplr011446443-2009259160929_llc.fits,Kepler,kplr011446443-2009259160929_llc.fits,LIGHTCURVE,1,229.00233802176808,d,TIMESYS=TDB;BJDREFI=2454833;BJDREFF=0.0,long,1765.4628859418881,FITS_TIMEDEL,397443.25,16.689411163330078,400828.46875,16.937198638916016,0,5876,617.59793954159227,847.8855995772517,0.013095217756927013,0.027346652001142502,2,,,,,KIC 11446443,Kepler,Kepler Photometer,822892 FluxExporter2PipelineModule,True,False,True,True,2911,6d41c0b2a8784c922789c5ceb53258b795d7b220c6026ff514d86c81dde65e83,tres_2_b:kplr011446443-2009259160929_llc.fits,0.0026578107385886174,0.98590624332427979,4.165993959759362e-05,PDCSAP_FLUX,400828.46875,16.937198638916016,406558.40625,out_of_transit_median,segment_normalized,tres_2_b-e8e81778b059cb9a,0.98590624332427979,4.165993959759362e-05
TrES-2 b,TrES-2,tres_2_b,MAST,data/raw/mast/lightkurve/tres_2_b/kepler/mastDownload/Kepler/kplr011446443_lc_Q111111110111011101/kplr011446443-2009259160929_llc.fits,6d41c0b2a8784c922789c5ceb53258b795d7b220c6026ff514d86c81dde65e83,kplr011446443-2009259160929_llc.fits,Kepler,kplr011446443-2009259160929_llc.fits,LIGHTCURVE,1,201.82572234114195,d,TIMESYS=TDB;BJDREFI=2454833;BJDREFF=0.0,long,1765.4628859418881,FITS_TIMEDEL,397529.53125,16.69609260559082,400839.59375,16.954685211181641,0,4546,617.57662483536569,847.8329305845491,-0.0064264191314578056,-0.024580873548984528,2,,,,,KIC 11446443,Kepler,Kepler Photometer,822892 FluxExporter2PipelineModule,True,False,True,True,1581,6d41c0b2a8784c922789c5ceb53258b795d7b220c6026ff514d86c81dde65e83,tres_2_b:kplr011446443-2009259160929_llc.fits,0.00278927711245891,0.98593360185623169,4.1702951421029866e-05,PDCSAP_FLUX,400839.59375,16.954685211181641,406558.40625,out_of_transit_median,segment_normalized,tres_2_b-e8e81778b059cb9a,0.98593360185623169,4.1702951421029866e-05
TrES-2 b,TrES-2,tres_2_b,MAST,data/raw/mast/lightkurve/tres_2_b/kepler/mastDownload/Kepler/kplr011446443_lc_Q111111110111011101/kplr011446443-2009166043257_llc.fits,10bfca91bdd928deda2e638de7a27cdc940b879452408a96b5be6146944639e9,kplr011446443-2009166043257_llc.fits,Kepler,kplr011446443-2009166043257_llc.fits,LIGHTCURVE,1,149.94395005027764,d,TIMESYS=TDB;BJDREFI=2454833;BJDREFF=0.0,long,1765.4628859418881,FITS_TIMEDEL,393976.5625,16.542352676391602,398012.40625,16.920076370239258,0,2007,621.2017691149166,848.95392062109715,-0.00024820509133860469,0.0021846431773155928,1,,,,,KIC 11446443,Kepler,Kepler Photometer,795945 FluxExporter2PipelineModule,True,False,True,True,902,10bfca91bdd928deda2e638de7a27cdc940b879452408a96b5be6146944639e9,tres_2_b:kplr011446443-2009166043257_llc.fits,0.0038979032481327724,0.98591578006744385,4.1912688175216317e-05,PDCSAP_FLUX,398012.40625,16.920076370239258,403698.1875,out_of_transit_median,segment_normalized,tres_2_b-e8e81778b059cb9a,0.98591578006744385,4.1912688175216317e-05
TrES-2 b,TrES-2,tres_2_b,MAST,data/raw/mast/lightkurve/tres_2_b/kepler/mastDownload/Kepler/kplr011446443_lc_Q111111110111011101/kplr011446443-2009259160929_llc.fits,6d41c0b2a8784c922789c5ceb53258b795d7b220c6026ff514d86c81dde65e83,kplr011446443-2009259160929_llc.fits,Kepler,kplr011446443-2009259160929_llc.fits,LIGHTCURVE,1,177.12123524607887,d,TIMESYS=TDB;BJDREFI=2454833;BJDREFF=0.0,long,1765.4628859418881,FITS_TIMEDEL,397850.25,16.709945678710938,400843.625,16.964469909667969,0,3337,617.58233500012659,847.73055520240666,-0.00056363735347986221,-0.11879067867994308,2,,,,,KIC 11446443,Kepler,Kepler Photometer,822892 FluxExporter2PipelineModule,True,False,True,True,372,6d41c0b2a8784c922789c5ceb53258b795d7b220c6026ff514d86c81dde65e83,tres_2_b:kplr011446443-2009259160929_llc.fits,0.0044359520493706395,0.9859434962272644,4.1727016650838777e-05,PDCSAP_FLUX,400843.625,16.964469909667969,406558.40625,out_of_transit_median,segment_normalized,tres_2_b-e8e81778b059cb9a,0.9859434962272644,4.1727016650838777e-05
TrES-2 b,TrES-2,tres_2_b,MAST,data/raw/mast/lightkurve/tres_2_b/kepler/mastDownload/Kepler/kplr011446443_lc_Q111111110111011101/kplr011446443-2009259160929_llc.fits,6d41c0b2a8784c922789c5ceb53258b795d7b220c6026ff514d86c81dde65e83,kplr011446443-2009259160929_llc.fits,Kepler,kplr011446443-2009259160929_llc.fits,LIGHTCURVE,1,231.47477781622001,d,TIMESYS=TDB;BJDREFI=2454833;BJDREFF=0.0,long,1765.4628859418881,FITS_TIMEDEL,398255.625,16.701244354248047,400895.125,16.883474349975586,0,5997,617.5636022826593,847.90301867765254,-0.019617989659309387,0.047467164695262909,2,,,,,KIC 11446443,Kepler,Kepler Photometer,822892 FluxExporter2PipelineModule,True,False,True,True,3032,6d41c0b2a8784c922789c5ceb53258b795d7b220c6026ff514d86c81dde65e83,tres_2_b:kplr011446443-2009259160929_llc.fits,0.0044842281905184134,0.98607021570205688,4.1527797293383628e-05,PDCSAP_FLUX,400895.125,16.883474349975586,406558.40625,out_of_transit_median,segment_normalized,tres_2_b-e8e81778b059cb9a,0.98607021570205688,4.1527797293383628e-05
TrES-2 b,TrES-2,tres_2_b,MAST,data/raw/mast/lightkurve/tres_2_b/kepler/mastDownload/Kepler/kplr011446443_lc_Q111111110111011101/kplr011446443-2009259160929_llc.fits,6d41c0b2a8784c922789c5ceb53258b795d7b220c6026ff514d86c81dde65e83,kplr011446443-2009259160929_llc.fits,Kepler,kplr011446443-2009259160929_llc.fits,LIGHTCURVE,1,204.2981975652001,d,TIMESYS=TDB;BJDREFI=2454833;BJDREFF=0.0,long,1765.4628859418881,FITS_TIMEDEL,397594.78125,16.697954177856445,400899.40625,16.953811645507812,0,4667,617.57779667485488,847.83832592080819,-0.0054436693899333477,-0.019391283392906189,2,,,,,KIC 11446443,Kepler,Kepler Photometer,822892 FluxExporter2PipelineModule,True,False,True,True,1702,6d41c0b2a8784c922789c5ceb53258b795d7b220c6026ff514d86c81dde65e83,tres_2_b:kplr011446443-2009259160929_llc.fits,0.0046511241706028716,0.98608070611953735,4.1700801375554875e-05,PDCSAP_FLUX,400899.40625,16.953811645507812,406558.40625,out_of_transit_median,segment_normalized,tres_2_b-e8e81778b059cb9a,0.98608070611953735,4.1700801375554875e-05
TrES-2 b,TrES-2,tres_2_b,MAST,data/raw/mast/lightkurve/tres_2_b/kepler/mastDownload/Kepler/kplr011446443_lc_Q111111110111011101/kplr011446443-2009131105131_llc.fits,e1699c5dd0089c35d908b711b302f72ba974edc68e030dae3e9a65d5065f7d0c,kplr011446443-2009131105131_llc.fits,Kepler,kplr011446443-2009131105131_llc.fits,LIGHTCURVE,1,125.23899704352516,d,TIMESYS=TDB;BJDREFI=2454833;BJDREFF=0.0,long,1765.4628859418881,FITS_TIMEDEL,395645.09375,16.584619522094727,400449.75,16.883325576782227,0,798,621.21763187899705,848.89964686153826,-0.00011473177437437698,-0.00015279970830306411,0,,,,,KIC 11446443,Kepler,Kepler Photometer,793548 FluxExporter2PipelineModule,True,False,True,True,230,e1699c5dd0089c35d908b711b302f72ba974edc68e030dae3e9a65d5065f7d0c,tres_2_b:kplr011446443-2009131105131_llc.fits,0.0050786664956554706,0.98591464757919312,4.1567058360669762e-05,PDCSAP_FLUX,400449.75,16.883325576782227,406170.8125,out_of_transit_median,segment_normalized,tres_2_b-e8e81778b059cb9a,0.98591464757919312,4.1567058360669762e-05
TrES-2 b,TrES-2,tres_2_b,MAST,data/raw/mast/lightkurve/tres_2_b/kepler/mastDownload/Kepler/kplr011446443_lc_Q111111110111011101/kplr011446443-2009166043257_llc.fits,10bfca91bdd928deda2e638de7a27cdc940b879452408a96b5be6146944639e9,kplr011446443-2009166043257_llc.fits,Kepler,kplr011446443-2009166043257_llc.fits,LIGHTCURVE,1,152.41648084030021,d,TIMESYS=TDB;BJDREFI=2454833;BJDREFF=0.0,long,1765.4628859418881,FITS_TIMEDEL,393847.4375,16.540191650390625,398044,16.922554016113281,0,2128,621.20063640957062,848.9607309369909,-0.00018737024220172316,0.0064869625493884087,1,,,,,KIC 11446443,Kepler,Kepler Photometer,795945 FluxExporter2PipelineModule,True,False,True,True,1023,10bfca91bdd928deda2e638de7a27cdc940b879452408a96b5be6146944639e9,tres_2_b:kplr011446443-2009166043257_llc.fits,0.0058153162707073047,0.98599404096603394,4.1918825445463881e-05,PDCSAP_FLUX,398044,16.922554016113281,403698.1875,out_of_transit_median,segment_normalized,tres_2_b-e8e81778b059cb9a,0.98599404096603394,4.1918825445463881e-05
TrES-2 b,TrES-2,tres_2_b,MAST,data/raw/mast/lightkurve/tres_2_b/kepler/mastDownload/Kepler/kplr011446443_lc_Q111111110111011101/kplr011446443-2009259160929_llc.fits,6d41c0b2a8784c922789c5ceb53258b795d7b220c6026ff514d86c81dde65e83,kplr011446443-2009259160929_llc.fits,Kepler,kplr011446443-2009259160929_llc.fits,LIGHTCURVE,1,233.94721447397751,d,TIMESYS=TDB;BJDREFI=2454833;BJDREFF=0.0,long,1765.4628859418881,FITS_TIMEDEL,397588.34375,16.692478179931641,400946.40625,16.936458587646484,0,6118,617.57703134978453,847.91161246489378,-0.0065559772774577141,0.05384507030248642,2,,,,,KIC 11446443,Kepler,Kepler Photometer,822892 FluxExporter2PipelineModule,True,False,True,True,3153,6d41c0b2a8784c922789c5ceb53258b795d7b220c6026ff514d86c81dde65e83,tres_2_b:kplr011446443-2009259160929_llc.fits,0.0063075089480169044,0.98619633913040161,4.1658120608190075e-05,PDCSAP_FLUX,400946.40625,16.936458587646484,406558.40625,out_of_transit_median,segment_normalized,tres_2_b-e8e81778b059cb9a,0.98619633913040161,4.1658120608190075e-05
TrES-2 b,TrES-2,tres_2_b,MAST,data/raw/mast/lightkurve/tres_2_b/kepler/mastDownload/Kepler/kplr011446443_lc_Q111111110111011101/kplr011446443-2009259160929_llc.fits,6d41c0b2a8784c922789c5ceb53258b795d7b220c6026ff514d86c81dde65e83,kplr011446443-2009259160929_llc.fits,Kepler,kplr011446443-2009259160929_llc.fits,LIGHTCURVE,1,179.59374062461575,d,TIMESYS=TDB;BJDREFI=2454833;BJDREFF=0.0,long,1765.4628859418881,FITS_TIMEDEL,397756.875,16.709560394287109,400901.84375,16.960948944091797,0,3458,617.58327333607724,847.73613817190312,0.00030803153640590608,-0.11452227085828781,2,,,,,KIC 11446443,Kepler,Kepler Photometer,822892 FluxExporter2PipelineModule,True,False,True,True,493,6d41c0b2a8784c922789c5ceb53258b795d7b220c6026ff514d86c81dde65e83,tres_2_b:kplr011446443-2009259160929_llc.fits,0.0063279535862508229,0.98608672618865967,4.1718358261277899e-05,PDCSAP_FLUX,400901.84375,16.960948944091797,406558.40625,out_of_transit_median,segment_normalized,tres_2_b-e8e81778b059cb9a,0.98608672618865967,4.1718358261277899e-05
TrES-2 b,TrES-2,tres_2_b,MAST,data/raw/mast/lightkurve/tres_2_b/kepler/mastDownload/Kepler/kplr011446443_lc_Q111111110111011101/kplr011446443-2009259160929_llc.fits,6d41c0b2a8784c922789c5ceb53258b795d7b220c6026ff514d86c81dde65e83,kplr011446443-2009259160929_llc.fits,Kepler,kplr011446443-2009259160929_llc.fits,LIGHTCURVE,1,206.77066948411084,d,TIMESYS=TDB;BJDREFI=2454833;BJDREFF=0.0,long,1765.4628859418881,FITS_TIMEDEL,397662.96875,16.697368621826172,400954.9375,16.951833724975586,0,4788,617.5798487393364,847.84379474553805,-0.0035402947105467319,-0.013943441212177277,2,,,,,KIC 11446443,Kepler,Kepler Photometer,822892 FluxExporter2PipelineModule,True,False,True,True,1823,6d41c0b2a8784c922789c5ceb53258b795d7b220c6026ff514d86c81dde65e83,tres_2_b:kplr011446443-2009259160929_llc.fits,0.0065096660813448448,0.98621731996536255,4.1695937397889793e-05,PDCSAP_FLUX,400954.9375,16.951833724975586,406558.40625,out_of_transit_median,segment_normalized,tres_2_b-e8e81778b059cb9a,0.98621731996536255,4.1695937397889793e-05
TrES-2 b,TrES-2,tres_2_b,MAST,data/raw/mast/lightkurve/tres_2_b/kepler/mastDownload/Kepler/kplr011446443_lc_Q111111110111011101/kplr011446443-2009131105131_llc.fits,e1699c5dd0089c35d908b711b302f72ba974edc68e030dae3e9a65d5065f7d0c,kplr011446443-2009131105131_llc.fits,Kepler,kplr011446443-2009131105131_llc.fits,LIGHTCURVE,1,127.71154068870965,d,TIMESYS=TDB;BJDREFI=2454833;BJDREFF=0.0,long,1765.4628859418881,FITS_TIMEDEL,395656,16.585643768310547,400576.53125,16.882390975952148,0,919,621.21505824718213,848.9037295020571,-0.0020219513680785894,0.0019249669276177883,0,,,,,KIC 11446443,Kepler,Kepler Photometer,793548 FluxExporter2PipelineModule,True,False,True,True,351,e1699c5dd0089c35d908b711b302f72ba974edc68e030dae3e9a65d5065f7d0c,tres_2_b:kplr011446443-2009131105131_llc.fits,0.0070089346801427421,0.98622679710388184,4.1564755520084873e-05,PDCSAP_FLUX,400576.53125,16.882390975952148,406170.8125,out_of_transit_median,segment_normalized,tres_2_b-e8e81778b059cb9a,0.98622679710388184,4.1564755520084873e-05
TrES-2 b,TrES-2,tres_2_b,MAST,data/raw/mast/lightkurve/tres_2_b/kepler/mastDownload/Kepler/kplr011446443_lc_Q111111110111011101/kplr011446443-2009166043257_llc.fits,10bfca91bdd928deda2e638de7a27cdc940b879452408a96b5be6146944639e9,kplr011446443-2009166043257_llc.fits,Kepler,kplr011446443-2009166043257_llc.fits,LIGHTCURVE,1,154.88900975743309,d,TIMESYS=TDB;BJDREFI=2454833;BJDREFF=0.0,long,1765.4628859418881,FITS_TIMEDEL,393794.25,16.540092468261719,398173.53125,16.91485595703125,0,2249,621.20173296892028,848.96798141976296,0.0020364192314445972,0.011126959696412086,1,,,,,KIC 11446443,Kepler,Kepler Photometer,795945 FluxExporter2PipelineModule,True,False,True,True,1144,10bfca91bdd928deda2e638de7a27cdc940b879452408a96b5be6146944639e9,tres_2_b:kplr011446443-2009166043257_llc.fits,0.007730856403587838,0.98631489276885986,4.1899758798535913e-05,PDCSAP_FLUX,398173.53125,16.91485595703125,403698.1875,out_of_transit_median,segment_normalized,tres_2_b-e8e81778b059cb9a,0.98631489276885986,4.1899758798535913e-05
TrES-2 b,TrES-2,tres_2_b,MAST,data/raw/mast/lightkurve/tres_2_b/kepler/mastDownload/Kepler/kplr011446443_lc_Q111111110111011101/kplr011446443-2009259160929_llc.fits,6d41c0b2a8784c922789c5ceb53258b795d7b220c6026ff514d86c81dde65e83,kplr011446443-2009259160929_llc.fits,Kepler,kplr011446443-2009259160929_llc.fits,LIGHTCURVE,1,236.41964793112857,d,TIMESYS=TDB;BJDREFI=2454833;BJDREFF=0.0,long,1765.4628859418881,FITS_TIMEDEL,397551.28125,16.690988540649414,400994.5,16.943454742431641,0,6239,617.58227768200879,847.91473098491997,-0.0015605393564328551,0.056934695690870285,2,,,,,KIC 11446443,Kepler,Kepler Photometer,822892 FluxExporter2PipelineModule,True,False,True,True,3274,6d41c0b2a8784c922789c5ceb53258b795d7b220c6026ff514d86c81dde65e83,tres_2_b:kplr011446443-2009259160929_llc.fits,0.0081275890990724076,0.98631459474563599,4.1675328247947618e-05,PDCSAP_FLUX,400994.5,16.943454742431641,406558.40625,out_of_transit_median,segment_normalized,tres_2_b-e8e81778b059cb9a,0.98631459474563599,4.1675328247947618e-05
TrES-2 b,TrES-2,tres_2_b,MAST,data/raw/mast/lightkurve/tres_2_b/kepler/mastDownload/Kepler/kplr011446443_lc_Q111111110111011101/kplr011446443-2009259160929_llc.fits,6d41c0b2a8784c922789c5ceb53258b795d7b220c6026ff514d86c81dde65e83,kplr011446443-2009259160929_llc.fits,Kepler,kplr011446443-2009259160929_llc.fits,LIGHTCURVE,1,209.2431383799485,d,TIMESYS=TDB;BJDREFI=2454833;BJDREFF=0.0,long,1765.4628859418881,FITS_TIMEDEL,397706.59375,16.696573257446289,400965.59375,16.953437805175781,0,4909,617.58146770441078,847.84873543833635,-0.0021894711535423994,-0.0090181976556777954,2,,,,,KIC 11446443,Kepler,Kepler Photometer,822892 FluxExporter2PipelineModule,True,False,True,True,1944,6d41c0b2a8784c922789c5ceb53258b795d7b220c6026ff514d86c81dde65e83,tres_2_b:kplr011446443-2009259160929_llc.fits,0.0083651849190096161,0.98624354600906372,4.169988096691668e-05,PDCSAP_FLUX,400965.59375,16.953437805175781,406558.40625,out_of_transit_median,segment_normalized,tres_2_b-e8e81778b059cb9a,0.98624354600906372,4.169988096691668e-05
TrES-2 b,TrES-2,tres_2_b,MAST,data/raw/mast/lightkurve/tres_2_b/kepler/mastDownload/Kepler/kplr011446443_lc_Q111111110111011101/kplr011446443-2009131105131_llc.fits,e1699c5dd0089c35d908b711b302f72ba974edc68e030dae3e9a65d5065f7d0c,kplr011446443-2009131105131_llc.fits,Kepler,kplr011446443-2009131105131_llc.fits,LIGHTCURVE,1,130.18408350001118,d,TIMESYS=TDB;BJDREFI=2454833;BJDREFF=0.0,long,1765.4628859418881,FITS_TIMEDEL,395691.875,16.585273742675781,400959.84375,16.699169158935547,0,1040,621.21283547199255,848.90786914129444,-0.0037772422656416893,0.0044184830039739609,0,,,,,KIC 11446443,Kepler,Kepler Photometer,793548 FluxExporter2PipelineModule,True,False,True,True,472,e1699c5dd0089c35d908b711b302f72ba974edc68e030dae3e9a65d5065f7d0c,tres_2_b:kplr011446443-2009131105131_llc.fits,0.0089383689816797673,0.9871705174446106,4.1113660699920729e-05,PDCSAP_FLUX,400959.84375,16.699169158935547,406170.8125,out_of_transit_median,segment_normalized,tres_2_b-e8e81778b059cb9a,0.9871705174446106,4.1113660699920729e-05
TrES-2 b,TrES-2,tres_2_b,MAST,data/raw/mast/lightkurve/tres_2_b/kepler/mastDownload/Kepler/kplr011446443_lc_Q111111110111011101/kplr011446443-2009166043257_llc.fits,10bfca91bdd928deda2e638de7a27cdc940b879452408a96b5be6146944639e9,kplr011446443-2009166043257_llc.fits,Kepler,kplr011446443-2009166043257_llc.fits,LIGHTCURVE,1,157.36153670202475,d,TIMESYS=TDB;BJDREFI=2454833;BJDREFF=0.0,long,1765.4628859418881,FITS_TIMEDEL,393758.03125,16.538471221923828,398288.34375,16.918275833129883,0,2370,621.19889821844663,848.97598841028901,0.00015680462820455432,0.01659306138753891,1,,,,,KIC 11446443,Kepler,Kepler Photometer,795945 FluxExporter2PipelineModule,True,False,True,True,1265,10bfca91bdd928deda2e638de7a27cdc940b879452408a96b5be6146944639e9,tres_2_b:kplr011446443-2009166043257_llc.fits,0.009644423995251783,0.98659926652908325,4.1908228013198823e-05,PDCSAP_FLUX,398288.34375,16.918275833129883,403698.1875,out_of_transit_median,segment_normalized,tres_2_b-e8e81778b059cb9a,0.98659926652908325,4.1908228013198823e-05
TrES-2 b,TrES-2,tres_2_b,MAST,data/raw/mast/lightkurve/tres_2_b/kepler/mastDownload/Kepler/kplr011446443_lc_Q111111110111011101/kplr011446443-2009259160929_llc.fits,6d41c0b2a8784c922789c5ceb53258b795d7b220c6026ff514d86c81dde65e83,kplr011446443-2009259160929_llc.fits,Kepler,kplr011446443-2009259160929_llc.fits,LIGHTCURVE,1,238.89207842958422,d,TIMESYS=TDB;BJDREFI=2454833;BJDREFF=0.0,long,1765.4628859418881,FITS_TIMEDEL,397634.21875,16.694936752319336,401087.84375,16.950952529907227,0,6360,617.5851537401162,847.91870363638179,0.0012309293961152434,0.061063855886459351,2,,,,,KIC 11446443,Kepler,Kepler Photometer,822892 FluxExporter2PipelineModule,True,False,True,True,3395,6d41c0b2a8784c922789c5ceb53258b795d7b220c6026ff514d86c81dde65e83,tres_2_b:kplr011446443-2009259160929_llc.fits,0.0099447105547236792,0.98654419183731079,4.1693769162520766e-05,PDCSAP_FLUX,401087.84375,16.950952529907227,406558.40625,out_of_transit_median,segment_normalized,tres_2_b-e8e81778b059cb9a,0.98654419183731079,4.1693769162520766e-05
TrES-2 b,TrES-2,tres_2_b,MAST,data/raw/mast/lightkurve/tres_2_b/kepler/mastDownload/Kepler/kplr011446443_lc_Q111111110111011101/kplr011446443-2009259160929_llc.fits,6d41c0b2a8784c922789c5ceb53258b795d7b220c6026ff514d86c81dde65e83,kplr011446443-2009259160929_llc.fits,Kepler,kplr011446443-2009259160929_llc.fits,LIGHTCURVE,1,184.53874257207644,d,TIMESYS=TDB;BJDREFI=2454833;BJDREFF=0.0,long,1765.4628859418881,FITS_TIMEDEL,398941.09375,16.7265625,401144.25,16.941936492919922,0,3700,617.57970476148876,847.74665683375736,-0.0031991500873118639,-0.10123715549707413,2,,,,,KIC 11446443,Kepler,Kepler Photometer,822892 FluxExporter2PipelineModule,True,False,True,True,735,6d41c0b2a8784c922789c5ceb53258b795d7b220c6026ff514d86c81dde65e83,tres_2_b:kplr011446443-2009259160929_llc.fits,0.010103147046947258,0.9866829514503479,4.1671592043712735e-05,PDCSAP_FLUX,401144.25,16.941936492919922,406558.40625,out_of_transit_median,segment_normalized,tres_2_b-e8e81778b059cb9a,0.9866829514503479,4.1671592043712735e-05
TrES-2 b,TrES-2,tres_2_b,MAST,data/raw/mast/lightkurve/tres_2_b/kepler/mastDownload/Kepler/kplr011446443_lc_Q111111110111011101/kplr011446443-2009259160929_llc.fits,6d41c0b2a8784c922789c5ceb53258b795d7b220c6026ff514d86c81dde65e83,kplr011446443-2009259160929_llc.fits,Kepler,kplr011446443-2009259160929_llc.fits,LIGHTCURVE,1,211.71560393943946,d,TIMESYS=TDB;BJDREFI=2454833;BJDREFF=0.0,long,1765.4628859418881,FITS_TIMEDEL,397900.84375,16.698127746582031,401128.90625,16.958097457885742,0,5030,617.58250114008558,847.85356315110016,-0.0011933486675843596,-0.0041885287500917912,2,,,,,KIC 11446443,Kepler,Kepler Photometer,822892 FluxExporter2PipelineModule,True,False,True,True,2065,6d41c0b2a8784c922789c5ceb53258b795d7b220c6026ff514d86c81dde65e83,tres_2_b:kplr011446443-2009259160929_llc.fits,0.010217367409966149,0.98664522171020508,4.1711344238137826e-05,PDCSAP_FLUX,401128.90625,16.958097457885742,406558.40625,out_of_transit_median,segment_normalized,tres_2_b-e8e81778b059cb9a,0.98664522171020508,4.1711344238137826e-05
TrES-2 b,TrES-2,tres_2_b,MAST,data/raw/mast/lightkurve/tres_2_b/kepler/mastDownload/Kepler/kplr011446443_lc_Q111111110111011101/kplr011446443-2009166043257_llc.fits,10bfca91bdd928deda2e638de7a27cdc940b879452408a96b5be6146944639e9,kplr011446443-2009166043257_llc.fits,Kepler,kplr011446443-2009166043257_llc.fits,LIGHTCURVE,1,132.65662505321234,d,TIMESYS=TDB;BJDREFI=2454833;BJDREFF=0.0,long,1765.4628859418881,FITS_TIMEDEL,395162.21875,16.564109802246094,398346.90625,16.920234680175781,0,1161,621.21089683106482,848.91487681674369,0.0037489891983568668,-0.021521506831049919,1,,,,,KIC 11446443,Kepler,Kepler Photometer,795945 FluxExporter2PipelineModule,True,False,True,True,56,10bfca91bdd928deda2e638de7a27cdc940b879452408a96b5be6146944639e9,tres_2_b:kplr011446443-2009166043257_llc.fits,0.010866545182833809,0.98674434423446655,4.1913081076927483e-05,PDCSAP_FLUX,398346.90625,16.920234680175781,403698.1875,out_of_transit_median,segment_normalized,tres_2_b-e8e81778b059cb9a,0.98674434423446655,4.1913081076927483e-05
TrES-2 b,TrES-2,tres_2_b,MAST,data/raw/mast/lightkurve/tres_2_b/kepler/mastDownload/Kepler/kplr011446443_lc_Q111111110111011101/kplr011446443-2009166043257_llc.fits,10bfca91bdd928deda2e638de7a27cdc940b879452408a96b5be6146944639e9,kplr011446443-2009166043257_llc.fits,Kepler,kplr011446443-2009166043257_llc.fits,LIGHTCURVE,1,159.83406157814898,d,TIMESYS=TDB;BJDREFI=2454833;BJDREFF=0.0,long,1765.4628859418881,FITS_TIMEDEL,393779.875,16.538888931274414,398462.59375,16.921396255493164,0,2491,621.19809514896144,848.98315209208442,0.00058057706337422132,0.02140461653470993,1,,,,,KIC 11446443,Kepler,Kepler Photometer,795945 FluxExporter2PipelineModule,True,False,True,True,1386,10bfca91bdd928deda2e638de7a27cdc940b879452408a96b5be6146944639e9,tres_2_b:kplr011446443-2009166043257_llc.fits,0.011555923119477507,0.98703092336654663,4.1915958718163893e-05,PDCSAP_FLUX,398462.59375,16.921396255493164,403698.1875,out_of_transit_median,segment_normalized,tres_2_b-e8e81778b059cb9a,0.98703092336654663,4.1915958718163893e-05
TrES-2 b,TrES-2,tres_2_b,MAST,data/raw/mast/lightkurve/tres_2_b/kepler/mastDownload/Kepler/kplr011446443_lc_Q111111110111011101/kplr011446443-2009259160929_llc.fits,6d41c0b2a8784c922789c5ceb53258b795d7b220c6026ff514d86c81dde65e83,kplr011446443-2009259160929_llc.fits,Kepler,kplr011446443-2009259160929_llc.fits,LIGHTCURVE,1,241.36450591590983,d,TIMESYS=TDB;BJDREFI=2454833;BJDREFF=0.0,long,1765.4628859418881,FITS_TIMEDEL,397730.03125,16.695301055908203,401207.375,16.948043823242188,0,6481,617.5878842958565,847.92158199232301,0.0037635460030287504,0.064115963876247406,2,,,,,KIC 11446443,Kepler,Kepler Photometer,822892 FluxExporter2PipelineModule,True,False,True,True,3516,6d41c0b2a8784c922789c5ceb53258b795d7b220c6026ff514d86c81dde65e83,tres_2_b:kplr011446443-2009259160929_llc.fits,0.011758819880338001,0.98683822154998779,4.1686616896186024e-05,PDCSAP_FLUX,401207.375,16.948043823242188,406558.40625,out_of_transit_median,segment_normalized,tres_2_b-e8e81778b059cb9a,0.98683822154998779,4.1686616896186024e-05
TrES-2 b,TrES-2,tres_2_b,MAST,data/raw/mast/lightkurve/tres_2_b/kepler/mastDownload/Kepler/kplr011446443_lc_Q111111110111011101/kplr011446443-2009259160929_llc.fits,6d41c0b2a8784c922789c5ceb53258b795d7b220c6026ff514d86c81dde65e83,kplr011446443-2009259160929_llc.fits,Kepler,kplr011446443-2009259160929_llc.fits,LIGHTCURVE,1,187.01123922318948,d,TIMESYS=TDB;BJDREFI=2454833;BJDREFF=0.0,long,1765.4628859418881,FITS_TIMEDEL,398118.3125,16.711580276489258,401326.25,16.967775344848633,0,3821,617.5876596426898,847.75385843911204,0.0043429490178823471,-0.098896168172359467,2,,,,,KIC 11446443,Kepler,Kepler Photometer,822892 FluxExporter2PipelineModule,True,False,True,True,856,6d41c0b2a8784c922789c5ceb53258b795d7b220c6026ff514d86c81dde65e83,tres_2_b:kplr011446443-2009259160929_llc.fits,0.01198642115998072,0.98713064193725586,4.1735147533472627e-05,PDCSAP_FLUX,401326.25,16.967775344848633,406558.40625,out_of_transit_median,segment_normalized,tres_2_b-e8e81778b059cb9a,0.98713064193725586,4.1735147533472627e-05
TrES-2 b,TrES-2,tres_2_b,MAST,data/raw/mast/lightkurve/tres_2_b/kepler/mastDownload/Kepler/kplr011446443_lc_Q111111110111011101/kplr011446443-2009259160929_llc.fits,6d41c0b2a8784c922789c5ceb53258b795d7b220c6026ff514d86c81dde65e83,kplr011446443-2009259160929_llc.fits,Kepler,kplr011446443-2009259160929_llc.fits,LIGHTCURVE,1,214.18806565373234,d,TIMESYS=TDB;BJDREFI=2454833;BJDREFF=0.0,long,1765.4628859418881,FITS_TIMEDEL,398134.71875,16.704736709594727,401333.6875,16.963741302490234,0,5151,617.58372882378387,847.85881272219922,-0.00020532573398668319,0.0010428905952721834,2,,,,,KIC 11446443,Kepler,Kepler Photometer,822892 FluxExporter2PipelineModule,True,False,True,True,2186,6d41c0b2a8784c922789c5ceb53258b795d7b220c6026ff514d86c81dde65e83,tres_2_b:kplr011446443-2009259160929_llc.fits,0.012065704702842739,0.98714888095855713,4.1725226765265688e-05,PDCSAP_FLUX,401333.6875,16.963741302490234,406558.40625,out_of_transit_median,segment_normalized,tres_2_b-e8e81778b059cb9a,0.98714888095855713,4.1725226765265688e-05
TrES-2 b,TrES-2,tres_2_b,MAST,data/raw/mast/lightkurve/tres_2_b/kepler/mastDownload/Kepler/kplr011446443_lc_Q111111110111011101/kplr011446443-2009166043257_llc.fits,10bfca91bdd928deda2e638de7a27cdc940b879452408a96b5be6146944639e9,kplr011446443-2009166043257_llc.fits,Kepler,kplr011446443-2009166043257_llc.fits,LIGHTCURVE,1,135.12916592584952,d,TIMESYS=TDB;BJDREFI=2454833;BJDREFF=0.0,long,1765.4628859418881,FITS_TIMEDEL,395258.625,16.565778732299805,398532.46875,16.947122573852539,0,1282,621.20908769673736,848.91893006998305,0.0021712873131036758,-0.019264532253146172,1,,,,,KIC 11446443,Kepler,Kepler Photometer,795945 FluxExporter2PipelineModule,True,False,True,True,177,10bfca91bdd928deda2e638de7a27cdc940b879452408a96b5be6146944639e9,tres_2_b:kplr011446443-2009166043257_llc.fits,0.01279404082001645,0.98720401525497437,4.1979685192927718e-05,PDCSAP_FLUX,398532.46875,16.947122573852539,403698.1875,out_of_transit_median,segment_normalized,tres_2_b-e8e81778b059cb9a,0.98720401525497437,4.1979685192927718e-05
TrES-2 b,TrES-2,tres_2_b,MAST,data/raw/mast/lightkurve/tres_2_b/kepler/mastDownload/Kepler/kplr011446443_lc_Q111111110111011101/kplr011446443-2009166043257_llc.fits,10bfca91bdd928deda2e638de7a27cdc940b879452408a96b5be6146944639e9,kplr011446443-2009166043257_llc.fits,Kepler,kplr011446443-2009166043257_llc.fits,LIGHTCURVE,1,162.30658439244144,d,TIMESYS=TDB;BJDREFI=2454833;BJDREFF=0.0,long,1765.4628859418881,FITS_TIMEDEL,393863.25,16.540225982666016,398700.125,16.914096832275391,0,2612,621.19774463224542,848.99184135147959,0.0011399490758776665,0.027870237827301025,1,,,,,KIC 11446443,Kepler,Kepler Photometer,795945 FluxExporter2PipelineModule,True,False,True,True,1507,10bfca91bdd928deda2e638de7a27cdc940b879452408a96b5be6146944639e9,tres_2_b:kplr011446443-2009166043257_llc.fits,0.013465360411938354,0.98761928081512451,4.1897877963492647e-05,PDCSAP_FLUX,398700.125,16.914096832275391,403698.1875,out_of_transit_median,segment_normalized,tres_2_b-e8e81778b059cb9a,0.98761928081512451,4.1897877963492647e-05
TrES-2 b,TrES-2,tres_2_b,MAST,data/raw/mast/lightkurve/tres_2_b/kepler/mastDownload/Kepler/kplr011446443_lc_Q111111110111011101/kplr011446443-2009259160929_llc.fits,6d41c0b2a8784c922789c5ceb53258b795d7b220c6026ff514d86c81dde65e83,kplr011446443-2009259160929_llc.fits,Kepler,kplr011446443-2009259160929_llc.fits,LIGHTCURVE,1,243.83693034202588,d,TIMESYS=TDB;BJDREFI=2454833;BJDREFF=0.0,long,1765.4628859418881,FITS_TIMEDEL,397924.375,16.700105667114258,401432.4375,16.945741653442383,0,6602,617.59138215311066,847.92451746894835,0.0069754817523062229,0.067166954278945923,2,,,,,KIC 11446443,Kepler,Kepler Photometer,822892 FluxExporter2PipelineModule,True,False,True,True,3637,6d41c0b2a8784c922789c5ceb53258b795d7b220c6026ff514d86c81dde65e83,tres_2_b:kplr011446443-2009259160929_llc.fits,0.013569868996387457,0.98739182949066162,4.1680952563183382e-05,PDCSAP_FLUX,401432.4375,16.945741653442383,406558.40625,out_of_transit_median,segment_normalized,tres_2_b-e8e81778b059cb9a,0.98739182949066162,4.1680952563183382e-05
TrES-2 b,TrES-2,tres_2_b,MAST,data/raw/mast/lightkurve/tres_2_b/kepler/mastDownload/Kepler/kplr011446443_lc_Q111111110111011101/kplr011446443-2009166043257_llc.fits,10bfca91bdd928deda2e638de7a27cdc940b879452408a96b5be6146944639e9,kplr011446443-2009166043257_llc.fits,Kepler,kplr011446443-2009166043257_llc.fits,LIGHTCURVE,1,137.60170569766342,d,TIMESYS=TDB;BJDREFI=2454833;BJDREFF=0.0,long,1765.4628859418881,FITS_TIMEDEL,395435.625,16.569356918334961,398800.5,16.9454345703125,0,1403,621.20697362767714,848.92397523702925,0.00063270889222621918,-0.01584354043006897,1,,,,,KIC 11446443,Kepler,Kepler Photometer,795945 FluxExporter2PipelineModule,True,False,True,True,298,10bfca91bdd928deda2e638de7a27cdc940b879452408a96b5be6146944639e9,tres_2_b:kplr011446443-2009166043257_llc.fits,0.014720435633915896,0.98786795139312744,4.1975501517299563e-05,PDCSAP_FLUX,398800.5,16.9454345703125,403698.1875,out_of_transit_median,segment_normalized,tres_2_b-e8e81778b059cb9a,0.98786795139312744,4.1975501517299563e-05
TrES-2 b,TrES-2,tres_2_b,MAST,data/raw/mast/lightkurve/tres_2_b/kepler/mastDownload/Kepler/kplr011446443_lc_Q111111110111011101/kplr011446443-2009166043257_llc.fits,10bfca91bdd928deda2e638de7a27cdc940b879452408a96b5be6146944639e9,kplr011446443-2009166043257_llc.fits,Kepler,kplr011446443-2009166043257_llc.fits,LIGHTCURVE,1,164.7791041547971,d,TIMESYS=TDB;BJDREFI=2454833;BJDREFF=0.0,long,1765.4628859418881,FITS_TIMEDEL,393942.34375,16.540803909301758,398939.6875,16.871236801147461,0,2733,621.19577122984617,849.00093742227909,0.00040822671144269407,0.034355930984020233,1,,,,,KIC 11446443,Kepler,Kepler Photometer,795945 FluxExporter2PipelineModule,True,False,True,True,1628,10bfca91bdd928deda2e638de7a27cdc940b879452408a96b5be6146944639e9,tres_2_b:kplr011446443-2009166043257_llc.fits,0.015371745767598144,0.9882127046585083,4.1791707189986482e-05,PDCSAP_FLUX,398939.6875,16.871236801147461,403698.1875,out_of_transit_median,segment_normalized,tres_2_b-e8e81778b059cb9a,0.9882127046585083,4.1791707189986482e-05
TrES-2 b,TrES-2,tres_2_b,MAST,data/raw/mast/lightkurve/tres_2_b/kepler/mastDownload/Kepler/kplr011446443_lc_Q111111110111011101/kplr011446443-2009259160929_llc.fits,6d41c0b2a8784c922789c5ceb53258b795d7b220c6026ff514d86c81dde65e83,kplr011446443-2009259160929_llc.fits,Kepler,kplr011446443-2009259160929_llc.fits,LIGHTCURVE,1,246.3093518654423,d,TIMESYS=TDB;BJDREFI=2454833;BJDREFF=0.0,long,1765.4628859418881,FITS_TIMEDEL,398404.03125,16.703411102294922,401854.5,16.956901550292969,0,6723,617.55064614997229,847.9719912487476,-0.031387608498334885,0.11936179548501968,2,,,,,KIC 11446443,Kepler,Kepler Photometer,822892 FluxExporter2PipelineModule,True,False,True,True,3758,6d41c0b2a8784c922789c5ceb53258b795d7b220c6026ff514d86c81dde65e83,tres_2_b:kplr011446443-2009259160929_llc.fits,0.015378015412802482,0.9884299635887146,4.1708401113282889e-05,PDCSAP_FLUX,401854.5,16.956901550292969,406558.40625,out_of_transit_median,segment_normalized,tres_2_b-e8e81778b059cb9a,0.9884299635887146,4.1708401113282889e-05
TrES-2 b,TrES-2,tres_2_b,MAST,data/raw/mast/lightkurve/tres_2_b/kepler/mastDownload/Kepler/kplr011446443_lc_Q111111110111011101/kplr011446443-2009259160929_llc.fits,6d41c0b2a8784c922789c5ceb53258b795d7b220c6026ff514d86c81dde65e83,kplr011446443-2009259160929_llc.fits,Kepler,kplr011446443-2009259160929_llc.fits,LIGHTCURVE,1,191.95622371475474,d,TIMESYS=TDB;BJDREFI=2454833;BJDREFF=0.0,long,1765.4628859418881,FITS_TIMEDEL,398319.84375,16.717082977294922,401780.21875,16.97235107421875,0,4063,617.59210963469548,847.76586108329059,0.0084733311086893082,-0.088789366185665131,2,,,,,KIC 11446443,Kepler,Kepler Photometer,822892 FluxExporter2PipelineModule,True,False,True,True,1098,6d41c0b2a8784c922789c5ceb53258b795d7b220c6026ff514d86c81dde65e83,tres_2_b:kplr011446443-2009259160929_llc.fits,0.015744158725245816,0.98824721574783325,4.1746403439901769e-05,PDCSAP_FLUX,401780.21875,16.97235107421875,406558.40625,out_of_transit_median,segment_normalized,tres_2_b-e8e81778b059cb9a,0.98824721574783325,4.1746403439901769e-05
TrES-2 b,TrES-2,tres_2_b,MAST,data/raw/mast/lightkurve/tres_2_b/kepler/mastDownload/Kepler/kplr011446443_lc_Q111111110111011101/kplr011446443-2009166043257_llc.fits,10bfca91bdd928deda2e638de7a27cdc940b879452408a96b5be6146944639e9,kplr011446443-2009166043257_llc.fits,Kepler,kplr011446443-2009166043257_llc.fits,LIGHTCURVE,1,140.0742443507188,d,TIMESYS=TDB;BJDREFI=2454833;BJDREFF=0.0,long,1765.4628859418881,FITS_TIMEDEL,395618.03125,16.571025848388672,399091.96875,16.956052780151367,0,1524,621.20626804380697,848.92987743268316,0.00063737231539562345,-0.011949498206377029,1,,,,,KIC 11446443,Kepler,Kepler Photometer,795945 FluxExporter2PipelineModule,True,False,True,True,419,10bfca91bdd928deda2e638de7a27cdc940b879452408a96b5be6146944639e9,tres_2_b:kplr011446443-2009166043257_llc.fits,0.016645711689296627,0.98858994245529175,4.2001804104074836e-05,PDCSAP_FLUX,399091.96875,16.956052780151367,403698.1875,out_of_transit_median,segment_normalized,tres_2_b-e8e81778b059cb9a,0.98858994245529175,4.2001804104074836e-05
TrES-2 b,TrES-2,tres_2_b,MAST,data/raw/mast/lightkurve/tres_2_b/kepler/mastDownload/Kepler/kplr011446443_lc_Q111111110111011101/kplr011446443-2009259160929_llc.fits,6d41c0b2a8784c922789c5ceb53258b795d7b220c6026ff514d86c81dde65e83,kplr011446443-2009259160929_llc.fits,Kepler,kplr011446443-2009259160929_llc.fits,LIGHTCURVE,1,248.78177074855921,d,TIMESYS=TDB;BJDREFI=2454833;BJDREFF=0.0,long,1765.4628859418881,FITS_TIMEDEL,398695.71875,16.711624145507812,402147.8125,16.967338562011719,0,6844,617.55336824258495,847.97550417834782,-0.028835110366344452,0.12356290221214294,2,,,,,KIC 11446443,Kepler,Kepler Photometer,822892 FluxExporter2PipelineModule,True,False,True,True,3879,6d41c0b2a8784c922789c5ceb53258b795d7b220c6026ff514d86c81dde65e83,tres_2_b:kplr011446443-2009259160929_llc.fits,0.017183521529718471,0.98915141820907593,4.1734074329724535e-05,PDCSAP_FLUX,402147.8125,16.967338562011719,406558.40625,out_of_transit_median,segment_normalized,tres_2_b-e8e81778b059cb9a,0.98915141820907593,4.1734074329724535e-05
TrES-2 b,TrES-2,tres_2_b,MAST,data/raw/mast/lightkurve/tres_2_b/kepler/mastDownload/Kepler/kplr011446443_lc_Q111111110111011101/kplr011446443-2009259160929_llc.fits,6d41c0b2a8784c922789c5ceb53258b795d7b220c6026ff514d86c81dde65e83,kplr011446443-2009259160929_llc.fits,Kepler,kplr011446443-2009259160929_llc.fits,LIGHTCURVE,1,221.60543311312358,d,TIMESYS=TDB;BJDREFI=2454833;BJDREFF=0.0,long,1765.4628859418881,FITS_TIMEDEL,398882.0625,16.717538833618164,402168.5625,16.97468376159668,0,5514,617.59045105294535,847.87261724237874,0.0060836919583380222,0.014701343141496181,2,,,,,KIC 11446443,Kepler,Kepler Photometer,822892 FluxExporter2PipelineModule,True,False,True,True,2549,6d41c0b2a8784c922789c5ceb53258b795d7b220c6026ff514d86c81dde65e83,tres_2_b:kplr011446443-2009259160929_llc.fits,0.017593033094086996,0.98920243978500366,4.1752140532480553e-05,PDCSAP_FLUX,402168.5625,16.97468376159668,406558.40625,out_of_transit_median,segment_normalized,tres_2_b-e8e81778b059cb9a,0.98920243978500366,4.1752140532480553e-05
TrES-2 b,TrES-2,tres_2_b,MAST,data/raw/mast/lightkurve/tres_2_b/kepler/mastDownload/Kepler/kplr011446443_lc_Q111111110111011101/kplr011446443-2009259160929_llc.fits,6d41c0b2a8784c922789c5ceb53258b795d7b220c6026ff514d86c81dde65e83,kplr011446443-2009259160929_llc.fits,Kepler,kplr011446443-2009259160929_llc.fits,LIGHTCURVE,1,194.42871156207548,d,TIMESYS=TDB;BJDREFI=2454833;BJDREFF=0.0,long,1765.4628859418881,FITS_TIMEDEL,398622.09375,16.72144889831543,402112,16.977609634399414,0,4184,617.59396612365163,847.77067650734716,0.01014295220375061,-0.084344565868377686,2,,,,,KIC 11446443,Kepler,Kepler Photometer,822892 FluxExporter2PipelineModule,True,False,True,True,1219,6d41c0b2a8784c922789c5ceb53258b795d7b220c6026ff514d86c81dde65e83,tres_2_b:kplr011446443-2009259160929_llc.fits,0.017618629045981438,0.9890633225440979,4.175933645456098e-05,PDCSAP_FLUX,402112,16.977609634399414,406558.40625,out_of_transit_median,segment_normalized,tres_2_b-e8e81778b059cb9a,0.9890633225440979,4.175933645456098e-05
TrES-2 b,TrES-2,tres_2_b,MAST,data/raw/mast/lightkurve/tres_2_b/kepler/mastDownload/Kepler/kplr011446443_lc_Q111111110111011101/kplr011446443-2009166043257_llc.fits,10bfca91bdd928deda2e638de7a27cdc940b879452408a96b5be6146944639e9,kplr011446443-2009166043257_llc.fits,Kepler,kplr011446443-2009166043257_llc.fits,LIGHTCURVE,1,142.54678156942828,d,TIMESYS=TDB;BJDREFI=2454833;BJDREFF=0.0,long,1765.4628859418881,FITS_TIMEDEL,395795.75,16.576555252075195,399417.71875,16.95298957824707,0,1645,621.20359710328739,848.93578142390606,-0.0011755715822800994,-0.0085047334432601929,1,,,,,KIC 11446443,Kepler,Kepler Photometer,795945 FluxExporter2PipelineModule,True,False,True,True,540,10bfca91bdd928deda2e638de7a27cdc940b879452408a96b5be6146944639e9,tres_2_b:kplr011446443-2009166043257_llc.fits,0.018569553398773087,0.98939687013626099,4.199421891826205e-05,PDCSAP_FLUX,399417.71875,16.95298957824707,403698.1875,out_of_transit_median,segment_normalized,tres_2_b-e8e81778b059cb9a,0.98939687013626099,4.199421891826205e-05
TrES-2 b,TrES-2,tres_2_b,MAST,data/raw/mast/lightkurve/tres_2_b/kepler/mastDownload/Kepler/kplr011446443_lc_Q111111110111011101/kplr011446443-2009259160929_llc.fits,6d41c0b2a8784c922789c5ceb53258b795d7b220c6026ff514d86c81dde65e83,kplr011446443-2009259160929_llc.fits,Kepler,kplr011446443-2009259160929_llc.fits,LIGHTCURVE,1,224.07788245828851,d,TIMESYS=TDB;BJDREFI=2454833;BJDREFF=0.0,long,1765.4628859418881,FITS_TIMEDEL,399244.5,16.72700309753418,402551.8125,16.979875564575195,0,5635,617.59137001552199,847.87838152917573,0.0071312268264591694,0.020462680608034134,2,,,,,KIC 11446443,Kepler,Kepler Photometer,822892 FluxExporter2PipelineModule,True,False,True,True,2670,6d41c0b2a8784c922789c5ceb53258b795d7b220c6026ff514d86c81dde65e83,tres_2_b:kplr011446443-2009259160929_llc.fits,0.019429001259019474,0.99014508724212646,4.1764909838093445e-05,PDCSAP_FLUX,402551.8125,16.979875564575195,406558.40625,out_of_transit_median,segment_normalized,tres_2_b-e8e81778b059cb9a,0.99014508724212646,4.1764909838093445e-05
TrES-2 b,TrES-2,tres_2_b,MAST,data/raw/mast/lightkurve/tres_2_b/kepler/mastDownload/Kepler/kplr011446443_lc_Q111111110111011101/kplr011446443-2009259160929_llc.fits,6d41c0b2a8784c922789c5ceb53258b795d7b220c6026ff514d86c81dde65e83,kplr011446443-2009259160929_llc.fits,Kepler,kplr011446443-2009259160929_llc.fits,LIGHTCURVE,1,196.90119612136186,d,TIMESYS=TDB;BJDREFI=2454833;BJDREFF=0.0,long,1765.4628859418881,FITS_TIMEDEL,398995.46875,16.729633331298828,402489.96875,16.985015869140625,0,4305,617.59512815779033,847.77535943539453,0.011041142046451569,-0.080041103065013885,2,,,,,KIC 11446443,Kepler,Kepler Photometer,822892 FluxExporter2PipelineModule,True,False,True,True,1340,6d41c0b2a8784c922789c5ceb53258b795d7b220c6026ff514d86c81dde65e83,tres_2_b:kplr011446443-2009259160929_llc.fits,0.019489811332367379,0.98999297618865967,4.1777555452426895e-05,PDCSAP_FLUX,402489.96875,16.985015869140625,406558.40625,out_of_transit_median,segment_normalized,tres_2_b-e8e81778b059cb9a,0.98999297618865967,4.1777555452426895e-05
TrES-2 b,TrES-2,tres_2_b,MAST,data/raw/mast/lightkurve/tres_2_b/kepler/mastDownload/Kepler/kplr011446443_lc_Q111111110111011101/kplr011446443-2009166043257_llc.fits,10bfca91bdd928deda2e638de7a27cdc940b879452408a96b5be6146944639e9,kplr011446443-2009166043257_llc.fits,Kepler,kplr011446443-2009166043257_llc.fits,LIGHTCURVE,1,145.01931734051323,d,TIMESYS=TDB;BJDREFI=2454833;BJDREFF=0.0,long,1765.4628859418881,FITS_TIMEDEL,396044.6875,16.583168029785156,399824.59375,16.95417594909668,0,1766,621.20206990205656,848.94271851949645,-0.0017533639911562204,-0.0041453358717262745,1,,,,,KIC 11446443,Kepler,Kepler Photometer,795945 FluxExporter2PipelineModule,True,False,True,True,661,10bfca91bdd928deda2e638de7a27cdc940b879452408a96b5be6146944639e9,tres_2_b:kplr011446443-2009166043257_llc.fits,0.020491947483722628,0.99040472507476807,4.1997154767159373e-05,PDCSAP_FLUX,399824.59375,16.95417594909668,403698.1875,out_of_transit_median,segment_normalized,tres_2_b-e8e81778b059cb9a,0.99040472507476807,4.1997154767159373e-05
TrES-2 b,TrES-2,tres_2_b,MAST,data/raw/mast/lightkurve/tres_2_b/kepler/mastDownload/Kepler/kplr011446443_lc_Q111111110111011101/kplr011446443-2009259160929_llc.fits,6d41c0b2a8784c922789c5ceb53258b795d7b220c6026ff514d86c81dde65e83,kplr011446443-2009259160929_llc.fits,Kepler,kplr011446443-2009259160929_llc.fits,LIGHTCURVE,1,253.72659986979124,d,TIMESYS=TDB;BJDREFI=2454833;BJDREFF=0.0,long,1765.4628859418881,FITS_TIMEDEL,399333.21875,16.7230224609375,402740.65625,16.971721649169922,0,7086,617.55658172169797,847.98286580616855,-0.026205187663435936,0.13257934153079987,2,,,,,KIC 11446443,Kepler,Kepler Photometer,822892 FluxExporter2PipelineModule,True,False,True,True,4121,6d41c0b2a8784c922789c5ceb53258b795d7b220c6026ff514d86c81dde65e83,tres_2_b:kplr011446443-2009259160929_llc.fits,0.020785888761751581,0.99060958623886108,4.1744853660929948e-05,PDCSAP_FLUX,402740.65625,16.971721649169922,406558.40625,out_of_transit_median,segment_normalized,tres_2_b-e8e81778b059cb9a,0.99060958623886108,4.1744853660929948e-05
TrES-2 b,TrES-2,tres_2_b,MAST,data/raw/mast/lightkurve/tres_2_b/kepler/mastDownload/Kepler/kplr011446443_lc_Q111111110111011101/kplr011446443-2009259160929_llc.fits,6d41c0b2a8784c922789c5ceb53258b795d7b220c6026ff514d86c81dde65e83,kplr011446443-2009259160929_llc.fits,Kepler,kplr011446443-2009259160929_llc.fits,LIGHTCURVE,1,172.196650590231,d,TIMESYS=TDB;BJDREFI=2454833;BJDREFF=0.0,long,1765.4628859418881,FITS_TIMEDEL,400194.5,16.75514030456543,402803.0625,16.999784469604492,0,3096,617.57692627611186,847.7194267389458,-0.0060165701434016228,-0.12692809104919434,2,,,,,KIC 11446443,Kepler,Kepler Photometer,822892 FluxExporter2PipelineModule,True,False,True,True,131,6d41c0b2a8784c922789c5ceb53258b795d7b220c6026ff514d86c81dde65e83,tres_2_b:kplr011446443-2009259160929_llc.fits,0.021078050201504217,0.99076306819915771,4.1813880670815706e-05,PDCSAP_FLUX,402803.0625,16.999784469604492,406558.40625,out_of_transit_median,segment_normalized,tres_2_b-e8e81778b059cb9a,0.99076306819915771,4.1813880670815706e-05
TrES-2 b,TrES-2,tres_2_b,MAST,data/raw/mast/lightkurve/tres_2_b/kepler/mastDownload/Kepler/kplr011446443_lc_Q111111110111011101/kplr011446443-2009259160929_llc.fits,6d41c0b2a8784c922789c5ceb53258b795d7b220c6026ff514d86c81dde65e83,kplr011446443-2009259160929_llc.fits,Kepler,kplr011446443-2009259160929_llc.fits,LIGHTCURVE,1,226.55032858852792,d,TIMESYS=TDB;BJDREFI=2454833;BJDREFF=0.0,long,1765.4628859418881,FITS_TIMEDEL,399484.65625,16.730953216552734,402840.4375,16.979791641235352,0,5756,617.59486685608078,847.88195101002884,0.010262009687721729,0.024001406505703926,2,,,,,KIC 11446443,Kepler,Kepler Photometer,822892 FluxExporter2PipelineModule,True,False,True,True,2791,6d41c0b2a8784c922789c5ceb53258b795d7b220c6026ff514d86c81dde65e83,tres_2_b:kplr011446443-2009259160929_llc.fits,0.021261754498424379,0.99085503816604614,4.1764706111280248e-05,PDCSAP_FLUX,402840.4375,16.979791641235352,406558.40625,out_of_transit_median,segment_normalized,tres_2_b-e8e81778b059cb9a,0.99085503816604614,4.1764706111280248e-05
TrES-2 b,TrES-2,tres_2_b,MAST,data/raw/mast/lightkurve/tres_2_b/kepler/mastDownload/Kepler/kplr011446443_lc_Q111111110111011101/kplr011446443-2009259160929_llc.fits,6d41c0b2a8784c922789c5ceb53258b795d7b220c6026ff514d86c81dde65e83,kplr011446443-2009259160929_llc.fits,Kepler,kplr011446443-2009259160929_llc.fits,LIGHTCURVE,1,199.3736776569931,d,TIMESYS=TDB;BJDREFI=2454833;BJDREFF=0.0,long,1765.4628859418881,FITS_TIMEDEL,399403.25,16.738851547241211,402911.15625,16.996421813964844,0,4426,617.59678685989581,847.78070386211948,0.012677578255534172,-0.075269535183906555,2,,,,,KIC 11446443,Kepler,Kepler Photometer,822892 FluxExporter2PipelineModule,True,False,True,True,1461,6d41c0b2a8784c922789c5ceb53258b795d7b220c6026ff514d86c81dde65e83,tres_2_b:kplr011446443-2009259160929_llc.fits,0.02135796996359951,0.99102896451950073,4.180560790700838e-05,PDCSAP_FLUX,402911.15625,16.996421813964844,406558.40625,out_of_transit_median,segment_normalized,tres_2_b-e8e81778b059cb9a,0.99102896451950073,4.180560790700838e-05
TrES-2 b,TrES-2,tres_2_b,MAST,data/raw/mast/lightkurve/tres_2_b/kepler/mastDownload/Kepler/kplr011446443_lc_Q111111110111011101/kplr011446443-2009166043257_llc.fits,10bfca91bdd928deda2e638de7a27cdc940b879452408a96b5be6146944639e9,kplr011446443-2009166043257_llc.fits,Kepler,kplr011446443-2009166043257_llc.fits,LIGHTCURVE,1,147.49185155326268,d,TIMESYS=TDB;BJDREFI=2454833;BJDREFF=0.0,long,1765.4628859418881,FITS_TIMEDEL,396346.34375,16.588380813598633,400285.65625,16.95777702331543,0,1887,621.20224315294649,848.94904744394523,-0.00060083455173298717,-0.00022866809740662575,1,,,,,KIC 11446443,Kepler,Kepler Photometer,795945 FluxExporter2PipelineModule,True,False,True,True,782,10bfca91bdd928deda2e638de7a27cdc940b879452408a96b5be6146944639e9,tres_2_b:kplr011446443-2009166043257_llc.fits,0.022412783233174194,0.99154680967330933,4.2006075091194361e-05,PDCSAP_FLUX,400285.65625,16.95777702331543,403698.1875,out_of_transit_median,segment_normalized,tres_2_b-e8e81778b059cb9a,0.99154680967330933,4.2006075091194361e-05
TrES-2 b,TrES-2,tres_2_b,MAST,data/raw/mast/lightkurve/tres_2_b/kepler/mastDownload/Kepler/kplr011446443_lc_Q111111110111011101/kplr011446443-2009259160929_llc.fits,6d41c0b2a8784c922789c5ceb53258b795d7b220c6026ff514d86c81dde65e83,kplr011446443-2009259160929_llc.fits,Kepler,kplr011446443-2009259160929_llc.fits,LIGHTCURVE,1,174.66916121432587,d,TIMESYS=TDB;BJDREFI=2454833;BJDREFF=0.0,long,1765.4628859418881,FITS_TIMEDEL,400379.5625,16.757568359375,403237.1875,17.009424209594727,0,3217,617.58038048991864,847.72505835954018,-0.0026239973958581686,-0.12276133149862289,2,,,,,KIC 11446443,Kepler,Kepler Photometer,822892 FluxExporter2PipelineModule,True,False,True,True,252,6d41c0b2a8784c922789c5ceb53258b795d7b220c6026ff514d86c81dde65e83,tres_2_b:kplr011446443-2009259160929_llc.fits,0.0229752972963706,0.99183088541030884,4.1837589378701523e-05,PDCSAP_FLUX,403237.1875,17.009424209594727,406558.40625,out_of_transit_median,segment_normalized,tres_2_b-e8e81778b059cb9a,0.99183088541030884,4.1837589378701523e-05
TrES-2 b,TrES-2,tres_2_b,MAST,data/raw/mast/lightkurve/tres_2_b/kepler/mastDownload/Kepler/kplr011446443_lc_Q111111110111011101/kplr011446443-2009259160929_llc.fits,6d41c0b2a8784c922789c5ceb53258b795d7b220c6026ff514d86c81dde65e83,kplr011446443-2009259160929_llc.fits,Kepler,kplr011446443-2009259160929_llc.fits,LIGHTCURVE,1,229.02277142456296,d,TIMESYS=TDB;BJDREFI=2454833;BJDREFF=0.0,long,1765.4628859418881,FITS_TIMEDEL,399881.625,16.737422943115234,403302.625,16.985397338867188,0,5877,617.59797837394331,847.88514843930011,0.013190637342631817,0.027045281603932381,2,,,,,KIC 11446443,Kepler,Kepler Photometer,822892 FluxExporter2PipelineModule,True,False,True,True,2912,6d41c0b2a8784c922789c5ceb53258b795d7b220c6026ff514d86c81dde65e83,tres_2_b:kplr011446443-2009259160929_llc.fits,0.023091213533467547,0.99199187755584717,4.1778494050959125e-05,PDCSAP_FLUX,403302.625,16.985397338867188,406558.40625,out_of_transit_median,segment_normalized,tres_2_b-e8e81778b059cb9a,0.99199187755584717,4.1778494050959125e-05
TrES-2 b,TrES-2,tres_2_b,MAST,data/raw/mast/lightkurve/tres_2_b/kepler/mastDownload/Kepler/kplr011446443_lc_Q111111110111011101/kplr011446443-2009259160929_llc.fits,6d41c0b2a8784c922789c5ceb53258b795d7b220c6026ff514d86c81dde65e83,kplr011446443-2009259160929_llc.fits,Kepler,kplr011446443-2009259160929_llc.fits,LIGHTCURVE,1,201.84615593706985,d,TIMESYS=TDB;BJDREFI=2454833;BJDREFF=0.0,long,1765.4628859418881,FITS_TIMEDEL,400025.5,16.745698928833008,403375.125,17.005561828613281,0,4547,617.57665645081659,847.83230988873925,-0.0064638447947800159,-0.025023916736245155,2,,,,,KIC 11446443,Kepler,Kepler Photometer,822892 FluxExporter2PipelineModule,True,False,True,True,1582,6d41c0b2a8784c922789c5ceb53258b795d7b220c6026ff514d86c81dde65e83,tres_2_b:kplr011446443-2009259160929_llc.fits,0.023222873040356751,0.99217015504837036,4.1828090616036206e-05,PDCSAP_FLUX,403375.125,17.005561828613281,406558.40625,out_of_transit_median,segment_normalized,tres_2_b-e8e81778b059cb9a,0.99217015504837036,4.1828090616036206e-05
TrES-2 b,TrES-2,tres_2_b,MAST,data/raw/mast/lightkurve/tres_2_b/kepler/mastDownload/Kepler/kplr011446443_lc_Q111111110111011101/kplr011446443-2009131105131_llc.fits,e1699c5dd0089c35d908b711b302f72ba974edc68e030dae3e9a65d5065f7d0c,kplr011446443-2009131105131_llc.fits,Kepler,kplr011446443-2009131105131_llc.fits,LIGHTCURVE,1,122.78688714456075,d,TIMESYS=TDB;BJDREFI=2454833;BJDREFF=0.0,long,1765.4628859418881,FITS_TIMEDEL,398266.09375,16.636579513549805,403088.34375,16.902027130126953,0,678,621.22003474192036,848.89452768402248,0.0016227946616709232,-0.0032446379773318768,0,,,,,KIC 11446443,Kepler,Kepler Photometer,793548 FluxExporter2PipelineModule,True,False,True,True,110,e1699c5dd0089c35d908b711b302f72ba974edc68e030dae3e9a65d5065f7d0c,tres_2_b:kplr011446443-2009131105131_llc.fits,0.02358214453124674,0.99241089820861816,4.1613100620452315e-05,PDCSAP_FLUX,403088.34375,16.902027130126953,406170.8125,out_of_transit_median,segment_normalized,tres_2_b-e8e81778b059cb9a,0.99241089820861816,4.1613100620452315e-05
TrES-2 b,TrES-2,tres_2_b,MAST,data/raw/mast/lightkurve/tres_2_b/kepler/mastDownload/Kepler/kplr011446443_lc_Q111111110111011101/kplr011446443-2009166043257_llc.fits,10bfca91bdd928deda2e638de7a27cdc940b879452408a96b5be6146944639e9,kplr011446443-2009166043257_llc.fits,Kepler,kplr011446443-2009166043257_llc.fits,LIGHTCURVE,1,149.96438419976039,d,TIMESYS=TDB;BJDREFI=2454833;BJDREFF=0.0,long,1765.4628859418881,FITS_TIMEDEL,396641.3125,16.593662261962891,400737.625,16.972867965698242,0,2008,621.20181114610295,848.95385485403688,-0.00010808782099047676,0.0022713497746735811,1,,,,,KIC 11446443,Kepler,Kepler Photometer,795945 FluxExporter2PipelineModule,True,False,True,True,903,10bfca91bdd928deda2e638de7a27cdc940b879452408a96b5be6146944639e9,tres_2_b:kplr011446443-2009166043257_llc.fits,0.0243320527308859,0.99266642332077026,4.2043458961416036e-05,PDCSAP_FLUX,400737.625,16.972867965698242,403698.1875,out_of_transit_median,segment_normalized,tres_2_b-e8e81778b059cb9a,0.99266642332077026,4.2043458961416036e-05
TrES-2 b,TrES-2,tres_2_b,MAST,data/raw/mast/lightkurve/tres_2_b/kepler/mastDownload/Kepler/kplr011446443_lc_Q111111110111011101/kplr011446443-2009259160929_llc.fits,6d41c0b2a8784c922789c5ceb53258b795d7b220c6026ff514d86c81dde65e83,kplr011446443-2009259160929_llc.fits,Kepler,kplr011446443-2009259160929_llc.fits,LIGHTCURVE,1,177.14166928856866,d,TIMESYS=TDB;BJDREFI=2454833;BJDREFF=0.0,long,1765.4628859418881,FITS_TIMEDEL,400713.84375,16.763565063476562,403753.3125,17.018009185791016,0,3338,617.58226408041753,847.73037972176735,-0.00067914155079051852,-0.11886367201805115,2,,,,,KIC 11446443,Kepler,Kepler Photometer,822892 FluxExporter2PipelineModule,True,False,True,True,373,6d41c0b2a8784c922789c5ceb53258b795d7b220c6026ff514d86c81dde65e83,tres_2_b:kplr011446443-2009259160929_llc.fits,0.024869994539167051,0.99310040473937988,4.185870784567669e-05,PDCSAP_FLUX,403753.3125,17.018009185791016,406558.40625,out_of_transit_median,segment_normalized,tres_2_b-e8e81778b059cb9a,0.99310040473937988,4.185870784567669e-05
TrES-2 b,TrES-2,tres_2_b,MAST,data/raw/mast/lightkurve/tres_2_b/kepler/mastDownload/Kepler/kplr011446443_lc_Q111111110111011101/kplr011446443-2009259160929_llc.fits,6d41c0b2a8784c922789c5ceb53258b795d7b220c6026ff514d86c81dde65e83,kplr011446443-2009259160929_llc.fits,Kepler,kplr011446443-2009259160929_llc.fits,LIGHTCURVE,1,231.49521119317069,d,TIMESYS=TDB;BJDREFI=2454833;BJDREFF=0.0,long,1765.4628859418881,FITS_TIMEDEL,401121.46875,16.756790161132812,403823.28125,16.936443328857422,0,5998,617.56324979627766,847.90331744083153,-0.019853755831718445,0.047913573682308197,2,,,,,KIC 11446443,Kepler,Kepler Photometer,822892 FluxExporter2PipelineModule,True,False,True,True,3033,6d41c0b2a8784c922789c5ceb53258b795d7b220c6026ff514d86c81dde65e83,tres_2_b:kplr011446443-2009259160929_llc.fits,0.024917605141195898,0.99327248334884644,4.1658080590423197e-05,PDCSAP_FLUX,403823.28125,16.936443328857422,406558.40625,out_of_transit_median,segment_normalized,tres_2_b-e8e81778b059cb9a,0.99327248334884644,4.1658080590423197e-05
TrES-2 b,TrES-2,tres_2_b,MAST,data/raw/mast/lightkurve/tres_2_b/kepler/mastDownload/Kepler/kplr011446443_lc_Q111111110111011101/kplr011446443-2009259160929_llc.fits,6d41c0b2a8784c922789c5ceb53258b795d7b220c6026ff514d86c81dde65e83,kplr011446443-2009259160929_llc.fits,Kepler,kplr011446443-2009259160929_llc.fits,LIGHTCURVE,1,204.31863123481889,d,TIMESYS=TDB;BJDREFI=2454833;BJDREFF=0.0,long,1765.4628859418881,FITS_TIMEDEL,400494.40625,16.750469207763672,403848.78125,17.009510040283203,0,4668,617.57797479479416,847.83791118088823,-0.0052751768380403519,-0.01963399164378643,2,,,,,KIC 11446443,Kepler,Kepler Photometer,822892 FluxExporter2PipelineModule,True,False,True,True,1703,6d41c0b2a8784c922789c5ceb53258b795d7b220c6026ff514d86c81dde65e83,tres_2_b:kplr011446443-2009259160929_llc.fits,0.025084793789399429,0.99333518743515015,4.1837800381472334e-05,PDCSAP_FLUX,403848.78125,17.009510040283203,406558.40625,out_of_transit_median,segment_normalized,tres_2_b-e8e81778b059cb9a,0.99333518743515015,4.1837800381472334e-05
TrES-2 b,TrES-2,tres_2_b,MAST,data/raw/mast/lightkurve/tres_2_b/kepler/mastDownload/Kepler/kplr011446443_lc_Q111111110111011101/kplr011446443-2009131105131_llc.fits,e1699c5dd0089c35d908b711b302f72ba974edc68e030dae3e9a65d5065f7d0c,kplr011446443-2009131105131_llc.fits,Kepler,kplr011446443-2009131105131_llc.fits,LIGHTCURVE,1,125.25943139289302,d,TIMESYS=TDB;BJDREFI=2454833;BJDREFF=0.0,long,1765.4628859418881,FITS_TIMEDEL,398632.8125,16.644336700439453,403487.25,16.935575485229492,0,799,621.21784204329356,848.89950007039931,3.000249489559792e-05,-0.00031002773903310299,0,,,,,KIC 11446443,Kepler,Kepler Photometer,793548 FluxExporter2PipelineModule,True,False,True,True,231,e1699c5dd0089c35d908b711b302f72ba974edc68e030dae3e9a65d5065f7d0c,tres_2_b:kplr011446443-2009131105131_llc.fits,0.025513015863516175,0.99339300394058228,4.1695697291288525e-05,PDCSAP_FLUX,403487.25,16.935575485229492,406170.8125,out_of_transit_median,segment_normalized,tres_2_b-e8e81778b059cb9a,0.99339300394058228,4.1695697291288525e-05
TrES-2 b,TrES-2,tres_2_b,MAST,data/raw/mast/lightkurve/tres_2_b/kepler/mastDownload/Kepler/kplr011446443_lc_Q111111110111011101/kplr011446443-2009166043257_llc.fits,10bfca91bdd928deda2e638de7a27cdc940b879452408a96b5be6146944639e9,kplr011446443-2009166043257_llc.fits,Kepler,kplr011446443-2009166043257_llc.fits,LIGHTCURVE,1,152.43691497476539,d,TIMESYS=TDB;BJDREFI=2454833;BJDREFF=0.0,long,1765.4628859418881,FITS_TIMEDEL,396988.5,16.599662780761719,401259.96875,16.982795715332031,0,2129,621.20068609585815,848.96089525236368,-0.00025104286032728851,0.0067503736354410648,1,,,,,KIC 11446443,Kepler,Kepler Photometer,795945 FluxExporter2PipelineModule,True,False,True,True,1024,10bfca91bdd928deda2e638de7a27cdc940b879452408a96b5be6146944639e9,tres_2_b:kplr011446443-2009166043257_llc.fits,0.026249450735883917,0.99396032094955444,4.2068051698151976e-05,PDCSAP_FLUX,401259.96875,16.982795715332031,403698.1875,out_of_transit_median,segment_normalized,tres_2_b-e8e81778b059cb9a,0.99396032094955444,4.2068051698151976e-05
TrES-2 b,TrES-2,tres_2_b,MAST,data/raw/mast/lightkurve/tres_2_b/kepler/mastDownload/Kepler/kplr011446443_lc_Q111111110111011101/kplr011446443-2009259160929_llc.fits,6d41c0b2a8784c922789c5ceb53258b795d7b220c6026ff514d86c81dde65e83,kplr011446443-2009259160929_llc.fits,Kepler,kplr011446443-2009259160929_llc.fits,LIGHTCURVE,1,233.96764782508399,d,TIMESYS=TDB;BJDREFI=2454833;BJDREFF=0.0,long,1765.4628859418881,FITS_TIMEDEL,400823.40625,16.753837585449219,404236.03125,17.00291633605957,0,6119,617.57729786433811,847.91131188315705,-0.0063507352024316788,0.053723577409982681,2,,,,,KIC 11446443,Kepler,Kepler Photometer,822892 FluxExporter2PipelineModule,True,False,True,True,3154,6d41c0b2a8784c922789c5ceb53258b795d7b220c6026ff514d86c81dde65e83,tres_2_b:kplr011446443-2009259160929_llc.fits,0.026740860054492943,0.99428772926330566,4.1821582271950319e-05,PDCSAP_FLUX,404236.03125,17.00291633605957,406558.40625,out_of_transit_median,segment_normalized,tres_2_b-e8e81778b059cb9a,0.99428772926330566,4.1821582271950319e-05
TrES-2 b,TrES-2,tres_2_b,MAST,data/raw/mast/lightkurve/tres_2_b/kepler/mastDownload/Kepler/kplr011446443_lc_Q111111110111011101/kplr011446443-2009259160929_llc.fits,6d41c0b2a8784c922789c5ceb53258b795d7b220c6026ff514d86c81dde65e83,kplr011446443-2009259160929_llc.fits,Kepler,kplr011446443-2009259160929_llc.fits,LIGHTCURVE,1,179.61417454428738,d,TIMESYS=TDB;BJDREFI=2454833;BJDREFF=0.0,long,1765.4628859418881,FITS_TIMEDEL,400982.96875,16.770603179931641,404177.375,17.025495529174805,0,3459,617.58335741969051,847.73619466439709,0.00024665970704518259,-0.11447613686323166,2,,,,,KIC 11446443,Kepler,Kepler Photometer,822892 FluxExporter2PipelineModule,True,False,True,True,494,6d41c0b2a8784c922789c5ceb53258b795d7b220c6026ff514d86c81dde65e83,tres_2_b:kplr011446443-2009259160929_llc.fits,0.026761873257882707,0.99414342641830444,4.1877119656419381e-05,PDCSAP_FLUX,404177.375,17.025495529174805,406558.40625,out_of_transit_median,segment_normalized,tres_2_b-e8e81778b059cb9a,0.99414342641830444,4.1877119656419381e-05
TrES-2 b,TrES-2,tres_2_b,MAST,data/raw/mast/lightkurve/tres_2_b/kepler/mastDownload/Kepler/kplr011446443_lc_Q111111110111011101/kplr011446443-2009259160929_llc.fits,6d41c0b2a8784c922789c5ceb53258b795d7b220c6026ff514d86c81dde65e83,kplr011446443-2009259160929_llc.fits,Kepler,kplr011446443-2009259160929_llc.fits,LIGHTCURVE,1,206.79110322695487,d,TIMESYS=TDB;BJDREFI=2454833;BJDREFF=0.0,long,1765.4628859418881,FITS_TIMEDEL,400920.53125,16.757801055908203,404264.03125,17.014554977416992,0,4789,617.57968898203683,847.84367350069272,-0.0035706590861082077,-0.013959165662527084,2,,,,,KIC 11446443,Kepler,Kepler Photometer,822892 FluxExporter2PipelineModule,True,False,True,True,1824,6d41c0b2a8784c922789c5ceb53258b795d7b220c6026ff514d86c81dde65e83,tres_2_b:kplr011446443-2009259160929_llc.fits,0.026943408925378831,0.99435657262802124,4.1850209527183324e-05,PDCSAP_FLUX,404264.03125,17.014554977416992,406558.40625,out_of_transit_median,segment_normalized,tres_2_b-e8e81778b059cb9a,0.99435657262802124,4.1850209527183324e-05
TrES-2 b,TrES-2,tres_2_b,MAST,data/raw/mast/lightkurve/tres_2_b/kepler/mastDownload/Kepler/kplr011446443_lc_Q111111110111011101/kplr011446443-2009131105131_llc.fits,e1699c5dd0089c35d908b711b302f72ba974edc68e030dae3e9a65d5065f7d0c,kplr011446443-2009131105131_llc.fits,Kepler,kplr011446443-2009131105131_llc.fits,LIGHTCURVE,1,127.73197493248153,d,TIMESYS=TDB;BJDREFI=2454833;BJDREFF=0.0,long,1765.4628859418881,FITS_TIMEDEL,398981.78125,16.64848518371582,403995.5,16.952064514160156,0,920,621.21513043057382,848.90413934488549,-0.0020475017372518778,0.0022554441820830107,0,,,,,KIC 11446443,Kepler,Kepler Photometer,793548 FluxExporter2PipelineModule,True,False,True,True,352,e1699c5dd0089c35d908b711b302f72ba974edc68e030dae3e9a65d5065f7d0c,tres_2_b:kplr011446443-2009131105131_llc.fits,0.027443178452030592,0.99464434385299683,4.1736293496796861e-05,PDCSAP_FLUX,403995.5,16.952064514160156,406170.8125,out_of_transit_median,segment_normalized,tres_2_b-e8e81778b059cb9a,0.99464434385299683,4.1736293496796861e-05
TrES-2 b,TrES-2,tres_2_b,MAST,data/raw/mast/lightkurve/tres_2_b/kepler/mastDownload/Kepler/kplr011446443_lc_Q111111110111011101/kplr011446443-2009166043257_llc.fits,10bfca91bdd928deda2e638de7a27cdc940b879452408a96b5be6146944639e9,kplr011446443-2009166043257_llc.fits,Kepler,kplr011446443-2009166043257_llc.fits,LIGHTCURVE,1,154.90944387594936,d,TIMESYS=TDB;BJDREFI=2454833;BJDREFF=0.0,long,1765.4628859418881,FITS_TIMEDEL,397258.8125,16.603803634643555,401711.65625,16.984081268310547,0,2250,621.20216294376269,848.96762605794561,0.0023228686768561602,0.010954375378787518,1,,,,,KIC 11446443,Kepler,Kepler Photometer,795945 FluxExporter2PipelineModule,True,False,True,True,1145,10bfca91bdd928deda2e638de7a27cdc940b879452408a96b5be6146944639e9,tres_2_b:kplr011446443-2009166043257_llc.fits,0.02816497491986536,0.9950791597366333,4.2071234929608181e-05,PDCSAP_FLUX,401711.65625,16.984081268310547,403698.1875,out_of_transit_median,segment_normalized,tres_2_b-e8e81778b059cb9a,0.9950791597366333,4.2071234929608181e-05
TrES-2 b,TrES-2,tres_2_b,MAST,data/raw/mast/lightkurve/tres_2_b/kepler/mastDownload/Kepler/kplr011446443_lc_Q111111110111011101/kplr011446443-2009259160929_llc.fits,6d41c0b2a8784c922789c5ceb53258b795d7b220c6026ff514d86c81dde65e83,kplr011446443-2009259160929_llc.fits,Kepler,kplr011446443-2009259160929_llc.fits,LIGHTCURVE,1,236.4400812568565,d,TIMESYS=TDB;BJDREFI=2454833;BJDREFF=0.0,long,1765.4628859418881,FITS_TIMEDEL,401131.625,16.760440826416016,404632.53125,17.01325798034668,0,6240,617.58237960656993,847.91517981784091,-0.0014689174713566899,0.057457972317934036,2,,,,,KIC 11446443,Kepler,Kepler Photometer,822892 FluxExporter2PipelineModule,True,False,True,True,3275,6d41c0b2a8784c922789c5ceb53258b795d7b220c6026ff514d86c81dde65e83,tres_2_b:kplr011446443-2009259160929_llc.fits,0.028560914827008288,0.99526298046112061,4.1847019019769505e-05,PDCSAP_FLUX,404632.53125,17.01325798034668,406558.40625,out_of_transit_median,segment_normalized,tres_2_b-e8e81778b059cb9a,0.99526298046112061,4.1847019019769505e-05
TrES-2 b,TrES-2,tres_2_b,MAST,data/raw/mast/lightkurve/tres_2_b/kepler/mastDownload/Kepler/kplr011446443_lc_Q111111110111011101/kplr011446443-2009259160929_llc.fits,6d41c0b2a8784c922789c5ceb53258b795d7b220c6026ff514d86c81dde65e83,kplr011446443-2009259160929_llc.fits,Kepler,kplr011446443-2009259160929_llc.fits,LIGHTCURVE,1,209.26357189624832,d,TIMESYS=TDB;BJDREFI=2454833;BJDREFF=0.0,long,1765.4628859418881,FITS_TIMEDEL,401349.15625,16.767465591430664,404669.09375,17.02728271484375,0,4910,617.58123524468238,847.84898671596636,-0.002355620265007019,-0.0086517920717597008,2,,,,,KIC 11446443,Kepler,Kepler Photometer,822892 FluxExporter2PipelineModule,True,False,True,True,1945,6d41c0b2a8784c922789c5ceb53258b795d7b220c6026ff514d86c81dde65e83,tres_2_b:kplr011446443-2009259160929_llc.fits,0.028798701218827327,0.99535292387008667,4.1881517972797155e-05,PDCSAP_FLUX,404669.09375,17.02728271484375,406558.40625,out_of_transit_median,segment_normalized,tres_2_b-e8e81778b059cb9a,0.99535292387008667,4.1881517972797155e-05
TrES-2 b,TrES-2,tres_2_b,MAST,data/raw/mast/lightkurve/tres_2_b/kepler/mastDownload/Kepler/kplr011446443_lc_Q111111110111011101/kplr011446443-2009131105131_llc.fits,e1699c5dd0089c35d908b711b302f72ba974edc68e030dae3e9a65d5065f7d0c,kplr011446443-2009131105131_llc.fits,Kepler,kplr011446443-2009131105131_llc.fits,LIGHTCURVE,1,130.20451763726305,d,TIMESYS=TDB;BJDREFI=2454833;BJDREFF=0.0,long,1765.4628859418881,FITS_TIMEDEL,399337.46875,16.656078338623047,404742.625,16.692691802978516,0,1041,621.21300965522778,848.9083359232834,-0.0036286504473537207,0.0048292912542819977,0,,,,,KIC 11446443,Kepler,Kepler Photometer,793548 FluxExporter2PipelineModule,True,False,True,True,473,e1699c5dd0089c35d908b711b302f72ba974edc68e030dae3e9a65d5065f7d0c,tres_2_b:kplr011446443-2009131105131_llc.fits,0.029372506233548146,0.99648380279541016,4.1097715438809246e-05,PDCSAP_FLUX,404742.625,16.692691802978516,406170.8125,out_of_transit_median,segment_normalized,tres_2_b-e8e81778b059cb9a,0.99648380279541016,4.1097715438809246e-05
TrES-2 b,TrES-2,tres_2_b,MAST,data/raw/mast/lightkurve/tres_2_b/kepler/mastDownload/Kepler/kplr011446443_lc_Q111111110111011101/kplr011446443-2009166043257_llc.fits,10bfca91bdd928deda2e638de7a27cdc940b879452408a96b5be6146944639e9,kplr011446443-2009166043257_llc.fits,Kepler,kplr011446443-2009166043257_llc.fits,LIGHTCURVE,1,157.38197080401005,d,TIMESYS=TDB;BJDREFI=2454833;BJDREFF=0.0,long,1765.4628859418881,FITS_TIMEDEL,397466.71875,16.61168098449707,402093.5625,16.983640670776367,0,2371,621.19884097989791,848.97625141896242,4.7951791202649474e-05,0.016898220404982567,1,,,,,KIC 11446443,Kepler,Kepler Photometer,795945 FluxExporter2PipelineModule,True,False,True,True,1266,10bfca91bdd928deda2e638de7a27cdc940b879452408a96b5be6146944639e9,tres_2_b:kplr011446443-2009166043257_llc.fits,0.030078525980553605,0.9960252046585083,4.2070143535966054e-05,PDCSAP_FLUX,402093.5625,16.983640670776367,403698.1875,out_of_transit_median,segment_normalized,tres_2_b-e8e81778b059cb9a,0.9960252046585083,4.2070143535966054e-05
TrES-2 b,TrES-2,tres_2_b,MAST,data/raw/mast/lightkurve/tres_2_b/kepler/mastDownload/Kepler/kplr011446443_lc_Q111111110111011101/kplr011446443-2009259160929_llc.fits,6d41c0b2a8784c922789c5ceb53258b795d7b220c6026ff514d86c81dde65e83,kplr011446443-2009259160929_llc.fits,Kepler,kplr011446443-2009259160929_llc.fits,LIGHTCURVE,1,238.91251173016644,d,TIMESYS=TDB;BJDREFI=2454833;BJDREFF=0.0,long,1765.4628859418881,FITS_TIMEDEL,401458.75,16.766437530517578,404974.25,17.022216796875,0,6361,617.58539115188569,847.9184187607367,0.0013088870327919722,0.060887638479471207,2,,,,,KIC 11446443,Kepler,Kepler Photometer,822892 FluxExporter2PipelineModule,True,False,True,True,3396,6d41c0b2a8784c922789c5ceb53258b795d7b220c6026ff514d86c81dde65e83,tres_2_b:kplr011446443-2009259160929_llc.fits,0.030378011136950045,0.99610352516174316,4.1869057895382866e-05,PDCSAP_FLUX,404974.25,17.022216796875,406558.40625,out_of_transit_median,segment_normalized,tres_2_b-e8e81778b059cb9a,0.99610352516174316,4.1869057895382866e-05
TrES-2 b,TrES-2,tres_2_b,MAST,data/raw/mast/lightkurve/tres_2_b/kepler/mastDownload/Kepler/kplr011446443_lc_Q111111110111011101/kplr011446443-2009259160929_llc.fits,6d41c0b2a8784c922789c5ceb53258b795d7b220c6026ff514d86c81dde65e83,kplr011446443-2009259160929_llc.fits,Kepler,kplr011446443-2009259160929_llc.fits,LIGHTCURVE,1,184.55917634495563,d,TIMESYS=TDB;BJDREFI=2454833;BJDREFF=0.0,long,1765.4628859418881,FITS_TIMEDEL,402806.59375,16.799501419067383,405087.9375,17.019380569458008,0,3701,617.57920942845783,847.74710802785216,-0.0036177611909806728,-0.10092936456203461,2,,,,,KIC 11446443,Kepler,Kepler Photometer,822892 FluxExporter2PipelineModule,True,False,True,True,736,6d41c0b2a8784c922789c5ceb53258b795d7b220c6026ff514d86c81dde65e83,tres_2_b:kplr011446443-2009259160929_llc.fits,0.030536919926134276,0.99638313055038452,4.1862080252030864e-05,PDCSAP_FLUX,405087.9375,17.019380569458008,406558.40625,out_of_transit_median,segment_normalized,tres_2_b-e8e81778b059cb9a,0.99638313055038452,4.1862080252030864e-05
TrES-2 b,TrES-2,tres_2_b,MAST,data/raw/mast/lightkurve/tres_2_b/kepler/mastDownload/Kepler/kplr011446443_lc_Q111111110111011101/kplr011446443-2009259160929_llc.fits,6d41c0b2a8784c922789c5ceb53258b795d7b220c6026ff514d86c81dde65e83,kplr011446443-2009259160929_llc.fits,Kepler,kplr011446443-2009259160929_llc.fits,LIGHTCURVE,1,211.73603752872441,d,TIMESYS=TDB;BJDREFI=2454833;BJDREFF=0.0,long,1765.4628859418881,FITS_TIMEDEL,401741.09375,16.775827407836914,405029.46875,17.035905838012695,0,5031,617.5824585645563,847.85364423896306,-0.0012534263078123331,-0.0039935135282576084,2,,,,,KIC 11446443,Kepler,Kepler Photometer,822892 FluxExporter2PipelineModule,True,False,True,True,2066,6d41c0b2a8784c922789c5ceb53258b795d7b220c6026ff514d86c81dde65e83,tres_2_b:kplr011446443-2009259160929_llc.fits,0.030650956694914688,0.9962393045425415,4.19027273892425e-05,PDCSAP_FLUX,405029.46875,17.035905838012695,406558.40625,out_of_transit_median,segment_normalized,tres_2_b-e8e81778b059cb9a,0.9962393045425415,4.19027273892425e-05
TrES-2 b,TrES-2,tres_2_b,MAST,data/raw/mast/lightkurve/tres_2_b/kepler/mastDownload/Kepler/kplr011446443_lc_Q111111110111011101/kplr011446443-2009166043257_llc.fits,10bfca91bdd928deda2e638de7a27cdc940b879452408a96b5be6146944639e9,kplr011446443-2009166043257_llc.fits,Kepler,kplr011446443-2009166043257_llc.fits,LIGHTCURVE,1,132.67705918278807,d,TIMESYS=TDB;BJDREFI=2454833;BJDREFF=0.0,long,1765.4628859418881,FITS_TIMEDEL,399053.3125,16.639585494995117,402327.875,16.989753723144531,0,1162,621.21131478563098,848.91437236018533,0.0040955552831292152,-0.021816147491335869,1,,,,,KIC 11446443,Kepler,Kepler Photometer,795945 FluxExporter2PipelineModule,True,False,True,True,57,10bfca91bdd928deda2e638de7a27cdc940b879452408a96b5be6146944639e9,tres_2_b:kplr011446443-2009166043257_llc.fits,0.031300674758566904,0.99660557508468628,4.2085284803761169e-05,PDCSAP_FLUX,402327.875,16.989753723144531,403698.1875,out_of_transit_median,segment_normalized,tres_2_b-e8e81778b059cb9a,0.99660557508468628,4.2085284803761169e-05
TrES-2 b,TrES-2,tres_2_b,MAST,data/raw/mast/lightkurve/tres_2_b/kepler/mastDownload/Kepler/kplr011446443_lc_Q111111110111011101/kplr011446443-2009166043257_llc.fits,10bfca91bdd928deda2e638de7a27cdc940b879452408a96b5be6146944639e9,kplr011446443-2009166043257_llc.fits,Kepler,kplr011446443-2009166043257_llc.fits,LIGHTCURVE,1,159.85449566243915,d,TIMESYS=TDB;BJDREFI=2454833;BJDREFF=0.0,long,1765.4628859418881,FITS_TIMEDEL,397672.84375,16.612924575805664,402457.21875,16.988235473632812,0,2492,621.19807394129305,848.98323738923034,0.00054893112974241376,0.021494481712579727,1,,,,,KIC 11446443,Kepler,Kepler Photometer,795945 FluxExporter2PipelineModule,True,False,True,True,1387,10bfca91bdd928deda2e638de7a27cdc940b879452408a96b5be6146944639e9,tres_2_b:kplr011446443-2009166043257_llc.fits,0.031990007409650412,0.99692600965499878,4.2081526771653444e-05,PDCSAP_FLUX,402457.21875,16.988235473632812,403698.1875,out_of_transit_median,segment_normalized,tres_2_b-e8e81778b059cb9a,0.99692600965499878,4.2081526771653444e-05
TrES-2 b,TrES-2,tres_2_b,MAST,data/raw/mast/lightkurve/tres_2_b/kepler/mastDownload/Kepler/kplr011446443_lc_Q111111110111011101/kplr011446443-2009259160929_llc.fits,6d41c0b2a8784c922789c5ceb53258b795d7b220c6026ff514d86c81dde65e83,kplr011446443-2009259160929_llc.fits,Kepler,kplr011446443-2009259160929_llc.fits,LIGHTCURVE,1,241.38493919181201,d,TIMESYS=TDB;BJDREFI=2454833;BJDREFF=0.0,long,1765.4628859418881,FITS_TIMEDEL,401720.375,16.767637252807617,405263.90625,17.022956848144531,0,6482,617.58799396615814,847.92097480511279,0.0037986438255757093,0.06366807222366333,2,,,,,KIC 11446443,Kepler,Kepler Photometer,822892 FluxExporter2PipelineModule,True,False,True,True,3517,6d41c0b2a8784c922789c5ceb53258b795d7b220c6026ff514d86c81dde65e83,tres_2_b:kplr011446443-2009259160929_llc.fits,0.032192095782516139,0.99681597948074341,4.1870876884786412e-05,PDCSAP_FLUX,405263.90625,17.022956848144531,406558.40625,out_of_transit_median,segment_normalized,tres_2_b-e8e81778b059cb9a,0.99681597948074341,4.1870876884786412e-05
TrES-2 b,TrES-2,tres_2_b,MAST,data/raw/mast/lightkurve/tres_2_b/kepler/mastDownload/Kepler/kplr011446443_lc_Q111111110111011101/kplr011446443-2009259160929_llc.fits,6d41c0b2a8784c922789c5ceb53258b795d7b220c6026ff514d86c81dde65e83,kplr011446443-2009259160929_llc.fits,Kepler,kplr011446443-2009259160929_llc.fits,LIGHTCURVE,1,187.03167317161569,d,TIMESYS=TDB;BJDREFI=2454833;BJDREFF=0.0,long,1765.4628859418881,FITS_TIMEDEL,402111.84375,16.792402267456055,405389.375,17.049200057983398,0,3822,617.58796222013814,847.75338461752528,0.0046883132308721542,-0.09920211136341095,2,,,,,KIC 11446443,Kepler,Kepler Photometer,822892 FluxExporter2PipelineModule,True,False,True,True,857,6d41c0b2a8784c922789c5ceb53258b795d7b220c6026ff514d86c81dde65e83,tres_2_b:kplr011446443-2009259160929_llc.fits,0.032420369586197095,0.99712455272674561,4.193542554276064e-05,PDCSAP_FLUX,405389.375,17.049200057983398,406558.40625,out_of_transit_median,segment_normalized,tres_2_b-e8e81778b059cb9a,0.99712455272674561,4.193542554276064e-05
TrES-2 b,TrES-2,tres_2_b,MAST,data/raw/mast/lightkurve/tres_2_b/kepler/mastDownload/Kepler/kplr011446443_lc_Q111111110111011101/kplr011446443-2009259160929_llc.fits,6d41c0b2a8784c922789c5ceb53258b795d7b220c6026ff514d86c81dde65e83,kplr011446443-2009259160929_llc.fits,Kepler,kplr011446443-2009259160929_llc.fits,LIGHTCURVE,1,214.20849921648187,d,TIMESYS=TDB;BJDREFI=2454833;BJDREFF=0.0,long,1765.4628859418881,FITS_TIMEDEL,402102.53125,16.780834197998047,405365.46875,17.039640426635742,0,5152,617.58364032147642,847.85884253288589,-0.00021999372984282672,0.0012944994959980249,2,,,,,KIC 11446443,Kepler,Kepler Photometer,822892 FluxExporter2PipelineModule,True,False,True,True,2187,6d41c0b2a8784c922789c5ceb53258b795d7b220c6026ff514d86c81dde65e83,tres_2_b:kplr011446443-2009259160929_llc.fits,0.032499267452373859,0.99706578254699707,4.1911913285730407e-05,PDCSAP_FLUX,405365.46875,17.039640426635742,406558.40625,out_of_transit_median,segment_normalized,tres_2_b-e8e81778b059cb9a,0.99706578254699707,4.1911913285730407e-05
TrES-2 b,TrES-2,tres_2_b,MAST,data/raw/mast/lightkurve/tres_2_b/kepler/mastDownload/Kepler/kplr011446443_lc_Q111111110111011101/kplr011446443-2009166043257_llc.fits,10bfca91bdd928deda2e638de7a27cdc940b879452408a96b5be6146944639e9,kplr011446443-2009166043257_llc.fits,Kepler,kplr011446443-2009166043257_llc.fits,LIGHTCURVE,1,135.14960024680477,d,TIMESYS=TDB;BJDREFI=2454833;BJDREFF=0.0,long,1765.4628859418881,FITS_TIMEDEL,399302.625,16.643024444580078,402679.96875,17.026849746704102,0,1283,621.20934444510249,848.9189757538918,0.0024009821936488152,-0.019127078354358673,1,,,,,KIC 11446443,Kepler,Kepler Photometer,795945 FluxExporter2PipelineModule,True,False,True,True,178,10bfca91bdd928deda2e638de7a27cdc940b879452408a96b5be6146944639e9,tres_2_b:kplr011446443-2009166043257_llc.fits,0.033228361775262671,0.99747776985168457,4.2177176510449499e-05,PDCSAP_FLUX,402679.96875,17.026849746704102,403698.1875,out_of_transit_median,segment_normalized,tres_2_b-e8e81778b059cb9a,0.99747776985168457,4.2177176510449499e-05
TrES-2 b,TrES-2,tres_2_b,MAST,data/raw/mast/lightkurve/tres_2_b/kepler/mastDownload/Kepler/kplr011446443_lc_Q111111110111011101/kplr011446443-2009259160929_llc.fits,6d41c0b2a8784c922789c5ceb53258b795d7b220c6026ff514d86c81dde65e83,kplr011446443-2009259160929_llc.fits,Kepler,kplr011446443-2009259160929_llc.fits,LIGHTCURVE,1,189.50416684436641,d,TIMESYS=TDB;BJDREFI=2454833;BJDREFF=0.0,long,1765.4628859418881,FITS_TIMEDEL,402250.8125,16.794281005859375,405722.5625,17.047140121459961,0,3943,617.59048083875075,847.76017974282649,0.0070036412216722965,-0.093735150992870331,2,,,,,KIC 11446443,Kepler,Kepler Photometer,822892 FluxExporter2PipelineModule,True,False,True,True,978,6d41c0b2a8784c922789c5ceb53258b795d7b220c6026ff514d86c81dde65e83,tres_2_b:kplr011446443-2009259160929_llc.fits,0.034300665336912894,0.99794411659240723,4.1930357838282362e-05,PDCSAP_FLUX,405722.5625,17.047140121459961,406558.40625,out_of_transit_median,segment_normalized,tres_2_b-e8e81778b059cb9a,0.99794411659240723,4.1930357838282362e-05
TrES-2 b,TrES-2,tres_2_b,MAST,data/raw/mast/lightkurve/tres_2_b/kepler/mastDownload/Kepler/kplr011446443_lc_Q111111110111011101/kplr011446443-2009259160929_llc.fits,6d41c0b2a8784c922789c5ceb53258b795d7b220c6026ff514d86c81dde65e83,kplr011446443-2009259160929_llc.fits,Kepler,kplr011446443-2009259160929_llc.fits,LIGHTCURVE,1,216.68095825508499,d,TIMESYS=TDB;BJDREFI=2454833;BJDREFF=0.0,long,1765.4628859418881,FITS_TIMEDEL,402438.34375,16.785512924194336,405692.59375,17.044704437255859,0,5273,617.58369994800148,847.86505401747968,-0.00036958782584406435,0.0074661606922745705,2,,,,,KIC 11446443,Kepler,Kepler Photometer,822892 FluxExporter2PipelineModule,True,False,True,True,2308,6d41c0b2a8784c922789c5ceb53258b795d7b220c6026ff514d86c81dde65e83,tres_2_b:kplr011446443-2009259160929_llc.fits,0.034344929055493578,0.99787038564682007,4.1924369725165889e-05,PDCSAP_FLUX,405692.59375,17.044704437255859,406558.40625,out_of_transit_median,segment_normalized,tres_2_b-e8e81778b059cb9a,0.99787038564682007,4.1924369725165889e-05
TrES-2 b,TrES-2,tres_2_b,MAST,data/raw/mast/lightkurve/tres_2_b/kepler/mastDownload/Kepler/kplr011446443_lc_Q111111110111011101/kplr011446443-2009166043257_llc.fits,10bfca91bdd928deda2e638de7a27cdc940b879452408a96b5be6146944639e9,kplr011446443-2009166043257_llc.fits,Kepler,kplr011446443-2009166043257_llc.fits,LIGHTCURVE,1,137.62214000907261,d,TIMESYS=TDB;BJDREFI=2454833;BJDREFF=0.0,long,1765.4628859418881,FITS_TIMEDEL,399488.90625,16.644496917724609,402952.34375,17.02679443359375,0,1404,621.2070706336649,848.92372443651459,0.0007202702690847218,-0.016074763610959053,1,,,,,KIC 11446443,Kepler,Kepler Photometer,795945 FluxExporter2PipelineModule,True,False,True,True,299,10bfca91bdd928deda2e638de7a27cdc940b879452408a96b5be6146944639e9,tres_2_b:kplr011446443-2009166043257_llc.fits,0.035154747043105727,0.99815249443054199,4.2177038267254829e-05,PDCSAP_FLUX,402952.34375,17.02679443359375,403698.1875,out_of_transit_median,segment_normalized,tres_2_b-e8e81778b059cb9a,0.99815249443054199,4.2177038267254829e-05
TrES-2 b,TrES-2,tres_2_b,MAST,data/raw/mast/lightkurve/tres_2_b/kepler/mastDownload/Kepler/kplr011446443_lc_Q111111110111011101/kplr011446443-2009259160929_llc.fits,6d41c0b2a8784c922789c5ceb53258b795d7b220c6026ff514d86c81dde65e83,kplr011446443-2009259160929_llc.fits,Kepler,kplr011446443-2009259160929_llc.fits,LIGHTCURVE,1,246.32978509338136,d,TIMESYS=TDB;BJDREFI=2454833;BJDREFF=0.0,long,1765.4628859418881,FITS_TIMEDEL,402477.71875,16.783542633056641,405989.375,17.037904739379883,0,6724,617.55127899618844,847.97293869904865,-0.03084786981344223,0.120550736784935,2,,,,,KIC 11446443,Kepler,Kepler Photometer,822892 FluxExporter2PipelineModule,True,False,True,True,3759,6d41c0b2a8784c922789c5ceb53258b795d7b220c6026ff514d86c81dde65e83,tres_2_b:kplr011446443-2009259160929_llc.fits,0.035811243351868027,0.99860036373138428,4.1907642298610881e-05,PDCSAP_FLUX,405989.375,17.037904739379883,406558.40625,out_of_transit_median,segment_normalized,tres_2_b-e8e81778b059cb9a,0.99860036373138428,4.1907642298610881e-05
TrES-2 b,TrES-2,tres_2_b,MAST,data/raw/mast/lightkurve/tres_2_b/kepler/mastDownload/Kepler/kplr011446443_lc_Q111111110111011101/kplr011446443-2009259160929_llc.fits,6d41c0b2a8784c922789c5ceb53258b795d7b220c6026ff514d86c81dde65e83,kplr011446443-2009259160929_llc.fits,Kepler,kplr011446443-2009259160929_llc.fits,LIGHTCURVE,1,219.15341404616629,d,TIMESYS=TDB;BJDREFI=2454833;BJDREFF=0.0,long,1765.4628859418881,FITS_TIMEDEL,402677.21875,16.792491912841797,405958,17.051376342773438,0,5394,617.58642701616429,847.86861969266477,0.0021854354999959469,0.010930039919912815,2,,,,,KIC 11446443,Kepler,Kepler Photometer,822892 FluxExporter2PipelineModule,True,False,True,True,2429,6d41c0b2a8784c922789c5ceb53258b795d7b220c6026ff514d86c81dde65e83,tres_2_b:kplr011446443-2009259160929_llc.fits,0.036187343136795613,0.99852317571640015,4.1940780647564679e-05,PDCSAP_FLUX,405958,17.051376342773438,406558.40625,out_of_transit_median,segment_normalized,tres_2_b-e8e81778b059cb9a,0.99852317571640015,4.1940780647564679e-05
TrES-2 b,TrES-2,tres_2_b,MAST,data/raw/mast/lightkurve/tres_2_b/kepler/mastDownload/Kepler/kplr011446443_lc_Q111111110111011101/kplr011446443-2009166043257_llc.fits,10bfca91bdd928deda2e638de7a27cdc940b879452408a96b5be6146944639e9,kplr011446443-2009166043257_llc.fits,Kepler,kplr011446443-2009166043257_llc.fits,LIGHTCURVE,1,140.09467855165713,d,TIMESYS=TDB;BJDREFI=2454833;BJDREFF=0.0,long,1765.4628859418881,FITS_TIMEDEL,399615.5,16.649465560913086,403176.46875,17.030906677246094,0,1525,621.2061936964559,848.93002096060923,0.00037418899592012167,-0.011687613092362881,1,,,,,KIC 11446443,Kepler,Kepler Photometer,795945 FluxExporter2PipelineModule,True,False,True,True,420,10bfca91bdd928deda2e638de7a27cdc940b879452408a96b5be6146944639e9,tres_2_b:kplr011446443-2009166043257_llc.fits,0.037079912627622003,0.99870765209197998,4.2187224607914686e-05,PDCSAP_FLUX,403176.46875,17.030906677246094,403698.1875,out_of_transit_median,segment_normalized,tres_2_b-e8e81778b059cb9a,0.99870765209197998,4.2187224607914686e-05
TrES-2 b,TrES-2,tres_2_b,MAST,data/raw/mast/lightkurve/tres_2_b/kepler/mastDownload/Kepler/kplr011446443_lc_Q111111110111011101/kplr011446443-2009259160929_llc.fits,6d41c0b2a8784c922789c5ceb53258b795d7b220c6026ff514d86c81dde65e83,kplr011446443-2009259160929_llc.fits,Kepler,kplr011446443-2009259160929_llc.fits,LIGHTCURVE,1,248.80220385344728,d,TIMESYS=TDB;BJDREFI=2454833;BJDREFF=0.0,long,1765.4628859418881,FITS_TIMEDEL,402670.75,16.787036895751953,406177.375,17.04401969909668,0,6845,617.5535321464987,847.9758444969857,-0.028803803026676178,0.12395525723695755,2,,,,,KIC 11446443,Kepler,Kepler Photometer,822892 FluxExporter2PipelineModule,True,False,True,True,3880,6d41c0b2a8784c922789c5ceb53258b795d7b220c6026ff514d86c81dde65e83,tres_2_b:kplr011446443-2009259160929_llc.fits,0.037616626417788845,0.99906277656555176,4.1922685340978205e-05,PDCSAP_FLUX,406177.375,17.04401969909668,406558.40625,out_of_transit_median,segment_normalized,tres_2_b-e8e81778b059cb9a,0.99906277656555176,4.1922685340978205e-05
TrES-2 b,TrES-2,tres_2_b,MAST,data/raw/mast/lightkurve/tres_2_b/kepler/mastDownload/Kepler/kplr011446443_lc_Q111111110111011101/kplr011446443-2009259160929_llc.fits,6d41c0b2a8784c922789c5ceb53258b795d7b220c6026ff514d86c81dde65e83,kplr011446443-2009259160929_llc.fits,Kepler,kplr011446443-2009259160929_llc.fits,LIGHTCURVE,1,221.62586649531295,d,TIMESYS=TDB;BJDREFI=2454833;BJDREFF=0.0,long,1765.4628859418881,FITS_TIMEDEL,402859.125,16.795162200927734,406208,17.056062698364258,0,5515,617.58935276141142,847.87388529162376,0.0051493449136614799,0.016090227290987968,2,,,,,KIC 11446443,Kepler,Kepler Photometer,822892 FluxExporter2PipelineModule,True,False,True,True,2550,6d41c0b2a8784c922789c5ceb53258b795d7b220c6026ff514d86c81dde65e83,tres_2_b:kplr011446443-2009259160929_llc.fits,0.038026415283453963,0.99913811683654785,4.1952305764425546e-05,PDCSAP_FLUX,406208,17.056062698364258,406558.40625,out_of_transit_median,segment_normalized,tres_2_b-e8e81778b059cb9a,0.99913811683654785,4.1952305764425546e-05
TrES-2 b,TrES-2,tres_2_b,MAST,data/raw/mast/lightkurve/tres_2_b/kepler/mastDownload/Kepler/kplr011446443_lc_Q111111110111011101/kplr011446443-2009259160929_llc.fits,6d41c0b2a8784c922789c5ceb53258b795d7b220c6026ff514d86c81dde65e83,kplr011446443-2009259160929_llc.fits,Kepler,kplr011446443-2009259160929_llc.fits,LIGHTCURVE,1,194.4491452355287,d,TIMESYS=TDB;BJDREFI=2454833;BJDREFF=0.0,long,1765.4628859418881,FITS_TIMEDEL,402605.75,16.799781799316406,406160.125,17.057273864746094,0,4185,617.59382801206982,847.7707972438277,0.010003966279327869,-0.084074690937995911,2,,,,,KIC 11446443,Kepler,Kepler Photometer,822892 FluxExporter2PipelineModule,True,False,True,True,1220,6d41c0b2a8784c922789c5ceb53258b795d7b220c6026ff514d86c81dde65e83,tres_2_b:kplr011446443-2009259160929_llc.fits,0.038052302499207658,0.99902033805847168,4.1955285269068554e-05,PDCSAP_FLUX,406160.125,17.057273864746094,406558.40625,out_of_transit_median,segment_normalized,tres_2_b-e8e81778b059cb9a,0.99902033805847168,4.1955285269068554e-05
TrES-2 b,TrES-2,tres_2_b,MAST,data/raw/mast/lightkurve/tres_2_b/kepler/mastDownload/Kepler/kplr011446443_lc_Q111111110111011101/kplr011446443-2009166043257_llc.fits,10bfca91bdd928deda2e638de7a27cdc940b879452408a96b5be6146944639e9,kplr011446443-2009166043257_llc.fits,Kepler,kplr011446443-2009166043257_llc.fits,LIGHTCURVE,1,142.56721565872431,d,TIMESYS=TDB;BJDREFI=2454833;BJDREFF=0.0,long,1765.4628859418881,FITS_TIMEDEL,399622.4375,16.649419784545898,403339.5625,17.024091720581055,0,1646,621.20373824991725,848.93557776455214,-0.0010731832589954138,-0.0084647871553897858,1,,,,,KIC 11446443,Kepler,Kepler Photometer,795945 FluxExporter2PipelineModule,True,False,True,True,541,10bfca91bdd928deda2e638de7a27cdc940b879452408a96b5be6146944639e9,tres_2_b:kplr011446443-2009166043257_llc.fits,0.03900364269480483,0.99911165237426758,4.2170344386249781e-05,PDCSAP_FLUX,403339.5625,17.024091720581055,403698.1875,out_of_transit_median,segment_normalized,tres_2_b-e8e81778b059cb9a,0.99911165237426758,4.2170344386249781e-05
TrES-2 b,TrES-2,tres_2_b,MAST,data/raw/mast/lightkurve/tres_2_b/kepler/mastDownload/Kepler/kplr011446443_lc_Q111111110111011101/kplr011446443-2009259160929_llc.fits,6d41c0b2a8784c922789c5ceb53258b795d7b220c6026ff514d86c81dde65e83,kplr011446443-2009259160929_llc.fits,Kepler,kplr011446443-2009259160929_llc.fits,LIGHTCURVE,1,224.09831591370312,d,TIMESYS=TDB;BJDREFI=2454833;BJDREFF=0.0,long,1765.4628859418881,FITS_TIMEDEL,402968.78125,16.795743942260742,406339.71875,17.047506332397461,0,5636,617.5919529649683,847.87860143401201,0.0075692036189138889,0.020756261423230171,2,,,,,KIC 11446443,Kepler,Kepler Photometer,822892 FluxExporter2PipelineModule,True,False,True,True,2671,6d41c0b2a8784c922789c5ceb53258b795d7b220c6026ff514d86c81dde65e83,tres_2_b:kplr011446443-2009259160929_llc.fits,0.039862456673623869,0.99946212768554688,4.193126005702652e-05,PDCSAP_FLUX,406339.71875,17.047506332397461,406558.40625,out_of_transit_median,segment_normalized,tres_2_b-e8e81778b059cb9a,0.99946212768554688,4.193126005702652e-05
TrES-2 b,TrES-2,tres_2_b,MAST,data/raw/mast/lightkurve/tres_2_b/kepler/mastDownload/Kepler/kplr011446443_lc_Q111111110111011101/kplr011446443-2009259160929_llc.fits,6d41c0b2a8784c922789c5ceb53258b795d7b220c6026ff514d86c81dde65e83,kplr011446443-2009259160929_llc.fits,Kepler,kplr011446443-2009259160929_llc.fits,LIGHTCURVE,1,196.92162996920524,d,TIMESYS=TDB;BJDREFI=2454833;BJDREFF=0.0,long,1765.4628859418881,FITS_TIMEDEL,402779.34375,16.800918579101562,406333.84375,17.056880950927734,0,4306,617.59519921460537,847.77542839992941,0.011255006305873394,-0.079885393381118774,2,,,,,KIC 11446443,Kepler,Kepler Photometer,822892 FluxExporter2PipelineModule,True,False,True,True,1341,6d41c0b2a8784c922789c5ceb53258b795d7b220c6026ff514d86c81dde65e83,tres_2_b:kplr011446443-2009259160929_llc.fits,0.039923659175745696,0.99944764375686646,4.1954317566705868e-05,PDCSAP_FLUX,406333.84375,17.056880950927734,406558.40625,out_of_transit_median,segment_normalized,tres_2_b-e8e81778b059cb9a,0.99944764375686646,4.1954317566705868e-05
TrES-2 b,TrES-2,tres_2_b,MAST,data/raw/mast/lightkurve/tres_2_b/kepler/mastDownload/Kepler/kplr011446443_lc_Q111111110111011101/kplr011446443-2009166043257_llc.fits,10bfca91bdd928deda2e638de7a27cdc940b879452408a96b5be6146944639e9,kplr011446443-2009166043257_llc.fits,Kepler,kplr011446443-2009166043257_llc.fits,LIGHTCURVE,1,145.03975151735358,d,TIMESYS=TDB;BJDREFI=2454833;BJDREFF=0.0,long,1765.4628859418881,FITS_TIMEDEL,399673.25,16.651832580566406,403536.53125,17.031681060791016,0,1767,621.20203773370497,848.94224583494326,-0.0018149715615436435,-0.0044482555240392685,1,,,,,KIC 11446443,Kepler,Kepler Photometer,795945 FluxExporter2PipelineModule,True,False,True,True,662,10bfca91bdd928deda2e638de7a27cdc940b879452408a96b5be6146944639e9,tres_2_b:kplr011446443-2009166043257_llc.fits,0.040926124324076385,0.99959957599639893,4.2189145460724831e-05,PDCSAP_FLUX,403536.53125,17.031681060791016,403698.1875,out_of_transit_median,segment_normalized,tres_2_b-e8e81778b059cb9a,0.99959957599639893,4.2189145460724831e-05
TrES-2 b,TrES-2,tres_2_b,MAST,data/raw/mast/lightkurve/tres_2_b/kepler/mastDownload/Kepler/kplr011446443_lc_Q111111110111011101/kplr011446443-2009259160929_llc.fits,6d41c0b2a8784c922789c5ceb53258b795d7b220c6026ff514d86c81dde65e83,kplr011446443-2009259160929_llc.fits,Kepler,kplr011446443-2009259160929_llc.fits,LIGHTCURVE,1,253.74703292997583,d,TIMESYS=TDB;BJDREFI=2454833;BJDREFF=0.0,long,1765.4628859418881,FITS_TIMEDEL,402904.40625,16.792312622070312,406361.40625,17.041965484619141,0,7087,617.55648550258366,847.98320647934713,-0.026412751525640488,0.13302773237228394,2,,,,,KIC 11446443,Kepler,Kepler Photometer,822892 FluxExporter2PipelineModule,True,False,True,True,4122,6d41c0b2a8784c922789c5ceb53258b795d7b220c6026ff514d86c81dde65e83,tres_2_b:kplr011446443-2009259160929_llc.fits,0.041218948946338374,0.99951547384262085,4.1917632188415155e-05,PDCSAP_FLUX,406361.40625,17.041965484619141,406558.40625,out_of_transit_median,segment_normalized,tres_2_b-e8e81778b059cb9a,0.99951547384262085,4.1917632188415155e-05
TrES-2 b,TrES-2,tres_2_b,MAST,data/raw/mast/lightkurve/tres_2_b/kepler/mastDownload/Kepler/kplr011446443_lc_Q111111110111011101/kplr011446443-2009259160929_llc.fits,6d41c0b2a8784c922789c5ceb53258b795d7b220c6026ff514d86c81dde65e83,kplr011446443-2009259160929_llc.fits,Kepler,kplr011446443-2009259160929_llc.fits,LIGHTCURVE,1,172.2170845764922,d,TIMESYS=TDB;BJDREFI=2454833;BJDREFF=0.0,long,1765.4628859418881,FITS_TIMEDEL,403712.6875,16.821500778198242,406377.71875,17.070615768432617,0,3097,617.57741710400592,847.71912437841252,-0.0057484898716211319,-0.12709154188632965,2,,,,,KIC 11446443,Kepler,Kepler Photometer,822892 FluxExporter2PipelineModule,True,False,True,True,132,6d41c0b2a8784c922789c5ceb53258b795d7b220c6026ff514d86c81dde65e83,tres_2_b:kplr011446443-2009259160929_llc.fits,0.041512036462700186,0.99955558776855469,4.1988103475887328e-05,PDCSAP_FLUX,406377.71875,17.070615768432617,406558.40625,out_of_transit_median,segment_normalized,tres_2_b-e8e81778b059cb9a,0.99955558776855469,4.1988103475887328e-05
TrES-2 b,TrES-2,tres_2_b,MAST,data/raw/mast/lightkurve/tres_2_b/kepler/mastDownload/Kepler/kplr011446443_lc_Q111111110111011101/kplr011446443-2009259160929_llc.fits,6d41c0b2a8784c922789c5ceb53258b795d7b220c6026ff514d86c81dde65e83,kplr011446443-2009259160929_llc.fits,Kepler,kplr011446443-2009259160929_llc.fits,LIGHTCURVE,1,226.57076191739907,d,TIMESYS=TDB;BJDREFI=2454833;BJDREFF=0.0,long,1765.4628859418881,FITS_TIMEDEL,403027.21875,16.797672271728516,406443.875,17.048147201538086,0,5757,617.59510554539224,847.88153024113728,0.010470492765307426,0.023758435621857643,2,,,,,KIC 11446443,Kepler,Kepler Photometer,822892 FluxExporter2PipelineModule,True,False,True,True,2792,6d41c0b2a8784c922789c5ceb53258b795d7b220c6026ff514d86c81dde65e83,tres_2_b:kplr011446443-2009259160929_llc.fits,0.041695083369573949,0.9997183084487915,4.1932835301849991e-05,PDCSAP_FLUX,406443.875,17.048147201538086,406558.40625,out_of_transit_median,segment_normalized,tres_2_b-e8e81778b059cb9a,0.9997183084487915,4.1932835301849991e-05
TrES-2 b,TrES-2,tres_2_b,MAST,data/raw/mast/lightkurve/tres_2_b/kepler/mastDownload/Kepler/kplr011446443_lc_Q111111110111011101/kplr011446443-2009259160929_llc.fits,6d41c0b2a8784c922789c5ceb53258b795d7b220c6026ff514d86c81dde65e83,kplr011446443-2009259160929_llc.fits,Kepler,kplr011446443-2009259160929_llc.fits,LIGHTCURVE,1,199.39411137875868,d,TIMESYS=TDB;BJDREFI=2454833;BJDREFF=0.0,long,1765.4628859418881,FITS_TIMEDEL,402870,16.801422119140625,406433.125,17.060817718505859,0,4427,617.59666658138292,847.78058340032737,0.012560527771711349,-0.07504589855670929,2,,,,,KIC 11446443,Kepler,Kepler Photometer,822892 FluxExporter2PipelineModule,True,False,True,True,1462,6d41c0b2a8784c922789c5ceb53258b795d7b220c6026ff514d86c81dde65e83,tres_2_b:kplr011446443-2009259160929_llc.fits,0.041791691729184288,0.99969184398651123,4.1964001866290346e-05,PDCSAP_FLUX,406433.125,17.060817718505859,406558.40625,out_of_transit_median,segment_normalized,tres_2_b-e8e81778b059cb9a,0.99969184398651123,4.1964001866290346e-05
TrES-2 b,TrES-2,tres_2_b,MAST,data/raw/mast/lightkurve/tres_2_b/kepler/mastDownload/Kepler/kplr011446443_lc_Q111111110111011101/kplr011446443-2009166043257_llc.fits,10bfca91bdd928deda2e638de7a27cdc940b879452408a96b5be6146944639e9,kplr011446443-2009166043257_llc.fits,Kepler,kplr011446443-2009166043257_llc.fits,LIGHTCURVE,1,147.51228571683168,d,TIMESYS=TDB;BJDREFI=2454833;BJDREFF=0.0,long,1765.4628859418881,FITS_TIMEDEL,399612.0625,16.648712158203125,403624.53125,17.026227951049805,0,1888,621.20212811626777,848.9491507211128,-0.0007882471545599401,-3.0578197765862569e-05,1,,,,,KIC 11446443,Kepler,Kepler Photometer,795945 FluxExporter2PipelineModule,True,False,True,True,783,10bfca91bdd928deda2e638de7a27cdc940b879452408a96b5be6146944639e9,tres_2_b:kplr011446443-2009166043257_llc.fits,0.042846946802181263,0.99981755018234253,4.2175637645414099e-05,PDCSAP_FLUX,403624.53125,17.026227951049805,403698.1875,out_of_transit_median,segment_normalized,tres_2_b-e8e81778b059cb9a,0.99981755018234253,4.2175637645414099e-05
TrES-2 b,TrES-2,tres_2_b,MAST,data/raw/mast/lightkurve/tres_2_b/kepler/mastDownload/Kepler/kplr011446443_lc_Q111111110111011101/kplr011446443-2009259160929_llc.fits,6d41c0b2a8784c922789c5ceb53258b795d7b220c6026ff514d86c81dde65e83,kplr011446443-2009259160929_llc.fits,Kepler,kplr011446443-2009259160929_llc.fits,LIGHTCURVE,1,174.68959517870098,d,TIMESYS=TDB;BJDREFI=2454833;BJDREFF=0.0,long,1765.4628859418881,FITS_TIMEDEL,403560.375,16.819093704223633,406467.5,17.070714950561523,0,3218,617.58121225800653,847.72400732011249,-0.0018783605191856623,-0.12373079359531403,2,,,,,KIC 11446443,Kepler,Kepler Photometer,822892 FluxExporter2PipelineModule,True,False,True,True,253,6d41c0b2a8784c922789c5ceb53258b795d7b220c6026ff514d86c81dde65e83,tres_2_b:kplr011446443-2009259160929_llc.fits,0.043409261671486066,0.99977642297744751,4.1988347220467404e-05,PDCSAP_FLUX,406467.5,17.070714950561523,406558.40625,out_of_transit_median,segment_normalized,tres_2_b-e8e81778b059cb9a,0.99977642297744751,4.1988347220467404e-05
TrES-2 b,TrES-2,tres_2_b,MAST,data/raw/mast/lightkurve/tres_2_b/kepler/mastDownload/Kepler/kplr011446443_lc_Q111111110111011101/kplr011446443-2009259160929_llc.fits,6d41c0b2a8784c922789c5ceb53258b795d7b220c6026ff514d86c81dde65e83,kplr011446443-2009259160929_llc.fits,Kepler,kplr011446443-2009259160929_llc.fits,LIGHTCURVE,1,229.04320482735784,d,TIMESYS=TDB;BJDREFI=2454833;BJDREFF=0.0,long,1765.4628859418881,FITS_TIMEDEL,403042.96875,16.7969970703125,406511.9375,17.044155120849609,0,5878,617.59820878997311,847.88533247303531,0.013334611430764198,0.027365535497665405,2,,,,,KIC 11446443,Kepler,Kepler Photometer,822892 FluxExporter2PipelineModule,True,False,True,True,2913,6d41c0b2a8784c922789c5ceb53258b795d7b220c6026ff514d86c81dde65e83,tres_2_b:kplr011446443-2009259160929_llc.fits,0.043524616328346477,0.9998856782913208,4.1923016397049651e-05,PDCSAP_FLUX,406511.9375,17.044155120849609,406558.40625,out_of_transit_median,segment_normalized,tres_2_b-e8e81778b059cb9a,0.9998856782913208,4.1923016397049651e-05
TrES-2 b,TrES-2,tres_2_b,MAST,data/raw/mast/lightkurve/tres_2_b/kepler/mastDownload/Kepler/kplr011446443_lc_Q111111110111011101/kplr011446443-2009131105131_llc.fits,e1699c5dd0089c35d908b711b302f72ba974edc68e030dae3e9a65d5065f7d0c,kplr011446443-2009131105131_llc.fits,Kepler,kplr011446443-2009131105131_llc.fits,LIGHTCURVE,1,122.80732139834436,d,TIMESYS=TDB;BJDREFI=2454833;BJDREFF=0.0,long,1765.4628859418881,FITS_TIMEDEL,401330.96875,16.693214416503906,406262.625,16.985252380371094,0,679,621.21977512481692,848.89439437705551,0.0012211836874485016,-0.0034724522847682238,0,,,,,KIC 11446443,Kepler,Kepler Photometer,793548 FluxExporter2PipelineModule,True,False,True,True,111,e1699c5dd0089c35d908b711b302f72ba974edc68e030dae3e9a65d5065f7d0c,tres_2_b:kplr011446443-2009131105131_llc.fits,0.044016398314852268,1.0002260208129883,4.1818002500804141e-05,PDCSAP_FLUX,406262.625,16.985252380371094,406170.8125,out_of_transit_median,segment_normalized,tres_2_b-e8e81778b059cb9a,1.0002260208129883,4.1818002500804141e-05
TrES-2 b,TrES-2,tres_2_b,MAST,data/raw/mast/lightkurve/tres_2_b/kepler/mastDownload/Kepler/kplr011446443_lc_Q111111110111011101/kplr011446443-2009166043257_llc.fits,10bfca91bdd928deda2e638de7a27cdc940b879452408a96b5be6146944639e9,kplr011446443-2009166043257_llc.fits,Kepler,kplr011446443-2009166043257_llc.fits,LIGHTCURVE,1,149.98481824912596,d,TIMESYS=TDB;BJDREFI=2454833;BJDREFF=0.0,long,1765.4628859418881,FITS_TIMEDEL,399495.09375,16.647653579711914,403674.03125,17.020336151123047,0,2009,621.20177881697589,848.95428753605586,-0.00012268061982467771,0.0025469448883086443,1,,,,,KIC 11446443,Kepler,Kepler Photometer,795945 FluxExporter2PipelineModule,True,False,True,True,904,10bfca91bdd928deda2e638de7a27cdc940b879452408a96b5be6146944639e9,tres_2_b:kplr011446443-2009166043257_llc.fits,0.044766102096462257,0.99994015693664551,4.2161042074440047e-05,PDCSAP_FLUX,403674.03125,17.020336151123047,403698.1875,out_of_transit_median,segment_normalized,tres_2_b-e8e81778b059cb9a,0.99994015693664551,4.2161042074440047e-05
TrES-2 b,TrES-2,tres_2_b,MAST,data/raw/mast/lightkurve/tres_2_b/kepler/mastDownload/Kepler/kplr011446443_lc_Q111111110111011101/kplr011446443-2009259160929_llc.fits,6d41c0b2a8784c922789c5ceb53258b795d7b220c6026ff514d86c81dde65e83,kplr011446443-2009259160929_llc.fits,Kepler,kplr011446443-2009259160929_llc.fits,LIGHTCURVE,1,177.16210313083138,d,TIMESYS=TDB;BJDREFI=2454833;BJDREFF=0.0,long,1765.4628859418881,FITS_TIMEDEL,403470.65625,16.817445755004883,406553.5625,17.073308944702148,0,3339,617.58229137865465,847.73026773271579,-0.00073232047725468874,-0.11881009489297867,2,,,,,KIC 11446443,Kepler,Kepler Photometer,822892 FluxExporter2PipelineModule,True,False,True,True,374,6d41c0b2a8784c922789c5ceb53258b795d7b220c6026ff514d86c81dde65e83,tres_2_b:kplr011446443-2009259160929_llc.fits,0.045303836801885877,0.99998807907104492,4.1994724597316235e-05,PDCSAP_FLUX,406553.5625,17.073308944702148,406558.40625,out_of_transit_median,segment_normalized,tres_2_b-e8e81778b059cb9a,0.99998807907104492,4.1994724597316235e-05
TrES-2 b,TrES-2,tres_2_b,MAST,data/raw/mast/lightkurve/tres_2_b/kepler/mastDownload/Kepler/kplr011446443_lc_Q111111110111011101/kplr011446443-2009259160929_llc.fits,6d41c0b2a8784c922789c5ceb53258b795d7b220c6026ff514d86c81dde65e83,kplr011446443-2009259160929_llc.fits,Kepler,kplr011446443-2009259160929_llc.fits,LIGHTCURVE,1,204.33906480396399,d,TIMESYS=TDB;BJDREFI=2454833;BJDREFF=0.0,long,1765.4628859418881,FITS_TIMEDEL,403236.15625,16.801441192626953,406634,17.059375762939453,0,4669,617.57806225167167,847.8379238815445,-0.0051632504910230637,-0.01955157145857811,2,,,,,KIC 11446443,Kepler,Kepler Photometer,822892 FluxExporter2PipelineModule,True,False,True,True,1704,6d41c0b2a8784c922789c5ceb53258b795d7b220c6026ff514d86c81dde65e83,tres_2_b:kplr011446443-2009259160929_llc.fits,0.045518362934497292,1.0001859664916992,4.1960454836953431e-05,PDCSAP_FLUX,406634,17.059375762939453,406558.40625,out_of_transit_median,segment_normalized,tres_2_b-e8e81778b059cb9a,1.0001859664916992,4.1960454836953431e-05
TrES-2 b,TrES-2,tres_2_b,MAST,data/raw/mast/lightkurve/tres_2_b/kepler/mastDownload/Kepler/kplr011446443_lc_Q111111110111011101/kplr011446443-2009131105131_llc.fits,e1699c5dd0089c35d908b711b302f72ba974edc68e030dae3e9a65d5065f7d0c,kplr011446443-2009131105131_llc.fits,Kepler,kplr011446443-2009131105131_llc.fits,LIGHTCURVE,1,125.27986564213643,d,TIMESYS=TDB;BJDREFI=2454833;BJDREFF=0.0,long,1765.4628859418881,FITS_TIMEDEL,401211.28125,16.692230224609375,406077.90625,16.962928771972656,0,800,621.2179900065388,848.89926128933519,9.3897215265315026e-05,-0.00037496144068427384,0,,,,,KIC 11446443,Kepler,Kepler Photometer,793548 FluxExporter2PipelineModule,True,False,True,True,232,e1699c5dd0089c35d908b711b302f72ba974edc68e030dae3e9a65d5065f7d0c,tres_2_b:kplr011446443-2009131105131_llc.fits,0.045947265106924151,0.99977123737335205,4.1763043554965407e-05,PDCSAP_FLUX,406077.90625,16.962928771972656,406170.8125,out_of_transit_median,segment_normalized,tres_2_b-e8e81778b059cb9a,0.99977123737335205,4.1763043554965407e-05
TrES-2 b,TrES-2,tres_2_b,MAST,data/raw/mast/lightkurve/tres_2_b/kepler/mastDownload/Kepler/kplr011446443_lc_Q111111110111011101/kplr011446443-2009259160929_llc.fits,6d41c0b2a8784c922789c5ceb53258b795d7b220c6026ff514d86c81dde65e83,kplr011446443-2009259160929_llc.fits,Kepler,kplr011446443-2009259160929_llc.fits,LIGHTCURVE,1,179.63460856373422,d,TIMESYS=TDB;BJDREFI=2454833;BJDREFF=0.0,long,1765.4628859418881,FITS_TIMEDEL,403319.1875,16.812725067138672,406552.65625,17.067554473876953,0,3460,617.58357309991231,847.736023285128,0.00049537938321009278,-0.11449500173330307,2,,,,,KIC 11446443,Kepler,Kepler Photometer,822892 FluxExporter2PipelineModule,True,False,True,True,495,6d41c0b2a8784c922789c5ceb53258b795d7b220c6026ff514d86c81dde65e83,tres_2_b:kplr011446443-2009259160929_llc.fits,0.047195892704721354,0.99998587369918823,4.1980572859756649e-05,PDCSAP_FLUX,406552.65625,17.067554473876953,406558.40625,out_of_transit_median,segment_normalized,tres_2_b-e8e81778b059cb9a,0.99998587369918823,4.1980572859756649e-05
TrES-2 b,TrES-2,tres_2_b,MAST,data/raw/mast/lightkurve/tres_2_b/kepler/mastDownload/Kepler/kplr011446443_lc_Q111111110111011101/kplr011446443-2009259160929_llc.fits,6d41c0b2a8784c922789c5ceb53258b795d7b220c6026ff514d86c81dde65e83,kplr011446443-2009259160929_llc.fits,Kepler,kplr011446443-2009259160929_llc.fits,LIGHTCURVE,1,206.81153686979087,d,TIMESYS=TDB;BJDREFI=2454833;BJDREFF=0.0,long,1765.4628859418881,FITS_TIMEDEL,403188.28125,16.804258346557617,406562.96875,17.063079833984375,0,4790,617.57941978796794,847.8440772453722,-0.0038947730790823698,-0.013487502932548523,2,,,,,KIC 11446443,Kepler,Kepler Photometer,822892 FluxExporter2PipelineModule,True,False,True,True,1825,6d41c0b2a8784c922789c5ceb53258b795d7b220c6026ff514d86c81dde65e83,tres_2_b:kplr011446443-2009259160929_llc.fits,0.047377051761375411,1.0000112056732178,4.1969564335886389e-05,PDCSAP_FLUX,406562.96875,17.063079833984375,406558.40625,out_of_transit_median,segment_normalized,tres_2_b-e8e81778b059cb9a,1.0000112056732178,4.1969564335886389e-05
TrES-2 b,TrES-2,tres_2_b,MAST,data/raw/mast/lightkurve/tres_2_b/kepler/mastDownload/Kepler/kplr011446443_lc_Q111111110111011101/kplr011446443-2009131105131_llc.fits,e1699c5dd0089c35d908b711b302f72ba974edc68e030dae3e9a65d5065f7d0c,kplr011446443-2009131105131_llc.fits,Kepler,kplr011446443-2009131105131_llc.fits,LIGHTCURVE,1,127.75240907625994,d,TIMESYS=TDB;BJDREFI=2454833;BJDREFF=0.0,long,1765.4628859418881,FITS_TIMEDEL,401187.4375,16.694459915161133,406219.3125,16.972234725952148,0,921,621.21541169959198,848.9032774215425,-0.0017581619322299957,0.0017284363275393844,0,,,,,KIC 11446443,Kepler,Kepler Photometer,793548 FluxExporter2PipelineModule,True,False,True,True,353,e1699c5dd0089c35d908b711b302f72ba974edc68e030dae3e9a65d5065f7d0c,tres_2_b:kplr011446443-2009131105131_llc.fits,0.04787732223043295,1.0001194477081299,4.1785951907513663e-05,PDCSAP_FLUX,406219.3125,16.972234725952148,406170.8125,out_of_transit_median,segment_normalized,tres_2_b-e8e81778b059cb9a,1.0001194477081299,4.1785951907513663e-05
TrES-2 b,TrES-2,tres_2_b,MAST,data/raw/mast/lightkurve/tres_2_b/kepler/mastDownload/Kepler/kplr011446443_lc_Q111111110111011101/kplr011446443-2009166043257_llc.fits,10bfca91bdd928deda2e638de7a27cdc940b879452408a96b5be6146944639e9,kplr011446443-2009166043257_llc.fits,Kepler,kplr011446443-2009166043257_llc.fits,LIGHTCURVE,1,154.92987799423281,d,TIMESYS=TDB;BJDREFI=2454833;BJDREFF=0.0,long,1765.4628859418881,FITS_TIMEDEL,399226.71875,16.646089553833008,403728.03125,17.018583297729492,0,2251,621.20210745034296,848.96769074908286,0.0020818393677473068,0.010903164744377136,1,,,,,KIC 11446443,Kepler,Kepler Photometer,795945 FluxExporter2PipelineModule,True,False,True,True,1146,10bfca91bdd928deda2e638de7a27cdc940b879452408a96b5be6146944639e9,tres_2_b:kplr011446443-2009166043257_llc.fits,0.048599093203312238,1.0000739097595215,4.215669832774438e-05,PDCSAP_FLUX,403728.03125,17.018583297729492,403698.1875,out_of_transit_median,segment_normalized,tres_2_b-e8e81778b059cb9a,1.0000739097595215,4.215669832774438e-05
TrES-2 b,TrES-2,tres_2_b,MAST,data/raw/mast/lightkurve/tres_2_b/kepler/mastDownload/Kepler/kplr011446443_lc_Q111111110111011101/kplr011446443-2009259160929_llc.fits,6d41c0b2a8784c922789c5ceb53258b795d7b220c6026ff514d86c81dde65e83,kplr011446443-2009259160929_llc.fits,Kepler,kplr011446443-2009259160929_llc.fits,LIGHTCURVE,1,209.28400561230956,d,TIMESYS=TDB;BJDREFI=2454833;BJDREFF=0.0,long,1765.4628859418881,FITS_TIMEDEL,403207.78125,16.805444717407227,406554.34375,17.065475463867188,0,4911,617.5808341584127,847.84923689339337,-0.0026861417572945356,-0.008382764644920826,2,,,,,KIC 11446443,Kepler,Kepler Photometer,822892 FluxExporter2PipelineModule,True,False,True,True,1946,6d41c0b2a8784c922789c5ceb53258b795d7b220c6026ff514d86c81dde65e83,tres_2_b:kplr011446443-2009259160929_llc.fits,0.049232417280061336,0.99998998641967773,4.1975457861553878e-05,PDCSAP_FLUX,406554.34375,17.065475463867188,406558.40625,out_of_transit_median,segment_normalized,tres_2_b-e8e81778b059cb9a,0.99998998641967773,4.1975457861553878e-05
TrES-2 b,TrES-2,tres_2_b,MAST,data/raw/mast/lightkurve/tres_2_b/kepler/mastDownload/Kepler/kplr011446443_lc_Q111111110111011101/kplr011446443-2009166043257_llc.fits,10bfca91bdd928deda2e638de7a27cdc940b879452408a96b5be6146944639e9,kplr011446443-2009166043257_llc.fits,Kepler,kplr011446443-2009166043257_llc.fits,LIGHTCURVE,1,157.40240490552969,d,TIMESYS=TDB;BJDREFI=2454833;BJDREFF=0.0,long,1765.4628859418881,FITS_TIMEDEL,399048.625,16.640579223632812,403718.3125,17.017070770263672,0,2372,621.19884092447364,848.97648849132929,8.8549219071865082e-05,0.017027111724019051,1,,,,,KIC 11446443,Kepler,Kepler Photometer,795945 FluxExporter2PipelineModule,True,False,True,True,1267,10bfca91bdd928deda2e638de7a27cdc940b879452408a96b5be6146944639e9,tres_2_b:kplr011446443-2009166043257_llc.fits,0.05051262750019414,1.0000498294830322,4.2152954847551882e-05,PDCSAP_FLUX,403718.3125,17.017070770263672,403698.1875,out_of_transit_median,segment_normalized,tres_2_b-e8e81778b059cb9a,1.0000498294830322,4.2152954847551882e-05
TrES-2 b,TrES-2,tres_2_b,MAST,data/raw/mast/lightkurve/tres_2_b/kepler/mastDownload/Kepler/kplr011446443_lc_Q111111110111011101/kplr011446443-2009259160929_llc.fits,6d41c0b2a8784c922789c5ceb53258b795d7b220c6026ff514d86c81dde65e83,kplr011446443-2009259160929_llc.fits,Kepler,kplr011446443-2009259160929_llc.fits,LIGHTCURVE,1,238.93294503051584,d,TIMESYS=TDB;BJDREFI=2454833;BJDREFF=0.0,long,1765.4628859418881,FITS_TIMEDEL,402962.28125,16.793529510498047,406503.5625,17.049280166625977,0,6362,617.58538882623441,847.91793429490087,0.0013081791112199426,0.060411535203456879,2,,,,,KIC 11446443,Kepler,Kepler Photometer,822892 FluxExporter2PipelineModule,True,False,True,True,3397,6d41c0b2a8784c922789c5ceb53258b795d7b220c6026ff514d86c81dde65e83,tres_2_b:kplr011446443-2009259160929_llc.fits,0.050811311486345767,0.99986511468887329,4.1935621993616223e-05,PDCSAP_FLUX,406503.5625,17.049280166625977,406558.40625,out_of_transit_median,segment_normalized,tres_2_b-e8e81778b059cb9a,0.99986511468887329,4.1935621993616223e-05
TrES-2 b,TrES-2,tres_2_b,MAST,data/raw/mast/lightkurve/tres_2_b/kepler/mastDownload/Kepler/kplr011446443_lc_Q111111110111011101/kplr011446443-2009259160929_llc.fits,6d41c0b2a8784c922789c5ceb53258b795d7b220c6026ff514d86c81dde65e83,kplr011446443-2009259160929_llc.fits,Kepler,kplr011446443-2009259160929_llc.fits,LIGHTCURVE,1,184.57961021736264,d,TIMESYS=TDB;BJDREFI=2454833;BJDREFF=0.0,long,1765.4628859418881,FITS_TIMEDEL,404265.5,16.829944610595703,406591.5625,17.049566268920898,0,3702,617.57896717746644,847.74663634749618,-0.003815856296569109,-0.10135793685913086,2,,,,,KIC 11446443,Kepler,Kepler Photometer,822892 FluxExporter2PipelineModule,True,False,True,True,737,6d41c0b2a8784c922789c5ceb53258b795d7b220c6026ff514d86c81dde65e83,tres_2_b:kplr011446443-2009259160929_llc.fits,0.050970792333145498,1.0000815391540527,4.1936327761504799e-05,PDCSAP_FLUX,406591.5625,17.049566268920898,406558.40625,out_of_transit_median,segment_normalized,tres_2_b-e8e81778b059cb9a,1.0000815391540527,4.1936327761504799e-05
TrES-2 b,TrES-2,tres_2_b,MAST,data/raw/mast/lightkurve/tres_2_b/kepler/mastDownload/Kepler/kplr011446443_lc_Q111111110111011101/kplr011446443-2009259160929_llc.fits,6d41c0b2a8784c922789c5ceb53258b795d7b220c6026ff514d86c81dde65e83,kplr011446443-2009259160929_llc.fits,Kepler,kplr011446443-2009259160929_llc.fits,LIGHTCURVE,1,211.75647101801587,d,TIMESYS=TDB;BJDREFI=2454833;BJDREFF=0.0,long,1765.4628859418881,FITS_TIMEDEL,403275.1875,16.803487777709961,406591.71875,17.064884185791016,0,5032,617.5825316351752,847.85318051051047,-0.0012393954675644636,-0.0043377471156418324,2,,,,,KIC 11446443,Kepler,Kepler Photometer,822892 FluxExporter2PipelineModule,True,False,True,True,2067,6d41c0b2a8784c922789c5ceb53258b795d7b220c6026ff514d86c81dde65e83,tres_2_b:kplr011446443-2009259160929_llc.fits,0.051084445986377736,1.0000818967819214,4.1974002670031041e-05,PDCSAP_FLUX,406591.71875,17.064884185791016,406558.40625,out_of_transit_median,segment_normalized,tres_2_b-e8e81778b059cb9a,1.0000818967819214,4.1974002670031041e-05
TrES-2 b,TrES-2,tres_2_b,MAST,data/raw/mast/lightkurve/tres_2_b/kepler/mastDownload/Kepler/kplr011446443_lc_Q111111110111011101/kplr011446443-2009166043257_llc.fits,10bfca91bdd928deda2e638de7a27cdc940b879452408a96b5be6146944639e9,kplr011446443-2009166043257_llc.fits,Kepler,kplr011446443-2009166043257_llc.fits,LIGHTCURVE,1,132.69749351224164,d,TIMESYS=TDB;BJDREFI=2454833;BJDREFF=0.0,long,1765.4628859418881,FITS_TIMEDEL,400420.0625,16.666566848754883,403724.90625,17.026792526245117,0,1163,621.21124940974607,848.91414279102844,0.0039843712002038956,-0.022092210128903389,1,,,,,KIC 11446443,Kepler,Kepler Photometer,795945 FluxExporter2PipelineModule,True,False,True,True,58,10bfca91bdd928deda2e638de7a27cdc940b879452408a96b5be6146944639e9,tres_2_b:kplr011446443-2009166043257_llc.fits,0.051735004212131619,1.0000661611557007,4.2177034629276022e-05,PDCSAP_FLUX,403724.90625,17.026792526245117,403698.1875,out_of_transit_median,segment_normalized,tres_2_b-e8e81778b059cb9a,1.0000661611557007,4.2177034629276022e-05
TrES-2 b,TrES-2,tres_2_b,MAST,data/raw/mast/lightkurve/tres_2_b/kepler/mastDownload/Kepler/kplr011446443_lc_Q111111110111011101/kplr011446443-2009166043257_llc.fits,10bfca91bdd928deda2e638de7a27cdc940b879452408a96b5be6146944639e9,kplr011446443-2009166043257_llc.fits,Kepler,kplr011446443-2009166043257_llc.fits,LIGHTCURVE,1,159.87492974672932,d,TIMESYS=TDB;BJDREFI=2454833;BJDREFF=0.0,long,1765.4628859418881,FITS_TIMEDEL,398899.34375,16.63804817199707,403705.96875,17.021120071411133,0,2493,621.19867097993688,848.98273744492474,0.00091045646695420146,0.021211851388216019,1,,,,,KIC 11446443,Kepler,Kepler Photometer,795945 FluxExporter2PipelineModule,True,False,True,True,1388,10bfca91bdd928deda2e638de7a27cdc940b879452408a96b5be6146944639e9,tres_2_b:kplr011446443-2009166043257_llc.fits,0.052424091699823316,1.0000193119049072,4.2162984755123034e-05,PDCSAP_FLUX,403705.96875,17.021120071411133,403698.1875,out_of_transit_median,segment_normalized,tres_2_b-e8e81778b059cb9a,1.0000193119049072,4.2162984755123034e-05
TrES-2 b,TrES-2,tres_2_b,MAST,data/raw/mast/lightkurve/tres_2_b/kepler/mastDownload/Kepler/kplr011446443_lc_Q111111110111011101/kplr011446443-2009259160929_llc.fits,6d41c0b2a8784c922789c5ceb53258b795d7b220c6026ff514d86c81dde65e83,kplr011446443-2009259160929_llc.fits,Kepler,kplr011446443-2009259160929_llc.fits,LIGHTCURVE,1,241.4053723674806,d,TIMESYS=TDB;BJDREFI=2454833;BJDREFF=0.0,long,1765.4628859418881,FITS_TIMEDEL,402933.4375,16.79511833190918,406492.375,17.04779052734375,0,6483,617.5882784477426,847.92181575721759,0.0039489977061748505,0.064418531954288483,2,,,,,KIC 11446443,Kepler,Kepler Photometer,822892 FluxExporter2PipelineModule,True,False,True,True,3518,6d41c0b2a8784c922789c5ceb53258b795d7b220c6026ff514d86c81dde65e83,tres_2_b:kplr011446443-2009259160929_llc.fits,0.052625271451102185,0.99983757734298706,4.1931958548957482e-05,PDCSAP_FLUX,406492.375,17.04779052734375,406558.40625,out_of_transit_median,segment_normalized,tres_2_b-e8e81778b059cb9a,0.99983757734298706,4.1931958548957482e-05
TrES-2 b,TrES-2,tres_2_b,MAST,data/raw/mast/lightkurve/tres_2_b/kepler/mastDownload/Kepler/kplr011446443_lc_Q111111110111011101/kplr011446443-2009259160929_llc.fits,6d41c0b2a8784c922789c5ceb53258b795d7b220c6026ff514d86c81dde65e83,kplr011446443-2009259160929_llc.fits,Kepler,kplr011446443-2009259160929_llc.fits,LIGHTCURVE,1,187.05210692004766,d,TIMESYS=TDB;BJDREFI=2454833;BJDREFF=0.0,long,1765.4628859418881,FITS_TIMEDEL,403272.09375,16.813381195068359,406568.90625,17.06852912902832,0,3823,617.58829431309289,847.7535430457807,0.0048810839653015137,-0.09913189709186554,2,,,,,KIC 11446443,Kepler,Kepler Photometer,822892 FluxExporter2PipelineModule,True,False,True,True,858,6d41c0b2a8784c922789c5ceb53258b795d7b220c6026ff514d86c81dde65e83,tres_2_b:kplr011446443-2009259160929_llc.fits,0.052854118018166529,1.0000258684158325,4.1982970287790522e-05,PDCSAP_FLUX,406568.90625,17.06852912902832,406558.40625,out_of_transit_median,segment_normalized,tres_2_b-e8e81778b059cb9a,1.0000258684158325,4.1982970287790522e-05
TrES-2 b,TrES-2,tres_2_b,MAST,data/raw/mast/lightkurve/tres_2_b/kepler/mastDownload/Kepler/kplr011446443_lc_Q111111110111011101/kplr011446443-2009259160929_llc.fits,6d41c0b2a8784c922789c5ceb53258b795d7b220c6026ff514d86c81dde65e83,kplr011446443-2009259160929_llc.fits,Kepler,kplr011446443-2009259160929_llc.fits,LIGHTCURVE,1,214.22893267876498,d,TIMESYS=TDB;BJDREFI=2454833;BJDREFF=0.0,long,1765.4628859418881,FITS_TIMEDEL,403262.15625,16.801778793334961,406545.6875,17.06104850769043,0,5153,617.58369367906823,847.85857931429439,-0.00015412217180710286,0.0010471207788214087,2,,,,,KIC 11446443,Kepler,Kepler Photometer,822892 FluxExporter2PipelineModule,True,False,True,True,2188,6d41c0b2a8784c922789c5ceb53258b795d7b220c6026ff514d86c81dde65e83,tres_2_b:kplr011446443-2009259160929_llc.fits,0.052932729735482242,0.99996870756149292,4.1964569390984252e-05,PDCSAP_FLUX,406545.6875,17.06104850769043,406558.40625,out_of_transit_median,segment_normalized,tres_2_b-e8e81778b059cb9a,0.99996870756149292,4.1964569390984252e-05
TrES-2 b,TrES-2,tres_2_b,MAST,data/raw/mast/lightkurve/tres_2_b/kepler/mastDownload/Kepler/kplr011446443_lc_Q111111110111011101/kplr011446443-2009166043257_llc.fits,10bfca91bdd928deda2e638de7a27cdc940b879452408a96b5be6146944639e9,kplr011446443-2009166043257_llc.fits,Kepler,kplr011446443-2009166043257_llc.fits,LIGHTCURVE,1,135.17003446765011,d,TIMESYS=TDB;BJDREFI=2454833;BJDREFF=0.0,long,1765.4628859418881,FITS_TIMEDEL,400300.9375,16.66328239440918,403700.28125,17.046907424926758,0,1284,621.20890547359545,848.91883587798122,0.002091285539790988,-0.019203202798962593,1,,,,,KIC 11446443,Kepler,Kepler Photometer,795945 FluxExporter2PipelineModule,True,False,True,True,179,10bfca91bdd928deda2e638de7a27cdc940b879452408a96b5be6146944639e9,tres_2_b:kplr011446443-2009166043257_llc.fits,0.053662582620608079,1.0000052452087402,4.222686038701795e-05,PDCSAP_FLUX,403700.28125,17.046907424926758,403698.1875,out_of_transit_median,segment_normalized,tres_2_b-e8e81778b059cb9a,1.0000052452087402,4.222686038701795e-05
TrES-2 b,TrES-2,tres_2_b,MAST,data/raw/mast/lightkurve/tres_2_b/kepler/mastDownload/Kepler/kplr011446443_lc_Q111111110111011101/kplr011446443-2009166043257_llc.fits,10bfca91bdd928deda2e638de7a27cdc940b879452408a96b5be6146944639e9,kplr011446443-2009166043257_llc.fits,Kepler,kplr011446443-2009166043257_llc.fits,LIGHTCURVE,1,162.34745242446661,d,TIMESYS=TDB;BJDREFI=2454833;BJDREFF=0.0,long,1765.4628859418881,FITS_TIMEDEL,398748.21875,16.638725280761719,403702.65625,17.005832672119141,0,2614,621.19727200486409,848.9923302329471,0.00071377865970134735,0.028319858014583588,1,,,,,KIC 11446443,Kepler,Kepler Photometer,795945 FluxExporter2PipelineModule,True,False,True,True,1509,10bfca91bdd928deda2e638de7a27cdc940b879452408a96b5be6146944639e9,tres_2_b:kplr011446443-2009166043257_llc.fits,0.054333392437111661,1.0000110864639282,4.2125117033720016e-05,PDCSAP_FLUX,403702.65625,17.005832672119141,403698.1875,out_of_transit_median,segment_normalized,tres_2_b-e8e81778b059cb9a,1.0000110864639282,4.2125117033720016e-05
TrES-2 b,TrES-2,tres_2_b,MAST,data/raw/mast/lightkurve/tres_2_b/kepler/mastDownload/Kepler/kplr011446443_lc_Q111111110111011101/kplr011446443-2009259160929_llc.fits,6d41c0b2a8784c922789c5ceb53258b795d7b220c6026ff514d86c81dde65e83,kplr011446443-2009259160929_llc.fits,Kepler,kplr011446443-2009259160929_llc.fits,LIGHTCURVE,1,243.87779684516863,d,TIMESYS=TDB;BJDREFI=2454833;BJDREFF=0.0,long,1765.4628859418881,FITS_TIMEDEL,402915.4375,16.793472290039062,406497.4375,17.038442611694336,0,6604,617.59130824037493,847.92440431463854,0.0067690769210457802,0.067164883017539978,2,,,,,KIC 11446443,Kepler,Kepler Photometer,822892 FluxExporter2PipelineModule,True,False,True,True,3639,6d41c0b2a8784c922789c5ceb53258b795d7b220c6026ff514d86c81dde65e83,tres_2_b:kplr011446443-2009259160929_llc.fits,0.054436372139139211,0.99985003471374512,4.1908966522896662e-05,PDCSAP_FLUX,406497.4375,17.038442611694336,406558.40625,out_of_transit_median,segment_normalized,tres_2_b-e8e81778b059cb9a,0.99985003471374512,4.1908966522896662e-05
TrES-2 b,TrES-2,tres_2_b,MAST,data/raw/mast/lightkurve/tres_2_b/kepler/mastDownload/Kepler/kplr011446443_lc_Q111111110111011101/kplr011446443-2009259160929_llc.fits,6d41c0b2a8784c922789c5ceb53258b795d7b220c6026ff514d86c81dde65e83,kplr011446443-2009259160929_llc.fits,Kepler,kplr011446443-2009259160929_llc.fits,LIGHTCURVE,1,189.52460066787899,d,TIMESYS=TDB;BJDREFI=2454833;BJDREFF=0.0,long,1765.4628859418881,FITS_TIMEDEL,403073.34375,16.809234619140625,406562.34375,17.063104629516602,0,3944,617.59078665247443,847.75968159877732,0.0072084111161530018,-0.094110041856765747,2,,,,,KIC 11446443,Kepler,Kepler Photometer,822892 FluxExporter2PipelineModule,True,False,True,True,979,6d41c0b2a8784c922789c5ceb53258b795d7b220c6026ff514d86c81dde65e83,tres_2_b:kplr011446443-2009259160929_llc.fits,0.054734488849488949,1.0000096559524536,4.196962618152611e-05,PDCSAP_FLUX,406562.34375,17.063104629516602,406558.40625,out_of_transit_median,segment_normalized,tres_2_b-e8e81778b059cb9a,1.0000096559524536,4.196962618152611e-05
TrES-2 b,TrES-2,tres_2_b,MAST,data/raw/mast/lightkurve/tres_2_b/kepler/mastDownload/Kepler/kplr011446443_lc_Q111111110111011101/kplr011446443-2009259160929_llc.fits,6d41c0b2a8784c922789c5ceb53258b795d7b220c6026ff514d86c81dde65e83,kplr011446443-2009259160929_llc.fits,Kepler,kplr011446443-2009259160929_llc.fits,LIGHTCURVE,1,216.70139179059333,d,TIMESYS=TDB;BJDREFI=2454833;BJDREFF=0.0,long,1765.4628859418881,FITS_TIMEDEL,403300.1875,16.803413391113281,406572.3125,17.064014434814453,0,5274,617.58384143789749,847.86474001601573,-0.00019552063895389438,0.0072610187344253063,2,,,,,KIC 11446443,Kepler,Kepler Photometer,822892 FluxExporter2PipelineModule,True,False,True,True,2309,6d41c0b2a8784c922789c5ceb53258b795d7b220c6026ff514d86c81dde65e83,tres_2_b:kplr011446443-2009259160929_llc.fits,0.054778464563839391,1.0000342130661011,4.1971863538492471e-05,PDCSAP_FLUX,406572.3125,17.064014434814453,406558.40625,out_of_transit_median,segment_normalized,tres_2_b-e8e81778b059cb9a,1.0000342130661011,4.1971863538492471e-05
TrES-2 b,TrES-2,tres_2_b,MAST,data/raw/mast/lightkurve/tres_2_b/kepler/mastDownload/Kepler/kplr011446443_lc_Q111111110111011101/kplr011446443-2009166043257_llc.fits,10bfca91bdd928deda2e638de7a27cdc940b879452408a96b5be6146944639e9,kplr011446443-2009166043257_llc.fits,Kepler,kplr011446443-2009166043257_llc.fits,LIGHTCURVE,1,137.6425742203719,d,TIMESYS=TDB;BJDREFI=2454833;BJDREFF=0.0,long,1765.4628859418881,FITS_TIMEDEL,400205.71875,16.662418365478516,403681.59375,17.050504684448242,0,1405,621.20733242243273,848.92339791488598,0.00091951718786731362,-0.01635180227458477,1,,,,,KIC 11446443,Kepler,Kepler Photometer,795945 FluxExporter2PipelineModule,True,False,True,True,300,10bfca91bdd928deda2e638de7a27cdc940b879452408a96b5be6146944639e9,tres_2_b:kplr011446443-2009166043257_llc.fits,0.055588958342394745,0.99995887279510498,4.2235773435095325e-05,PDCSAP_FLUX,403681.59375,17.050504684448242,403698.1875,out_of_transit_median,segment_normalized,tres_2_b-e8e81778b059cb9a,0.99995887279510498,4.2235773435095325e-05
TrES-2 b,TrES-2,tres_2_b,MAST,data/raw/mast/lightkurve/tres_2_b/kepler/mastDownload/Kepler/kplr011446443_lc_Q111111110111011101/kplr011446443-2009259160929_llc.fits,6d41c0b2a8784c922789c5ceb53258b795d7b220c6026ff514d86c81dde65e83,kplr011446443-2009259160929_llc.fits,Kepler,kplr011446443-2009259160929_llc.fits,LIGHTCURVE,1,246.35021842108108,d,TIMESYS=TDB;BJDREFI=2454833;BJDREFF=0.0,long,1765.4628859418881,FITS_TIMEDEL,403122.625,16.795103073120117,406645.71875,17.051948547363281,0,6725,617.55077907240695,847.97267364920822,-0.031282316893339157,0.12030372023582458,2,,,,,KIC 11446443,Kepler,Kepler Photometer,822892 FluxExporter2PipelineModule,True,False,True,True,3760,6d41c0b2a8784c922789c5ceb53258b795d7b220c6026ff514d86c81dde65e83,tres_2_b:kplr011446443-2009259160929_llc.fits,0.056244571051588421,1.0002148151397705,4.1942184907384217e-05,PDCSAP_FLUX,406645.71875,17.051948547363281,406558.40625,out_of_transit_median,segment_normalized,tres_2_b-e8e81778b059cb9a,1.0002148151397705,4.1942184907384217e-05
TrES-2 b,TrES-2,tres_2_b,MAST,data/raw/mast/lightkurve/tres_2_b/kepler/mastDownload/Kepler/kplr011446443_lc_Q111111110111011101/kplr011446443-2009259160929_llc.fits,6d41c0b2a8784c922789c5ceb53258b795d7b220c6026ff514d86c81dde65e83,kplr011446443-2009259160929_llc.fits,Kepler,kplr011446443-2009259160929_llc.fits,LIGHTCURVE,1,191.99709141242784,d,TIMESYS=TDB;BJDREFI=2454833;BJDREFF=0.0,long,1765.4628859418881,FITS_TIMEDEL,403021.9375,16.805953979492188,406556.28125,17.061916351318359,0,4065,617.59184005617271,847.76631170895064,0.0080520361661911011,-0.08819609135389328,2,,,,,KIC 11446443,Kepler,Kepler Photometer,822892 FluxExporter2PipelineModule,True,False,True,True,1100,6d41c0b2a8784c922789c5ceb53258b795d7b220c6026ff514d86c81dde65e83,tres_2_b:kplr011446443-2009259160929_llc.fits,0.056611856398338878,0.99999475479125977,4.1966704884544015e-05,PDCSAP_FLUX,406556.28125,17.061916351318359,406558.40625,out_of_transit_median,segment_normalized,tres_2_b-e8e81778b059cb9a,0.99999475479125977,4.1966704884544015e-05
TrES-2 b,TrES-2,tres_2_b,MAST,data/raw/mast/lightkurve/tres_2_b/kepler/mastDownload/Kepler/kplr011446443_lc_Q111111110111011101/kplr011446443-2009259160929_llc.fits,6d41c0b2a8784c922789c5ceb53258b795d7b220c6026ff514d86c81dde65e83,kplr011446443-2009259160929_llc.fits,Kepler,kplr011446443-2009259160929_llc.fits,LIGHTCURVE,1,219.17384745489835,d,TIMESYS=TDB;BJDREFI=2454833;BJDREFF=0.0,long,1765.4628859418881,FITS_TIMEDEL,403293.96875,16.803651809692383,406588.09375,17.062227249145508,0,5395,617.58661612894025,847.86854536582609,0.0025298637337982655,0.010866472497582436,2,,,,,KIC 11446443,Kepler,Kepler Photometer,822892 FluxExporter2PipelineModule,True,False,True,True,2430,6d41c0b2a8784c922789c5ceb53258b795d7b220c6026ff514d86c81dde65e83,tres_2_b:kplr011446443-2009259160929_llc.fits,0.056620751868855956,1.0000730752944946,4.1967468860093504e-05,PDCSAP_FLUX,406588.09375,17.062227249145508,406558.40625,out_of_transit_median,segment_normalized,tres_2_b-e8e81778b059cb9a,1.0000730752944946,4.1967468860093504e-05
TrES-2 b,TrES-2,tres_2_b,MAST,data/raw/mast/lightkurve/tres_2_b/kepler/mastDownload/Kepler/kplr011446443_lc_Q111111110111011101/kplr011446443-2009166043257_llc.fits,10bfca91bdd928deda2e638de7a27cdc940b879452408a96b5be6146944639e9,kplr011446443-2009166043257_llc.fits,Kepler,kplr011446443-2009166043257_llc.fits,LIGHTCURVE,1,140.11511275236262,d,TIMESYS=TDB;BJDREFI=2454833;BJDREFF=0.0,long,1765.4628859418881,FITS_TIMEDEL,400154.40625,16.660030364990234,403735.84375,17.047430038452148,0,1526,621.20599770186539,848.93012322171853,0.0001934916217578575,-0.011625892482697964,1,,,,,KIC 11446443,Kepler,Kepler Photometer,795945 FluxExporter2PipelineModule,True,False,True,True,421,10bfca91bdd928deda2e638de7a27cdc940b879452408a96b5be6146944639e9,tres_2_b:kplr011446443-2009166043257_llc.fits,0.057514113333116734,1.0000932216644287,4.2228155507473275e-05,PDCSAP_FLUX,403735.84375,17.047430038452148,403698.1875,out_of_transit_median,segment_normalized,tres_2_b-e8e81778b059cb9a,1.0000932216644287,4.2228155507473275e-05
TrES-2 b,TrES-2,tres_2_b,MAST,data/raw/mast/lightkurve/tres_2_b/kepler/mastDownload/Kepler/kplr011446443_lc_Q111111110111011101/kplr011446443-2009259160929_llc.fits,6d41c0b2a8784c922789c5ceb53258b795d7b220c6026ff514d86c81dde65e83,kplr011446443-2009259160929_llc.fits,Kepler,kplr011446443-2009259160929_llc.fits,LIGHTCURVE,1,248.82263705787045,d,TIMESYS=TDB;BJDREFI=2454833;BJDREFF=0.0,long,1765.4628859418881,FITS_TIMEDEL,403077.59375,16.794305801391602,406590.3125,17.052635192871094,0,6846,617.55345625595305,847.97535591218968,-0.028891010209918022,0.12346015125513077,2,,,,,KIC 11446443,Kepler,Kepler Photometer,822892 FluxExporter2PipelineModule,True,False,True,True,3881,6d41c0b2a8784c922789c5ceb53258b795d7b220c6026ff514d86c81dde65e83,tres_2_b:kplr011446443-2009259160929_llc.fits,0.058049830840959382,1.0000784397125244,4.1943876567529514e-05,PDCSAP_FLUX,406590.3125,17.052635192871094,406558.40625,out_of_transit_median,segment_normalized,tres_2_b-e8e81778b059cb9a,1.0000784397125244,4.1943876567529514e-05
TrES-2 b,TrES-2,tres_2_b,MAST,data/raw/mast/lightkurve/tres_2_b/kepler/mastDownload/Kepler/kplr011446443_lc_Q111111110111011101/kplr011446443-2009259160929_llc.fits,6d41c0b2a8784c922789c5ceb53258b795d7b220c6026ff514d86c81dde65e83,kplr011446443-2009259160929_llc.fits,Kepler,kplr011446443-2009259160929_llc.fits,LIGHTCURVE,1,221.64629997727025,d,TIMESYS=TDB;BJDREFI=2454833;BJDREFF=0.0,long,1765.4628859418881,FITS_TIMEDEL,403243.28125,16.80229377746582,406600.46875,17.061605453491211,0,5516,617.58943003975219,847.87396326175474,0.0051836702041327953,0.016272960230708122,2,,,,,KIC 11446443,Kepler,Kepler Photometer,822892 FluxExporter2PipelineModule,True,False,True,True,2551,6d41c0b2a8784c922789c5ceb53258b795d7b220c6026ff514d86c81dde65e83,tres_2_b:kplr011446443-2009259160929_llc.fits,0.058459897240751735,1.0001034736633301,4.1965940908994526e-05,PDCSAP_FLUX,406600.46875,17.061605453491211,406558.40625,out_of_transit_median,segment_normalized,tres_2_b-e8e81778b059cb9a,1.0001034736633301,4.1965940908994526e-05
TrES-2 b,TrES-2,tres_2_b,MAST,data/raw/mast/lightkurve/tres_2_b/kepler/mastDownload/Kepler/kplr011446443_lc_Q111111110111011101/kplr011446443-2009259160929_llc.fits,6d41c0b2a8784c922789c5ceb53258b795d7b220c6026ff514d86c81dde65e83,kplr011446443-2009259160929_llc.fits,Kepler,kplr011446443-2009259160929_llc.fits,LIGHTCURVE,1,194.46957900875714,d,TIMESYS=TDB;BJDREFI=2454833;BJDREFF=0.0,long,1765.4628859418881,FITS_TIMEDEL,402943.75,16.805727005004883,406504.3125,17.062845230102539,0,4186,617.59395995745479,847.770809220258,0.01006377674639225,-0.084123454988002777,2,,,,,KIC 11446443,Kepler,Kepler Photometer,822892 FluxExporter2PipelineModule,True,False,True,True,1221,6d41c0b2a8784c922789c5ceb53258b795d7b220c6026ff514d86c81dde65e83,tres_2_b:kplr011446443-2009259160929_llc.fits,0.058486075727640641,0.99986696243286133,4.1968989535234869e-05,PDCSAP_FLUX,406504.3125,17.062845230102539,406558.40625,out_of_transit_median,segment_normalized,tres_2_b-e8e81778b059cb9a,0.99986696243286133,4.1968989535234869e-05
TrES-2 b,TrES-2,tres_2_b,MAST,data/raw/mast/lightkurve/tres_2_b/kepler/mastDownload/Kepler/kplr011446443_lc_Q111111110111011101/kplr011446443-2009166043257_llc.fits,10bfca91bdd928deda2e638de7a27cdc940b879452408a96b5be6146944639e9,kplr011446443-2009166043257_llc.fits,Kepler,kplr011446443-2009166043257_llc.fits,LIGHTCURVE,1,142.58764994802186,d,TIMESYS=TDB;BJDREFI=2454833;BJDREFF=0.0,long,1765.4628859418881,FITS_TIMEDEL,399916.625,16.654645919799805,403637.90625,17.031936645507812,0,1647,621.2037227313798,848.93561963017191,-0.001084959483705461,-0.0085743684321641922,1,,,,,KIC 11446443,Kepler,Kepler Photometer,795945 FluxExporter2PipelineModule,True,False,True,True,542,10bfca91bdd928deda2e638de7a27cdc940b879452408a96b5be6146944639e9,tres_2_b:kplr011446443-2009166043257_llc.fits,0.059437931992359472,0.99985069036483765,4.2189778469037265e-05,PDCSAP_FLUX,403637.90625,17.031936645507812,403698.1875,out_of_transit_median,segment_normalized,tres_2_b-e8e81778b059cb9a,0.99985069036483765,4.2189778469037265e-05
TrES-2 b,TrES-2,tres_2_b,MAST,data/raw/mast/lightkurve/tres_2_b/kepler/mastDownload/Kepler/kplr011446443_lc_Q111111110111011101/kplr011446443-2009259160929_llc.fits,6d41c0b2a8784c922789c5ceb53258b795d7b220c6026ff514d86c81dde65e83,kplr011446443-2009259160929_llc.fits,Kepler,kplr011446443-2009259160929_llc.fits,LIGHTCURVE,1,251.29505302326288,d,TIMESYS=TDB;BJDREFI=2454833;BJDREFF=0.0,long,1765.4628859418881,FITS_TIMEDEL,403067.46875,16.794101715087891,406559.46875,17.047325134277344,0,6967,617.55492612355101,847.97925036978666,-0.027698377147316933,0.12803363800048828,2,,,,,KIC 11446443,Kepler,Kepler Photometer,822892 FluxExporter2PipelineModule,True,False,True,True,4002,6d41c0b2a8784c922789c5ceb53258b795d7b220c6026ff514d86c81dde65e83,tres_2_b:kplr011446443-2009259160929_llc.fits,0.059852419233388465,1.0000026226043701,4.1930816223612055e-05,PDCSAP_FLUX,406559.46875,17.047325134277344,406558.40625,out_of_transit_median,segment_normalized,tres_2_b-e8e81778b059cb9a,1.0000026226043701,4.1930816223612055e-05
TrES-2 b,TrES-2,tres_2_b,MAST,data/raw/mast/lightkurve/tres_2_b/kepler/mastDownload/Kepler/kplr011446443_lc_Q111111110111011101/kplr011446443-2009259160929_llc.fits,6d41c0b2a8784c922789c5ceb53258b795d7b220c6026ff514d86c81dde65e83,kplr011446443-2009259160929_llc.fits,Kepler,kplr011446443-2009259160929_llc.fits,LIGHTCURVE,1,196.94206361682154,d,TIMESYS=TDB;BJDREFI=2454833;BJDREFF=0.0,long,1765.4628859418881,FITS_TIMEDEL,403013.875,16.805072784423828,406571.5625,17.060531616210938,0,4307,617.59492278050425,847.77573616396148,0.010955103673040867,-0.079569771885871887,2,,,,,KIC 11446443,Kepler,Kepler Photometer,822892 FluxExporter2PipelineModule,True,False,True,True,1342,6d41c0b2a8784c922789c5ceb53258b795d7b220c6026ff514d86c81dde65e83,tres_2_b:kplr011446443-2009259160929_llc.fits,0.060357306792046428,1.0000323057174683,4.1963299736380577e-05,PDCSAP_FLUX,406571.5625,17.060531616210938,406558.40625,out_of_transit_median,segment_normalized,tres_2_b-e8e81778b059cb9a,1.0000323057174683,4.1963299736380577e-05
TrES-2 b,TrES-2,tres_2_b,MAST,data/raw/mast/lightkurve/tres_2_b/kepler/mastDownload/Kepler/kplr011446443_lc_Q111111110111011101/kplr011446443-2009166043257_llc.fits,10bfca91bdd928deda2e638de7a27cdc940b879452408a96b5be6146944639e9,kplr011446443-2009166043257_llc.fits,Kepler,kplr011446443-2009166043257_llc.fits,LIGHTCURVE,1,145.06018569419393,d,TIMESYS=TDB;BJDREFI=2454833;BJDREFF=0.0,long,1765.4628859418881,FITS_TIMEDEL,399785.21875,16.654054641723633,403658,17.034696578979492,0,1768,621.20217581634324,848.94240768870782,-0.0016570457955822349,-0.0043911216780543327,1,,,,,KIC 11446443,Kepler,Kepler Photometer,795945 FluxExporter2PipelineModule,True,False,True,True,663,10bfca91bdd928deda2e638de7a27cdc940b879452408a96b5be6146944639e9,tres_2_b:kplr011446443-2009166043257_llc.fits,0.061360301164430142,0.9999004602432251,4.219661423121579e-05,PDCSAP_FLUX,403658,17.034696578979492,403698.1875,out_of_transit_median,segment_normalized,tres_2_b-e8e81778b059cb9a,0.9999004602432251,4.219661423121579e-05
TrES-2 b,TrES-2,tres_2_b,MAST,data/raw/mast/lightkurve/tres_2_b/kepler/mastDownload/Kepler/kplr011446443_lc_Q111111110111011101/kplr011446443-2009259160929_llc.fits,6d41c0b2a8784c922789c5ceb53258b795d7b220c6026ff514d86c81dde65e83,kplr011446443-2009259160929_llc.fits,Kepler,kplr011446443-2009259160929_llc.fits,LIGHTCURVE,1,253.76746618992911,d,TIMESYS=TDB;BJDREFI=2454833;BJDREFF=0.0,long,1765.4628859418881,FITS_TIMEDEL,403051.875,16.794895172119141,406513.46875,17.044967651367188,0,7088,617.55742333641786,847.9821569985229,-0.025394650176167488,0.13157542049884796,2,,,,,KIC 11446443,Kepler,Kepler Photometer,822892 FluxExporter2PipelineModule,True,False,True,True,4123,6d41c0b2a8784c922789c5ceb53258b795d7b220c6026ff514d86c81dde65e83,tres_2_b:kplr011446443-2009259160929_llc.fits,0.061652208899617422,0.99988949298858643,4.1925017285393551e-05,PDCSAP_FLUX,406513.46875,17.044967651367188,406558.40625,out_of_transit_median,segment_normalized,tres_2_b-e8e81778b059cb9a,0.99988949298858643,4.1925017285393551e-05
TrES-2 b,TrES-2,tres_2_b,MAST,data/raw/mast/lightkurve/tres_2_b/kepler/mastDownload/Kepler/kplr011446443_lc_Q111111110111011101/kplr011446443-2009259160929_llc.fits,6d41c0b2a8784c922789c5ceb53258b795d7b220c6026ff514d86c81dde65e83,kplr011446443-2009259160929_llc.fits,Kepler,kplr011446443-2009259160929_llc.fits,LIGHTCURVE,1,172.23751846229425,d,TIMESYS=TDB;BJDREFI=2454833;BJDREFF=0.0,long,1765.4628859418881,FITS_TIMEDEL,403838.65625,16.821792602539062,406506.15625,17.070886611938477,0,3098,617.57727515174554,847.71914239080888,-0.0057235471904277802,-0.12701573967933655,2,,,,,KIC 11446443,Kepler,Kepler Photometer,822892 FluxExporter2PipelineModule,True,False,True,True,133,6d41c0b2a8784c922789c5ceb53258b795d7b220c6026ff514d86c81dde65e83,tres_2_b:kplr011446443-2009259160929_llc.fits,0.061945922264749376,0.99987149238586426,4.1988769226009026e-05,PDCSAP_FLUX,406506.15625,17.070886611938477,406558.40625,out_of_transit_median,segment_normalized,tres_2_b-e8e81778b059cb9a,0.99987149238586426,4.1988769226009026e-05
TrES-2 b,TrES-2,tres_2_b,MAST,data/raw/mast/lightkurve/tres_2_b/kepler/mastDownload/Kepler/kplr011446443_lc_Q111111110111011101/kplr011446443-2009259160929_llc.fits,6d41c0b2a8784c922789c5ceb53258b795d7b220c6026ff514d86c81dde65e83,kplr011446443-2009259160929_llc.fits,Kepler,kplr011446443-2009259160929_llc.fits,LIGHTCURVE,1,226.5911953462637,d,TIMESYS=TDB;BJDREFI=2454833;BJDREFF=0.0,long,1765.4628859418881,FITS_TIMEDEL,403168.46875,16.800355911254883,406591,17.049310684204102,0,5758,617.59515310194638,847.88165973246805,0.01054324209690094,0.023799775168299675,2,,,,,KIC 11446443,Kepler,Kepler Photometer,822892 FluxExporter2PipelineModule,True,False,True,True,2793,6d41c0b2a8784c922789c5ceb53258b795d7b220c6026ff514d86c81dde65e83,tres_2_b:kplr011446443-2009259160929_llc.fits,0.06212851223420901,1.0000802278518677,4.1935698391171172e-05,PDCSAP_FLUX,406591,17.049310684204102,406558.40625,out_of_transit_median,segment_normalized,tres_2_b-e8e81778b059cb9a,1.0000802278518677,4.1935698391171172e-05
TrES-2 b,TrES-2,tres_2_b,MAST,data/raw/mast/lightkurve/tres_2_b/kepler/mastDownload/Kepler/kplr011446443_lc_Q111111110111011101/kplr011446443-2009259160929_llc.fits,6d41c0b2a8784c922789c5ceb53258b795d7b220c6026ff514d86c81dde65e83,kplr011446443-2009259160929_llc.fits,Kepler,kplr011446443-2009259160929_llc.fits,LIGHTCURVE,1,199.41454510053154,d,TIMESYS=TDB;BJDREFI=2454833;BJDREFF=0.0,long,1765.4628859418881,FITS_TIMEDEL,403013.375,16.803953170776367,406576.4375,17.061813354492188,0,4428,617.59687233507759,847.78070128723164,0.012563277967274189,-0.074993662536144257,2,,,,,KIC 11446443,Kepler,Kepler Photometer,822892 FluxExporter2PipelineModule,True,False,True,True,1463,6d41c0b2a8784c922789c5ceb53258b795d7b220c6026ff514d86c81dde65e83,tres_2_b:kplr011446443-2009259160929_llc.fits,0.062225413502045024,1.0000443458557129,4.1966450226027519e-05,PDCSAP_FLUX,406576.4375,17.061813354492188,406558.40625,out_of_transit_median,segment_normalized,tres_2_b-e8e81778b059cb9a,1.0000443458557129,4.1966450226027519e-05
TrES-2 b,TrES-2,tres_2_b,MAST,data/raw/mast/lightkurve/tres_2_b/kepler/mastDownload/Kepler/kplr011446443_lc_Q111111110111011101/kplr011446443-2009166043257_llc.fits,10bfca91bdd928deda2e638de7a27cdc940b879452408a96b5be6146944639e9,kplr011446443-2009166043257_llc.fits,Kepler,kplr011446443-2009166043257_llc.fits,LIGHTCURVE,1,147.53271998028504,d,TIMESYS=TDB;BJDREFI=2454833;BJDREFF=0.0,long,1765.4628859418881,FITS_TIMEDEL,399653.1875,16.649604797363281,403671.78125,17.015602111816406,0,1889,621.20204436236884,848.94965831597278,-0.00089316035155206919,0.00025832871324382722,1,,,,,KIC 11446443,Kepler,Kepler Photometer,795945 FluxExporter2PipelineModule,True,False,True,True,784,10bfca91bdd928deda2e638de7a27cdc940b879452408a96b5be6146944639e9,tres_2_b:kplr011446443-2009166043257_llc.fits,0.063281210255534459,0.9999346137046814,4.2149316868744791e-05,PDCSAP_FLUX,403671.78125,17.015602111816406,403698.1875,out_of_transit_median,segment_normalized,tres_2_b-e8e81778b059cb9a,0.9999346137046814,4.2149316868744791e-05
TrES-2 b,TrES-2,tres_2_b,MAST,data/raw/mast/lightkurve/tres_2_b/kepler/mastDownload/Kepler/kplr011446443_lc_Q111111110111011101/kplr011446443-2009259160929_llc.fits,6d41c0b2a8784c922789c5ceb53258b795d7b220c6026ff514d86c81dde65e83,kplr011446443-2009259160929_llc.fits,Kepler,kplr011446443-2009259160929_llc.fits,LIGHTCURVE,1,174.71002914308337,d,TIMESYS=TDB;BJDREFI=2454833;BJDREFF=0.0,long,1765.4628859418881,FITS_TIMEDEL,403608.21875,16.817752838134766,406519.21875,17.071372985839844,0,3219,617.58068472894831,847.72459253432191,-0.0023845175746828318,-0.12319550663232803,2,,,,,KIC 11446443,Kepler,Kepler Photometer,822892 FluxExporter2PipelineModule,True,False,True,True,254,6d41c0b2a8784c922789c5ceb53258b795d7b220c6026ff514d86c81dde65e83,tres_2_b:kplr011446443-2009259160929_llc.fits,0.063843226053877489,0.99990361928939819,4.1989966121036559e-05,PDCSAP_FLUX,406519.21875,17.071372985839844,406558.40625,out_of_transit_median,segment_normalized,tres_2_b-e8e81778b059cb9a,0.99990361928939819,4.1989966121036559e-05
TrES-2 b,TrES-2,tres_2_b,MAST,data/raw/mast/lightkurve/tres_2_b/kepler/mastDownload/Kepler/kplr011446443_lc_Q111111110111011101/kplr011446443-2009259160929_llc.fits,6d41c0b2a8784c922789c5ceb53258b795d7b220c6026ff514d86c81dde65e83,kplr011446443-2009259160929_llc.fits,Kepler,kplr011446443-2009259160929_llc.fits,LIGHTCURVE,1,229.06363822991261,d,TIMESYS=TDB;BJDREFI=2454833;BJDREFF=0.0,long,1765.4628859418881,FITS_TIMEDEL,403125.5625,16.798343658447266,406593.1875,17.045364379882812,0,5879,617.59816089527249,847.88555297141579,0.013235326856374741,0.027531892061233521,2,,,,,KIC 11446443,Kepler,Kepler Photometer,822892 FluxExporter2PipelineModule,True,False,True,True,2914,6d41c0b2a8784c922789c5ceb53258b795d7b220c6026ff514d86c81dde65e83,tres_2_b:kplr011446443-2009259160929_llc.fits,0.063958018883118806,1.0000855922698975,4.1925992263713852e-05,PDCSAP_FLUX,406593.1875,17.045364379882812,406558.40625,out_of_transit_median,segment_normalized,tres_2_b-e8e81778b059cb9a,1.0000855922698975,4.1925992263713852e-05
TrES-2 b,TrES-2,tres_2_b,MAST,data/raw/mast/lightkurve/tres_2_b/kepler/mastDownload/Kepler/kplr011446443_lc_Q111111110111011101/kplr011446443-2009259160929_llc.fits,6d41c0b2a8784c922789c5ceb53258b795d7b220c6026ff514d86c81dde65e83,kplr011446443-2009259160929_llc.fits,Kepler,kplr011446443-2009259160929_llc.fits,LIGHTCURVE,1,201.88702342822216,d,TIMESYS=TDB;BJDREFI=2454833;BJDREFF=0.0,long,1765.4628859418881,FITS_TIMEDEL,403176.65625,16.803014755249023,406576.21875,17.063192367553711,0,4549,617.57680958786216,847.83243385080891,-0.006306962575763464,-0.024801952764391899,2,,,,,KIC 11446443,Kepler,Kepler Photometer,822892 FluxExporter2PipelineModule,True,False,True,True,1584,6d41c0b2a8784c922789c5ceb53258b795d7b220c6026ff514d86c81dde65e83,tres_2_b:kplr011446443-2009259160929_llc.fits,0.064090364192668892,1.0000438690185547,4.1969844460254535e-05,PDCSAP_FLUX,406576.21875,17.063192367553711,406558.40625,out_of_transit_median,segment_normalized,tres_2_b-e8e81778b059cb9a,1.0000438690185547,4.1969844460254535e-05
TrES-2 b,TrES-2,tres_2_b,MAST,data/raw/mast/lightkurve/tres_2_b/kepler/mastDownload/Kepler/kplr011446443_lc_Q111111110111011101/kplr011446443-2009131105131_llc.fits,e1699c5dd0089c35d908b711b302f72ba974edc68e030dae3e9a65d5065f7d0c,kplr011446443-2009131105131_llc.fits,Kepler,kplr011446443-2009131105131_llc.fits,LIGHTCURVE,1,122.82775575201958,d,TIMESYS=TDB;BJDREFI=2454833;BJDREFF=0.0,long,1765.4628859418881,FITS_TIMEDEL,401337.5,16.693502426147461,406231.65625,16.989299774169922,0,680,621.21968241823845,848.89461328416382,0.0012974005658179522,-0.0031773420050740242,0,,,,,KIC 11446443,Kepler,Kepler Photometer,793548 FluxExporter2PipelineModule,True,False,True,True,112,e1699c5dd0089c35d908b711b302f72ba974edc68e030dae3e9a65d5065f7d0c,tres_2_b:kplr011446443-2009131105131_llc.fits,0.06445075199007988,1.0001498460769653,4.1827966924756765e-05,PDCSAP_FLUX,406231.65625,16.989299774169922,406170.8125,out_of_transit_median,segment_normalized,tres_2_b-e8e81778b059cb9a,1.0001498460769653,4.1827966924756765e-05
TrES-2 b,TrES-2,tres_2_b,MAST,data/raw/mast/lightkurve/tres_2_b/kepler/mastDownload/Kepler/kplr011446443_lc_Q111111110111011101/kplr011446443-2009166043257_llc.fits,10bfca91bdd928deda2e638de7a27cdc940b879452408a96b5be6146944639e9,kplr011446443-2009166043257_llc.fits,Kepler,kplr011446443-2009166043257_llc.fits,LIGHTCURVE,1,150.00525249826023,d,TIMESYS=TDB;BJDREFI=2454833;BJDREFF=0.0,long,1765.4628859418881,FITS_TIMEDEL,399516.59375,16.648082733154297,403688.9375,17.027185440063477,0,2010,621.20185676887161,848.95402680942948,-0.00015151537081692368,0.0024525863118469715,1,,,,,KIC 11446443,Kepler,Kepler Photometer,795945 FluxExporter2PipelineModule,True,False,True,True,905,10bfca91bdd928deda2e638de7a27cdc940b879452408a96b5be6146944639e9,tres_2_b:kplr011446443-2009166043257_llc.fits,0.065200351230730869,0.99997711181640625,4.2178009607596323e-05,PDCSAP_FLUX,403688.9375,17.027185440063477,403698.1875,out_of_transit_median,segment_normalized,tres_2_b-e8e81778b059cb9a,0.99997711181640625,4.2178009607596323e-05
TrES-2 b,TrES-2,tres_2_b,MAST,data/raw/mast/lightkurve/tres_2_b/kepler/mastDownload/Kepler/kplr011446443_lc_Q111111110111011101/kplr011446443-2009259160929_llc.fits,6d41c0b2a8784c922789c5ceb53258b795d7b220c6026ff514d86c81dde65e83,kplr011446443-2009259160929_llc.fits,Kepler,kplr011446443-2009259160929_llc.fits,LIGHTCURVE,1,177.18253707286203,d,TIMESYS=TDB;BJDREFI=2454833;BJDREFF=0.0,long,1765.4628859418881,FITS_TIMEDEL,403483.5625,16.817729949951172,406569.46875,17.073501586914062,0,3340,617.58217764098845,847.7300515946016,-0.00070469191996380687,-0.11898647993803024,2,,,,,KIC 11446443,Kepler,Kepler Photometer,822892 FluxExporter2PipelineModule,True,False,True,True,375,6d41c0b2a8784c922789c5ceb53258b795d7b220c6026ff514d86c81dde65e83,tres_2_b:kplr011446443-2009259160929_llc.fits,0.065737778832535509,1.0000271797180176,4.1995201172539964e-05,PDCSAP_FLUX,406569.46875,17.073501586914062,406558.40625,out_of_transit_median,segment_normalized,tres_2_b-e8e81778b059cb9a,1.0000271797180176,4.1995201172539964e-05
TrES-2 b,TrES-2,tres_2_b,MAST,data/raw/mast/lightkurve/tres_2_b/kepler/mastDownload/Kepler/kplr011446443_lc_Q111111110111011101/kplr011446443-2009259160929_llc.fits,6d41c0b2a8784c922789c5ceb53258b795d7b220c6026ff514d86c81dde65e83,kplr011446443-2009259160929_llc.fits,Kepler,kplr011446443-2009259160929_llc.fits,LIGHTCURVE,1,204.35949857311789,d,TIMESYS=TDB;BJDREFI=2454833;BJDREFF=0.0,long,1765.4628859418881,FITS_TIMEDEL,403210.25,16.800987243652344,406601.875,17.058094024658203,0,4670,617.57790505080663,847.83812997933637,-0.0053338930010795593,-0.019319646060466766,2,,,,,KIC 11446443,Kepler,Kepler Photometer,822892 FluxExporter2PipelineModule,True,False,True,True,1705,6d41c0b2a8784c922789c5ceb53258b795d7b220c6026ff514d86c81dde65e83,tres_2_b:kplr011446443-2009259160929_llc.fits,0.065952132088394011,1.0001069307327271,4.1957300709327683e-05,PDCSAP_FLUX,406601.875,17.058094024658203,406558.40625,out_of_transit_median,segment_normalized,tres_2_b-e8e81778b059cb9a,1.0001069307327271,4.1957300709327683e-05
TrES-2 b,TrES-2,tres_2_b,MAST,data/raw/mast/lightkurve/tres_2_b/kepler/mastDownload/Kepler/kplr011446443_lc_Q111111110111011101/kplr011446443-2009131105131_llc.fits,e1699c5dd0089c35d908b711b302f72ba974edc68e030dae3e9a65d5065f7d0c,kplr011446443-2009131105131_llc.fits,Kepler,kplr011446443-2009131105131_llc.fits,LIGHTCURVE,1,125.30029979138635,d,TIMESYS=TDB;BJDREFI=2454833;BJDREFF=0.0,long,1765.4628859418881,FITS_TIMEDEL,401196.625,16.693183898925781,406060.21875,16.937372207641602,0,801,621.21777603729674,848.89941442159738,-1.9624030755949207e-06,-0.0002671742404345423,0,,,,,KIC 11446443,Kepler,Kepler Photometer,793548 FluxExporter2PipelineModule,True,False,True,True,233,e1699c5dd0089c35d908b711b302f72ba974edc68e030dae3e9a65d5065f7d0c,tres_2_b:kplr011446443-2009131105131_llc.fits,0.066381414356846635,0.99972772598266602,4.1700121073517948e-05,PDCSAP_FLUX,406060.21875,16.937372207641602,406170.8125,out_of_transit_median,segment_normalized,tres_2_b-e8e81778b059cb9a,0.99972772598266602,4.1700121073517948e-05
TrES-2 b,TrES-2,tres_2_b,MAST,data/raw/mast/lightkurve/tres_2_b/kepler/mastDownload/Kepler/kplr011446443_lc_Q111111110111011101/kplr011446443-2009166043257_llc.fits,10bfca91bdd928deda2e638de7a27cdc940b879452408a96b5be6146944639e9,kplr011446443-2009166043257_llc.fits,Kepler,kplr011446443-2009166043257_llc.fits,LIGHTCURVE,1,152.47778324311366,d,TIMESYS=TDB;BJDREFI=2454833;BJDREFF=0.0,long,1765.4628859418881,FITS_TIMEDEL,399347.3125,16.645172119140625,403683.125,17.02638053894043,0,2131,621.20088367576238,848.96092307767435,-5.8533227274892852e-05,0.0066638798452913761,1,,,,,KIC 11446443,Kepler,Kepler Photometer,795945 FluxExporter2PipelineModule,True,False,True,True,1026,10bfca91bdd928deda2e638de7a27cdc940b879452408a96b5be6146944639e9,tres_2_b:kplr011446443-2009166043257_llc.fits,0.067117719084160532,0.99996268749237061,4.2176015995210037e-05,PDCSAP_FLUX,403683.125,17.02638053894043,403698.1875,out_of_transit_median,segment_normalized,tres_2_b-e8e81778b059cb9a,0.99996268749237061,4.2176015995210037e-05
TrES-2 b,TrES-2,tres_2_b,MAST,data/raw/mast/lightkurve/tres_2_b/kepler/mastDownload/Kepler/kplr011446443_lc_Q111111110111011101/kplr011446443-2009259160929_llc.fits,6d41c0b2a8784c922789c5ceb53258b795d7b220c6026ff514d86c81dde65e83,kplr011446443-2009259160929_llc.fits,Kepler,kplr011446443-2009259160929_llc.fits,LIGHTCURVE,1,234.00851452659117,d,TIMESYS=TDB;BJDREFI=2454833;BJDREFF=0.0,long,1765.4628859418881,FITS_TIMEDEL,403175.21875,16.79901123046875,406621.6875,17.04572868347168,0,6121,617.57722378729966,847.91146611555064,-0.0063680247403681278,0.054049406200647354,2,,,,,KIC 11446443,Kepler,Kepler Photometer,822892 FluxExporter2PipelineModule,True,False,True,True,3156,6d41c0b2a8784c922789c5ceb53258b795d7b220c6026ff514d86c81dde65e83,tres_2_b:kplr011446443-2009259160929_llc.fits,0.067607561561677132,1.0001556873321533,4.1926887206500396e-05,PDCSAP_FLUX,406621.6875,17.04572868347168,406558.40625,out_of_transit_median,segment_normalized,tres_2_b-e8e81778b059cb9a,1.0001556873321533,4.1926887206500396e-05
TrES-2 b,TrES-2,tres_2_b,MAST,data/raw/mast/lightkurve/tres_2_b/kepler/mastDownload/Kepler/kplr011446443_lc_Q111111110111011101/kplr011446443-2009259160929_llc.fits,6d41c0b2a8784c922789c5ceb53258b795d7b220c6026ff514d86c81dde65e83,kplr011446443-2009259160929_llc.fits,Kepler,kplr011446443-2009259160929_llc.fits,LIGHTCURVE,1,206.83197051240131,d,TIMESYS=TDB;BJDREFI=2454833;BJDREFF=0.0,long,1765.4628859418881,FITS_TIMEDEL,403182.1875,16.804330825805664,406556.3125,17.059995651245117,0,4791,617.58005257835077,847.8436888735614,-0.0034018584992736578,-0.013790271244943142,2,,,,,KIC 11446443,Kepler,Kepler Photometer,822892 FluxExporter2PipelineModule,True,False,True,True,1826,6d41c0b2a8784c922789c5ceb53258b795d7b220c6026ff514d86c81dde65e83,tres_2_b:kplr011446443-2009259160929_llc.fits,0.067810694371817304,0.99999487400054932,4.1961979150073603e-05,PDCSAP_FLUX,406556.3125,17.059995651245117,406558.40625,out_of_transit_median,segment_normalized,tres_2_b-e8e81778b059cb9a,0.99999487400054932,4.1961979150073603e-05
TrES-2 b,TrES-2,tres_2_b,MAST,data/raw/mast/lightkurve/tres_2_b/kepler/mastDownload/Kepler/kplr011446443_lc_Q111111110111011101/kplr011446443-2009131105131_llc.fits,e1699c5dd0089c35d908b711b302f72ba974edc68e030dae3e9a65d5065f7d0c,kplr011446443-2009131105131_llc.fits,Kepler,kplr011446443-2009131105131_llc.fits,LIGHTCURVE,1,127.77284331992269,d,TIMESYS=TDB;BJDREFI=2454833;BJDREFF=0.0,long,1765.4628859418881,FITS_TIMEDEL,401120.59375,16.693115234375,406161.34375,17.003576278686523,0,922,621.21557009918547,848.90347480952323,-0.0016362437745556235,0.0016793430550023913,0,,,,,KIC 11446443,Kepler,Kepler Photometer,793548 FluxExporter2PipelineModule,True,False,True,True,354,e1699c5dd0089c35d908b711b302f72ba974edc68e030dae3e9a65d5065f7d0c,tres_2_b:kplr011446443-2009131105131_llc.fits,0.068311565893181436,0.99997669458389282,4.1863117075990885e-05,PDCSAP_FLUX,406161.34375,17.003576278686523,406170.8125,out_of_transit_median,segment_normalized,tres_2_b-e8e81778b059cb9a,0.99997669458389282,4.1863117075990885e-05
TrES-2 b,TrES-2,tres_2_b,MAST,data/raw/mast/lightkurve/tres_2_b/kepler/mastDownload/Kepler/kplr011446443_lc_Q111111110111011101/kplr011446443-2009166043257_llc.fits,10bfca91bdd928deda2e638de7a27cdc940b879452408a96b5be6146944639e9,kplr011446443-2009166043257_llc.fits,Kepler,kplr011446443-2009166043257_llc.fits,LIGHTCURVE,1,154.95031211250898,d,TIMESYS=TDB;BJDREFI=2454833;BJDREFF=0.0,long,1765.4628859418881,FITS_TIMEDEL,399208.90625,16.645830154418945,403722.40625,17.015392303466797,0,2252,621.20182146779337,848.96805432805718,0.0020417529158294201,0.011240202002227306,1,,,,,KIC 11446443,Kepler,Kepler Photometer,795945 FluxExporter2PipelineModule,True,False,True,True,1147,10bfca91bdd928deda2e638de7a27cdc940b879452408a96b5be6146944639e9,tres_2_b:kplr011446443-2009166043257_llc.fits,0.069033211479483159,1.000059962272644,4.2148796637775376e-05,PDCSAP_FLUX,403722.40625,17.015392303466797,403698.1875,out_of_transit_median,segment_normalized,tres_2_b-e8e81778b059cb9a,1.000059962272644,4.2148796637775376e-05
TrES-2 b,TrES-2,tres_2_b,MAST,data/raw/mast/lightkurve/tres_2_b/kepler/mastDownload/Kepler/kplr011446443_lc_Q111111110111011101/kplr011446443-2009259160929_llc.fits,6d41c0b2a8784c922789c5ceb53258b795d7b220c6026ff514d86c81dde65e83,kplr011446443-2009259160929_llc.fits,Kepler,kplr011446443-2009259160929_llc.fits,LIGHTCURVE,1,236.48094790760661,d,TIMESYS=TDB;BJDREFI=2454833;BJDREFF=0.0,long,1765.4628859418881,FITS_TIMEDEL,403026.78125,16.794702529907227,406564.8125,17.049388885498047,0,6242,617.58296883762625,847.91413991770094,-0.00091315741883590817,0.05643564835190773,2,,,,,KIC 11446443,Kepler,Kepler Photometer,822892 FluxExporter2PipelineModule,True,False,True,True,3277,6d41c0b2a8784c922789c5ceb53258b795d7b220c6026ff514d86c81dde65e83,tres_2_b:kplr011446443-2009259160929_llc.fits,0.06942756557711216,1.0000157356262207,4.1935891204047948e-05,PDCSAP_FLUX,406564.8125,17.049388885498047,406558.40625,out_of_transit_median,segment_normalized,tres_2_b-e8e81778b059cb9a,1.0000157356262207,4.1935891204047948e-05
TrES-2 b,TrES-2,tres_2_b,MAST,data/raw/mast/lightkurve/tres_2_b/kepler/mastDownload/Kepler/kplr011446443_lc_Q111111110111011101/kplr011446443-2009259160929_llc.fits,6d41c0b2a8784c922789c5ceb53258b795d7b220c6026ff514d86c81dde65e83,kplr011446443-2009259160929_llc.fits,Kepler,kplr011446443-2009259160929_llc.fits,LIGHTCURVE,1,209.30443922814447,d,TIMESYS=TDB;BJDREFI=2454833;BJDREFF=0.0,long,1765.4628859418881,FITS_TIMEDEL,403238.90625,16.805944442749023,406581.59375,17.067001342773438,0,4912,617.58095631489869,847.84917433148223,-0.0026660419534891844,-0.0084380162879824638,2,,,,,KIC 11446443,Kepler,Kepler Photometer,822892 FluxExporter2PipelineModule,True,False,True,True,1947,6d41c0b2a8784c922789c5ceb53258b795d7b220c6026ff514d86c81dde65e83,tres_2_b:kplr011446443-2009259160929_llc.fits,0.069666033114979209,1.0000569820404053,4.1979212255682796e-05,PDCSAP_FLUX,406581.59375,17.067001342773438,406558.40625,out_of_transit_median,segment_normalized,tres_2_b-e8e81778b059cb9a,1.0000569820404053,4.1979212255682796e-05
TrES-2 b,TrES-2,tres_2_b,MAST,data/raw/mast/lightkurve/tres_2_b/kepler/mastDownload/Kepler/kplr011446443_lc_Q111111110111011101/kplr011446443-2009166043257_llc.fits,10bfca91bdd928deda2e638de7a27cdc940b879452408a96b5be6146944639e9,kplr011446443-2009166043257_llc.fits,Kepler,kplr011446443-2009166043257_llc.fits,LIGHTCURVE,1,157.42283890704857,d,TIMESYS=TDB;BJDREFI=2454833;BJDREFF=0.0,long,1765.4628859418881,FITS_TIMEDEL,399066.34375,16.640693664550781,403733.46875,17.017267227172852,0,2373,621.19883855009618,848.97626367779515,6.8214845668990165e-05,0.016970647498965263,1,,,,,KIC 11446443,Kepler,Kepler Photometer,795945 FluxExporter2PipelineModule,True,False,True,True,1268,10bfca91bdd928deda2e638de7a27cdc940b879452408a96b5be6146944639e9,tres_2_b:kplr011446443-2009166043257_llc.fits,0.070946629019073226,1.0000873804092407,4.2153438698733225e-05,PDCSAP_FLUX,403733.46875,17.017267227172852,403698.1875,out_of_transit_median,segment_normalized,tres_2_b-e8e81778b059cb9a,1.0000873804092407,4.2153438698733225e-05
TrES-2 b,TrES-2,tres_2_b,MAST,data/raw/mast/lightkurve/tres_2_b/kepler/mastDownload/Kepler/kplr011446443_lc_Q111111110111011101/kplr011446443-2009259160929_llc.fits,6d41c0b2a8784c922789c5ceb53258b795d7b220c6026ff514d86c81dde65e83,kplr011446443-2009259160929_llc.fits,Kepler,kplr011446443-2009259160929_llc.fits,LIGHTCURVE,1,238.95337833062513,d,TIMESYS=TDB;BJDREFI=2454833;BJDREFF=0.0,long,1765.4628859418881,FITS_TIMEDEL,402977.21875,16.793838500976562,406519.65625,17.050189971923828,0,6363,617.5853797051451,847.91835414641832,0.0013258754042908549,0.060842983424663544,2,,,,,KIC 11446443,Kepler,Kepler Photometer,822892 FluxExporter2PipelineModule,True,False,True,True,3398,6d41c0b2a8784c922789c5ceb53258b795d7b220c6026ff514d86c81dde65e83,tres_2_b:kplr011446443-2009259160929_llc.fits,0.071244611595634888,0.99990469217300415,4.1937859350582585e-05,PDCSAP_FLUX,406519.65625,17.050189971923828,406558.40625,out_of_transit_median,segment_normalized,tres_2_b-e8e81778b059cb9a,0.99990469217300415,4.1937859350582585e-05
TrES-2 b,TrES-2,tres_2_b,MAST,data/raw/mast/lightkurve/tres_2_b/kepler/mastDownload/Kepler/kplr011446443_lc_Q111111110111011101/kplr011446443-2009259160929_llc.fits,6d41c0b2a8784c922789c5ceb53258b795d7b220c6026ff514d86c81dde65e83,kplr011446443-2009259160929_llc.fits,Kepler,kplr011446443-2009259160929_llc.fits,LIGHTCURVE,1,211.77690470707603,d,TIMESYS=TDB;BJDREFI=2454833;BJDREFF=0.0,long,1765.4628859418881,FITS_TIMEDEL,403236.28125,16.802865982055664,406550.46875,17.064363479614258,0,5033,617.58288703002142,847.85315954071871,-0.00097501976415514946,-0.0044554197229444981,2,,,,,KIC 11446443,Kepler,Kepler Photometer,822892 FluxExporter2PipelineModule,True,False,True,True,2068,6d41c0b2a8784c922789c5ceb53258b795d7b220c6026ff514d86c81dde65e83,tres_2_b:kplr011446443-2009259160929_llc.fits,0.071518135046533038,0.99998044967651367,4.1972722101490945e-05,PDCSAP_FLUX,406550.46875,17.064363479614258,406558.40625,out_of_transit_median,segment_normalized,tres_2_b-e8e81778b059cb9a,0.99998044967651367,4.1972722101490945e-05
TrES-2 b,TrES-2,tres_2_b,MAST,data/raw/mast/lightkurve/tres_2_b/kepler/mastDownload/Kepler/kplr011446443_lc_Q111111110111011101/kplr011446443-2009166043257_llc.fits,10bfca91bdd928deda2e638de7a27cdc940b879452408a96b5be6146944639e9,kplr011446443-2009166043257_llc.fits,Kepler,kplr011446443-2009166043257_llc.fits,LIGHTCURVE,1,132.71792774170171,d,TIMESYS=TDB;BJDREFI=2454833;BJDREFF=0.0,long,1765.4628859418881,FITS_TIMEDEL,400373.78125,16.665683746337891,403687.875,17.028360366821289,0,1164,621.21140823402561,848.9142327390698,0.0041488204151391983,-0.022024435922503471,1,,,,,KIC 11446443,Kepler,Kepler Photometer,795945 FluxExporter2PipelineModule,True,False,True,True,59,10bfca91bdd928deda2e638de7a27cdc940b879452408a96b5be6146944639e9,tres_2_b:kplr011446443-2009166043257_llc.fits,0.072169233672210842,0.99997442960739136,4.2180919990641996e-05,PDCSAP_FLUX,403687.875,17.028360366821289,403698.1875,out_of_transit_median,segment_normalized,tres_2_b-e8e81778b059cb9a,0.99997442960739136,4.2180919990641996e-05
TrES-2 b,TrES-2,tres_2_b,MAST,data/raw/mast/lightkurve/tres_2_b/kepler/mastDownload/Kepler/kplr011446443_lc_Q111111110111011101/kplr011446443-2009166043257_llc.fits,10bfca91bdd928deda2e638de7a27cdc940b879452408a96b5be6146944639e9,kplr011446443-2009166043257_llc.fits,Kepler,kplr011446443-2009166043257_llc.fits,LIGHTCURVE,1,159.8953637305458,d,TIMESYS=TDB;BJDREFI=2454833;BJDREFF=0.0,long,1765.4628859418881,FITS_TIMEDEL,398925.34375,16.638578414916992,403730.40625,17.021949768066406,0,2494,621.19919407634075,848.98227043894815,0.0013248131144791842,0.020811384543776512,1,,,,,KIC 11446443,Kepler,Kepler Photometer,795945 FluxExporter2PipelineModule,True,False,True,True,1389,10bfca91bdd928deda2e638de7a27cdc940b879452408a96b5be6146944639e9,tres_2_b:kplr011446443-2009166043257_llc.fits,0.072858075516297527,1.0000797510147095,4.2165040213149041e-05,PDCSAP_FLUX,403730.40625,17.021949768066406,403698.1875,out_of_transit_median,segment_normalized,tres_2_b-e8e81778b059cb9a,1.0000797510147095,4.2165040213149041e-05
TrES-2 b,TrES-2,tres_2_b,MAST,data/raw/mast/lightkurve/tres_2_b/kepler/mastDownload/Kepler/kplr011446443_lc_Q111111110111011101/kplr011446443-2009259160929_llc.fits,6d41c0b2a8784c922789c5ceb53258b795d7b220c6026ff514d86c81dde65e83,kplr011446443-2009259160929_llc.fits,Kepler,kplr011446443-2009259160929_llc.fits,LIGHTCURVE,1,241.4258057429106,d,TIMESYS=TDB;BJDREFI=2454833;BJDREFF=0.0,long,1765.4628859418881,FITS_TIMEDEL,402958.3125,16.795694351196289,406519.84375,17.048007965087891,0,6484,617.5882459588164,847.92137760349078,0.0039572077803313732,0.064076602458953857,2,,,,,KIC 11446443,Kepler,Kepler Photometer,822892 FluxExporter2PipelineModule,True,False,True,True,3519,6d41c0b2a8784c922789c5ceb53258b795d7b220c6026ff514d86c81dde65e83,tres_2_b:kplr011446443-2009259160929_llc.fits,0.073058646881104528,0.99990516901016235,4.1932493331842124e-05,PDCSAP_FLUX,406519.84375,17.048007965087891,406558.40625,out_of_transit_median,segment_normalized,tres_2_b-e8e81778b059cb9a,0.99990516901016235,4.1932493331842124e-05
TrES-2 b,TrES-2,tres_2_b,MAST,data/raw/mast/lightkurve/tres_2_b/kepler/mastDownload/Kepler/kplr011446443_lc_Q111111110111011101/kplr011446443-2009259160929_llc.fits,6d41c0b2a8784c922789c5ceb53258b795d7b220c6026ff514d86c81dde65e83,kplr011446443-2009259160929_llc.fits,Kepler,kplr011446443-2009259160929_llc.fits,LIGHTCURVE,1,187.07254076801473,d,TIMESYS=TDB;BJDREFI=2454833;BJDREFF=0.0,long,1765.4628859418881,FITS_TIMEDEL,403282.1875,16.813493728637695,406583.1875,17.067226409912109,0,3824,617.58799379397442,847.75348401865983,0.0046507283113896847,-0.099198304116725922,2,,,,,KIC 11446443,Kepler,Kepler Photometer,822892 FluxExporter2PipelineModule,True,False,True,True,859,6d41c0b2a8784c922789c5ceb53258b795d7b220c6026ff514d86c81dde65e83,tres_2_b:kplr011446443-2009259160929_llc.fits,0.073287965985236125,1.0000609159469604,4.1979765228461474e-05,PDCSAP_FLUX,406583.1875,17.067226409912109,406558.40625,out_of_transit_median,segment_normalized,tres_2_b-e8e81778b059cb9a,1.0000609159469604,4.1979765228461474e-05
TrES-2 b,TrES-2,tres_2_b,MAST,data/raw/mast/lightkurve/tres_2_b/kepler/mastDownload/Kepler/kplr011446443_lc_Q111111110111011101/kplr011446443-2009259160929_llc.fits,6d41c0b2a8784c922789c5ceb53258b795d7b220c6026ff514d86c81dde65e83,kplr011446443-2009259160929_llc.fits,Kepler,kplr011446443-2009259160929_llc.fits,LIGHTCURVE,1,214.24936634104233,d,TIMESYS=TDB;BJDREFI=2454833;BJDREFF=0.0,long,1765.4628859418881,FITS_TIMEDEL,403265.8125,16.802165985107422,406545.0625,17.061122894287109,0,5154,617.58332794906289,847.85941507809753,-0.00054200628073886037,0.0018118399893864989,2,,,,,KIC 11446443,Kepler,Kepler Photometer,822892 FluxExporter2PipelineModule,True,False,True,True,2189,6d41c0b2a8784c922789c5ceb53258b795d7b220c6026ff514d86c81dde65e83,tres_2_b:kplr011446443-2009259160929_llc.fits,0.073366392012837567,0.99996715784072876,4.1964751289924607e-05,PDCSAP_FLUX,406545.0625,17.061122894287109,406558.40625,out_of_transit_median,segment_normalized,tres_2_b-e8e81778b059cb9a,0.99996715784072876,4.1964751289924607e-05
TrES-2 b,TrES-2,tres_2_b,MAST,data/raw/mast/lightkurve/tres_2_b/kepler/mastDownload/Kepler/kplr011446443_lc_Q111111110111011101/kplr011446443-2009166043257_llc.fits,10bfca91bdd928deda2e638de7a27cdc940b879452408a96b5be6146944639e9,kplr011446443-2009166043257_llc.fits,Kepler,kplr011446443-2009166043257_llc.fits,LIGHTCURVE,1,135.1904685884947,d,TIMESYS=TDB;BJDREFI=2454833;BJDREFF=0.0,long,1765.4628859418881,FITS_TIMEDEL,400289.78125,16.663045883178711,403692.03125,17.046731948852539,0,1285,621.20888831018408,848.9189887139986,0.0020654867403209209,-0.019173981621861458,1,,,,,KIC 11446443,Kepler,Kepler Photometer,795945 FluxExporter2PipelineModule,True,False,True,True,180,10bfca91bdd928deda2e638de7a27cdc940b879452408a96b5be6146944639e9,tres_2_b:kplr011446443-2009166043257_llc.fits,0.074096703465192038,0.9999847412109375,4.2226427467539907e-05,PDCSAP_FLUX,403692.03125,17.046731948852539,403698.1875,out_of_transit_median,segment_normalized,tres_2_b-e8e81778b059cb9a,0.9999847412109375,4.2226427467539907e-05
TrES-2 b,TrES-2,tres_2_b,MAST,data/raw/mast/lightkurve/tres_2_b/kepler/mastDownload/Kepler/kplr011446443_lc_Q111111110111011101/kplr011446443-2009166043257_llc.fits,10bfca91bdd928deda2e638de7a27cdc940b879452408a96b5be6146944639e9,kplr011446443-2009166043257_llc.fits,Kepler,kplr011446443-2009166043257_llc.fits,LIGHTCURVE,1,162.36788649012306,d,TIMESYS=TDB;BJDREFI=2454833;BJDREFF=0.0,long,1765.4628859418881,FITS_TIMEDEL,398837.375,16.641246795654297,403806.96875,17.016324996948242,0,2615,621.19731004836603,848.99254139553523,0.0007971809827722609,0.028542280197143555,1,,,,,KIC 11446443,Kepler,Kepler Photometer,795945 FluxExporter2PipelineModule,True,False,True,True,1510,10bfca91bdd928deda2e638de7a27cdc940b879452408a96b5be6146944639e9,tres_2_b:kplr011446443-2009166043257_llc.fits,0.074767458093557115,1.0002694129943848,4.215110675431788e-05,PDCSAP_FLUX,403806.96875,17.016324996948242,403698.1875,out_of_transit_median,segment_normalized,tres_2_b-e8e81778b059cb9a,1.0002694129943848,4.215110675431788e-05
TrES-2 b,TrES-2,tres_2_b,MAST,data/raw/mast/lightkurve/tres_2_b/kepler/mastDownload/Kepler/kplr011446443_lc_Q111111110111011101/kplr011446443-2009259160929_llc.fits,6d41c0b2a8784c922789c5ceb53258b795d7b220c6026ff514d86c81dde65e83,kplr011446443-2009259160929_llc.fits,Kepler,kplr011446443-2009259160929_llc.fits,LIGHTCURVE,1,189.54503449139884,d,TIMESYS=TDB;BJDREFI=2454833;BJDREFF=0.0,long,1765.4628859418881,FITS_TIMEDEL,403060.84375,16.809001922607422,406550.0625,17.063711166381836,0,3945,617.59075265396143,847.75989524639601,0.0071725989691913128,-0.093931280076503754,2,,,,,KIC 11446443,Kepler,Kepler Photometer,822892 FluxExporter2PipelineModule,True,False,True,True,980,6d41c0b2a8784c922789c5ceb53258b795d7b220c6026ff514d86c81dde65e83,tres_2_b:kplr011446443-2009259160929_llc.fits,0.075168312369340962,0.99997949600219727,4.1971117752837017e-05,PDCSAP_FLUX,406550.0625,17.063711166381836,406558.40625,out_of_transit_median,segment_normalized,tres_2_b-e8e81778b059cb9a,0.99997949600219727,4.1971117752837017e-05
TrES-2 b,TrES-2,tres_2_b,MAST,data/raw/mast/lightkurve/tres_2_b/kepler/mastDownload/Kepler/kplr011446443_lc_Q111111110111011101/kplr011446443-2009259160929_llc.fits,6d41c0b2a8784c922789c5ceb53258b795d7b220c6026ff514d86c81dde65e83,kplr011446443-2009259160929_llc.fits,Kepler,kplr011446443-2009259160929_llc.fits,LIGHTCURVE,1,216.7218253260944,d,TIMESYS=TDB;BJDREFI=2454833;BJDREFF=0.0,long,1765.4628859418881,FITS_TIMEDEL,403307.625,16.803464889526367,406578.4375,17.064781188964844,0,5275,617.58362897863151,847.86501104285446,-0.00045104321907274425,0.0074435286223888397,2,,,,,KIC 11446443,Kepler,Kepler Photometer,822892 FluxExporter2PipelineModule,True,False,True,True,2310,6d41c0b2a8784c922789c5ceb53258b795d7b220c6026ff514d86c81dde65e83,tres_2_b:kplr011446443-2009259160929_llc.fits,0.075212000064909246,1.0000492334365845,4.1973751649493352e-05,PDCSAP_FLUX,406578.4375,17.064781188964844,406558.40625,out_of_transit_median,segment_normalized,tres_2_b-e8e81778b059cb9a,1.0000492334365845,4.1973751649493352e-05
TrES-2 b,TrES-2,tres_2_b,MAST,data/raw/mast/lightkurve/tres_2_b/kepler/mastDownload/Kepler/kplr011446443_lc_Q111111110111011101/kplr011446443-2009166043257_llc.fits,10bfca91bdd928deda2e638de7a27cdc940b879452408a96b5be6146944639e9,kplr011446443-2009166043257_llc.fits,Kepler,kplr011446443-2009166043257_llc.fits,LIGHTCURVE,1,137.66300833155401,d,TIMESYS=TDB;BJDREFI=2454833;BJDREFF=0.0,long,1765.4628859418881,FITS_TIMEDEL,400209,16.660654067993164,403692.40625,17.042354583740234,0,1406,621.20706423806098,848.92329708300838,0.00069704808993265033,-0.016335183754563332,1,,,,,KIC 11446443,Kepler,Kepler Photometer,795945 FluxExporter2PipelineModule,True,False,True,True,301,10bfca91bdd928deda2e638de7a27cdc940b879452408a96b5be6146944639e9,tres_2_b:kplr011446443-2009166043257_llc.fits,0.076023069524506992,0.99998569488525391,4.2215582652715966e-05,PDCSAP_FLUX,403692.40625,17.042354583740234,403698.1875,out_of_transit_median,segment_normalized,tres_2_b-e8e81778b059cb9a,0.99998569488525391,4.2215582652715966e-05
TrES-2 b,TrES-2,tres_2_b,MAST,data/raw/mast/lightkurve/tres_2_b/kepler/mastDownload/Kepler/kplr011446443_lc_Q111111110111011101/kplr011446443-2009166043257_llc.fits,10bfca91bdd928deda2e638de7a27cdc940b879452408a96b5be6146944639e9,kplr011446443-2009166043257_llc.fits,Kepler,kplr011446443-2009166043257_llc.fits,LIGHTCURVE,1,164.8404062956688,d,TIMESYS=TDB;BJDREFI=2454833;BJDREFF=0.0,long,1765.4628859418881,FITS_TIMEDEL,398589.25,16.634317398071289,403716.78125,16.964448928833008,0,2736,621.19564991486845,849.00143505395488,0.00026633532252162695,0.034774992614984512,1,,,,,KIC 11446443,Kepler,Kepler Photometer,795945 FluxExporter2PipelineModule,True,False,True,True,1631,10bfca91bdd928deda2e638de7a27cdc940b879452408a96b5be6146944639e9,tres_2_b:kplr011446443-2009166043257_llc.fits,0.076673886639301303,1.0000460147857666,4.2022602428914979e-05,PDCSAP_FLUX,403716.78125,16.964448928833008,403698.1875,out_of_transit_median,segment_normalized,tres_2_b-e8e81778b059cb9a,1.0000460147857666,4.2022602428914979e-05
TrES-2 b,TrES-2,tres_2_b,MAST,data/raw/mast/lightkurve/tres_2_b/kepler/mastDownload/Kepler/kplr011446443_lc_Q111111110111011101/kplr011446443-2009259160929_llc.fits,6d41c0b2a8784c922789c5ceb53258b795d7b220c6026ff514d86c81dde65e83,kplr011446443-2009259160929_llc.fits,Kepler,kplr011446443-2009259160929_llc.fits,LIGHTCURVE,1,246.37065154878655,d,TIMESYS=TDB;BJDREFI=2454833;BJDREFF=0.0,long,1765.4628859418881,FITS_TIMEDEL,403118.34375,16.795120239257812,406643.59375,17.050487518310547,0,6726,617.55104193221121,847.97251347671306,-0.031149070709943771,0.12017333507537842,2,,,,,KIC 11446443,Kepler,Kepler Photometer,822892 FluxExporter2PipelineModule,True,False,True,True,3761,6d41c0b2a8784c922789c5ceb53258b795d7b220c6026ff514d86c81dde65e83,tres_2_b:kplr011446443-2009259160929_llc.fits,0.076677698757061874,1.0002095699310303,4.1938594222301617e-05,PDCSAP_FLUX,406643.59375,17.050487518310547,406558.40625,out_of_transit_median,segment_normalized,tres_2_b-e8e81778b059cb9a,1.0002095699310303,4.1938594222301617e-05
TrES-2 b,TrES-2,tres_2_b,MAST,data/raw/mast/lightkurve/tres_2_b/kepler/mastDownload/Kepler/kplr011446443_lc_Q111111110111011101/kplr011446443-2009259160929_llc.fits,6d41c0b2a8784c922789c5ceb53258b795d7b220c6026ff514d86c81dde65e83,kplr011446443-2009259160929_llc.fits,Kepler,kplr011446443-2009259160929_llc.fits,LIGHTCURVE,1,192.01752521080198,d,TIMESYS=TDB;BJDREFI=2454833;BJDREFF=0.0,long,1765.4628859418881,FITS_TIMEDEL,403031.6875,16.806095123291016,406569.75,17.0621337890625,0,4066,617.59204802017723,847.76593188628158,0.0082927066832780838,-0.08851073682308197,2,,,,,KIC 11446443,Kepler,Kepler Photometer,822892 FluxExporter2PipelineModule,True,False,True,True,1101,6d41c0b2a8784c922789c5ceb53258b795d7b220c6026ff514d86c81dde65e83,tres_2_b:kplr011446443-2009259160929_llc.fits,0.077045654772481376,1.0000278949737549,4.1967239667428657e-05,PDCSAP_FLUX,406569.75,17.0621337890625,406558.40625,out_of_transit_median,segment_normalized,tres_2_b-e8e81778b059cb9a,1.0000278949737549,4.1967239667428657e-05
TrES-2 b,TrES-2,tres_2_b,MAST,data/raw/mast/lightkurve/tres_2_b/kepler/mastDownload/Kepler/kplr011446443_lc_Q111111110111011101/kplr011446443-2009166043257_llc.fits,10bfca91bdd928deda2e638de7a27cdc940b879452408a96b5be6146944639e9,kplr011446443-2009166043257_llc.fits,Kepler,kplr011446443-2009166043257_llc.fits,LIGHTCURVE,1,140.1355469529517,d,TIMESYS=TDB;BJDREFI=2454833;BJDREFF=0.0,long,1765.4628859418881,FITS_TIMEDEL,400112.28125,16.660188674926758,403691,17.045785903930664,0,1527,621.20617905147787,848.93008026327414,0.00041959338705055416,-0.011705411598086357,1,,,,,KIC 11446443,Kepler,Kepler Photometer,795945 FluxExporter2PipelineModule,True,False,True,True,422,10bfca91bdd928deda2e638de7a27cdc940b879452408a96b5be6146944639e9,tres_2_b:kplr011446443-2009166043257_llc.fits,0.077948313922196144,0.99998217821121216,4.2224084609188139e-05,PDCSAP_FLUX,403691,17.045785903930664,403698.1875,out_of_transit_median,segment_normalized,tres_2_b-e8e81778b059cb9a,0.99998217821121216,4.2224084609188139e-05
TrES-2 b,TrES-2,tres_2_b,MAST,data/raw/mast/lightkurve/tres_2_b/kepler/mastDownload/Kepler/kplr011446443_lc_Q111111110111011101/kplr011446443-2009259160929_llc.fits,6d41c0b2a8784c922789c5ceb53258b795d7b220c6026ff514d86c81dde65e83,kplr011446443-2009259160929_llc.fits,Kepler,kplr011446443-2009259160929_llc.fits,LIGHTCURVE,1,248.84307036228711,d,TIMESYS=TDB;BJDREFI=2454833;BJDREFF=0.0,long,1765.4628859418881,FITS_TIMEDEL,403085.4375,16.794382095336914,406596.5625,17.050619125366211,0,6847,617.55333878122337,847.97523904819332,-0.028917435556650162,0.1232435330748558,2,,,,,KIC 11446443,Kepler,Kepler Photometer,822892 FluxExporter2PipelineModule,True,False,True,True,3882,6d41c0b2a8784c922789c5ceb53258b795d7b220c6026ff514d86c81dde65e83,tres_2_b:kplr011446443-2009259160929_llc.fits,0.078483135257615411,1.0000938177108765,4.1938918002415448e-05,PDCSAP_FLUX,406596.5625,17.050619125366211,406558.40625,out_of_transit_median,segment_normalized,tres_2_b-e8e81778b059cb9a,1.0000938177108765,4.1938918002415448e-05
TrES-2 b,TrES-2,tres_2_b,MAST,data/raw/mast/lightkurve/tres_2_b/kepler/mastDownload/Kepler/kplr011446443_lc_Q111111110111011101/kplr011446443-2009259160929_llc.fits,6d41c0b2a8784c922789c5ceb53258b795d7b220c6026ff514d86c81dde65e83,kplr011446443-2009259160929_llc.fits,Kepler,kplr011446443-2009259160929_llc.fits,LIGHTCURVE,1,221.6667335589882,d,TIMESYS=TDB;BJDREFI=2454833;BJDREFF=0.0,long,1765.4628859418881,FITS_TIMEDEL,403188.1875,16.801286697387695,406543.84375,17.061193466186523,0,5517,617.58936509941373,847.87369405840502,0.0050268429331481457,0.015882372856140137,2,,,,,KIC 11446443,Kepler,Kepler Photometer,822892 FluxExporter2PipelineModule,True,False,True,True,2552,6d41c0b2a8784c922789c5ceb53258b795d7b220c6026ff514d86c81dde65e83,tres_2_b:kplr011446443-2009259160929_llc.fits,0.078893478958704355,0.99996417760848999,4.1964925912907347e-05,PDCSAP_FLUX,406543.84375,17.061193466186523,406558.40625,out_of_transit_median,segment_normalized,tres_2_b-e8e81778b059cb9a,0.99996417760848999,4.1964925912907347e-05
TrES-2 b,TrES-2,tres_2_b,MAST,data/raw/mast/lightkurve/tres_2_b/kepler/mastDownload/Kepler/kplr011446443_lc_Q111111110111011101/kplr011446443-2009259160929_llc.fits,6d41c0b2a8784c922789c5ceb53258b795d7b220c6026ff514d86c81dde65e83,kplr011446443-2009259160929_llc.fits,Kepler,kplr011446443-2009259160929_llc.fits,LIGHTCURVE,1,251.31548610486789,d,TIMESYS=TDB;BJDREFI=2454833;BJDREFF=0.0,long,1765.4628859418881,FITS_TIMEDEL,403080.53125,16.794216156005859,406574.8125,17.048919677734375,0,6968,617.5548181740653,847.97937080320457,-0.027684330940246582,0.12823149561882019,2,,,,,KIC 11446443,Kepler,Kepler Photometer,822892 FluxExporter2PipelineModule,True,False,True,True,4003,6d41c0b2a8784c922789c5ceb53258b795d7b220c6026ff514d86c81dde65e83,tres_2_b:kplr011446443-2009259160929_llc.fits,0.080285500838394475,1.0000404119491577,4.19347379647661e-05,PDCSAP_FLUX,406574.8125,17.048919677734375,406558.40625,out_of_transit_median,segment_normalized,tres_2_b-e8e81778b059cb9a,1.0000404119491577,4.19347379647661e-05
TrES-2 b,TrES-2,tres_2_b,MAST,data/raw/mast/lightkurve/tres_2_b/kepler/mastDownload/Kepler/kplr011446443_lc_Q111111110111011101/kplr011446443-2009259160929_llc.fits,6d41c0b2a8784c922789c5ceb53258b795d7b220c6026ff514d86c81dde65e83,kplr011446443-2009259160929_llc.fits,Kepler,kplr011446443-2009259160929_llc.fits,LIGHTCURVE,1,169.78543930966407,d,TIMESYS=TDB;BJDREFI=2454833;BJDREFF=0.0,long,1765.4628859418881,FITS_TIMEDEL,404483.28125,16.834907531738281,406518.3125,17.058731079101562,0,2978,617.57174694359151,847.70995448996871,-0.010916620492935181,-0.13300164043903351,2,,,,,KIC 11446443,Kepler,Kepler Photometer,822892 FluxExporter2PipelineModule,True,False,True,True,13,6d41c0b2a8784c922789c5ceb53258b795d7b220c6026ff514d86c81dde65e83,tres_2_b:kplr011446443-2009259160929_llc.fits,0.080480146634572813,0.99990135431289673,4.1958868678193539e-05,PDCSAP_FLUX,406518.3125,17.058731079101562,406558.40625,out_of_transit_median,segment_normalized,tres_2_b-e8e81778b059cb9a,0.99990135431289673,4.1958868678193539e-05
TrES-2 b,TrES-2,tres_2_b,MAST,data/raw/mast/lightkurve/tres_2_b/kepler/mastDownload/Kepler/kplr011446443_lc_Q111111110111011101/kplr011446443-2009259160929_llc.fits,6d41c0b2a8784c922789c5ceb53258b795d7b220c6026ff514d86c81dde65e83,kplr011446443-2009259160929_llc.fits,Kepler,kplr011446443-2009259160929_llc.fits,LIGHTCURVE,1,224.13918282429222,d,TIMESYS=TDB;BJDREFI=2454833;BJDREFF=0.0,long,1765.4628859418881,FITS_TIMEDEL,403225.8125,16.802936553955078,406604.03125,17.055685043334961,0,5638,617.59199562663241,847.87841068117598,0.0075542731210589409,0.020586661994457245,2,,,,,KIC 11446443,Kepler,Kepler Photometer,822892 FluxExporter2PipelineModule,True,False,True,True,2673,6d41c0b2a8784c922789c5ceb53258b795d7b220c6026ff514d86c81dde65e83,tres_2_b:kplr011446443-2009259160929_llc.fits,0.080729367262726059,1.0001121759414673,4.1951378079829738e-05,PDCSAP_FLUX,406604.03125,17.055685043334961,406558.40625,out_of_transit_median,segment_normalized,tres_2_b-e8e81778b059cb9a,1.0001121759414673,4.1951378079829738e-05
TrES-2 b,TrES-2,tres_2_b,MAST,data/raw/mast/lightkurve/tres_2_b/kepler/mastDownload/Kepler/kplr011446443_lc_Q111111110111011101/kplr011446443-2009259160929_llc.fits,6d41c0b2a8784c922789c5ceb53258b795d7b220c6026ff514d86c81dde65e83,kplr011446443-2009259160929_llc.fits,Kepler,kplr011446443-2009259160929_llc.fits,LIGHTCURVE,1,196.96249736420577,d,TIMESYS=TDB;BJDREFI=2454833;BJDREFF=0.0,long,1765.4628859418881,FITS_TIMEDEL,403008.4375,16.80497932434082,406563.34375,17.059656143188477,0,4308,617.59501351892288,847.77570768726775,0.010950745083391666,-0.079598359763622284,2,,,,,KIC 11446443,Kepler,Kepler Photometer,822892 FluxExporter2PipelineModule,True,False,True,True,1343,6d41c0b2a8784c922789c5ceb53258b795d7b220c6026ff514d86c81dde65e83,tres_2_b:kplr011446443-2009259160929_llc.fits,0.080791054176277965,1.0000121593475342,4.1961146052926779e-05,PDCSAP_FLUX,406563.34375,17.059656143188477,406558.40625,out_of_transit_median,segment_normalized,tres_2_b-e8e81778b059cb9a,1.0000121593475342,4.1961146052926779e-05
TrES-2 b,TrES-2,tres_2_b,MAST,data/raw/mast/lightkurve/tres_2_b/kepler/mastDownload/Kepler/kplr011446443_lc_Q111111110111011101/kplr011446443-2009166043257_llc.fits,10bfca91bdd928deda2e638de7a27cdc940b879452408a96b5be6146944639e9,kplr011446443-2009166043257_llc.fits,Kepler,kplr011446443-2009166043257_llc.fits,LIGHTCURVE,1,145.0806198709106,d,TIMESYS=TDB;BJDREFI=2454833;BJDREFF=0.0,long,1765.4628859418881,FITS_TIMEDEL,399766.0625,16.653518676757812,403633.84375,17.033279418945312,0,1769,621.20206576769635,848.94227729790543,-0.001767178880982101,-0.0044431891292333603,1,,,,,KIC 11446443,Kepler,Kepler Photometer,795945 FluxExporter2PipelineModule,True,False,True,True,664,10bfca91bdd928deda2e638de7a27cdc940b879452408a96b5be6146944639e9,tres_2_b:kplr011446443-2009166043257_llc.fits,0.08179447788109262,0.99984061717987061,4.2193103581666946e-05,PDCSAP_FLUX,403633.84375,17.033279418945312,403698.1875,out_of_transit_median,segment_normalized,tres_2_b-e8e81778b059cb9a,0.99984061717987061,4.2193103581666946e-05
TrES-2 b,TrES-2,tres_2_b,MAST,data/raw/mast/lightkurve/tres_2_b/kepler/mastDownload/Kepler/kplr011446443_lc_Q111111110111011101/kplr011446443-2009259160929_llc.fits,6d41c0b2a8784c922789c5ceb53258b795d7b220c6026ff514d86c81dde65e83,kplr011446443-2009259160929_llc.fits,Kepler,kplr011446443-2009259160929_llc.fits,LIGHTCURVE,1,253.78789934964152,d,TIMESYS=TDB;BJDREFI=2454833;BJDREFF=0.0,long,1765.4628859418881,FITS_TIMEDEL,403068.53125,16.795228958129883,406523.40625,17.044021606445312,0,7089,617.55752996838442,847.98216175077937,-0.02518734335899353,0.13149237632751465,2,,,,,KIC 11446443,Kepler,Kepler Photometer,822892 FluxExporter2PipelineModule,True,False,True,True,4124,6d41c0b2a8784c922789c5ceb53258b795d7b220c6026ff514d86c81dde65e83,tres_2_b:kplr011446443-2009259160929_llc.fits,0.08208536861202842,0.99991393089294434,4.1922688978957012e-05,PDCSAP_FLUX,406523.40625,17.044021606445312,406558.40625,out_of_transit_median,segment_normalized,tres_2_b-e8e81778b059cb9a,0.99991393089294434,4.1922688978957012e-05
TrES-2 b,TrES-2,tres_2_b,MAST,data/raw/mast/lightkurve/tres_2_b/kepler/mastDownload/Kepler/kplr011446443_lc_Q111111110111011101/kplr011446443-2009259160929_llc.fits,6d41c0b2a8784c922789c5ceb53258b795d7b220c6026ff514d86c81dde65e83,kplr011446443-2009259160929_llc.fits,Kepler,kplr011446443-2009259160929_llc.fits,LIGHTCURVE,1,172.25795244809706,d,TIMESYS=TDB;BJDREFI=2454833;BJDREFF=0.0,long,1765.4628859418881,FITS_TIMEDEL,403845.3125,16.822006225585938,406511.8125,17.069015502929688,0,3099,617.57719948017063,847.71953180047569,-0.0059209787286818027,-0.1267598420381546,2,,,,,KIC 11446443,Kepler,Kepler Photometer,822892 FluxExporter2PipelineModule,True,False,True,True,134,6d41c0b2a8784c922789c5ceb53258b795d7b220c6026ff514d86c81dde65e83,tres_2_b:kplr011446443-2009259160929_llc.fits,0.082379908067560015,0.99988538026809692,4.1984167182818055e-05,PDCSAP_FLUX,406511.8125,17.069015502929688,406558.40625,out_of_transit_median,segment_normalized,tres_2_b-e8e81778b059cb9a,0.99988538026809692,4.1984167182818055e-05
TrES-2 b,TrES-2,tres_2_b,MAST,data/raw/mast/lightkurve/tres_2_b/kepler/mastDownload/Kepler/kplr011446443_lc_Q111111110111011101/kplr011446443-2009259160929_llc.fits,6d41c0b2a8784c922789c5ceb53258b795d7b220c6026ff514d86c81dde65e83,kplr011446443-2009259160929_llc.fits,Kepler,kplr011446443-2009259160929_llc.fits,LIGHTCURVE,1,226.61162877490278,d,TIMESYS=TDB;BJDREFI=2454833;BJDREFF=0.0,long,1765.4628859418881,FITS_TIMEDEL,403184.78125,16.800069808959961,406603.5,17.050111770629883,0,5759,617.59551475474666,847.88163125612652,0.010822840966284275,0.023781895637512207,2,,,,,KIC 11446443,Kepler,Kepler Photometer,822892 FluxExporter2PipelineModule,True,False,True,True,2794,6d41c0b2a8784c922789c5ceb53258b795d7b220c6026ff514d86c81dde65e83,tres_2_b:kplr011446443-2009259160929_llc.fits,0.082561940873289386,1.0001108646392822,4.1937670175684616e-05,PDCSAP_FLUX,406603.5,17.050111770629883,406558.40625,out_of_transit_median,segment_normalized,tres_2_b-e8e81778b059cb9a,1.0001108646392822,4.1937670175684616e-05
TrES-2 b,TrES-2,tres_2_b,MAST,data/raw/mast/lightkurve/tres_2_b/kepler/mastDownload/Kepler/kplr011446443_lc_Q111111110111011101/kplr011446443-2009166043257_llc.fits,10bfca91bdd928deda2e638de7a27cdc940b879452408a96b5be6146944639e9,kplr011446443-2009166043257_llc.fits,Kepler,kplr011446443-2009166043257_llc.fits,LIGHTCURVE,1,147.55315404361318,d,TIMESYS=TDB;BJDREFI=2454833;BJDREFF=0.0,long,1765.4628859418881,FITS_TIMEDEL,399700.65625,16.650501251220703,403717.53125,17.036108016967773,0,1890,621.20201844244946,848.94931065340938,-0.00093065015971660614,4.5749718992738053e-05,1,,,,,KIC 11446443,Kepler,Kepler Photometer,795945 FluxExporter2PipelineModule,True,False,True,True,785,10bfca91bdd928deda2e638de7a27cdc940b879452408a96b5be6146944639e9,tres_2_b:kplr011446443-2009166043257_llc.fits,0.083715273583673477,1.0000479221343994,4.2200110328849405e-05,PDCSAP_FLUX,403717.53125,17.036108016967773,403698.1875,out_of_transit_median,segment_normalized,tres_2_b-e8e81778b059cb9a,1.0000479221343994,4.2200110328849405e-05
TrES-2 b,TrES-2,tres_2_b,MAST,data/raw/mast/lightkurve/tres_2_b/kepler/mastDownload/Kepler/kplr011446443_lc_Q111111110111011101/kplr011446443-2009259160929_llc.fits,6d41c0b2a8784c922789c5ceb53258b795d7b220c6026ff514d86c81dde65e83,kplr011446443-2009259160929_llc.fits,Kepler,kplr011446443-2009259160929_llc.fits,LIGHTCURVE,1,174.73046310723294,d,TIMESYS=TDB;BJDREFI=2454833;BJDREFF=0.0,long,1765.4628859418881,FITS_TIMEDEL,403604.5625,16.817840576171875,406514.46875,17.071168899536133,0,3220,617.58036026007971,847.72511382397352,-0.0027666653040796518,-0.12267544120550156,2,,,,,KIC 11446443,Kepler,Kepler Photometer,822892 FluxExporter2PipelineModule,True,False,True,True,255,6d41c0b2a8784c922789c5ceb53258b795d7b220c6026ff514d86c81dde65e83,tres_2_b:kplr011446443-2009259160929_llc.fits,0.084277190203438268,0.99989193677902222,4.1989464079961181e-05,PDCSAP_FLUX,406514.46875,17.071168899536133,406558.40625,out_of_transit_median,segment_normalized,tres_2_b-e8e81778b059cb9a,0.99989193677902222,4.1989464079961181e-05
TrES-2 b,TrES-2,tres_2_b,MAST,data/raw/mast/lightkurve/tres_2_b/kepler/mastDownload/Kepler/kplr011446443_lc_Q111111110111011101/kplr011446443-2009259160929_llc.fits,6d41c0b2a8784c922789c5ceb53258b795d7b220c6026ff514d86c81dde65e83,kplr011446443-2009259160929_llc.fits,Kepler,kplr011446443-2009259160929_llc.fits,LIGHTCURVE,1,229.08407153224107,d,TIMESYS=TDB;BJDREFI=2454833;BJDREFF=0.0,long,1765.4628859418881,FITS_TIMEDEL,403095.15625,16.797985076904297,406562.0625,17.043600082397461,0,5880,617.59807609638517,847.88520069945002,0.013117533177137375,0.027200322598218918,2,,,,,KIC 11446443,Kepler,Kepler Photometer,822892 FluxExporter2PipelineModule,True,False,True,True,2915,6d41c0b2a8784c922789c5ceb53258b795d7b220c6026ff514d86c81dde65e83,tres_2_b:kplr011446443-2009259160929_llc.fits,0.084391321211574999,1.0000089406967163,4.1921652154996991e-05,PDCSAP_FLUX,406562.0625,17.043600082397461,406558.40625,out_of_transit_median,segment_normalized,tres_2_b-e8e81778b059cb9a,1.0000089406967163,4.1921652154996991e-05
TrES-2 b,TrES-2,tres_2_b,MAST,data/raw/mast/lightkurve/tres_2_b/kepler/mastDownload/Kepler/kplr011446443_lc_Q111111110111011101/kplr011446443-2009259160929_llc.fits,6d41c0b2a8784c922789c5ceb53258b795d7b220c6026ff514d86c81dde65e83,kplr011446443-2009259160929_llc.fits,Kepler,kplr011446443-2009259160929_llc.fits,LIGHTCURVE,1,201.9074570236844,d,TIMESYS=TDB;BJDREFI=2454833;BJDREFF=0.0,long,1765.4628859418881,FITS_TIMEDEL,403192.71875,16.803335189819336,406589,17.063793182373047,0,4550,617.57669606571187,847.8329243180533,-0.0064764125272631645,-0.024375904351472855,2,,,,,KIC 11446443,Kepler,Kepler Photometer,822892 FluxExporter2PipelineModule,True,False,True,True,1585,6d41c0b2a8784c922789c5ceb53258b795d7b220c6026ff514d86c81dde65e83,tres_2_b:kplr011446443-2009259160929_llc.fits,0.084523959654905445,1.0000752210617065,4.1971321479650214e-05,PDCSAP_FLUX,406589,17.063793182373047,406558.40625,out_of_transit_median,segment_normalized,tres_2_b-e8e81778b059cb9a,1.0000752210617065,4.1971321479650214e-05
TrES-2 b,TrES-2,tres_2_b,MAST,data/raw/mast/lightkurve/tres_2_b/kepler/mastDownload/Kepler/kplr011446443_lc_Q111111110111011101/kplr011446443-2009131105131_llc.fits,e1699c5dd0089c35d908b711b302f72ba974edc68e030dae3e9a65d5065f7d0c,kplr011446443-2009131105131_llc.fits,Kepler,kplr011446443-2009131105131_llc.fits,LIGHTCURVE,1,122.84819000581047,d,TIMESYS=TDB;BJDREFI=2454833;BJDREFF=0.0,long,1765.4628859418881,FITS_TIMEDEL,401337.03125,16.693386077880859,406241.78125,16.975465774536133,0,681,621.2198372852356,848.89479106633701,0.0014505441067740321,-0.0029893822502344847,0,,,,,KIC 11446443,Kepler,Kepler Photometer,793548 FluxExporter2PipelineModule,True,False,True,True,113,e1699c5dd0089c35d908b711b302f72ba974edc68e030dae3e9a65d5065f7d0c,tres_2_b:kplr011446443-2009131105131_llc.fits,0.084885005780961365,1.0001747608184814,4.1793908167164773e-05,PDCSAP_FLUX,406241.78125,16.975465774536133,406170.8125,out_of_transit_median,segment_normalized,tres_2_b-e8e81778b059cb9a,1.0001747608184814,4.1793908167164773e-05
TrES-2 b,TrES-2,tres_2_b,MAST,data/raw/mast/lightkurve/tres_2_b/kepler/mastDownload/Kepler/kplr011446443_lc_Q111111110111011101/kplr011446443-2009131105131_llc.fits,e1699c5dd0089c35d908b711b302f72ba974edc68e030dae3e9a65d5065f7d0c,kplr011446443-2009131105131_llc.fits,Kepler,kplr011446443-2009131105131_llc.fits,LIGHTCURVE,1,125.32073404063703,d,TIMESYS=TDB;BJDREFI=2454833;BJDREFF=0.0,long,1765.4628859418881,FITS_TIMEDEL,401263.6875,16.695644378662109,406186.0625,16.98790168762207,0,802,621.21786842977485,848.89952429848961,4.8601381422486156e-05,-0.00026695619453676045,0,,,,,KIC 11446443,Kepler,Kepler Photometer,793548 FluxExporter2PipelineModule,True,False,True,True,234,e1699c5dd0089c35d908b711b302f72ba974edc68e030dae3e9a65d5065f7d0c,tres_2_b:kplr011446443-2009131105131_llc.fits,0.086815663607530569,1.0000375509262085,4.1824525396805257e-05,PDCSAP_FLUX,406186.0625,16.98790168762207,406170.8125,out_of_transit_median,segment_normalized,tres_2_b-e8e81778b059cb9a,1.0000375509262085,4.1824525396805257e-05
TrES-2 b,TrES-2,tres_2_b,MAST,data/raw/mast/lightkurve/tres_2_b/kepler/mastDownload/Kepler/kplr011446443_lc_Q111111110111011101/kplr011446443-2009166043257_llc.fits,10bfca91bdd928deda2e638de7a27cdc940b879452408a96b5be6146944639e9,kplr011446443-2009166043257_llc.fits,Kepler,kplr011446443-2009166043257_llc.fits,LIGHTCURVE,1,152.49821737722232,d,TIMESYS=TDB;BJDREFI=2454833;BJDREFF=0.0,long,1765.4628859418881,FITS_TIMEDEL,399389.09375,16.646873474121094,403721.8125,17.028358459472656,0,2132,621.20084198965469,848.96083575051648,-4.5928038161946461e-05,0.0066302712075412273,1,,,,,KIC 11446443,Kepler,Kepler Photometer,795945 FluxExporter2PipelineModule,True,False,True,True,1027,10bfca91bdd928deda2e638de7a27cdc940b879452408a96b5be6146944639e9,tres_2_b:kplr011446443-2009166043257_llc.fits,0.087551853192815221,1.0000585317611694,4.2180912714684382e-05,PDCSAP_FLUX,403721.8125,17.028358459472656,403698.1875,out_of_transit_median,segment_normalized,tres_2_b-e8e81778b059cb9a,1.0000585317611694,4.2180912714684382e-05
TrES-2 b,TrES-2,tres_2_b,MAST,data/raw/mast/lightkurve/tres_2_b/kepler/mastDownload/Kepler/kplr011446443_lc_Q111111110111011101/kplr011446443-2009259160929_llc.fits,6d41c0b2a8784c922789c5ceb53258b795d7b220c6026ff514d86c81dde65e83,kplr011446443-2009259160929_llc.fits,Kepler,kplr011446443-2009259160929_llc.fits,LIGHTCURVE,1,234.02894777723122,d,TIMESYS=TDB;BJDREFI=2454833;BJDREFF=0.0,long,1765.4628859418881,FITS_TIMEDEL,403153.375,16.798583984375,406601.59375,17.045841217041016,0,6122,617.57780762721006,847.91140837735497,-0.0058812494389712811,0.053917229175567627,2,,,,,KIC 11446443,Kepler,Kepler Photometer,822892 FluxExporter2PipelineModule,True,False,True,True,3157,6d41c0b2a8784c922789c5ceb53258b795d7b220c6026ff514d86c81dde65e83,tres_2_b:kplr011446443-2009259160929_llc.fits,0.088040812201730434,1.0001062154769897,4.1927163692889735e-05,PDCSAP_FLUX,406601.59375,17.045841217041016,406558.40625,out_of_transit_median,segment_normalized,tres_2_b-e8e81778b059cb9a,1.0001062154769897,4.1927163692889735e-05
TrES-2 b,TrES-2,tres_2_b,MAST,data/raw/mast/lightkurve/tres_2_b/kepler/mastDownload/Kepler/kplr011446443_lc_Q111111110111011101/kplr011446443-2009259160929_llc.fits,6d41c0b2a8784c922789c5ceb53258b795d7b220c6026ff514d86c81dde65e83,kplr011446443-2009259160929_llc.fits,Kepler,kplr011446443-2009259160929_llc.fits,LIGHTCURVE,1,206.85240415454609,d,TIMESYS=TDB;BJDREFI=2454833;BJDREFF=0.0,long,1765.4628859418881,FITS_TIMEDEL,403198.15625,16.804636001586914,406572.84375,17.063070297241211,0,4792,617.57980611418827,847.84347140702289,-0.0035398260224610567,-0.014008183963596821,2,,,,,KIC 11446443,Kepler,Kepler Photometer,822892 FluxExporter2PipelineModule,True,False,True,True,1827,6d41c0b2a8784c922789c5ceb53258b795d7b220c6026ff514d86c81dde65e83,tres_2_b:kplr011446443-2009259160929_llc.fits,0.08824433651659791,1.0000355243682861,4.1969542508013546e-05,PDCSAP_FLUX,406572.84375,17.063070297241211,406558.40625,out_of_transit_median,segment_normalized,tres_2_b-e8e81778b059cb9a,1.0000355243682861,4.1969542508013546e-05
TrES-2 b,TrES-2,tres_2_b,MAST,data/raw/mast/lightkurve/tres_2_b/kepler/mastDownload/Kepler/kplr011446443_lc_Q111111110111011101/kplr011446443-2009131105131_llc.fits,e1699c5dd0089c35d908b711b302f72ba974edc68e030dae3e9a65d5065f7d0c,kplr011446443-2009131105131_llc.fits,Kepler,kplr011446443-2009131105131_llc.fits,LIGHTCURVE,1,127.7932776634625,d,TIMESYS=TDB;BJDREFI=2454833;BJDREFF=0.0,long,1765.4628859418881,FITS_TIMEDEL,401146.53125,16.69354248046875,406189.5,16.9937744140625,0,923,621.21557104632132,848.90358823291808,-0.0015331677859649062,0.0018605090444907546,0,,,,,KIC 11446443,Kepler,Kepler Photometer,793548 FluxExporter2PipelineModule,True,False,True,True,355,e1699c5dd0089c35d908b711b302f72ba974edc68e030dae3e9a65d5065f7d0c,tres_2_b:kplr011446443-2009131105131_llc.fits,0.088745909433000092,1.0000460147857666,4.1838986362563446e-05,PDCSAP_FLUX,406189.5,16.9937744140625,406170.8125,out_of_transit_median,segment_normalized,tres_2_b-e8e81778b059cb9a,1.0000460147857666,4.1838986362563446e-05
TrES-2 b,TrES-2,tres_2_b,MAST,data/raw/mast/lightkurve/tres_2_b/kepler/mastDownload/Kepler/kplr011446443_lc_Q111111110111011101/kplr011446443-2009166043257_llc.fits,10bfca91bdd928deda2e638de7a27cdc940b879452408a96b5be6146944639e9,kplr011446443-2009166043257_llc.fits,Kepler,kplr011446443-2009166043257_llc.fits,LIGHTCURVE,1,154.9707462305596,d,TIMESYS=TDB;BJDREFI=2454833;BJDREFF=0.0,long,1765.4628859418881,FITS_TIMEDEL,399252.28125,16.64666748046875,403761.625,17.017961502075195,0,2253,621.20211590879057,848.96815523620808,0.0023262067697942257,0.01120632141828537,1,,,,,KIC 11446443,Kepler,Kepler Photometer,795945 FluxExporter2PipelineModule,True,False,True,True,1148,10bfca91bdd928deda2e638de7a27cdc940b879452408a96b5be6146944639e9,tres_2_b:kplr011446443-2009166043257_llc.fits,0.089467329530099393,1.0001571178436279,4.215515946270898e-05,PDCSAP_FLUX,403761.625,17.017961502075195,403698.1875,out_of_transit_median,segment_normalized,tres_2_b-e8e81778b059cb9a,1.0001571178436279,4.215515946270898e-05
TrES-2 b,TrES-2,tres_2_b,MAST,data/raw/mast/lightkurve/tres_2_b/kepler/mastDownload/Kepler/kplr011446443_lc_Q111111110111011101/kplr011446443-2009259160929_llc.fits,6d41c0b2a8784c922789c5ceb53258b795d7b220c6026ff514d86c81dde65e83,kplr011446443-2009259160929_llc.fits,Kepler,kplr011446443-2009259160929_llc.fits,LIGHTCURVE,1,236.50138123263605,d,TIMESYS=TDB;BJDREFI=2454833;BJDREFF=0.0,long,1765.4628859418881,FITS_TIMEDEL,402977.9375,16.793794631958008,406512.78125,17.049589157104492,0,6243,617.58286094413427,847.91489280163501,-0.0011114160297438502,0.057284824550151825,2,,,,,KIC 11446443,Kepler,Kepler Photometer,822892 FluxExporter2PipelineModule,True,False,True,True,3278,6d41c0b2a8784c922789c5ceb53258b795d7b220c6026ff514d86c81dde65e83,tres_2_b:kplr011446443-2009259160929_llc.fits,0.08986089060655611,0.99988776445388794,4.1936382331186906e-05,PDCSAP_FLUX,406512.78125,17.049589157104492,406558.40625,out_of_transit_median,segment_normalized,tres_2_b-e8e81778b059cb9a,0.99988776445388794,4.1936382331186906e-05
TrES-2 b,TrES-2,tres_2_b,MAST,data/raw/mast/lightkurve/tres_2_b/kepler/mastDownload/Kepler/kplr011446443_lc_Q111111110111011101/kplr011446443-2009259160929_llc.fits,6d41c0b2a8784c922789c5ceb53258b795d7b220c6026ff514d86c81dde65e83,kplr011446443-2009259160929_llc.fits,Kepler,kplr011446443-2009259160929_llc.fits,LIGHTCURVE,1,209.3248727437458,d,TIMESYS=TDB;BJDREFI=2454833;BJDREFF=0.0,long,1765.4628859418881,FITS_TIMEDEL,403185.78125,16.80504035949707,406529.15625,17.065448760986328,0,4913,617.58106958843643,847.84863611683261,-0.0024513299576938152,-0.0089092142879962921,2,,,,,KIC 11446443,Kepler,Kepler Photometer,822892 FluxExporter2PipelineModule,True,False,True,True,1948,6d41c0b2a8784c922789c5ceb53258b795d7b220c6026ff514d86c81dde65e83,tres_2_b:kplr011446443-2009259160929_llc.fits,0.090099548716304989,0.9999280571937561,4.197539237793535e-05,PDCSAP_FLUX,406529.15625,17.065448760986328,406558.40625,out_of_transit_median,segment_normalized,tres_2_b-e8e81778b059cb9a,0.9999280571937561,4.197539237793535e-05
TrES-2 b,TrES-2,tres_2_b,MAST,data/raw/mast/lightkurve/tres_2_b/kepler/mastDownload/Kepler/kplr011446443_lc_Q111111110111011101/kplr011446443-2009166043257_llc.fits,10bfca91bdd928deda2e638de7a27cdc940b879452408a96b5be6146944639e9,kplr011446443-2009166043257_llc.fits,Kepler,kplr011446443-2009166043257_llc.fits,LIGHTCURVE,1,157.4432731085617,d,TIMESYS=TDB;BJDREFI=2454833;BJDREFF=0.0,long,1765.4628859418881,FITS_TIMEDEL,399044.3125,16.640363693237305,403720.875,17.020015716552734,0,2374,621.19866945753358,848.97676049122344,6.0713078710250556e-05,0.017249345779418945,1,,,,,KIC 11446443,Kepler,Kepler Photometer,795945 FluxExporter2PipelineModule,True,False,True,True,1269,10bfca91bdd928deda2e638de7a27cdc940b879452408a96b5be6146944639e9,tres_2_b:kplr011446443-2009166043257_llc.fits,0.091380830532199253,1.0000561475753784,4.2160248995060101e-05,PDCSAP_FLUX,403720.875,17.020015716552734,403698.1875,out_of_transit_median,segment_normalized,tres_2_b-e8e81778b059cb9a,1.0000561475753784,4.2160248995060101e-05
TrES-2 b,TrES-2,tres_2_b,MAST,data/raw/mast/lightkurve/tres_2_b/kepler/mastDownload/Kepler/kplr011446443_lc_Q111111110111011101/kplr011446443-2009259160929_llc.fits,6d41c0b2a8784c922789c5ceb53258b795d7b220c6026ff514d86c81dde65e83,kplr011446443-2009259160929_llc.fits,Kepler,kplr011446443-2009259160929_llc.fits,LIGHTCURVE,1,238.97381163074169,d,TIMESYS=TDB;BJDREFI=2454833;BJDREFF=0.0,long,1765.4628859418881,FITS_TIMEDEL,402965.15625,16.793657302856445,406507.84375,17.049470901489258,0,6364,617.5849783409393,847.91866248783322,0.00097657728474587202,0.061162177473306656,2,,,,,KIC 11446443,Kepler,Kepler Photometer,822892 FluxExporter2PipelineModule,True,False,True,True,3399,6d41c0b2a8784c922789c5ceb53258b795d7b220c6026ff514d86c81dde65e83,tres_2_b:kplr011446443-2009259160929_llc.fits,0.091677911712199966,0.99987560510635376,4.1936091292882338e-05,PDCSAP_FLUX,406507.84375,17.049470901489258,406558.40625,out_of_transit_median,segment_normalized,tres_2_b-e8e81778b059cb9a,0.99987560510635376,4.1936091292882338e-05
TrES-2 b,TrES-2,tres_2_b,MAST,data/raw/mast/lightkurve/tres_2_b/kepler/mastDownload/Kepler/kplr011446443_lc_Q111111110111011101/kplr011446443-2009259160929_llc.fits,6d41c0b2a8784c922789c5ceb53258b795d7b220c6026ff514d86c81dde65e83,kplr011446443-2009259160929_llc.fits,Kepler,kplr011446443-2009259160929_llc.fits,LIGHTCURVE,1,211.79733829589532,d,TIMESYS=TDB;BJDREFI=2454833;BJDREFF=0.0,long,1765.4628859418881,FITS_TIMEDEL,403210.84375,16.802280426025391,406526.90625,17.063114166259766,0,5034,617.582570251829,847.85338754461065,-0.0012075202539563179,-0.0040642227977514267,2,,,,,KIC 11446443,Kepler,Kepler Photometer,822892 FluxExporter2PipelineModule,True,False,True,True,2069,6d41c0b2a8784c922789c5ceb53258b795d7b220c6026ff514d86c81dde65e83,tres_2_b:kplr011446443-2009259160929_llc.fits,0.09195172386582029,0.99992251396179199,4.1969651647377759e-05,PDCSAP_FLUX,406526.90625,17.063114166259766,406558.40625,out_of_transit_median,segment_normalized,tres_2_b-e8e81778b059cb9a,0.99992251396179199,4.1969651647377759e-05
TrES-2 b,TrES-2,tres_2_b,MAST,data/raw/mast/lightkurve/tres_2_b/kepler/mastDownload/Kepler/kplr011446443_lc_Q111111110111011101/kplr011446443-2009166043257_llc.fits,10bfca91bdd928deda2e638de7a27cdc940b879452408a96b5be6146944639e9,kplr011446443-2009166043257_llc.fits,Kepler,kplr011446443-2009166043257_llc.fits,LIGHTCURVE,1,132.73836187104462,d,TIMESYS=TDB;BJDREFI=2454833;BJDREFF=0.0,long,1765.4628859418881,FITS_TIMEDEL,400391,16.666049957275391,403697.8125,17.023574829101562,0,1165,621.21155794758454,848.91396140942823,0.0042118276469409466,-0.022245472297072411,1,,,,,KIC 11446443,Kepler,Kepler Photometer,795945 FluxExporter2PipelineModule,True,False,True,True,60,10bfca91bdd928deda2e638de7a27cdc940b879452408a96b5be6146944639e9,tres_2_b:kplr011446443-2009166043257_llc.fits,0.092603363015113294,0.99999904632568359,4.2169063817709684e-05,PDCSAP_FLUX,403697.8125,17.023574829101562,403698.1875,out_of_transit_median,segment_normalized,tres_2_b-e8e81778b059cb9a,0.99999904632568359,4.2169063817709684e-05
TrES-2 b,TrES-2,tres_2_b,MAST,data/raw/mast/lightkurve/tres_2_b/kepler/mastDownload/Kepler/kplr011446443_lc_Q111111110111011101/kplr011446443-2009166043257_llc.fits,10bfca91bdd928deda2e638de7a27cdc940b879452408a96b5be6146944639e9,kplr011446443-2009166043257_llc.fits,Kepler,kplr011446443-2009166043257_llc.fits,LIGHTCURVE,1,159.9157979146039,d,TIMESYS=TDB;BJDREFI=2454833;BJDREFF=0.0,long,1765.4628859418881,FITS_TIMEDEL,398916.8125,16.638565063476562,403728.84375,17.009832382202148,0,2495,621.19889858810996,848.9825655323059,0.0011006196727976203,0.021003331989049911,1,,,,,KIC 11446443,Kepler,Kepler Photometer,795945 FluxExporter2PipelineModule,True,False,True,True,1390,10bfca91bdd928deda2e638de7a27cdc940b879452408a96b5be6146944639e9,tres_2_b:kplr011446443-2009166043257_llc.fits,0.093292259574401237,1.0000759363174438,4.2135023250011727e-05,PDCSAP_FLUX,403728.84375,17.009832382202148,403698.1875,out_of_transit_median,segment_normalized,tres_2_b-e8e81778b059cb9a,1.0000759363174438,4.2135023250011727e-05
TrES-2 b,TrES-2,tres_2_b,MAST,data/raw/mast/lightkurve/tres_2_b/kepler/mastDownload/Kepler/kplr011446443_lc_Q111111110111011101/kplr011446443-2009259160929_llc.fits,6d41c0b2a8784c922789c5ceb53258b795d7b220c6026ff514d86c81dde65e83,kplr011446443-2009259160929_llc.fits,Kepler,kplr011446443-2009259160929_llc.fits,LIGHTCURVE,1,241.44623901834711,d,TIMESYS=TDB;BJDREFI=2454833;BJDREFF=0.0,long,1765.4628859418881,FITS_TIMEDEL,402950.6875,16.795478820800781,406507.25,17.051759719848633,0,6485,617.58806988908327,847.92159213812113,0.0038202868308871984,0.064409807324409485,2,,,,,KIC 11446443,Kepler,Kepler Photometer,822892 FluxExporter2PipelineModule,True,False,True,True,3520,6d41c0b2a8784c922789c5ceb53258b795d7b220c6026ff514d86c81dde65e83,tres_2_b:kplr011446443-2009259160929_llc.fits,0.093491922317621379,0.99987417459487915,4.1941722884075716e-05,PDCSAP_FLUX,406507.25,17.051759719848633,406558.40625,out_of_transit_median,segment_normalized,tres_2_b-e8e81778b059cb9a,0.99987417459487915,4.1941722884075716e-05
TrES-2 b,TrES-2,tres_2_b,MAST,data/raw/mast/lightkurve/tres_2_b/kepler/mastDownload/Kepler/kplr011446443_lc_Q111111110111011101/kplr011446443-2009259160929_llc.fits,6d41c0b2a8784c922789c5ceb53258b795d7b220c6026ff514d86c81dde65e83,kplr011446443-2009259160929_llc.fits,Kepler,kplr011446443-2009259160929_llc.fits,LIGHTCURVE,1,187.09297471598256,d,TIMESYS=TDB;BJDREFI=2454833;BJDREFF=0.0,long,1765.4628859418881,FITS_TIMEDEL,403275.875,16.813270568847656,406577.90625,17.064416885375977,0,3825,617.58816457360604,847.75367471214724,0.0047257510013878345,-0.099014513194561005,2,,,,,KIC 11446443,Kepler,Kepler Photometer,822892 FluxExporter2PipelineModule,True,False,True,True,860,6d41c0b2a8784c922789c5ceb53258b795d7b220c6026ff514d86c81dde65e83,tres_2_b:kplr011446443-2009259160929_llc.fits,0.093721913953067171,1.0000479221343994,4.1972853068728e-05,PDCSAP_FLUX,406577.90625,17.064416885375977,406558.40625,out_of_transit_median,segment_normalized,tres_2_b-e8e81778b059cb9a,1.0000479221343994,4.1972853068728e-05
TrES-2 b,TrES-2,tres_2_b,MAST,data/raw/mast/lightkurve/tres_2_b/kepler/mastDownload/Kepler/kplr011446443_lc_Q111111110111011101/kplr011446443-2009166043257_llc.fits,10bfca91bdd928deda2e638de7a27cdc940b879452408a96b5be6146944639e9,kplr011446443-2009166043257_llc.fits,Kepler,kplr011446443-2009166043257_llc.fits,LIGHTCURVE,1,135.21090280921635,d,TIMESYS=TDB;BJDREFI=2454833;BJDREFF=0.0,long,1765.4628859418881,FITS_TIMEDEL,400295.75,16.663064956665039,403687.90625,17.046123504638672,0,1286,621.20871343657814,848.91909188353702,0.0018118631560355425,-0.019028043374419212,1,,,,,KIC 11446443,Kepler,Kepler Photometer,795945 FluxExporter2PipelineModule,True,False,True,True,181,10bfca91bdd928deda2e638de7a27cdc940b879452408a96b5be6146944639e9,tres_2_b:kplr011446443-2009166043257_llc.fits,0.094530924186846166,0.99997454881668091,4.2224921344313771e-05,PDCSAP_FLUX,403687.90625,17.046123504638672,403698.1875,out_of_transit_median,segment_normalized,tres_2_b-e8e81778b059cb9a,0.99997454881668091,4.2224921344313771e-05
TrES-2 b,TrES-2,tres_2_b,MAST,data/raw/mast/lightkurve/tres_2_b/kepler/mastDownload/Kepler/kplr011446443_lc_Q111111110111011101/kplr011446443-2009166043257_llc.fits,10bfca91bdd928deda2e638de7a27cdc940b879452408a96b5be6146944639e9,kplr011446443-2009166043257_llc.fits,Kepler,kplr011446443-2009166043257_llc.fits,LIGHTCURVE,1,162.38832065578754,d,TIMESYS=TDB;BJDREFI=2454833;BJDREFF=0.0,long,1765.4628859418881,FITS_TIMEDEL,398763.5625,16.639808654785156,403723.5625,16.99755859375,0,2616,621.19713016334424,848.99278846039772,0.00067258259514346719,0.028675142675638199,1,,,,,KIC 11446443,Kepler,Kepler Photometer,795945 FluxExporter2PipelineModule,True,False,True,True,1511,10bfca91bdd928deda2e638de7a27cdc940b879452408a96b5be6146944639e9,tres_2_b:kplr011446443-2009166043257_llc.fits,0.095201623758039977,1.0000628232955933,4.2104620661120862e-05,PDCSAP_FLUX,403723.5625,16.99755859375,403698.1875,out_of_transit_median,segment_normalized,tres_2_b-e8e81778b059cb9a,1.0000628232955933,4.2104620661120862e-05
TrES-2 b,TrES-2,tres_2_b,MAST,data/raw/mast/lightkurve/tres_2_b/kepler/mastDownload/Kepler/kplr011446443_lc_Q111111110111011101/kplr011446443-2009259160929_llc.fits,6d41c0b2a8784c922789c5ceb53258b795d7b220c6026ff514d86c81dde65e83,kplr011446443-2009259160929_llc.fits,Kepler,kplr011446443-2009259160929_llc.fits,LIGHTCURVE,1,243.91866344760638,d,TIMESYS=TDB;BJDREFI=2454833;BJDREFF=0.0,long,1765.4628859418881,FITS_TIMEDEL,402917.65625,16.793588638305664,406496.625,17.03986930847168,0,6606,617.59156113048698,847.92470907305437,0.0071679353713989258,0.06763574481010437,2,,,,,KIC 11446443,Kepler,Kepler Photometer,822892 FluxExporter2PipelineModule,True,False,True,True,3641,6d41c0b2a8784c922789c5ceb53258b795d7b220c6026ff514d86c81dde65e83,tres_2_b:kplr011446443-2009259160929_llc.fits,0.095302974576884525,0.99984806776046753,4.1912477172445506e-05,PDCSAP_FLUX,406496.625,17.03986930847168,406558.40625,out_of_transit_median,segment_normalized,tres_2_b-e8e81778b059cb9a,0.99984806776046753,4.1912477172445506e-05
TrES-2 b,TrES-2,tres_2_b,MAST,data/raw/mast/lightkurve/tres_2_b/kepler/mastDownload/Kepler/kplr011446443_lc_Q111111110111011101/kplr011446443-2009259160929_llc.fits,6d41c0b2a8784c922789c5ceb53258b795d7b220c6026ff514d86c81dde65e83,kplr011446443-2009259160929_llc.fits,Kepler,kplr011446443-2009259160929_llc.fits,LIGHTCURVE,1,189.56546831468586,d,TIMESYS=TDB;BJDREFI=2454833;BJDREFF=0.0,long,1765.4628859418881,FITS_TIMEDEL,403063.1875,16.808876037597656,406554.3125,17.06451416015625,0,3946,617.59061571801999,847.75997845192524,0.0071201245300471783,-0.093937389552593231,2,,,,,KIC 11446443,Kepler,Kepler Photometer,822892 FluxExporter2PipelineModule,True,False,True,True,981,6d41c0b2a8784c922789c5ceb53258b795d7b220c6026ff514d86c81dde65e83,tres_2_b:kplr011446443-2009259160929_llc.fits,0.09560213565636233,0.99998992681503296,4.1973093175329268e-05,PDCSAP_FLUX,406554.3125,17.06451416015625,406558.40625,out_of_transit_median,segment_normalized,tres_2_b-e8e81778b059cb9a,0.99998992681503296,4.1973093175329268e-05
TrES-2 b,TrES-2,tres_2_b,MAST,data/raw/mast/lightkurve/tres_2_b/kepler/mastDownload/Kepler/kplr011446443_lc_Q111111110111011101/kplr011446443-2009259160929_llc.fits,6d41c0b2a8784c922789c5ceb53258b795d7b220c6026ff514d86c81dde65e83,kplr011446443-2009259160929_llc.fits,Kepler,kplr011446443-2009259160929_llc.fits,LIGHTCURVE,1,216.74225886113709,d,TIMESYS=TDB;BJDREFI=2454833;BJDREFF=0.0,long,1765.4628859418881,FITS_TIMEDEL,403278.96875,16.803054809570312,406551.59375,17.062976837158203,0,5276,617.58398515236661,847.86443427638187,-7.9189747339114547e-05,0.0069474764168262482,2,,,,,KIC 11446443,Kepler,Kepler Photometer,822892 FluxExporter2PipelineModule,True,False,True,True,2311,6d41c0b2a8784c922789c5ceb53258b795d7b220c6026ff514d86c81dde65e83,tres_2_b:kplr011446443-2009259160929_llc.fits,0.095645535107593771,0.99998325109481812,4.19693133153487e-05,PDCSAP_FLUX,406551.59375,17.062976837158203,406558.40625,out_of_transit_median,segment_normalized,tres_2_b-e8e81778b059cb9a,0.99998325109481812,4.19693133153487e-05
TrES-2 b,TrES-2,tres_2_b,MAST,data/raw/mast/lightkurve/tres_2_b/kepler/mastDownload/Kepler/kplr011446443_lc_Q111111110111011101/kplr011446443-2009166043257_llc.fits,10bfca91bdd928deda2e638de7a27cdc940b879452408a96b5be6146944639e9,kplr011446443-2009166043257_llc.fits,Kepler,kplr011446443-2009166043257_llc.fits,LIGHTCURVE,1,137.68344254272961,d,TIMESYS=TDB;BJDREFI=2454833;BJDREFF=0.0,long,1765.4628859418881,FITS_TIMEDEL,400156.375,16.659626007080078,403641,17.045862197875977,0,1407,621.20718527314523,848.92336438404277,0.00083954830188304186,-0.016423337161540985,1,,,,,KIC 11446443,Kepler,Kepler Photometer,795945 FluxExporter2PipelineModule,True,False,True,True,302,10bfca91bdd928deda2e638de7a27cdc940b879452408a96b5be6146944639e9,tres_2_b:kplr011446443-2009166043257_llc.fits,0.096457280700104731,0.9998583197593689,4.2224273784086108e-05,PDCSAP_FLUX,403641,17.045862197875977,403698.1875,out_of_transit_median,segment_normalized,tres_2_b-e8e81778b059cb9a,0.9998583197593689,4.2224273784086108e-05
TrES-2 b,TrES-2,tres_2_b,MAST,data/raw/mast/lightkurve/tres_2_b/kepler/mastDownload/Kepler/kplr011446443_lc_Q111111110111011101/kplr011446443-2009259160929_llc.fits,6d41c0b2a8784c922789c5ceb53258b795d7b220c6026ff514d86c81dde65e83,kplr011446443-2009259160929_llc.fits,Kepler,kplr011446443-2009259160929_llc.fits,LIGHTCURVE,1,192.03795900917612,d,TIMESYS=TDB;BJDREFI=2454833;BJDREFF=0.0,long,1765.4628859418881,FITS_TIMEDEL,403008.84375,16.80572509765625,406545.21875,17.060127258300781,0,4067,617.59202809470548,847.76587435332044,0.0083600208163261414,-0.08865848183631897,2,,,,,KIC 11446443,Kepler,Kepler Photometer,822892 FluxExporter2PipelineModule,True,False,True,True,1102,6d41c0b2a8784c922789c5ceb53258b795d7b220c6026ff514d86c81dde65e83,tres_2_b:kplr011446443-2009259160929_llc.fits,0.097479453146623873,0.99996757507324219,4.1962302930187434e-05,PDCSAP_FLUX,406545.21875,17.060127258300781,406558.40625,out_of_transit_median,segment_normalized,tres_2_b-e8e81778b059cb9a,0.99996757507324219,4.1962302930187434e-05
TrES-2 b,TrES-2,tres_2_b,MAST,data/raw/mast/lightkurve/tres_2_b/kepler/mastDownload/Kepler/kplr011446443_lc_Q111111110111011101/kplr011446443-2009259160929_llc.fits,6d41c0b2a8784c922789c5ceb53258b795d7b220c6026ff514d86c81dde65e83,kplr011446443-2009259160929_llc.fits,Kepler,kplr011446443-2009259160929_llc.fits,LIGHTCURVE,1,219.21471457165899,d,TIMESYS=TDB;BJDREFI=2454833;BJDREFF=0.0,long,1765.4628859418881,FITS_TIMEDEL,403271.5625,16.803325653076172,406561.875,17.063356399536133,0,5397,617.58675125149512,847.86888994934282,0.0024994534905999899,0.011174877174198627,2,,,,,KIC 11446443,Kepler,Kepler Photometer,822892 FluxExporter2PipelineModule,True,False,True,True,2432,6d41c0b2a8784c922789c5ceb53258b795d7b220c6026ff514d86c81dde65e83,tres_2_b:kplr011446443-2009259160929_llc.fits,0.097487868629493102,1.0000085830688477,4.1970244637923315e-05,PDCSAP_FLUX,406561.875,17.063356399536133,406558.40625,out_of_transit_median,segment_normalized,tres_2_b-e8e81778b059cb9a,1.0000085830688477,4.1970244637923315e-05
TrES-2 b,TrES-2,tres_2_b,MAST,data/raw/mast/lightkurve/tres_2_b/kepler/mastDownload/Kepler/kplr011446443_lc_Q111111110111011101/kplr011446443-2009166043257_llc.fits,10bfca91bdd928deda2e638de7a27cdc940b879452408a96b5be6146944639e9,kplr011446443-2009166043257_llc.fits,Kepler,kplr011446443-2009166043257_llc.fits,LIGHTCURVE,1,140.15598105353274,d,TIMESYS=TDB;BJDREFI=2454833;BJDREFF=0.0,long,1765.4628859418881,FITS_TIMEDEL,400120.15625,16.65941047668457,403703.03125,17.042545318603516,0,1528,621.20612072595168,848.92983611310171,0.00028557775658555329,-0.011866175569593906,1,,,,,KIC 11446443,Kepler,Kepler Photometer,795945 FluxExporter2PipelineModule,True,False,True,True,423,10bfca91bdd928deda2e638de7a27cdc940b879452408a96b5be6146944639e9,tres_2_b:kplr011446443-2009166043257_llc.fits,0.098382414503238147,1.0000120401382446,4.2216055589960888e-05,PDCSAP_FLUX,403703.03125,17.042545318603516,403698.1875,out_of_transit_median,segment_normalized,tres_2_b-e8e81778b059cb9a,1.0000120401382446,4.2216055589960888e-05
TrES-2 b,TrES-2,tres_2_b,MAST,data/raw/mast/lightkurve/tres_2_b/kepler/mastDownload/Kepler/kplr011446443_lc_Q111111110111011101/kplr011446443-2009259160929_llc.fits,6d41c0b2a8784c922789c5ceb53258b795d7b220c6026ff514d86c81dde65e83,kplr011446443-2009259160929_llc.fits,Kepler,kplr011446443-2009259160929_llc.fits,LIGHTCURVE,1,248.86350346647669,d,TIMESYS=TDB;BJDREFI=2454833;BJDREFF=0.0,long,1765.4628859418881,FITS_TIMEDEL,403125.78125,16.796417236328125,406639.125,17.054292678833008,0,6848,617.55342641386721,847.9749332555632,-0.028899097815155983,0.12295827269554138,2,,,,,KIC 11446443,Kepler,Kepler Photometer,822892 FluxExporter2PipelineModule,True,False,True,True,3883,6d41c0b2a8784c922789c5ceb53258b795d7b220c6026ff514d86c81dde65e83,tres_2_b:kplr011446443-2009259160929_llc.fits,0.098916239447193854,1.0001984834671021,4.1947951103793457e-05,PDCSAP_FLUX,406639.125,17.054292678833008,406558.40625,out_of_transit_median,segment_normalized,tres_2_b-e8e81778b059cb9a,1.0001984834671021,4.1947951103793457e-05
TrES-2 b,TrES-2,tres_2_b,MAST,data/raw/mast/lightkurve/tres_2_b/kepler/mastDownload/Kepler/kplr011446443_lc_Q111111110111011101/kplr011446443-2009259160929_llc.fits,6d41c0b2a8784c922789c5ceb53258b795d7b220c6026ff514d86c81dde65e83,kplr011446443-2009259160929_llc.fits,Kepler,kplr011446443-2009259160929_llc.fits,LIGHTCURVE,1,221.68716704047984,d,TIMESYS=TDB;BJDREFI=2454833;BJDREFF=0.0,long,1765.4628859418881,FITS_TIMEDEL,403196.75,16.80128288269043,406550.78125,17.060871124267578,0,5518,617.58936629751099,847.87397968718381,0.0051625589840114117,0.016176227480173111,2,,,,,KIC 11446443,Kepler,Kepler Photometer,822892 FluxExporter2PipelineModule,True,False,True,True,2553,6d41c0b2a8784c922789c5ceb53258b795d7b220c6026ff514d86c81dde65e83,tres_2_b:kplr011446443-2009259160929_llc.fits,0.09932696045034084,0.99998122453689575,4.1964132833527401e-05,PDCSAP_FLUX,406550.78125,17.060871124267578,406558.40625,out_of_transit_median,segment_normalized,tres_2_b-e8e81778b059cb9a,0.99998122453689575,4.1964132833527401e-05
TrES-2 b,TrES-2,tres_2_b,MAST,data/raw/mast/lightkurve/tres_2_b/kepler/mastDownload/Kepler/kplr011446443_lc_Q111111110111011101/kplr011446443-2009259160929_llc.fits,6d41c0b2a8784c922789c5ceb53258b795d7b220c6026ff514d86c81dde65e83,kplr011446443-2009259160929_llc.fits,Kepler,kplr011446443-2009259160929_llc.fits,LIGHTCURVE,1,194.51044655474834,d,TIMESYS=TDB;BJDREFI=2454833;BJDREFF=0.0,long,1765.4628859418881,FITS_TIMEDEL,402999.875,16.806854248046875,406564.28125,17.063695907592773,0,4188,617.59395681981277,847.77085084738803,0.010112780146300793,-0.084125794470310211,2,,,,,KIC 11446443,Kepler,Kepler Photometer,822892 FluxExporter2PipelineModule,True,False,True,True,1223,6d41c0b2a8784c922789c5ceb53258b795d7b220c6026ff514d86c81dde65e83,tres_2_b:kplr011446443-2009259160929_llc.fits,0.09935362171884532,1.0000144243240356,4.1971081373048946e-05,PDCSAP_FLUX,406564.28125,17.063695907592773,406558.40625,out_of_transit_median,segment_normalized,tres_2_b-e8e81778b059cb9a,1.0000144243240356,4.1971081373048946e-05
TrES-2 b,TrES-2,tres_2_b,MAST,data/raw/mast/lightkurve/tres_2_b/kepler/mastDownload/Kepler/kplr011446443_lc_Q111111110111011101/kplr011446443-2009166043257_llc.fits,10bfca91bdd928deda2e638de7a27cdc940b879452408a96b5be6146944639e9,kplr011446443-2009166043257_llc.fits,Kepler,kplr011446443-2009166043257_llc.fits,LIGHTCURVE,1,142.62851822614175,d,TIMESYS=TDB;BJDREFI=2454833;BJDREFF=0.0,long,1765.4628859418881,FITS_TIMEDEL,399929,16.654972076416016,403651.71875,17.031187057495117,0,1649,621.20366648596439,848.93556816050216,-0.0011279154568910599,-0.0085623878985643387,1,,,,,KIC 11446443,Kepler,Kepler Photometer,795945 FluxExporter2PipelineModule,True,False,True,True,544,10bfca91bdd928deda2e638de7a27cdc940b879452408a96b5be6146944639e9,tres_2_b:kplr011446443-2009166043257_llc.fits,0.10030621011224716,0.99988490343093872,4.2187919461866841e-05,PDCSAP_FLUX,403651.71875,17.031187057495117,403698.1875,out_of_transit_median,segment_normalized,tres_2_b-e8e81778b059cb9a,0.99988490343093872,4.2187919461866841e-05
TrES-2 b,TrES-2,tres_2_b,MAST,data/raw/mast/lightkurve/tres_2_b/kepler/mastDownload/Kepler/kplr011446443_lc_Q111111110111011101/kplr011446443-2009259160929_llc.fits,6d41c0b2a8784c922789c5ceb53258b795d7b220c6026ff514d86c81dde65e83,kplr011446443-2009259160929_llc.fits,Kepler,kplr011446443-2009259160929_llc.fits,LIGHTCURVE,1,251.33591938647442,d,TIMESYS=TDB;BJDREFI=2454833;BJDREFF=0.0,long,1765.4628859418881,FITS_TIMEDEL,403081.28125,16.794418334960938,406579.5625,17.048179626464844,0,6969,617.55539329711132,847.97888474048136,-0.027140678837895393,0.12767811119556427,2,,,,,KIC 11446443,Kepler,Kepler Photometer,822892 FluxExporter2PipelineModule,True,False,True,True,4004,6d41c0b2a8784c922789c5ceb53258b795d7b220c6026ff514d86c81dde65e83,tres_2_b:kplr011446443-2009259160929_llc.fits,0.10071878244492338,1.0000520944595337,4.1932915337383747e-05,PDCSAP_FLUX,406579.5625,17.048179626464844,406558.40625,out_of_transit_median,segment_normalized,tres_2_b-e8e81778b059cb9a,1.0000520944595337,4.1932915337383747e-05
TrES-2 b,TrES-2,tres_2_b,MAST,data/raw/mast/lightkurve/tres_2_b/kepler/mastDownload/Kepler/kplr011446443_lc_Q111111110111011101/kplr011446443-2009259160929_llc.fits,6d41c0b2a8784c922789c5ceb53258b795d7b220c6026ff514d86c81dde65e83,kplr011446443-2009259160929_llc.fits,Kepler,kplr011446443-2009259160929_llc.fits,LIGHTCURVE,1,169.80587321618805,d,TIMESYS=TDB;BJDREFI=2454833;BJDREFF=0.0,long,1765.4628859418881,FITS_TIMEDEL,404419.40625,16.833766937255859,406471.9375,17.053028106689453,0,2979,617.57181527177522,847.71002360826014,-0.010996114462614059,-0.13299529254436493,2,,,,,KIC 11446443,Kepler,Kepler Photometer,822892 FluxExporter2PipelineModule,True,False,True,True,14,6d41c0b2a8784c922789c5ceb53258b795d7b220c6026ff514d86c81dde65e83,tres_2_b:kplr011446443-2009259160929_llc.fits,0.10091405315854929,0.99978733062744141,4.1944840631913394e-05,PDCSAP_FLUX,406471.9375,17.053028106689453,406558.40625,out_of_transit_median,segment_normalized,tres_2_b-e8e81778b059cb9a,0.99978733062744141,4.1944840631913394e-05
TrES-2 b,TrES-2,tres_2_b,MAST,data/raw/mast/lightkurve/tres_2_b/kepler/mastDownload/Kepler/kplr011446443_lc_Q111111110111011101/kplr011446443-2009259160929_llc.fits,6d41c0b2a8784c922789c5ceb53258b795d7b220c6026ff514d86c81dde65e83,kplr011446443-2009259160929_llc.fits,Kepler,kplr011446443-2009259160929_llc.fits,LIGHTCURVE,1,224.1596161792404,d,TIMESYS=TDB;BJDREFI=2454833;BJDREFF=0.0,long,1765.4628859418881,FITS_TIMEDEL,403174.6875,16.802005767822266,406559.03125,17.054986953735352,0,5639,617.59236776020259,847.87811677055913,0.0079239411279559135,0.020215919241309166,2,,,,,KIC 11446443,Kepler,Kepler Photometer,822892 FluxExporter2PipelineModule,True,False,True,True,2674,6d41c0b2a8784c922789c5ceb53258b795d7b220c6026ff514d86c81dde65e83,tres_2_b:kplr011446443-2009259160929_llc.fits,0.10116272221090772,1.0000015497207642,4.194966095383279e-05,PDCSAP_FLUX,406559.03125,17.054986953735352,406558.40625,out_of_transit_median,segment_normalized,tres_2_b-e8e81778b059cb9a,1.0000015497207642,4.194966095383279e-05
TrES-2 b,TrES-2,tres_2_b,MAST,data/raw/mast/lightkurve/tres_2_b/kepler/mastDownload/Kepler/kplr011446443_lc_Q111111110111011101/kplr011446443-2009259160929_llc.fits,6d41c0b2a8784c922789c5ceb53258b795d7b220c6026ff514d86c81dde65e83,kplr011446443-2009259160929_llc.fits,Kepler,kplr011446443-2009259160929_llc.fits,LIGHTCURVE,1,196.98293121158349,d,TIMESYS=TDB;BJDREFI=2454833;BJDREFF=0.0,long,1765.4628859418881,FITS_TIMEDEL,402970.09375,16.804317474365234,406525.25,17.06065559387207,0,4309,617.59479803319755,847.77595837156582,0.010850198566913605,-0.07932957261800766,2,,,,,KIC 11446443,Kepler,Kepler Photometer,822892 FluxExporter2PipelineModule,True,False,True,True,1344,6d41c0b2a8784c922789c5ceb53258b795d7b220c6026ff514d86c81dde65e83,tres_2_b:kplr011446443-2009259160929_llc.fits,0.10122490155399499,0.99991846084594727,4.1963601688621566e-05,PDCSAP_FLUX,406525.25,17.06065559387207,406558.40625,out_of_transit_median,segment_normalized,tres_2_b-e8e81778b059cb9a,0.99991846084594727,4.1963601688621566e-05
TrES-2 b,TrES-2,tres_2_b,MAST,data/raw/mast/lightkurve/tres_2_b/kepler/mastDownload/Kepler/kplr011446443_lc_Q111111110111011101/kplr011446443-2009166043257_llc.fits,10bfca91bdd928deda2e638de7a27cdc940b879452408a96b5be6146944639e9,kplr011446443-2009166043257_llc.fits,Kepler,kplr011446443-2009166043257_llc.fits,LIGHTCURVE,1,145.1010540474017,d,TIMESYS=TDB;BJDREFI=2454833;BJDREFF=0.0,long,1765.4628859418881,FITS_TIMEDEL,399823.75,16.654630661010742,403702.875,17.030868530273438,0,1770,621.201699897764,848.94284781273586,-0.0020450118463486433,-0.0040591862052679062,1,,,,,KIC 11446443,Kepler,Kepler Photometer,795945 FluxExporter2PipelineModule,True,False,True,True,665,10bfca91bdd928deda2e638de7a27cdc940b879452408a96b5be6146944639e9,tres_2_b:kplr011446443-2009166043257_llc.fits,0.10222865437220041,1.0000115633010864,4.2187130020465702e-05,PDCSAP_FLUX,403702.875,17.030868530273438,403698.1875,out_of_transit_median,segment_normalized,tres_2_b-e8e81778b059cb9a,1.0000115633010864,4.2187130020465702e-05
TrES-2 b,TrES-2,tres_2_b,MAST,data/raw/mast/lightkurve/tres_2_b/kepler/mastDownload/Kepler/kplr011446443_lc_Q111111110111011101/kplr011446443-2009259160929_llc.fits,6d41c0b2a8784c922789c5ceb53258b795d7b220c6026ff514d86c81dde65e83,kplr011446443-2009259160929_llc.fits,Kepler,kplr011446443-2009259160929_llc.fits,LIGHTCURVE,1,253.80833250912838,d,TIMESYS=TDB;BJDREFI=2454833;BJDREFF=0.0,long,1765.4628859418881,FITS_TIMEDEL,403120.59375,16.796655654907227,406566.5625,17.047380447387695,0,7090,617.55760065472282,847.98267229077351,-0.025302652269601822,0.131969153881073,2,,,,,KIC 11446443,Kepler,Kepler Photometer,822892 FluxExporter2PipelineModule,True,False,True,True,4125,6d41c0b2a8784c922789c5ceb53258b795d7b220c6026ff514d86c81dde65e83,tres_2_b:kplr011446443-2009259160929_llc.fits,0.10251852809888473,1.0000200271606445,4.1930950828827918e-05,PDCSAP_FLUX,406566.5625,17.047380447387695,406558.40625,out_of_transit_median,segment_normalized,tres_2_b-e8e81778b059cb9a,1.0000200271606445,4.1930950828827918e-05
TrES-2 b,TrES-2,tres_2_b,MAST,data/raw/mast/lightkurve/tres_2_b/kepler/mastDownload/Kepler/kplr011446443_lc_Q111111110111011101/kplr011446443-2009259160929_llc.fits,6d41c0b2a8784c922789c5ceb53258b795d7b220c6026ff514d86c81dde65e83,kplr011446443-2009259160929_llc.fits,Kepler,kplr011446443-2009259160929_llc.fits,LIGHTCURVE,1,172.27838653366052,d,TIMESYS=TDB;BJDREFI=2454833;BJDREFF=0.0,long,1765.4628859418881,FITS_TIMEDEL,403871.84375,16.82234001159668,406542.90625,17.069372177124023,0,3100,617.57733025682035,847.71924150057748,-0.0057264086790382862,-0.12700730562210083,2,,,,,KIC 11446443,Kepler,Kepler Photometer,822892 FluxExporter2PipelineModule,True,False,True,True,135,6d41c0b2a8784c922789c5ceb53258b795d7b220c6026ff514d86c81dde65e83,tres_2_b:kplr011446443-2009259160929_llc.fits,0.1028139936310255,0.99996185302734375,4.1985043935710564e-05,PDCSAP_FLUX,406542.90625,17.069372177124023,406558.40625,out_of_transit_median,segment_normalized,tres_2_b-e8e81778b059cb9a,0.99996185302734375,4.1985043935710564e-05
TrES-2 b,TrES-2,tres_2_b,MAST,data/raw/mast/lightkurve/tres_2_b/kepler/mastDownload/Kepler/kplr011446443_lc_Q111111110111011101/kplr011446443-2009259160929_llc.fits,6d41c0b2a8784c922789c5ceb53258b795d7b220c6026ff514d86c81dde65e83,kplr011446443-2009259160929_llc.fits,Kepler,kplr011446443-2009259160929_llc.fits,LIGHTCURVE,1,226.63206220330903,d,TIMESYS=TDB;BJDREFI=2454833;BJDREFF=0.0,long,1765.4628859418881,FITS_TIMEDEL,403137.0625,16.799272537231445,406556.5625,17.048608779907227,0,5760,617.59530255827826,847.88158448018464,0.010794218629598618,0.023670539259910583,2,,,,,KIC 11446443,Kepler,Kepler Photometer,822892 FluxExporter2PipelineModule,True,False,True,True,2795,6d41c0b2a8784c922789c5ceb53258b795d7b220c6026ff514d86c81dde65e83,tres_2_b:kplr011446443-2009259160929_llc.fits,0.10299536927953912,0.99999547004699707,4.1933970351237804e-05,PDCSAP_FLUX,406556.5625,17.048608779907227,406558.40625,out_of_transit_median,segment_normalized,tres_2_b-e8e81778b059cb9a,0.99999547004699707,4.1933970351237804e-05
TrES-2 b,TrES-2,tres_2_b,MAST,data/raw/mast/lightkurve/tres_2_b/kepler/mastDownload/Kepler/kplr011446443_lc_Q111111110111011101/kplr011446443-2009259160929_llc.fits,6d41c0b2a8784c922789c5ceb53258b795d7b220c6026ff514d86c81dde65e83,kplr011446443-2009259160929_llc.fits,Kepler,kplr011446443-2009259160929_llc.fits,LIGHTCURVE,1,199.45541254337149,d,TIMESYS=TDB;BJDREFI=2454833;BJDREFF=0.0,long,1765.4628859418881,FITS_TIMEDEL,402994.28125,16.803613662719727,406557.375,17.063575744628906,0,4430,617.59671547460539,847.78072886006817,0.012573082931339741,-0.074957549571990967,2,,,,,KIC 11446443,Kepler,Kepler Photometer,822892 FluxExporter2PipelineModule,True,False,True,True,1465,6d41c0b2a8784c922789c5ceb53258b795d7b220c6026ff514d86c81dde65e83,tres_2_b:kplr011446443-2009259160929_llc.fits,0.10309285634199861,0.99999743700027466,4.1970786696765572e-05,PDCSAP_FLUX,406557.375,17.063575744628906,406558.40625,out_of_transit_median,segment_normalized,tres_2_b-e8e81778b059cb9a,0.99999743700027466,4.1970786696765572e-05
TrES-2 b,TrES-2,tres_2_b,MAST,data/raw/mast/lightkurve/tres_2_b/kepler/mastDownload/Kepler/kplr011446443_lc_Q111111110111011101/kplr011446443-2009259160929_llc.fits,6d41c0b2a8784c922789c5ceb53258b795d7b220c6026ff514d86c81dde65e83,kplr011446443-2009259160929_llc.fits,Kepler,kplr011446443-2009259160929_llc.fits,LIGHTCURVE,1,174.75089707114239,d,TIMESYS=TDB;BJDREFI=2454833;BJDREFF=0.0,long,1765.4628859418881,FITS_TIMEDEL,403611.96875,16.817667007446289,406521.90625,17.071290969848633,0,3221,617.5799804158961,847.72558306178394,-0.0029803880024701357,-0.12220513075590134,2,,,,,KIC 11446443,Kepler,Kepler Photometer,822892 FluxExporter2PipelineModule,True,False,True,True,256,6d41c0b2a8784c922789c5ceb53258b795d7b220c6026ff514d86c81dde65e83,tres_2_b:kplr011446443-2009259160929_llc.fits,0.10471115411289245,0.99991023540496826,4.1989762394223362e-05,PDCSAP_FLUX,406521.90625,17.071290969848633,406558.40625,out_of_transit_median,segment_normalized,tres_2_b-e8e81778b059cb9a,0.99991023540496826,4.1989762394223362e-05
TrES-2 b,TrES-2,tres_2_b,MAST,data/raw/mast/lightkurve/tres_2_b/kepler/mastDownload/Kepler/kplr011446443_lc_Q111111110111011101/kplr011446443-2009259160929_llc.fits,6d41c0b2a8784c922789c5ceb53258b795d7b220c6026ff514d86c81dde65e83,kplr011446443-2009259160929_llc.fits,Kepler,kplr011446443-2009259160929_llc.fits,LIGHTCURVE,1,229.10450503433822,d,TIMESYS=TDB;BJDREFI=2454833;BJDREFF=0.0,long,1765.4628859418881,FITS_TIMEDEL,403110.3125,16.798095703125,406578.1875,17.045387268066406,0,5881,617.59805887885022,847.8850452684718,0.013294186443090439,0.027105754241347313,2,,,,,KIC 11446443,Kepler,Kepler Photometer,822892 FluxExporter2PipelineModule,True,False,True,True,2916,6d41c0b2a8784c922789c5ceb53258b795d7b220c6026ff514d86c81dde65e83,tres_2_b:kplr011446443-2009259160929_llc.fits,0.10482482330872345,1.0000486373901367,4.1926046833395958e-05,PDCSAP_FLUX,406578.1875,17.045387268066406,406558.40625,out_of_transit_median,segment_normalized,tres_2_b-e8e81778b059cb9a,1.0000486373901367,4.1926046833395958e-05
TrES-2 b,TrES-2,tres_2_b,MAST,data/raw/mast/lightkurve/tres_2_b/kepler/mastDownload/Kepler/kplr011446443_lc_Q111111110111011101/kplr011446443-2009259160929_llc.fits,6d41c0b2a8784c922789c5ceb53258b795d7b220c6026ff514d86c81dde65e83,kplr011446443-2009259160929_llc.fits,Kepler,kplr011446443-2009259160929_llc.fits,LIGHTCURVE,1,201.92789081867522,d,TIMESYS=TDB;BJDREFI=2454833;BJDREFF=0.0,long,1765.4628859418881,FITS_TIMEDEL,403178.125,16.80299186706543,406574.9375,17.062627792358398,0,4551,617.57691960980151,847.83241122063498,-0.0061759594827890396,-0.024881502613425255,2,,,,,KIC 11446443,Kepler,Kepler Photometer,822892 FluxExporter2PipelineModule,True,False,True,True,1586,6d41c0b2a8784c922789c5ceb53258b795d7b220c6026ff514d86c81dde65e83,tres_2_b:kplr011446443-2009259160929_llc.fits,0.10495775464572765,1.0000406503677368,4.1968454752350226e-05,PDCSAP_FLUX,406574.9375,17.062627792358398,406558.40625,out_of_transit_median,segment_normalized,tres_2_b-e8e81778b059cb9a,1.0000406503677368,4.1968454752350226e-05
TrES-2 b,TrES-2,tres_2_b,MAST,data/raw/mast/lightkurve/tres_2_b/kepler/mastDownload/Kepler/kplr011446443_lc_Q111111110111011101/kplr011446443-2009131105131_llc.fits,e1699c5dd0089c35d908b711b302f72ba974edc68e030dae3e9a65d5065f7d0c,kplr011446443-2009131105131_llc.fits,Kepler,kplr011446443-2009131105131_llc.fits,LIGHTCURVE,1,122.86862425947766,d,TIMESYS=TDB;BJDREFI=2454833;BJDREFF=0.0,long,1765.4628859418881,FITS_TIMEDEL,401299.09375,16.69267463684082,406193.15625,16.987056732177734,0,682,621.21948992466048,848.89496632941632,0.0011124423472210765,-0.002942763501778245,0,,,,,KIC 11446443,Kepler,Kepler Photometer,793548 FluxExporter2PipelineModule,True,False,True,True,114,e1699c5dd0089c35d908b711b302f72ba974edc68e030dae3e9a65d5065f7d0c,tres_2_b:kplr011446443-2009131105131_llc.fits,0.10531925944815157,1.0000549554824829,4.18224444729276e-05,PDCSAP_FLUX,406193.15625,16.987056732177734,406170.8125,out_of_transit_median,segment_normalized,tres_2_b-e8e81778b059cb9a,1.0000549554824829,4.18224444729276e-05
TrES-2 b,TrES-2,tres_2_b,MAST,data/raw/mast/lightkurve/tres_2_b/kepler/mastDownload/Kepler/kplr011446443_lc_Q111111110111011101/kplr011446443-2009166043257_llc.fits,10bfca91bdd928deda2e638de7a27cdc940b879452408a96b5be6146944639e9,kplr011446443-2009166043257_llc.fits,Kepler,kplr011446443-2009166043257_llc.fits,LIGHTCURVE,1,150.0461206964028,d,TIMESYS=TDB;BJDREFI=2454833;BJDREFF=0.0,long,1765.4628859418881,FITS_TIMEDEL,399550.6875,16.6485595703125,403728.84375,17.032337188720703,0,2012,621.20098100423752,848.9551794747855,-0.00093083933461457491,0.0033377602230757475,1,,,,,KIC 11446443,Kepler,Kepler Photometer,795945 FluxExporter2PipelineModule,True,False,True,True,907,10bfca91bdd928deda2e638de7a27cdc940b879452408a96b5be6146944639e9,tres_2_b:kplr011446443-2009166043257_llc.fits,0.10606854937329246,1.0000759363174438,4.2190767999272794e-05,PDCSAP_FLUX,403728.84375,17.032337188720703,403698.1875,out_of_transit_median,segment_normalized,tres_2_b-e8e81778b059cb9a,1.0000759363174438,4.2190767999272794e-05
TrES-2 b,TrES-2,tres_2_b,MAST,data/raw/mast/lightkurve/tres_2_b/kepler/mastDownload/Kepler/kplr011446443_lc_Q111111110111011101/kplr011446443-2009259160929_llc.fits,6d41c0b2a8784c922789c5ceb53258b795d7b220c6026ff514d86c81dde65e83,kplr011446443-2009259160929_llc.fits,Kepler,kplr011446443-2009259160929_llc.fits,LIGHTCURVE,1,177.22340495645039,d,TIMESYS=TDB;BJDREFI=2454833;BJDREFF=0.0,long,1765.4628859418881,FITS_TIMEDEL,403468.75,16.817472457885742,406556.1875,17.072757720947266,0,3342,617.58206710157731,847.73014498490045,-0.00098452053498476744,-0.11903468519449234,2,,,,,KIC 11446443,Kepler,Kepler Photometer,822892 FluxExporter2PipelineModule,True,False,True,True,377,6d41c0b2a8784c922789c5ceb53258b795d7b220c6026ff514d86c81dde65e83,tres_2_b:kplr011446443-2009259160929_llc.fits,0.10660566242089753,0.99999451637268066,4.1993371269199997e-05,PDCSAP_FLUX,406556.1875,17.072757720947266,406558.40625,out_of_transit_median,segment_normalized,tres_2_b-e8e81778b059cb9a,0.99999451637268066,4.1993371269199997e-05
TrES-2 b,TrES-2,tres_2_b,MAST,data/raw/mast/lightkurve/tres_2_b/kepler/mastDownload/Kepler/kplr011446443_lc_Q111111110111011101/kplr011446443-2009259160929_llc.fits,6d41c0b2a8784c922789c5ceb53258b795d7b220c6026ff514d86c81dde65e83,kplr011446443-2009259160929_llc.fits,Kepler,kplr011446443-2009259160929_llc.fits,LIGHTCURVE,1,204.4003658104848,d,TIMESYS=TDB;BJDREFI=2454833;BJDREFF=0.0,long,1765.4628859418881,FITS_TIMEDEL,403208.03125,16.800840377807617,406600.84375,17.059148788452148,0,4672,617.5779418488022,847.83839347488833,-0.0052036712877452374,-0.01906452514231205,2,,,,,KIC 11446443,Kepler,Kepler Photometer,822892 FluxExporter2PipelineModule,True,False,True,True,1707,6d41c0b2a8784c922789c5ceb53258b795d7b220c6026ff514d86c81dde65e83,tres_2_b:kplr011446443-2009259160929_llc.fits,0.10681936945530457,1.0001044273376465,4.1959898226195946e-05,PDCSAP_FLUX,406600.84375,17.059148788452148,406558.40625,out_of_transit_median,segment_normalized,tres_2_b-e8e81778b059cb9a,1.0001044273376465,4.1959898226195946e-05
TrES-2 b,TrES-2,tres_2_b,MAST,data/raw/mast/lightkurve/tres_2_b/kepler/mastDownload/Kepler/kplr011446443_lc_Q111111110111011101/kplr011446443-2009131105131_llc.fits,e1699c5dd0089c35d908b711b302f72ba974edc68e030dae3e9a65d5065f7d0c,kplr011446443-2009131105131_llc.fits,Kepler,kplr011446443-2009131105131_llc.fits,LIGHTCURVE,1,125.34116838976479,d,TIMESYS=TDB;BJDREFI=2454833;BJDREFF=0.0,long,1765.4628859418881,FITS_TIMEDEL,401291.28125,16.693653106689453,406133.8125,16.967880249023438,0,803,621.21794391537242,848.89917006049222,0.00013207073789089918,-0.00056488200789317489,0,,,,,KIC 11446443,Kepler,Kepler Photometer,793548 FluxExporter2PipelineModule,True,False,True,True,235,e1699c5dd0089c35d908b711b302f72ba974edc68e030dae3e9a65d5065f7d0c,tres_2_b:kplr011446443-2009131105131_llc.fits,0.10725001273528467,0.9999089241027832,4.1775234421947971e-05,PDCSAP_FLUX,406133.8125,16.967880249023438,406170.8125,out_of_transit_median,segment_normalized,tres_2_b-e8e81778b059cb9a,0.9999089241027832,4.1775234421947971e-05
TrES-2 b,TrES-2,tres_2_b,MAST,data/raw/mast/lightkurve/tres_2_b/kepler/mastDownload/Kepler/kplr011446443_lc_Q111111110111011101/kplr011446443-2009166043257_llc.fits,10bfca91bdd928deda2e638de7a27cdc940b879452408a96b5be6146944639e9,kplr011446443-2009166043257_llc.fits,Kepler,kplr011446443-2009166043257_llc.fits,LIGHTCURVE,1,152.51865141110466,d,TIMESYS=TDB;BJDREFI=2454833;BJDREFF=0.0,long,1765.4628859418881,FITS_TIMEDEL,399331.21875,16.646329879760742,403676.53125,17.024271011352539,0,2133,621.20072148072165,848.96086204420351,-9.2213507741689682e-05,0.0066179209388792515,1,,,,,KIC 11446443,Kepler,Kepler Photometer,795945 FluxExporter2PipelineModule,True,False,True,True,1028,10bfca91bdd928deda2e638de7a27cdc940b879452408a96b5be6146944639e9,tres_2_b:kplr011446443-2009166043257_llc.fits,0.10798588707515377,0.99994635581970215,4.2170788219664246e-05,PDCSAP_FLUX,403676.53125,17.024271011352539,403698.1875,out_of_transit_median,segment_normalized,tres_2_b-e8e81778b059cb9a,0.99994635581970215,4.2170788219664246e-05
TrES-2 b,TrES-2,tres_2_b,MAST,data/raw/mast/lightkurve/tres_2_b/kepler/mastDownload/Kepler/kplr011446443_lc_Q111111110111011101/kplr011446443-2009259160929_llc.fits,6d41c0b2a8784c922789c5ceb53258b795d7b220c6026ff514d86c81dde65e83,kplr011446443-2009259160929_llc.fits,Kepler,kplr011446443-2009259160929_llc.fits,LIGHTCURVE,1,234.04938122740714,d,TIMESYS=TDB;BJDREFI=2454833;BJDREFF=0.0,long,1765.4628859418881,FITS_TIMEDEL,403178.65625,16.799068450927734,406626.8125,17.047212600708008,0,6123,617.57754860757564,847.91149859459119,-0.0061399354599416256,0.054111264646053314,2,,,,,KIC 11446443,Kepler,Kepler Photometer,822892 FluxExporter2PipelineModule,True,False,True,True,3158,6d41c0b2a8784c922789c5ceb53258b795d7b220c6026ff514d86c81dde65e83,tres_2_b:kplr011446443-2009259160929_llc.fits,0.10847426237764535,1.0001682043075562,4.1930536099243909e-05,PDCSAP_FLUX,406626.8125,17.047212600708008,406558.40625,out_of_transit_median,segment_normalized,tres_2_b-e8e81778b059cb9a,1.0001682043075562,4.1930536099243909e-05
TrES-2 b,TrES-2,tres_2_b,MAST,data/raw/mast/lightkurve/tres_2_b/kepler/mastDownload/Kepler/kplr011446443_lc_Q111111110111011101/kplr011446443-2009259160929_llc.fits,6d41c0b2a8784c922789c5ceb53258b795d7b220c6026ff514d86c81dde65e83,kplr011446443-2009259160929_llc.fits,Kepler,kplr011446443-2009259160929_llc.fits,LIGHTCURVE,1,179.69591012136516,d,TIMESYS=TDB;BJDREFI=2454833;BJDREFF=0.0,long,1765.4628859418881,FITS_TIMEDEL,403341.34375,16.813299179077148,406577.21875,17.065692901611328,0,3463,617.58381929100301,847.73586292036282,0.00080252939369529486,-0.11471841484308243,2,,,,,KIC 11446443,Kepler,Kepler Photometer,822892 FluxExporter2PipelineModule,True,False,True,True,498,6d41c0b2a8784c922789c5ceb53258b795d7b220c6026ff514d86c81dde65e83,tres_2_b:kplr011446443-2009259160929_llc.fits,0.10849745033566216,1.0000462532043457,4.197599264443852e-05,PDCSAP_FLUX,406577.21875,17.065692901611328,406558.40625,out_of_transit_median,segment_normalized,tres_2_b-e8e81778b059cb9a,1.0000462532043457,4.197599264443852e-05
TrES-2 b,TrES-2,tres_2_b,MAST,data/raw/mast/lightkurve/tres_2_b/kepler/mastDownload/Kepler/kplr011446443_lc_Q111111110111011101/kplr011446443-2009259160929_llc.fits,6d41c0b2a8784c922789c5ceb53258b795d7b220c6026ff514d86c81dde65e83,kplr011446443-2009259160929_llc.fits,Kepler,kplr011446443-2009259160929_llc.fits,LIGHTCURVE,1,206.8728377966836,d,TIMESYS=TDB;BJDREFI=2454833;BJDREFF=0.0,long,1765.4628859418881,FITS_TIMEDEL,403210.90625,16.804826736450195,406585.5625,17.064264297485352,0,4793,617.57994185863674,847.84350819525616,-0.0034549033734947443,-0.014025281183421612,2,,,,,KIC 11446443,Kepler,Kepler Photometer,822892 FluxExporter2PipelineModule,True,False,True,True,1828,6d41c0b2a8784c922789c5ceb53258b795d7b220c6026ff514d86c81dde65e83,tres_2_b:kplr011446443-2009259160929_llc.fits,0.10867797865410256,1.0000667572021484,4.1972478356910869e-05,PDCSAP_FLUX,406585.5625,17.064264297485352,406558.40625,out_of_transit_median,segment_normalized,tres_2_b-e8e81778b059cb9a,1.0000667572021484,4.1972478356910869e-05
TrES-2 b,TrES-2,tres_2_b,MAST,data/raw/mast/lightkurve/tres_2_b/kepler/mastDownload/Kepler/kplr011446443_lc_Q111111110111011101/kplr011446443-2009131105131_llc.fits,e1699c5dd0089c35d908b711b302f72ba974edc68e030dae3e9a65d5065f7d0c,kplr011446443-2009131105131_llc.fits,Kepler,kplr011446443-2009131105131_llc.fits,LIGHTCURVE,1,127.81371180700808,d,TIMESYS=TDB;BJDREFI=2454833;BJDREFF=0.0,long,1765.4628859418881,FITS_TIMEDEL,401159.625,16.69379997253418,406250.59375,16.975179672241211,0,924,621.21569910494884,848.90329827504877,-0.0014739305479452014,0.0016185019630938768,0,,,,,KIC 11446443,Kepler,Kepler Photometer,793548 FluxExporter2PipelineModule,True,False,True,True,356,e1699c5dd0089c35d908b711b302f72ba974edc68e030dae3e9a65d5065f7d0c,tres_2_b:kplr011446443-2009131105131_llc.fits,0.10918005297857181,1.0001964569091797,4.1793202399276197e-05,PDCSAP_FLUX,406250.59375,16.975179672241211,406170.8125,out_of_transit_median,segment_normalized,tres_2_b-e8e81778b059cb9a,1.0001964569091797,4.1793202399276197e-05
TrES-2 b,TrES-2,tres_2_b,MAST,data/raw/mast/lightkurve/tres_2_b/kepler/mastDownload/Kepler/kplr011446443_lc_Q111111110111011101/kplr011446443-2009166043257_llc.fits,10bfca91bdd928deda2e638de7a27cdc940b879452408a96b5be6146944639e9,kplr011446443-2009166043257_llc.fits,Kepler,kplr011446443-2009166043257_llc.fits,LIGHTCURVE,1,154.99118034861021,d,TIMESYS=TDB;BJDREFI=2454833;BJDREFF=0.0,long,1765.4628859418881,FITS_TIMEDEL,399213.375,16.645965576171875,403731.34375,17.020660400390625,0,2254,621.20172938033534,848.96847784427985,0.0020051756873726845,0.011543530970811844,1,,,,,KIC 11446443,Kepler,Kepler Photometer,795945 FluxExporter2PipelineModule,True,False,True,True,1149,10bfca91bdd928deda2e638de7a27cdc940b879452408a96b5be6146944639e9,tres_2_b:kplr011446443-2009166043257_llc.fits,0.10990144758071563,1.0000821352005005,4.2161846067756414e-05,PDCSAP_FLUX,403731.34375,17.020660400390625,403698.1875,out_of_transit_median,segment_normalized,tres_2_b-e8e81778b059cb9a,1.0000821352005005,4.2161846067756414e-05
TrES-2 b,TrES-2,tres_2_b,MAST,data/raw/mast/lightkurve/tres_2_b/kepler/mastDownload/Kepler/kplr011446443_lc_Q111111110111011101/kplr011446443-2009259160929_llc.fits,6d41c0b2a8784c922789c5ceb53258b795d7b220c6026ff514d86c81dde65e83,kplr011446443-2009259160929_llc.fits,Kepler,kplr011446443-2009259160929_llc.fits,LIGHTCURVE,1,236.52181465743342,d,TIMESYS=TDB;BJDREFI=2454833;BJDREFF=0.0,long,1765.4628859418881,FITS_TIMEDEL,402982.0625,16.793802261352539,406511.9375,17.046588897705078,0,6244,617.58275805588539,847.91510520827751,-0.0012156363809481263,0.057475436478853226,2,,,,,KIC 11446443,Kepler,Kepler Photometer,822892 FluxExporter2PipelineModule,True,False,True,True,3279,6d41c0b2a8784c922789c5ceb53258b795d7b220c6026ff514d86c81dde65e83,tres_2_b:kplr011446443-2009259160929_llc.fits,0.11029431540393086,0.9998856782913208,4.1929004510166124e-05,PDCSAP_FLUX,406511.9375,17.046588897705078,406558.40625,out_of_transit_median,segment_normalized,tres_2_b-e8e81778b059cb9a,0.9998856782913208,4.1929004510166124e-05
TrES-2 b,TrES-2,tres_2_b,MAST,data/raw/mast/lightkurve/tres_2_b/kepler/mastDownload/Kepler/kplr011446443_lc_Q111111110111011101/kplr011446443-2009259160929_llc.fits,6d41c0b2a8784c922789c5ceb53258b795d7b220c6026ff514d86c81dde65e83,kplr011446443-2009259160929_llc.fits,Kepler,kplr011446443-2009259160929_llc.fits,LIGHTCURVE,1,209.34530635910778,d,TIMESYS=TDB;BJDREFI=2454833;BJDREFF=0.0,long,1765.4628859418881,FITS_TIMEDEL,403220.09375,16.803918838500977,406563.75,17.06224250793457,0,4914,617.58066545861516,847.84948538647302,-0.002869592048227787,-0.0081369206309318542,2,,,,,KIC 11446443,Kepler,Kepler Photometer,822892 FluxExporter2PipelineModule,True,False,True,True,1949,6d41c0b2a8784c922789c5ceb53258b795d7b220c6026ff514d86c81dde65e83,tres_2_b:kplr011446443-2009259160929_llc.fits,0.11053316407828562,1.0000131130218506,4.1967505239881575e-05,PDCSAP_FLUX,406563.75,17.06224250793457,406558.40625,out_of_transit_median,segment_normalized,tres_2_b-e8e81778b059cb9a,1.0000131130218506,4.1967505239881575e-05
TrES-2 b,TrES-2,tres_2_b,MAST,data/raw/mast/lightkurve/tres_2_b/kepler/mastDownload/Kepler/kplr011446443_lc_Q111111110111011101/kplr011446443-2009166043257_llc.fits,10bfca91bdd928deda2e638de7a27cdc940b879452408a96b5be6146944639e9,kplr011446443-2009166043257_llc.fits,Kepler,kplr011446443-2009166043257_llc.fits,LIGHTCURVE,1,157.46370720961568,d,TIMESYS=TDB;BJDREFI=2454833;BJDREFF=0.0,long,1765.4628859418881,FITS_TIMEDEL,399081.46875,16.641159057617188,403750.5625,17.010656356811523,0,2375,621.19876863059881,848.9762756587528,0.00011707880912581459,0.016781536862254143,1,,,,,KIC 11446443,Kepler,Kepler Photometer,795945 FluxExporter2PipelineModule,True,False,True,True,1270,10bfca91bdd928deda2e638de7a27cdc940b879452408a96b5be6146944639e9,tres_2_b:kplr011446443-2009166043257_llc.fits,0.1118149315861785,1.0001296997070312,4.2137064156122506e-05,PDCSAP_FLUX,403750.5625,17.010656356811523,403698.1875,out_of_transit_median,segment_normalized,tres_2_b-e8e81778b059cb9a,1.0001296997070312,4.2137064156122506e-05
TrES-2 b,TrES-2,tres_2_b,MAST,data/raw/mast/lightkurve/tres_2_b/kepler/mastDownload/Kepler/kplr011446443_lc_Q111111110111011101/kplr011446443-2009259160929_llc.fits,6d41c0b2a8784c922789c5ceb53258b795d7b220c6026ff514d86c81dde65e83,kplr011446443-2009259160929_llc.fits,Kepler,kplr011446443-2009259160929_llc.fits,LIGHTCURVE,1,238.99424483039184,d,TIMESYS=TDB;BJDREFI=2454833;BJDREFF=0.0,long,1765.4628859418881,FITS_TIMEDEL,402994.75,16.794084548950195,406539.8125,17.050556182861328,0,6365,617.58506398346174,847.91903077777135,0.00098914664704352617,0.061504542827606201,2,,,,,KIC 11446443,Kepler,Kepler Photometer,822892 FluxExporter2PipelineModule,True,False,True,True,3400,6d41c0b2a8784c922789c5ceb53258b795d7b220c6026ff514d86c81dde65e83,tres_2_b:kplr011446443-2009259160929_llc.fits,0.11211111136234231,0.99995428323745728,4.1938761569326743e-05,PDCSAP_FLUX,406539.8125,17.050556182861328,406558.40625,out_of_transit_median,segment_normalized,tres_2_b-e8e81778b059cb9a,0.99995428323745728,4.1938761569326743e-05
TrES-2 b,TrES-2,tres_2_b,MAST,data/raw/mast/lightkurve/tres_2_b/kepler/mastDownload/Kepler/kplr011446443_lc_Q111111110111011101/kplr011446443-2009259160929_llc.fits,6d41c0b2a8784c922789c5ceb53258b795d7b220c6026ff514d86c81dde65e83,kplr011446443-2009259160929_llc.fits,Kepler,kplr011446443-2009259160929_llc.fits,LIGHTCURVE,1,184.64091183366691,d,TIMESYS=TDB;BJDREFI=2454833;BJDREFF=0.0,long,1765.4628859418881,FITS_TIMEDEL,404220.21875,16.82508659362793,406585.34375,17.047157287597656,0,3705,617.57861937991811,847.74809599572518,-0.004200648982077837,-0.10016340762376785,2,,,,,KIC 11446443,Kepler,Kepler Photometer,822892 FluxExporter2PipelineModule,True,False,True,True,740,6d41c0b2a8784c922789c5ceb53258b795d7b220c6026ff514d86c81dde65e83,tres_2_b:kplr011446443-2009259160929_llc.fits,0.11227240863740851,1.0000662803649902,4.1930401494028047e-05,PDCSAP_FLUX,406585.34375,17.047157287597656,406558.40625,out_of_transit_median,segment_normalized,tres_2_b-e8e81778b059cb9a,1.0000662803649902,4.1930401494028047e-05
TrES-2 b,TrES-2,tres_2_b,MAST,data/raw/mast/lightkurve/tres_2_b/kepler/mastDownload/Kepler/kplr011446443_lc_Q111111110111011101/kplr011446443-2009259160929_llc.fits,6d41c0b2a8784c922789c5ceb53258b795d7b220c6026ff514d86c81dde65e83,kplr011446443-2009259160929_llc.fits,Kepler,kplr011446443-2009259160929_llc.fits,LIGHTCURVE,1,211.81777178448829,d,TIMESYS=TDB;BJDREFI=2454833;BJDREFF=0.0,long,1765.4628859418881,FITS_TIMEDEL,403242.15625,16.802896499633789,406558.40625,17.063041687011719,0,5035,617.58255064015793,847.85333337194368,-0.0012189532862976193,-0.0041594761423766613,2,,,,,KIC 11446443,Kepler,Kepler Photometer,822892 FluxExporter2PipelineModule,True,False,True,True,2070,6d41c0b2a8784c922789c5ceb53258b795d7b220c6026ff514d86c81dde65e83,tres_2_b:kplr011446443-2009259160929_llc.fits,0.11238521245879141,1,4.1969473386416212e-05,PDCSAP_FLUX,406558.40625,17.063041687011719,406558.40625,out_of_transit_median,segment_normalized,tres_2_b-e8e81778b059cb9a,1,4.1969473386416212e-05
TrES-2 b,TrES-2,tres_2_b,MAST,data/raw/mast/lightkurve/tres_2_b/kepler/mastDownload/Kepler/kplr011446443_lc_Q111111110111011101/kplr011446443-2009166043257_llc.fits,10bfca91bdd928deda2e638de7a27cdc940b879452408a96b5be6146944639e9,kplr011446443-2009166043257_llc.fits,Kepler,kplr011446443-2009166043257_llc.fits,LIGHTCURVE,1,132.75879620038177,d,TIMESYS=TDB;BJDREFI=2454833;BJDREFF=0.0,long,1765.4628859418881,FITS_TIMEDEL,400366.3125,16.665515899658203,403677.4375,17.024076461791992,0,1166,621.21148012845833,848.91400782771143,0.0041744527406990528,-0.02218250185251236,1,,,,,KIC 11446443,Kepler,Kepler Photometer,795945 FluxExporter2PipelineModule,True,False,True,True,61,10bfca91bdd928deda2e638de7a27cdc940b879452408a96b5be6146944639e9,tres_2_b:kplr011446443-2009166043257_llc.fits,0.11303769235226269,0.99994862079620361,4.217030800646171e-05,PDCSAP_FLUX,403677.4375,17.024076461791992,403698.1875,out_of_transit_median,segment_normalized,tres_2_b-e8e81778b059cb9a,0.99994862079620361,4.217030800646171e-05
TrES-2 b,TrES-2,tres_2_b,MAST,data/raw/mast/lightkurve/tres_2_b/kepler/mastDownload/Kepler/kplr011446443_lc_Q111111110111011101/kplr011446443-2009166043257_llc.fits,10bfca91bdd928deda2e638de7a27cdc940b879452408a96b5be6146944639e9,kplr011446443-2009166043257_llc.fits,Kepler,kplr011446443-2009166043257_llc.fits,LIGHTCURVE,1,159.93623199819558,d,TIMESYS=TDB;BJDREFI=2454833;BJDREFF=0.0,long,1765.4628859418881,FITS_TIMEDEL,398914.90625,16.638442993164062,403718.9375,17.022941589355469,0,2496,621.19882852036369,848.98238781888494,0.0012251100270077586,0.020868930965662003,1,,,,,KIC 11446443,Kepler,Kepler Photometer,795945 FluxExporter2PipelineModule,True,False,True,True,1391,10bfca91bdd928deda2e638de7a27cdc940b879452408a96b5be6146944639e9,tres_2_b:kplr011446443-2009166043257_llc.fits,0.11372634316608221,1.0000513792037964,4.2167495848843828e-05,PDCSAP_FLUX,403718.9375,17.022941589355469,403698.1875,out_of_transit_median,segment_normalized,tres_2_b-e8e81778b059cb9a,1.0000513792037964,4.2167495848843828e-05
TrES-2 b,TrES-2,tres_2_b,MAST,data/raw/mast/lightkurve/tres_2_b/kepler/mastDownload/Kepler/kplr011446443_lc_Q111111110111011101/kplr011446443-2009259160929_llc.fits,6d41c0b2a8784c922789c5ceb53258b795d7b220c6026ff514d86c81dde65e83,kplr011446443-2009259160929_llc.fits,Kepler,kplr011446443-2009259160929_llc.fits,LIGHTCURVE,1,241.46667229331797,d,TIMESYS=TDB;BJDREFI=2454833;BJDREFF=0.0,long,1765.4628859418881,FITS_TIMEDEL,402936.375,16.793603897094727,406489.65625,17.048471450805664,0,6486,617.58825301715331,847.92225655649486,0.0039225397631525993,0.064866535365581512,2,,,,,KIC 11446443,Kepler,Kepler Photometer,822892 FluxExporter2PipelineModule,True,False,True,True,3521,6d41c0b2a8784c922789c5ceb53258b795d7b220c6026ff514d86c81dde65e83,tres_2_b:kplr011446443-2009259160929_llc.fits,0.11392519728847694,0.99983090162277222,4.1933635657187551e-05,PDCSAP_FLUX,406489.65625,17.048471450805664,406558.40625,out_of_transit_median,segment_normalized,tres_2_b-e8e81778b059cb9a,0.99983090162277222,4.1933635657187551e-05
TrES-2 b,TrES-2,tres_2_b,MAST,data/raw/mast/lightkurve/tres_2_b/kepler/mastDownload/Kepler/kplr011446443_lc_Q111111110111011101/kplr011446443-2009259160929_llc.fits,6d41c0b2a8784c922789c5ceb53258b795d7b220c6026ff514d86c81dde65e83,kplr011446443-2009259160929_llc.fits,Kepler,kplr011446443-2009259160929_llc.fits,LIGHTCURVE,1,214.29023336467799,d,TIMESYS=TDB;BJDREFI=2454833;BJDREFF=0.0,long,1765.4628859418881,FITS_TIMEDEL,403276.15625,16.801967620849609,406555.1875,17.062227249145508,0,5156,617.5829507579449,847.85913944914762,-0.00090013397857546806,0.0017440976807847619,2,,,,,KIC 11446443,Kepler,Kepler Photometer,822892 FluxExporter2PipelineModule,True,False,True,True,2191,6d41c0b2a8784c922789c5ceb53258b795d7b220c6026ff514d86c81dde65e83,tres_2_b:kplr011446443-2009259160929_llc.fits,0.11423341564849321,0.99999207258224487,4.1967468860093504e-05,PDCSAP_FLUX,406555.1875,17.062227249145508,406558.40625,out_of_transit_median,segment_normalized,tres_2_b-e8e81778b059cb9a,0.99999207258224487,4.1967468860093504e-05
TrES-2 b,TrES-2,tres_2_b,MAST,data/raw/mast/lightkurve/tres_2_b/kepler/mastDownload/Kepler/kplr011446443_lc_Q111111110111011101/kplr011446443-2009166043257_llc.fits,10bfca91bdd928deda2e638de7a27cdc940b879452408a96b5be6146944639e9,kplr011446443-2009166043257_llc.fits,Kepler,kplr011446443-2009166043257_llc.fits,LIGHTCURVE,1,135.23133712994604,d,TIMESYS=TDB;BJDREFI=2454833;BJDREFF=0.0,long,1765.4628859418881,FITS_TIMEDEL,400292.71875,16.663066864013672,403693.9375,17.048286437988281,0,1287,621.20893399723946,848.91914569077107,0.0020701447501778603,-0.018872503191232681,1,,,,,KIC 11446443,Kepler,Kepler Photometer,795945 FluxExporter2PipelineModule,True,False,True,True,182,10bfca91bdd928deda2e638de7a27cdc940b879452408a96b5be6146944639e9,tres_2_b:kplr011446443-2009166043257_llc.fits,0.1149652449165377,0.99998944997787476,4.223027644911781e-05,PDCSAP_FLUX,403693.9375,17.048286437988281,403698.1875,out_of_transit_median,segment_normalized,tres_2_b-e8e81778b059cb9a,0.99998944997787476,4.223027644911781e-05
TrES-2 b,TrES-2,tres_2_b,MAST,data/raw/mast/lightkurve/tres_2_b/kepler/mastDownload/Kepler/kplr011446443_lc_Q111111110111011101/kplr011446443-2009166043257_llc.fits,10bfca91bdd928deda2e638de7a27cdc940b879452408a96b5be6146944639e9,kplr011446443-2009166043257_llc.fits,Kepler,kplr011446443-2009166043257_llc.fits,LIGHTCURVE,1,162.40875462121039,d,TIMESYS=TDB;BJDREFI=2454833;BJDREFF=0.0,long,1765.4628859418881,FITS_TIMEDEL,398762,16.637723922729492,403733.25,17.000389099121094,0,2617,621.19721762631843,848.993098731842,0.00079720979556441307,0.028880177065730095,1,,,,,KIC 11446443,Kepler,Kepler Photometer,795945 FluxExporter2PipelineModule,True,False,True,True,1512,10bfca91bdd928deda2e638de7a27cdc940b879452408a96b5be6146944639e9,tres_2_b:kplr011446443-2009166043257_llc.fits,0.11563558918089334,1.0000869035720825,4.2111631046282127e-05,PDCSAP_FLUX,403733.25,17.000389099121094,403698.1875,out_of_transit_median,segment_normalized,tres_2_b-e8e81778b059cb9a,1.0000869035720825,4.2111631046282127e-05
TrES-2 b,TrES-2,tres_2_b,MAST,data/raw/mast/lightkurve/tres_2_b/kepler/mastDownload/Kepler/kplr011446443_lc_Q111111110111011101/kplr011446443-2009259160929_llc.fits,6d41c0b2a8784c922789c5ceb53258b795d7b220c6026ff514d86c81dde65e83,kplr011446443-2009259160929_llc.fits,Kepler,kplr011446443-2009259160929_llc.fits,LIGHTCURVE,1,243.93909659836208,d,TIMESYS=TDB;BJDREFI=2454833;BJDREFF=0.0,long,1765.4628859418881,FITS_TIMEDEL,402897,16.793190002441406,406472.375,17.039596557617188,0,6607,617.59192901520817,847.92460490683834,0.007284021470695734,0.067361362278461456,2,,,,,KIC 11446443,Kepler,Kepler Photometer,822892 FluxExporter2PipelineModule,True,False,True,True,3642,6d41c0b2a8784c922789c5ceb53258b795d7b220c6026ff514d86c81dde65e83,tres_2_b:kplr011446443-2009259160929_llc.fits,0.1157361253325917,0.99978840351104736,4.1911804146366194e-05,PDCSAP_FLUX,406472.375,17.039596557617188,406558.40625,out_of_transit_median,segment_normalized,tres_2_b-e8e81778b059cb9a,0.99978840351104736,4.1911804146366194e-05
TrES-2 b,TrES-2,tres_2_b,MAST,data/raw/mast/lightkurve/tres_2_b/kepler/mastDownload/Kepler/kplr011446443_lc_Q111111110111011101/kplr011446443-2009259160929_llc.fits,6d41c0b2a8784c922789c5ceb53258b795d7b220c6026ff514d86c81dde65e83,kplr011446443-2009259160929_llc.fits,Kepler,kplr011446443-2009259160929_llc.fits,LIGHTCURVE,1,189.58590203773201,d,TIMESYS=TDB;BJDREFI=2454833;BJDREFF=0.0,long,1765.4628859418881,FITS_TIMEDEL,403068.0625,16.809026718139648,406554.65625,17.065372467041016,0,3947,617.59080992146039,847.75992072977226,0.0071936165913939476,-0.093923047184944153,2,,,,,KIC 11446443,Kepler,Kepler Photometer,822892 FluxExporter2PipelineModule,True,False,True,True,982,6d41c0b2a8784c922789c5ceb53258b795d7b220c6026ff514d86c81dde65e83,tres_2_b:kplr011446443-2009259160929_llc.fits,0.11603585870251565,0.99999076128005981,4.1975206841016188e-05,PDCSAP_FLUX,406554.65625,17.065372467041016,406558.40625,out_of_transit_median,segment_normalized,tres_2_b-e8e81778b059cb9a,0.99999076128005981,4.1975206841016188e-05
TrES-2 b,TrES-2,tres_2_b,MAST,data/raw/mast/lightkurve/tres_2_b/kepler/mastDownload/Kepler/kplr011446443_lc_Q111111110111011101/kplr011446443-2009259160929_llc.fits,6d41c0b2a8784c922789c5ceb53258b795d7b220c6026ff514d86c81dde65e83,kplr011446443-2009259160929_llc.fits,Kepler,kplr011446443-2009259160929_llc.fits,LIGHTCURVE,1,216.76269239594694,d,TIMESYS=TDB;BJDREFI=2454833;BJDREFF=0.0,long,1765.4628859418881,FITS_TIMEDEL,403285.84375,16.803020477294922,406555.125,17.061008453369141,0,5277,617.58368242148435,847.865000322225,-0.00025923363864421844,0.0074711046181619167,2,,,,,KIC 11446443,Kepler,Kepler Photometer,822892 FluxExporter2PipelineModule,True,False,True,True,2312,6d41c0b2a8784c922789c5ceb53258b795d7b220c6026ff514d86c81dde65e83,tres_2_b:kplr011446443-2009259160929_llc.fits,0.11607906991744765,0.99999195337295532,4.1964471165556461e-05,PDCSAP_FLUX,406555.125,17.061008453369141,406558.40625,out_of_transit_median,segment_normalized,tres_2_b-e8e81778b059cb9a,0.99999195337295532,4.1964471165556461e-05
TrES-2 b,TrES-2,tres_2_b,MAST,data/raw/mast/lightkurve/tres_2_b/kepler/mastDownload/Kepler/kplr011446443_lc_Q111111110111011101/kplr011446443-2009166043257_llc.fits,10bfca91bdd928deda2e638de7a27cdc940b879452408a96b5be6146944639e9,kplr011446443-2009166043257_llc.fits,Kepler,kplr011446443-2009166043257_llc.fits,LIGHTCURVE,1,137.70387685368041,d,TIMESYS=TDB;BJDREFI=2454833;BJDREFF=0.0,long,1765.4628859418881,FITS_TIMEDEL,400178.1875,16.660087585449219,403672.8125,17.046724319458008,0,1408,621.20700799604606,848.92371750180519,0.00078696012496948242,-0.016066798940300941,1,,,,,KIC 11446443,Kepler,Kepler Photometer,795945 FluxExporter2PipelineModule,True,False,True,True,303,10bfca91bdd928deda2e638de7a27cdc940b879452408a96b5be6146944639e9,tres_2_b:kplr011446443-2009166043257_llc.fits,0.11689159165090923,0.99993711709976196,4.2226409277645871e-05,PDCSAP_FLUX,403672.8125,17.046724319458008,403698.1875,out_of_transit_median,segment_normalized,tres_2_b-e8e81778b059cb9a,0.99993711709976196,4.2226409277645871e-05
TrES-2 b,TrES-2,tres_2_b,MAST,data/raw/mast/lightkurve/tres_2_b/kepler/mastDownload/Kepler/kplr011446443_lc_Q111111110111011101/kplr011446443-2009166043257_llc.fits,10bfca91bdd928deda2e638de7a27cdc940b879452408a96b5be6146944639e9,kplr011446443-2009166043257_llc.fits,Kepler,kplr011446443-2009166043257_llc.fits,LIGHTCURVE,1,164.88127448857267,d,TIMESYS=TDB;BJDREFI=2454833;BJDREFF=0.0,long,1765.4628859418881,FITS_TIMEDEL,398565.75,16.633909225463867,403608.78125,16.968616485595703,0,2738,621.19569814747808,849.00111226438912,0.00041133922059088945,0.034439805895090103,1,,,,,KIC 11446443,Kepler,Kepler Photometer,795945 FluxExporter2PipelineModule,True,False,True,True,1633,10bfca91bdd928deda2e638de7a27cdc940b879452408a96b5be6146944639e9,tres_2_b:kplr011446443-2009166043257_llc.fits,0.11754207954317342,0.99977850914001465,4.2032927012769505e-05,PDCSAP_FLUX,403608.78125,16.968616485595703,403698.1875,out_of_transit_median,segment_normalized,tres_2_b-e8e81778b059cb9a,0.99977850914001465,4.2032927012769505e-05
TrES-2 b,TrES-2,tres_2_b,MAST,data/raw/mast/lightkurve/tres_2_b/kepler/mastDownload/Kepler/kplr011446443_lc_Q111111110111011101/kplr011446443-2009259160929_llc.fits,6d41c0b2a8784c922789c5ceb53258b795d7b220c6026ff514d86c81dde65e83,kplr011446443-2009259160929_llc.fits,Kepler,kplr011446443-2009259160929_llc.fits,LIGHTCURVE,1,246.41151810326846,d,TIMESYS=TDB;BJDREFI=2454833;BJDREFF=0.0,long,1765.4628859418881,FITS_TIMEDEL,403121.125,16.79588508605957,406651.125,17.0523681640625,0,6728,617.55107511560743,847.97177105199114,-0.031117090955376625,0.11918584257364273,2,,,,,KIC 11446443,Kepler,Kepler Photometer,822892 FluxExporter2PipelineModule,True,False,True,True,3763,6d41c0b2a8784c922789c5ceb53258b795d7b220c6026ff514d86c81dde65e83,tres_2_b:kplr011446443-2009259160929_llc.fits,0.11754425323897055,1.0002280473709106,4.1943218093365431e-05,PDCSAP_FLUX,406651.125,17.0523681640625,406558.40625,out_of_transit_median,segment_normalized,tres_2_b-e8e81778b059cb9a,1.0002280473709106,4.1943218093365431e-05
TrES-2 b,TrES-2,tres_2_b,MAST,data/raw/mast/lightkurve/tres_2_b/kepler/mastDownload/Kepler/kplr011446443_lc_Q111111110111011101/kplr011446443-2009259160929_llc.fits,6d41c0b2a8784c922789c5ceb53258b795d7b220c6026ff514d86c81dde65e83,kplr011446443-2009259160929_llc.fits,Kepler,kplr011446443-2009259160929_llc.fits,LIGHTCURVE,1,192.05839280731016,d,TIMESYS=TDB;BJDREFI=2454833;BJDREFF=0.0,long,1765.4628859418881,FITS_TIMEDEL,403008.0625,16.805561065673828,406538.84375,17.062028884887695,0,4068,617.59188959485925,847.76616177422954,0.0081892786547541618,-0.088377691805362701,2,,,,,KIC 11446443,Kepler,Kepler Photometer,822892 FluxExporter2PipelineModule,True,False,True,True,1103,6d41c0b2a8784c922789c5ceb53258b795d7b220c6026ff514d86c81dde65e83,tres_2_b:kplr011446443-2009259160929_llc.fits,0.11791325128065977,0.99995189905166626,4.1966981370933354e-05,PDCSAP_FLUX,406538.84375,17.062028884887695,406558.40625,out_of_transit_median,segment_normalized,tres_2_b-e8e81778b059cb9a,0.99995189905166626,4.1966981370933354e-05
TrES-2 b,TrES-2,tres_2_b,MAST,data/raw/mast/lightkurve/tres_2_b/kepler/mastDownload/Kepler/kplr011446443_lc_Q111111110111011101/kplr011446443-2009259160929_llc.fits,6d41c0b2a8784c922789c5ceb53258b795d7b220c6026ff514d86c81dde65e83,kplr011446443-2009259160929_llc.fits,Kepler,kplr011446443-2009259160929_llc.fits,LIGHTCURVE,1,219.23514797969256,d,TIMESYS=TDB;BJDREFI=2454833;BJDREFF=0.0,long,1765.4628859418881,FITS_TIMEDEL,403275.71875,16.803144454956055,406570.875,17.0628662109375,0,5398,617.58633998386733,847.86889272986355,0.0022096401080489159,0.011219858191907406,2,,,,,KIC 11446443,Kepler,Kepler Photometer,822892 FluxExporter2PipelineModule,True,False,True,True,2433,6d41c0b2a8784c922789c5ceb53258b795d7b220c6026ff514d86c81dde65e83,tres_2_b:kplr011446443-2009259160929_llc.fits,0.11792127666306151,1.0000306367874146,4.1969040466938168e-05,PDCSAP_FLUX,406570.875,17.0628662109375,406558.40625,out_of_transit_median,segment_normalized,tres_2_b-e8e81778b059cb9a,1.0000306367874146,4.1969040466938168e-05
TrES-2 b,TrES-2,tres_2_b,MAST,data/raw/mast/lightkurve/tres_2_b/kepler/mastDownload/Kepler/kplr011446443_lc_Q111111110111011101/kplr011446443-2009166043257_llc.fits,10bfca91bdd928deda2e638de7a27cdc940b879452408a96b5be6146944639e9,kplr011446443-2009166043257_llc.fits,Kepler,kplr011446443-2009166043257_llc.fits,LIGHTCURVE,1,140.17641535400617,d,TIMESYS=TDB;BJDREFI=2454833;BJDREFF=0.0,long,1765.4628859418881,FITS_TIMEDEL,400091.65625,16.659917831420898,403671.15625,17.044910430908203,0,1529,621.20647764318153,848.93014637161161,0.00071479682810604572,-0.011617873795330524,1,,,,,KIC 11446443,Kepler,Kepler Photometer,795945 FluxExporter2PipelineModule,True,False,True,True,424,10bfca91bdd928deda2e638de7a27cdc940b879452408a96b5be6146944639e9,tres_2_b:kplr011446443-2009166043257_llc.fits,0.11881671497666368,0.99993306398391724,4.2221916373819113e-05,PDCSAP_FLUX,403671.15625,17.044910430908203,403698.1875,out_of_transit_median,segment_normalized,tres_2_b-e8e81778b059cb9a,0.99993306398391724,4.2221916373819113e-05
TrES-2 b,TrES-2,tres_2_b,MAST,data/raw/mast/lightkurve/tres_2_b/kepler/mastDownload/Kepler/kplr011446443_lc_Q111111110111011101/kplr011446443-2009259160929_llc.fits,6d41c0b2a8784c922789c5ceb53258b795d7b220c6026ff514d86c81dde65e83,kplr011446443-2009259160929_llc.fits,Kepler,kplr011446443-2009259160929_llc.fits,LIGHTCURVE,1,248.8839366704342,d,TIMESYS=TDB;BJDREFI=2454833;BJDREFF=0.0,long,1765.4628859418881,FITS_TIMEDEL,403122.59375,16.795034408569336,406636.5,17.051239013671875,0,6849,617.55353774682817,847.97545692132985,-0.028836844488978386,0.12345419079065323,2,,,,,KIC 11446443,Kepler,Kepler Photometer,822892 FluxExporter2PipelineModule,True,False,True,True,3884,6d41c0b2a8784c922789c5ceb53258b795d7b220c6026ff514d86c81dde65e83,tres_2_b:kplr011446443-2009259160929_llc.fits,0.1193494434047031,1.0001920461654663,4.194044231553562e-05,PDCSAP_FLUX,406636.5,17.051239013671875,406558.40625,out_of_transit_median,segment_normalized,tres_2_b-e8e81778b059cb9a,1.0001920461654663,4.194044231553562e-05
TrES-2 b,TrES-2,tres_2_b,MAST,data/raw/mast/lightkurve/tres_2_b/kepler/mastDownload/Kepler/kplr011446443_lc_Q111111110111011101/kplr011446443-2009259160929_llc.fits,6d41c0b2a8784c922789c5ceb53258b795d7b220c6026ff514d86c81dde65e83,kplr011446443-2009259160929_llc.fits,Kepler,kplr011446443-2009259160929_llc.fits,LIGHTCURVE,1,221.70760042197071,d,TIMESYS=TDB;BJDREFI=2454833;BJDREFF=0.0,long,1765.4628859418881,FITS_TIMEDEL,403200.75,16.801803588867188,406551.15625,17.060823440551758,0,5519,617.58879588800619,847.87411928802771,0.0047263852320611477,0.016382785513997078,2,,,,,KIC 11446443,Kepler,Kepler Photometer,822892 FluxExporter2PipelineModule,True,False,True,True,2554,6d41c0b2a8784c922789c5ceb53258b795d7b220c6026ff514d86c81dde65e83,tres_2_b:kplr011446443-2009259160929_llc.fits,0.11976034194121588,0.99998217821121216,4.1964016418205574e-05,PDCSAP_FLUX,406551.15625,17.060823440551758,406558.40625,out_of_transit_median,segment_normalized,tres_2_b-e8e81778b059cb9a,0.99998217821121216,4.1964016418205574e-05
TrES-2 b,TrES-2,tres_2_b,MAST,data/raw/mast/lightkurve/tres_2_b/kepler/mastDownload/Kepler/kplr011446443_lc_Q111111110111011101/kplr011446443-2009259160929_llc.fits,6d41c0b2a8784c922789c5ceb53258b795d7b220c6026ff514d86c81dde65e83,kplr011446443-2009259160929_llc.fits,Kepler,kplr011446443-2009259160929_llc.fits,LIGHTCURVE,1,194.53088032750384,d,TIMESYS=TDB;BJDREFI=2454833;BJDREFF=0.0,long,1765.4628859418881,FITS_TIMEDEL,403014.59375,16.80723762512207,406579.625,17.066484451293945,0,4189,617.59376035929427,847.77111888198897,0.0099297277629375458,-0.083883188664913177,2,,,,,KIC 11446443,Kepler,Kepler Photometer,822892 FluxExporter2PipelineModule,True,False,True,True,1224,6d41c0b2a8784c922789c5ceb53258b795d7b220c6026ff514d86c81dde65e83,tres_2_b:kplr011446443-2009259160929_llc.fits,0.11978739447434106,1.0000522136688232,4.1977938963100314e-05,PDCSAP_FLUX,406579.625,17.066484451293945,406558.40625,out_of_transit_median,segment_normalized,tres_2_b-e8e81778b059cb9a,1.0000522136688232,4.1977938963100314e-05
TrES-2 b,TrES-2,tres_2_b,MAST,data/raw/mast/lightkurve/tres_2_b/kepler/mastDownload/Kepler/kplr011446443_lc_Q111111110111011101/kplr011446443-2009166043257_llc.fits,10bfca91bdd928deda2e638de7a27cdc940b879452408a96b5be6146944639e9,kplr011446443-2009166043257_llc.fits,Kepler,kplr011446443-2009166043257_llc.fits,LIGHTCURVE,1,142.64895251509006,d,TIMESYS=TDB;BJDREFI=2454833;BJDREFF=0.0,long,1765.4628859418881,FITS_TIMEDEL,399898.28125,16.654491424560547,403631.34375,17.028177261352539,0,1650,621.20364382377397,848.93632777749724,-0.00112632114905864,-0.0080612152814865112,1,,,,,KIC 11446443,Kepler,Kepler Photometer,795945 FluxExporter2PipelineModule,True,False,True,True,545,10bfca91bdd928deda2e638de7a27cdc940b879452408a96b5be6146944639e9,tres_2_b:kplr011446443-2009166043257_llc.fits,0.12074049906055584,0.99983441829681396,4.218046524329111e-05,PDCSAP_FLUX,403631.34375,17.028177261352539,403698.1875,out_of_transit_median,segment_normalized,tres_2_b-e8e81778b059cb9a,0.99983441829681396,4.218046524329111e-05
TrES-2 b,TrES-2,tres_2_b,MAST,data/raw/mast/lightkurve/tres_2_b/kepler/mastDownload/Kepler/kplr011446443_lc_Q111111110111011101/kplr011446443-2009259160929_llc.fits,6d41c0b2a8784c922789c5ceb53258b795d7b220c6026ff514d86c81dde65e83,kplr011446443-2009259160929_llc.fits,Kepler,kplr011446443-2009259160929_llc.fits,LIGHTCURVE,1,251.35635256784735,d,TIMESYS=TDB;BJDREFI=2454833;BJDREFF=0.0,long,1765.4628859418881,FITS_TIMEDEL,403120.40625,16.795154571533203,406612.5625,17.050329208374023,0,6970,617.55514327543574,847.9794037059936,-0.027473073452711105,0.12813335657119751,2,,,,,KIC 11446443,Kepler,Kepler Photometer,822892 FluxExporter2PipelineModule,True,False,True,True,4005,6d41c0b2a8784c922789c5ceb53258b795d7b220c6026ff514d86c81dde65e83,tres_2_b:kplr011446443-2009259160929_llc.fits,0.1211519638178602,1.0001331567764282,4.1938204958569258e-05,PDCSAP_FLUX,406612.5625,17.050329208374023,406558.40625,out_of_transit_median,segment_normalized,tres_2_b-e8e81778b059cb9a,1.0001331567764282,4.1938204958569258e-05
TrES-2 b,TrES-2,tres_2_b,MAST,data/raw/mast/lightkurve/tres_2_b/kepler/mastDownload/Kepler/kplr011446443_lc_Q111111110111011101/kplr011446443-2009259160929_llc.fits,6d41c0b2a8784c922789c5ceb53258b795d7b220c6026ff514d86c81dde65e83,kplr011446443-2009259160929_llc.fits,Kepler,kplr011446443-2009259160929_llc.fits,LIGHTCURVE,1,224.18004963372368,d,TIMESYS=TDB;BJDREFI=2454833;BJDREFF=0.0,long,1765.4628859418881,FITS_TIMEDEL,403198,16.802341461181641,406583.03125,17.055158615112305,0,5640,617.5921193014691,847.87809601457104,0.0076812747865915298,0.020197849720716476,2,,,,,KIC 11446443,Kepler,Kepler Photometer,822892 FluxExporter2PipelineModule,True,False,True,True,2675,6d41c0b2a8784c922789c5ceb53258b795d7b220c6026ff514d86c81dde65e83,tres_2_b:kplr011446443-2009259160929_llc.fits,0.12159617669418954,1.0000605583190918,4.1950082959374413e-05,PDCSAP_FLUX,406583.03125,17.055158615112305,406558.40625,out_of_transit_median,segment_normalized,tres_2_b-e8e81778b059cb9a,1.0000605583190918,4.1950082959374413e-05
TrES-2 b,TrES-2,tres_2_b,MAST,data/raw/mast/lightkurve/tres_2_b/kepler/mastDownload/Kepler/kplr011446443_lc_Q111111110111011101/kplr011446443-2009166043257_llc.fits,10bfca91bdd928deda2e638de7a27cdc940b879452408a96b5be6146944639e9,kplr011446443-2009166043257_llc.fits,Kepler,kplr011446443-2009166043257_llc.fits,LIGHTCURVE,1,145.12148832389357,d,TIMESYS=TDB;BJDREFI=2454833;BJDREFF=0.0,long,1765.4628859418881,FITS_TIMEDEL,399839.71875,16.6541748046875,403707.375,17.034614562988281,0,1771,621.20198972645585,848.94266113458798,-0.0019983665551990271,-0.0040745344012975693,1,,,,,KIC 11446443,Kepler,Kepler Photometer,795945 FluxExporter2PipelineModule,True,False,True,True,666,10bfca91bdd928deda2e638de7a27cdc940b879452408a96b5be6146944639e9,tres_2_b:kplr011446443-2009166043257_llc.fits,0.12266293086406965,1.0000227689743042,4.2196410504402593e-05,PDCSAP_FLUX,403707.375,17.034614562988281,403698.1875,out_of_transit_median,segment_normalized,tres_2_b-e8e81778b059cb9a,1.0000227689743042,4.2196410504402593e-05
TrES-2 b,TrES-2,tres_2_b,MAST,data/raw/mast/lightkurve/tres_2_b/kepler/mastDownload/Kepler/kplr011446443_lc_Q111111110111011101/kplr011446443-2009259160929_llc.fits,6d41c0b2a8784c922789c5ceb53258b795d7b220c6026ff514d86c81dde65e83,kplr011446443-2009259160929_llc.fits,Kepler,kplr011446443-2009259160929_llc.fits,LIGHTCURVE,1,253.82876566861523,d,TIMESYS=TDB;BJDREFI=2454833;BJDREFF=0.0,long,1765.4628859418881,FITS_TIMEDEL,403061.53125,16.795497894287109,406507.53125,17.041664123535156,0,7091,617.55797420472197,847.98291509626085,-0.024922773241996765,0.13233925402164459,2,,,,,KIC 11446443,Kepler,Kepler Photometer,822892 FluxExporter2PipelineModule,True,False,True,True,4126,6d41c0b2a8784c922789c5ceb53258b795d7b220c6026ff514d86c81dde65e83,tres_2_b:kplr011446443-2009259160929_llc.fits,0.12295168758574104,0.99987488985061646,4.1916890040738508e-05,PDCSAP_FLUX,406507.53125,17.041664123535156,406558.40625,out_of_transit_median,segment_normalized,tres_2_b-e8e81778b059cb9a,0.99987488985061646,4.1916890040738508e-05
TrES-2 b,TrES-2,tres_2_b,MAST,data/raw/mast/lightkurve/tres_2_b/kepler/mastDownload/Kepler/kplr011446443_lc_Q111111110111011101/kplr011446443-2009259160929_llc.fits,6d41c0b2a8784c922789c5ceb53258b795d7b220c6026ff514d86c81dde65e83,kplr011446443-2009259160929_llc.fits,Kepler,kplr011446443-2009259160929_llc.fits,LIGHTCURVE,1,226.65249563148245,d,TIMESYS=TDB;BJDREFI=2454833;BJDREFF=0.0,long,1765.4628859418881,FITS_TIMEDEL,403114.6875,16.799196243286133,406534.5,17.048686981201172,0,5761,617.59513731654886,847.88168688525309,0.010623018257319927,0.02392788790166378,2,,,,,KIC 11446443,Kepler,Kepler Photometer,822892 FluxExporter2PipelineModule,True,False,True,True,2796,6d41c0b2a8784c922789c5ceb53258b795d7b220c6026ff514d86c81dde65e83,tres_2_b:kplr011446443-2009259160929_llc.fits,0.12342879745295821,0.99994117021560669,4.193416316411458e-05,PDCSAP_FLUX,406534.5,17.048686981201172,406558.40625,out_of_transit_median,segment_normalized,tres_2_b-e8e81778b059cb9a,0.99994117021560669,4.193416316411458e-05
TrES-2 b,TrES-2,tres_2_b,MAST,data/raw/mast/lightkurve/tres_2_b/kepler/mastDownload/Kepler/kplr011446443_lc_Q111111110111011101/kplr011446443-2009166043257_llc.fits,10bfca91bdd928deda2e638de7a27cdc940b879452408a96b5be6146944639e9,kplr011446443-2009166043257_llc.fits,Kepler,kplr011446443-2009166043257_llc.fits,LIGHTCURVE,1,147.59402246993704,d,TIMESYS=TDB;BJDREFI=2454833;BJDREFF=0.0,long,1765.4628859418881,FITS_TIMEDEL,399692.9375,16.650203704833984,403706.78125,17.018428802490234,0,1892,621.20222497871157,848.94924590445657,-0.00074858259176835418,-3.8269437936833128e-05,1,,,,,KIC 11446443,Kepler,Kepler Photometer,795945 FluxExporter2PipelineModule,True,False,True,True,787,10bfca91bdd928deda2e638de7a27cdc940b879452408a96b5be6146944639e9,tres_2_b:kplr011446443-2009166043257_llc.fits,0.12458369990754181,1.0000213384628296,4.2156316339969635e-05,PDCSAP_FLUX,403706.78125,17.018428802490234,403698.1875,out_of_transit_median,segment_normalized,tres_2_b-e8e81778b059cb9a,1.0000213384628296,4.2156316339969635e-05
TrES-2 b,TrES-2,tres_2_b,MAST,data/raw/mast/lightkurve/tres_2_b/kepler/mastDownload/Kepler/kplr011446443_lc_Q111111110111011101/kplr011446443-2009259160929_llc.fits,6d41c0b2a8784c922789c5ceb53258b795d7b220c6026ff514d86c81dde65e83,kplr011446443-2009259160929_llc.fits,Kepler,kplr011446443-2009259160929_llc.fits,LIGHTCURVE,1,174.77133103482629,d,TIMESYS=TDB;BJDREFI=2454833;BJDREFF=0.0,long,1765.4628859418881,FITS_TIMEDEL,403591.1875,16.817876815795898,406497.0625,17.070417404174805,0,3222,617.58045396958585,847.72506875771546,-0.0026250509545207024,-0.1228146106004715,2,,,,,KIC 11446443,Kepler,Kepler Photometer,822892 FluxExporter2PipelineModule,True,False,True,True,257,6d41c0b2a8784c922789c5ceb53258b795d7b220c6026ff514d86c81dde65e83,tres_2_b:kplr011446443-2009259160929_llc.fits,0.12514511779679194,0.99984914064407349,4.1987612348748371e-05,PDCSAP_FLUX,406497.0625,17.070417404174805,406558.40625,out_of_transit_median,segment_normalized,tres_2_b-e8e81778b059cb9a,0.99984914064407349,4.1987612348748371e-05
TrES-2 b,TrES-2,tres_2_b,MAST,data/raw/mast/lightkurve/tres_2_b/kepler/mastDownload/Kepler/kplr011446443_lc_Q111111110111011101/kplr011446443-2009259160929_llc.fits,6d41c0b2a8784c922789c5ceb53258b795d7b220c6026ff514d86c81dde65e83,kplr011446443-2009259160929_llc.fits,Kepler,kplr011446443-2009259160929_llc.fits,LIGHTCURVE,1,229.12493843642733,d,TIMESYS=TDB;BJDREFI=2454833;BJDREFF=0.0,long,1765.4628859418881,FITS_TIMEDEL,403105.9375,16.797992706298828,406573.65625,17.046852111816406,0,5882,617.59799196979043,847.88533006730825,0.013112561777234077,0.027241725474596024,2,,,,,KIC 11446443,Kepler,Kepler Photometer,822892 FluxExporter2PipelineModule,True,False,True,True,2917,6d41c0b2a8784c922789c5ceb53258b795d7b220c6026ff514d86c81dde65e83,tres_2_b:kplr011446443-2009259160929_llc.fits,0.12525822539783449,1.0000375509262085,4.1929652070393786e-05,PDCSAP_FLUX,406573.65625,17.046852111816406,406558.40625,out_of_transit_median,segment_normalized,tres_2_b-e8e81778b059cb9a,1.0000375509262085,4.1929652070393786e-05
TrES-2 b,TrES-2,tres_2_b,MAST,data/raw/mast/lightkurve/tres_2_b/kepler/mastDownload/Kepler/kplr011446443_lc_Q111111110111011101/kplr011446443-2009259160929_llc.fits,6d41c0b2a8784c922789c5ceb53258b795d7b220c6026ff514d86c81dde65e83,kplr011446443-2009259160929_llc.fits,Kepler,kplr011446443-2009259160929_llc.fits,LIGHTCURVE,1,201.94832451343973,d,TIMESYS=TDB;BJDREFI=2454833;BJDREFF=0.0,long,1765.4628859418881,FITS_TIMEDEL,403224.75,16.803951263427734,406618.1875,17.064847946166992,0,4552,617.57689429959441,847.83294941772908,-0.0063136378303170204,-0.024442568421363831,2,,,,,KIC 11446443,Kepler,Kepler Photometer,822892 FluxExporter2PipelineModule,True,False,True,True,1587,6d41c0b2a8784c922789c5ceb53258b795d7b220c6026ff514d86c81dde65e83,tres_2_b:kplr011446443-2009259160929_llc.fits,0.12539144941023372,1.0001469850540161,4.1973915358539671e-05,PDCSAP_FLUX,406618.1875,17.064847946166992,406558.40625,out_of_transit_median,segment_normalized,tres_2_b-e8e81778b059cb9a,1.0001469850540161,4.1973915358539671e-05
TrES-2 b,TrES-2,tres_2_b,MAST,data/raw/mast/lightkurve/tres_2_b/kepler/mastDownload/Kepler/kplr011446443_lc_Q111111110111011101/kplr011446443-2009131105131_llc.fits,e1699c5dd0089c35d908b711b302f72ba974edc68e030dae3e9a65d5065f7d0c,kplr011446443-2009131105131_llc.fits,Kepler,kplr011446443-2009131105131_llc.fits,LIGHTCURVE,1,122.88905851315212,d,TIMESYS=TDB;BJDREFI=2454833;BJDREFF=0.0,long,1765.4628859418881,FITS_TIMEDEL,401357.75,16.693740844726562,406281.625,16.98321533203125,0,683,621.21914693085148,848.89480834123628,0.0007860441692173481,-0.0029951811302453279,0,,,,,KIC 11446443,Kepler,Kepler Photometer,793548 FluxExporter2PipelineModule,True,False,True,True,115,e1699c5dd0089c35d908b711b302f72ba974edc68e030dae3e9a65d5065f7d0c,tres_2_b:kplr011446443-2009131105131_llc.fits,0.12575351312261773,1.0002728700637817,4.1812989366007969e-05,PDCSAP_FLUX,406281.625,16.98321533203125,406170.8125,out_of_transit_median,segment_normalized,tres_2_b-e8e81778b059cb9a,1.0002728700637817,4.1812989366007969e-05
TrES-2 b,TrES-2,tres_2_b,MAST,data/raw/mast/lightkurve/tres_2_b/kepler/mastDownload/Kepler/kplr011446443_lc_Q111111110111011101/kplr011446443-2009166043257_llc.fits,10bfca91bdd928deda2e638de7a27cdc940b879452408a96b5be6146944639e9,kplr011446443-2009166043257_llc.fits,Kepler,kplr011446443-2009166043257_llc.fits,LIGHTCURVE,1,150.06655494529696,d,TIMESYS=TDB;BJDREFI=2454833;BJDREFF=0.0,long,1765.4628859418881,FITS_TIMEDEL,399512.3125,16.647853851318359,403692.09375,17.024269104003906,0,2013,621.20116948391433,848.95528528775867,-0.00076847668970003724,0.0034525429364293814,1,,,,,KIC 11446443,Kepler,Kepler Photometer,795945 FluxExporter2PipelineModule,True,False,True,True,908,10bfca91bdd928deda2e638de7a27cdc940b879452408a96b5be6146944639e9,tres_2_b:kplr011446443-2009166043257_llc.fits,0.12650279826745447,0.99998492002487183,4.2170784581685439e-05,PDCSAP_FLUX,403692.09375,17.024269104003906,403698.1875,out_of_transit_median,segment_normalized,tres_2_b-e8e81778b059cb9a,0.99998492002487183,4.2170784581685439e-05
TrES-2 b,TrES-2,tres_2_b,MAST,data/raw/mast/lightkurve/tres_2_b/kepler/mastDownload/Kepler/kplr011446443_lc_Q111111110111011101/kplr011446443-2009259160929_llc.fits,6d41c0b2a8784c922789c5ceb53258b795d7b220c6026ff514d86c81dde65e83,kplr011446443-2009259160929_llc.fits,Kepler,kplr011446443-2009259160929_llc.fits,LIGHTCURVE,1,177.24383889801538,d,TIMESYS=TDB;BJDREFI=2454833;BJDREFF=0.0,long,1765.4628859418881,FITS_TIMEDEL,403477.03125,16.817707061767578,406565.78125,17.07457160949707,0,3343,617.58220464078886,847.72999033016049,-0.00084993313066661358,-0.11921098083257675,2,,,,,KIC 11446443,Kepler,Kepler Photometer,822892 FluxExporter2PipelineModule,True,False,True,True,378,6d41c0b2a8784c922789c5ceb53258b795d7b220c6026ff514d86c81dde65e83,tres_2_b:kplr011446443-2009259160929_llc.fits,0.12703960398588587,1.0000181198120117,4.1997831431217492e-05,PDCSAP_FLUX,406565.78125,17.07457160949707,406558.40625,out_of_transit_median,segment_normalized,tres_2_b-e8e81778b059cb9a,1.0000181198120117,4.1997831431217492e-05
TrES-2 b,TrES-2,tres_2_b,MAST,data/raw/mast/lightkurve/tres_2_b/kepler/mastDownload/Kepler/kplr011446443_lc_Q111111110111011101/kplr011446443-2009259160929_llc.fits,6d41c0b2a8784c922789c5ceb53258b795d7b220c6026ff514d86c81dde65e83,kplr011446443-2009259160929_llc.fits,Kepler,kplr011446443-2009259160929_llc.fits,LIGHTCURVE,1,204.42079947893944,d,TIMESYS=TDB;BJDREFI=2454833;BJDREFF=0.0,long,1765.4628859418881,FITS_TIMEDEL,403191.875,16.800714492797852,406584.25,17.057369232177734,0,4673,617.57798399807052,847.83826152589711,-0.0051892171613872051,-0.019298287108540535,2,,,,,KIC 11446443,Kepler,Kepler Photometer,822892 FluxExporter2PipelineModule,True,False,True,True,1708,6d41c0b2a8784c922789c5ceb53258b795d7b220c6026ff514d86c81dde65e83,tres_2_b:kplr011446443-2009259160929_llc.fits,0.12725303790994791,1.0000635385513306,4.1955518099712208e-05,PDCSAP_FLUX,406584.25,17.057369232177734,406558.40625,out_of_transit_median,segment_normalized,tres_2_b-e8e81778b059cb9a,1.0000635385513306,4.1955518099712208e-05
TrES-2 b,TrES-2,tres_2_b,MAST,data/raw/mast/lightkurve/tres_2_b/kepler/mastDownload/Kepler/kplr011446443_lc_Q111111110111011101/kplr011446443-2009131105131_llc.fits,e1699c5dd0089c35d908b711b302f72ba974edc68e030dae3e9a65d5065f7d0c,kplr011446443-2009131105131_llc.fits,Kepler,kplr011446443-2009131105131_llc.fits,LIGHTCURVE,1,125.3616025388983,d,TIMESYS=TDB;BJDREFI=2454833;BJDREFF=0.0,long,1765.4628859418881,FITS_TIMEDEL,401233.65625,16.695049285888672,406170,17.005460739135742,0,804,621.21771168111422,848.89955497925041,-0.00013322653830982745,-0.00017727987142279744,0,,,,,KIC 11446443,Kepler,Kepler Photometer,793548 FluxExporter2PipelineModule,True,False,True,True,236,e1699c5dd0089c35d908b711b302f72ba974edc68e030dae3e9a65d5065f7d0c,tres_2_b:kplr011446443-2009131105131_llc.fits,0.12768416186879183,0.99999797344207764,4.1867755498969927e-05,PDCSAP_FLUX,406170,17.005460739135742,406170.8125,out_of_transit_median,segment_normalized,tres_2_b-e8e81778b059cb9a,0.99999797344207764,4.1867755498969927e-05
TrES-2 b,TrES-2,tres_2_b,MAST,data/raw/mast/lightkurve/tres_2_b/kepler/mastDownload/Kepler/kplr011446443_lc_Q111111110111011101/kplr011446443-2009166043257_llc.fits,10bfca91bdd928deda2e638de7a27cdc940b879452408a96b5be6146944639e9,kplr011446443-2009166043257_llc.fits,Kepler,kplr011446443-2009166043257_llc.fits,LIGHTCURVE,1,152.53908564474841,d,TIMESYS=TDB;BJDREFI=2454833;BJDREFF=0.0,long,1765.4628859418881,FITS_TIMEDEL,399393.09375,16.646615982055664,403730.40625,17.028749465942383,0,2134,621.20090046414828,848.96088017751595,7.0752990723121911e-05,0.0066136210225522518,1,,,,,KIC 11446443,Kepler,Kepler Photometer,795945 FluxExporter2PipelineModule,True,False,True,True,1029,10bfca91bdd928deda2e638de7a27cdc940b879452408a96b5be6146944639e9,tres_2_b:kplr011446443-2009166043257_llc.fits,0.12842012071890863,1.0000797510147095,4.2181884055025876e-05,PDCSAP_FLUX,403730.40625,17.028749465942383,403698.1875,out_of_transit_median,segment_normalized,tres_2_b-e8e81778b059cb9a,1.0000797510147095,4.2181884055025876e-05
TrES-2 b,TrES-2,tres_2_b,MAST,data/raw/mast/lightkurve/tres_2_b/kepler/mastDownload/Kepler/kplr011446443_lc_Q111111110111011101/kplr011446443-2009259160929_llc.fits,6d41c0b2a8784c922789c5ceb53258b795d7b220c6026ff514d86c81dde65e83,kplr011446443-2009259160929_llc.fits,Kepler,kplr011446443-2009259160929_llc.fits,LIGHTCURVE,1,234.06981457757502,d,TIMESYS=TDB;BJDREFI=2454833;BJDREFF=0.0,long,1765.4628859418881,FITS_TIMEDEL,403165.46875,16.798917770385742,406613.78125,17.045707702636719,0,6124,617.57767864145387,847.91151445085188,-0.0061217667534947395,0.054053377360105515,2,,,,,KIC 11446443,Kepler,Kepler Photometer,822892 FluxExporter2PipelineModule,True,False,True,True,3159,6d41c0b2a8784c922789c5ceb53258b795d7b220c6026ff514d86c81dde65e83,tres_2_b:kplr011446443-2009259160929_llc.fits,0.12890761254552285,1.0001362562179565,4.1926836274797097e-05,PDCSAP_FLUX,406613.78125,17.045707702636719,406558.40625,out_of_transit_median,segment_normalized,tres_2_b-e8e81778b059cb9a,1.0001362562179565,4.1926836274797097e-05
TrES-2 b,TrES-2,tres_2_b,MAST,data/raw/mast/lightkurve/tres_2_b/kepler/mastDownload/Kepler/kplr011446443_lc_Q111111110111011101/kplr011446443-2009259160929_llc.fits,6d41c0b2a8784c922789c5ceb53258b795d7b220c6026ff514d86c81dde65e83,kplr011446443-2009259160929_llc.fits,Kepler,kplr011446443-2009259160929_llc.fits,LIGHTCURVE,1,179.71634414011351,d,TIMESYS=TDB;BJDREFI=2454833;BJDREFF=0.0,long,1765.4628859418881,FITS_TIMEDEL,403290.25,16.812219619750977,406524.375,17.065254211425781,0,3464,617.58385650541572,847.73581163273059,0.00067338376538828015,-0.11463432759046555,2,,,,,KIC 11446443,Kepler,Kepler Photometer,822892 FluxExporter2PipelineModule,True,False,True,True,499,6d41c0b2a8784c922789c5ceb53258b795d7b220c6026ff514d86c81dde65e83,tres_2_b:kplr011446443-2009259160929_llc.fits,0.12893146908400888,0.99991631507873535,4.1974915802711621e-05,PDCSAP_FLUX,406524.375,17.065254211425781,406558.40625,out_of_transit_median,segment_normalized,tres_2_b-e8e81778b059cb9a,0.99991631507873535,4.1974915802711621e-05
TrES-2 b,TrES-2,tres_2_b,MAST,data/raw/mast/lightkurve/tres_2_b/kepler/mastDownload/Kepler/kplr011446443_lc_Q111111110111011101/kplr011446443-2009259160929_llc.fits,6d41c0b2a8784c922789c5ceb53258b795d7b220c6026ff514d86c81dde65e83,kplr011446443-2009259160929_llc.fits,Kepler,kplr011446443-2009259160929_llc.fits,LIGHTCURVE,1,206.89327143859555,d,TIMESYS=TDB;BJDREFI=2454833;BJDREFF=0.0,long,1765.4628859418881,FITS_TIMEDEL,403161.53125,16.801660537719727,406535.53125,17.059993743896484,0,4794,617.58009538536305,847.84358172039822,-0.0034737314563244581,-0.01394334714859724,2,,,,,KIC 11446443,Kepler,Kepler Photometer,822892 FluxExporter2PipelineModule,True,False,True,True,1829,6d41c0b2a8784c922789c5ceb53258b795d7b220c6026ff514d86c81dde65e83,tres_2_b:kplr011446443-2009259160929_llc.fits,0.12911162056605252,0.99994373321533203,4.1961975512094796e-05,PDCSAP_FLUX,406535.53125,17.059993743896484,406558.40625,out_of_transit_median,segment_normalized,tres_2_b-e8e81778b059cb9a,0.99994373321533203,4.1961975512094796e-05
TrES-2 b,TrES-2,tres_2_b,MAST,data/raw/mast/lightkurve/tres_2_b/kepler/mastDownload/Kepler/kplr011446443_lc_Q111111110111011101/kplr011446443-2009131105131_llc.fits,e1699c5dd0089c35d908b711b302f72ba974edc68e030dae3e9a65d5065f7d0c,kplr011446443-2009131105131_llc.fits,Kepler,kplr011446443-2009131105131_llc.fits,LIGHTCURVE,1,127.83414605055441,d,TIMESYS=TDB;BJDREFI=2454833;BJDREFF=0.0,long,1765.4628859418881,FITS_TIMEDEL,401151.3125,16.693719863891602,406181.46875,16.980186462402344,0,925,621.21572402331753,848.90333568041615,-0.0015628737164661288,0.0016488273395225406,0,,,,,KIC 11446443,Kepler,Kepler Photometer,793548 FluxExporter2PipelineModule,True,False,True,True,357,e1699c5dd0089c35d908b711b302f72ba974edc68e030dae3e9a65d5065f7d0c,tres_2_b:kplr011446443-2009131105131_llc.fits,0.12961429652490497,1.0000262260437012,4.1805531509453431e-05,PDCSAP_FLUX,406181.46875,16.980186462402344,406170.8125,out_of_transit_median,segment_normalized,tres_2_b-e8e81778b059cb9a,1.0000262260437012,4.1805531509453431e-05
TrES-2 b,TrES-2,tres_2_b,MAST,data/raw/mast/lightkurve/tres_2_b/kepler/mastDownload/Kepler/kplr011446443_lc_Q111111110111011101/kplr011446443-2009166043257_llc.fits,10bfca91bdd928deda2e638de7a27cdc940b879452408a96b5be6146944639e9,kplr011446443-2009166043257_llc.fits,Kepler,kplr011446443-2009166043257_llc.fits,LIGHTCURVE,1,155.01161436641996,d,TIMESYS=TDB;BJDREFI=2454833;BJDREFF=0.0,long,1765.4628859418881,FITS_TIMEDEL,399200.5625,16.645603179931641,403708.15625,17.024106979370117,0,2255,621.201874947806,848.9682844943942,0.0020365607924759388,0.011426097713410854,1,,,,,KIC 11446443,Kepler,Kepler Photometer,795945 FluxExporter2PipelineModule,True,False,True,True,1150,10bfca91bdd928deda2e638de7a27cdc940b879452408a96b5be6146944639e9,tres_2_b:kplr011446443-2009166043257_llc.fits,0.13033546539046381,1.000024676322937,4.2170380766037852e-05,PDCSAP_FLUX,403708.15625,17.024106979370117,403698.1875,out_of_transit_median,segment_normalized,tres_2_b-e8e81778b059cb9a,1.000024676322937,4.2170380766037852e-05
TrES-2 b,TrES-2,tres_2_b,MAST,data/raw/mast/lightkurve/tres_2_b/kepler/mastDownload/Kepler/kplr011446443_lc_Q111111110111011101/kplr011446443-2009259160929_llc.fits,6d41c0b2a8784c922789c5ceb53258b795d7b220c6026ff514d86c81dde65e83,kplr011446443-2009259160929_llc.fits,Kepler,kplr011446443-2009259160929_llc.fits,LIGHTCURVE,1,236.542247882222,d,TIMESYS=TDB;BJDREFI=2454833;BJDREFF=0.0,long,1765.4628859418881,FITS_TIMEDEL,402976.78125,16.793605804443359,406506.40625,17.046688079833984,0,6245,617.58229548982604,847.91556489345032,-0.001556208822876215,0.057984188199043274,2,,,,,KIC 11446443,Kepler,Kepler Photometer,822892 FluxExporter2PipelineModule,True,False,True,True,3280,6d41c0b2a8784c922789c5ceb53258b795d7b220c6026ff514d86c81dde65e83,tres_2_b:kplr011446443-2009259160929_llc.fits,0.13072754019250676,0.99987208843231201,4.1929248254746199e-05,PDCSAP_FLUX,406506.40625,17.046688079833984,406558.40625,out_of_transit_median,segment_normalized,tres_2_b-e8e81778b059cb9a,0.99987208843231201,4.1929248254746199e-05
TrES-2 b,TrES-2,tres_2_b,MAST,data/raw/mast/lightkurve/tres_2_b/kepler/mastDownload/Kepler/kplr011446443_lc_Q111111110111011101/kplr011446443-2009259160929_llc.fits,6d41c0b2a8784c922789c5ceb53258b795d7b220c6026ff514d86c81dde65e83,kplr011446443-2009259160929_llc.fits,Kepler,kplr011446443-2009259160929_llc.fits,LIGHTCURVE,1,209.36574007424497,d,TIMESYS=TDB;BJDREFI=2454833;BJDREFF=0.0,long,1765.4628859418881,FITS_TIMEDEL,403210.375,16.805446624755859,406551.25,17.06488037109375,0,4915,617.58096934948537,847.84908244850544,-0.0026122827548533678,-0.0085058780387043953,2,,,,,KIC 11446443,Kepler,Kepler Photometer,822892 FluxExporter2PipelineModule,True,False,True,True,1950,6d41c0b2a8784c922789c5ceb53258b795d7b220c6026ff514d86c81dde65e83,tres_2_b:kplr011446443-2009259160929_llc.fits,0.13096687921547301,0.99998241662979126,4.1973995394073427e-05,PDCSAP_FLUX,406551.25,17.06488037109375,406558.40625,out_of_transit_median,segment_normalized,tres_2_b-e8e81778b059cb9a,0.99998241662979126,4.1973995394073427e-05
TrES-2 b,TrES-2,tres_2_b,MAST,data/raw/mast/lightkurve/tres_2_b/kepler/mastDownload/Kepler/kplr011446443_lc_Q111111110111011101/kplr011446443-2009166043257_llc.fits,10bfca91bdd928deda2e638de7a27cdc940b879452408a96b5be6146944639e9,kplr011446443-2009166043257_llc.fits,Kepler,kplr011446443-2009166043257_llc.fits,LIGHTCURVE,1,157.48414121089445,d,TIMESYS=TDB;BJDREFI=2454833;BJDREFF=0.0,long,1765.4628859418881,FITS_TIMEDEL,399047.5,16.640468597412109,403727.125,17.002910614013672,0,2376,621.19880105151515,848.97675845136382,0.00014330791600514203,0.017180191352963448,1,,,,,KIC 11446443,Kepler,Kepler Photometer,795945 FluxExporter2PipelineModule,True,False,True,True,1271,10bfca91bdd928deda2e638de7a27cdc940b879452408a96b5be6146944639e9,tres_2_b:kplr011446443-2009166043257_llc.fits,0.13224893286495099,1.00007164478302,4.2117877455893904e-05,PDCSAP_FLUX,403727.125,17.002910614013672,403698.1875,out_of_transit_median,segment_normalized,tres_2_b-e8e81778b059cb9a,1.00007164478302,4.2117877455893904e-05
TrES-2 b,TrES-2,tres_2_b,MAST,data/raw/mast/lightkurve/tres_2_b/kepler/mastDownload/Kepler/kplr011446443_lc_Q111111110111011101/kplr011446443-2009259160929_llc.fits,6d41c0b2a8784c922789c5ceb53258b795d7b220c6026ff514d86c81dde65e83,kplr011446443-2009259160929_llc.fits,Kepler,kplr011446443-2009259160929_llc.fits,LIGHTCURVE,1,239.01467823003622,d,TIMESYS=TDB;BJDREFI=2454833;BJDREFF=0.0,long,1765.4628859418881,FITS_TIMEDEL,403001.5625,16.794284820556641,406554.4375,17.050273895263672,0,6366,617.58527787576122,847.9181660165284,0.0013117935741320252,0.060555346310138702,2,,,,,KIC 11446443,Kepler,Kepler Photometer,822892 FluxExporter2PipelineModule,True,False,True,True,3401,6d41c0b2a8784c922789c5ceb53258b795d7b220c6026ff514d86c81dde65e83,tres_2_b:kplr011446443-2009259160929_llc.fits,0.13254451100673159,0.99999022483825684,4.1938066715374589e-05,PDCSAP_FLUX,406554.4375,17.050273895263672,406558.40625,out_of_transit_median,segment_normalized,tres_2_b-e8e81778b059cb9a,0.99999022483825684,4.1938066715374589e-05
TrES-2 b,TrES-2,tres_2_b,MAST,data/raw/mast/lightkurve/tres_2_b/kepler/mastDownload/Kepler/kplr011446443_lc_Q111111110111011101/kplr011446443-2009259160929_llc.fits,6d41c0b2a8784c922789c5ceb53258b795d7b220c6026ff514d86c81dde65e83,kplr011446443-2009259160929_llc.fits,Kepler,kplr011446443-2009259160929_llc.fits,LIGHTCURVE,1,184.6613457053827,d,TIMESYS=TDB;BJDREFI=2454833;BJDREFF=0.0,long,1765.4628859418881,FITS_TIMEDEL,404221.59375,16.825126647949219,406593.8125,17.04551887512207,0,3706,617.57832578989587,847.74791201041273,-0.0045266393572092056,-0.10039958357810974,2,,,,,KIC 11446443,Kepler,Kepler Photometer,822892 FluxExporter2PipelineModule,True,False,True,True,741,6d41c0b2a8784c922789c5ceb53258b795d7b220c6026ff514d86c81dde65e83,tres_2_b:kplr011446443-2009259160929_llc.fits,0.13270628035320375,1.0000871419906616,4.1926370613509789e-05,PDCSAP_FLUX,406593.8125,17.04551887512207,406558.40625,out_of_transit_median,segment_normalized,tres_2_b-e8e81778b059cb9a,1.0000871419906616,4.1926370613509789e-05
TrES-2 b,TrES-2,tres_2_b,MAST,data/raw/mast/lightkurve/tres_2_b/kepler/mastDownload/Kepler/kplr011446443_lc_Q111111110111011101/kplr011446443-2009259160929_llc.fits,6d41c0b2a8784c922789c5ceb53258b795d7b220c6026ff514d86c81dde65e83,kplr011446443-2009259160929_llc.fits,Kepler,kplr011446443-2009259160929_llc.fits,LIGHTCURVE,1,211.83820547284995,d,TIMESYS=TDB;BJDREFI=2454833;BJDREFF=0.0,long,1765.4628859418881,FITS_TIMEDEL,403208.3125,16.802194595336914,406521.125,17.062736511230469,0,5036,617.58258243381056,847.85389991867305,-0.0012950318632647395,-0.0037309394683688879,2,,,,,KIC 11446443,Kepler,Kepler Photometer,822892 FluxExporter2PipelineModule,True,False,True,True,2071,6d41c0b2a8784c922789c5ceb53258b795d7b220c6026ff514d86c81dde65e83,tres_2_b:kplr011446443-2009259160929_llc.fits,0.13281890082045478,0.99990832805633545,4.1968720324803144e-05,PDCSAP_FLUX,406521.125,17.062736511230469,406558.40625,out_of_transit_median,segment_normalized,tres_2_b-e8e81778b059cb9a,0.99990832805633545,4.1968720324803144e-05
TrES-2 b,TrES-2,tres_2_b,MAST,data/raw/mast/lightkurve/tres_2_b/kepler/mastDownload/Kepler/kplr011446443_lc_Q111111110111011101/kplr011446443-2009166043257_llc.fits,10bfca91bdd928deda2e638de7a27cdc940b879452408a96b5be6146944639e9,kplr011446443-2009166043257_llc.fits,Kepler,kplr011446443-2009166043257_llc.fits,LIGHTCURVE,1,132.77923042960902,d,TIMESYS=TDB;BJDREFI=2454833;BJDREFF=0.0,long,1765.4628859418881,FITS_TIMEDEL,400426.5,16.6666259765625,403731.71875,17.016685485839844,0,1167,621.21168247041953,848.91349462690948,0.0043996674939990044,-0.022615805268287659,1,,,,,KIC 11446443,Kepler,Kepler Photometer,795945 FluxExporter2PipelineModule,True,False,True,True,62,10bfca91bdd928deda2e638de7a27cdc940b879452408a96b5be6146944639e9,tres_2_b:kplr011446443-2009166043257_llc.fits,0.13347192157951127,1.0000830888748169,4.2151998059125617e-05,PDCSAP_FLUX,403731.71875,17.016685485839844,403698.1875,out_of_transit_median,segment_normalized,tres_2_b-e8e81778b059cb9a,1.0000830888748169,4.2151998059125617e-05
TrES-2 b,TrES-2,tres_2_b,MAST,data/raw/mast/lightkurve/tres_2_b/kepler/mastDownload/Kepler/kplr011446443_lc_Q111111110111011101/kplr011446443-2009166043257_llc.fits,10bfca91bdd928deda2e638de7a27cdc940b879452408a96b5be6146944639e9,kplr011446443-2009166043257_llc.fits,Kepler,kplr011446443-2009166043257_llc.fits,LIGHTCURVE,1,159.95666608177999,d,TIMESYS=TDB;BJDREFI=2454833;BJDREFF=0.0,long,1765.4628859418881,FITS_TIMEDEL,398915.0625,16.638513565063477,403733.5625,17.019987106323242,0,2497,621.19888168554519,848.98275493551716,0.0012686292175203562,0.021135346964001656,1,,,,,KIC 11446443,Kepler,Kepler Photometer,795945 FluxExporter2PipelineModule,True,False,True,True,1392,10bfca91bdd928deda2e638de7a27cdc940b879452408a96b5be6146944639e9,tres_2_b:kplr011446443-2009166043257_llc.fits,0.13416042675048723,1.0000876188278198,4.2160176235483959e-05,PDCSAP_FLUX,403733.5625,17.019987106323242,403698.1875,out_of_transit_median,segment_normalized,tres_2_b-e8e81778b059cb9a,1.0000876188278198,4.2160176235483959e-05
TrES-2 b,TrES-2,tres_2_b,MAST,data/raw/mast/lightkurve/tres_2_b/kepler/mastDownload/Kepler/kplr011446443_lc_Q111111110111011101/kplr011446443-2009259160929_llc.fits,6d41c0b2a8784c922789c5ceb53258b795d7b220c6026ff514d86c81dde65e83,kplr011446443-2009259160929_llc.fits,Kepler,kplr011446443-2009259160929_llc.fits,LIGHTCURVE,1,241.48710546828079,d,TIMESYS=TDB;BJDREFI=2454833;BJDREFF=0.0,long,1765.4628859418881,FITS_TIMEDEL,402912.5625,16.793298721313477,406467.4375,17.048004150390625,0,6487,617.58852079914504,847.92178339536679,0.0042303162626922131,0.064536117017269135,2,,,,,KIC 11446443,Kepler,Kepler Photometer,822892 FluxExporter2PipelineModule,True,False,True,True,3522,6d41c0b2a8784c922789c5ceb53258b795d7b220c6026ff514d86c81dde65e83,tres_2_b:kplr011446443-2009259160929_llc.fits,0.1343583722512951,0.99977624416351318,4.193248605588451e-05,PDCSAP_FLUX,406467.4375,17.048004150390625,406558.40625,out_of_transit_median,segment_normalized,tres_2_b-e8e81778b059cb9a,0.99977624416351318,4.193248605588451e-05
TrES-2 b,TrES-2,tres_2_b,MAST,data/raw/mast/lightkurve/tres_2_b/kepler/mastDownload/Kepler/kplr011446443_lc_Q111111110111011101/kplr011446443-2009259160929_llc.fits,6d41c0b2a8784c922789c5ceb53258b795d7b220c6026ff514d86c81dde65e83,kplr011446443-2009259160929_llc.fits,Kepler,kplr011446443-2009259160929_llc.fits,LIGHTCURVE,1,187.13384231121017,d,TIMESYS=TDB;BJDREFI=2454833;BJDREFF=0.0,long,1765.4628859418881,FITS_TIMEDEL,403254.96875,16.813026428222656,406556.28125,17.065435409545898,0,3827,617.58794589685738,847.75380931982602,0.0047069401480257511,-0.098957598209381104,2,,,,,KIC 11446443,Kepler,Kepler Photometer,822892 FluxExporter2PipelineModule,True,False,True,True,862,6d41c0b2a8784c922789c5ceb53258b795d7b220c6026ff514d86c81dde65e83,tres_2_b:kplr011446443-2009259160929_llc.fits,0.13458950918067702,0.99999475479125977,4.1975359636126086e-05,PDCSAP_FLUX,406556.28125,17.065435409545898,406558.40625,out_of_transit_median,segment_normalized,tres_2_b-e8e81778b059cb9a,0.99999475479125977,4.1975359636126086e-05
TrES-2 b,TrES-2,tres_2_b,MAST,data/raw/mast/lightkurve/tres_2_b/kepler/mastDownload/Kepler/kplr011446443_lc_Q111111110111011101/kplr011446443-2009259160929_llc.fits,6d41c0b2a8784c922789c5ceb53258b795d7b220c6026ff514d86c81dde65e83,kplr011446443-2009259160929_llc.fits,Kepler,kplr011446443-2009259160929_llc.fits,LIGHTCURVE,1,214.31066692626337,d,TIMESYS=TDB;BJDREFI=2454833;BJDREFF=0.0,long,1765.4628859418881,FITS_TIMEDEL,403299.46875,16.802873611450195,406577.34375,17.061790466308594,0,5157,617.58347208227087,847.85890787232722,-0.00050713849486783147,0.0014193616807460785,2,,,,,KIC 11446443,Kepler,Kepler Photometer,822892 FluxExporter2PipelineModule,True,False,True,True,2192,6d41c0b2a8784c922789c5ceb53258b795d7b220c6026ff514d86c81dde65e83,tres_2_b:kplr011446443-2009259160929_llc.fits,0.13466697723387111,1.0000466108322144,4.1966395656345412e-05,PDCSAP_FLUX,406577.34375,17.061790466308594,406558.40625,out_of_transit_median,segment_normalized,tres_2_b-e8e81778b059cb9a,1.0000466108322144,4.1966395656345412e-05
TrES-2 b,TrES-2,tres_2_b,MAST,data/raw/mast/lightkurve/tres_2_b/kepler/mastDownload/Kepler/kplr011446443_lc_Q111111110111011101/kplr011446443-2009166043257_llc.fits,10bfca91bdd928deda2e638de7a27cdc940b879452408a96b5be6146944639e9,kplr011446443-2009166043257_llc.fits,Kepler,kplr011446443-2009166043257_llc.fits,LIGHTCURVE,1,135.25177125055779,d,TIMESYS=TDB;BJDREFI=2454833;BJDREFF=0.0,long,1765.4628859418881,FITS_TIMEDEL,400271.84375,16.662759780883789,403672.90625,17.049379348754883,0,1288,621.20862993568926,848.91930270674106,0.0018020325805991888,-0.018828814849257469,1,,,,,KIC 11446443,Kepler,Kepler Photometer,795945 FluxExporter2PipelineModule,True,False,True,True,183,10bfca91bdd928deda2e638de7a27cdc940b879452408a96b5be6146944639e9,tres_2_b:kplr011446443-2009166043257_llc.fits,0.13539936552829102,0.99993735551834106,4.2232983105350286e-05,PDCSAP_FLUX,403672.90625,17.049379348754883,403698.1875,out_of_transit_median,segment_normalized,tres_2_b-e8e81778b059cb9a,0.99993735551834106,4.2232983105350286e-05
TrES-2 b,TrES-2,tres_2_b,MAST,data/raw/mast/lightkurve/tres_2_b/kepler/mastDownload/Kepler/kplr011446443_lc_Q111111110111011101/kplr011446443-2009166043257_llc.fits,10bfca91bdd928deda2e638de7a27cdc940b879452408a96b5be6146944639e9,kplr011446443-2009166043257_llc.fits,Kepler,kplr011446443-2009166043257_llc.fits,LIGHTCURVE,1,162.42918868640845,d,TIMESYS=TDB;BJDREFI=2454833;BJDREFF=0.0,long,1765.4628859418881,FITS_TIMEDEL,398770.8125,16.639066696166992,403723.59375,17.002780914306641,0,2618,621.19749534911705,848.99253405821776,0.00092718127416446805,0.028491633012890816,1,,,,,KIC 11446443,Kepler,Kepler Photometer,795945 FluxExporter2PipelineModule,True,False,True,True,1513,10bfca91bdd928deda2e638de7a27cdc940b879452408a96b5be6146944639e9,tres_2_b:kplr011446443-2009166043257_llc.fits,0.13606965437895346,1.0000629425048828,4.211755731375888e-05,PDCSAP_FLUX,403723.59375,17.002780914306641,403698.1875,out_of_transit_median,segment_normalized,tres_2_b-e8e81778b059cb9a,1.0000629425048828,4.211755731375888e-05
TrES-2 b,TrES-2,tres_2_b,MAST,data/raw/mast/lightkurve/tres_2_b/kepler/mastDownload/Kepler/kplr011446443_lc_Q111111110111011101/kplr011446443-2009259160929_llc.fits,6d41c0b2a8784c922789c5ceb53258b795d7b220c6026ff514d86c81dde65e83,kplr011446443-2009259160929_llc.fits,Kepler,kplr011446443-2009259160929_llc.fits,LIGHTCURVE,1,243.95952984911128,d,TIMESYS=TDB;BJDREFI=2454833;BJDREFF=0.0,long,1765.4628859418881,FITS_TIMEDEL,402882.09375,16.792720794677734,406457.5625,17.035896301269531,0,6608,617.59213339335849,847.92449741115308,0.0075412229634821415,0.067181214690208435,2,,,,,KIC 11446443,Kepler,Kepler Photometer,822892 FluxExporter2PipelineModule,True,False,True,True,3643,6d41c0b2a8784c922789c5ceb53258b795d7b220c6026ff514d86c81dde65e83,tres_2_b:kplr011446443-2009259160929_llc.fits,0.13616937608178437,0.9997519850730896,4.190270192339085e-05,PDCSAP_FLUX,406457.5625,17.035896301269531,406558.40625,out_of_transit_median,segment_normalized,tres_2_b-e8e81778b059cb9a,0.9997519850730896,4.190270192339085e-05
TrES-2 b,TrES-2,tres_2_b,MAST,data/raw/mast/lightkurve/tres_2_b/kepler/mastDownload/Kepler/kplr011446443_lc_Q111111110111011101/kplr011446443-2009259160929_llc.fits,6d41c0b2a8784c922789c5ceb53258b795d7b220c6026ff514d86c81dde65e83,kplr011446443-2009259160929_llc.fits,Kepler,kplr011446443-2009259160929_llc.fits,LIGHTCURVE,1,189.60633596055413,d,TIMESYS=TDB;BJDREFI=2454833;BJDREFF=0.0,long,1765.4628859418881,FITS_TIMEDEL,403060.3125,16.808910369873047,406547.8125,17.063617706298828,0,3948,617.59071955968625,847.75996647363479,0.0071747689507901669,-0.093842253088951111,2,,,,,KIC 11446443,Kepler,Kepler Photometer,822892 FluxExporter2PipelineModule,True,False,True,True,983,6d41c0b2a8784c922789c5ceb53258b795d7b220c6026ff514d86c81dde65e83,tres_2_b:kplr011446443-2009259160929_llc.fits,0.13646978152463718,0.99997395277023315,4.197088856017217e-05,PDCSAP_FLUX,406547.8125,17.063617706298828,406558.40625,out_of_transit_median,segment_normalized,tres_2_b-e8e81778b059cb9a,0.99997395277023315,4.197088856017217e-05
TrES-2 b,TrES-2,tres_2_b,MAST,data/raw/mast/lightkurve/tres_2_b/kepler/mastDownload/Kepler/kplr011446443_lc_Q111111110111011101/kplr011446443-2009259160929_llc.fits,6d41c0b2a8784c922789c5ceb53258b795d7b220c6026ff514d86c81dde65e83,kplr011446443-2009259160929_llc.fits,Kepler,kplr011446443-2009259160929_llc.fits,LIGHTCURVE,1,216.78312583074876,d,TIMESYS=TDB;BJDREFI=2454833;BJDREFF=0.0,long,1765.4628859418881,FITS_TIMEDEL,403266.625,16.802801132202148,406533.3125,17.062540054321289,0,5278,617.5839578278285,847.86481715338164,-8.2402213593013585e-05,0.0072329733520746231,2,,,,,KIC 11446443,Kepler,Kepler Photometer,822892 FluxExporter2PipelineModule,True,False,True,True,2313,6d41c0b2a8784c922789c5ceb53258b795d7b220c6026ff514d86c81dde65e83,tres_2_b:kplr011446443-2009259160929_llc.fits,0.13651250471926413,0.9999382495880127,4.1968236473621801e-05,PDCSAP_FLUX,406533.3125,17.062540054321289,406558.40625,out_of_transit_median,segment_normalized,tres_2_b-e8e81778b059cb9a,0.9999382495880127,4.1968236473621801e-05
TrES-2 b,TrES-2,tres_2_b,MAST,data/raw/mast/lightkurve/tres_2_b/kepler/mastDownload/Kepler/kplr011446443_lc_Q111111110111011101/kplr011446443-2009166043257_llc.fits,10bfca91bdd928deda2e638de7a27cdc940b879452408a96b5be6146944639e9,kplr011446443-2009166043257_llc.fits,Kepler,kplr011446443-2009166043257_llc.fits,LIGHTCURVE,1,137.72431096474611,d,TIMESYS=TDB;BJDREFI=2454833;BJDREFF=0.0,long,1765.4628859418881,FITS_TIMEDEL,400210.375,16.661525726318359,403698.125,17.046455383300781,0,1409,621.20720226074332,848.92353815834713,0.00087483844254165888,-0.01625901460647583,1,,,,,KIC 11446443,Kepler,Kepler Photometer,795945 FluxExporter2PipelineModule,True,False,True,True,304,10bfca91bdd928deda2e638de7a27cdc940b879452408a96b5be6146944639e9,tres_2_b:kplr011446443-2009166043257_llc.fits,0.13732570271660616,0.99999982118606567,4.2225739889545366e-05,PDCSAP_FLUX,403698.125,17.046455383300781,403698.1875,out_of_transit_median,segment_normalized,tres_2_b-e8e81778b059cb9a,0.99999982118606567,4.2225739889545366e-05
TrES-2 b,TrES-2,tres_2_b,MAST,data/raw/mast/lightkurve/tres_2_b/kepler/mastDownload/Kepler/kplr011446443_lc_Q111111110111011101/kplr011446443-2009166043257_llc.fits,10bfca91bdd928deda2e638de7a27cdc940b879452408a96b5be6146944639e9,kplr011446443-2009166043257_llc.fits,Kepler,kplr011446443-2009166043257_llc.fits,LIGHTCURVE,1,164.90170843491069,d,TIMESYS=TDB;BJDREFI=2454833;BJDREFF=0.0,long,1765.4628859418881,FITS_TIMEDEL,398593.875,16.634910583496094,403607.125,16.971202850341797,0,2739,621.19619032760158,849.00118256328471,0.00072953233029693365,0.034509763121604919,1,,,,,KIC 11446443,Kepler,Kepler Photometer,795945 FluxExporter2PipelineModule,True,False,True,True,1634,10bfca91bdd928deda2e638de7a27cdc940b879452408a96b5be6146944639e9,tres_2_b:kplr011446443-2009166043257_llc.fits,0.13797602588118996,0.99977445602416992,4.2039333493448794e-05,PDCSAP_FLUX,403607.125,16.971202850341797,403698.1875,out_of_transit_median,segment_normalized,tres_2_b-e8e81778b059cb9a,0.99977445602416992,4.2039333493448794e-05
TrES-2 b,TrES-2,tres_2_b,MAST,data/raw/mast/lightkurve/tres_2_b/kepler/mastDownload/Kepler/kplr011446443_lc_Q111111110111011101/kplr011446443-2009259160929_llc.fits,6d41c0b2a8784c922789c5ceb53258b795d7b220c6026ff514d86c81dde65e83,kplr011446443-2009259160929_llc.fits,Kepler,kplr011446443-2009259160929_llc.fits,LIGHTCURVE,1,246.43195133026893,d,TIMESYS=TDB;BJDREFI=2454833;BJDREFF=0.0,long,1765.4628859418881,FITS_TIMEDEL,403140.78125,16.795478820800781,406667.15625,17.052009582519531,0,6729,617.55136790540723,847.97195096296821,-0.030874563381075859,0.11955061554908752,2,,,,,KIC 11446443,Kepler,Kepler Photometer,822892 FluxExporter2PipelineModule,True,False,True,True,3764,6d41c0b2a8784c922789c5ceb53258b795d7b220c6026ff514d86c81dde65e83,tres_2_b:kplr011446443-2009259160929_llc.fits,0.13797748023943757,1.000267505645752,4.1942337702494115e-05,PDCSAP_FLUX,406667.15625,17.052009582519531,406558.40625,out_of_transit_median,segment_normalized,tres_2_b-e8e81778b059cb9a,1.000267505645752,4.1942337702494115e-05
TrES-2 b,TrES-2,tres_2_b,MAST,data/raw/mast/lightkurve/tres_2_b/kepler/mastDownload/Kepler/kplr011446443_lc_Q111111110111011101/kplr011446443-2009259160929_llc.fits,6d41c0b2a8784c922789c5ceb53258b795d7b220c6026ff514d86c81dde65e83,kplr011446443-2009259160929_llc.fits,Kepler,kplr011446443-2009259160929_llc.fits,LIGHTCURVE,1,192.07882660498581,d,TIMESYS=TDB;BJDREFI=2454833;BJDREFF=0.0,long,1765.4628859418881,FITS_TIMEDEL,403002.0625,16.805608749389648,406531.03125,17.061100006103516,0,4069,617.59191858430177,847.7661440476603,0.0082587273791432381,-0.088355205953121185,2,,,,,KIC 11446443,Kepler,Kepler Photometer,822892 FluxExporter2PipelineModule,True,False,True,True,1104,6d41c0b2a8784c922789c5ceb53258b795d7b220c6026ff514d86c81dde65e83,tres_2_b:kplr011446443-2009259160929_llc.fits,0.13834704895631034,0.99993264675140381,4.19646967202425e-05,PDCSAP_FLUX,406531.03125,17.061100006103516,406558.40625,out_of_transit_median,segment_normalized,tres_2_b-e8e81778b059cb9a,0.99993264675140381,4.19646967202425e-05
TrES-2 b,TrES-2,tres_2_b,MAST,data/raw/mast/lightkurve/tres_2_b/kepler/mastDownload/Kepler/kplr011446443_lc_Q111111110111011101/kplr011446443-2009259160929_llc.fits,6d41c0b2a8784c922789c5ceb53258b795d7b220c6026ff514d86c81dde65e83,kplr011446443-2009259160929_llc.fits,Kepler,kplr011446443-2009259160929_llc.fits,LIGHTCURVE,1,219.25558148748678,d,TIMESYS=TDB;BJDREFI=2454833;BJDREFF=0.0,long,1765.4628859418881,FITS_TIMEDEL,403285.15625,16.803369522094727,406581.21875,17.063098907470703,0,5399,617.58624840938739,847.86894420385568,0.0022511600982397795,0.011378338560461998,2,,,,,KIC 11446443,Kepler,Kepler Photometer,822892 FluxExporter2PipelineModule,True,False,True,True,2434,6d41c0b2a8784c922789c5ceb53258b795d7b220c6026ff514d86c81dde65e83,tres_2_b:kplr011446443-2009259160929_llc.fits,0.13835478445728477,1.0000561475753784,4.1969611629610881e-05,PDCSAP_FLUX,406581.21875,17.063098907470703,406558.40625,out_of_transit_median,segment_normalized,tres_2_b-e8e81778b059cb9a,1.0000561475753784,4.1969611629610881e-05
TrES-2 b,TrES-2,tres_2_b,MAST,data/raw/mast/lightkurve/tres_2_b/kepler/mastDownload/Kepler/kplr011446443_lc_Q111111110111011101/kplr011446443-2009166043257_llc.fits,10bfca91bdd928deda2e638de7a27cdc940b879452408a96b5be6146944639e9,kplr011446443-2009166043257_llc.fits,Kepler,kplr011446443-2009166043257_llc.fits,LIGHTCURVE,1,140.19684955435514,d,TIMESYS=TDB;BJDREFI=2454833;BJDREFF=0.0,long,1765.4628859418881,FITS_TIMEDEL,400107,16.66029167175293,403687.28125,17.045831680297852,0,1530,621.20612543675713,848.92987650634427,0.00040778869879432023,-0.011791402474045753,1,,,,,KIC 11446443,Kepler,Kepler Photometer,795945 FluxExporter2PipelineModule,True,False,True,True,425,10bfca91bdd928deda2e638de7a27cdc940b879452408a96b5be6146944639e9,tres_2_b:kplr011446443-2009166043257_llc.fits,0.13925091532563649,0.99997299909591675,4.2224197386531159e-05,PDCSAP_FLUX,403687.28125,17.045831680297852,403698.1875,out_of_transit_median,segment_normalized,tres_2_b-e8e81778b059cb9a,0.99997299909591675,4.2224197386531159e-05
TrES-2 b,TrES-2,tres_2_b,MAST,data/raw/mast/lightkurve/tres_2_b/kepler/mastDownload/Kepler/kplr011446443_lc_Q111111110111011101/kplr011446443-2009259160929_llc.fits,6d41c0b2a8784c922789c5ceb53258b795d7b220c6026ff514d86c81dde65e83,kplr011446443-2009259160929_llc.fits,Kepler,kplr011446443-2009259160929_llc.fits,LIGHTCURVE,1,248.90436997415236,d,TIMESYS=TDB;BJDREFI=2454833;BJDREFF=0.0,long,1765.4628859418881,FITS_TIMEDEL,403081.96875,16.794408798217773,406601.09375,17.052524566650391,0,6850,617.55331514574277,847.97549366245858,-0.028928805142641068,0.12348467856645584,2,,,,,KIC 11446443,Kepler,Kepler Photometer,822892 FluxExporter2PipelineModule,True,False,True,True,3885,6d41c0b2a8784c922789c5ceb53258b795d7b220c6026ff514d86c81dde65e83,tres_2_b:kplr011446443-2009259160929_llc.fits,0.1397827471228672,1.0001050233840942,4.1943603719118983e-05,PDCSAP_FLUX,406601.09375,17.052524566650391,406558.40625,out_of_transit_median,segment_normalized,tres_2_b-e8e81778b059cb9a,1.0001050233840942,4.1943603719118983e-05
TrES-2 b,TrES-2,tres_2_b,MAST,data/raw/mast/lightkurve/tres_2_b/kepler/mastDownload/Kepler/kplr011446443_lc_Q111111110111011101/kplr011446443-2009259160929_llc.fits,6d41c0b2a8784c922789c5ceb53258b795d7b220c6026ff514d86c81dde65e83,kplr011446443-2009259160929_llc.fits,Kepler,kplr011446443-2009259160929_llc.fits,LIGHTCURVE,1,194.55131420003454,d,TIMESYS=TDB;BJDREFI=2454833;BJDREFF=0.0,long,1765.4628859418881,FITS_TIMEDEL,402972.34375,16.806398391723633,406533.59375,17.063503265380859,0,4190,617.59383852505164,847.77137242096262,0.0098805585876107216,-0.083635829389095306,2,,,,,KIC 11446443,Kepler,Kepler Photometer,822892 FluxExporter2PipelineModule,True,False,True,True,1225,6d41c0b2a8784c922789c5ceb53258b795d7b220c6026ff514d86c81dde65e83,tres_2_b:kplr011446443-2009259160929_llc.fits,0.14022126700504356,0.99993896484375,4.1970608435804024e-05,PDCSAP_FLUX,406533.59375,17.063503265380859,406558.40625,out_of_transit_median,segment_normalized,tres_2_b-e8e81778b059cb9a,0.99993896484375,4.1970608435804024e-05
TrES-2 b,TrES-2,tres_2_b,MAST,data/raw/mast/lightkurve/tres_2_b/kepler/mastDownload/Kepler/kplr011446443_lc_Q111111110111011101/kplr011446443-2009166043257_llc.fits,10bfca91bdd928deda2e638de7a27cdc940b879452408a96b5be6146944639e9,kplr011446443-2009166043257_llc.fits,Kepler,kplr011446443-2009166043257_llc.fits,LIGHTCURVE,1,142.66938670391391,d,TIMESYS=TDB;BJDREFI=2454833;BJDREFF=0.0,long,1765.4628859418881,FITS_TIMEDEL,399936.71875,16.655014038085938,403666.40625,17.026454925537109,0,1651,621.20370381125872,848.93618294514965,-0.0010855842847377062,-0.0080989403650164604,1,,,,,KIC 11446443,Kepler,Kepler Photometer,795945 FluxExporter2PipelineModule,True,False,True,True,546,10bfca91bdd928deda2e638de7a27cdc940b879452408a96b5be6146944639e9,tres_2_b:kplr011446443-2009166043257_llc.fits,0.14117468788441179,0.99992126226425171,4.2176197894150391e-05,PDCSAP_FLUX,403666.40625,17.026454925537109,403698.1875,out_of_transit_median,segment_normalized,tres_2_b-e8e81778b059cb9a,0.99992126226425171,4.2176197894150391e-05
TrES-2 b,TrES-2,tres_2_b,MAST,data/raw/mast/lightkurve/tres_2_b/kepler/mastDownload/Kepler/kplr011446443_lc_Q111111110111011101/kplr011446443-2009259160929_llc.fits,6d41c0b2a8784c922789c5ceb53258b795d7b220c6026ff514d86c81dde65e83,kplr011446443-2009259160929_llc.fits,Kepler,kplr011446443-2009259160929_llc.fits,LIGHTCURVE,1,251.37678564897942,d,TIMESYS=TDB;BJDREFI=2454833;BJDREFF=0.0,long,1765.4628859418881,FITS_TIMEDEL,403106.625,16.794858932495117,406598.0625,17.047536849975586,0,6971,617.55476247170805,847.9793166032639,-0.02777639776468277,0.12811709940433502,2,,,,,KIC 11446443,Kepler,Kepler Photometer,822892 FluxExporter2PipelineModule,True,False,True,True,4006,6d41c0b2a8784c922789c5ceb53258b795d7b220c6026ff514d86c81dde65e83,tres_2_b:kplr011446443-2009259160929_llc.fits,0.14158504494992896,1.0000975131988525,4.1931336454581469e-05,PDCSAP_FLUX,406598.0625,17.047536849975586,406558.40625,out_of_transit_median,segment_normalized,tres_2_b-e8e81778b059cb9a,1.0000975131988525,4.1931336454581469e-05
TrES-2 b,TrES-2,tres_2_b,MAST,data/raw/mast/lightkurve/tres_2_b/kepler/mastDownload/Kepler/kplr011446443_lc_Q111111110111011101/kplr011446443-2009259160929_llc.fits,6d41c0b2a8784c922789c5ceb53258b795d7b220c6026ff514d86c81dde65e83,kplr011446443-2009259160929_llc.fits,Kepler,kplr011446443-2009259160929_llc.fits,LIGHTCURVE,1,169.84674122876459,d,TIMESYS=TDB;BJDREFI=2454833;BJDREFF=0.0,long,1765.4628859418881,FITS_TIMEDEL,404430.5625,16.834056854248047,406518.90625,17.057836532592773,0,2981,617.57174166970583,847.7104980020157,-0.011073066852986813,-0.13260819017887115,2,,,,,KIC 11446443,Kepler,Kepler Photometer,822892 FluxExporter2PipelineModule,True,False,True,True,16,6d41c0b2a8784c922789c5ceb53258b795d7b220c6026ff514d86c81dde65e83,tres_2_b:kplr011446443-2009259160929_llc.fits,0.14178206573508789,0.99990284442901611,4.1956667701015249e-05,PDCSAP_FLUX,406518.90625,17.057836532592773,406558.40625,out_of_transit_median,segment_normalized,tres_2_b-e8e81778b059cb9a,0.99990284442901611,4.1956667701015249e-05
TrES-2 b,TrES-2,tres_2_b,MAST,data/raw/mast/lightkurve/tres_2_b/kepler/mastDownload/Kepler/kplr011446443_lc_Q111111110111011101/kplr011446443-2009259160929_llc.fits,6d41c0b2a8784c922789c5ceb53258b795d7b220c6026ff514d86c81dde65e83,kplr011446443-2009259160929_llc.fits,Kepler,kplr011446443-2009259160929_llc.fits,LIGHTCURVE,1,224.20048308819969,d,TIMESYS=TDB;BJDREFI=2454833;BJDREFF=0.0,long,1765.4628859418881,FITS_TIMEDEL,403204.375,16.802469253540039,406589.40625,17.053386688232422,0,5641,617.59211712908643,847.87835734852388,0.0078051863238215446,0.020496120676398277,2,,,,,KIC 11446443,Kepler,Kepler Photometer,822892 FluxExporter2PipelineModule,True,False,True,True,2676,6d41c0b2a8784c922789c5ceb53258b795d7b220c6026ff514d86c81dde65e83,tres_2_b:kplr011446443-2009259160929_llc.fits,0.1420296311701954,1.0000762939453125,4.1945724660763517e-05,PDCSAP_FLUX,406589.40625,17.053386688232422,406558.40625,out_of_transit_median,segment_normalized,tres_2_b-e8e81778b059cb9a,1.0000762939453125,4.1945724660763517e-05
TrES-2 b,TrES-2,tres_2_b,MAST,data/raw/mast/lightkurve/tres_2_b/kepler/mastDownload/Kepler/kplr011446443_lc_Q111111110111011101/kplr011446443-2009259160929_llc.fits,6d41c0b2a8784c922789c5ceb53258b795d7b220c6026ff514d86c81dde65e83,kplr011446443-2009259160929_llc.fits,Kepler,kplr011446443-2009259160929_llc.fits,LIGHTCURVE,1,197.02379860518704,d,TIMESYS=TDB;BJDREFI=2454833;BJDREFF=0.0,long,1765.4628859418881,FITS_TIMEDEL,403022.53125,16.805105209350586,406577.96875,17.060346603393555,0,4311,617.59475768206403,847.77647431103549,0.010635806247591972,-0.078904248774051666,2,,,,,KIC 11446443,Kepler,Kepler Photometer,822892 FluxExporter2PipelineModule,True,False,True,True,1346,6d41c0b2a8784c922789c5ceb53258b795d7b220c6026ff514d86c81dde65e83,tres_2_b:kplr011446443-2009259160929_llc.fits,0.1420922951575434,1.0000481605529785,4.1962841351050884e-05,PDCSAP_FLUX,406577.96875,17.060346603393555,406558.40625,out_of_transit_median,segment_normalized,tres_2_b-e8e81778b059cb9a,1.0000481605529785,4.1962841351050884e-05
TrES-2 b,TrES-2,tres_2_b,MAST,data/raw/mast/lightkurve/tres_2_b/kepler/mastDownload/Kepler/kplr011446443_lc_Q111111110111011101/kplr011446443-2009166043257_llc.fits,10bfca91bdd928deda2e638de7a27cdc940b879452408a96b5be6146944639e9,kplr011446443-2009166043257_llc.fits,Kepler,kplr011446443-2009166043257_llc.fits,LIGHTCURVE,1,145.14192240026023,d,TIMESYS=TDB;BJDREFI=2454833;BJDREFF=0.0,long,1765.4628859418881,FITS_TIMEDEL,399789.46875,16.654027938842773,403663.34375,17.032440185546875,0,1772,621.20229698849664,848.94237749118395,-0.0017243666807189584,-0.0043679508380591869,1,,,,,KIC 11446443,Kepler,Kepler Photometer,795945 FluxExporter2PipelineModule,True,False,True,True,667,10bfca91bdd928deda2e638de7a27cdc940b879452408a96b5be6146944639e9,tres_2_b:kplr011446443-2009166043257_llc.fits,0.14309700723072472,0.99991369247436523,4.2191026295768097e-05,PDCSAP_FLUX,403663.34375,17.032440185546875,403698.1875,out_of_transit_median,segment_normalized,tres_2_b-e8e81778b059cb9a,0.99991369247436523,4.2191026295768097e-05
TrES-2 b,TrES-2,tres_2_b,MAST,data/raw/mast/lightkurve/tres_2_b/kepler/mastDownload/Kepler/kplr011446443_lc_Q111111110111011101/kplr011446443-2009259160929_llc.fits,6d41c0b2a8784c922789c5ceb53258b795d7b220c6026ff514d86c81dde65e83,kplr011446443-2009259160929_llc.fits,Kepler,kplr011446443-2009259160929_llc.fits,LIGHTCURVE,1,253.84919882786198,d,TIMESYS=TDB;BJDREFI=2454833;BJDREFF=0.0,long,1765.4628859418881,FITS_TIMEDEL,403090.6875,16.795560836791992,406538.40625,17.0433349609375,0,7092,617.55802836141936,847.98277890920701,-0.02489037811756134,0.1322689950466156,2,,,,,KIC 11446443,Kepler,Kepler Photometer,822892 FluxExporter2PipelineModule,True,False,True,True,4127,6d41c0b2a8784c922789c5ceb53258b795d7b220c6026ff514d86c81dde65e83,tres_2_b:kplr011446443-2009259160929_llc.fits,0.14338484683249075,0.9999508261680603,4.1921000956790522e-05,PDCSAP_FLUX,406538.40625,17.0433349609375,406558.40625,out_of_transit_median,segment_normalized,tres_2_b-e8e81778b059cb9a,0.9999508261680603,4.1921000956790522e-05
TrES-2 b,TrES-2,tres_2_b,MAST,data/raw/mast/lightkurve/tres_2_b/kepler/mastDownload/Kepler/kplr011446443_lc_Q111111110111011101/kplr011446443-2009259160929_llc.fits,6d41c0b2a8784c922789c5ceb53258b795d7b220c6026ff514d86c81dde65e83,kplr011446443-2009259160929_llc.fits,Kepler,kplr011446443-2009259160929_llc.fits,LIGHTCURVE,1,172.31925440410123,d,TIMESYS=TDB;BJDREFI=2454833;BJDREFF=0.0,long,1765.4628859418881,FITS_TIMEDEL,403853.5,16.822063446044922,406527.375,17.067564010620117,0,3102,617.57722381478322,847.7193209017388,-0.0058078472502529621,-0.12690506875514984,2,,,,,KIC 11446443,Kepler,Kepler Photometer,822892 FluxExporter2PipelineModule,True,False,True,True,137,6d41c0b2a8784c922789c5ceb53258b795d7b220c6026ff514d86c81dde65e83,tres_2_b:kplr011446443-2009259160929_llc.fits,0.14368186407173211,0.99992364645004272,4.1980594687629491e-05,PDCSAP_FLUX,406527.375,17.067564010620117,406558.40625,out_of_transit_median,segment_normalized,tres_2_b-e8e81778b059cb9a,0.99992364645004272,4.1980594687629491e-05
TrES-2 b,TrES-2,tres_2_b,MAST,data/raw/mast/lightkurve/tres_2_b/kepler/mastDownload/Kepler/kplr011446443_lc_Q111111110111011101/kplr011446443-2009259160929_llc.fits,6d41c0b2a8784c922789c5ceb53258b795d7b220c6026ff514d86c81dde65e83,kplr011446443-2009259160929_llc.fits,Kepler,kplr011446443-2009259160929_llc.fits,LIGHTCURVE,1,226.67292905941576,d,TIMESYS=TDB;BJDREFI=2454833;BJDREFF=0.0,long,1765.4628859418881,FITS_TIMEDEL,403151.625,16.80003547668457,406568.21875,17.048784255981445,0,5762,617.59506177372293,847.88174601643357,0.010435967706143856,0.023917598649859428,2,,,,,KIC 11446443,Kepler,Kepler Photometer,822892 FluxExporter2PipelineModule,True,False,True,True,2797,6d41c0b2a8784c922789c5ceb53258b795d7b220c6026ff514d86c81dde65e83,tres_2_b:kplr011446443-2009259160929_llc.fits,0.14386222538627069,1.0000240802764893,4.1934403270715848e-05,PDCSAP_FLUX,406568.21875,17.048784255981445,406558.40625,out_of_transit_median,segment_normalized,tres_2_b-e8e81778b059cb9a,1.0000240802764893,4.1934403270715848e-05
TrES-2 b,TrES-2,tres_2_b,MAST,data/raw/mast/lightkurve/tres_2_b/kepler/mastDownload/Kepler/kplr011446443_lc_Q111111110111011101/kplr011446443-2009166043257_llc.fits,10bfca91bdd928deda2e638de7a27cdc940b879452408a96b5be6146944639e9,kplr011446443-2009166043257_llc.fits,Kepler,kplr011446443-2009166043257_llc.fits,LIGHTCURVE,1,147.61445653291594,d,TIMESYS=TDB;BJDREFI=2454833;BJDREFF=0.0,long,1765.4628859418881,FITS_TIMEDEL,399653.75,16.649520874023438,403670.15625,17.009040832519531,0,1893,621.20243160933273,848.94903900666372,-0.00060008122818544507,-0.00027418643003329635,1,,,,,KIC 11446443,Kepler,Kepler Photometer,795945 FluxExporter2PipelineModule,True,False,True,True,788,10bfca91bdd928deda2e638de7a27cdc940b879452408a96b5be6146944639e9,tres_2_b:kplr011446443-2009166043257_llc.fits,0.14501776288643486,0.99993056058883667,4.2133062379434705e-05,PDCSAP_FLUX,403670.15625,17.009040832519531,403698.1875,out_of_transit_median,segment_normalized,tres_2_b-e8e81778b059cb9a,0.99993056058883667,4.2133062379434705e-05
TrES-2 b,TrES-2,tres_2_b,MAST,data/raw/mast/lightkurve/tres_2_b/kepler/mastDownload/Kepler/kplr011446443_lc_Q111111110111011101/kplr011446443-2009259160929_llc.fits,6d41c0b2a8784c922789c5ceb53258b795d7b220c6026ff514d86c81dde65e83,kplr011446443-2009259160929_llc.fits,Kepler,kplr011446443-2009259160929_llc.fits,LIGHTCURVE,1,174.79176499827736,d,TIMESYS=TDB;BJDREFI=2454833;BJDREFF=0.0,long,1765.4628859418881,FITS_TIMEDEL,403628.4375,16.817960739135742,406534.65625,17.072015762329102,0,3223,617.58014344910691,847.72532439007102,-0.0028622699901461601,-0.12252780795097351,2,,,,,KIC 11446443,Kepler,Kepler Photometer,822892 FluxExporter2PipelineModule,True,False,True,True,258,6d41c0b2a8784c922789c5ceb53258b795d7b220c6026ff514d86c81dde65e83,tres_2_b:kplr011446443-2009259160929_llc.fits,0.14557908124786079,0.99994158744812012,4.1991545003838837e-05,PDCSAP_FLUX,406534.65625,17.072015762329102,406558.40625,out_of_transit_median,segment_normalized,tres_2_b-e8e81778b059cb9a,0.99994158744812012,4.1991545003838837e-05
TrES-2 b,TrES-2,tres_2_b,MAST,data/raw/mast/lightkurve/tres_2_b/kepler/mastDownload/Kepler/kplr011446443_lc_Q111111110111011101/kplr011446443-2009259160929_llc.fits,6d41c0b2a8784c922789c5ceb53258b795d7b220c6026ff514d86c81dde65e83,kplr011446443-2009259160929_llc.fits,Kepler,kplr011446443-2009259160929_llc.fits,LIGHTCURVE,1,229.14537173805729,d,TIMESYS=TDB;BJDREFI=2454833;BJDREFF=0.0,long,1765.4628859418881,FITS_TIMEDEL,403091.03125,16.797710418701172,406561.84375,17.045003890991211,0,5883,617.59815656038552,847.88531872971737,0.013289852067828178,0.027383433654904366,2,,,,,KIC 11446443,Kepler,Kepler Photometer,822892 FluxExporter2PipelineModule,True,False,True,True,2918,6d41c0b2a8784c922789c5ceb53258b795d7b220c6026ff514d86c81dde65e83,tres_2_b:kplr011446443-2009259160929_llc.fits,0.14569152702779875,1.0000084638595581,4.1925104596884921e-05,PDCSAP_FLUX,406561.84375,17.045003890991211,406558.40625,out_of_transit_median,segment_normalized,tres_2_b-e8e81778b059cb9a,1.0000084638595581,4.1925104596884921e-05
TrES-2 b,TrES-2,tres_2_b,MAST,data/raw/mast/lightkurve/tres_2_b/kepler/mastDownload/Kepler/kplr011446443_lc_Q111111110111011101/kplr011446443-2009259160929_llc.fits,6d41c0b2a8784c922789c5ceb53258b795d7b220c6026ff514d86c81dde65e83,kplr011446443-2009259160929_llc.fits,Kepler,kplr011446443-2009259160929_llc.fits,LIGHTCURVE,1,201.9687582079714,d,TIMESYS=TDB;BJDREFI=2454833;BJDREFF=0.0,long,1765.4628859418881,FITS_TIMEDEL,403175.6875,16.80296516418457,406569.46875,17.064050674438477,0,4553,617.57684413232437,847.83312113330078,-0.0062951282598078251,-0.024202823638916016,2,,,,,KIC 11446443,Kepler,Kepler Photometer,822892 FluxExporter2PipelineModule,True,False,True,True,1588,6d41c0b2a8784c922789c5ceb53258b795d7b220c6026ff514d86c81dde65e83,tres_2_b:kplr011446443-2009259160929_llc.fits,0.14582514394190915,1.0000271797180176,4.1971954487962648e-05,PDCSAP_FLUX,406569.46875,17.064050674438477,406558.40625,out_of_transit_median,segment_normalized,tres_2_b-e8e81778b059cb9a,1.0000271797180176,4.1971954487962648e-05
TrES-2 b,TrES-2,tres_2_b,MAST,data/raw/mast/lightkurve/tres_2_b/kepler/mastDownload/Kepler/kplr011446443_lc_Q111111110111011101/kplr011446443-2009131105131_llc.fits,e1699c5dd0089c35d908b711b302f72ba974edc68e030dae3e9a65d5065f7d0c,kplr011446443-2009131105131_llc.fits,Kepler,kplr011446443-2009131105131_llc.fits,LIGHTCURVE,1,122.90949276671017,d,TIMESYS=TDB;BJDREFI=2454833;BJDREFF=0.0,long,1765.4628859418881,FITS_TIMEDEL,401306.5,16.692747116088867,406201.0625,16.996694564819336,0,684,621.21936260348332,848.8945465865371,0.00095181004144251347,-0.0032415641471743584,0,,,,,KIC 11446443,Kepler,Kepler Photometer,793548 FluxExporter2PipelineModule,True,False,True,True,116,e1699c5dd0089c35d908b711b302f72ba974edc68e030dae3e9a65d5065f7d0c,tres_2_b:kplr011446443-2009131105131_llc.fits,0.14618776668066857,1.0000745058059692,4.1846175008686259e-05,PDCSAP_FLUX,406201.0625,16.996694564819336,406170.8125,out_of_transit_median,segment_normalized,tres_2_b-e8e81778b059cb9a,1.0000745058059692,4.1846175008686259e-05
TrES-2 b,TrES-2,tres_2_b,MAST,data/raw/mast/lightkurve/tres_2_b/kepler/mastDownload/Kepler/kplr011446443_lc_Q111111110111011101/kplr011446443-2009166043257_llc.fits,10bfca91bdd928deda2e638de7a27cdc940b879452408a96b5be6146944639e9,kplr011446443-2009166043257_llc.fits,Kepler,kplr011446443-2009166043257_llc.fits,LIGHTCURVE,1,150.0869890939648,d,TIMESYS=TDB;BJDREFI=2454833;BJDREFF=0.0,long,1765.4628859418881,FITS_TIMEDEL,399536.09375,16.647285461425781,403705.375,17.019182205200195,0,2014,621.201506351837,848.95444499685789,-0.0005409613368101418,0.0027721039950847626,1,,,,,KIC 11446443,Kepler,Kepler Photometer,795945 FluxExporter2PipelineModule,True,False,True,True,909,10bfca91bdd928deda2e638de7a27cdc940b879452408a96b5be6146944639e9,tres_2_b:kplr011446443-2009166043257_llc.fits,0.14693694693530035,1.0000177621841431,4.2158182623097673e-05,PDCSAP_FLUX,403705.375,17.019182205200195,403698.1875,out_of_transit_median,segment_normalized,tres_2_b-e8e81778b059cb9a,1.0000177621841431,4.2158182623097673e-05
TrES-2 b,TrES-2,tres_2_b,MAST,data/raw/mast/lightkurve/tres_2_b/kepler/mastDownload/Kepler/kplr011446443_lc_Q111111110111011101/kplr011446443-2009259160929_llc.fits,6d41c0b2a8784c922789c5ceb53258b795d7b220c6026ff514d86c81dde65e83,kplr011446443-2009259160929_llc.fits,Kepler,kplr011446443-2009259160929_llc.fits,LIGHTCURVE,1,177.26427283934754,d,TIMESYS=TDB;BJDREFI=2454833;BJDREFF=0.0,long,1765.4628859418881,FITS_TIMEDEL,403503.53125,16.818065643310547,406598.84375,17.072700500488281,0,3344,617.58252098525224,847.72963731002187,-0.00051395595073699951,-0.1195521280169487,2,,,,,KIC 11446443,Kepler,Kepler Photometer,822892 FluxExporter2PipelineModule,True,False,True,True,379,6d41c0b2a8784c922789c5ceb53258b795d7b220c6026ff514d86c81dde65e83,tres_2_b:kplr011446443-2009259160929_llc.fits,0.14747354531804358,1.0000994205474854,4.1993229388026521e-05,PDCSAP_FLUX,406598.84375,17.072700500488281,406558.40625,out_of_transit_median,segment_normalized,tres_2_b-e8e81778b059cb9a,1.0000994205474854,4.1993229388026521e-05
TrES-2 b,TrES-2,tres_2_b,MAST,data/raw/mast/lightkurve/tres_2_b/kepler/mastDownload/Kepler/kplr011446443_lc_Q111111110111011101/kplr011446443-2009259160929_llc.fits,6d41c0b2a8784c922789c5ceb53258b795d7b220c6026ff514d86c81dde65e83,kplr011446443-2009259160929_llc.fits,Kepler,kplr011446443-2009259160929_llc.fits,LIGHTCURVE,1,231.61781135020283,d,TIMESYS=TDB;BJDREFI=2454833;BJDREFF=0.0,long,1765.4628859418881,FITS_TIMEDEL,403788.84375,16.808399200439453,406610.03125,16.996160507202148,0,6004,617.56455122189993,847.90422647105549,-0.01870189793407917,0.048512127250432968,2,,,,,KIC 11446443,Kepler,Kepler Photometer,822892 FluxExporter2PipelineModule,True,False,True,True,3039,6d41c0b2a8784c922789c5ceb53258b795d7b220c6026ff514d86c81dde65e83,tres_2_b:kplr011446443-2009259160929_llc.fits,0.14751776217333457,1.0001269578933716,4.1804967622738332e-05,PDCSAP_FLUX,406610.03125,16.996160507202148,406558.40625,out_of_transit_median,segment_normalized,tres_2_b-e8e81778b059cb9a,1.0001269578933716,4.1804967622738332e-05
TrES-2 b,TrES-2,tres_2_b,MAST,data/raw/mast/lightkurve/tres_2_b/kepler/mastDownload/Kepler/kplr011446443_lc_Q111111110111011101/kplr011446443-2009131105131_llc.fits,e1699c5dd0089c35d908b711b302f72ba974edc68e030dae3e9a65d5065f7d0c,kplr011446443-2009131105131_llc.fits,Kepler,kplr011446443-2009131105131_llc.fits,LIGHTCURVE,1,125.38203678791615,d,TIMESYS=TDB;BJDREFI=2454833;BJDREFF=0.0,long,1765.4628859418881,FITS_TIMEDEL,401188.75,16.694328308105469,406070.09375,16.981788635253906,0,805,621.21786417893281,848.89987418682313,0,0,0,,,,,KIC 11446443,Kepler,Kepler Photometer,793548 FluxExporter2PipelineModule,True,False,True,True,237,e1699c5dd0089c35d908b711b302f72ba974edc68e030dae3e9a65d5065f7d0c,tres_2_b:kplr011446443-2009131105131_llc.fits,0.14811841088664512,0.99975204467773438,4.1809475078480318e-05,PDCSAP_FLUX,406070.09375,16.981788635253906,406170.8125,out_of_transit_median,segment_normalized,tres_2_b-e8e81778b059cb9a,0.99975204467773438,4.1809475078480318e-05
TrES-2 b,TrES-2,tres_2_b,MAST,data/raw/mast/lightkurve/tres_2_b/kepler/mastDownload/Kepler/kplr011446443_lc_Q111111110111011101/kplr011446443-2009259160929_llc.fits,6d41c0b2a8784c922789c5ceb53258b795d7b220c6026ff514d86c81dde65e83,kplr011446443-2009259160929_llc.fits,Kepler,kplr011446443-2009259160929_llc.fits,LIGHTCURVE,1,234.09024782751658,d,TIMESYS=TDB;BJDREFI=2454833;BJDREFF=0.0,long,1765.4628859418881,FITS_TIMEDEL,403163.125,16.798723220825195,406615.6875,17.045957565307617,0,6125,617.57757175945153,847.91120945030468,-0.0061172191053628922,0.053660150617361069,2,,,,,KIC 11446443,Kepler,Kepler Photometer,822892 FluxExporter2PipelineModule,True,False,True,True,3160,6d41c0b2a8784c922789c5ceb53258b795d7b220c6026ff514d86c81dde65e83,tres_2_b:kplr011446443-2009259160929_llc.fits,0.14934086248708422,1.000140905380249,4.1927451093215495e-05,PDCSAP_FLUX,406615.6875,17.045957565307617,406558.40625,out_of_transit_median,segment_normalized,tres_2_b-e8e81778b059cb9a,1.000140905380249,4.1927451093215495e-05
TrES-2 b,TrES-2,tres_2_b,MAST,data/raw/mast/lightkurve/tres_2_b/kepler/mastDownload/Kepler/kplr011446443_lc_Q111111110111011101/kplr011446443-2009259160929_llc.fits,6d41c0b2a8784c922789c5ceb53258b795d7b220c6026ff514d86c81dde65e83,kplr011446443-2009259160929_llc.fits,Kepler,kplr011446443-2009259160929_llc.fits,LIGHTCURVE,1,179.73677805862098,d,TIMESYS=TDB;BJDREFI=2454833;BJDREFF=0.0,long,1765.4628859418881,FITS_TIMEDEL,403336.6875,16.813196182250977,406577.21875,17.066740036010742,0,3465,617.58358840565313,847.73584669533716,0.00055586261441931129,-0.11459847539663315,2,,,,,KIC 11446443,Kepler,Kepler Photometer,822892 FluxExporter2PipelineModule,True,False,True,True,500,6d41c0b2a8784c922789c5ceb53258b795d7b220c6026ff514d86c81dde65e83,tres_2_b:kplr011446443-2009259160929_llc.fits,0.14936538759148754,1.0000462532043457,4.1978568333433941e-05,PDCSAP_FLUX,406577.21875,17.066740036010742,406558.40625,out_of_transit_median,segment_normalized,tres_2_b-e8e81778b059cb9a,1.0000462532043457,4.1978568333433941e-05
TrES-2 b,TrES-2,tres_2_b,MAST,data/raw/mast/lightkurve/tres_2_b/kepler/mastDownload/Kepler/kplr011446443_lc_Q111111110111011101/kplr011446443-2009259160929_llc.fits,6d41c0b2a8784c922789c5ceb53258b795d7b220c6026ff514d86c81dde65e83,kplr011446443-2009259160929_llc.fits,Kepler,kplr011446443-2009259160929_llc.fits,LIGHTCURVE,1,206.91370498004108,d,TIMESYS=TDB;BJDREFI=2454833;BJDREFF=0.0,long,1765.4628859418881,FITS_TIMEDEL,403195.84375,16.804521560668945,406570.96875,17.062337875366211,0,4795,617.57971167869141,847.84355320955706,-0.0036177849397063255,-0.013927782885730267,2,,,,,KIC 11446443,Kepler,Kepler Photometer,822892 FluxExporter2PipelineModule,True,False,True,True,1830,6d41c0b2a8784c922789c5ceb53258b795d7b220c6026ff514d86c81dde65e83,tres_2_b:kplr011446443-2009259160929_llc.fits,0.14954516201157975,1.0000308752059937,4.1967741708504036e-05,PDCSAP_FLUX,406570.96875,17.062337875366211,406558.40625,out_of_transit_median,segment_normalized,tres_2_b-e8e81778b059cb9a,1.0000308752059937,4.1967741708504036e-05
