planet,epoch,mid_transit_time,duration,depth,quality,filter,observer,light_curve_url,source_url,table_index,row_index,raw_metadata_json
TrES-2 b,2815,2460912.413957,126.92,26.88,3,clear,Philippe LANGLET,https://var.astro.cz/api/charts/observation/109868,https://var.astro.cz/api/OcGate/Exoplanets/8,oc_gate_api,0,"{""transId"": 21839, ""obsId"": 109868, ""dataVersion"": 638922617210185130, ""hjdMid"": 2460912.413957, ""hjdMidReduced"": 60912.413957, ""jdMidErr"": 0.004733, ""epoch"": 2815, ""ocValue"": 0.001943, ""duration"": 126.92, ""durationErr"": 21.37, ""depth"": 26.88, ""depthErr"": 9.31, ""dqi"": 3, ""band"": ""clear"", ""observer"": ""Philippe LANGLET"", ""reference"": ""TRESCA"", ""referenceUrl"": ""https://var.astro.cz/en/Transits/21839"", ""note"": """", ""updatedTime"": 1756657769, ""isPrivate"": false}"
TrES-2 b,2813,2460907.470547,105.05,14.27,3,r,CCD  Expediční skupina,https://var.astro.cz/api/charts/observation/109743,https://var.astro.cz/api/OcGate/Exoplanets/8,oc_gate_api,1,"{""transId"": 21790, ""obsId"": 109743, ""dataVersion"": 638914956354998480, ""hjdMid"": 2460907.470547, ""hjdMidReduced"": 60907.470547, ""jdMidErr"": 0.000846, ""epoch"": 2813, ""ocValue"": -0.000241, ""duration"": 105.05, ""durationErr"": 3.9, ""depth"": 14.27, ""depthErr"": 0.79, ""dqi"": 3, ""band"": ""r"", ""observer"": ""CCD  Expediční skupina"", ""reference"": ""TRESCA"", ""referenceUrl"": ""https://var.astro.cz/en/Transits/21790"", ""note"": ""Pozorovatelé: Vojtěch Dienstbier, Jan Herzig, David Chudožilov\r\nPočasí: jasno\r\nRočník: 2025"", ""updatedTime"": 1755891710, ""isPrivate"": false}"
TrES-2 b,2807,2460892.640187,89.28,12.43,3,Clear,Jose Maria Fernandez Andujar,https://var.astro.cz/api/charts/observation/109559,https://var.astro.cz/api/OcGate/Exoplanets/8,oc_gate_api,2,"{""transId"": 21795, ""obsId"": 109559, ""dataVersion"": 0, ""hjdMid"": 2460892.640187, ""hjdMidReduced"": 60892.640187, ""jdMidErr"": 0.000853, ""epoch"": 2807, ""ocValue"": -0.006922, ""duration"": 89.28, ""durationErr"": 0.0, ""depth"": 12.43, ""depthErr"": 0.99, ""dqi"": 3, ""band"": ""Clear"", ""observer"": ""Jose Maria Fernandez Andujar"", ""reference"": ""TRESCA"", ""referenceUrl"": ""https://var.astro.cz/en/Transits/21795"", ""note"": """", ""updatedTime"": 1755970822, ""isPrivate"": false}"
TrES-2 b,2698,2460623.348964,132.69,31.91,3,L,Martin  Tylšar,https://var.astro.cz/api/charts/observation/98495,https://var.astro.cz/api/OcGate/Exoplanets/8,oc_gate_api,3,"{""transId"": 20194, ""obsId"": 98495, ""dataVersion"": 0, ""hjdMid"": 2460623.348964, ""hjdMidReduced"": 60623.348964, ""jdMidErr"": 0.001746, ""epoch"": 2698, ""ocValue"": -0.001304, ""duration"": 132.69, ""durationErr"": 8.98, ""depth"": 31.91, ""depthErr"": 2.95, ""dqi"": 3, ""band"": ""L"", ""observer"": ""Martin  Tylšar"", ""reference"": ""TRESCA"", ""referenceUrl"": ""https://var.astro.cz/en/Transits/20194"", ""note"": """", ""updatedTime"": 1731156983, ""isPrivate"": false}"
TrES-2 b,2681,2460581.35212,115.1,14.5,4,R,Penko Jordanov,https://var.astro.cz/api/charts/observation/94271,https://var.astro.cz/api/OcGate/Exoplanets/8,oc_gate_api,4,"{""transId"": 12710, ""obsId"": 94271, ""dataVersion"": 0, ""hjdMid"": 2460581.35212, ""hjdMidReduced"": 60581.35212, ""jdMidErr"": 0.0015, ""epoch"": 2681, ""ocValue"": 0.002277, ""duration"": 115.1, ""durationErr"": 6.9, ""depth"": 14.5, ""depthErr"": 1.2, ""dqi"": 4, ""band"": ""R"", ""observer"": ""Penko Jordanov"", ""reference"": ""TRESCA"", ""referenceUrl"": ""https://var.astro.cz/en/Transits/12710"", ""note"": ""GENERATED FROM TRANSIT id=12710"", ""updatedTime"": 1727617303, ""isPrivate"": false}"
TrES-2 b,2679,2460576.41348,45.1,17.1,4,Clear,Martin Tylšar,https://var.astro.cz/api/charts/observation/94249,https://var.astro.cz/api/OcGate/Exoplanets/8,oc_gate_api,5,"{""transId"": 12688, ""obsId"": 94249, ""dataVersion"": 0, ""hjdMid"": 2460576.41348, ""hjdMidReduced"": 60576.41348, ""jdMidErr"": 0.00128, ""epoch"": 2679, ""ocValue"": 0.004864, ""duration"": 45.1, ""durationErr"": 6.1, ""depth"": 17.1, ""depthErr"": 2.9, ""dqi"": 4, ""band"": ""Clear"", ""observer"": ""Martin Tylšar"", ""reference"": ""TRESCA"", ""referenceUrl"": ""https://var.astro.cz/en/Transits/12688"", ""note"": ""cirry"", ""updatedTime"": 1727083838, ""isPrivate"": false}"
TrES-2 b,2679,2460576.40625,108.1,15.3,2,Clear,Snaevarr Gudmundsson,https://var.astro.cz/api/charts/observation/94312,https://var.astro.cz/api/OcGate/Exoplanets/8,oc_gate_api,6,"{""transId"": 12751, ""obsId"": 94312, ""dataVersion"": 0, ""hjdMid"": 2460576.40625, ""hjdMidReduced"": 60576.40625, ""jdMidErr"": 0.00052, ""epoch"": 2679, ""ocValue"": -0.002366, ""duration"": 108.1, ""durationErr"": 2.3, ""depth"": 15.3, ""depthErr"": 0.5, ""dqi"": 2, ""band"": ""Clear"", ""observer"": ""Snaevarr Gudmundsson"", ""reference"": ""TRESCA"", ""referenceUrl"": ""https://var.astro.cz/en/Transits/12751"", ""note"": ""45 sec, Astrodon XOP-CBB."", ""updatedTime"": 1728322823, ""isPrivate"": false}"
TrES-2 b,2662,2460534.41324,116.5,14.0,4,Clear,Martin Tylšar,https://var.astro.cz/api/charts/observation/94033,https://var.astro.cz/api/OcGate/Exoplanets/8,oc_gate_api,7,"{""transId"": 12469, ""obsId"": 94033, ""dataVersion"": 0, ""hjdMid"": 2460534.41324, ""hjdMidReduced"": 60534.41324, ""jdMidErr"": 0.00235, ""epoch"": 2662, ""ocValue"": 0.005048, ""duration"": 116.5, ""durationErr"": 11.0, ""depth"": 14.0, ""depthErr"": 1.8, ""dqi"": 4, ""band"": ""Clear"", ""observer"": ""Martin Tylšar"", ""reference"": ""TRESCA"", ""referenceUrl"": ""https://var.astro.cz/en/Transits/12469"", ""note"": ""GENERATED FROM TRANSIT id=12469"", ""updatedTime"": 1723469708, ""isPrivate"": false}"
TrES-2 b,2662,2460534.40793,108.8,16.7,3,V,Penko Jordanov,https://var.astro.cz/api/charts/observation/94075,https://var.astro.cz/api/OcGate/Exoplanets/8,oc_gate_api,8,"{""transId"": 12513, ""obsId"": 94075, ""dataVersion"": 0, ""hjdMid"": 2460534.40793, ""hjdMidReduced"": 60534.40793, ""jdMidErr"": 0.00141, ""epoch"": 2662, ""ocValue"": -0.000262, ""duration"": 108.8, ""durationErr"": 6.2, ""depth"": 16.7, ""depthErr"": 1.4, ""dqi"": 3, ""band"": ""V"", ""observer"": ""Penko Jordanov"", ""reference"": ""TRESCA"", ""referenceUrl"": ""https://var.astro.cz/en/Transits/12513"", ""note"": ""GENERATED FROM TRANSIT id=12513"", ""updatedTime"": 1724094377, ""isPrivate"": false}"
TrES-2 b,2662,2460534.40285,105.4,14.3,3,R,Filip Walter,https://var.astro.cz/api/charts/observation/94045,https://var.astro.cz/api/OcGate/Exoplanets/8,oc_gate_api,9,"{""transId"": 12481, ""obsId"": 94045, ""dataVersion"": 0, ""hjdMid"": 2460534.40285, ""hjdMidReduced"": 60534.40285, ""jdMidErr"": 0.00119, ""epoch"": 2662, ""ocValue"": -0.005342, ""duration"": 105.4, ""durationErr"": 5.1, ""depth"": 14.3, ""depthErr"": 1.1, ""dqi"": 3, ""band"": ""R"", ""observer"": ""Filip Walter"", ""reference"": ""TRESCA"", ""referenceUrl"": ""https://var.astro.cz/en/Transits/12481"", ""note"": ""Adopted limb darkening: 0.5 | EXP. 180s | defocus | weather: clear | bortle 7 strong light pollution | binning 4x hw, 2x sw | FWHM 2.5 px (6.2 arc-sec/pixel) | Photometric aperture radii: 7.09-20-30 | Toptec J-C Rc filter"", ""updatedTime"": 1723539829, ""isPrivate"": false}"
TrES-2 b,2660,2460529.46791,151.7,65.4,3,V,Samuel Diaz Lopez,https://var.astro.cz/api/charts/observation/93993,https://var.astro.cz/api/OcGate/Exoplanets/8,oc_gate_api,10,"{""transId"": 12429, ""obsId"": 93993, ""dataVersion"": 0, ""hjdMid"": 2460529.46791, ""hjdMidReduced"": 60529.46791, ""jdMidErr"": 0.00272, ""epoch"": 2660, ""ocValue"": 0.000945, ""duration"": 151.7, ""durationErr"": 14.8, ""depth"": 65.4, ""depthErr"": 6.6, ""dqi"": 3, ""band"": ""V"", ""observer"": ""Samuel Diaz Lopez"", ""reference"": ""TRESCA"", ""referenceUrl"": ""https://var.astro.cz/en/Transits/12429"", ""note"": ""GENERATED FROM TRANSIT id=12429"", ""updatedTime"": 1723029628, ""isPrivate"": false}"
TrES-2 b,2660,2460529.46658,112.4,12.9,3,Clear,"Macek K., Dvořák P.",https://var.astro.cz/api/charts/observation/93997,https://var.astro.cz/api/OcGate/Exoplanets/8,oc_gate_api,11,"{""transId"": 12433, ""obsId"": 93997, ""dataVersion"": 0, ""hjdMid"": 2460529.46658, ""hjdMidReduced"": 60529.46658, ""jdMidErr"": 0.00123, ""epoch"": 2660, ""ocValue"": -0.000385, ""duration"": 112.4, ""durationErr"": 5.5, ""depth"": 12.9, ""depthErr"": 0.9, ""dqi"": 3, ""band"": ""Clear"", ""observer"": ""Macek K., Dvořák P."", ""reference"": ""TRESCA"", ""referenceUrl"": ""https://var.astro.cz/en/Transits/12433"", ""note"": ""GENERATED FROM TRANSIT id=12433"", ""updatedTime"": 1723046984, ""isPrivate"": false}"
TrES-2 b,2660,2460529.46507,90.9,20.3,5,Clear,Martin Tylšar,https://var.astro.cz/api/charts/observation/93995,https://var.astro.cz/api/OcGate/Exoplanets/8,oc_gate_api,12,"{""transId"": 12431, ""obsId"": 93995, ""dataVersion"": 0, ""hjdMid"": 2460529.46507, ""hjdMidReduced"": 60529.46507, ""jdMidErr"": 0.00379, ""epoch"": 2660, ""ocValue"": -0.001895, ""duration"": 90.9, ""durationErr"": 18.8, ""depth"": 20.3, ""depthErr"": 5.3, ""dqi"": 5, ""band"": ""Clear"", ""observer"": ""Martin Tylšar"", ""reference"": ""TRESCA"", ""referenceUrl"": ""https://var.astro.cz/en/Transits/12431"", ""note"": ""GENERATED FROM TRANSIT id=12431"", ""updatedTime"": 1723032836, ""isPrivate"": false}"
TrES-2 b,2648,2460499.818226,115.61,14.48,3,V,Kevin Alton,https://var.astro.cz/api/charts/observation/111144,https://var.astro.cz/api/OcGate/Exoplanets/8,oc_gate_api,13,"{""transId"": 22504, ""obsId"": 111144, ""dataVersion"": 0, ""hjdMid"": 2460499.818226, ""hjdMidReduced"": 60499.818226, ""jdMidErr"": 0.001086, ""epoch"": 2648, ""ocValue"": -0.001381, ""duration"": 115.61, ""durationErr"": 4.67, ""depth"": 14.48, ""depthErr"": 0.9, ""dqi"": 3, ""band"": ""V"", ""observer"": ""Kevin Alton"", ""reference"": ""TRESCA"", ""referenceUrl"": ""https://var.astro.cz/en/Transits/22504"", ""note"": """", ""updatedTime"": 1763999075, ""isPrivate"": false}"
TrES-2 b,2645,2460492.40671,110.5,14.9,3,V,Mario Morales,https://var.astro.cz/api/charts/observation/93767,https://var.astro.cz/api/OcGate/Exoplanets/8,oc_gate_api,14,"{""transId"": 12203, ""obsId"": 93767, ""dataVersion"": 0, ""hjdMid"": 2460492.40671, ""hjdMidReduced"": 60492.40671, ""jdMidErr"": 0.00087, ""epoch"": 2645, ""ocValue"": -0.001057, ""duration"": 110.5, ""durationErr"": 3.8, ""depth"": 14.9, ""depthErr"": 0.7, ""dqi"": 3, ""band"": ""V"", ""observer"": ""Mario Morales"", ""reference"": ""TRESCA"", ""referenceUrl"": ""https://var.astro.cz/en/Transits/12203"", ""note"": ""97 exp. X 100\"""", ""updatedTime"": 1719819871, ""isPrivate"": false}"
TrES-2 b,2643,2460487.46599,118.9,16.7,4,Clear,Martin Tylšar,https://var.astro.cz/api/charts/observation/93755,https://var.astro.cz/api/OcGate/Exoplanets/8,oc_gate_api,15,"{""transId"": 12191, ""obsId"": 93755, ""dataVersion"": 0, ""hjdMid"": 2460487.46599, ""hjdMidReduced"": 60487.46599, ""jdMidErr"": 0.0023, ""epoch"": 2643, ""ocValue"": -0.00055, ""duration"": 118.9, ""durationErr"": 11.1, ""depth"": 16.7, ""depthErr"": 1.9, ""dqi"": 4, ""band"": ""Clear"", ""observer"": ""Martin Tylšar"", ""reference"": ""TRESCA"", ""referenceUrl"": ""https://var.astro.cz/en/Transits/12191"", ""note"": ""GENERATED FROM TRANSIT id=12191"", ""updatedTime"": 1719401319, ""isPrivate"": false}"
TrES-2 b,2641,2460482.52736,158.1,19.8,3,V,Samuel Diaz Lopez,https://var.astro.cz/api/charts/observation/93743,https://var.astro.cz/api/OcGate/Exoplanets/8,oc_gate_api,16,"{""transId"": 12179, ""obsId"": 93743, ""dataVersion"": 0, ""hjdMid"": 2460482.52736, ""hjdMidReduced"": 60482.52736, ""jdMidErr"": 0.00187, ""epoch"": 2641, ""ocValue"": 0.002046, ""duration"": 158.1, ""durationErr"": 8.4, ""depth"": 19.8, ""depthErr"": 1.5, ""dqi"": 3, ""band"": ""V"", ""observer"": ""Samuel Diaz Lopez"", ""reference"": ""TRESCA"", ""referenceUrl"": ""https://var.astro.cz/en/Transits/12179"", ""note"": ""GENERATED FROM TRANSIT id=12179"", ""updatedTime"": 1719033031, ""isPrivate"": false}"
TrES-2 b,2633,2460462.76001,94.6,15.8,2,Clear,Robert Majewski,https://var.astro.cz/api/charts/observation/93697,https://var.astro.cz/api/OcGate/Exoplanets/8,oc_gate_api,17,"{""transId"": 12133, ""obsId"": 93697, ""dataVersion"": 0, ""hjdMid"": 2460462.76001, ""hjdMidReduced"": 60462.76001, ""jdMidErr"": 0.0006, ""epoch"": 2633, ""ocValue"": -0.000398, ""duration"": 94.6, ""durationErr"": 2.9, ""depth"": 15.8, ""depthErr"": 0.7, ""dqi"": 2, ""band"": ""Clear"", ""observer"": ""Robert Majewski"", ""reference"": ""TRESCA"", ""referenceUrl"": ""https://var.astro.cz/en/Transits/12133"", ""note"": ""120 second exposures through a 400-700 nm filter."", ""updatedTime"": 1717512350, ""isPrivate"": false}"
TrES-2 b,2624,2460440.52602,101.3,15.2,3,R,Zlatko Orbanić,https://var.astro.cz/api/charts/observation/93625,https://var.astro.cz/api/OcGate/Exoplanets/8,oc_gate_api,18,"{""transId"": 12061, ""obsId"": 93625, ""dataVersion"": 0, ""hjdMid"": 2460440.52602, ""hjdMidReduced"": 60440.52602, ""jdMidErr"": 0.00107, ""epoch"": 2624, ""ocValue"": 0.001131, ""duration"": 101.3, ""durationErr"": 4.9, ""depth"": 15.2, ""depthErr"": 1.0, ""dqi"": 3, ""band"": ""R"", ""observer"": ""Zlatko Orbanić"", ""reference"": ""TRESCA"", ""referenceUrl"": ""https://var.astro.cz/en/Transits/12061"", ""note"": ""Filter-Baader SLOAN-r"", ""updatedTime"": 1715309708, ""isPrivate"": false}"
TrES-2 b,2624,2460440.52439,100.6,17.2,3,R,Esteban Reina Lorenz,https://var.astro.cz/api/charts/observation/93626,https://var.astro.cz/api/OcGate/Exoplanets/8,oc_gate_api,19,"{""transId"": 12062, ""obsId"": 93626, ""dataVersion"": 0, ""hjdMid"": 2460440.52439, ""hjdMidReduced"": 60440.52439, ""jdMidErr"": 0.00071, ""epoch"": 2624, ""ocValue"": -0.000499, ""duration"": 100.6, ""durationErr"": 3.4, ""depth"": 17.2, ""depthErr"": 0.8, ""dqi"": 3, ""band"": ""R"", ""observer"": ""Esteban Reina Lorenz"", ""reference"": ""TRESCA"", ""referenceUrl"": ""https://var.astro.cz/en/Transits/12062"", ""note"": ""100 sec."", ""updatedTime"": 1715351142, ""isPrivate"": false}"
TrES-2 b,2624,2460440.52399,109.2,14.1,3,R,etienne bertrand,https://var.astro.cz/api/charts/observation/93627,https://var.astro.cz/api/OcGate/Exoplanets/8,oc_gate_api,20,"{""transId"": 12063, ""obsId"": 93627, ""dataVersion"": 0, ""hjdMid"": 2460440.52399, ""hjdMidReduced"": 60440.52399, ""jdMidErr"": 0.00155, ""epoch"": 2624, ""ocValue"": -0.000899, ""duration"": 109.2, ""durationErr"": 7.6, ""depth"": 14.1, ""depthErr"": 1.6, ""dqi"": 3, ""band"": ""R"", ""observer"": ""etienne bertrand"", ""reference"": ""TRESCA"", ""referenceUrl"": ""https://var.astro.cz/en/Transits/12063"", ""note"": ""120 exposure , \r\nR filter , \r\nJJ Hillairet teleskop"", ""updatedTime"": 1715366297, ""isPrivate"": false}"
TrES-2 b,2526,2460198.40359,109.2,15.7,3,Clear,Davide Pica,https://var.astro.cz/api/charts/observation/92626,https://var.astro.cz/api/OcGate/Exoplanets/8,oc_gate_api,21,"{""transId"": 11053, ""obsId"": 92626, ""dataVersion"": 0, ""hjdMid"": 2460198.40359, ""hjdMidReduced"": 60198.40359, ""jdMidErr"": 0.00076, ""epoch"": 2526, ""ocValue"": -0.001204, ""duration"": 109.2, ""durationErr"": 3.9, ""depth"": 15.7, ""depthErr"": 1.0, ""dqi"": 3, ""band"": ""Clear"", ""observer"": ""Davide Pica"", ""reference"": ""TRESCA"", ""referenceUrl"": ""https://var.astro.cz/en/Transits/11053"", ""note"": ""GENERATED FROM TRANSIT id=11053"", ""updatedTime"": 1694421041, ""isPrivate"": false}"
TrES-2 b,2526,2460198.40209,112.3,16.3,2,Clear,Mario Morales,https://var.astro.cz/api/charts/observation/92627,https://var.astro.cz/api/OcGate/Exoplanets/8,oc_gate_api,22,"{""transId"": 11054, ""obsId"": 92627, ""dataVersion"": 0, ""hjdMid"": 2460198.40209, ""hjdMidReduced"": 60198.40209, ""jdMidErr"": 0.00063, ""epoch"": 2526, ""ocValue"": -0.002704, ""duration"": 112.3, ""durationErr"": 2.9, ""depth"": 16.3, ""depthErr"": 0.6, ""dqi"": 2, ""band"": ""Clear"", ""observer"": ""Mario Morales"", ""reference"": ""TRESCA"", ""referenceUrl"": ""https://var.astro.cz/en/Transits/11054"", ""note"": ""150 exp. x 70\"""", ""updatedTime"": 1694444355, ""isPrivate"": false}"
TrES-2 b,2526,2460198.39906,100.4,16.2,2,Clear,Matthieu BACHSCHMIDT,https://var.astro.cz/api/charts/observation/92653,https://var.astro.cz/api/OcGate/Exoplanets/8,oc_gate_api,23,"{""transId"": 11080, ""obsId"": 92653, ""dataVersion"": 0, ""hjdMid"": 2460198.39906, ""hjdMidReduced"": 60198.39906, ""jdMidErr"": 0.00058, ""epoch"": 2526, ""ocValue"": -0.005734, ""duration"": 100.4, ""durationErr"": 2.7, ""depth"": 16.2, ""depthErr"": 0.6, ""dqi"": 2, ""band"": ""Clear"", ""observer"": ""Matthieu BACHSCHMIDT"", ""reference"": ""TRESCA"", ""referenceUrl"": ""https://var.astro.cz/en/Transits/11080"", ""note"": ""Astrodon exo BB filter, 60s exposure"", ""updatedTime"": 1695192104, ""isPrivate"": false}"
TrES-2 b,2473,2460067.46046,101.0,16.8,3,Clear,Stéphane Montchaud,https://var.astro.cz/api/charts/observation/92213,https://var.astro.cz/api/OcGate/Exoplanets/8,oc_gate_api,24,"{""transId"": 10637, ""obsId"": 92213, ""dataVersion"": 0, ""hjdMid"": 2460067.46046, ""hjdMidReduced"": 60067.46046, ""jdMidErr"": 0.0011, ""epoch"": 2473, ""ocValue"": -0.001833, ""duration"": 101.0, ""durationErr"": 5.2, ""depth"": 16.8, ""depthErr"": 1.1, ""dqi"": 3, ""band"": ""Clear"", ""observer"": ""Stéphane Montchaud"", ""reference"": ""TRESCA"", ""referenceUrl"": ""https://var.astro.cz/en/Transits/10637"", ""note"": ""Exposure 60s"", ""updatedTime"": 1683390154, ""isPrivate"": false}"
TrES-2 b,2471,2460062.5217,105.8,15.9,2,R,"Andre Kovacs, Erika Pakštien&#279;",https://var.astro.cz/api/charts/observation/92193,https://var.astro.cz/api/OcGate/Exoplanets/8,oc_gate_api,25,"{""transId"": 10617, ""obsId"": 92193, ""dataVersion"": 0, ""hjdMid"": 2460062.5217, ""hjdMidReduced"": 60062.5217, ""jdMidErr"": 0.00044, ""epoch"": 2471, ""ocValue"": 0.000633, ""duration"": 105.8, ""durationErr"": 2.3, ""depth"": 15.9, ""depthErr"": 0.5, ""dqi"": 2, ""band"": ""R"", ""observer"": ""Andre Kovacs, Erika Pakštien&#279;"", ""reference"": ""TRESCA"", ""referenceUrl"": ""https://var.astro.cz/en/Transits/10617"", ""note"": ""RAW data calibrated and reduced using AstroImageJ, including information on AIRMASS and additional (optional) detrending parameters for AIRMASS."", ""updatedTime"": 1682858708, ""isPrivate"": false}"
TrES-2 b,2467,2460052.6393,107.4,17.1,3,R,David Molina,https://var.astro.cz/api/charts/observation/92139,https://var.astro.cz/api/OcGate/Exoplanets/8,oc_gate_api,26,"{""transId"": 10562, ""obsId"": 92139, ""dataVersion"": 0, ""hjdMid"": 2460052.6393, ""hjdMidReduced"": 60052.6393, ""jdMidErr"": 0.0011, ""epoch"": 2467, ""ocValue"": 0.000686, ""duration"": 107.4, ""durationErr"": 4.9, ""depth"": 17.1, ""depthErr"": 1.1, ""dqi"": 3, ""band"": ""R"", ""observer"": ""David Molina"", ""reference"": ""TRESCA"", ""referenceUrl"": ""https://var.astro.cz/en/Transits/10562"", ""note"": ""120\"",bin 1x1"", ""updatedTime"": 1681839618, ""isPrivate"": false}"
TrES-2 b,2373,2459820.40183,98.0,14.4,1,Clear,Ferratfiat Stephane,https://var.astro.cz/api/charts/observation/91437,https://var.astro.cz/api/OcGate/Exoplanets/8,oc_gate_api,27,"{""transId"": 9854, ""obsId"": 91437, ""dataVersion"": 0, ""hjdMid"": 2459820.40183, ""hjdMidReduced"": 59820.40183, ""jdMidErr"": 0.00043, ""epoch"": 2373, ""ocValue"": 0.000859, ""duration"": 98.0, ""durationErr"": 2.0, ""depth"": 14.4, ""depthErr"": 0.4, ""dqi"": 1, ""band"": ""Clear"", ""observer"": ""Ferratfiat Stephane"", ""reference"": ""TRESCA"", ""referenceUrl"": ""https://var.astro.cz/en/Transits/9854"", ""note"": ""99 images de 120s binning de 2"", ""updatedTime"": 1661807892, ""isPrivate"": false}"
TrES-2 b,2356,2459778.40055,104.0,15.4,2,R,Anaël Wünsche,https://var.astro.cz/api/charts/observation/91304,https://var.astro.cz/api/OcGate/Exoplanets/8,oc_gate_api,28,"{""transId"": 9719, ""obsId"": 91304, ""dataVersion"": 0, ""hjdMid"": 2459778.40055, ""hjdMidReduced"": 59778.40055, ""jdMidErr"": 0.00054, ""epoch"": 2356, ""ocValue"": 4e-06, ""duration"": 104.0, ""durationErr"": 2.6, ""depth"": 15.4, ""depthErr"": 0.8, ""dqi"": 2, ""band"": ""R"", ""observer"": ""Anaël Wünsche"", ""reference"": ""TRESCA"", ""referenceUrl"": ""https://var.astro.cz/en/Transits/9719"", ""note"": ""R filter. 120s exposures. Good conditions. Twilight before ingress"", ""updatedTime"": 1658102733, ""isPrivate"": false}"
TrES-2 b,2354,2459773.45813,107.6,24.1,4,Clear,proust jerome,https://var.astro.cz/api/charts/observation/91361,https://var.astro.cz/api/OcGate/Exoplanets/8,oc_gate_api,29,"{""transId"": 9776, ""obsId"": 91361, ""dataVersion"": 0, ""hjdMid"": 2459773.45813, ""hjdMidReduced"": 59773.45813, ""jdMidErr"": 0.00471, ""epoch"": 2354, ""ocValue"": -0.00119, ""duration"": 107.6, ""durationErr"": 19.6, ""depth"": 24.1, ""depthErr"": 6.8, ""dqi"": 4, ""band"": ""Clear"", ""observer"": ""proust jerome"", ""reference"": ""TRESCA"", ""referenceUrl"": ""https://var.astro.cz/en/Transits/9776"", ""note"": ""120SEC/IMAGE"", ""updatedTime"": 1659962923, ""isPrivate"": false}"
TrES-2 b,2352,2459768.51859,114.2,17.2,2,Clear,Miguel Angel Alava,https://var.astro.cz/api/charts/observation/91396,https://var.astro.cz/api/OcGate/Exoplanets/8,oc_gate_api,30,"{""transId"": 9811, ""obsId"": 91396, ""dataVersion"": 0, ""hjdMid"": 2459768.51859, ""hjdMidReduced"": 59768.51859, ""jdMidErr"": 0.00088, ""epoch"": 2352, ""ocValue"": 0.000497, ""duration"": 114.2, ""durationErr"": 4.4, ""depth"": 17.2, ""depthErr"": 1.6, ""dqi"": 2, ""band"": ""Clear"", ""observer"": ""Miguel Angel Alava"", ""reference"": ""TRESCA"", ""referenceUrl"": ""https://var.astro.cz/en/Transits/9811"", ""note"": ""180s exposures, IR-UV filter"", ""updatedTime"": 1660650103, ""isPrivate"": false}"
TrES-2 b,2350,2459763.57421,93.4,15.6,3,Clear,jean plazas,https://var.astro.cz/api/charts/observation/91267,https://var.astro.cz/api/OcGate/Exoplanets/8,oc_gate_api,31,"{""transId"": 9682, ""obsId"": 91267, ""dataVersion"": 0, ""hjdMid"": 2459763.57421, ""hjdMidReduced"": 59763.57421, ""jdMidErr"": 0.00273, ""epoch"": 2350, ""ocValue"": -0.002657, ""duration"": 93.4, ""durationErr"": 9.6, ""depth"": 15.6, ""depthErr"": 3.4, ""dqi"": 3, ""band"": ""Clear"", ""observer"": ""jean plazas"", ""reference"": ""TRESCA"", ""referenceUrl"": ""https://var.astro.cz/en/Transits/9682"", ""note"": ""exposure 25s"", ""updatedTime"": 1656858572, ""isPrivate"": false}"
TrES-2 b,2337,2459731.45961,111.9,16.6,2,Clear,Manfred Raetz,https://var.astro.cz/api/charts/observation/91230,https://var.astro.cz/api/OcGate/Exoplanets/8,oc_gate_api,32,"{""transId"": 9645, ""obsId"": 91230, ""dataVersion"": 0, ""hjdMid"": 2459731.45961, ""hjdMidReduced"": 59731.45961, ""jdMidErr"": 0.00045, ""epoch"": 2337, ""ocValue"": 0.000715, ""duration"": 111.9, ""durationErr"": 2.2, ""depth"": 16.6, ""depthErr"": 0.4, ""dqi"": 2, ""band"": ""Clear"", ""observer"": ""Manfred Raetz"", ""reference"": ""TRESCA"", ""referenceUrl"": ""https://var.astro.cz/en/Transits/9645"", ""note"": ""filter : Astrodon ExoPlanet-BB (V to IR)"", ""updatedTime"": 1654117439, ""isPrivate"": false}"
TrES-2 b,2322,2459694.39882,107.6,16.3,3,R,Veli-Pekka Hentunen,https://var.astro.cz/api/charts/observation/91167,https://var.astro.cz/api/OcGate/Exoplanets/8,oc_gate_api,33,"{""transId"": 9582, ""obsId"": 91167, ""dataVersion"": 0, ""hjdMid"": 2459694.39882, ""hjdMidReduced"": 59694.39882, ""jdMidErr"": 0.00076, ""epoch"": 2322, ""ocValue"": -0.000877, ""duration"": 107.6, ""durationErr"": 3.6, ""depth"": 16.3, ""depthErr"": 0.7, ""dqi"": 3, ""band"": ""R"", ""observer"": ""Veli-Pekka Hentunen"", ""reference"": ""TRESCA"", ""referenceUrl"": ""https://var.astro.cz/en/Transits/9582"", ""note"": ""100 sec exposures, six comparison stars, northern bright summer night sky"", ""updatedTime"": 1650852237, ""isPrivate"": false}"
TrES-2 b,2320,2459689.46352,89.3,15.2,3,R,Veli-Pekka Hentunen,https://var.astro.cz/api/charts/observation/91151,https://var.astro.cz/api/OcGate/Exoplanets/8,oc_gate_api,34,"{""transId"": 9566, ""obsId"": 91151, ""dataVersion"": 0, ""hjdMid"": 2459689.46352, ""hjdMidReduced"": 59689.46352, ""jdMidErr"": 0.00124, ""epoch"": 2320, ""ocValue"": 0.00505, ""duration"": 89.3, ""durationErr"": 0.0, ""depth"": 15.2, ""depthErr"": 0.0, ""dqi"": 3, ""band"": ""R"", ""observer"": ""Veli-Pekka Hentunen"", ""reference"": ""TRESCA"", ""referenceUrl"": ""https://var.astro.cz/en/Transits/9566"", ""note"": ""40 sec exposures, three comparison stars, northern bright summer night sky"", ""updatedTime"": 1650424381, ""isPrivate"": false}"
TrES-2 b,2320,2459689.45569,85.5,,5,R,Thomas MOLLIER,https://var.astro.cz/api/charts/observation/91163,https://var.astro.cz/api/OcGate/Exoplanets/8,oc_gate_api,35,"{""transId"": 9578, ""obsId"": 91163, ""dataVersion"": 0, ""hjdMid"": 2459689.45569, ""hjdMidReduced"": 59689.45569, ""jdMidErr"": 1780.560059, ""epoch"": 2320, ""ocValue"": -0.00278, ""duration"": 85.5, ""durationErr"": 5166410.0, ""depth"": 0.0, ""depthErr"": 0.8, ""dqi"": 5, ""band"": ""R"", ""observer"": ""Thomas MOLLIER"", ""reference"": ""TRESCA"", ""referenceUrl"": ""https://var.astro.cz/en/Transits/9578"", ""note"": ""UV/IR cut"", ""updatedTime"": 1650704361, ""isPrivate"": false}"
TrES-2 b,2318,2459684.51275,81.8,25.1,4,Clear,Albert Valenzuela Gonzalez,https://var.astro.cz/api/charts/observation/91142,https://var.astro.cz/api/OcGate/Exoplanets/8,oc_gate_api,36,"{""transId"": 9557, ""obsId"": 91142, ""dataVersion"": 0, ""hjdMid"": 2459684.51275, ""hjdMidReduced"": 59684.51275, ""jdMidErr"": 0.0045, ""epoch"": 2318, ""ocValue"": -0.004494, ""duration"": 81.8, ""durationErr"": 21.3, ""depth"": 25.1, ""depthErr"": 7.3, ""dqi"": 4, ""band"": ""Clear"", ""observer"": ""Albert Valenzuela Gonzalez"", ""reference"": ""TRESCA"", ""referenceUrl"": ""https://var.astro.cz/en/Transits/9557"", ""note"": ""60s ISO400 - Problem with dew lost autoguide. Fotodif processing aperture 5 bin3"", ""updatedTime"": 1650046321, ""isPrivate"": false}"
TrES-2 b,2258,2459536.28159,110.6,20.2,2,Clear,Cyrille AUMASSON,https://var.astro.cz/api/charts/observation/90779,https://var.astro.cz/api/OcGate/Exoplanets/8,oc_gate_api,37,"{""transId"": 9194, ""obsId"": 90779, ""dataVersion"": 0, ""hjdMid"": 2459536.28159, ""hjdMidReduced"": 59536.28159, ""jdMidErr"": 0.0011, ""epoch"": 2258, ""ocValue"": 0.001139, ""duration"": 110.6, ""durationErr"": 4.5, ""depth"": 20.2, ""depthErr"": 3.7, ""dqi"": 2, ""band"": ""Clear"", ""observer"": ""Cyrille AUMASSON"", ""reference"": ""TRESCA"", ""referenceUrl"": ""https://var.astro.cz/en/Transits/9194"", ""note"": ""120sec\r\nbin 2\r\nmoon and ice at the end of the curve (aka 20h30 TU)"", ""updatedTime"": 1637179773, ""isPrivate"": false}"
TrES-2 b,2258,2459536.27969,100.3,17.6,1,R,Mark Salisbury,https://var.astro.cz/api/charts/observation/90783,https://var.astro.cz/api/OcGate/Exoplanets/8,oc_gate_api,38,"{""transId"": 9198, ""obsId"": 90783, ""dataVersion"": 0, ""hjdMid"": 2459536.27969, ""hjdMidReduced"": 59536.27969, ""jdMidErr"": 0.00044, ""epoch"": 2258, ""ocValue"": -0.000761, ""duration"": 100.3, ""durationErr"": 2.1, ""depth"": 17.6, ""depthErr"": 0.5, ""dqi"": 1, ""band"": ""R"", ""observer"": ""Mark Salisbury"", ""reference"": ""TRESCA"", ""referenceUrl"": ""https://var.astro.cz/en/Transits/9198"", ""note"": ""240s exposure through Rc filter, CCD 1x1 binning.  GPS time control.  Gap in data due to passing clouds."", ""updatedTime"": 1637407417, ""isPrivate"": false}"
TrES-2 b,2237,2459484.39531,107.6,14.6,3,Clear,Thomas MOLLIER,https://var.astro.cz/api/charts/observation/90691,https://var.astro.cz/api/OcGate/Exoplanets/8,oc_gate_api,39,"{""transId"": 9106, ""obsId"": 90691, ""dataVersion"": 0, ""hjdMid"": 2459484.39531, ""hjdMidReduced"": 59484.39531, ""jdMidErr"": 0.00134, ""epoch"": 2237, ""ocValue"": -0.002263, ""duration"": 107.6, ""durationErr"": 7.1, ""depth"": 14.6, ""depthErr"": 3.9, ""dqi"": 3, ""band"": ""Clear"", ""observer"": ""Thomas MOLLIER"", ""reference"": ""TRESCA"", ""referenceUrl"": ""https://var.astro.cz/en/Transits/9106"", ""note"": ""GENERATED FROM TRANSIT id=9106"", ""updatedTime"": 1634021021, ""isPrivate"": false}"
TrES-2 b,2216,2459432.51383,96.4,16.9,3,Clear,Bernhard Wenzel,https://var.astro.cz/api/charts/observation/90537,https://var.astro.cz/api/OcGate/Exoplanets/8,oc_gate_api,40,"{""transId"": 8952, ""obsId"": 90537, ""dataVersion"": 0, ""hjdMid"": 2459432.51383, ""hjdMidReduced"": 59432.51383, ""jdMidErr"": 0.00087, ""epoch"": 2216, ""ocValue"": -0.000866, ""duration"": 96.4, ""durationErr"": 4.9, ""depth"": 16.9, ""depthErr"": 1.3, ""dqi"": 3, ""band"": ""Clear"", ""observer"": ""Bernhard Wenzel"", ""reference"": ""TRESCA"", ""referenceUrl"": ""https://var.astro.cz/en/Transits/8952"", ""note"": ""1st gap: camera problem\r\n2nd gap: clouds\r\nMuniwin 2.1.31 Ensemble: \r\nAAVSO chart: X26817TK"", ""updatedTime"": 1629366995, ""isPrivate"": false}"
TrES-2 b,2203,2459400.40052,92.5,10.2,3,R,Giorgio Baj,https://var.astro.cz/api/charts/observation/90420,https://var.astro.cz/api/OcGate/Exoplanets/8,oc_gate_api,41,"{""transId"": 8833, ""obsId"": 90420, ""dataVersion"": 0, ""hjdMid"": 2459400.40052, ""hjdMidReduced"": 59400.40052, ""jdMidErr"": 0.00526, ""epoch"": 2203, ""ocValue"": 0.003796, ""duration"": 92.5, ""durationErr"": 17.0, ""depth"": 10.2, ""depthErr"": 5.3, ""dqi"": 3, ""band"": ""R"", ""observer"": ""Giorgio Baj"", ""reference"": ""TRESCA"", ""referenceUrl"": ""https://var.astro.cz/en/Transits/8833"", ""note"": ""Light glazes\r\nexp:120sec bin2"", ""updatedTime"": 1625476171, ""isPrivate"": false}"
TrES-2 b,2201,2459395.45413,105.7,16.1,2,Clear,Giuseppe Marino,https://var.astro.cz/api/charts/observation/90405,https://var.astro.cz/api/OcGate/Exoplanets/8,oc_gate_api,42,"{""transId"": 8818, ""obsId"": 90405, ""dataVersion"": 0, ""hjdMid"": 2459395.45413, ""hjdMidReduced"": 59395.45413, ""jdMidErr"": 0.00076, ""epoch"": 2201, ""ocValue"": -0.001367, ""duration"": 105.7, ""durationErr"": 3.5, ""depth"": 16.1, ""depthErr"": 0.8, ""dqi"": 2, ""band"": ""Clear"", ""observer"": ""Giuseppe Marino"", ""reference"": ""TRESCA"", ""referenceUrl"": ""https://var.astro.cz/en/Transits/8818"", ""note"": ""EXP 100s | Binning 1 | Slight defocus | Moon -- | CCD Temp. -10 C | Adopted 0.5 limb darkening | very strong urban light pollution + clouds + veils"", ""updatedTime"": 1625049583, ""isPrivate"": false}"
TrES-2 b,2201,2459395.44812,118.5,20.5,2,Clear,Javier de Elias,https://var.astro.cz/api/charts/observation/90407,https://var.astro.cz/api/OcGate/Exoplanets/8,oc_gate_api,43,"{""transId"": 8820, ""obsId"": 90407, ""dataVersion"": 0, ""hjdMid"": 2459395.44812, ""hjdMidReduced"": 59395.44812, ""jdMidErr"": 0.00085, ""epoch"": 2201, ""ocValue"": -0.007377, ""duration"": 118.5, ""durationErr"": 4.6, ""depth"": 20.5, ""depthErr"": 1.6, ""dqi"": 2, ""band"": ""Clear"", ""observer"": ""Javier de Elias"", ""reference"": ""TRESCA"", ""referenceUrl"": ""https://var.astro.cz/en/Transits/8820"", ""note"": ""GENERATED FROM TRANSIT id=8820"", ""updatedTime"": 1625063752, ""isPrivate"": false}"
TrES-2 b,2199,2459390.51333,106.2,14.7,3,V,Enrique Arce Mansego,https://var.astro.cz/api/charts/observation/90393,https://var.astro.cz/api/OcGate/Exoplanets/8,oc_gate_api,44,"{""transId"": 8806, ""obsId"": 90393, ""dataVersion"": 0, ""hjdMid"": 2459390.51333, ""hjdMidReduced"": 59390.51333, ""jdMidErr"": 0.00098, ""epoch"": 2199, ""ocValue"": -0.000941, ""duration"": 106.2, ""durationErr"": 4.6, ""depth"": 14.7, ""depthErr"": 0.8, ""dqi"": 3, ""band"": ""V"", ""observer"": ""Enrique Arce Mansego"", ""reference"": ""TRESCA"", ""referenceUrl"": ""https://var.astro.cz/en/Transits/8806"", ""note"": ""GENERATED FROM TRANSIT id=8806"", ""updatedTime"": 1624607404, ""isPrivate"": false}"
TrES-2 b,2199,2459390.51243,92.4,13.5,3,Clear,Alberto García Sánchez,https://var.astro.cz/api/charts/observation/90396,https://var.astro.cz/api/OcGate/Exoplanets/8,oc_gate_api,45,"{""transId"": 8809, ""obsId"": 90396, ""dataVersion"": 0, ""hjdMid"": 2459390.51243, ""hjdMidReduced"": 59390.51243, ""jdMidErr"": 0.00095, ""epoch"": 2199, ""ocValue"": -0.001841, ""duration"": 92.4, ""durationErr"": 4.3, ""depth"": 13.5, ""depthErr"": 0.8, ""dqi"": 3, ""band"": ""Clear"", ""observer"": ""Alberto García Sánchez"", ""reference"": ""TRESCA"", ""referenceUrl"": ""https://var.astro.cz/en/Transits/8809"", ""note"": ""45 segundos. Clear Filter"", ""updatedTime"": 1624732044, ""isPrivate"": false}"
TrES-2 b,2191,2459370.74143,88.6,15.9,4,Clear,Andre Kovacs,https://var.astro.cz/api/charts/observation/91874,https://var.astro.cz/api/OcGate/Exoplanets/8,oc_gate_api,46,"{""transId"": 10296, ""obsId"": 91874, ""dataVersion"": 0, ""hjdMid"": 2459370.74143, ""hjdMidReduced"": 59370.74143, ""jdMidErr"": 0.00256, ""epoch"": 2191, ""ocValue"": -0.007935, ""duration"": 88.6, ""durationErr"": 12.5, ""depth"": 15.9, ""depthErr"": 2.9, ""dqi"": 4, ""band"": ""Clear"", ""observer"": ""Andre Kovacs"", ""reference"": ""TRESCA"", ""referenceUrl"": ""https://var.astro.cz/en/Transits/10296"", ""note"": ""Data reduced and normalized using AstroImageJ, including AIRMASS information, and additional detrending parameters for AIRMASS."", ""updatedTime"": 1675820830, ""isPrivate"": false}"
TrES-2 b,2180,2459343.56825,88.2,16.5,2,R,Giorgio Baj,https://var.astro.cz/api/charts/observation/90286,https://var.astro.cz/api/OcGate/Exoplanets/8,oc_gate_api,47,"{""transId"": 8698, ""obsId"": 90286, ""dataVersion"": 0, ""hjdMid"": 2459343.56825, ""hjdMidReduced"": 59343.56825, ""jdMidErr"": 0.00071, ""epoch"": 2180, ""ocValue"": -0.00437, ""duration"": 88.2, ""durationErr"": 3.4, ""depth"": 16.5, ""depthErr"": 0.8, ""dqi"": 2, ""band"": ""R"", ""observer"": ""Giorgio Baj"", ""reference"": ""TRESCA"", ""referenceUrl"": ""https://var.astro.cz/en/Transits/8698"", ""note"": ""Observer: Giorgio Baj,Antonio Giudici\r\nTransparent sky, good Seeing"", ""updatedTime"": 1620589591, ""isPrivate"": false}"
TrES-2 b,2170,2459318.8695,104.1,15.0,4,Clear,Andre Kovacs,https://var.astro.cz/api/charts/observation/91873,https://var.astro.cz/api/OcGate/Exoplanets/8,oc_gate_api,48,"{""transId"": 10295, ""obsId"": 91873, ""dataVersion"": 0, ""hjdMid"": 2459318.8695, ""hjdMidReduced"": 59318.8695, ""jdMidErr"": 0.00184, ""epoch"": 2170, ""ocValue"": 0.003013, ""duration"": 104.1, ""durationErr"": 9.1, ""depth"": 15.0, ""depthErr"": 1.8, ""dqi"": 4, ""band"": ""Clear"", ""observer"": ""Andre Kovacs"", ""reference"": ""TRESCA"", ""referenceUrl"": ""https://var.astro.cz/en/Transits/10295"", ""note"": ""Data reduced and normalized using AstroImageJ, including AIRMASS information  and additional detrending parameters for Y(FIYS)_T1."", ""updatedTime"": 1675819781, ""isPrivate"": false}"
TrES-2 b,2168,2459313.92339,125.6,17.4,3,Clear,Andre Kovacs,https://var.astro.cz/api/charts/observation/91872,https://var.astro.cz/api/OcGate/Exoplanets/8,oc_gate_api,49,"{""transId"": 10294, ""obsId"": 91872, ""dataVersion"": 0, ""hjdMid"": 2459313.92339, ""hjdMidReduced"": 59313.92339, ""jdMidErr"": 0.00187, ""epoch"": 2168, ""ocValue"": -0.001871, ""duration"": 125.6, ""durationErr"": 10.0, ""depth"": 17.4, ""depthErr"": 1.8, ""dqi"": 3, ""band"": ""Clear"", ""observer"": ""Andre Kovacs"", ""reference"": ""TRESCA"", ""referenceUrl"": ""https://var.astro.cz/en/Transits/10294"", ""note"": ""Data reduced and normalized using AstroImageJ, including AIRMASS information  and additional detrending parameters for Peak_T1."", ""updatedTime"": 1675815278, ""isPrivate"": false}"
TrES-2 b,2168,2459313.92278,110.7,18.1,3,Clear,Joe Garlitz,https://var.astro.cz/api/charts/observation/90186,https://var.astro.cz/api/OcGate/Exoplanets/8,oc_gate_api,50,"{""transId"": 8598, ""obsId"": 90186, ""dataVersion"": 0, ""hjdMid"": 2459313.92278, ""hjdMidReduced"": 59313.92278, ""jdMidErr"": 0.00134, ""epoch"": 2168, ""ocValue"": -0.002481, ""duration"": 110.7, ""durationErr"": 6.9, ""depth"": 18.1, ""depthErr"": 2.0, ""dqi"": 3, ""band"": ""Clear"", ""observer"": ""Joe Garlitz"", ""reference"": ""TRESCA"", ""referenceUrl"": ""https://var.astro.cz/en/Transits/8598"", ""note"": ""GENERATED FROM TRANSIT id=8598"", ""updatedTime"": 1617992258, ""isPrivate"": false}"
TrES-2 b,2163,2459301.57356,96.4,16.6,2,R,Yves Jongen,https://var.astro.cz/api/charts/observation/90126,https://var.astro.cz/api/OcGate/Exoplanets/8,oc_gate_api,51,"{""transId"": 8538, ""obsId"": 90126, ""dataVersion"": 0, ""hjdMid"": 2459301.57356, ""hjdMidReduced"": 59301.57356, ""jdMidErr"": 0.00063, ""epoch"": 2163, ""ocValue"": 0.001365, ""duration"": 96.4, ""durationErr"": 3.0, ""depth"": 16.6, ""depthErr"": 0.7, ""dqi"": 2, ""band"": ""R"", ""observer"": ""Yves Jongen"", ""reference"": ""TRESCA"", ""referenceUrl"": ""https://var.astro.cz/en/Transits/8538"", ""note"": ""120 sec pics on Red filter."", ""updatedTime"": 1616930736, ""isPrivate"": false}"
TrES-2 b,2086,2459111.33184,112.6,14.6,3,R,"Francesco Scaggiante, Danilo Zardin,Marco Fiaschi",https://var.astro.cz/api/charts/observation/89574,https://var.astro.cz/api/OcGate/Exoplanets/8,oc_gate_api,52,"{""transId"": 7981, ""obsId"": 89574, ""dataVersion"": 0, ""hjdMid"": 2459111.33184, ""hjdMidReduced"": 59111.33184, ""jdMidErr"": 0.00104, ""epoch"": 2086, ""ocValue"": -0.003137, ""duration"": 112.6, ""durationErr"": 4.8, ""depth"": 14.6, ""depthErr"": 0.8, ""dqi"": 3, ""band"": ""R"", ""observer"": ""Francesco Scaggiante, Danilo Zardin,Marco Fiaschi"", ""reference"": ""TRESCA"", ""referenceUrl"": ""https://var.astro.cz/en/Transits/7981"", ""note"": ""exposure 35\"""", ""updatedTime"": 1600806148, ""isPrivate"": false}"
TrES-2 b,2084,2459106.39481,106.7,15.9,3,Clear,Thomas Grunge,https://var.astro.cz/api/charts/observation/89537,https://var.astro.cz/api/OcGate/Exoplanets/8,oc_gate_api,53,"{""transId"": 7943, ""obsId"": 89537, ""dataVersion"": 0, ""hjdMid"": 2459106.39481, ""hjdMidReduced"": 59106.39481, ""jdMidErr"": 0.00086, ""epoch"": 2084, ""ocValue"": 0.00106, ""duration"": 106.7, ""durationErr"": 4.1, ""depth"": 15.9, ""depthErr"": 0.8, ""dqi"": 3, ""band"": ""Clear"", ""observer"": ""Thomas Grunge"", ""reference"": ""TRESCA"", ""referenceUrl"": ""https://var.astro.cz/en/Transits/7943"", ""note"": ""Good weather conditions, Moon 16%@107°"", ""updatedTime"": 1600072673, ""isPrivate"": false}"
TrES-2 b,2084,2459106.39268,103.3,19.2,2,R,Yves Jongen,https://var.astro.cz/api/charts/observation/89539,https://var.astro.cz/api/OcGate/Exoplanets/8,oc_gate_api,54,"{""transId"": 7945, ""obsId"": 89539, ""dataVersion"": 0, ""hjdMid"": 2459106.39268, ""hjdMidReduced"": 59106.39268, ""jdMidErr"": 0.00058, ""epoch"": 2084, ""ocValue"": -0.00107, ""duration"": 103.3, ""durationErr"": 2.8, ""depth"": 19.2, ""depthErr"": 0.7, ""dqi"": 2, ""band"": ""R"", ""observer"": ""Yves Jongen"", ""reference"": ""TRESCA"", ""referenceUrl"": ""https://var.astro.cz/en/Transits/7945"", ""note"": ""120 sec pics on Red filter.\r\n2 minutes early vs. ETD"", ""updatedTime"": 1600085392, ""isPrivate"": false}"
TrES-2 b,2082,2459101.45245,106.0,15.8,1,Clear,Anaël Wünsche,https://var.astro.cz/api/charts/observation/89511,https://var.astro.cz/api/OcGate/Exoplanets/8,oc_gate_api,55,"{""transId"": 7915, ""obsId"": 89511, ""dataVersion"": 0, ""hjdMid"": 2459101.45245, ""hjdMidReduced"": 59101.45245, ""jdMidErr"": 0.00039, ""epoch"": 2082, ""ocValue"": -7.4e-05, ""duration"": 106.0, ""durationErr"": 2.1, ""depth"": 15.8, ""depthErr"": 1.3, ""dqi"": 1, ""band"": ""Clear"", ""observer"": ""Anaël Wünsche"", ""reference"": ""TRESCA"", ""referenceUrl"": ""https://var.astro.cz/en/Transits/7915"", ""note"": ""60 sec exposure filter clear binning 3x3 defocused and multi comparison stars"", ""updatedTime"": 1599647636, ""isPrivate"": false}"
TrES-2 b,2080,2459096.50877,89.3,15.8,3,R,Yves Jongen,https://var.astro.cz/api/charts/observation/89484,https://var.astro.cz/api/OcGate/Exoplanets/8,oc_gate_api,56,"{""transId"": 7888, ""obsId"": 89484, ""dataVersion"": 0, ""hjdMid"": 2459096.50877, ""hjdMidReduced"": 59096.50877, ""jdMidErr"": 0.00101, ""epoch"": 2080, ""ocValue"": -0.002528, ""duration"": 89.3, ""durationErr"": 0.0, ""depth"": 15.8, ""depthErr"": 1.0, ""dqi"": 3, ""band"": ""R"", ""observer"": ""Yves Jongen"", ""reference"": ""TRESCA"", ""referenceUrl"": ""https://var.astro.cz/en/Transits/7888"", ""note"": ""120 sec pics on Red filter.\r\n4 minutes early vs. ETD."", ""updatedTime"": 1599250722, ""isPrivate"": false}"
TrES-2 b,2065,2459059.45252,105.1,12.7,3,R,Manfred Raetz,https://var.astro.cz/api/charts/observation/89394,https://var.astro.cz/api/OcGate/Exoplanets/8,oc_gate_api,57,"{""transId"": 7797, ""obsId"": 89394, ""dataVersion"": 0, ""hjdMid"": 2459059.45252, ""hjdMidReduced"": 59059.45252, ""jdMidErr"": 0.00126, ""epoch"": 2065, ""ocValue"": 0.000421, ""duration"": 105.1, ""durationErr"": 0.0, ""depth"": 12.7, ""depthErr"": 2.1, ""dqi"": 3, ""band"": ""R"", ""observer"": ""Manfred Raetz"", ""reference"": ""TRESCA"", ""referenceUrl"": ""https://var.astro.cz/en/Transits/7797"", ""note"": ""GENERATED FROM TRANSIT id=7797"", ""updatedTime"": 1597436077, ""isPrivate"": false}"
TrES-2 b,2065,2459059.44899,108.8,15.0,1,R,Ferran Grau Horta,https://var.astro.cz/api/charts/observation/89985,https://var.astro.cz/api/OcGate/Exoplanets/8,oc_gate_api,58,"{""transId"": 8394, ""obsId"": 89985, ""dataVersion"": 0, ""hjdMid"": 2459059.44899, ""hjdMidReduced"": 59059.44899, ""jdMidErr"": 0.00037, ""epoch"": 2065, ""ocValue"": -0.003109, ""duration"": 108.8, ""durationErr"": 1.8, ""depth"": 15.0, ""depthErr"": 0.4, ""dqi"": 1, ""band"": ""R"", ""observer"": ""Ferran Grau Horta"", ""reference"": ""TRESCA"", ""referenceUrl"": ""https://var.astro.cz/en/Transits/8394"", ""note"": ""GENERATED FROM TRANSIT id=8394"", ""updatedTime"": 1614111623, ""isPrivate"": false}"
TrES-2 b,2033,2458980.3896,105.7,17.0,3,R,Yenal Ogmen,https://var.astro.cz/api/charts/observation/89137,https://var.astro.cz/api/OcGate/Exoplanets/8,oc_gate_api,59,"{""transId"": 7540, ""obsId"": 89137, ""dataVersion"": 0, ""hjdMid"": 2458980.3896, ""hjdMidReduced"": 58980.3896, ""jdMidErr"": 0.00105, ""epoch"": 2033, ""ocValue"": -0.002876, ""duration"": 105.7, ""durationErr"": 4.8, ""depth"": 17.0, ""depthErr"": 1.1, ""dqi"": 3, ""band"": ""R"", ""observer"": ""Yenal Ogmen"", ""reference"": ""TRESCA"", ""referenceUrl"": ""https://var.astro.cz/en/Transits/7540"", ""note"": ""GENERATED FROM TRANSIT id=7540"", ""updatedTime"": 1589179273, ""isPrivate"": false}"
TrES-2 b,2012,2458928.51116,89.3,11.9,3,Clear,Yves Jongen,https://var.astro.cz/api/charts/observation/88942,https://var.astro.cz/api/OcGate/Exoplanets/8,oc_gate_api,60,"{""transId"": 7344, ""obsId"": 88942, ""dataVersion"": 0, ""hjdMid"": 2458928.51116, ""hjdMidReduced"": 58928.51116, ""jdMidErr"": 0.00124, ""epoch"": 2012, ""ocValue"": 0.001561, ""duration"": 89.3, ""durationErr"": 0.0, ""depth"": 11.9, ""depthErr"": 1.1, ""dqi"": 3, ""band"": ""Clear"", ""observer"": ""Yves Jongen"", ""reference"": ""TRESCA"", ""referenceUrl"": ""https://var.astro.cz/en/Transits/7344"", ""note"": ""120 sec pics on IR-UV filter.\r\n4 minutes late vs. ETD"", ""updatedTime"": 1584713713, ""isPrivate"": false}"
TrES-2 b,1948,2458770.38942,118.5,17.4,1,V,Marc Bretton,https://var.astro.cz/api/charts/observation/88562,https://var.astro.cz/api/OcGate/Exoplanets/8,oc_gate_api,61,"{""transId"": 6964, ""obsId"": 88562, ""dataVersion"": 0, ""hjdMid"": 2458770.38942, ""hjdMidReduced"": 58770.38942, ""jdMidErr"": 0.00053, ""epoch"": 1948, ""ocValue"": -0.000933, ""duration"": 118.5, ""durationErr"": 2.3, ""depth"": 17.4, ""depthErr"": 0.5, ""dqi"": 1, ""band"": ""V"", ""observer"": ""Marc Bretton"", ""reference"": ""TRESCA"", ""referenceUrl"": ""https://var.astro.cz/en/Transits/6964"", ""note"": ""60 sec exposure filter V binning 1x1 no defocus multi comparison stars full moon"", ""updatedTime"": 1571006880, ""isPrivate"": false}"
TrES-2 b,1948,2458770.38942,118.5,17.4,1,V,Marc Bretton,https://var.astro.cz/api/charts/observation/88571,https://var.astro.cz/api/OcGate/Exoplanets/8,oc_gate_api,62,"{""transId"": 6973, ""obsId"": 88571, ""dataVersion"": 0, ""hjdMid"": 2458770.38942, ""hjdMidReduced"": 58770.38942, ""jdMidErr"": 0.00053, ""epoch"": 1948, ""ocValue"": -0.000933, ""duration"": 118.5, ""durationErr"": 2.3, ""depth"": 17.4, ""depthErr"": 0.5, ""dqi"": 1, ""band"": ""V"", ""observer"": ""Marc Bretton"", ""reference"": ""TRESCA"", ""referenceUrl"": ""https://var.astro.cz/en/Transits/6973"", ""note"": ""60 sec exposure filter V binning 1x1 no defocus multi comparison stars full moon"", ""updatedTime"": 1571254863, ""isPrivate"": false}"
TrES-2 b,1944,2458760.50773,101.4,16.8,2,V,Yves Jongen,https://var.astro.cz/api/charts/observation/88538,https://var.astro.cz/api/OcGate/Exoplanets/8,oc_gate_api,63,"{""transId"": 6940, ""obsId"": 88538, ""dataVersion"": 0, ""hjdMid"": 2458760.50773, ""hjdMidReduced"": 58760.50773, ""jdMidErr"": 0.00073, ""epoch"": 1944, ""ocValue"": -0.00017, ""duration"": 101.4, ""durationErr"": 3.4, ""depth"": 16.8, ""depthErr"": 0.8, ""dqi"": 2, ""band"": ""V"", ""observer"": ""Yves Jongen"", ""reference"": ""TRESCA"", ""referenceUrl"": ""https://var.astro.cz/en/Transits/6940"", ""note"": ""120 sec pics on Green filter"", ""updatedTime"": 1570273531, ""isPrivate"": false}"
TrES-2 b,1933,2458733.33149,89.3,15.2,4,R,Veli-Pekka Hentunen,https://var.astro.cz/api/charts/observation/88420,https://var.astro.cz/api/OcGate/Exoplanets/8,oc_gate_api,64,"{""transId"": 6822, ""obsId"": 88420, ""dataVersion"": 0, ""hjdMid"": 2458733.33149, ""hjdMidReduced"": 58733.33149, ""jdMidErr"": 0.0, ""epoch"": 1933, ""ocValue"": 0.000336, ""duration"": 89.3, ""durationErr"": 0.0, ""depth"": 15.2, ""depthErr"": 0.0, ""dqi"": 4, ""band"": ""R"", ""observer"": ""Veli-Pekka Hentunen"", ""reference"": ""TRESCA"", ""referenceUrl"": ""https://var.astro.cz/en/Transits/6822"", ""note"": ""20 sec exposures, bin 2x2, foggy and partially cloudy sky, 7 comparison stars"", ""updatedTime"": 1567847778, ""isPrivate"": false}"
TrES-2 b,1933,2458733.32822,115.3,21.0,3,R,Nikolay Mishevskiy,https://var.astro.cz/api/charts/observation/88419,https://var.astro.cz/api/OcGate/Exoplanets/8,oc_gate_api,65,"{""transId"": 6821, ""obsId"": 88419, ""dataVersion"": 0, ""hjdMid"": 2458733.32822, ""hjdMidReduced"": 58733.32822, ""jdMidErr"": 0.0011, ""epoch"": 1933, ""ocValue"": -0.002934, ""duration"": 115.3, ""durationErr"": 6.3, ""depth"": 21.0, ""depthErr"": 2.2, ""dqi"": 3, ""band"": ""R"", ""observer"": ""Nikolay Mishevskiy"", ""reference"": ""TRESCA"", ""referenceUrl"": ""https://var.astro.cz/en/Transits/6821"", ""note"": ""GENERATED FROM TRANSIT id=6821"", ""updatedTime"": 1567847485, ""isPrivate"": false}"
TrES-2 b,1927,2458718.50734,99.2,14.7,2,V,Yves Jongen,https://var.astro.cz/api/charts/observation/88352,https://var.astro.cz/api/OcGate/Exoplanets/8,oc_gate_api,66,"{""transId"": 6753, ""obsId"": 88352, ""dataVersion"": 0, ""hjdMid"": 2458718.50734, ""hjdMidReduced"": 58718.50734, ""jdMidErr"": 0.00072, ""epoch"": 1927, ""ocValue"": -0.000135, ""duration"": 99.2, ""durationErr"": 3.2, ""depth"": 14.7, ""depthErr"": 0.7, ""dqi"": 2, ""band"": ""V"", ""observer"": ""Yves Jongen"", ""reference"": ""TRESCA"", ""referenceUrl"": ""https://var.astro.cz/en/Transits/6753"", ""note"": ""120 sec pics on Green filter"", ""updatedTime"": 1566535085, ""isPrivate"": false}"
TrES-2 b,1912,2458681.44846,101.9,15.0,1,V,Yves Jongen,https://var.astro.cz/api/charts/observation/88233,https://var.astro.cz/api/OcGate/Exoplanets/8,oc_gate_api,67,"{""transId"": 6632, ""obsId"": 88233, ""dataVersion"": 0, ""hjdMid"": 2458681.44846, ""hjdMidReduced"": 58681.44846, ""jdMidErr"": 0.00167, ""epoch"": 1912, ""ocValue"": 0.000183, ""duration"": 101.9, ""durationErr"": 6.7, ""depth"": 15.0, ""depthErr"": 2.3, ""dqi"": 1, ""band"": ""V"", ""observer"": ""Yves Jongen"", ""reference"": ""TRESCA"", ""referenceUrl"": ""https://var.astro.cz/en/Transits/6632"", ""note"": ""120 sec pics on green filter"", ""updatedTime"": 1563361822, ""isPrivate"": false}"
TrES-2 b,1912,2458681.44427,112.7,13.2,2,V,Riccardo Papini,https://var.astro.cz/api/charts/observation/88234,https://var.astro.cz/api/OcGate/Exoplanets/8,oc_gate_api,68,"{""transId"": 6633, ""obsId"": 88234, ""dataVersion"": 0, ""hjdMid"": 2458681.44427, ""hjdMidReduced"": 58681.44427, ""jdMidErr"": 0.0009, ""epoch"": 1912, ""ocValue"": -0.004007, ""duration"": 112.7, ""durationErr"": 4.2, ""depth"": 13.2, ""depthErr"": 0.7, ""dqi"": 2, ""band"": ""V"", ""observer"": ""Riccardo Papini"", ""reference"": ""TRESCA"", ""referenceUrl"": ""https://var.astro.cz/en/Transits/6633"", ""note"": ""Full Moon, seeing good. Other observer Massimo Banfi, Giuseppe Marino, Fabio Salvaggio"", ""updatedTime"": 1563398277, ""isPrivate"": false}"
TrES-2 b,1895,2458639.44841,108.9,15.9,2,Clear,Anael Wunsche,https://var.astro.cz/api/charts/observation/88132,https://var.astro.cz/api/OcGate/Exoplanets/8,oc_gate_api,69,"{""transId"": 6531, ""obsId"": 88132, ""dataVersion"": 0, ""hjdMid"": 2458639.44841, ""hjdMidReduced"": 58639.44841, ""jdMidErr"": 0.0008, ""epoch"": 1895, ""ocValue"": 0.000558, ""duration"": 108.9, ""durationErr"": 4.1, ""depth"": 15.9, ""depthErr"": 1.0, ""dqi"": 2, ""band"": ""Clear"", ""observer"": ""Anael Wunsche"", ""reference"": ""TRESCA"", ""referenceUrl"": ""https://var.astro.cz/en/Transits/6531"", ""note"": ""120s exposures. Clear filter. Seeing 2.5. New moon. Slight defocus. Multicomparison stars."", ""updatedTime"": 1559731428, ""isPrivate"": false}"
TrES-2 b,1895,2458639.44807,98.8,14.6,3,R,Yves Jongen,https://var.astro.cz/api/charts/observation/88131,https://var.astro.cz/api/OcGate/Exoplanets/8,oc_gate_api,70,"{""transId"": 6530, ""obsId"": 88131, ""dataVersion"": 0, ""hjdMid"": 2458639.44807, ""hjdMidReduced"": 58639.44807, ""jdMidErr"": 0.00098, ""epoch"": 1895, ""ocValue"": 0.000218, ""duration"": 98.8, ""durationErr"": 4.3, ""depth"": 14.6, ""depthErr"": 0.9, ""dqi"": 3, ""band"": ""R"", ""observer"": ""Yves Jongen"", ""reference"": ""TRESCA"", ""referenceUrl"": ""https://var.astro.cz/en/Transits/6530"", ""note"": ""120 sec pics on Red filter"", ""updatedTime"": 1559729994, ""isPrivate"": false}"
TrES-2 b,1895,2458639.44447,111.8,19.4,3,Clear,"Martin Tylšar, Martin Mašek",https://var.astro.cz/api/charts/observation/88141,https://var.astro.cz/api/OcGate/Exoplanets/8,oc_gate_api,71,"{""transId"": 6540, ""obsId"": 88141, ""dataVersion"": 0, ""hjdMid"": 2458639.44447, ""hjdMidReduced"": 58639.44447, ""jdMidErr"": 0.00143, ""epoch"": 1895, ""ocValue"": -0.003382, ""duration"": 111.8, ""durationErr"": 6.8, ""depth"": 19.4, ""depthErr"": 1.6, ""dqi"": 3, ""band"": ""Clear"", ""observer"": ""Martin Tylšar, Martin Mašek"", ""reference"": ""TRESCA"", ""referenceUrl"": ""https://var.astro.cz/en/Transits/6540"", ""note"": ""GENERATED FROM TRANSIT id=6540"", ""updatedTime"": 1560189393, ""isPrivate"": false}"
TrES-2 b,1893,2458634.50585,101.1,17.0,3,R,Bruno Christmann,https://var.astro.cz/api/charts/observation/88134,https://var.astro.cz/api/OcGate/Exoplanets/8,oc_gate_api,72,"{""transId"": 6533, ""obsId"": 88134, ""dataVersion"": 0, ""hjdMid"": 2458634.50585, ""hjdMidReduced"": 58634.50585, ""jdMidErr"": 0.00102, ""epoch"": 1893, ""ocValue"": -0.000775, ""duration"": 101.1, ""durationErr"": 4.7, ""depth"": 17.0, ""depthErr"": 0.9, ""dqi"": 3, ""band"": ""R"", ""observer"": ""Bruno Christmann"", ""reference"": ""TRESCA"", ""referenceUrl"": ""https://var.astro.cz/en/Transits/6533"", ""note"": ""60s exposure with Red filter, binning 1x1."", ""updatedTime"": 1559807214, ""isPrivate"": false}"
TrES-2 b,1880,2458602.39267,118.6,29.5,1,R,Veli-Pekka Hentunen,https://var.astro.cz/api/charts/observation/88072,https://var.astro.cz/api/OcGate/Exoplanets/8,oc_gate_api,73,"{""transId"": 6471, ""obsId"": 88072, ""dataVersion"": 0, ""hjdMid"": 2458602.39267, ""hjdMidReduced"": 58602.39267, ""jdMidErr"": 0.0005, ""epoch"": 1880, ""ocValue"": 0.004016, ""duration"": 118.6, ""durationErr"": 2.6, ""depth"": 29.5, ""depthErr"": 0.7, ""dqi"": 1, ""band"": ""R"", ""observer"": ""Veli-Pekka Hentunen"", ""reference"": ""TRESCA"", ""referenceUrl"": ""https://var.astro.cz/en/Transits/6471"", ""note"": ""80 sec exposures, 5 comparison stars"", ""updatedTime"": 1556528544, ""isPrivate"": false}"
TrES-2 b,1878,2458597.44623,112.3,15.5,3,R,Veli-Pekka Hentunen,https://var.astro.cz/api/charts/observation/88067,https://var.astro.cz/api/OcGate/Exoplanets/8,oc_gate_api,74,"{""transId"": 6466, ""obsId"": 88067, ""dataVersion"": 0, ""hjdMid"": 2458597.44623, ""hjdMidReduced"": 58597.44623, ""jdMidErr"": 0.00072, ""epoch"": 1878, ""ocValue"": -0.001197, ""duration"": 112.3, ""durationErr"": 3.3, ""depth"": 15.5, ""depthErr"": 0.6, ""dqi"": 3, ""band"": ""R"", ""observer"": ""Veli-Pekka Hentunen"", ""reference"": ""TRESCA"", ""referenceUrl"": ""https://var.astro.cz/en/Transits/6466"", ""note"": ""50 sec exposures, 10 comparison stars"", ""updatedTime"": 1556079796, ""isPrivate"": false}"
TrES-2 b,1874,2458587.5635,108.0,17.2,2,R,Yves Jongen,https://var.astro.cz/api/charts/observation/88043,https://var.astro.cz/api/OcGate/Exoplanets/8,oc_gate_api,75,"{""transId"": 6442, ""obsId"": 88043, ""dataVersion"": 0, ""hjdMid"": 2458587.5635, ""hjdMidReduced"": 58587.5635, ""jdMidErr"": 0.0006, ""epoch"": 1874, ""ocValue"": -0.001474, ""duration"": 108.0, ""durationErr"": 2.7, ""depth"": 17.2, ""depthErr"": 0.6, ""dqi"": 2, ""band"": ""R"", ""observer"": ""Yves Jongen"", ""reference"": ""TRESCA"", ""referenceUrl"": ""https://var.astro.cz/en/Transits/6442"", ""note"": ""120 sec pics on red filter"", ""updatedTime"": 1555238357, ""isPrivate"": false}"
TrES-2 b,1874,2458587.5582,109.3,16.0,4,Clear,Janos,https://var.astro.cz/api/charts/observation/88044,https://var.astro.cz/api/OcGate/Exoplanets/8,oc_gate_api,76,"{""transId"": 6443, ""obsId"": 88044, ""dataVersion"": 0, ""hjdMid"": 2458587.5582, ""hjdMidReduced"": 58587.5582, ""jdMidErr"": 0.00238, ""epoch"": 1874, ""ocValue"": -0.006774, ""duration"": 109.3, ""durationErr"": 10.7, ""depth"": 16.0, ""depthErr"": 2.4, ""dqi"": 4, ""band"": ""Clear"", ""observer"": ""Janos"", ""reference"": ""TRESCA"", ""referenceUrl"": ""https://var.astro.cz/en/Transits/6443"", ""note"": ""pose 60s\r\naverage multicomparaison star"", ""updatedTime"": 1555246194, ""isPrivate"": false}"
TrES-2 b,1872,2458582.62374,98.4,16.6,2,R,Yves Jongen,https://var.astro.cz/api/charts/observation/88037,https://var.astro.cz/api/OcGate/Exoplanets/8,oc_gate_api,77,"{""transId"": 6436, ""obsId"": 88037, ""dataVersion"": 0, ""hjdMid"": 2458582.62374, ""hjdMidReduced"": 58582.62374, ""jdMidErr"": 0.00063, ""epoch"": 1872, ""ocValue"": -8e-06, ""duration"": 98.4, ""durationErr"": 2.8, ""depth"": 16.6, ""depthErr"": 0.7, ""dqi"": 2, ""band"": ""R"", ""observer"": ""Yves Jongen"", ""reference"": ""TRESCA"", ""referenceUrl"": ""https://var.astro.cz/en/Transits/6436"", ""note"": ""120 sec pics on Red filter"", ""updatedTime"": 1554808695, ""isPrivate"": false}"
TrES-2 b,1855,2458540.62068,106.4,17.8,2,V,Yves Jongen,https://var.astro.cz/api/charts/observation/87901,https://var.astro.cz/api/OcGate/Exoplanets/8,oc_gate_api,78,"{""transId"": 6300, ""obsId"": 87901, ""dataVersion"": 0, ""hjdMid"": 2458540.62068, ""hjdMidReduced"": 58540.62068, ""jdMidErr"": 0.00094, ""epoch"": 1855, ""ocValue"": -0.002643, ""duration"": 106.4, ""durationErr"": 4.5, ""depth"": 17.8, ""depthErr"": 1.2, ""dqi"": 2, ""band"": ""V"", ""observer"": ""Yves Jongen"", ""reference"": ""TRESCA"", ""referenceUrl"": ""https://var.astro.cz/en/Transits/6300"", ""note"": ""120 sec pics on Green filter"", ""updatedTime"": 1551193733, ""isPrivate"": false}"
TrES-2 b,1802,2458409.68118,109.2,14.5,3,Clear,Rina Rast,https://var.astro.cz/api/charts/observation/87630,https://var.astro.cz/api/OcGate/Exoplanets/8,oc_gate_api,79,"{""transId"": 6024, ""obsId"": 87630, ""dataVersion"": 0, ""hjdMid"": 2458409.68118, ""hjdMidReduced"": 58409.68118, ""jdMidErr"": 0.00093, ""epoch"": 1802, ""ocValue"": 0.000358, ""duration"": 109.2, ""durationErr"": 4.2, ""depth"": 14.5, ""depthErr"": 0.8, ""dqi"": 3, ""band"": ""Clear"", ""observer"": ""Rina Rast"", ""reference"": ""TRESCA"", ""referenceUrl"": ""https://var.astro.cz/en/Transits/6024"", ""note"": ""Filter: clear blocking blue (CBB)\r\nData collected with Mario Proulx and Jiawei Hu"", ""updatedTime"": 1540438011, ""isPrivate"": false}"
TrES-2 b,1802,2458409.68094,104.5,14.6,3,Clear,Gavin Bendig,https://var.astro.cz/api/charts/observation/87692,https://var.astro.cz/api/OcGate/Exoplanets/8,oc_gate_api,80,"{""transId"": 6086, ""obsId"": 87692, ""dataVersion"": 0, ""hjdMid"": 2458409.68094, ""hjdMidReduced"": 58409.68094, ""jdMidErr"": 0.00085, ""epoch"": 1802, ""ocValue"": 0.000118, ""duration"": 104.5, ""durationErr"": 3.8, ""depth"": 14.6, ""depthErr"": 0.7, ""dqi"": 3, ""band"": ""Clear"", ""observer"": ""Gavin Bendig"", ""reference"": ""TRESCA"", ""referenceUrl"": ""https://var.astro.cz/en/Transits/6086"", ""note"": ""GENERATED FROM TRANSIT id=6086"", ""updatedTime"": 1544071931, ""isPrivate"": false}"
TrES-2 b,1801,2458407.20908,131.4,18.8,2,I,Veli-Pekka Hentunen,https://var.astro.cz/api/charts/observation/87615,https://var.astro.cz/api/OcGate/Exoplanets/8,oc_gate_api,81,"{""transId"": 6009, ""obsId"": 87615, ""dataVersion"": 0, ""hjdMid"": 2458407.20908, ""hjdMidReduced"": 58407.20908, ""jdMidErr"": 0.00108, ""epoch"": 1801, ""ocValue"": -0.001129, ""duration"": 131.4, ""durationErr"": 4.7, ""depth"": 18.8, ""depthErr"": 1.0, ""dqi"": 2, ""band"": ""I"", ""observer"": ""Veli-Pekka Hentunen"", ""reference"": ""TRESCA"", ""referenceUrl"": ""https://var.astro.cz/en/Transits/6009"", ""note"": ""60 sec exposures, 4 comparison stars used"", ""updatedTime"": 1539687911, ""isPrivate"": false}"
TrES-2 b,1799,2458402.26113,92.7,12.5,3,Clear,Teemu Willamo,https://var.astro.cz/api/charts/observation/87603,https://var.astro.cz/api/OcGate/Exoplanets/8,oc_gate_api,82,"{""transId"": 5995, ""obsId"": 87603, ""dataVersion"": 0, ""hjdMid"": 2458402.26113, ""hjdMidReduced"": 58402.26113, ""jdMidErr"": 0.00163, ""epoch"": 1799, ""ocValue"": -0.007853, ""duration"": 92.7, ""durationErr"": 6.1, ""depth"": 12.5, ""depthErr"": 1.6, ""dqi"": 3, ""band"": ""Clear"", ""observer"": ""Teemu Willamo"", ""reference"": ""TRESCA"", ""referenceUrl"": ""https://var.astro.cz/en/Transits/5995"", ""note"": ""Used comparison stars USNO-A2.0 1350-10220179 and 2MASS J19070093+4917323"", ""updatedTime"": 1539354501, ""isPrivate"": false}"
TrES-2 b,1795,2458392.38607,99.6,18.3,2,V,Mario Morales,https://var.astro.cz/api/charts/observation/87581,https://var.astro.cz/api/OcGate/Exoplanets/8,oc_gate_api,83,"{""transId"": 5973, ""obsId"": 87581, ""dataVersion"": 0, ""hjdMid"": 2458392.38607, ""hjdMidReduced"": 58392.38607, ""jdMidErr"": 0.00066, ""epoch"": 1795, ""ocValue"": -0.00046, ""duration"": 99.6, ""durationErr"": 3.1, ""depth"": 18.3, ""depthErr"": 0.8, ""dqi"": 2, ""band"": ""V"", ""observer"": ""Mario Morales"", ""reference"": ""TRESCA"", ""referenceUrl"": ""https://var.astro.cz/en/Transits/5973"", ""note"": ""V filter - 117 exp. X 90\"""", ""updatedTime"": 1538414896, ""isPrivate"": false}"
TrES-2 b,1795,2458392.38519,100.5,17.3,2,V,Yves Jongen,https://var.astro.cz/api/charts/observation/87577,https://var.astro.cz/api/OcGate/Exoplanets/8,oc_gate_api,84,"{""transId"": 5969, ""obsId"": 87577, ""dataVersion"": 0, ""hjdMid"": 2458392.38519, ""hjdMidReduced"": 58392.38519, ""jdMidErr"": 0.00084, ""epoch"": 1795, ""ocValue"": -0.00134, ""duration"": 100.5, ""durationErr"": 3.5, ""depth"": 17.3, ""depthErr"": 0.9, ""dqi"": 2, ""band"": ""V"", ""observer"": ""Yves Jongen"", ""reference"": ""TRESCA"", ""referenceUrl"": ""https://var.astro.cz/en/Transits/5969"", ""note"": ""120 sec pics on green filter"", ""updatedTime"": 1538384174, ""isPrivate"": false}"
TrES-2 b,1793,2458387.46767,94.1,16.6,5,Clear,Adam Nowak,https://var.astro.cz/api/charts/observation/87554,https://var.astro.cz/api/OcGate/Exoplanets/8,oc_gate_api,85,"{""transId"": 5946, ""obsId"": 87554, ""dataVersion"": 0, ""hjdMid"": 2458387.46767, ""hjdMidReduced"": 58387.46767, ""jdMidErr"": 0.00306, ""epoch"": 1793, ""ocValue"": 0.022367, ""duration"": 94.1, ""durationErr"": 14.3, ""depth"": 16.6, ""depthErr"": 3.5, ""dqi"": 5, ""band"": ""Clear"", ""observer"": ""Adam Nowak"", ""reference"": ""TRESCA"", ""referenceUrl"": ""https://var.astro.cz/en/Transits/5946"", ""note"": ""Cloudy and foggy after midtranit, each point is average of 10 raw frames"", ""updatedTime"": 1537975720, ""isPrivate"": false}"
TrES-2 b,1793,2458387.44496,98.3,15.6,3,Clear,Patrick Sogorb,https://var.astro.cz/api/charts/observation/87552,https://var.astro.cz/api/OcGate/Exoplanets/8,oc_gate_api,86,"{""transId"": 5944, ""obsId"": 87552, ""dataVersion"": 0, ""hjdMid"": 2458387.44496, ""hjdMidReduced"": 58387.44496, ""jdMidErr"": 0.00124, ""epoch"": 1793, ""ocValue"": -0.000343, ""duration"": 98.3, ""durationErr"": 5.5, ""depth"": 15.6, ""depthErr"": 1.2, ""dqi"": 3, ""band"": ""Clear"", ""observer"": ""Patrick Sogorb"", ""reference"": ""TRESCA"", ""referenceUrl"": ""https://var.astro.cz/en/Transits/5944"", ""note"": ""Bin 3 was used\r\nSlitly defocuser to 4 pix FWHM\r\n30s exposures"", ""updatedTime"": 1537943715, ""isPrivate"": false}"
TrES-2 b,1793,2458387.44484,105.0,16.3,1,Clear,Marc Bretton,https://var.astro.cz/api/charts/observation/87558,https://var.astro.cz/api/OcGate/Exoplanets/8,oc_gate_api,87,"{""transId"": 5950, ""obsId"": 87558, ""dataVersion"": 0, ""hjdMid"": 2458387.44484, ""hjdMidReduced"": 58387.44484, ""jdMidErr"": 0.00036, ""epoch"": 1793, ""ocValue"": -0.000463, ""duration"": 105.0, ""durationErr"": 1.6, ""depth"": 16.3, ""depthErr"": 0.3, ""dqi"": 1, ""band"": ""Clear"", ""observer"": ""Marc Bretton"", ""reference"": ""TRESCA"", ""referenceUrl"": ""https://var.astro.cz/en/Transits/5950"", ""note"": ""60 sec exposure binning 1x1 light defocus multi comparison stars"", ""updatedTime"": 1538046287, ""isPrivate"": false}"
TrES-2 b,1793,2458387.43681,89.3,15.2,4,R,Janos,https://var.astro.cz/api/charts/observation/87555,https://var.astro.cz/api/OcGate/Exoplanets/8,oc_gate_api,88,"{""transId"": 5947, ""obsId"": 87555, ""dataVersion"": 0, ""hjdMid"": 2458387.43681, ""hjdMidReduced"": 58387.43681, ""jdMidErr"": 0.00353, ""epoch"": 1793, ""ocValue"": -0.008493, ""duration"": 89.3, ""durationErr"": 0.0, ""depth"": 15.2, ""depthErr"": 0.0, ""dqi"": 4, ""band"": ""R"", ""observer"": ""Janos"", ""reference"": ""TRESCA"", ""referenceUrl"": ""https://var.astro.cz/en/Transits/5947"", ""note"": ""full moon , seeing 6 , pose 200s"", ""updatedTime"": 1537986612, ""isPrivate"": false}"
TrES-2 b,1791,2458382.50467,99.1,12.9,3,V,Yves Jongen,https://var.astro.cz/api/charts/observation/87521,https://var.astro.cz/api/OcGate/Exoplanets/8,oc_gate_api,89,"{""transId"": 5913, ""obsId"": 87521, ""dataVersion"": 0, ""hjdMid"": 2458382.50467, ""hjdMidReduced"": 58382.50467, ""jdMidErr"": 0.00127, ""epoch"": 1791, ""ocValue"": 0.000593, ""duration"": 99.1, ""durationErr"": 5.4, ""depth"": 12.9, ""depthErr"": 1.1, ""dqi"": 3, ""band"": ""V"", ""observer"": ""Yves Jongen"", ""reference"": ""TRESCA"", ""referenceUrl"": ""https://var.astro.cz/en/Transits/5913"", ""note"": ""120 sec pics on Green filter"", ""updatedTime"": 1537518829, ""isPrivate"": false}"
TrES-2 b,1791,2458382.50305,97.6,15.3,4,R,Rene Roy,https://var.astro.cz/api/charts/observation/87524,https://var.astro.cz/api/OcGate/Exoplanets/8,oc_gate_api,90,"{""transId"": 5916, ""obsId"": 87524, ""dataVersion"": 0, ""hjdMid"": 2458382.50305, ""hjdMidReduced"": 58382.50305, ""jdMidErr"": 0.00175, ""epoch"": 1791, ""ocValue"": -0.001027, ""duration"": 97.6, ""durationErr"": 8.2, ""depth"": 15.3, ""depthErr"": 1.7, ""dqi"": 4, ""band"": ""R"", ""observer"": ""Rene Roy"", ""reference"": ""TRESCA"", ""referenceUrl"": ""https://var.astro.cz/en/Transits/5916"", ""note"": ""GENERATED FROM TRANSIT id=5916"", ""updatedTime"": 1537565732, ""isPrivate"": false}"
TrES-2 b,1791,2458382.50253,112.0,17.9,2,V,Pere Guerra,https://var.astro.cz/api/charts/observation/87522,https://var.astro.cz/api/OcGate/Exoplanets/8,oc_gate_api,91,"{""transId"": 5914, ""obsId"": 87522, ""dataVersion"": 0, ""hjdMid"": 2458382.50253, ""hjdMidReduced"": 58382.50253, ""jdMidErr"": 0.00078, ""epoch"": 1791, ""ocValue"": -0.001547, ""duration"": 112.0, ""durationErr"": 3.7, ""depth"": 17.9, ""depthErr"": 0.8, ""dqi"": 2, ""band"": ""V"", ""observer"": ""Pere Guerra"", ""reference"": ""TRESCA"", ""referenceUrl"": ""https://var.astro.cz/en/Transits/5914"", ""note"": ""2x2 Binning, focused."", ""updatedTime"": 1537537471, ""isPrivate"": false}"
TrES-2 b,1776,2458345.44427,100.2,15.6,2,Clear,David Molina,https://var.astro.cz/api/charts/observation/87442,https://var.astro.cz/api/OcGate/Exoplanets/8,oc_gate_api,92,"{""transId"": 5834, ""obsId"": 87442, ""dataVersion"": 0, ""hjdMid"": 2458345.44427, ""hjdMidReduced"": 58345.44427, ""jdMidErr"": 0.0007, ""epoch"": 1776, ""ocValue"": -0.000609, ""duration"": 100.2, ""durationErr"": 3.3, ""depth"": 15.6, ""depthErr"": 0.7, ""dqi"": 2, ""band"": ""Clear"", ""observer"": ""David Molina"", ""reference"": ""TRESCA"", ""referenceUrl"": ""https://var.astro.cz/en/Transits/5834"", ""note"": ""180\"",bin 1x1,filter clear,5 comparison stars."", ""updatedTime"": 1534441788, ""isPrivate"": false}"
TrES-2 b,1776,2458345.43813,90.7,18.0,4,Clear,Janos,https://var.astro.cz/api/charts/observation/87436,https://var.astro.cz/api/OcGate/Exoplanets/8,oc_gate_api,93,"{""transId"": 5828, ""obsId"": 87436, ""dataVersion"": 0, ""hjdMid"": 2458345.43813, ""hjdMidReduced"": 58345.43813, ""jdMidErr"": 0.01059, ""epoch"": 1776, ""ocValue"": -0.006749, ""duration"": 90.7, ""durationErr"": 39.2, ""depth"": 18.0, ""depthErr"": 16.1, ""dqi"": 4, ""band"": ""Clear"", ""observer"": ""Janos"", ""reference"": ""TRESCA"", ""referenceUrl"": ""https://var.astro.cz/en/Transits/5828"", ""note"": ""pose 180s"", ""updatedTime"": 1534370851, ""isPrivate"": false}"
TrES-2 b,1765,2458318.26563,100.7,15.0,1,R,Wonseok Kang,https://var.astro.cz/api/charts/observation/87406,https://var.astro.cz/api/OcGate/Exoplanets/8,oc_gate_api,94,"{""transId"": 5798, ""obsId"": 87406, ""dataVersion"": 0, ""hjdMid"": 2458318.26563, ""hjdMidReduced"": 58318.26563, ""jdMidErr"": 0.00042, ""epoch"": 1765, ""ocValue"": -0.002503, ""duration"": 100.7, ""durationErr"": 1.8, ""depth"": 15.0, ""depthErr"": 0.4, ""dqi"": 1, ""band"": ""R"", ""observer"": ""Wonseok Kang"", ""reference"": ""TRESCA"", ""referenceUrl"": ""https://var.astro.cz/en/Transits/5798"", ""note"": ""GENERATED FROM TRANSIT id=5798"", ""updatedTime"": 1533443799, ""isPrivate"": false}"
TrES-2 b,1757,2458298.50499,89.9,16.2,3,Clear,Yves Jongen,https://var.astro.cz/api/charts/observation/87301,https://var.astro.cz/api/OcGate/Exoplanets/8,oc_gate_api,95,"{""transId"": 5693, ""obsId"": 87301, ""dataVersion"": 0, ""hjdMid"": 2458298.50499, ""hjdMidReduced"": 58298.50499, ""jdMidErr"": 0.00077, ""epoch"": 1757, ""ocValue"": 0.001762, ""duration"": 89.9, ""durationErr"": 3.5, ""depth"": 16.2, ""depthErr"": 0.9, ""dqi"": 3, ""band"": ""Clear"", ""observer"": ""Yves Jongen"", ""reference"": ""TRESCA"", ""referenceUrl"": ""https://var.astro.cz/en/Transits/5693"", ""note"": ""GENERATED FROM TRANSIT id=5693"", ""updatedTime"": 1530262634, ""isPrivate"": false}"
TrES-2 b,1755,2458293.5587,109.1,15.7,2,Clear,David Molina,https://var.astro.cz/api/charts/observation/87292,https://var.astro.cz/api/OcGate/Exoplanets/8,oc_gate_api,96,"{""transId"": 5684, ""obsId"": 87292, ""dataVersion"": 0, ""hjdMid"": 2458293.5587, ""hjdMidReduced"": 58293.5587, ""jdMidErr"": 0.00116, ""epoch"": 1755, ""ocValue"": -0.003301, ""duration"": 109.1, ""durationErr"": 5.5, ""depth"": 15.7, ""depthErr"": 0.6, ""dqi"": 2, ""band"": ""Clear"", ""observer"": ""David Molina"", ""reference"": ""TRESCA"", ""referenceUrl"": ""https://var.astro.cz/en/Transits/5684"", ""note"": ""180\"",bin 1x1,filter clear,6 comparison stars"", ""updatedTime"": 1529871425, ""isPrivate"": false}"
TrES-2 b,1752,2458286.14832,107.6,15.7,3,R,Wonseok Kang,https://var.astro.cz/api/charts/observation/87414,https://var.astro.cz/api/OcGate/Exoplanets/8,oc_gate_api,97,"{""transId"": 5806, ""obsId"": 87414, ""dataVersion"": 0, ""hjdMid"": 2458286.14832, ""hjdMidReduced"": 58286.14832, ""jdMidErr"": 0.0011, ""epoch"": 1752, ""ocValue"": -0.001841, ""duration"": 107.6, ""durationErr"": 5.4, ""depth"": 15.7, ""depthErr"": 1.1, ""dqi"": 3, ""band"": ""R"", ""observer"": ""Wonseok Kang"", ""reference"": ""TRESCA"", ""referenceUrl"": ""https://var.astro.cz/en/Transits/5806"", ""note"": ""GENERATED FROM TRANSIT id=5806"", ""updatedTime"": 1533533912, ""isPrivate"": false}"
TrES-2 b,1743,2458263.908251,96.32,14.6,4,V,Evgeny Krotkov,https://var.astro.cz/api/charts/observation/110125,https://var.astro.cz/api/OcGate/Exoplanets/8,oc_gate_api,98,"{""transId"": 21949, ""obsId"": 110125, ""dataVersion"": 0, ""hjdMid"": 2458263.908251, ""hjdMidReduced"": 58263.908251, ""jdMidErr"": 0.003039, ""epoch"": 1743, ""ocValue"": -0.006391, ""duration"": 96.32, ""durationErr"": 13.63, ""depth"": 14.6, ""depthErr"": 2.85, ""dqi"": 4, ""band"": ""V"", ""observer"": ""Evgeny Krotkov"", ""reference"": ""TRESCA"", ""referenceUrl"": ""https://var.astro.cz/en/Transits/21949"", ""note"": """", ""updatedTime"": 1758427094, ""isPrivate"": false}"
TrES-2 b,1740,2458256.50077,105.3,16.1,1,I,Marc Bretton,https://var.astro.cz/api/charts/observation/87235,https://var.astro.cz/api/OcGate/Exoplanets/8,oc_gate_api,99,"{""transId"": 5627, ""obsId"": 87235, ""dataVersion"": 0, ""hjdMid"": 2458256.50077, ""hjdMidReduced"": 58256.50077, ""jdMidErr"": 0.00047, ""epoch"": 1740, ""ocValue"": -0.002033, ""duration"": 105.3, ""durationErr"": 2.1, ""depth"": 16.1, ""depthErr"": 0.4, ""dqi"": 1, ""band"": ""I"", ""observer"": ""Marc Bretton"", ""reference"": ""TRESCA"", ""referenceUrl"": ""https://var.astro.cz/en/Transits/5627"", ""note"": ""60 sec exposure filter LNIR binning 1x1 defocused and multi comparison stars"", ""updatedTime"": 1526606666, ""isPrivate"": false}"
TrES-2 b,1740,2458256.49951,110.2,15.3,3,Clear,Yves Jongen,https://var.astro.cz/api/charts/observation/87236,https://var.astro.cz/api/OcGate/Exoplanets/8,oc_gate_api,100,"{""transId"": 5628, ""obsId"": 87236, ""dataVersion"": 0, ""hjdMid"": 2458256.49951, ""hjdMidReduced"": 58256.49951, ""jdMidErr"": 0.00092, ""epoch"": 1740, ""ocValue"": -0.003293, ""duration"": 110.2, ""durationErr"": 4.1, ""depth"": 15.3, ""depthErr"": 0.8, ""dqi"": 3, ""band"": ""Clear"", ""observer"": ""Yves Jongen"", ""reference"": ""TRESCA"", ""referenceUrl"": ""https://var.astro.cz/en/Transits/5628"", ""note"": ""GENERATED FROM TRANSIT id=5628"", ""updatedTime"": 1526635559, ""isPrivate"": false}"
TrES-2 b,1732,2458236.7385,113.0,16.8,3,I,Stan Shadick,https://var.astro.cz/api/charts/observation/87209,https://var.astro.cz/api/OcGate/Exoplanets/8,oc_gate_api,101,"{""transId"": 5601, ""obsId"": 87209, ""dataVersion"": 0, ""hjdMid"": 2458236.7385, ""hjdMidReduced"": 58236.7385, ""jdMidErr"": 0.00114, ""epoch"": 1732, ""ocValue"": 0.000603, ""duration"": 113.0, ""durationErr"": 5.8, ""depth"": 16.8, ""depthErr"": 1.3, ""dqi"": 3, ""band"": ""I"", ""observer"": ""Stan Shadick"", ""reference"": ""TRESCA"", ""referenceUrl"": ""https://var.astro.cz/en/Transits/5601"", ""note"": ""Processed with artificial star at 8x5x10.\r\nUsed only reference stars C4, C9, C11, C12, C14, C15, C17-C20\r\nPIER 6"", ""updatedTime"": 1525032964, ""isPrivate"": false}"
TrES-2 b,1723,2458214.50272,91.8,11.1,3,V,Yves Jongen,https://var.astro.cz/api/charts/observation/87162,https://var.astro.cz/api/OcGate/Exoplanets/8,oc_gate_api,102,"{""transId"": 5553, ""obsId"": 87162, ""dataVersion"": 0, ""hjdMid"": 2458214.50272, ""hjdMidReduced"": 58214.50272, ""jdMidErr"": 0.00131, ""epoch"": 1723, ""ocValue"": 0.000342, ""duration"": 91.8, ""durationErr"": 5.7, ""depth"": 11.1, ""depthErr"": 1.0, ""dqi"": 3, ""band"": ""V"", ""observer"": ""Yves Jongen"", ""reference"": ""TRESCA"", ""referenceUrl"": ""https://var.astro.cz/en/Transits/5553"", ""note"": ""GENERATED FROM TRANSIT id=5553"", ""updatedTime"": 1523004089, ""isPrivate"": false}"
TrES-2 b,1723,2458214.50188,99.4,15.7,3,R,Eric Girardin,https://var.astro.cz/api/charts/observation/87169,https://var.astro.cz/api/OcGate/Exoplanets/8,oc_gate_api,103,"{""transId"": 5561, ""obsId"": 87169, ""dataVersion"": 0, ""hjdMid"": 2458214.50188, ""hjdMidReduced"": 58214.50188, ""jdMidErr"": 0.00109, ""epoch"": 1723, ""ocValue"": -0.000498, ""duration"": 99.4, ""durationErr"": 5.2, ""depth"": 15.7, ""depthErr"": 1.1, ""dqi"": 3, ""band"": ""R"", ""observer"": ""Eric Girardin"", ""reference"": ""TRESCA"", ""referenceUrl"": ""https://var.astro.cz/en/Transits/5561"", ""note"": ""60 sec exposure, binning 1x1, filter R, one comparison star"", ""updatedTime"": 1523611702, ""isPrivate"": false}"
TrES-2 b,1651,2458036.62174,89.3,13.6,3,Clear,Robert Majewski,https://var.astro.cz/api/charts/observation/86903,https://var.astro.cz/api/OcGate/Exoplanets/8,oc_gate_api,104,"{""transId"": 5292, ""obsId"": 86903, ""dataVersion"": 0, ""hjdMid"": 2458036.62174, ""hjdMidReduced"": 58036.62174, ""jdMidErr"": 0.0011, ""epoch"": 1651, ""ocValue"": 0.003514, ""duration"": 89.3, ""durationErr"": 0.0, ""depth"": 13.6, ""depthErr"": 1.8, ""dqi"": 3, ""band"": ""Clear"", ""observer"": ""Robert Majewski"", ""reference"": ""TRESCA"", ""referenceUrl"": ""https://var.astro.cz/en/Transits/5292"", ""note"": ""1 minute exposures, Image Autoguiding."", ""updatedTime"": 1507739422, ""isPrivate"": false}"
TrES-2 b,1621,2457962.49996,98.0,14.1,1,I,Marc Bretton,https://var.astro.cz/api/charts/observation/86789,https://var.astro.cz/api/OcGate/Exoplanets/8,oc_gate_api,105,"{""transId"": 5178, ""obsId"": 86789, ""dataVersion"": 0, ""hjdMid"": 2457962.49996, ""hjdMidReduced"": 57962.49996, ""jdMidErr"": 0.00028, ""epoch"": 1621, ""ocValue"": 0.00013, ""duration"": 98.0, ""durationErr"": 1.2, ""depth"": 14.1, ""depthErr"": 0.2, ""dqi"": 1, ""band"": ""I"", ""observer"": ""Marc Bretton"", ""reference"": ""TRESCA"", ""referenceUrl"": ""https://var.astro.cz/en/Transits/5178"", ""note"": ""60 sec exposure filter LNIR binning 1x1 defocused and multi comparison stars"", ""updatedTime"": 1501204480, ""isPrivate"": false}"
TrES-2 b,1621,2457962.49987,114.6,15.7,2,Clear,David Molina,https://var.astro.cz/api/charts/observation/86791,https://var.astro.cz/api/OcGate/Exoplanets/8,oc_gate_api,106,"{""transId"": 5180, ""obsId"": 86791, ""dataVersion"": 0, ""hjdMid"": 2457962.49987, ""hjdMidReduced"": 57962.49987, ""jdMidErr"": 0.00086, ""epoch"": 1621, ""ocValue"": 4e-05, ""duration"": 114.6, ""durationErr"": 3.7, ""depth"": 15.7, ""depthErr"": 0.7, ""dqi"": 2, ""band"": ""Clear"", ""observer"": ""David Molina"", ""reference"": ""TRESCA"", ""referenceUrl"": ""https://var.astro.cz/en/Transits/5180"", ""note"": ""180\"",bin 1x1,filter clear,6 comparison stars"", ""updatedTime"": 1501256616, ""isPrivate"": false}"
TrES-2 b,1609,2457932.84902,88.4,17.7,4,V,Sean Curry,https://var.astro.cz/api/charts/observation/86759,https://var.astro.cz/api/OcGate/Exoplanets/8,oc_gate_api,107,"{""transId"": 5147, ""obsId"": 86759, ""dataVersion"": 0, ""hjdMid"": 2457932.84902, ""hjdMidReduced"": 57932.84902, ""jdMidErr"": 0.0017, ""epoch"": 1609, ""ocValue"": -0.003451, ""duration"": 88.4, ""durationErr"": 8.2, ""depth"": 17.7, ""depthErr"": 2.1, ""dqi"": 4, ""band"": ""V"", ""observer"": ""Sean Curry"", ""reference"": ""TRESCA"", ""referenceUrl"": ""https://var.astro.cz/en/Transits/5147"", ""note"": ""GENERATED FROM TRANSIT id=5147"", ""updatedTime"": 1499449560, ""isPrivate"": false}"
TrES-2 b,1607,2457927.91217,101.4,11.2,3,Clear,Joe Garlitz,https://var.astro.cz/api/charts/observation/86733,https://var.astro.cz/api/OcGate/Exoplanets/8,oc_gate_api,108,"{""transId"": 5119, ""obsId"": 86733, ""dataVersion"": 0, ""hjdMid"": 2457927.91217, ""hjdMidReduced"": 57927.91217, ""jdMidErr"": 0.00081, ""epoch"": 1607, ""ocValue"": 0.000925, ""duration"": 101.4, ""durationErr"": 3.8, ""depth"": 11.2, ""depthErr"": 0.6, ""dqi"": 3, ""band"": ""Clear"", ""observer"": ""Joe Garlitz"", ""reference"": ""TRESCA"", ""referenceUrl"": ""https://var.astro.cz/en/Transits/5119"", ""note"": ""Comp = ave of 6 stars"", ""updatedTime"": 1498246912, ""isPrivate"": false}"
TrES-2 b,1589,2457883.43912,107.8,18.4,2,R,Alessandro Marchini,https://var.astro.cz/api/charts/observation/86664,https://var.astro.cz/api/OcGate/Exoplanets/8,oc_gate_api,109,"{""transId"": 5050, ""obsId"": 86664, ""dataVersion"": 0, ""hjdMid"": 2457883.43912, ""hjdMidReduced"": 57883.43912, ""jdMidErr"": 0.00082, ""epoch"": 1589, ""ocValue"": -0.001087, ""duration"": 107.8, ""durationErr"": 4.0, ""depth"": 18.4, ""depthErr"": 0.8, ""dqi"": 2, ""band"": ""R"", ""observer"": ""Alessandro Marchini"", ""reference"": ""TRESCA"", ""referenceUrl"": ""https://var.astro.cz/en/Transits/5050"", ""note"": ""Data acquisition and analysis performed by high school students involved in guidance astronomical activities. From Liceo Sarrocchi Siena: L.Cozzani, M.De Crescenzo, L.Donati, D.D_Onofrio, A.Grassia, S.Gullo, F.Nanni, T.Tortoli, G.Vichi; from Liceo Volta Colle VE: C.Aiazzi, V.Barlucchi, S.Beconcini, S.Boschini, C.Carboncini, R.Di Fazio, G.Gerace, B.Gozzi, E.Guerrera, L.Hataj, L.Mourabi, A.Nannetti, M.S.Pansegrau, V.Parenti, A.Porretti, M.Soldani, G.Tanzini, C.Vignolo."", ""updatedTime"": 1494498749, ""isPrivate"": false}"
TrES-2 b,1589,2457883.43396,89.3,15.2,2,Clear,Marc Bretton,https://var.astro.cz/api/charts/observation/86662,https://var.astro.cz/api/OcGate/Exoplanets/8,oc_gate_api,110,"{""transId"": 5048, ""obsId"": 86662, ""dataVersion"": 0, ""hjdMid"": 2457883.43396, ""hjdMidReduced"": 57883.43396, ""jdMidErr"": 0.00092, ""epoch"": 1589, ""ocValue"": -0.006247, ""duration"": 89.3, ""durationErr"": 0.0, ""depth"": 15.2, ""depthErr"": 0.0, ""dqi"": 2, ""band"": ""Clear"", ""observer"": ""Marc Bretton"", ""reference"": ""TRESCA"", ""referenceUrl"": ""https://var.astro.cz/en/Transits/5048"", ""note"": ""120 sec exposure filter clear binning 1x1 defocused and multi comparison stars full moon"", ""updatedTime"": 1494371426, ""isPrivate"": false}"
TrES-2 b,1585,2457873.55758,104.1,15.2,2,Clear,"Š. Gajdoš, J. Šubjak",https://var.astro.cz/api/charts/observation/86650,https://var.astro.cz/api/OcGate/Exoplanets/8,oc_gate_api,111,"{""transId"": 5036, ""obsId"": 86650, ""dataVersion"": 0, ""hjdMid"": 2457873.55758, ""hjdMidReduced"": 57873.55758, ""jdMidErr"": 0.00064, ""epoch"": 1585, ""ocValue"": -0.000174, ""duration"": 104.1, ""durationErr"": 2.6, ""depth"": 15.2, ""depthErr"": 0.0, ""dqi"": 2, ""band"": ""Clear"", ""observer"": ""Š. Gajdoš, J. Šubjak"", ""reference"": ""TRESCA"", ""referenceUrl"": ""https://var.astro.cz/en/Transits/5036"", ""note"": ""exposure15s"", ""updatedTime"": 1493737457, ""isPrivate"": false}"
TrES-2 b,1570,2457836.49436,95.0,16.5,4,Clear,M. Höcherl,https://var.astro.cz/api/charts/observation/86584,https://var.astro.cz/api/OcGate/Exoplanets/8,oc_gate_api,112,"{""transId"": 4968, ""obsId"": 86584, ""dataVersion"": 0, ""hjdMid"": 2457836.49436, ""hjdMidReduced"": 57836.49436, ""jdMidErr"": 0.00274, ""epoch"": 1570, ""ocValue"": -0.004195, ""duration"": 95.0, ""durationErr"": 13.3, ""depth"": 16.5, ""depthErr"": 2.7, ""dqi"": 4, ""band"": ""Clear"", ""observer"": ""M. Höcherl"", ""reference"": ""TRESCA"", ""referenceUrl"": ""https://var.astro.cz/en/Transits/4968"", ""note"": ""GENERATED FROM TRANSIT id=4968"", ""updatedTime"": 1490380885, ""isPrivate"": false}"
TrES-2 b,1515,2457700.61346,90.5,15.8,3,Clear,Robert Majewski,https://var.astro.cz/api/charts/observation/86359,https://var.astro.cz/api/OcGate/Exoplanets/8,oc_gate_api,113,"{""transId"": 4738, ""obsId"": 86359, ""dataVersion"": 0, ""hjdMid"": 2457700.61346, ""hjdMidReduced"": 57700.61346, ""jdMidErr"": 0.00086, ""epoch"": 1515, ""ocValue"": -0.001368, ""duration"": 90.5, ""durationErr"": 4.0, ""depth"": 15.8, ""depthErr"": 1.1, ""dqi"": 3, ""band"": ""Clear"", ""observer"": ""Robert Majewski"", ""reference"": ""TRESCA"", ""referenceUrl"": ""https://var.astro.cz/en/Transits/4738"", ""note"": ""Spectral band 400-1000 nm.  Average of 2 1 minute exposures."", ""updatedTime"": 1478626428, ""isPrivate"": false}"
TrES-2 b,1508,2457683.32046,104.3,16.5,1,Clear,Marc Bretton,https://var.astro.cz/api/charts/observation/86333,https://var.astro.cz/api/OcGate/Exoplanets/8,oc_gate_api,114,"{""transId"": 4708, ""obsId"": 86333, ""dataVersion"": 0, ""hjdMid"": 2457683.32046, ""hjdMidReduced"": 57683.32046, ""jdMidErr"": 0.00044, ""epoch"": 1508, ""ocValue"": -7.6e-05, ""duration"": 104.3, ""durationErr"": 2.0, ""depth"": 16.5, ""depthErr"": 0.4, ""dqi"": 1, ""band"": ""Clear"", ""observer"": ""Marc Bretton"", ""reference"": ""TRESCA"", ""referenceUrl"": ""https://var.astro.cz/en/Transits/4708"", ""note"": ""120 sec exposure filter clear binning 1x1 defoccused and multi comparison stars"", ""updatedTime"": 1477085007, ""isPrivate"": false}"
TrES-2 b,1508,2457683.32029,107.9,14.5,1,Clear,Marc Bretton,https://var.astro.cz/api/charts/observation/86224,https://var.astro.cz/api/OcGate/Exoplanets/8,oc_gate_api,115,"{""transId"": 4595, ""obsId"": 86224, ""dataVersion"": 0, ""hjdMid"": 2457683.32029, ""hjdMidReduced"": 57683.32029, ""jdMidErr"": 0.00035, ""epoch"": 1508, ""ocValue"": -0.000246, ""duration"": 107.9, ""durationErr"": 1.6, ""depth"": 14.5, ""depthErr"": 0.3, ""dqi"": 1, ""band"": ""Clear"", ""observer"": ""Marc Bretton"", ""reference"": ""TRESCA"", ""referenceUrl"": ""https://var.astro.cz/en/Transits/4595"", ""note"": ""60 sec exposure filter LNIR binning 1x1 defoccused and multi comparison stars"", ""updatedTime"": 1472851819, ""isPrivate"": false}"
TrES-2 b,1508,2457683.32029,107.9,14.5,1,Clear,Marc Bretton,https://var.astro.cz/api/charts/observation/86334,https://var.astro.cz/api/OcGate/Exoplanets/8,oc_gate_api,116,"{""transId"": 4709, ""obsId"": 86334, ""dataVersion"": 0, ""hjdMid"": 2457683.32029, ""hjdMidReduced"": 57683.32029, ""jdMidErr"": 0.00035, ""epoch"": 1508, ""ocValue"": -0.000246, ""duration"": 107.9, ""durationErr"": 1.6, ""depth"": 14.5, ""depthErr"": 0.3, ""dqi"": 1, ""band"": ""Clear"", ""observer"": ""Marc Bretton"", ""reference"": ""TRESCA"", ""referenceUrl"": ""https://var.astro.cz/en/Transits/4709"", ""note"": ""60 sec exposure filter LNIR binning 1x1 defocussed and multi comparison stars"", ""updatedTime"": 1477086072, ""isPrivate"": false}"
TrES-2 b,1506,2457678.37936,82.8,19.1,4,Clear,Pavel Pintr,https://var.astro.cz/api/charts/observation/32261,https://var.astro.cz/api/OcGate/Exoplanets/8,oc_gate_api,117,"{""transId"": 4705, ""obsId"": 32261, ""dataVersion"": 0, ""hjdMid"": 2457678.37936, ""hjdMidReduced"": 57678.37936, ""jdMidErr"": 0.0, ""epoch"": 1506, ""ocValue"": 5.1e-05, ""duration"": 82.8, ""durationErr"": 11.7, ""depth"": 19.1, ""depthErr"": 4.1, ""dqi"": 4, ""band"": ""Clear"", ""observer"": ""Pavel Pintr"", ""reference"": ""TRESCA"", ""referenceUrl"": ""https://var.astro.cz/en/Transits/4705"", ""note"": """", ""updatedTime"": 1476727552, ""isPrivate"": false}"
TrES-2 b,1487,2457631.43625,107.8,15.6,2,Clear,David Molina,https://var.astro.cz/api/charts/observation/86217,https://var.astro.cz/api/OcGate/Exoplanets/8,oc_gate_api,118,"{""transId"": 4587, ""obsId"": 86217, ""dataVersion"": 0, ""hjdMid"": 2457631.43625, ""hjdMidReduced"": 57631.43625, ""jdMidErr"": 0.00064, ""epoch"": 1487, ""ocValue"": -0.001408, ""duration"": 107.8, ""durationErr"": 2.9, ""depth"": 15.6, ""depthErr"": 0.6, ""dqi"": 2, ""band"": ""Clear"", ""observer"": ""David Molina"", ""reference"": ""TRESCA"", ""referenceUrl"": ""https://var.astro.cz/en/Transits/4587"", ""note"": ""120\"",bin 1x1,filter clear,5 comparison stars"", ""updatedTime"": 1472657778, ""isPrivate"": false}"
TrES-2 b,1485,2457626.49538,103.0,16.8,3,Clear,"Martin Mašek, Petr Mrňák",https://var.astro.cz/api/charts/observation/86521,https://var.astro.cz/api/OcGate/Exoplanets/8,oc_gate_api,119,"{""transId"": 4903, ""obsId"": 86521, ""dataVersion"": 0, ""hjdMid"": 2457626.49538, ""hjdMidReduced"": 57626.49538, ""jdMidErr"": 0.00091, ""epoch"": 1485, ""ocValue"": -0.001052, ""duration"": 103.0, ""durationErr"": 4.3, ""depth"": 16.8, ""depthErr"": 0.9, ""dqi"": 3, ""band"": ""Clear"", ""observer"": ""Martin Mašek, Petr Mrňák"", ""reference"": ""TRESCA"", ""referenceUrl"": ""https://var.astro.cz/en/Transits/4903"", ""note"": ""Light curve made from 6 light curves according to 6 comparison stars.\r\n\r\nPozorováno vzdáleně se sekčním setem (umístěn ve Znojmě u Radka Dřevěného) v rámci letního praktika pro pozorovatele proměnných hvězd."", ""updatedTime"": 1486507995, ""isPrivate"": false}"
TrES-2 b,1485,2457626.49483,100.1,15.3,2,Clear,David Molina,https://var.astro.cz/api/charts/observation/86205,https://var.astro.cz/api/OcGate/Exoplanets/8,oc_gate_api,120,"{""transId"": 4575, ""obsId"": 86205, ""dataVersion"": 0, ""hjdMid"": 2457626.49483, ""hjdMidReduced"": 57626.49483, ""jdMidErr"": 0.00065, ""epoch"": 1485, ""ocValue"": -0.001602, ""duration"": 100.1, ""durationErr"": 3.0, ""depth"": 15.3, ""depthErr"": 0.6, ""dqi"": 2, ""band"": ""Clear"", ""observer"": ""David Molina"", ""reference"": ""TRESCA"", ""referenceUrl"": ""https://var.astro.cz/en/Transits/4575"", ""note"": ""180\"",bin 1x1,filter clear,5 comparison stars"", ""updatedTime"": 1472222588, ""isPrivate"": false}"
TrES-2 b,1470,2457589.43828,101.7,13.7,2,Clear,Marc Bretton,https://var.astro.cz/api/charts/observation/86121,https://var.astro.cz/api/OcGate/Exoplanets/8,oc_gate_api,121,"{""transId"": 4487, ""obsId"": 86121, ""dataVersion"": 0, ""hjdMid"": 2457589.43828, ""hjdMidReduced"": 57589.43828, ""jdMidErr"": 0.00056, ""epoch"": 1470, ""ocValue"": 0.001047, ""duration"": 101.7, ""durationErr"": 2.5, ""depth"": 13.7, ""depthErr"": 0.5, ""dqi"": 2, ""band"": ""Clear"", ""observer"": ""Marc Bretton"", ""reference"": ""TRESCA"", ""referenceUrl"": ""https://var.astro.cz/en/Transits/4487"", ""note"": ""120 sec exposure filter clear binning 1x1 defocussed and multi comparisons stars"", ""updatedTime"": 1468972930, ""isPrivate"": false}"
TrES-2 b,1468,2457584.49458,99.0,15.9,3,Clear,David Molina,https://var.astro.cz/api/charts/observation/86108,https://var.astro.cz/api/OcGate/Exoplanets/8,oc_gate_api,122,"{""transId"": 4474, ""obsId"": 86108, ""dataVersion"": 0, ""hjdMid"": 2457584.49458, ""hjdMidReduced"": 57584.49458, ""jdMidErr"": 0.00085, ""epoch"": 1468, ""ocValue"": -0.001427, ""duration"": 99.0, ""durationErr"": 4.0, ""depth"": 15.9, ""depthErr"": 0.8, ""dqi"": 3, ""band"": ""Clear"", ""observer"": ""David Molina"", ""reference"": ""TRESCA"", ""referenceUrl"": ""https://var.astro.cz/en/Transits/4474"", ""note"": ""180\"",bin 1x1,filter clear,5 comparison stars"", ""updatedTime"": 1468645315, ""isPrivate"": false}"
TrES-2 b,1466,2457579.55451,112.4,14.2,3,Clear,David Molina,https://var.astro.cz/api/charts/observation/86105,https://var.astro.cz/api/OcGate/Exoplanets/8,oc_gate_api,123,"{""transId"": 4471, ""obsId"": 86105, ""dataVersion"": 0, ""hjdMid"": 2457579.55451, ""hjdMidReduced"": 57579.55451, ""jdMidErr"": 0.00087, ""epoch"": 1466, ""ocValue"": -0.000271, ""duration"": 112.4, ""durationErr"": 4.1, ""depth"": 14.2, ""depthErr"": 0.7, ""dqi"": 3, ""band"": ""Clear"", ""observer"": ""David Molina"", ""reference"": ""TRESCA"", ""referenceUrl"": ""https://var.astro.cz/en/Transits/4471"", ""note"": ""180\"",bin 1x1,filter clear,5 comparison stars"", ""updatedTime"": 1468344414, ""isPrivate"": false}"
TrES-2 b,1453,2457547.4469,43.4,5.1,4,Clear,Rafael Castillo,https://var.astro.cz/api/charts/observation/86047,https://var.astro.cz/api/OcGate/Exoplanets/8,oc_gate_api,124,"{""transId"": 4413, ""obsId"": 86047, ""dataVersion"": 0, ""hjdMid"": 2457547.4469, ""hjdMidReduced"": 57547.4469, ""jdMidErr"": 0.00156, ""epoch"": 1453, ""ocValue"": 0.010091, ""duration"": 43.4, ""durationErr"": 6.1, ""depth"": 5.1, ""depthErr"": 1.2, ""dqi"": 4, ""band"": ""Clear"", ""observer"": ""Rafael Castillo"", ""reference"": ""TRESCA"", ""referenceUrl"": ""https://var.astro.cz/en/Transits/4413"", ""note"": ""Transit started - descent curve is not calculated"", ""updatedTime"": 1465561346, ""isPrivate"": false}"
TrES-2 b,1453,2457547.43767,107.8,18.3,3,R,Marc Bretton,https://var.astro.cz/api/charts/observation/86039,https://var.astro.cz/api/OcGate/Exoplanets/8,oc_gate_api,125,"{""transId"": 4405, ""obsId"": 86039, ""dataVersion"": 0, ""hjdMid"": 2457547.43767, ""hjdMidReduced"": 57547.43767, ""jdMidErr"": 0.0012, ""epoch"": 1453, ""ocValue"": 0.000861, ""duration"": 107.8, ""durationErr"": 5.2, ""depth"": 18.3, ""depthErr"": 1.2, ""dqi"": 3, ""band"": ""R"", ""observer"": ""Marc Bretton"", ""reference"": ""TRESCA"", ""referenceUrl"": ""https://var.astro.cz/en/Transits/4405"", ""note"": ""60 sec exposure filter Red binning 1x1 no moon defocussed and multi comparison stars"", ""updatedTime"": 1465363392, ""isPrivate"": false}"
TrES-2 b,1419,2457463.43644,112.0,15.3,3,Clear,Veli-Pekka Hentunen,https://var.astro.cz/api/charts/observation/85917,https://var.astro.cz/api/OcGate/Exoplanets/8,oc_gate_api,126,"{""transId"": 4278, ""obsId"": 85917, ""dataVersion"": 0, ""hjdMid"": 2457463.43644, ""hjdMidReduced"": 57463.43644, ""jdMidErr"": 0.00096, ""epoch"": 1419, ""ocValue"": 0.000481, ""duration"": 112.0, ""durationErr"": 4.3, ""depth"": 15.3, ""depthErr"": 0.9, ""dqi"": 3, ""band"": ""Clear"", ""observer"": ""Veli-Pekka Hentunen"", ""reference"": ""TRESCA"", ""referenceUrl"": ""https://var.astro.cz/en/Transits/4278"", ""note"": ""133 unfiltered images, 11 comparison stars, half moon, northern lights"", ""updatedTime"": 1458106361, ""isPrivate"": false}"
TrES-2 b,1351,2457295.43331,91.4,13.8,3,Clear,Marc Bretton,https://var.astro.cz/api/charts/observation/85686,https://var.astro.cz/api/OcGate/Exoplanets/8,oc_gate_api,127,"{""transId"": 4040, ""obsId"": 85686, ""dataVersion"": 0, ""hjdMid"": 2457295.43331, ""hjdMidReduced"": 57295.43331, ""jdMidErr"": 0.00121, ""epoch"": 1351, ""ocValue"": -0.00095, ""duration"": 91.4, ""durationErr"": 5.1, ""depth"": 13.8, ""depthErr"": 1.2, ""dqi"": 3, ""band"": ""Clear"", ""observer"": ""Marc Bretton"", ""reference"": ""TRESCA"", ""referenceUrl"": ""https://var.astro.cz/en/Transits/4040"", ""note"": ""120 sec exposure filter clear binning 1x1 full moon defocus  multi comparison stars"", ""updatedTime"": 1443569900, ""isPrivate"": false}"
TrES-2 b,1338,2457263.31544,114.6,17.7,2,Clear,Giuseppe Marino,https://var.astro.cz/api/charts/observation/85614,https://var.astro.cz/api/OcGate/Exoplanets/8,oc_gate_api,128,"{""transId"": 3968, ""obsId"": 85614, ""dataVersion"": 0, ""hjdMid"": 2457263.31544, ""hjdMidReduced"": 57263.31544, ""jdMidErr"": 0.00065, ""epoch"": 1338, ""ocValue"": -0.000848, ""duration"": 114.6, ""durationErr"": 3.1, ""depth"": 17.7, ""depthErr"": 0.7, ""dqi"": 2, ""band"": ""Clear"", ""observer"": ""Giuseppe Marino"", ""reference"": ""TRESCA"", ""referenceUrl"": ""https://var.astro.cz/en/Transits/3968"", ""note"": ""CCD Temp: -13 °C; binning 1; Exp. 100 s; FWHM: 4.5 pixel; FULL MOON."", ""updatedTime"": 1440842158, ""isPrivate"": false}"
TrES-2 b,1336,2457258.3767,99.7,18.7,1,Clear,"Erika Pakstiene, Rimvydas Janulis",https://var.astro.cz/api/charts/observation/85610,https://var.astro.cz/api/OcGate/Exoplanets/8,oc_gate_api,129,"{""transId"": 3964, ""obsId"": 85610, ""dataVersion"": 0, ""hjdMid"": 2457258.3767, ""hjdMidReduced"": 57258.3767, ""jdMidErr"": 0.00019, ""epoch"": 1336, ""ocValue"": 0.001638, ""duration"": 99.7, ""durationErr"": 0.9, ""depth"": 18.7, ""depthErr"": 0.2, ""dqi"": 1, ""band"": ""Clear"", ""observer"": ""Erika Pakstiene, Rimvydas Janulis"", ""reference"": ""TRESCA"", ""referenceUrl"": ""https://var.astro.cz/en/Transits/3964"", ""note"": ""GENERATED FROM TRANSIT id=3964"", ""updatedTime"": 1440769822, ""isPrivate"": false}"
TrES-2 b,1336,2457258.37343,117.5,17.6,2,Clear,Giuseppe Marino,https://var.astro.cz/api/charts/observation/85600,https://var.astro.cz/api/OcGate/Exoplanets/8,oc_gate_api,130,"{""transId"": 3954, ""obsId"": 85600, ""dataVersion"": 0, ""hjdMid"": 2457258.37343, ""hjdMidReduced"": 57258.37343, ""jdMidErr"": 0.00059, ""epoch"": 1336, ""ocValue"": -0.001632, ""duration"": 117.5, ""durationErr"": 2.8, ""depth"": 17.6, ""depthErr"": 0.5, ""dqi"": 2, ""band"": ""Clear"", ""observer"": ""Giuseppe Marino"", ""reference"": ""TRESCA"", ""referenceUrl"": ""https://var.astro.cz/en/Transits/3954"", ""note"": ""Exp. time: 100s\r\nBinning 1\r\nVolcanic emission in the sky (Etna)"", ""updatedTime"": 1440497750, ""isPrivate"": false}"
TrES-2 b,1334,2457253.43506,109.0,16.1,2,Clear,Marc Bretton,https://var.astro.cz/api/charts/observation/85580,https://var.astro.cz/api/OcGate/Exoplanets/8,oc_gate_api,131,"{""transId"": 3934, ""obsId"": 85580, ""dataVersion"": 0, ""hjdMid"": 2457253.43506, ""hjdMidReduced"": 57253.43506, ""jdMidErr"": 0.00074, ""epoch"": 1334, ""ocValue"": 0.001225, ""duration"": 109.0, ""durationErr"": 3.4, ""depth"": 16.1, ""depthErr"": 0.8, ""dqi"": 2, ""band"": ""Clear"", ""observer"": ""Marc Bretton"", ""reference"": ""TRESCA"", ""referenceUrl"": ""https://var.astro.cz/en/Transits/3934"", ""note"": ""60 sec exposure binning 1x1 defocus filter clear multi comparison stars"", ""updatedTime"": 1439946848, ""isPrivate"": false}"
TrES-2 b,1334,2457253.43347,110.2,14.2,3,Clear,Luca Rizzuti,https://var.astro.cz/api/charts/observation/85585,https://var.astro.cz/api/OcGate/Exoplanets/8,oc_gate_api,132,"{""transId"": 3939, ""obsId"": 85585, ""dataVersion"": 0, ""hjdMid"": 2457253.43347, ""hjdMidReduced"": 57253.43347, ""jdMidErr"": 0.00092, ""epoch"": 1334, ""ocValue"": -0.000365, ""duration"": 110.2, ""durationErr"": 4.4, ""depth"": 14.2, ""depthErr"": 0.8, ""dqi"": 3, ""band"": ""Clear"", ""observer"": ""Luca Rizzuti"", ""reference"": ""TRESCA"", ""referenceUrl"": ""https://var.astro.cz/en/Transits/3939"", ""note"": ""0.33 Meade reducer used, 3.7 F ratio.\r\n3 min exposure."", ""updatedTime"": 1440087593, ""isPrivate"": false}"
TrES-2 b,1332,2457248.49514,100.9,14.7,3,V,Ferran Grau Horta,https://var.astro.cz/api/charts/observation/85582,https://var.astro.cz/api/OcGate/Exoplanets/8,oc_gate_api,133,"{""transId"": 3936, ""obsId"": 85582, ""dataVersion"": 0, ""hjdMid"": 2457248.49514, ""hjdMidReduced"": 57248.49514, ""jdMidErr"": 0.00127, ""epoch"": 1332, ""ocValue"": 0.002531, ""duration"": 100.9, ""durationErr"": 5.9, ""depth"": 14.7, ""depthErr"": 1.1, ""dqi"": 3, ""band"": ""V"", ""observer"": ""Ferran Grau Horta"", ""reference"": ""TRESCA"", ""referenceUrl"": ""https://var.astro.cz/en/Transits/3936"", ""note"": ""GENERATED FROM TRANSIT id=3936"", ""updatedTime"": 1440013144, ""isPrivate"": false}"
TrES-2 b,1330,2457243.55148,112.4,10.9,3,R,"F. Martinelli, M. Monaci",https://var.astro.cz/api/charts/observation/85568,https://var.astro.cz/api/OcGate/Exoplanets/8,oc_gate_api,134,"{""transId"": 3922, ""obsId"": 85568, ""dataVersion"": 0, ""hjdMid"": 2457243.55148, ""hjdMidReduced"": 57243.55148, ""jdMidErr"": 0.00199, ""epoch"": 1330, ""ocValue"": 9.7e-05, ""duration"": 112.4, ""durationErr"": 9.2, ""depth"": 10.9, ""depthErr"": 1.6, ""dqi"": 3, ""band"": ""R"", ""observer"": ""F. Martinelli, M. Monaci"", ""reference"": ""TRESCA"", ""referenceUrl"": ""https://var.astro.cz/en/Transits/3922"", ""note"": ""GENERATED FROM TRANSIT id=3922"", ""updatedTime"": 1439397885, ""isPrivate"": false}"
TrES-2 b,1328,2457238.60733,83.3,14.7,3,Clear,Dennis Conti,https://var.astro.cz/api/charts/observation/85557,https://var.astro.cz/api/OcGate/Exoplanets/8,oc_gate_api,135,"{""transId"": 3909, ""obsId"": 85557, ""dataVersion"": 0, ""hjdMid"": 2457238.60733, ""hjdMidReduced"": 57238.60733, ""jdMidErr"": 0.00141, ""epoch"": 1328, ""ocValue"": -0.002826, ""duration"": 83.3, ""durationErr"": 6.0, ""depth"": 14.7, ""depthErr"": 1.6, ""dqi"": 3, ""band"": ""Clear"", ""observer"": ""Dennis Conti"", ""reference"": ""TRESCA"", ""referenceUrl"": ""https://var.astro.cz/en/Transits/3909"", ""note"": ""GENERATED FROM TRANSIT id=3909"", ""updatedTime"": 1438735287, ""isPrivate"": false}"
TrES-2 b,1324,2457228.72752,102.5,13.9,2,Clear,Stan Shadick,https://var.astro.cz/api/charts/observation/85540,https://var.astro.cz/api/OcGate/Exoplanets/8,oc_gate_api,136,"{""transId"": 3892, ""obsId"": 85540, ""dataVersion"": 0, ""hjdMid"": 2457228.72752, ""hjdMidReduced"": 57228.72752, ""jdMidErr"": 0.00061, ""epoch"": 1324, ""ocValue"": -0.000183, ""duration"": 102.5, ""durationErr"": 3.1, ""depth"": 13.9, ""depthErr"": 0.7, ""dqi"": 2, ""band"": ""Clear"", ""observer"": ""Stan Shadick"", ""reference"": ""TRESCA"", ""referenceUrl"": ""https://var.astro.cz/en/Transits/3892"", ""note"": ""cbb (clear, blue-blocking) filter.\r\nProcessed with artificial star at 7x5x10 at binning 2.\r\nUsed only reference stars C1-C6, C8, C10-C13.\r\nPier 5."", ""updatedTime"": 1437878139, ""isPrivate"": false}"
TrES-2 b,1319,2457216.37442,111.0,18.6,3,R,A. Marino,https://var.astro.cz/api/charts/observation/85518,https://var.astro.cz/api/OcGate/Exoplanets/8,oc_gate_api,137,"{""transId"": 3869, ""obsId"": 85518, ""dataVersion"": 0, ""hjdMid"": 2457216.37442, ""hjdMidReduced"": 57216.37442, ""jdMidErr"": 0.0013, ""epoch"": 1319, ""ocValue"": -0.000217, ""duration"": 111.0, ""durationErr"": 6.2, ""depth"": 18.6, ""depthErr"": 1.4, ""dqi"": 3, ""band"": ""R"", ""observer"": ""A. Marino"", ""reference"": ""TRESCA"", ""referenceUrl"": ""https://var.astro.cz/en/Transits/3869"", ""note"": ""Unione Astrofili Napoletani: A.Marino, A.Tomacelli, D.D'Ambrosio, S.Cristiano, S.De Martino"", ""updatedTime"": 1436801457, ""isPrivate"": false}"
TrES-2 b,1317,2457211.43383,89.3,15.2,2,Clear,AAAV Astrofili Valdera,https://var.astro.cz/api/charts/observation/85506,https://var.astro.cz/api/OcGate/Exoplanets/8,oc_gate_api,138,"{""transId"": 3857, ""obsId"": 85506, ""dataVersion"": 0, ""hjdMid"": 2457211.43383, ""hjdMidReduced"": 57211.43383, ""jdMidErr"": 0.0, ""epoch"": 1317, ""ocValue"": 0.000419, ""duration"": 89.3, ""durationErr"": 0.0, ""depth"": 15.2, ""depthErr"": 0.0, ""dqi"": 2, ""band"": ""Clear"", ""observer"": ""AAAV Astrofili Valdera"", ""reference"": ""TRESCA"", ""referenceUrl"": ""https://var.astro.cz/en/Transits/3857"", ""note"": ""AAAV-Ass.ne Astrofili Alta Valdera\r\n(www.astrofilialtavaldera.it)\r\nObservers: Flavia Casini, Maurizio Feraboli, Dario Ciurli and Alberto Villa. Clear sky."", ""updatedTime"": 1436622163, ""isPrivate"": false}"
TrES-2 b,1317,2457211.43346,96.9,16.9,2,Clear,Marc Bretton,https://var.astro.cz/api/charts/observation/85500,https://var.astro.cz/api/OcGate/Exoplanets/8,oc_gate_api,139,"{""transId"": 3851, ""obsId"": 85500, ""dataVersion"": 0, ""hjdMid"": 2457211.43346, ""hjdMidReduced"": 57211.43346, ""jdMidErr"": 0.00093, ""epoch"": 1317, ""ocValue"": 4.9e-05, ""duration"": 96.9, ""durationErr"": 4.2, ""depth"": 16.9, ""depthErr"": 1.0, ""dqi"": 2, ""band"": ""Clear"", ""observer"": ""Marc Bretton"", ""reference"": ""TRESCA"", ""referenceUrl"": ""https://var.astro.cz/en/Transits/3851"", ""note"": ""180 sec exposure filter clear binning 1x1 defocus multi comparison stars"", ""updatedTime"": 1436312757, ""isPrivate"": false}"
TrES-2 b,1313,2457201.55023,107.1,14.1,3,Clear,David Molina,https://var.astro.cz/api/charts/observation/85486,https://var.astro.cz/api/OcGate/Exoplanets/8,oc_gate_api,140,"{""transId"": 3837, ""obsId"": 85486, ""dataVersion"": 0, ""hjdMid"": 2457201.55023, ""hjdMidReduced"": 57201.55023, ""jdMidErr"": 0.00088, ""epoch"": 1313, ""ocValue"": -0.000728, ""duration"": 107.1, ""durationErr"": 4.1, ""depth"": 14.1, ""depthErr"": 0.7, ""dqi"": 3, ""band"": ""Clear"", ""observer"": ""David Molina"", ""reference"": ""TRESCA"", ""referenceUrl"": ""https://var.astro.cz/en/Transits/3837"", ""note"": ""120\"""", ""updatedTime"": 1435478240, ""isPrivate"": false}"
TrES-2 b,1304,2457179.31448,114.0,15.0,3,V,Yenal Ogmen,https://var.astro.cz/api/charts/observation/85456,https://var.astro.cz/api/OcGate/Exoplanets/8,oc_gate_api,141,"{""transId"": 3807, ""obsId"": 85456, ""dataVersion"": 0, ""hjdMid"": 2457179.31448, ""hjdMidReduced"": 57179.31448, ""jdMidErr"": 0.00125, ""epoch"": 1304, ""ocValue"": -0.000959, ""duration"": 114.0, ""durationErr"": 5.5, ""depth"": 15.0, ""depthErr"": 1.0, ""dqi"": 3, ""band"": ""V"", ""observer"": ""Yenal Ogmen"", ""reference"": ""TRESCA"", ""referenceUrl"": ""https://var.astro.cz/en/Transits/3807"", ""note"": ""GENERATED FROM TRANSIT id=3807"", ""updatedTime"": 1433578832, ""isPrivate"": false}"
TrES-2 b,1302,2457174.37515,96.7,15.8,2,V,Marc Bretton,https://var.astro.cz/api/charts/observation/85442,https://var.astro.cz/api/OcGate/Exoplanets/8,oc_gate_api,142,"{""transId"": 3793, ""obsId"": 85442, ""dataVersion"": 0, ""hjdMid"": 2457174.37515, ""hjdMidReduced"": 57174.37515, ""jdMidErr"": 0.00072, ""epoch"": 1302, ""ocValue"": 0.000938, ""duration"": 96.7, ""durationErr"": 3.0, ""depth"": 15.8, ""depthErr"": 0.7, ""dqi"": 2, ""band"": ""V"", ""observer"": ""Marc Bretton"", ""reference"": ""TRESCA"", ""referenceUrl"": ""https://var.astro.cz/en/Transits/3793"", ""note"": ""60 sec exposure filter V binning 1x1 seeing 3 arcsecs multi comparison stars"", ""updatedTime"": 1433110617, ""isPrivate"": false}"
TrES-2 b,1302,2457174.37414,93.1,14.6,3,Clear,Marc Bretton,https://var.astro.cz/api/charts/observation/85441,https://var.astro.cz/api/OcGate/Exoplanets/8,oc_gate_api,143,"{""transId"": 3792, ""obsId"": 85441, ""dataVersion"": 0, ""hjdMid"": 2457174.37414, ""hjdMidReduced"": 57174.37414, ""jdMidErr"": 0.00122, ""epoch"": 1302, ""ocValue"": -7.2e-05, ""duration"": 93.1, ""durationErr"": 4.9, ""depth"": 14.6, ""depthErr"": 1.3, ""dqi"": 3, ""band"": ""Clear"", ""observer"": ""Marc Bretton"", ""reference"": ""TRESCA"", ""referenceUrl"": ""https://var.astro.cz/en/Transits/3792"", ""note"": ""60 sec exposure binning 1x1 filter clear seering 3 arcsecs multi comparison stars"", ""updatedTime"": 1433110471, ""isPrivate"": false}"
TrES-2 b,1302,2457174.37093,88.4,15.1,4,R,"A.Marino, A.Tomacelli.",https://var.astro.cz/api/charts/observation/85444,https://var.astro.cz/api/OcGate/Exoplanets/8,oc_gate_api,144,"{""transId"": 3795, ""obsId"": 85444, ""dataVersion"": 0, ""hjdMid"": 2457174.37093, ""hjdMidReduced"": 57174.37093, ""jdMidErr"": 0.00261, ""epoch"": 1302, ""ocValue"": -0.003282, ""duration"": 88.4, ""durationErr"": 11.5, ""depth"": 15.1, ""depthErr"": 2.4, ""dqi"": 4, ""band"": ""R"", ""observer"": ""A.Marino, A.Tomacelli."", ""reference"": ""TRESCA"", ""referenceUrl"": ""https://var.astro.cz/en/Transits/3795"", ""note"": ""Unione Astrofili Napoletani: A.Marino, A. Tomacelli, D.D'Ambrosio, V.Starace, S.Cristiano."", ""updatedTime"": 1433146587, ""isPrivate"": false}"
TrES-2 b,1296,2457159.55265,96.1,12.2,3,Clear,Marc Bretton,https://var.astro.cz/api/charts/observation/85407,https://var.astro.cz/api/OcGate/Exoplanets/8,oc_gate_api,145,"{""transId"": 3758, ""obsId"": 85407, ""dataVersion"": 0, ""hjdMid"": 2457159.55265, ""hjdMidReduced"": 57159.55265, ""jdMidErr"": 0.00102, ""epoch"": 1296, ""ocValue"": 0.002117, ""duration"": 96.1, ""durationErr"": 4.6, ""depth"": 12.2, ""depthErr"": 0.9, ""dqi"": 3, ""band"": ""Clear"", ""observer"": ""Marc Bretton"", ""reference"": ""TRESCA"", ""referenceUrl"": ""https://var.astro.cz/en/Transits/3758"", ""note"": ""30 sec exposure filter Clear binning 2x2\r\nseeing 5 to 6 arcesc multi comparison stars"", ""updatedTime"": 1431855166, ""isPrivate"": false}"
TrES-2 b,1296,2457159.5524,102.5,15.0,1,Clear,Juanjo Gonzalez,https://var.astro.cz/api/charts/observation/85408,https://var.astro.cz/api/OcGate/Exoplanets/8,oc_gate_api,146,"{""transId"": 3759, ""obsId"": 85408, ""dataVersion"": 0, ""hjdMid"": 2457159.5524, ""hjdMidReduced"": 57159.5524, ""jdMidErr"": 0.00045, ""epoch"": 1296, ""ocValue"": 0.001867, ""duration"": 102.5, ""durationErr"": 2.1, ""depth"": 15.0, ""depthErr"": 0.4, ""dqi"": 1, ""band"": ""Clear"", ""observer"": ""Juanjo Gonzalez"", ""reference"": ""TRESCA"", ""referenceUrl"": ""https://var.astro.cz/en/Transits/3759"", ""note"": ""120 sec, binning 1x1, no filters"", ""updatedTime"": 1431881069, ""isPrivate"": false}"
TrES-2 b,1284,2457129.90213,104.7,14.7,3,Clear,Stan Shadick,https://var.astro.cz/api/charts/observation/85373,https://var.astro.cz/api/OcGate/Exoplanets/8,oc_gate_api,147,"{""transId"": 3721, ""obsId"": 85373, ""dataVersion"": 0, ""hjdMid"": 2457129.90213, ""hjdMidReduced"": 57129.90213, ""jdMidErr"": 0.00064, ""epoch"": 1284, ""ocValue"": -0.001044, ""duration"": 104.7, ""durationErr"": 3.0, ""depth"": 14.7, ""depthErr"": 0.6, ""dqi"": 3, ""band"": ""Clear"", ""observer"": ""Stan Shadick"", ""reference"": ""TRESCA"", ""referenceUrl"": ""https://var.astro.cz/en/Transits/3721"", ""note"": ""CBB filter.\r\nProcessed with artificial star at 8x5x10 at binning 2.\r\nUsed only reference stars C1-C5, C9-C13.\r\nPier 5."", ""updatedTime"": 1429476763, ""isPrivate"": false}"
TrES-2 b,1260,2457070.60714,110.1,15.1,1,Clear,Veli-Pekka Hentunen,https://var.astro.cz/api/charts/observation/85275,https://var.astro.cz/api/OcGate/Exoplanets/8,oc_gate_api,148,"{""transId"": 3612, ""obsId"": 85275, ""dataVersion"": 0, ""hjdMid"": 2457070.60714, ""hjdMidReduced"": 57070.60714, ""jdMidErr"": 0.0005, ""epoch"": 1260, ""ocValue"": -0.001317, ""duration"": 110.1, ""durationErr"": 2.2, ""depth"": 15.1, ""depthErr"": 0.4, ""dqi"": 1, ""band"": ""Clear"", ""observer"": ""Veli-Pekka Hentunen"", ""reference"": ""TRESCA"", ""referenceUrl"": ""https://var.astro.cz/en/Transits/3612"", ""note"": ""128 unfiltered images, 60 sec exposures, 11 comparison stars"", ""updatedTime"": 1424184101, ""isPrivate"": false}"
TrES-2 b,1238,2457016.25599,104.7,16.1,2,V,Marc Bretton,https://var.astro.cz/api/charts/observation/85193,https://var.astro.cz/api/OcGate/Exoplanets/8,oc_gate_api,149,"{""transId"": 3530, ""obsId"": 85193, ""dataVersion"": 0, ""hjdMid"": 2457016.25599, ""hjdMidReduced"": 57016.25599, ""jdMidErr"": 0.00064, ""epoch"": 1238, ""ocValue"": 0.001024, ""duration"": 104.7, ""durationErr"": 3.0, ""depth"": 16.1, ""depthErr"": 0.6, ""dqi"": 2, ""band"": ""V"", ""observer"": ""Marc Bretton"", ""reference"": ""TRESCA"", ""referenceUrl"": ""https://var.astro.cz/en/Transits/3530"", ""note"": ""Filter V 60 sec exposure binning 2x2"", ""updatedTime"": 1419451489, ""isPrivate"": false}"
TrES-2 b,1236,2457011.30981,96.4,15.3,3,R,Marc Bretton,https://var.astro.cz/api/charts/observation/85166,https://var.astro.cz/api/OcGate/Exoplanets/8,oc_gate_api,150,"{""transId"": 3503, ""obsId"": 85166, ""dataVersion"": 0, ""hjdMid"": 2457011.30981, ""hjdMidReduced"": 57011.30981, ""jdMidErr"": 0.00093, ""epoch"": 1236, ""ocValue"": -0.00393, ""duration"": 96.4, ""durationErr"": 4.2, ""depth"": 15.3, ""depthErr"": 0.9, ""dqi"": 3, ""band"": ""R"", ""observer"": ""Marc Bretton"", ""reference"": ""TRESCA"", ""referenceUrl"": ""https://var.astro.cz/en/Transits/3503"", ""note"": ""Blue Blocking 30 sec bin 2x2"", ""updatedTime"": 1419024419, ""isPrivate"": false}"
TrES-2 b,1226,2456986.60451,104.4,16.4,3,Clear,Robert Majewski,https://var.astro.cz/api/charts/observation/85163,https://var.astro.cz/api/OcGate/Exoplanets/8,oc_gate_api,151,"{""transId"": 3500, ""obsId"": 85163, ""dataVersion"": 0, ""hjdMid"": 2456986.60451, ""hjdMidReduced"": 56986.60451, ""jdMidErr"": 0.00396, ""epoch"": 1226, ""ocValue"": -0.003098, ""duration"": 104.4, ""durationErr"": 15.7, ""depth"": 16.4, ""depthErr"": 5.6, ""dqi"": 3, ""band"": ""Clear"", ""observer"": ""Robert Majewski"", ""reference"": ""TRESCA"", ""referenceUrl"": ""https://var.astro.cz/en/Transits/3500"", ""note"": ""Spectral filter 500 - 750 nm.  Average of 2 1 minute exposures."", ""updatedTime"": 1416891000, ""isPrivate"": false}"
TrES-2 b,1219,2456969.30825,87.2,14.1,3,R,Josep M. Bosch,https://var.astro.cz/api/charts/observation/85131,https://var.astro.cz/api/OcGate/Exoplanets/8,oc_gate_api,152,"{""transId"": 3468, ""obsId"": 85131, ""dataVersion"": 0, ""hjdMid"": 2456969.30825, ""hjdMidReduced"": 56969.30825, ""jdMidErr"": 0.0008, ""epoch"": 1219, ""ocValue"": -0.005065, ""duration"": 87.2, ""durationErr"": 3.6, ""depth"": 14.1, ""depthErr"": 0.8, ""dqi"": 3, ""band"": ""R"", ""observer"": ""Josep M. Bosch"", ""reference"": ""TRESCA"", ""referenceUrl"": ""https://var.astro.cz/en/Transits/3468"", ""note"": ""Full Moon"", ""updatedTime"": 1415551389, ""isPrivate"": false}"
TrES-2 b,1217,2456964.369,89.3,18.3,3,Clear,Martin Zíbar,https://var.astro.cz/api/charts/observation/23908,https://var.astro.cz/api/OcGate/Exoplanets/8,oc_gate_api,153,"{""transId"": 3466, ""obsId"": 23908, ""dataVersion"": 0, ""hjdMid"": 2456964.369, ""hjdMidReduced"": 56964.369, ""jdMidErr"": 0.00241, ""epoch"": 1217, ""ocValue"": -0.003089, ""duration"": 89.3, ""durationErr"": 0.0, ""depth"": 18.3, ""depthErr"": 2.7, ""dqi"": 3, ""band"": ""Clear"", ""observer"": ""Martin Zíbar"", ""reference"": ""TRESCA"", ""referenceUrl"": ""https://var.astro.cz/en/Transits/3466"", ""note"": ""Před začátkem tranzitu přišla oblačnost, chvíli před minimem odešla a chvilku po konci trazitu přišla hustá mlha se špetkou oblačnosti. Expozice 120 s, FWHM kolem 4-5, chlazeno na -30 °C, teplota kolem 9 °C"", ""updatedTime"": 1415512607, ""isPrivate"": false}"
TrES-2 b,1215,2456959.43009,102.3,15.9,3,Clear,Coline Guyot Julien Dibon,https://var.astro.cz/api/charts/observation/85262,https://var.astro.cz/api/OcGate/Exoplanets/8,oc_gate_api,154,"{""transId"": 3599, ""obsId"": 85262, ""dataVersion"": 0, ""hjdMid"": 2456959.43009, ""hjdMidReduced"": 56959.43009, ""jdMidErr"": 0.00072, ""epoch"": 1215, ""ocValue"": -0.000772, ""duration"": 102.3, ""durationErr"": 3.3, ""depth"": 15.9, ""depthErr"": 0.7, ""dqi"": 3, ""band"": ""Clear"", ""observer"": ""Coline Guyot Julien Dibon"", ""reference"": ""TRESCA"", ""referenceUrl"": ""https://var.astro.cz/en/Transits/3599"", ""note"": ""GENERATED FROM TRANSIT id=3599"", ""updatedTime"": 1423585338, ""isPrivate"": false}"
TrES-2 b,1215,2456959.42955,125.3,16.9,4,R,Nikolay Mishevskiy,https://var.astro.cz/api/charts/observation/85099,https://var.astro.cz/api/OcGate/Exoplanets/8,oc_gate_api,155,"{""transId"": 3434, ""obsId"": 85099, ""dataVersion"": 0, ""hjdMid"": 2456959.42955, ""hjdMidReduced"": 56959.42955, ""jdMidErr"": 0.02725, ""epoch"": 1215, ""ocValue"": -0.001312, ""duration"": 125.3, ""durationErr"": 159.8, ""depth"": 16.9, ""depthErr"": 49.7, ""dqi"": 4, ""band"": ""R"", ""observer"": ""Nikolay Mishevskiy"", ""reference"": ""TRESCA"", ""referenceUrl"": ""https://var.astro.cz/en/Transits/3434"", ""note"": ""GENERATED FROM TRANSIT id=3434"", ""updatedTime"": 1414618796, ""isPrivate"": false}"
TrES-2 b,1215,2456959.42955,125.3,16.9,4,R,Nikolay Mishevskiy,https://var.astro.cz/api/charts/observation/85100,https://var.astro.cz/api/OcGate/Exoplanets/8,oc_gate_api,156,"{""transId"": 3435, ""obsId"": 85100, ""dataVersion"": 0, ""hjdMid"": 2456959.42955, ""hjdMidReduced"": 56959.42955, ""jdMidErr"": 0.02725, ""epoch"": 1215, ""ocValue"": -0.001312, ""duration"": 125.3, ""durationErr"": 159.8, ""depth"": 16.9, ""depthErr"": 49.7, ""dqi"": 4, ""band"": ""R"", ""observer"": ""Nikolay Mishevskiy"", ""reference"": ""TRESCA"", ""referenceUrl"": ""https://var.astro.cz/en/Transits/3435"", ""note"": ""GENERATED FROM TRANSIT id=3435"", ""updatedTime"": 1414621234, ""isPrivate"": false}"
TrES-2 b,1213,2456954.48605,130.4,16.7,4,Clear,Enrique Díez Alonso,https://var.astro.cz/api/charts/observation/85086,https://var.astro.cz/api/OcGate/Exoplanets/8,oc_gate_api,157,"{""transId"": 3419, ""obsId"": 85086, ""dataVersion"": 0, ""hjdMid"": 2456954.48605, ""hjdMidReduced"": 56954.48605, ""jdMidErr"": 0.00451, ""epoch"": 1213, ""ocValue"": -0.003586, ""duration"": 130.4, ""durationErr"": 16.7, ""depth"": 16.7, ""depthErr"": 3.9, ""dqi"": 4, ""band"": ""Clear"", ""observer"": ""Enrique Díez Alonso"", ""reference"": ""TRESCA"", ""referenceUrl"": ""https://var.astro.cz/en/Transits/3419"", ""note"": ""GENERATED FROM TRANSIT id=3419"", ""updatedTime"": 1414174133, ""isPrivate"": false}"
TrES-2 b,1207,2456939.66617,99.9,15.4,3,Clear,Ryan Dewitt/George Derugin,https://var.astro.cz/api/charts/observation/85074,https://var.astro.cz/api/OcGate/Exoplanets/8,oc_gate_api,158,"{""transId"": 3407, ""obsId"": 85074, ""dataVersion"": 0, ""hjdMid"": 2456939.66617, ""hjdMidReduced"": 56939.66617, ""jdMidErr"": 0.00154, ""epoch"": 1207, ""ocValue"": 0.000213, ""duration"": 99.9, ""durationErr"": 5.9, ""depth"": 15.4, ""depthErr"": 1.6, ""dqi"": 3, ""band"": ""Clear"", ""observer"": ""Ryan Dewitt/George Derugin"", ""reference"": ""TRESCA"", ""referenceUrl"": ""https://var.astro.cz/en/Transits/3407"", ""note"": ""GSC 3549:2811  Darks & Flats applied. 36 data points."", ""updatedTime"": 1413573350, ""isPrivate"": false}"
TrES-2 b,1204,2456932.25307,113.7,17.1,2,Clear,Veli-Pekka Hentunen,https://var.astro.cz/api/charts/observation/85042,https://var.astro.cz/api/OcGate/Exoplanets/8,oc_gate_api,159,"{""transId"": 3375, ""obsId"": 85042, ""dataVersion"": 0, ""hjdMid"": 2456932.25307, ""hjdMidReduced"": 56932.25307, ""jdMidErr"": 0.00081, ""epoch"": 1204, ""ocValue"": -0.001047, ""duration"": 113.7, ""durationErr"": 3.9, ""depth"": 17.1, ""depthErr"": 0.9, ""dqi"": 2, ""band"": ""Clear"", ""observer"": ""Veli-Pekka Hentunen"", ""reference"": ""TRESCA"", ""referenceUrl"": ""https://var.astro.cz/en/Transits/3375"", ""note"": ""119 unfiltered images, 90 sec exposures, 8 comparison stars"", ""updatedTime"": 1412202527, ""isPrivate"": false}"
TrES-2 b,1202,2456927.3082,114.1,20.9,3,Clear,Olivier GERTEIS,https://var.astro.cz/api/charts/observation/85068,https://var.astro.cz/api/OcGate/Exoplanets/8,oc_gate_api,160,"{""transId"": 3401, ""obsId"": 85068, ""dataVersion"": 0, ""hjdMid"": 2456927.3082, ""hjdMidReduced"": 56927.3082, ""jdMidErr"": 0.00871, ""epoch"": 1202, ""ocValue"": -0.00469, ""duration"": 114.1, ""durationErr"": 35.0, ""depth"": 20.9, ""depthErr"": 13.9, ""dqi"": 3, ""band"": ""Clear"", ""observer"": ""Olivier GERTEIS"", ""reference"": ""TRESCA"", ""referenceUrl"": ""https://var.astro.cz/en/Transits/3401"", ""note"": ""GENERATED FROM TRANSIT id=3401"", ""updatedTime"": 1413297195, ""isPrivate"": false}"
TrES-2 b,1200,2456922.37366,94.5,13.6,3,V,Marc Bretton,https://var.astro.cz/api/charts/observation/85015,https://var.astro.cz/api/OcGate/Exoplanets/8,oc_gate_api,161,"{""transId"": 3342, ""obsId"": 85015, ""dataVersion"": 0, ""hjdMid"": 2456922.37366, ""hjdMidReduced"": 56922.37366, ""jdMidErr"": 0.00109, ""epoch"": 1200, ""ocValue"": 0.001996, ""duration"": 94.5, ""durationErr"": 5.3, ""depth"": 13.6, ""depthErr"": 1.1, ""dqi"": 3, ""band"": ""V"", ""observer"": ""Marc Bretton"", ""reference"": ""TRESCA"", ""referenceUrl"": ""https://var.astro.cz/en/Transits/3342"", ""note"": ""Binning 2x2, band V, 20 sec exposure"", ""updatedTime"": 1411341180, ""isPrivate"": false}"
TrES-2 b,1200,2456922.37252,102.9,13.8,3,Clear,Matthieu BACHSCHMIDT,https://var.astro.cz/api/charts/observation/85057,https://var.astro.cz/api/OcGate/Exoplanets/8,oc_gate_api,162,"{""transId"": 3390, ""obsId"": 85057, ""dataVersion"": 0, ""hjdMid"": 2456922.37252, ""hjdMidReduced"": 56922.37252, ""jdMidErr"": 0.00074, ""epoch"": 1200, ""ocValue"": 0.000856, ""duration"": 102.9, ""durationErr"": 3.2, ""depth"": 13.8, ""depthErr"": 0.6, ""dqi"": 3, ""band"": ""Clear"", ""observer"": ""Matthieu BACHSCHMIDT"", ""reference"": ""TRESCA"", ""referenceUrl"": ""https://var.astro.cz/en/Transits/3390"", ""note"": ""GENERATED FROM TRANSIT id=3390"", ""updatedTime"": 1413044264, ""isPrivate"": false}"
TrES-2 b,1200,2456922.37212,89.3,15.2,3,Clear,AAAV Astrofili Valdera,https://var.astro.cz/api/charts/observation/85016,https://var.astro.cz/api/OcGate/Exoplanets/8,oc_gate_api,163,"{""transId"": 3343, ""obsId"": 85016, ""dataVersion"": 0, ""hjdMid"": 2456922.37212, ""hjdMidReduced"": 56922.37212, ""jdMidErr"": 0.0, ""epoch"": 1200, ""ocValue"": 0.000456, ""duration"": 89.3, ""durationErr"": 0.0, ""depth"": 15.2, ""depthErr"": 0.0, ""dqi"": 3, ""band"": ""Clear"", ""observer"": ""AAAV Astrofili Valdera"", ""reference"": ""TRESCA"", ""referenceUrl"": ""https://var.astro.cz/en/Transits/3343"", ""note"": ""AAAV-Ass.ne Astrofili Alta Valdera\r\nwww.astrofilialtavaldera.it\r\nObservers: Alberto Villa, Mimmo Belli, Flavia Casini and Maurizio Feraboli"", ""updatedTime"": 1411343822, ""isPrivate"": false}"
TrES-2 b,1181,2456875.43485,94.8,26.5,4,R,Pedro Moral Martos,https://var.astro.cz/api/charts/observation/84940,https://var.astro.cz/api/OcGate/Exoplanets/8,oc_gate_api,164,"{""transId"": 3267, ""obsId"": 84940, ""dataVersion"": 0, ""hjdMid"": 2456875.43485, ""hjdMidReduced"": 56875.43485, ""jdMidErr"": 0.00225, ""epoch"": 1181, ""ocValue"": 0.004837, ""duration"": 94.8, ""durationErr"": 11.4, ""depth"": 26.5, ""depthErr"": 3.8, ""dqi"": 4, ""band"": ""R"", ""observer"": ""Pedro Moral Martos"", ""reference"": ""TRESCA"", ""referenceUrl"": ""https://var.astro.cz/en/Transits/3267"", ""note"": ""Filter Jhonson-Cousin Rc\r\nTransit date 05-08-2014\r\nAutors:\r\nPedro Moral, Ana Blanco, Jorge Higuera, Daniel Castella, Adria Blanco"", ""updatedTime"": 1407672314, ""isPrivate"": false}"
TrES-2 b,1181,2456875.42701,120.5,16.4,3,R,"Sercan Oz, Ozge Varol, Ozgur Basturk, Artem Burdanov",https://var.astro.cz/api/charts/observation/85123,https://var.astro.cz/api/OcGate/Exoplanets/8,oc_gate_api,165,"{""transId"": 3458, ""obsId"": 85123, ""dataVersion"": 0, ""hjdMid"": 2456875.42701, ""hjdMidReduced"": 56875.42701, ""jdMidErr"": 0.00107, ""epoch"": 1181, ""ocValue"": -0.003003, ""duration"": 120.5, ""durationErr"": 5.0, ""depth"": 16.4, ""depthErr"": 0.9, ""dqi"": 3, ""band"": ""R"", ""observer"": ""Sercan Oz, Ozge Varol, Ozgur Basturk, Artem Burdanov"", ""reference"": ""TRESCA"", ""referenceUrl"": ""https://var.astro.cz/en/Transits/3458"", ""note"": ""GENERATED FROM TRANSIT id=3458"", ""updatedTime"": 1415184800, ""isPrivate"": false}"
TrES-2 b,1179,2456870.487,105.4,18.3,1,R,Mark Salisbury,https://var.astro.cz/api/charts/observation/84929,https://var.astro.cz/api/OcGate/Exoplanets/8,oc_gate_api,166,"{""transId"": 3256, ""obsId"": 84929, ""dataVersion"": 0, ""hjdMid"": 2456870.487, ""hjdMidReduced"": 56870.487, ""jdMidErr"": 0.00051, ""epoch"": 1179, ""ocValue"": -0.001786, ""duration"": 105.4, ""durationErr"": 2.2, ""depth"": 18.3, ""depthErr"": 0.6, ""dqi"": 1, ""band"": ""R"", ""observer"": ""Mark Salisbury"", ""reference"": ""TRESCA"", ""referenceUrl"": ""https://var.astro.cz/en/Transits/3256"", ""note"": ""90 second exposures through Rc filter.  CCD binned 2x2. Poor image quality."", ""updatedTime"": 1407216742, ""isPrivate"": false}"
TrES-2 b,1177,2456865.54488,94.2,22.4,3,V,Ferran Grau Horta,https://var.astro.cz/api/charts/observation/84917,https://var.astro.cz/api/OcGate/Exoplanets/8,oc_gate_api,167,"{""transId"": 3204, ""obsId"": 84917, ""dataVersion"": 0, ""hjdMid"": 2456865.54488, ""hjdMidReduced"": 56865.54488, ""jdMidErr"": 0.00146, ""epoch"": 1177, ""ocValue"": -0.00268, ""duration"": 94.2, ""durationErr"": 7.2, ""depth"": 22.4, ""depthErr"": 2.2, ""dqi"": 3, ""band"": ""V"", ""observer"": ""Ferran Grau Horta"", ""reference"": ""TRESCA"", ""referenceUrl"": ""https://var.astro.cz/en/Transits/3204"", ""note"": ""GENERATED FROM TRANSIT id=3204"", ""updatedTime"": 1406485746, ""isPrivate"": false}"
TrES-2 b,1177,2456865.54477,131.5,20.8,3,R,Fran Campos,https://var.astro.cz/api/charts/observation/84927,https://var.astro.cz/api/OcGate/Exoplanets/8,oc_gate_api,168,"{""transId"": 3254, ""obsId"": 84927, ""dataVersion"": 0, ""hjdMid"": 2456865.54477, ""hjdMidReduced"": 56865.54477, ""jdMidErr"": 0.00136, ""epoch"": 1177, ""ocValue"": -0.00279, ""duration"": 131.5, ""durationErr"": 7.4, ""depth"": 20.8, ""depthErr"": 1.5, ""dqi"": 3, ""band"": ""R"", ""observer"": ""Fran Campos"", ""reference"": ""TRESCA"", ""referenceUrl"": ""https://var.astro.cz/en/Transits/3254"", ""note"": ""Final observation stopped due to weather"", ""updatedTime"": 1406993063, ""isPrivate"": false}"
TrES-2 b,1171,2456850.72527,100.3,15.6,3,Clear,Stan Shadick,https://var.astro.cz/api/charts/observation/85000,https://var.astro.cz/api/OcGate/Exoplanets/8,oc_gate_api,169,"{""transId"": 3327, ""obsId"": 85000, ""dataVersion"": 0, ""hjdMid"": 2456850.72527, ""hjdMidReduced"": 56850.72527, ""jdMidErr"": 0.00075, ""epoch"": 1171, ""ocValue"": 0.001389, ""duration"": 100.3, ""durationErr"": 4.0, ""depth"": 15.6, ""depthErr"": 1.0, ""dqi"": 3, ""band"": ""Clear"", ""observer"": ""Stan Shadick"", ""reference"": ""TRESCA"", ""referenceUrl"": ""https://var.astro.cz/en/Transits/3327"", ""note"": ""CBB (clear blue blocking) filter\r\nUsed Bruce Gary\\\\\\'s artificial star technique.\r\nUsed only reference stars C1-C4, C6-\r\nC13, C17, C18.\r\nPier 5."", ""updatedTime"": 1410664719, ""isPrivate"": false}"
TrES-2 b,1167,2456840.83858,104.7,15.9,2,Clear,Stan Shadick,https://var.astro.cz/api/charts/observation/85039,https://var.astro.cz/api/OcGate/Exoplanets/8,oc_gate_api,170,"{""transId"": 3372, ""obsId"": 85039, ""dataVersion"": 0, ""hjdMid"": 2456840.83858, ""hjdMidReduced"": 56840.83858, ""jdMidErr"": 0.00055, ""epoch"": 1167, ""ocValue"": -0.002848, ""duration"": 104.7, ""durationErr"": 2.6, ""depth"": 15.9, ""depthErr"": 0.5, ""dqi"": 2, ""band"": ""Clear"", ""observer"": ""Stan Shadick"", ""reference"": ""TRESCA"", ""referenceUrl"": ""https://var.astro.cz/en/Transits/3372"", ""note"": ""Cbb (Clear blue-blocking filter)\r\nProcessed with artificial star at 8x4x10 at binning 1.\r\nUsed only reference stars C1-C4, C7-C9, C11, C13, C15.\r\nPier 5."", ""updatedTime"": 1412138562, ""isPrivate"": false}"
TrES-2 b,1164,2456833.42831,102.8,14.6,2,Clear,Esseiva Nicolas,https://var.astro.cz/api/charts/observation/84881,https://var.astro.cz/api/OcGate/Exoplanets/8,oc_gate_api,171,"{""transId"": 3167, ""obsId"": 84881, ""dataVersion"": 0, ""hjdMid"": 2456833.42831, ""hjdMidReduced"": 56833.42831, ""jdMidErr"": 0.00067, ""epoch"": 1164, ""ocValue"": -0.001278, ""duration"": 102.8, ""durationErr"": 3.1, ""depth"": 14.6, ""depthErr"": 0.6, ""dqi"": 2, ""band"": ""Clear"", ""observer"": ""Esseiva Nicolas"", ""reference"": ""TRESCA"", ""referenceUrl"": ""https://var.astro.cz/en/Transits/3167"", ""note"": ""filtre BB 60 s de pose"", ""updatedTime"": 1404112024, ""isPrivate"": false}"
TrES-2 b,1145,2456786.48757,111.7,16.9,3,R,Martin Blazek,https://var.astro.cz/api/charts/observation/84820,https://var.astro.cz/api/OcGate/Exoplanets/8,oc_gate_api,172,"{""transId"": 3101, ""obsId"": 84820, ""dataVersion"": 0, ""hjdMid"": 2456786.48757, ""hjdMidReduced"": 56786.48757, ""jdMidErr"": 0.00089, ""epoch"": 1145, ""ocValue"": -0.000367, ""duration"": 111.7, ""durationErr"": 4.3, ""depth"": 16.9, ""depthErr"": 0.9, ""dqi"": 3, ""band"": ""R"", ""observer"": ""Martin Blazek"", ""reference"": ""TRESCA"", ""referenceUrl"": ""https://var.astro.cz/en/Transits/3101"", ""note"": ""GENERATED FROM TRANSIT id=3101"", ""updatedTime"": 1400191512, ""isPrivate"": false}"
TrES-2 b,1145,2456786.48757,111.7,16.9,3,R,Martin Blazek,https://var.astro.cz/api/charts/observation/84823,https://var.astro.cz/api/OcGate/Exoplanets/8,oc_gate_api,173,"{""transId"": 3104, ""obsId"": 84823, ""dataVersion"": 0, ""hjdMid"": 2456786.48757, ""hjdMidReduced"": 56786.48757, ""jdMidErr"": 0.00089, ""epoch"": 1145, ""ocValue"": -0.000367, ""duration"": 111.7, ""durationErr"": 4.3, ""depth"": 16.9, ""depthErr"": 0.9, ""dqi"": 3, ""band"": ""R"", ""observer"": ""Martin Blazek"", ""reference"": ""TRESCA"", ""referenceUrl"": ""https://var.astro.cz/en/Transits/3104"", ""note"": ""Correction of previous light curve of TrES-2."", ""updatedTime"": 1400409329, ""isPrivate"": false}"
TrES-2 b,1145,2456786.48745,89.3,15.2,3,Clear,AAAV Astrofili Valdera,https://var.astro.cz/api/charts/observation/84811,https://var.astro.cz/api/OcGate/Exoplanets/8,oc_gate_api,174,"{""transId"": 3092, ""obsId"": 84811, ""dataVersion"": 0, ""hjdMid"": 2456786.48745, ""hjdMidReduced"": 56786.48745, ""jdMidErr"": 0.0, ""epoch"": 1145, ""ocValue"": -0.000487, ""duration"": 89.3, ""durationErr"": 0.0, ""depth"": 15.2, ""depthErr"": 0.0, ""dqi"": 3, ""band"": ""Clear"", ""observer"": ""AAAV Astrofili Valdera"", ""reference"": ""TRESCA"", ""referenceUrl"": ""https://var.astro.cz/en/Transits/3092"", ""note"": ""AAAV-Ass.ne Astrofili Alta Valdera\r\nwww.astrofilialtavaldera.it\r\nObservers: A.Villa,C.Buscemi,F.Marzioli,\r\nV.Menichini,M.Feraboli,F.Biasci,P.Piludu,D.Ciurli,R.Emilio and P. Bacci\r\nClear sky with scattered clouds only after the egress. Ref star 3."", ""updatedTime"": 1399619795, ""isPrivate"": false}"
TrES-2 b,1145,2456786.48457,96.7,16.5,3,Clear,"Janko Mravik, Jaroslav Grnja",https://var.astro.cz/api/charts/observation/84816,https://var.astro.cz/api/OcGate/Exoplanets/8,oc_gate_api,175,"{""transId"": 3097, ""obsId"": 84816, ""dataVersion"": 0, ""hjdMid"": 2456786.48457, ""hjdMidReduced"": 56786.48457, ""jdMidErr"": 0.00174, ""epoch"": 1145, ""ocValue"": -0.003367, ""duration"": 96.7, ""durationErr"": 7.4, ""depth"": 16.5, ""depthErr"": 1.7, ""dqi"": 3, ""band"": ""Clear"", ""observer"": ""Janko Mravik, Jaroslav Grnja"", ""reference"": ""TRESCA"", ""referenceUrl"": ""https://var.astro.cz/en/Transits/3097"", ""note"": ""100 sec"", ""updatedTime"": 1399842118, ""isPrivate"": false}"
TrES-2 b,1143,2456781.54571,105.0,14.4,1,R,Mark Salisbury,https://var.astro.cz/api/charts/observation/84805,https://var.astro.cz/api/OcGate/Exoplanets/8,oc_gate_api,176,"{""transId"": 3086, ""obsId"": 84805, ""dataVersion"": 0, ""hjdMid"": 2456781.54571, ""hjdMidReduced"": 56781.54571, ""jdMidErr"": 0.00044, ""epoch"": 1143, ""ocValue"": -0.001, ""duration"": 105.0, ""durationErr"": 1.8, ""depth"": 14.4, ""depthErr"": 0.4, ""dqi"": 1, ""band"": ""R"", ""observer"": ""Mark Salisbury"", ""reference"": ""TRESCA"", ""referenceUrl"": ""https://var.astro.cz/en/Transits/3086"", ""note"": ""90 second exposure through Rc filter.  CCD binned 2x2.  Slightly defocused."", ""updatedTime"": 1399355433, ""isPrivate"": false}"
TrES-2 b,1133,2456756.83787,152.2,45.3,3,I,Stan Shadick and Uswah Aziz,https://var.astro.cz/api/charts/observation/84850,https://var.astro.cz/api/OcGate/Exoplanets/8,oc_gate_api,177,"{""transId"": 3132, ""obsId"": 84850, ""dataVersion"": 0, ""hjdMid"": 2456756.83787, ""hjdMidReduced"": 56756.83787, ""jdMidErr"": 0.00273, ""epoch"": 1133, ""ocValue"": -0.002708, ""duration"": 152.2, ""durationErr"": 13.2, ""depth"": 45.3, ""depthErr"": 5.0, ""dqi"": 3, ""band"": ""I"", ""observer"": ""Stan Shadick and Uswah Aziz"", ""reference"": ""TRESCA"", ""referenceUrl"": ""https://var.astro.cz/en/Transits/3132"", ""note"": ""Processed with artificial star at 7x4x10 at binning 2.\r\nUsed only reference stars: C1, C2, C4-C8, C11.\r\nPier 3.\r\nData collected by Stan Shadick and analysed by Uswah Aziz."", ""updatedTime"": 1401381526, ""isPrivate"": false}"
TrES-2 b,1124,2456734.60348,106.7,16.0,3,V,Ferran Grau Horta,https://var.astro.cz/api/charts/observation/84831,https://var.astro.cz/api/OcGate/Exoplanets/8,oc_gate_api,178,"{""transId"": 3112, ""obsId"": 84831, ""dataVersion"": 0, ""hjdMid"": 2456734.60348, ""hjdMidReduced"": 56734.60348, ""jdMidErr"": 0.00098, ""epoch"": 1124, ""ocValue"": -0.001579, ""duration"": 106.7, ""durationErr"": 4.6, ""depth"": 16.0, ""depthErr"": 0.9, ""dqi"": 3, ""band"": ""V"", ""observer"": ""Ferran Grau Horta"", ""reference"": ""TRESCA"", ""referenceUrl"": ""https://var.astro.cz/en/Transits/3112"", ""note"": ""GENERATED FROM TRANSIT id=3112"", ""updatedTime"": 1400631587, ""isPrivate"": false}"
TrES-2 b,1105,2456687.65953,86.4,14.7,3,Clear,Veli-Pekka Hentunen,https://var.astro.cz/api/charts/observation/84630,https://var.astro.cz/api/OcGate/Exoplanets/8,oc_gate_api,179,"{""transId"": 2905, ""obsId"": 84630, ""dataVersion"": 0, ""hjdMid"": 2456687.65953, ""hjdMidReduced"": 56687.65953, ""jdMidErr"": 0.00194, ""epoch"": 1105, ""ocValue"": -0.003878, ""duration"": 86.4, ""durationErr"": 8.6, ""depth"": 14.7, ""depthErr"": 3.1, ""dqi"": 3, ""band"": ""Clear"", ""observer"": ""Veli-Pekka Hentunen"", ""reference"": ""TRESCA"", ""referenceUrl"": ""https://var.astro.cz/en/Transits/2905"", ""note"": ""120 sec exposure time, 53 images, 12 comparison stars, cloudy sky at the end of the light curve observation"", ""updatedTime"": 1391068451, ""isPrivate"": false}"
TrES-2 b,1075,2456613.54384,101.5,15.4,3,Clear,Paul Benni,https://var.astro.cz/api/charts/observation/84493,https://var.astro.cz/api/OcGate/Exoplanets/8,oc_gate_api,180,"{""transId"": 2767, ""obsId"": 84493, ""dataVersion"": 0, ""hjdMid"": 2456613.54384, ""hjdMidReduced"": 56613.54384, ""jdMidErr"": 0.00103, ""epoch"": 1075, ""ocValue"": -0.001171, ""duration"": 101.5, ""durationErr"": 4.7, ""depth"": 15.4, ""depthErr"": 1.0, ""dqi"": 3, ""band"": ""Clear"", ""observer"": ""Paul Benni"", ""reference"": ""TRESCA"", ""referenceUrl"": ""https://var.astro.cz/en/Transits/2767"", ""note"": ""BBC filter, 20 star ensemble, mostly clear sky."", ""updatedTime"": 1384736196, ""isPrivate"": false}"
TrES-2 b,1073,2456608.60327,115.9,13.5,3,Clear,Stan Shadick and Chad Nelson,https://var.astro.cz/api/charts/observation/84615,https://var.astro.cz/api/OcGate/Exoplanets/8,oc_gate_api,181,"{""transId"": 2890, ""obsId"": 84615, ""dataVersion"": 0, ""hjdMid"": 2456608.60327, ""hjdMidReduced"": 56608.60327, ""jdMidErr"": 0.00112, ""epoch"": 1073, ""ocValue"": -0.000515, ""duration"": 115.9, ""durationErr"": 4.8, ""depth"": 13.5, ""depthErr"": 0.8, ""dqi"": 3, ""band"": ""Clear"", ""observer"": ""Stan Shadick and Chad Nelson"", ""reference"": ""TRESCA"", ""referenceUrl"": ""https://var.astro.cz/en/Transits/2890"", ""note"": ""Used Cbb (clear blue blocking filter)\r\nProcessed with artificial star at 9x4x10 at binning 2.\r\nUsed only reference stars C1-C5, C7-C9, C11, C15, C16, C18,C20.\r\nPier 3."", ""updatedTime"": 1389756289, ""isPrivate"": false}"
TrES-2 b,1069,2456598.72026,90.8,14.0,3,Clear,Stan Shadick and Hope Boyce,https://var.astro.cz/api/charts/observation/84460,https://var.astro.cz/api/OcGate/Exoplanets/8,oc_gate_api,182,"{""transId"": 2734, ""obsId"": 84460, ""dataVersion"": 0, ""hjdMid"": 2456598.72026, ""hjdMidReduced"": 56598.72026, ""jdMidErr"": 0.00087, ""epoch"": 1069, ""ocValue"": -0.001072, ""duration"": 90.8, ""durationErr"": 4.1, ""depth"": 14.0, ""depthErr"": 0.9, ""dqi"": 3, ""band"": ""Clear"", ""observer"": ""Stan Shadick and Hope Boyce"", ""reference"": ""TRESCA"", ""referenceUrl"": ""https://var.astro.cz/en/Transits/2734"", ""note"": ""cbb (clear blue-blocking) filter.\r\nProcessed by Hope Boyce using Bruce Gary\\'s artificial star technique at 7X4X10 at binning 2.\r\nUsed only reference stars C1-C9, C11, C12, C17, C19.\r\nPier 2."", ""updatedTime"": 1383964635, ""isPrivate"": false}"
TrES-2 b,1066,2456591.31063,90.4,12.4,3,Clear,Maurizio Mollica,https://var.astro.cz/api/charts/observation/84426,https://var.astro.cz/api/OcGate/Exoplanets/8,oc_gate_api,183,"{""transId"": 2700, ""obsId"": 84426, ""dataVersion"": 0, ""hjdMid"": 2456591.31063, ""hjdMidReduced"": 56591.31063, ""jdMidErr"": 0.00169, ""epoch"": 1066, ""ocValue"": 0.001137, ""duration"": 90.4, ""durationErr"": 6.8, ""depth"": 12.4, ""depthErr"": 1.7, ""dqi"": 3, ""band"": ""Clear"", ""observer"": ""Maurizio Mollica"", ""reference"": ""TRESCA"", ""referenceUrl"": ""https://var.astro.cz/en/Transits/2700"", ""note"": ""exp 80 sec bin 1 (0,68\\\\\\\""/pix) Very high humidity (97%) secondary mirror clouded up within first hour."", ""updatedTime"": 1383062668, ""isPrivate"": false}"
TrES-2 b,1066,2456591.30971,107.0,16.6,3,Clear,"Janko Mravik, Jaroslav Grnja",https://var.astro.cz/api/charts/observation/84416,https://var.astro.cz/api/OcGate/Exoplanets/8,oc_gate_api,184,"{""transId"": 2690, ""obsId"": 84416, ""dataVersion"": 0, ""hjdMid"": 2456591.30971, ""hjdMidReduced"": 56591.30971, ""jdMidErr"": 0.00174, ""epoch"": 1066, ""ocValue"": 0.000217, ""duration"": 107.0, ""durationErr"": 8.2, ""depth"": 16.6, ""depthErr"": 1.6, ""dqi"": 3, ""band"": ""Clear"", ""observer"": ""Janko Mravik, Jaroslav Grnja"", ""reference"": ""TRESCA"", ""referenceUrl"": ""https://var.astro.cz/en/Transits/2690"", ""note"": ""100 sec"", ""updatedTime"": 1382739917, ""isPrivate"": false}"
TrES-2 b,1062,2456581.427,98.7,14.7,3,R,Mark Salisbury,https://var.astro.cz/api/charts/observation/84405,https://var.astro.cz/api/OcGate/Exoplanets/8,oc_gate_api,185,"{""transId"": 2679, ""obsId"": 84405, ""dataVersion"": 0, ""hjdMid"": 2456581.427, ""hjdMidReduced"": 56581.427, ""jdMidErr"": 0.00089, ""epoch"": 1062, ""ocValue"": -4e-05, ""duration"": 98.7, ""durationErr"": 4.2, ""depth"": 14.7, ""depthErr"": 0.9, ""dqi"": 3, ""band"": ""R"", ""observer"": ""Mark Salisbury"", ""reference"": ""TRESCA"", ""referenceUrl"": ""https://var.astro.cz/en/Transits/2679"", ""note"": ""60 second exposure through Rc filter.  CCD binned 2x2.  Poor seeing with some cloud interuptions."", ""updatedTime"": 1382334765, ""isPrivate"": false}"
TrES-2 b,1056,2456566.60346,100.9,16.4,3,Clear,Paul Benni,https://var.astro.cz/api/charts/observation/84375,https://var.astro.cz/api/OcGate/Exoplanets/8,oc_gate_api,186,"{""transId"": 2649, ""obsId"": 84375, ""dataVersion"": 0, ""hjdMid"": 2456566.60346, ""hjdMidReduced"": 56566.60346, ""jdMidErr"": 0.00094, ""epoch"": 1056, ""ocValue"": 0.0001, ""duration"": 100.9, ""durationErr"": 4.4, ""depth"": 16.4, ""depthErr"": 0.9, ""dqi"": 3, ""band"": ""Clear"", ""observer"": ""Paul Benni"", ""reference"": ""TRESCA"", ""referenceUrl"": ""https://var.astro.cz/en/Transits/2649"", ""note"": ""BBC filter, 12 star ensemble, clear sky. Unusual 20 mmag spike at start of transit.  Tried many combos of aperture, comp stars, and comp stars as target variables but spike seems associated with TrES-2b or nearby star."", ""updatedTime"": 1380683402, ""isPrivate"": false}"
TrES-2 b,1052,2456556.72333,117.2,18.5,3,Clear,Stan Shadick,https://var.astro.cz/api/charts/observation/84357,https://var.astro.cz/api/OcGate/Exoplanets/8,oc_gate_api,187,"{""transId"": 2631, ""obsId"": 84357, ""dataVersion"": 0, ""hjdMid"": 2456556.72333, ""hjdMidReduced"": 56556.72333, ""jdMidErr"": 0.00076, ""epoch"": 1052, ""ocValue"": 0.002423, ""duration"": 117.2, ""durationErr"": 3.7, ""depth"": 18.5, ""depthErr"": 0.8, ""dqi"": 3, ""band"": ""Clear"", ""observer"": ""Stan Shadick"", ""reference"": ""TRESCA"", ""referenceUrl"": ""https://var.astro.cz/en/Transits/2631"", ""note"": ""cbb blue-blocking filter\r\nProcessed with artificial star at 9x4x10 at binning 2.\r\nUsed only reference stars C1-C5, C10-C13, C18, C20."", ""updatedTime"": 1379952057, ""isPrivate"": false}"
TrES-2 b,1052,2456556.72028,110.1,19.8,3,Clear,Robert Majewski,https://var.astro.cz/api/charts/observation/84350,https://var.astro.cz/api/OcGate/Exoplanets/8,oc_gate_api,188,"{""transId"": 2623, ""obsId"": 84350, ""dataVersion"": 0, ""hjdMid"": 2456556.72028, ""hjdMidReduced"": 56556.72028, ""jdMidErr"": 0.00102, ""epoch"": 1052, ""ocValue"": -0.000627, ""duration"": 110.1, ""durationErr"": 4.9, ""depth"": 19.8, ""depthErr"": 1.1, ""dqi"": 3, ""band"": ""Clear"", ""observer"": ""Robert Majewski"", ""reference"": ""TRESCA"", ""referenceUrl"": ""https://var.astro.cz/en/Transits/2623"", ""note"": ""Filter 500-700 nm, exposure 60 seconds,dat points average of 2 frames"", ""updatedTime"": 1379782725, ""isPrivate"": false}"
TrES-2 b,1050,2456551.77687,121.6,15.5,3,Clear,Stan Shadick,https://var.astro.cz/api/charts/observation/84486,https://var.astro.cz/api/OcGate/Exoplanets/8,oc_gate_api,189,"{""transId"": 2760, ""obsId"": 84486, ""dataVersion"": 0, ""hjdMid"": 2456551.77687, ""hjdMidReduced"": 56551.77687, ""jdMidErr"": 0.00088, ""epoch"": 1050, ""ocValue"": -0.002811, ""duration"": 121.6, ""durationErr"": 4.3, ""depth"": 15.5, ""depthErr"": 0.8, ""dqi"": 3, ""band"": ""Clear"", ""observer"": ""Stan Shadick"", ""reference"": ""TRESCA"", ""referenceUrl"": ""https://var.astro.cz/en/Transits/2760"", ""note"": ""cbb blue blocking clear filter.\r\nProcessed with artificial star at 9x4x10 at binning 2.\r\nUsed only reference stars C3, C4, C6, C9-C12, C14, C16, C17, C19, C21-C23.\r\nPier 3."", ""updatedTime"": 1384528195, ""isPrivate"": false}"
TrES-2 b,1050,2456551.77687,121.6,15.5,3,Clear,Stan Shadick,https://var.astro.cz/api/charts/observation/84487,https://var.astro.cz/api/OcGate/Exoplanets/8,oc_gate_api,190,"{""transId"": 2761, ""obsId"": 84487, ""dataVersion"": 0, ""hjdMid"": 2456551.77687, ""hjdMidReduced"": 56551.77687, ""jdMidErr"": 0.00088, ""epoch"": 1050, ""ocValue"": -0.002811, ""duration"": 121.6, ""durationErr"": 4.3, ""depth"": 15.5, ""depthErr"": 0.8, ""dqi"": 3, ""band"": ""Clear"", ""observer"": ""Stan Shadick"", ""reference"": ""TRESCA"", ""referenceUrl"": ""https://var.astro.cz/en/Transits/2761"", ""note"": ""cbb blue blocking clear filter.\r\nProcessed with artificial star at 9x4x10 at binning 2.\r\nUsed only reference stars C3, C4, C6, C9-C12, C14, C16, C17, C19, C21-C23.\r\nPier 3."", ""updatedTime"": 1384530462, ""isPrivate"": false}"
TrES-2 b,1047,2456544.36747,105.8,18.7,1,Clear,faustino Garcia,https://var.astro.cz/api/charts/observation/84318,https://var.astro.cz/api/OcGate/Exoplanets/8,oc_gate_api,191,"{""transId"": 2591, ""obsId"": 84318, ""dataVersion"": 0, ""hjdMid"": 2456544.36747, ""hjdMidReduced"": 56544.36747, ""jdMidErr"": 0.00324, ""epoch"": 1047, ""ocValue"": -0.000371, ""duration"": 105.8, ""durationErr"": 9.8, ""depth"": 18.7, ""depthErr"": 3.1, ""dqi"": 1, ""band"": ""Clear"", ""observer"": ""faustino Garcia"", ""reference"": ""TRESCA"", ""referenceUrl"": ""https://var.astro.cz/en/Transits/2591"", ""note"": ""Exposure 120 seconds"", ""updatedTime"": 1378679418, ""isPrivate"": false}"
TrES-2 b,1045,2456539.4241,108.0,17.9,3,Clear,FONTAINE Bruno,https://var.astro.cz/api/charts/observation/84308,https://var.astro.cz/api/OcGate/Exoplanets/8,oc_gate_api,192,"{""transId"": 2580, ""obsId"": 84308, ""dataVersion"": 0, ""hjdMid"": 2456539.4241, ""hjdMidReduced"": 56539.4241, ""jdMidErr"": 0.001, ""epoch"": 1045, ""ocValue"": -0.002515, ""duration"": 108.0, ""durationErr"": 4.8, ""depth"": 17.9, ""depthErr"": 1.1, ""dqi"": 3, ""band"": ""Clear"", ""observer"": ""FONTAINE Bruno"", ""reference"": ""TRESCA"", ""referenceUrl"": ""https://var.astro.cz/en/Transits/2580"", ""note"": ""BBC Filter, artificial star + 24 checks (18 retained) clear sky"", ""updatedTime"": 1378544550, ""isPrivate"": false}"
TrES-2 b,1037,2456519.66032,105.4,14.5,2,Clear,Paul Benni,https://var.astro.cz/api/charts/observation/84255,https://var.astro.cz/api/OcGate/Exoplanets/8,oc_gate_api,193,"{""transId"": 2523, ""obsId"": 84255, ""dataVersion"": 0, ""hjdMid"": 2456519.66032, ""hjdMidReduced"": 56519.66032, ""jdMidErr"": 0.00059, ""epoch"": 1037, ""ocValue"": -0.001389, ""duration"": 105.4, ""durationErr"": 2.6, ""depth"": 14.5, ""depthErr"": 0.5, ""dqi"": 2, ""band"": ""Clear"", ""observer"": ""Paul Benni"", ""reference"": ""TRESCA"", ""referenceUrl"": ""https://var.astro.cz/en/Transits/2523"", ""note"": ""BBC filter, 10 star ensemble, clear sky"", ""updatedTime"": 1376572850, ""isPrivate"": false}"
TrES-2 b,1033,2456509.77938,103.1,13.9,3,Clear,Paul Benni,https://var.astro.cz/api/charts/observation/84229,https://var.astro.cz/api/OcGate/Exoplanets/8,oc_gate_api,194,"{""transId"": 2497, ""obsId"": 84229, ""dataVersion"": 0, ""hjdMid"": 2456509.77938, ""hjdMidReduced"": 56509.77938, ""jdMidErr"": 0.0008, ""epoch"": 1033, ""ocValue"": 0.000124, ""duration"": 103.1, ""durationErr"": 3.5, ""depth"": 13.9, ""depthErr"": 0.7, ""dqi"": 3, ""band"": ""Clear"", ""observer"": ""Paul Benni"", ""reference"": ""TRESCA"", ""referenceUrl"": ""https://var.astro.cz/en/Transits/2497"", ""note"": ""BBC filter. 8 star ensemble. Aperture settings excluded nearby star. Clear sky."", ""updatedTime"": 1375712239, ""isPrivate"": false}"
TrES-2 b,1030,2456502.36773,102.5,15.5,3,Clear,"Janko Mravik, Jaroslav Grnja",https://var.astro.cz/api/charts/observation/84209,https://var.astro.cz/api/OcGate/Exoplanets/8,oc_gate_api,195,"{""transId"": 2476, ""obsId"": 84209, ""dataVersion"": 0, ""hjdMid"": 2456502.36773, ""hjdMidReduced"": 56502.36773, ""jdMidErr"": 0.00231, ""epoch"": 1030, ""ocValue"": 0.000313, ""duration"": 102.5, ""durationErr"": 8.8, ""depth"": 15.5, ""depthErr"": 2.3, ""dqi"": 3, ""band"": ""Clear"", ""observer"": ""Janko Mravik, Jaroslav Grnja"", ""reference"": ""TRESCA"", ""referenceUrl"": ""https://var.astro.cz/en/Transits/2476"", ""note"": ""GENERATED FROM TRANSIT id=2476"", ""updatedTime"": 1375114614, ""isPrivate"": false}"
TrES-2 b,1028,2456497.42961,104.1,15.1,3,R,"Ulus Uludag, Cihan Tugrul Tezcan, Ozgur Basturk",https://var.astro.cz/api/charts/observation/84455,https://var.astro.cz/api/OcGate/Exoplanets/8,oc_gate_api,196,"{""transId"": 2729, ""obsId"": 84455, ""dataVersion"": 0, ""hjdMid"": 2456497.42961, ""hjdMidReduced"": 56497.42961, ""jdMidErr"": 0.00087, ""epoch"": 1028, ""ocValue"": 0.00342, ""duration"": 104.1, ""durationErr"": 4.2, ""depth"": 15.1, ""depthErr"": 0.8, ""dqi"": 3, ""band"": ""R"", ""observer"": ""Ulus Uludag, Cihan Tugrul Tezcan, Ozgur Basturk"", ""reference"": ""TRESCA"", ""referenceUrl"": ""https://var.astro.cz/en/Transits/2729"", ""note"": ""GENERATED FROM TRANSIT id=2729"", ""updatedTime"": 1383811169, ""isPrivate"": false}"
TrES-2 b,1028,2456497.42961,104.1,15.1,3,R,"Basak Esmer, Onur Yorukoglu, Ozgur Basturk",https://var.astro.cz/api/charts/observation/84734,https://var.astro.cz/api/OcGate/Exoplanets/8,oc_gate_api,197,"{""transId"": 3014, ""obsId"": 84734, ""dataVersion"": 0, ""hjdMid"": 2456497.42961, ""hjdMidReduced"": 56497.42961, ""jdMidErr"": 0.00087, ""epoch"": 1028, ""ocValue"": 0.00342, ""duration"": 104.1, ""durationErr"": 4.2, ""depth"": 15.1, ""depthErr"": 0.8, ""dqi"": 3, ""band"": ""R"", ""observer"": ""Basak Esmer, Onur Yorukoglu, Ozgur Basturk"", ""reference"": ""TRESCA"", ""referenceUrl"": ""https://var.astro.cz/en/Transits/3014"", ""note"": ""GENERATED FROM TRANSIT id=3014"", ""updatedTime"": 1395745578, ""isPrivate"": false}"
TrES-2 b,1028,2456497.4284,109.1,18.4,3,Clear,"Janko Mravik, Jaroslav Grnja",https://var.astro.cz/api/charts/observation/84207,https://var.astro.cz/api/OcGate/Exoplanets/8,oc_gate_api,198,"{""transId"": 2474, ""obsId"": 84207, ""dataVersion"": 0, ""hjdMid"": 2456497.4284, ""hjdMidReduced"": 56497.4284, ""jdMidErr"": 0.0017, ""epoch"": 1028, ""ocValue"": 0.00221, ""duration"": 109.1, ""durationErr"": 8.3, ""depth"": 18.4, ""depthErr"": 2.1, ""dqi"": 3, ""band"": ""Clear"", ""observer"": ""Janko Mravik, Jaroslav Grnja"", ""reference"": ""TRESCA"", ""referenceUrl"": ""https://var.astro.cz/en/Transits/2474"", ""note"": ""meridian flip"", ""updatedTime"": 1375101824, ""isPrivate"": false}"
TrES-2 b,1026,2456492.48813,107.7,15.6,3,R,Juan Lozano de Haro,https://var.astro.cz/api/charts/observation/84187,https://var.astro.cz/api/OcGate/Exoplanets/8,oc_gate_api,199,"{""transId"": 2453, ""obsId"": 84187, ""dataVersion"": 0, ""hjdMid"": 2456492.48813, ""hjdMidReduced"": 56492.48813, ""jdMidErr"": 0.00089, ""epoch"": 1026, ""ocValue"": 0.003166, ""duration"": 107.7, ""durationErr"": 4.2, ""depth"": 15.6, ""depthErr"": 0.8, ""dqi"": 3, ""band"": ""R"", ""observer"": ""Juan Lozano de Haro"", ""reference"": ""TRESCA"", ""referenceUrl"": ""https://var.astro.cz/en/Transits/2453"", ""note"": ""120\\\\\\\"" binning 1x1 Red filter"", ""updatedTime"": 1374239904, ""isPrivate"": false}"
TrES-2 b,1024,2456487.54366,82.3,15.9,3,R,Matthieu BACHSCHMIDT,https://var.astro.cz/api/charts/observation/84179,https://var.astro.cz/api/OcGate/Exoplanets/8,oc_gate_api,200,"{""transId"": 2445, ""obsId"": 84179, ""dataVersion"": 0, ""hjdMid"": 2456487.54366, ""hjdMidReduced"": 56487.54366, ""jdMidErr"": 0.00167, ""epoch"": 1024, ""ocValue"": -7.7e-05, ""duration"": 82.3, ""durationErr"": 7.4, ""depth"": 15.9, ""depthErr"": 2.1, ""dqi"": 3, ""band"": ""R"", ""observer"": ""Matthieu BACHSCHMIDT"", ""reference"": ""TRESCA"", ""referenceUrl"": ""https://var.astro.cz/en/Transits/2445"", ""note"": ""GENERATED FROM TRANSIT id=2445"", ""updatedTime"": 1373918335, ""isPrivate"": false}"
TrES-2 b,1024,2456487.54279,98.4,13.6,2,Clear,ESSEIVA Nicolas,https://var.astro.cz/api/charts/observation/84176,https://var.astro.cz/api/OcGate/Exoplanets/8,oc_gate_api,201,"{""transId"": 2442, ""obsId"": 84176, ""dataVersion"": 0, ""hjdMid"": 2456487.54279, ""hjdMidReduced"": 56487.54279, ""jdMidErr"": 0.00055, ""epoch"": 1024, ""ocValue"": -0.000947, ""duration"": 98.4, ""durationErr"": 2.3, ""depth"": 13.6, ""depthErr"": 0.5, ""dqi"": 2, ""band"": ""Clear"", ""observer"": ""ESSEIVA Nicolas"", ""reference"": ""TRESCA"", ""referenceUrl"": ""https://var.astro.cz/en/Transits/2442"", ""note"": ""40s exposure with blue blocking filter"", ""updatedTime"": 1373831015, ""isPrivate"": false}"
TrES-2 b,1016,2456467.76834,103.5,22.2,3,I,Stan Shadick,https://var.astro.cz/api/charts/observation/84134,https://var.astro.cz/api/OcGate/Exoplanets/8,oc_gate_api,202,"{""transId"": 2399, ""obsId"": 84134, ""dataVersion"": 0, ""hjdMid"": 2456467.76834, ""hjdMidReduced"": 56467.76834, ""jdMidErr"": 0.00114, ""epoch"": 1016, ""ocValue"": -0.010492, ""duration"": 103.5, ""durationErr"": 5.5, ""depth"": 22.2, ""depthErr"": 1.6, ""dqi"": 3, ""band"": ""I"", ""observer"": ""Stan Shadick"", ""reference"": ""TRESCA"", ""referenceUrl"": ""https://var.astro.cz/en/Transits/2399"", ""note"": ""Processed with artificial star at 6x4x10 at binning 2.\r\nUsed only reference stars C3-C7, C9, C10, C12, C13.\r\nPier 2."", ""updatedTime"": 1372538802, ""isPrivate"": false}"
TrES-2 b,1009,2456450.48344,110.9,16.2,2,R,Mark Salisbury,https://var.astro.cz/api/charts/observation/84099,https://var.astro.cz/api/OcGate/Exoplanets/8,oc_gate_api,203,"{""transId"": 2364, ""obsId"": 84099, ""dataVersion"": 0, ""hjdMid"": 2456450.48344, ""hjdMidReduced"": 56450.48344, ""jdMidErr"": 0.00073, ""epoch"": 1009, ""ocValue"": -0.001099, ""duration"": 110.9, ""durationErr"": 3.4, ""depth"": 16.2, ""depthErr"": 0.7, ""dqi"": 2, ""band"": ""R"", ""observer"": ""Mark Salisbury"", ""reference"": ""TRESCA"", ""referenceUrl"": ""https://var.astro.cz/en/Transits/2364"", ""note"": ""60 second exposure through Astrodon Rc filter.  Poor seeing, clouds prior to ingress and after egress."", ""updatedTime"": 1370897476, ""isPrivate"": false}"
TrES-2 b,997,2456420.83575,107.2,16.9,2,R,Ken Hose,https://var.astro.cz/api/charts/observation/84043,https://var.astro.cz/api/OcGate/Exoplanets/8,oc_gate_api,204,"{""transId"": 2307, ""obsId"": 84043, ""dataVersion"": 0, ""hjdMid"": 2456420.83575, ""hjdMidReduced"": 56420.83575, ""jdMidErr"": 0.00073, ""epoch"": 997, ""ocValue"": -0.00143, ""duration"": 107.2, ""durationErr"": 3.4, ""depth"": 16.9, ""depthErr"": 0.7, ""dqi"": 2, ""band"": ""R"", ""observer"": ""Ken Hose"", ""reference"": ""TRESCA"", ""referenceUrl"": ""https://var.astro.cz/en/Transits/2307"", ""note"": ""Red photometric filter used. Exposures were 120 seconds. Ensemble photometry with 5 comp stars."", ""updatedTime"": 1368040473, ""isPrivate"": false}"
TrES-2 b,993,2456410.95307,99.9,14.1,2,V,Petri Kehusmaa / Caisey Harlingten,https://var.astro.cz/api/charts/observation/84027,https://var.astro.cz/api/OcGate/Exoplanets/8,oc_gate_api,205,"{""transId"": 2291, ""obsId"": 84027, ""dataVersion"": 0, ""hjdMid"": 2456410.95307, ""hjdMidReduced"": 56410.95307, ""jdMidErr"": 0.00076, ""epoch"": 993, ""ocValue"": -0.001657, ""duration"": 99.9, ""durationErr"": 3.6, ""depth"": 14.1, ""depthErr"": 0.7, ""dqi"": 2, ""band"": ""V"", ""observer"": ""Petri Kehusmaa / Caisey Harlingten"", ""reference"": ""TRESCA"", ""referenceUrl"": ""https://var.astro.cz/en/Transits/2291"", ""note"": ""Green filter used. Seeing during transit between 2.7 - 3.5 FWHM. Moon and thin clouds."", ""updatedTime"": 1367153431, ""isPrivate"": false}"
TrES-2 b,992,2456408.48413,89.3,15.1,3,Clear,ESSEIVA Nicolas,https://var.astro.cz/api/charts/observation/84026,https://var.astro.cz/api/OcGate/Exoplanets/8,oc_gate_api,206,"{""transId"": 2290, ""obsId"": 84026, ""dataVersion"": 0, ""hjdMid"": 2456408.48413, ""hjdMidReduced"": 56408.48413, ""jdMidErr"": 0.00083, ""epoch"": 992, ""ocValue"": 1.6e-05, ""duration"": 89.3, ""durationErr"": 0.0, ""depth"": 15.1, ""depthErr"": 1.0, ""dqi"": 3, ""band"": ""Clear"", ""observer"": ""ESSEIVA Nicolas"", ""reference"": ""TRESCA"", ""referenceUrl"": ""https://var.astro.cz/en/Transits/2290"", ""note"": ""50s exposure in binning 2x2 with astrodon BB filter. The Moon make a light gradient at the beginning of the transit and  Clouds and rain are arriving   at the end of the transit."", ""updatedTime"": 1367050370, ""isPrivate"": false}"
TrES-2 b,992,2456408.48169,111.7,14.9,2,R,Veli-Pekka Hentunen,https://var.astro.cz/api/charts/observation/84018,https://var.astro.cz/api/OcGate/Exoplanets/8,oc_gate_api,207,"{""transId"": 2282, ""obsId"": 84018, ""dataVersion"": 0, ""hjdMid"": 2456408.48169, ""hjdMidReduced"": 56408.48169, ""jdMidErr"": 0.00053, ""epoch"": 992, ""ocValue"": -0.002424, ""duration"": 111.7, ""durationErr"": 2.6, ""depth"": 14.9, ""depthErr"": 0.5, ""dqi"": 2, ""band"": ""R"", ""observer"": ""Veli-Pekka Hentunen"", ""reference"": ""TRESCA"", ""referenceUrl"": ""https://var.astro.cz/en/Transits/2282"", ""note"": ""159 images with photometric R filter, 9 comparison stars, full moon, light northern night sky"", ""updatedTime"": 1366945525, ""isPrivate"": false}"
TrES-2 b,992,2456408.47969,96.3,19.8,3,I,"Stanislav Poddaný, Míla Moudrá",https://var.astro.cz/api/charts/observation/84024,https://var.astro.cz/api/OcGate/Exoplanets/8,oc_gate_api,208,"{""transId"": 2288, ""obsId"": 84024, ""dataVersion"": 0, ""hjdMid"": 2456408.47969, ""hjdMidReduced"": 56408.47969, ""jdMidErr"": 0.00108, ""epoch"": 992, ""ocValue"": -0.004424, ""duration"": 96.3, ""durationErr"": 5.4, ""depth"": 19.8, ""depthErr"": 1.3, ""dqi"": 3, ""band"": ""I"", ""observer"": ""Stanislav Poddaný, Míla Moudrá"", ""reference"": ""TRESCA"", ""referenceUrl"": ""https://var.astro.cz/en/Transits/2288"", ""note"": ""90s, full moon"", ""updatedTime"": 1367004001, ""isPrivate"": false}"
TrES-2 b,992,2456408.47833,98.2,19.7,4,I,"Milada Moudrá, Stanislav Poddaný",https://var.astro.cz/api/charts/observation/84022,https://var.astro.cz/api/OcGate/Exoplanets/8,oc_gate_api,209,"{""transId"": 2286, ""obsId"": 84022, ""dataVersion"": 0, ""hjdMid"": 2456408.47833, ""hjdMidReduced"": 56408.47833, ""jdMidErr"": 0.00172, ""epoch"": 992, ""ocValue"": -0.005784, ""duration"": 98.2, ""durationErr"": 8.6, ""depth"": 19.7, ""depthErr"": 2.2, ""dqi"": 4, ""band"": ""I"", ""observer"": ""Milada Moudrá, Stanislav Poddaný"", ""reference"": ""TRESCA"", ""referenceUrl"": ""https://var.astro.cz/en/Transits/2286"", ""note"": ""exp 90s, full moon, poorly focused. Light curve was obtained using artificial comparison star (made from 5 comp. stars)"", ""updatedTime"": 1366981755, ""isPrivate"": false}"
TrES-2 b,992,2456408.47764,155.2,17.5,4,Clear,"Dittler, Ullrich",https://var.astro.cz/api/charts/observation/84020,https://var.astro.cz/api/OcGate/Exoplanets/8,oc_gate_api,210,"{""transId"": 2284, ""obsId"": 84020, ""dataVersion"": 0, ""hjdMid"": 2456408.47764, ""hjdMidReduced"": 56408.47764, ""jdMidErr"": 0.00308, ""epoch"": 992, ""ocValue"": -0.006474, ""duration"": 155.2, ""durationErr"": 13.0, ""depth"": 17.5, ""depthErr"": 2.2, ""dqi"": 4, ""band"": ""Clear"", ""observer"": ""Dittler, Ullrich"", ""reference"": ""TRESCA"", ""referenceUrl"": ""https://var.astro.cz/en/Transits/2284"", ""note"": ""Astrodon Exoplanet-Filter used"", ""updatedTime"": 1366978426, ""isPrivate"": false}"
TrES-2 b,913,2456213.30485,90.1,35.0,3,V,Sherman Johns,https://var.astro.cz/api/charts/observation/83758,https://var.astro.cz/api/OcGate/Exoplanets/8,oc_gate_api,211,"{""transId"": 2022, ""obsId"": 83758, ""dataVersion"": 0, ""hjdMid"": 2456213.30485, ""hjdMidReduced"": 56213.30485, ""jdMidErr"": 0.00263, ""epoch"": 913, ""ocValue"": -0.00082, ""duration"": 90.1, ""durationErr"": 16.0, ""depth"": 35.0, ""depthErr"": 22.7, ""dqi"": 3, ""band"": ""V"", ""observer"": ""Sherman Johns"", ""reference"": ""TRESCA"", ""referenceUrl"": ""https://var.astro.cz/en/Transits/2022"", ""note"": ""GENERATED FROM TRANSIT id=2022"", ""updatedTime"": 1350076919, ""isPrivate"": false}"
TrES-2 b,911,2456208.36343,77.9,12.1,4,V,Ferran Grau Horta,https://var.astro.cz/api/charts/observation/83750,https://var.astro.cz/api/OcGate/Exoplanets/8,oc_gate_api,212,"{""transId"": 2012, ""obsId"": 83750, ""dataVersion"": 0, ""hjdMid"": 2456208.36343, ""hjdMidReduced"": 56208.36343, ""jdMidErr"": 0.0018, ""epoch"": 911, ""ocValue"": -0.001013, ""duration"": 77.9, ""durationErr"": 8.0, ""depth"": 12.1, ""depthErr"": 1.6, ""dqi"": 4, ""band"": ""V"", ""observer"": ""Ferran Grau Horta"", ""reference"": ""TRESCA"", ""referenceUrl"": ""https://var.astro.cz/en/Transits/2012"", ""note"": ""GENERATED FROM TRANSIT id=2012"", ""updatedTime"": 1349728181, ""isPrivate"": false}"
TrES-2 b,892,2456161.42296,133.5,14.3,4,Clear,"Janko Mravik, Jaroslav Grnja",https://var.astro.cz/api/charts/observation/83663,https://var.astro.cz/api/OcGate/Exoplanets/8,oc_gate_api,213,"{""transId"": 1920, ""obsId"": 83663, ""dataVersion"": 0, ""hjdMid"": 2456161.42296, ""hjdMidReduced"": 56161.42296, ""jdMidErr"": 0.00263, ""epoch"": 892, ""ocValue"": 0.000168, ""duration"": 133.5, ""durationErr"": 10.6, ""depth"": 14.3, ""depthErr"": 1.9, ""dqi"": 4, ""band"": ""Clear"", ""observer"": ""Janko Mravik, Jaroslav Grnja"", ""reference"": ""TRESCA"", ""referenceUrl"": ""https://var.astro.cz/en/Transits/1920"", ""note"": ""GENERATED FROM TRANSIT id=1920"", ""updatedTime"": 1345618512, ""isPrivate"": false}"
TrES-2 b,892,2456161.42265,109.9,14.2,3,R,Francisco Centenera,https://var.astro.cz/api/charts/observation/83662,https://var.astro.cz/api/OcGate/Exoplanets/8,oc_gate_api,214,"{""transId"": 1919, ""obsId"": 83662, ""dataVersion"": 0, ""hjdMid"": 2456161.42265, ""hjdMidReduced"": 56161.42265, ""jdMidErr"": 0.00147, ""epoch"": 892, ""ocValue"": -0.000142, ""duration"": 109.9, ""durationErr"": 6.3, ""depth"": 14.2, ""depthErr"": 1.6, ""dqi"": 3, ""band"": ""R"", ""observer"": ""Francisco Centenera"", ""reference"": ""TRESCA"", ""referenceUrl"": ""https://var.astro.cz/en/Transits/1919"", ""note"": ""180s exposures R filter"", ""updatedTime"": 1345597546, ""isPrivate"": false}"
TrES-2 b,892,2456161.42253,113.2,10.9,3,R,Toni Scarmato,https://var.astro.cz/api/charts/observation/83664,https://var.astro.cz/api/OcGate/Exoplanets/8,oc_gate_api,215,"{""transId"": 1921, ""obsId"": 83664, ""dataVersion"": 0, ""hjdMid"": 2456161.42253, ""hjdMidReduced"": 56161.42253, ""jdMidErr"": 0.00098, ""epoch"": 892, ""ocValue"": -0.000262, ""duration"": 113.2, ""durationErr"": 4.3, ""depth"": 10.9, ""depthErr"": 0.6, ""dqi"": 3, ""band"": ""R"", ""observer"": ""Toni Scarmato"", ""reference"": ""TRESCA"", ""referenceUrl"": ""https://var.astro.cz/en/Transits/1921"", ""note"": ""60 sec exposure no defocus"", ""updatedTime"": 1345660995, ""isPrivate"": false}"
TrES-2 b,890,2456156.48486,78.5,16.7,4,Clear,"Janko Mravik, Jaroslav Grnja",https://var.astro.cz/api/charts/observation/83648,https://var.astro.cz/api/OcGate/Exoplanets/8,oc_gate_api,216,"{""transId"": 1905, ""obsId"": 83648, ""dataVersion"": 0, ""hjdMid"": 2456156.48486, ""hjdMidReduced"": 56156.48486, ""jdMidErr"": 0.00188, ""epoch"": 890, ""ocValue"": 0.003294, ""duration"": 78.5, ""durationErr"": 9.2, ""depth"": 16.7, ""depthErr"": 2.3, ""dqi"": 4, ""band"": ""Clear"", ""observer"": ""Janko Mravik, Jaroslav Grnja"", ""reference"": ""TRESCA"", ""referenceUrl"": ""https://var.astro.cz/en/Transits/1905"", ""note"": ""GENERATED FROM TRANSIT id=1905"", ""updatedTime"": 1345191868, ""isPrivate"": false}"
TrES-2 b,890,2456156.47773,114.3,13.5,2,R,Toni Scarmato,https://var.astro.cz/api/charts/observation/83650,https://var.astro.cz/api/OcGate/Exoplanets/8,oc_gate_api,217,"{""transId"": 1907, ""obsId"": 83650, ""dataVersion"": 0, ""hjdMid"": 2456156.47773, ""hjdMidReduced"": 56156.47773, ""jdMidErr"": 0.00063, ""epoch"": 890, ""ocValue"": -0.003836, ""duration"": 114.3, ""durationErr"": 2.9, ""depth"": 13.5, ""depthErr"": 0.5, ""dqi"": 2, ""band"": ""R"", ""observer"": ""Toni Scarmato"", ""reference"": ""TRESCA"", ""referenceUrl"": ""https://var.astro.cz/en/Transits/1907"", ""note"": ""60 sec exposure no defocus"", ""updatedTime"": 1345221158, ""isPrivate"": false}"
TrES-2 b,888,2456151.53376,67.9,13.0,3,R,Ferran Grau Horta,https://var.astro.cz/api/charts/observation/83627,https://var.astro.cz/api/OcGate/Exoplanets/8,oc_gate_api,218,"{""transId"": 1882, ""obsId"": 83627, ""dataVersion"": 0, ""hjdMid"": 2456151.53376, ""hjdMidReduced"": 56151.53376, ""jdMidErr"": 0.00144, ""epoch"": 888, ""ocValue"": -0.006579, ""duration"": 67.9, ""durationErr"": 6.7, ""depth"": 13.0, ""depthErr"": 1.4, ""dqi"": 3, ""band"": ""R"", ""observer"": ""Ferran Grau Horta"", ""reference"": ""TRESCA"", ""referenceUrl"": ""https://var.astro.cz/en/Transits/1882"", ""note"": ""GENERATED FROM TRANSIT id=1882"", ""updatedTime"": 1344775647, ""isPrivate"": false}"
TrES-2 b,875,2456119.40461,103.4,27.4,4,R,Toni Scarmato,https://var.astro.cz/api/charts/observation/83575,https://var.astro.cz/api/OcGate/Exoplanets/8,oc_gate_api,219,"{""transId"": 1830, ""obsId"": 83575, ""dataVersion"": 0, ""hjdMid"": 2456119.40461, ""hjdMidReduced"": 56119.40461, ""jdMidErr"": 0.00392, ""epoch"": 875, ""ocValue"": -0.017757, ""duration"": 103.4, ""durationErr"": 20.8, ""depth"": 27.4, ""depthErr"": 10.1, ""dqi"": 4, ""band"": ""R"", ""observer"": ""Toni Scarmato"", ""reference"": ""TRESCA"", ""referenceUrl"": ""https://var.astro.cz/en/Transits/1830"", ""note"": ""GENERATED FROM TRANSIT id=1830"", ""updatedTime"": 1342537547, ""isPrivate"": false}"
TrES-2 b,863,2456089.77317,105.7,14.3,3,Clear,Joe Garlitz,https://var.astro.cz/api/charts/observation/83507,https://var.astro.cz/api/OcGate/Exoplanets/8,oc_gate_api,220,"{""transId"": 1762, ""obsId"": 83507, ""dataVersion"": 0, ""hjdMid"": 2456089.77317, ""hjdMidReduced"": 56089.77317, ""jdMidErr"": 0.00069, ""epoch"": 863, ""ocValue"": -0.001839, ""duration"": 105.7, ""durationErr"": 3.4, ""depth"": 14.3, ""depthErr"": 0.6, ""dqi"": 3, ""band"": ""Clear"", ""observer"": ""Joe Garlitz"", ""reference"": ""TRESCA"", ""referenceUrl"": ""https://var.astro.cz/en/Transits/1762"", ""note"": ""GENERATED FROM TRANSIT id=1762"", ""updatedTime"": 1339440071, ""isPrivate"": false}"
TrES-2 b,860,2456082.36338,93.3,15.0,2,R,"M. Andreev, Yu. Kuznietsova, V. Krushevska",https://var.astro.cz/api/charts/observation/83641,https://var.astro.cz/api/OcGate/Exoplanets/8,oc_gate_api,221,"{""transId"": 1896, ""obsId"": 83641, ""dataVersion"": 0, ""hjdMid"": 2456082.36338, ""hjdMidReduced"": 56082.36338, ""jdMidErr"": 0.00047, ""epoch"": 860, ""ocValue"": 0.000211, ""duration"": 93.3, ""durationErr"": 2.1, ""depth"": 15.0, ""depthErr"": 0.7, ""dqi"": 2, ""band"": ""R"", ""observer"": ""M. Andreev, Yu. Kuznietsova, V. Krushevska"", ""reference"": ""TRESCA"", ""referenceUrl"": ""https://var.astro.cz/en/Transits/1896"", ""note"": ""GENERATED FROM TRANSIT id=1896"", ""updatedTime"": 1344955732, ""isPrivate"": false}"
TrES-2 b,858,2456077.42401,102.7,16.3,3,Clear,Anthony Ayiomamitis,https://var.astro.cz/api/charts/observation/83490,https://var.astro.cz/api/OcGate/Exoplanets/8,oc_gate_api,222,"{""transId"": 1745, ""obsId"": 83490, ""dataVersion"": 0, ""hjdMid"": 2456077.42401, ""hjdMidReduced"": 56077.42401, ""jdMidErr"": 0.00077, ""epoch"": 858, ""ocValue"": 0.002067, ""duration"": 102.7, ""durationErr"": 3.6, ""depth"": 16.3, ""depthErr"": 0.7, ""dqi"": 3, ""band"": ""Clear"", ""observer"": ""Anthony Ayiomamitis"", ""reference"": ""TRESCA"", ""referenceUrl"": ""https://var.astro.cz/en/Transits/1745"", ""note"": ""Average transparency, poor seeing and slight winds."", ""updatedTime"": 1338374906, ""isPrivate"": false}"
TrES-2 b,858,2456077.41881,108.7,15.1,3,R,Antonino Brosio,https://var.astro.cz/api/charts/observation/83488,https://var.astro.cz/api/OcGate/Exoplanets/8,oc_gate_api,223,"{""transId"": 1743, ""obsId"": 83488, ""dataVersion"": 0, ""hjdMid"": 2456077.41881, ""hjdMidReduced"": 56077.41881, ""jdMidErr"": 0.00187, ""epoch"": 858, ""ocValue"": -0.003133, ""duration"": 108.7, ""durationErr"": 8.7, ""depth"": 15.1, ""depthErr"": 1.6, ""dqi"": 3, ""band"": ""R"", ""observer"": ""Antonino Brosio"", ""reference"": ""TRESCA"", ""referenceUrl"": ""https://var.astro.cz/en/Transits/1743"", ""note"": ""240 sec expo with defocus"", ""updatedTime"": 1338338870, ""isPrivate"": false}"
TrES-2 b,858,2456077.40786,55.1,14.0,3,V,Ferran Grau Horta,https://var.astro.cz/api/charts/observation/83489,https://var.astro.cz/api/OcGate/Exoplanets/8,oc_gate_api,224,"{""transId"": 1744, ""obsId"": 83489, ""dataVersion"": 0, ""hjdMid"": 2456077.40786, ""hjdMidReduced"": 56077.40786, ""jdMidErr"": 0.00115, ""epoch"": 858, ""ocValue"": -0.014083, ""duration"": 55.1, ""durationErr"": 5.5, ""depth"": 14.0, ""depthErr"": 1.8, ""dqi"": 3, ""band"": ""V"", ""observer"": ""Ferran Grau Horta"", ""reference"": ""TRESCA"", ""referenceUrl"": ""https://var.astro.cz/en/Transits/1744"", ""note"": ""GENERATED FROM TRANSIT id=1744"", ""updatedTime"": 1338370225, ""isPrivate"": false}"
TrES-2 b,856,2456072.48288,106.5,20.0,2,Clear,JOSEP GAITAN,https://var.astro.cz/api/charts/observation/83476,https://var.astro.cz/api/OcGate/Exoplanets/8,oc_gate_api,225,"{""transId"": 1730, ""obsId"": 83476, ""dataVersion"": 0, ""hjdMid"": 2456072.48288, ""hjdMidReduced"": 56072.48288, ""jdMidErr"": 0.00118, ""epoch"": 856, ""ocValue"": 0.002164, ""duration"": 106.5, ""durationErr"": 4.8, ""depth"": 20.0, ""depthErr"": 2.6, ""dqi"": 2, ""band"": ""Clear"", ""observer"": ""JOSEP GAITAN"", ""reference"": ""TRESCA"", ""referenceUrl"": ""https://var.astro.cz/en/Transits/1730"", ""note"": ""120 S."", ""updatedTime"": 1337962578, ""isPrivate"": false}"
TrES-2 b,856,2456072.48176,120.4,29.0,1,Clear,JOSEP GAITAN,https://var.astro.cz/api/charts/observation/83477,https://var.astro.cz/api/OcGate/Exoplanets/8,oc_gate_api,226,"{""transId"": 1731, ""obsId"": 83477, ""dataVersion"": 0, ""hjdMid"": 2456072.48176, ""hjdMidReduced"": 56072.48176, ""jdMidErr"": 0.00264, ""epoch"": 856, ""ocValue"": 0.001044, ""duration"": 120.4, ""durationErr"": 9.3, ""depth"": 29.0, ""depthErr"": 15.3, ""dqi"": 1, ""band"": ""Clear"", ""observer"": ""JOSEP GAITAN"", ""reference"": ""TRESCA"", ""referenceUrl"": ""https://var.astro.cz/en/Transits/1731"", ""note"": ""120 s."", ""updatedTime"": 1337963963, ""isPrivate"": false}"
TrES-2 b,856,2456072.48105,118.7,20.9,4,V,Fernand Emering,https://var.astro.cz/api/charts/observation/83474,https://var.astro.cz/api/OcGate/Exoplanets/8,oc_gate_api,227,"{""transId"": 1726, ""obsId"": 83474, ""dataVersion"": 0, ""hjdMid"": 2456072.48105, ""hjdMidReduced"": 56072.48105, ""jdMidErr"": 0.00253, ""epoch"": 856, ""ocValue"": 0.000334, ""duration"": 118.7, ""durationErr"": 12.0, ""depth"": 20.9, ""depthErr"": 2.8, ""dqi"": 4, ""band"": ""V"", ""observer"": ""Fernand Emering"", ""reference"": ""TRESCA"", ""referenceUrl"": ""https://var.astro.cz/en/Transits/1726"", ""note"": ""Begin with a lot of wind"", ""updatedTime"": 1337932362, ""isPrivate"": false}"
TrES-2 b,856,2456072.47956,106.1,15.6,3,Clear,Jaroslav Trnka,https://var.astro.cz/api/charts/observation/13966,https://var.astro.cz/api/OcGate/Exoplanets/8,oc_gate_api,228,"{""transId"": 1729, ""obsId"": 13966, ""dataVersion"": 0, ""hjdMid"": 2456072.47956, ""hjdMidReduced"": 56072.47956, ""jdMidErr"": 0.00092, ""epoch"": 856, ""ocValue"": -0.001156, ""duration"": 106.1, ""durationErr"": 4.6, ""depth"": 15.6, ""depthErr"": 1.1, ""dqi"": 3, ""band"": ""Clear"", ""observer"": ""Jaroslav Trnka"", ""reference"": ""TRESCA"", ""referenceUrl"": ""https://var.astro.cz/en/Transits/1729"", ""note"": ""exp. 50 sec"", ""updatedTime"": 1337961262, ""isPrivate"": false}"
TrES-2 b,856,2456072.47951,109.0,16.7,3,Clear,Maurice Audejean,https://var.astro.cz/api/charts/observation/13963,https://var.astro.cz/api/OcGate/Exoplanets/8,oc_gate_api,229,"{""transId"": 1727, ""obsId"": 13963, ""dataVersion"": 0, ""hjdMid"": 2456072.47951, ""hjdMidReduced"": 56072.47951, ""jdMidErr"": 0.00109, ""epoch"": 856, ""ocValue"": -0.001206, ""duration"": 109.0, ""durationErr"": 4.8, ""depth"": 16.7, ""depthErr"": 1.0, ""dqi"": 3, ""band"": ""Clear"", ""observer"": ""Maurice Audejean"", ""reference"": ""TRESCA"", ""referenceUrl"": ""https://var.astro.cz/en/Transits/1727"", ""note"": """", ""updatedTime"": 1337947189, ""isPrivate"": false}"
TrES-2 b,856,2456072.4792,105.3,17.1,2,Clear,Jiří Polák,https://var.astro.cz/api/charts/observation/13976,https://var.astro.cz/api/OcGate/Exoplanets/8,oc_gate_api,230,"{""transId"": 1735, ""obsId"": 13976, ""dataVersion"": 0, ""hjdMid"": 2456072.4792, ""hjdMidReduced"": 56072.4792, ""jdMidErr"": 0.00063, ""epoch"": 856, ""ocValue"": -0.001516, ""duration"": 105.3, ""durationErr"": 3.3, ""depth"": 17.1, ""depthErr"": 0.7, ""dqi"": 2, ""band"": ""Clear"", ""observer"": ""Jiří Polák"", ""reference"": ""TRESCA"", ""referenceUrl"": ""https://var.astro.cz/en/Transits/1735"", ""note"": ""Telescope: ED 120/900, CCD: G2-8300, Binning 1x1, Filter Clear, Exposure time 120s, Place: HaP Plzeň"", ""updatedTime"": 1338141249, ""isPrivate"": false}"
TrES-2 b,854,2456067.53971,100.2,15.1,2,R,Stanislav Poddaný,https://var.astro.cz/api/charts/observation/83457,https://var.astro.cz/api/OcGate/Exoplanets/8,oc_gate_api,231,"{""transId"": 1708, ""obsId"": 83457, ""dataVersion"": 0, ""hjdMid"": 2456067.53971, ""hjdMidReduced"": 56067.53971, ""jdMidErr"": 0.00069, ""epoch"": 854, ""ocValue"": 0.00022, ""duration"": 100.2, ""durationErr"": 3.1, ""depth"": 15.1, ""depthErr"": 0.7, ""dqi"": 2, ""band"": ""R"", ""observer"": ""Stanislav Poddaný"", ""reference"": ""TRESCA"", ""referenceUrl"": ""https://var.astro.cz/en/Transits/1708"", ""note"": ""exp 80s, no autoguide"", ""updatedTime"": 1337512186, ""isPrivate"": false}"
TrES-2 b,837,2456025.53911,109.5,16.5,2,Clear,Alfonso Carreno,https://var.astro.cz/api/charts/observation/83363,https://var.astro.cz/api/OcGate/Exoplanets/8,oc_gate_api,232,"{""transId"": 1608, ""obsId"": 83363, ""dataVersion"": 0, ""hjdMid"": 2456025.53911, ""hjdMidReduced"": 56025.53911, ""jdMidErr"": 0.00067, ""epoch"": 837, ""ocValue"": 4.5e-05, ""duration"": 109.5, ""durationErr"": 3.3, ""depth"": 16.5, ""depthErr"": 0.7, ""dqi"": 2, ""band"": ""Clear"", ""observer"": ""Alfonso Carreno"", ""reference"": ""TRESCA"", ""referenceUrl"": ""https://var.astro.cz/en/Transits/1608"", ""note"": ""120 seconds nofilter"", ""updatedTime"": 1333904890, ""isPrivate"": false}"
TrES-2 b,833,2456015.65623,102.3,16.1,3,Clear,Jordi Lopesino,https://var.astro.cz/api/charts/observation/83337,https://var.astro.cz/api/OcGate/Exoplanets/8,oc_gate_api,233,"{""transId"": 1580, ""obsId"": 83337, ""dataVersion"": 0, ""hjdMid"": 2456015.65623, ""hjdMidReduced"": 56015.65623, ""jdMidErr"": 0.00099, ""epoch"": 833, ""ocValue"": -0.000382, ""duration"": 102.3, ""durationErr"": 4.6, ""depth"": 16.1, ""depthErr"": 1.9, ""dqi"": 3, ""band"": ""Clear"", ""observer"": ""Jordi Lopesino"", ""reference"": ""TRESCA"", ""referenceUrl"": ""https://var.astro.cz/en/Transits/1580"", ""note"": ""30 s"", ""updatedTime"": 1332996876, ""isPrivate"": false}"
TrES-2 b,827,2456000.8312,113.6,19.8,3,I,William Armentrout,https://var.astro.cz/api/charts/observation/83354,https://var.astro.cz/api/OcGate/Exoplanets/8,oc_gate_api,234,"{""transId"": 1599, ""obsId"": 83354, ""dataVersion"": 0, ""hjdMid"": 2456000.8312, ""hjdMidReduced"": 56000.8312, ""jdMidErr"": 0.00142, ""epoch"": 827, ""ocValue"": -0.001733, ""duration"": 113.6, ""durationErr"": 7.2, ""depth"": 19.8, ""depthErr"": 1.7, ""dqi"": 3, ""band"": ""I"", ""observer"": ""William Armentrout"", ""reference"": ""TRESCA"", ""referenceUrl"": ""https://var.astro.cz/en/Transits/1599"", ""note"": ""Observing Team: William P. Armentrout, Dr. Thomas E. Oberst, Daniel K. Giles\r\n\r\nCheck Stars Used: 2, 3, 4"", ""updatedTime"": 1333678343, ""isPrivate"": false}"
TrES-2 b,777,2455877.29981,87.8,15.3,1,V,Fernand Emering,https://var.astro.cz/api/charts/observation/83022,https://var.astro.cz/api/OcGate/Exoplanets/8,oc_gate_api,235,"{""transId"": 1244, ""obsId"": 83022, ""dataVersion"": 0, ""hjdMid"": 2455877.29981, ""hjdMidReduced"": 55877.29981, ""jdMidErr"": 0.00022, ""epoch"": 777, ""ocValue"": -0.002462, ""duration"": 87.8, ""durationErr"": 1.0, ""depth"": 15.3, ""depthErr"": 0.2, ""dqi"": 1, ""band"": ""V"", ""observer"": ""Fernand Emering"", ""reference"": ""TRESCA"", ""referenceUrl"": ""https://var.astro.cz/en/Transits/1244"", ""note"": ""Time corretion"", ""updatedTime"": 1321099034, ""isPrivate"": false}"
TrES-2 b,777,2455877.2937,87.3,15.1,1,V,Fernand Emering,https://var.astro.cz/api/charts/observation/83021,https://var.astro.cz/api/OcGate/Exoplanets/8,oc_gate_api,236,"{""transId"": 1243, ""obsId"": 83021, ""dataVersion"": 0, ""hjdMid"": 2455877.2937, ""hjdMidReduced"": 55877.2937, ""jdMidErr"": 0.00022, ""epoch"": 777, ""ocValue"": -0.008572, ""duration"": 87.3, ""durationErr"": 1.0, ""depth"": 15.1, ""depthErr"": 0.2, ""dqi"": 1, ""band"": ""V"", ""observer"": ""Fernand Emering"", ""reference"": ""TRESCA"", ""referenceUrl"": ""https://var.astro.cz/en/Transits/1243"", ""note"": ""Smooth factor = 30"", ""updatedTime"": 1321092388, ""isPrivate"": false}"
TrES-2 b,767,2455852.59681,100.5,17.3,1,Clear,Stan Shadick,https://var.astro.cz/api/charts/observation/83012,https://var.astro.cz/api/OcGate/Exoplanets/8,oc_gate_api,237,"{""transId"": 1234, ""obsId"": 83012, ""dataVersion"": 0, ""hjdMid"": 2455852.59681, ""hjdMidReduced"": 55852.59681, ""jdMidErr"": 0.00056, ""epoch"": 767, ""ocValue"": 0.00067, ""duration"": 100.5, ""durationErr"": 2.6, ""depth"": 17.3, ""depthErr"": 0.8, ""dqi"": 1, ""band"": ""Clear"", ""observer"": ""Stan Shadick"", ""reference"": ""TRESCA"", ""referenceUrl"": ""https://var.astro.cz/en/Transits/1234"", ""note"": ""CBB filter\r\nProcessed using artificial star at 6x4x10\r\nUsed only reference stars C1-C8, C10, C11, C14, C15"", ""updatedTime"": 1320603622, ""isPrivate"": false}"
TrES-2 b,767,2455852.59653,107.8,15.2,3,R,Chandler Fountain,https://var.astro.cz/api/charts/observation/83001,https://var.astro.cz/api/OcGate/Exoplanets/8,oc_gate_api,238,"{""transId"": 1223, ""obsId"": 83001, ""dataVersion"": 0, ""hjdMid"": 2455852.59653, ""hjdMidReduced"": 55852.59653, ""jdMidErr"": 0.00086, ""epoch"": 767, ""ocValue"": 0.00039, ""duration"": 107.8, ""durationErr"": 4.0, ""depth"": 15.2, ""depthErr"": 0.7, ""dqi"": 3, ""band"": ""R"", ""observer"": ""Chandler Fountain"", ""reference"": ""TRESCA"", ""referenceUrl"": ""https://var.astro.cz/en/Transits/1223"", ""note"": ""GENERATED FROM TRANSIT id=1223"", ""updatedTime"": 1320195700, ""isPrivate"": false}"
TrES-2 b,763,2455842.7124,100.4,16.0,3,Clear,Kellen Martin,https://var.astro.cz/api/charts/observation/82971,https://var.astro.cz/api/OcGate/Exoplanets/8,oc_gate_api,239,"{""transId"": 1192, ""obsId"": 82971, ""dataVersion"": 0, ""hjdMid"": 2455842.7124, ""hjdMidReduced"": 55842.7124, ""jdMidErr"": 0.00133, ""epoch"": 763, ""ocValue"": -0.001287, ""duration"": 100.4, ""durationErr"": 6.1, ""depth"": 16.0, ""depthErr"": 1.4, ""dqi"": 3, ""band"": ""Clear"", ""observer"": ""Kellen Martin"", ""reference"": ""TRESCA"", ""referenceUrl"": ""https://var.astro.cz/en/Transits/1192"", ""note"": ""Fairly steady skies. Darks and flats applied.\r\nGSC 3549-2811"", ""updatedTime"": 1319143828, ""isPrivate"": false}"
TrES-2 b,761,2455837.7648,96.5,22.7,2,Clear,Stan Shadick,https://var.astro.cz/api/charts/observation/83397,https://var.astro.cz/api/OcGate/Exoplanets/8,oc_gate_api,240,"{""transId"": 1642, ""obsId"": 83397, ""dataVersion"": 0, ""hjdMid"": 2455837.7648, ""hjdMidReduced"": 55837.7648, ""jdMidErr"": 0.0007, ""epoch"": 761, ""ocValue"": -0.00766, ""duration"": 96.5, ""durationErr"": 3.2, ""depth"": 22.7, ""depthErr"": 0.9, ""dqi"": 2, ""band"": ""Clear"", ""observer"": ""Stan Shadick"", ""reference"": ""TRESCA"", ""referenceUrl"": ""https://var.astro.cz/en/Transits/1642"", ""note"": ""CBB FILTER.\r\nUsed only reference stars C1-C9, C12, C14, C16-C20, C25.\r\nPier 3."", ""updatedTime"": 1335282398, ""isPrivate"": false}"
TrES-2 b,760,2455835.30096,111.1,15.4,3,Clear,Luboš Brát,https://var.astro.cz/api/charts/observation/82927,https://var.astro.cz/api/OcGate/Exoplanets/8,oc_gate_api,241,"{""transId"": 1144, ""obsId"": 82927, ""dataVersion"": 0, ""hjdMid"": 2455835.30096, ""hjdMidReduced"": 55835.30096, ""jdMidErr"": 0.00085, ""epoch"": 760, ""ocValue"": -0.000887, ""duration"": 111.1, ""durationErr"": 4.4, ""depth"": 15.4, ""depthErr"": 0.8, ""dqi"": 3, ""band"": ""Clear"", ""observer"": ""Luboš Brát"", ""reference"": ""TRESCA"", ""referenceUrl"": ""https://var.astro.cz/en/Transits/1144"", ""note"": ""data are average of 5 detrended light curves according to 5 comparison stars"", ""updatedTime"": 1317418096, ""isPrivate"": false}"
TrES-2 b,758,2455830.36205,105.9,19.6,3,Clear,Luboš Brát,https://var.astro.cz/api/charts/observation/8981,https://var.astro.cz/api/OcGate/Exoplanets/8,oc_gate_api,242,"{""transId"": 1130, ""obsId"": 8981, ""dataVersion"": 0, ""hjdMid"": 2455830.36205, ""hjdMidReduced"": 55830.36205, ""jdMidErr"": 0.00078, ""epoch"": 758, ""ocValue"": 0.001429, ""duration"": 105.9, ""durationErr"": 3.7, ""depth"": 19.6, ""depthErr"": 0.9, ""dqi"": 3, ""band"": ""Clear"", ""observer"": ""Luboš Brát"", ""reference"": ""TRESCA"", ""referenceUrl"": ""https://var.astro.cz/en/Transits/1130"", ""note"": ""60s exposures with autoguiding, data are average of 7 previously detrended LCs according to 7 comparison stars"", ""updatedTime"": 1316992119, ""isPrivate"": false}"
TrES-2 b,758,2455830.3582,107.0,15.8,3,Clear,Gerhard Dangl,https://var.astro.cz/api/charts/observation/82917,https://var.astro.cz/api/OcGate/Exoplanets/8,oc_gate_api,243,"{""transId"": 1133, ""obsId"": 82917, ""dataVersion"": 0, ""hjdMid"": 2455830.3582, ""hjdMidReduced"": 55830.3582, ""jdMidErr"": 0.00083, ""epoch"": 758, ""ocValue"": -0.002421, ""duration"": 107.0, ""durationErr"": 3.9, ""depth"": 15.8, ""depthErr"": 0.8, ""dqi"": 3, ""band"": ""Clear"", ""observer"": ""Gerhard Dangl"", ""reference"": ""TRESCA"", ""referenceUrl"": ""https://var.astro.cz/en/Transits/1133"", ""note"": ""Bin 1x1, CCD temp=263K, Exptime=10s,\r\ndarks, flats"", ""updatedTime"": 1317243633, ""isPrivate"": false}"
TrES-2 b,744,2455795.77385,107.3,15.8,3,I,Stan Shadick,https://var.astro.cz/api/charts/observation/83128,https://var.astro.cz/api/OcGate/Exoplanets/8,oc_gate_api,244,"{""transId"": 1354, ""obsId"": 83128, ""dataVersion"": 0, ""hjdMid"": 2455795.77385, ""hjdMidReduced"": 55795.77385, ""jdMidErr"": 0.00117, ""epoch"": 744, ""ocValue"": 0.001814, ""duration"": 107.3, ""durationErr"": 5.6, ""depth"": 15.8, ""depthErr"": 1.1, ""dqi"": 3, ""band"": ""I"", ""observer"": ""Stan Shadick"", ""reference"": ""TRESCA"", ""referenceUrl"": ""https://var.astro.cz/en/Transits/1354"", ""note"": ""Processed with artificial star at 6x4x10\r\nUsed only reference stars C1, C2, C7\r\nPier 5"", ""updatedTime"": 1324943935, ""isPrivate"": false}"
TrES-2 b,742,2455790.83052,115.5,19.7,3,I,Stan Shadick,https://var.astro.cz/api/charts/observation/82864,https://var.astro.cz/api/OcGate/Exoplanets/8,oc_gate_api,245,"{""transId"": 1057, ""obsId"": 82864, ""dataVersion"": 0, ""hjdMid"": 2455790.83052, ""hjdMidReduced"": 55790.83052, ""jdMidErr"": 0.0008, ""epoch"": 742, ""ocValue"": -0.000289, ""duration"": 115.5, ""durationErr"": 4.0, ""depth"": 19.7, ""depthErr"": 0.9, ""dqi"": 3, ""band"": ""I"", ""observer"": ""Stan Shadick"", ""reference"": ""TRESCA"", ""referenceUrl"": ""https://var.astro.cz/en/Transits/1057"", ""note"": ""Processed with artificial star technique at 7x4x10\r\nBinning 2\r\nUsed only reference stars C1, C3, C7, C9-C13, C15-C21\r\nPier 3"", ""updatedTime"": 1313876942, ""isPrivate"": false}"
TrES-2 b,737,2455778.47779,98.9,18.2,3,Clear,Francisco Centenera,https://var.astro.cz/api/charts/observation/82844,https://var.astro.cz/api/OcGate/Exoplanets/8,oc_gate_api,246,"{""transId"": 1037, ""obsId"": 82844, ""dataVersion"": 0, ""hjdMid"": 2455778.47779, ""hjdMidReduced"": 55778.47779, ""jdMidErr"": 0.00124, ""epoch"": 737, ""ocValue"": 4.7e-05, ""duration"": 98.9, ""durationErr"": 5.8, ""depth"": 18.2, ""depthErr"": 1.5, ""dqi"": 3, ""band"": ""Clear"", ""observer"": ""Francisco Centenera"", ""reference"": ""TRESCA"", ""referenceUrl"": ""https://var.astro.cz/en/Transits/1037"", ""note"": ""180 s exposures. Clouds and bad weather conditions from mid transit"", ""updatedTime"": 1312634496, ""isPrivate"": false}"
TrES-2 b,733,2455768.59776,100.9,16.9,2,Clear,Francisco Centenera,https://var.astro.cz/api/charts/observation/82830,https://var.astro.cz/api/OcGate/Exoplanets/8,oc_gate_api,247,"{""transId"": 1022, ""obsId"": 82830, ""dataVersion"": 0, ""hjdMid"": 2455768.59776, ""hjdMidReduced"": 55768.59776, ""jdMidErr"": 0.00128, ""epoch"": 733, ""ocValue"": 0.00247, ""duration"": 100.9, ""durationErr"": 6.0, ""depth"": 16.9, ""depthErr"": 1.7, ""dqi"": 2, ""band"": ""Clear"", ""observer"": ""Francisco Centenera"", ""reference"": ""TRESCA"", ""referenceUrl"": ""https://var.astro.cz/en/Transits/1022"", ""note"": ""200 s exposures"", ""updatedTime"": 1311688456, ""isPrivate"": false}"
TrES-2 b,733,2455768.59323,106.0,15.8,2,Clear,Tomas L Gomez,https://var.astro.cz/api/charts/observation/82834,https://var.astro.cz/api/OcGate/Exoplanets/8,oc_gate_api,248,"{""transId"": 1026, ""obsId"": 82834, ""dataVersion"": 0, ""hjdMid"": 2455768.59323, ""hjdMidReduced"": 55768.59323, ""jdMidErr"": 0.00093, ""epoch"": 733, ""ocValue"": -0.00206, ""duration"": 106.0, ""durationErr"": 4.3, ""depth"": 15.8, ""depthErr"": 1.1, ""dqi"": 2, ""band"": ""Clear"", ""observer"": ""Tomas L Gomez"", ""reference"": ""TRESCA"", ""referenceUrl"": ""https://var.astro.cz/en/Transits/1026"", ""note"": ""GENERATED FROM TRANSIT id=1026"", ""updatedTime"": 1311887018, ""isPrivate"": false}"
TrES-2 b,720,2455736.4807,85.4,14.4,3,Clear,Rui Branco,https://var.astro.cz/api/charts/observation/82771,https://var.astro.cz/api/OcGate/Exoplanets/8,oc_gate_api,249,"{""transId"": 962, ""obsId"": 82771, ""dataVersion"": 0, ""hjdMid"": 2455736.4807, ""hjdMidReduced"": 55736.4807, ""jdMidErr"": 0.00111, ""epoch"": 720, ""ocValue"": 0.003382, ""duration"": 85.4, ""durationErr"": 5.0, ""depth"": 14.4, ""depthErr"": 1.1, ""dqi"": 3, ""band"": ""Clear"", ""observer"": ""Rui Branco"", ""reference"": ""TRESCA"", ""referenceUrl"": ""https://var.astro.cz/en/Transits/962"", ""note"": ""203mm with CCD 314L"", ""updatedTime"": 1308962870, ""isPrivate"": false}"
TrES-2 b,720,2455736.47509,99.9,16.7,3,R,Antonino Brosio,https://var.astro.cz/api/charts/observation/82764,https://var.astro.cz/api/OcGate/Exoplanets/8,oc_gate_api,250,"{""transId"": 955, ""obsId"": 82764, ""dataVersion"": 0, ""hjdMid"": 2455736.47509, ""hjdMidReduced"": 55736.47509, ""jdMidErr"": 0.00121, ""epoch"": 720, ""ocValue"": -0.002228, ""duration"": 99.9, ""durationErr"": 5.5, ""depth"": 16.7, ""depthErr"": 1.3, ""dqi"": 3, ""band"": ""R"", ""observer"": ""Antonino Brosio"", ""reference"": ""TRESCA"", ""referenceUrl"": ""https://var.astro.cz/en/Transits/955"", ""note"": ""120 sec exposure."", ""updatedTime"": 1308880759, ""isPrivate"": false}"
TrES-2 b,718,2455731.54594,161.1,18.8,3,R,Nello Ruocco,https://var.astro.cz/api/charts/observation/82759,https://var.astro.cz/api/OcGate/Exoplanets/8,oc_gate_api,251,"{""transId"": 950, ""obsId"": 82759, ""dataVersion"": 0, ""hjdMid"": 2455731.54594, ""hjdMidReduced"": 55731.54594, ""jdMidErr"": 0.00238, ""epoch"": 718, ""ocValue"": 0.009848, ""duration"": 161.1, ""durationErr"": 10.0, ""depth"": 18.8, ""depthErr"": 1.8, ""dqi"": 3, ""band"": ""R"", ""observer"": ""Nello Ruocco"", ""reference"": ""TRESCA"", ""referenceUrl"": ""https://var.astro.cz/en/Transits/950"", ""note"": ""filter r photographic"", ""updatedTime"": 1308469442, ""isPrivate"": false}"
TrES-2 b,712,2455716.71448,100.8,17.4,3,Clear,Tanya Dax,https://var.astro.cz/api/charts/observation/83459,https://var.astro.cz/api/OcGate/Exoplanets/8,oc_gate_api,252,"{""transId"": 1711, ""obsId"": 83459, ""dataVersion"": 0, ""hjdMid"": 2455716.71448, ""hjdMidReduced"": 55716.71448, ""jdMidErr"": 0.00064, ""epoch"": 712, ""ocValue"": 0.002067, ""duration"": 100.8, ""durationErr"": 3.0, ""depth"": 17.4, ""depthErr"": 0.7, ""dqi"": 3, ""band"": ""Clear"", ""observer"": ""Tanya Dax"", ""reference"": ""TRESCA"", ""referenceUrl"": ""https://var.astro.cz/en/Transits/1711"", ""note"": ""GENERATED FROM TRANSIT id=1711"", ""updatedTime"": 1337633527, ""isPrivate"": false}"
TrES-2 b,708,2455706.82989,111.4,15.7,3,Clear,Joe Garlitz,https://var.astro.cz/api/charts/observation/82733,https://var.astro.cz/api/OcGate/Exoplanets/8,oc_gate_api,253,"{""transId"": 921, ""obsId"": 82733, ""dataVersion"": 0, ""hjdMid"": 2455706.82989, ""hjdMidReduced"": 55706.82989, ""jdMidErr"": 0.00072, ""epoch"": 708, ""ocValue"": -7e-05, ""duration"": 111.4, ""durationErr"": 3.3, ""depth"": 15.7, ""depthErr"": 0.6, ""dqi"": 3, ""band"": ""Clear"", ""observer"": ""Joe Garlitz"", ""reference"": ""TRESCA"", ""referenceUrl"": ""https://var.astro.cz/en/Transits/921"", ""note"": ""V-Ens, 30sec images"", ""updatedTime"": 1306430894, ""isPrivate"": false}"
TrES-2 b,701,2455689.53805,104.9,18.3,4,Clear,Martin Zíbar,https://var.astro.cz/api/charts/observation/7691,https://var.astro.cz/api/OcGate/Exoplanets/8,oc_gate_api,254,"{""transId"": 876, ""obsId"": 7691, ""dataVersion"": 0, ""hjdMid"": 2455689.53805, ""hjdMidReduced"": 55689.53805, ""jdMidErr"": 0.00232, ""epoch"": 701, ""ocValue"": 0.002383, ""duration"": 104.9, ""durationErr"": 11.4, ""depth"": 18.3, ""depthErr"": 2.7, ""dqi"": 4, ""band"": ""Clear"", ""observer"": ""Martin Zíbar"", ""reference"": ""TRESCA"", ""referenceUrl"": ""https://var.astro.cz/en/Transits/876"", ""note"": ""Ke konci pozorování vypadl AG - nastavil jsem příliš vysoko práh detekce hvězdy. FWHM od 5 do 7, expozice 180 s, slušná obloha, akorát od Plzně přebíhal pravidelně slabší světelný paprsek (reklama z diskotéky)."", ""updatedTime"": 1304825552, ""isPrivate"": false}"
TrES-2 b,701,2455689.53575,100.3,13.5,4,R,Antonino Brosio,https://var.astro.cz/api/charts/observation/82694,https://var.astro.cz/api/OcGate/Exoplanets/8,oc_gate_api,255,"{""transId"": 878, ""obsId"": 82694, ""dataVersion"": 0, ""hjdMid"": 2455689.53575, ""hjdMidReduced"": 55689.53575, ""jdMidErr"": 0.00179, ""epoch"": 701, ""ocValue"": 8.3e-05, ""duration"": 100.3, ""durationErr"": 8.4, ""depth"": 13.5, ""depthErr"": 1.6, ""dqi"": 4, ""band"": ""R"", ""observer"": ""Antonino Brosio"", ""reference"": ""TRESCA"", ""referenceUrl"": ""https://var.astro.cz/en/Transits/878"", ""note"": ""Exposures: 120 seconds. R filter and little defocus. Good weather."", ""updatedTime"": 1304859704, ""isPrivate"": false}"
TrES-2 b,701,2455689.53526,111.6,16.6,3,Clear,Luboš Brát,https://var.astro.cz/api/charts/observation/7692,https://var.astro.cz/api/OcGate/Exoplanets/8,oc_gate_api,256,"{""transId"": 877, ""obsId"": 7692, ""dataVersion"": 0, ""hjdMid"": 2455689.53526, ""hjdMidReduced"": 55689.53526, ""jdMidErr"": 0.00134, ""epoch"": 701, ""ocValue"": -0.000407, ""duration"": 111.6, ""durationErr"": 6.3, ""depth"": 16.6, ""depthErr"": 1.2, ""dqi"": 3, ""band"": ""Clear"", ""observer"": ""Luboš Brát"", ""reference"": ""TRESCA"", ""referenceUrl"": ""https://var.astro.cz/en/Transits/877"", ""note"": ""First hour 60s exposures, rest of data 180s exposures with autoguiding"", ""updatedTime"": 1304839002, ""isPrivate"": false}"
TrES-2 b,701,2455689.52847,89.3,19.3,3,Clear,"Casarramona F., Estraviz G.",https://var.astro.cz/api/charts/observation/82697,https://var.astro.cz/api/OcGate/Exoplanets/8,oc_gate_api,257,"{""transId"": 882, ""obsId"": 82697, ""dataVersion"": 0, ""hjdMid"": 2455689.52847, ""hjdMidReduced"": 55689.52847, ""jdMidErr"": 0.00134, ""epoch"": 701, ""ocValue"": -0.007197, ""duration"": 89.3, ""durationErr"": 6.7, ""depth"": 19.3, ""depthErr"": 1.3, ""dqi"": 3, ""band"": ""Clear"", ""observer"": ""Casarramona F., Estraviz G."", ""reference"": ""TRESCA"", ""referenceUrl"": ""https://var.astro.cz/en/Transits/882"", ""note"": ""Technical problems cut the observation at beginning of transit. This adds uncertain to mid-transit.\r\n\r\nOur first exoplanet transit observation."", ""updatedTime"": 1304975391, ""isPrivate"": false}"
TrES-2 b,693,2455669.76875,110.0,14.7,4,R,Stan Shadick,https://var.astro.cz/api/charts/observation/82772,https://var.astro.cz/api/OcGate/Exoplanets/8,oc_gate_api,258,"{""transId"": 963, ""obsId"": 82772, ""dataVersion"": 0, ""hjdMid"": 2455669.76875, ""hjdMidReduced"": 55669.76875, ""jdMidErr"": 0.00166, ""epoch"": 693, ""ocValue"": -0.002011, ""duration"": 110.0, ""durationErr"": 8.0, ""depth"": 14.7, ""depthErr"": 1.5, ""dqi"": 4, ""band"": ""R"", ""observer"": ""Stan Shadick"", ""reference"": ""TRESCA"", ""referenceUrl"": ""https://var.astro.cz/en/Transits/963"", ""note"": ""Processed using artificial star technique at 5x4x10\r\nPier 1\r\nUsed only reference stars C1-C7, C13-C16, C18-C23"", ""updatedTime"": 1309051461, ""isPrivate"": false}"
TrES-2 b,614,2455474.58848,118.6,22.1,2,Clear,"Erich Geisert, S. Durrance, N. Ashoura, S. Irwin",https://var.astro.cz/api/charts/observation/82458,https://var.astro.cz/api/OcGate/Exoplanets/8,oc_gate_api,259,"{""transId"": 611, ""obsId"": 82458, ""dataVersion"": 0, ""hjdMid"": 2455474.58848, ""hjdMidReduced"": 55474.58848, ""jdMidErr"": 0.00198, ""epoch"": 614, ""ocValue"": -0.003837, ""duration"": 118.6, ""durationErr"": 7.3, ""depth"": 22.1, ""depthErr"": 3.0, ""dqi"": 2, ""band"": ""Clear"", ""observer"": ""Erich Geisert, S. Durrance, N. Ashoura, S. Irwin"", ""reference"": ""TRESCA"", ""referenceUrl"": ""https://var.astro.cz/en/Transits/611"", ""note"": ""Part of the transit was not recorded, because there was an issue with the tracking for the telescope."", ""updatedTime"": 1288381480, ""isPrivate"": false}"
TrES-2 b,612,2455469.65069,109.3,15.1,1,Clear,Joe Garlitz,https://var.astro.cz/api/charts/observation/82409,https://var.astro.cz/api/OcGate/Exoplanets/8,oc_gate_api,260,"{""transId"": 562, ""obsId"": 82409, ""dataVersion"": 0, ""hjdMid"": 2455469.65069, ""hjdMidReduced"": 55469.65069, ""jdMidErr"": 0.00047, ""epoch"": 612, ""ocValue"": -0.000401, ""duration"": 109.3, ""durationErr"": 2.0, ""depth"": 15.1, ""depthErr"": 0.5, ""dqi"": 1, ""band"": ""Clear"", ""observer"": ""Joe Garlitz"", ""reference"": ""TRESCA"", ""referenceUrl"": ""https://var.astro.cz/en/Transits/562"", ""note"": ""V-Ens 30 sec exposures"", ""updatedTime"": 1286147925, ""isPrivate"": false}"
TrES-2 b,612,2455469.65069,109.3,15.1,1,Clear,Joe Garlitz,https://var.astro.cz/api/charts/observation/82418,https://var.astro.cz/api/OcGate/Exoplanets/8,oc_gate_api,261,"{""transId"": 571, ""obsId"": 82418, ""dataVersion"": 0, ""hjdMid"": 2455469.65069, ""hjdMidReduced"": 55469.65069, ""jdMidErr"": 0.00047, ""epoch"": 612, ""ocValue"": -0.000401, ""duration"": 109.3, ""durationErr"": 2.0, ""depth"": 15.1, ""depthErr"": 0.5, ""dqi"": 1, ""band"": ""Clear"", ""observer"": ""Joe Garlitz"", ""reference"": ""TRESCA"", ""referenceUrl"": ""https://var.astro.cz/en/Transits/571"", ""note"": ""30 sec exposures: V-Ens"", ""updatedTime"": 1286475462, ""isPrivate"": false}"
TrES-2 b,612,2455469.65014,104.2,15.5,3,R,Patrick Wiggins,https://var.astro.cz/api/charts/observation/82405,https://var.astro.cz/api/OcGate/Exoplanets/8,oc_gate_api,262,"{""transId"": 558, ""obsId"": 82405, ""dataVersion"": 0, ""hjdMid"": 2455469.65014, ""hjdMidReduced"": 55469.65014, ""jdMidErr"": 0.00115, ""epoch"": 612, ""ocValue"": -0.000951, ""duration"": 104.2, ""durationErr"": 5.3, ""depth"": 15.5, ""depthErr"": 1.1, ""dqi"": 3, ""band"": ""R"", ""observer"": ""Patrick Wiggins"", ""reference"": ""TRESCA"", ""referenceUrl"": ""https://var.astro.cz/en/Transits/558"", ""note"": ""Standard deviation 0.0078"", ""updatedTime"": 1285826133, ""isPrivate"": false}"
TrES-2 b,610,2455464.71076,89.3,18.3,3,R,Patrick Wiggins,https://var.astro.cz/api/charts/observation/82397,https://var.astro.cz/api/OcGate/Exoplanets/8,oc_gate_api,263,"{""transId"": 550, ""obsId"": 82397, ""dataVersion"": 0, ""hjdMid"": 2455464.71076, ""hjdMidReduced"": 55464.71076, ""jdMidErr"": 0.00117, ""epoch"": 610, ""ocValue"": 0.000896, ""duration"": 89.3, ""durationErr"": 0.0, ""depth"": 18.3, ""depthErr"": 2.7, ""dqi"": 3, ""band"": ""R"", ""observer"": ""Patrick Wiggins"", ""reference"": ""TRESCA"", ""referenceUrl"": ""https://var.astro.cz/en/Transits/550"", ""note"": ""GENERATED FROM TRANSIT id=550"", ""updatedTime"": 1285396539, ""isPrivate"": false}"
TrES-2 b,610,2455464.70971,111.3,15.4,3,I,Stan Shadick,https://var.astro.cz/api/charts/observation/82400,https://var.astro.cz/api/OcGate/Exoplanets/8,oc_gate_api,264,"{""transId"": 553, ""obsId"": 82400, ""dataVersion"": 0, ""hjdMid"": 2455464.70971, ""hjdMidReduced"": 55464.70971, ""jdMidErr"": 0.00101, ""epoch"": 610, ""ocValue"": -0.000154, ""duration"": 111.3, ""durationErr"": 4.6, ""depth"": 15.4, ""depthErr"": 0.9, ""dqi"": 3, ""band"": ""I"", ""observer"": ""Stan Shadick"", ""reference"": ""TRESCA"", ""referenceUrl"": ""https://var.astro.cz/en/Transits/553"", ""note"": ""Bright Moon\r\nProcessed with B. Gary\\\\\\'s Artificial Star Spreadsheet at 7x4x10"", ""updatedTime"": 1285558877, ""isPrivate"": false}"
TrES-2 b,607,2455457.29863,93.7,19.1,2,R,Jakub Rozehnal,https://var.astro.cz/api/charts/observation/82389,https://var.astro.cz/api/OcGate/Exoplanets/8,oc_gate_api,265,"{""transId"": 542, ""obsId"": 82389, ""dataVersion"": 0, ""hjdMid"": 2455457.29863, ""hjdMidReduced"": 55457.29863, ""jdMidErr"": 0.00058, ""epoch"": 607, ""ocValue"": 0.000605, ""duration"": 93.7, ""durationErr"": 2.8, ""depth"": 19.1, ""depthErr"": 0.8, ""dqi"": 2, ""band"": ""R"", ""observer"": ""Jakub Rozehnal"", ""reference"": ""TRESCA"", ""referenceUrl"": ""https://var.astro.cz/en/Transits/542"", ""note"": ""exp 90s"", ""updatedTime"": 1284833145, ""isPrivate"": false}"
TrES-2 b,605,2455452.35748,120.5,10.7,3,R,Claudio Lopresti,https://var.astro.cz/api/charts/observation/82380,https://var.astro.cz/api/OcGate/Exoplanets/8,oc_gate_api,266,"{""transId"": 533, ""obsId"": 82380, ""dataVersion"": 0, ""hjdMid"": 2455452.35748, ""hjdMidReduced"": 55452.35748, ""jdMidErr"": 0.00134, ""epoch"": 605, ""ocValue"": 0.000682, ""duration"": 120.5, ""durationErr"": 5.8, ""depth"": 10.7, ""depthErr"": 0.7, ""dqi"": 3, ""band"": ""R"", ""observer"": ""Claudio Lopresti"", ""reference"": ""TRESCA"", ""referenceUrl"": ""https://var.astro.cz/en/Transits/533"", ""note"": ""EXP: 120 sec"", ""updatedTime"": 1284382597, ""isPrivate"": false}"
TrES-2 b,601,2455442.47183,92.0,15.4,3,R,vanhuysse michael,https://var.astro.cz/api/charts/observation/82415,https://var.astro.cz/api/OcGate/Exoplanets/8,oc_gate_api,267,"{""transId"": 568, ""obsId"": 82415, ""dataVersion"": 0, ""hjdMid"": 2455442.47183, ""hjdMidReduced"": 55442.47183, ""jdMidErr"": 0.00066, ""epoch"": 601, ""ocValue"": -0.002515, ""duration"": 92.0, ""durationErr"": 3.0, ""depth"": 15.4, ""depthErr"": 0.7, ""dqi"": 3, ""band"": ""R"", ""observer"": ""vanhuysse michael"", ""reference"": ""TRESCA"", ""referenceUrl"": ""https://var.astro.cz/en/Transits/568"", ""note"": ""sloan r filter"", ""updatedTime"": 1286277096, ""isPrivate"": false}"
TrES-2 b,599,2455437.53377,96.5,10.9,4,V,Angel Luis Marrero,https://var.astro.cz/api/charts/observation/82359,https://var.astro.cz/api/OcGate/Exoplanets/8,oc_gate_api,268,"{""transId"": 512, ""obsId"": 82359, ""dataVersion"": 0, ""hjdMid"": 2455437.53377, ""hjdMidReduced"": 55437.53377, ""jdMidErr"": 0.00169, ""epoch"": 599, ""ocValue"": 0.000651, ""duration"": 96.5, ""durationErr"": 7.7, ""depth"": 10.9, ""depthErr"": 1.6, ""dqi"": 4, ""band"": ""V"", ""observer"": ""Angel Luis Marrero"", ""reference"": ""TRESCA"", ""referenceUrl"": ""https://var.astro.cz/en/Transits/512"", ""note"": ""GENERATED FROM TRANSIT id=512"", ""updatedTime"": 1283268242, ""isPrivate"": false}"
TrES-2 b,597,2455432.59112,92.4,14.0,3,R,vanhuysse michael,https://var.astro.cz/api/charts/observation/82336,https://var.astro.cz/api/OcGate/Exoplanets/8,oc_gate_api,269,"{""transId"": 488, ""obsId"": 82336, ""dataVersion"": 0, ""hjdMid"": 2455432.59112, ""hjdMidReduced"": 55432.59112, ""jdMidErr"": 0.00119, ""epoch"": 597, ""ocValue"": -0.000772, ""duration"": 92.4, ""durationErr"": 5.3, ""depth"": 14.0, ""depthErr"": 1.1, ""dqi"": 3, ""band"": ""R"", ""observer"": ""vanhuysse michael"", ""reference"": ""TRESCA"", ""referenceUrl"": ""https://var.astro.cz/en/Transits/488"", ""note"": ""20sec sloan r\\\\\\\\\\\\\\\\\\\\\\\\\\\\\\'"", ""updatedTime"": 1282649461, ""isPrivate"": false}"
TrES-2 b,595,2455427.64898,108.4,17.7,3,R,Melanie Good,https://var.astro.cz/api/charts/observation/82390,https://var.astro.cz/api/OcGate/Exoplanets/8,oc_gate_api,270,"{""transId"": 543, ""obsId"": 82390, ""dataVersion"": 0, ""hjdMid"": 2455427.64898, ""hjdMidReduced"": 55427.64898, ""jdMidErr"": 0.00251, ""epoch"": 595, ""ocValue"": -0.001686, ""duration"": 108.4, ""durationErr"": 9.5, ""depth"": 17.7, ""depthErr"": 2.7, ""dqi"": 3, ""band"": ""R"", ""observer"": ""Melanie Good"", ""reference"": ""TRESCA"", ""referenceUrl"": ""https://var.astro.cz/en/Transits/543"", ""note"": ""Our calibration was done using bias-subtraction, \r\n#                     dark-correction, and dome flatfields. The photometry was \r\n#                     done with aperture photometry of 5.71 arcseconds\r\n#                     (10 pixels) with a sky-estimation annulus of 8.565-11.420\r\n#                     arcseconds (15-20 pixels) in radius.\r\n#CCD (model)        : KAF-6303E/LE\r\n#CCD (array)        : 3072 X 2048 pixels\r\n#CCD (image area)   : 27.7 mm X 18.5 mm\r\n#CCD (FOV)          : 29.2 X 19.5 arcminutes\r\n#CCD (pix scale)    : 0.57\\\\\\\\\\\\\\\""/pix\r\n#Latitude           : 40.4827 N\r\n#ELongitude         : 279.9795 E\r\n#Elevation          : 1260 ft\r\nSurvey of Transiting Extrasolar Planets at the University of Pittsburgh (STEPUP) team members:\r\nProfessor Michael Wood-Vasey, Melanie Good, Louis Coban,\r\n#                     Gary Lander, Eric Roebuck, Korena Costello,\r\n#                     Gwendolyn Weaver, Maya Hunt, Nelson Hua, Chelsea Vincent\r\n#                     (University of Pittsburgh)\r\n#Email              : exoplanet@list.pitt.edu"", ""updatedTime"": 1284836399, ""isPrivate"": false}"
TrES-2 b,589,2455412.82702,99.8,15.0,2,R,Ken Hose,https://var.astro.cz/api/charts/observation/82308,https://var.astro.cz/api/OcGate/Exoplanets/8,oc_gate_api,271,"{""transId"": 459, ""obsId"": 82308, ""dataVersion"": 0, ""hjdMid"": 2455412.82702, ""hjdMidReduced"": 55412.82702, ""jdMidErr"": 0.00064, ""epoch"": 589, ""ocValue"": 3.3e-05, ""duration"": 99.8, ""durationErr"": 2.9, ""depth"": 15.0, ""depthErr"": 0.6, ""dqi"": 2, ""band"": ""R"", ""observer"": ""Ken Hose"", ""reference"": ""TRESCA"", ""referenceUrl"": ""https://var.astro.cz/en/Transits/459"", ""note"": ""Red Filter (RGB). V-ens (5 stars). 5 pixel aperture. 100 sec exposures."", ""updatedTime"": 1281110763, ""isPrivate"": false}"
TrES-2 b,584,2455400.48351,89.3,29.3,4,R,Toni Scarmato,https://var.astro.cz/api/charts/observation/82293,https://var.astro.cz/api/OcGate/Exoplanets/8,oc_gate_api,272,"{""transId"": 444, ""obsId"": 82293, ""dataVersion"": 0, ""hjdMid"": 2455400.48351, ""hjdMidReduced"": 55400.48351, ""jdMidErr"": 0.00369, ""epoch"": 584, ""ocValue"": 0.00959, ""duration"": 89.3, ""durationErr"": 0.0, ""depth"": 29.3, ""depthErr"": 8.5, ""dqi"": 4, ""band"": ""R"", ""observer"": ""Toni Scarmato"", ""reference"": ""TRESCA"", ""referenceUrl"": ""https://var.astro.cz/en/Transits/444"", ""note"": ""transit length 90minutes adopted to findout midtransit time"", ""updatedTime"": 1280180875, ""isPrivate"": false}"
TrES-2 b,582,2455395.53615,106.9,16.9,2,R,Ramon Naves,https://var.astro.cz/api/charts/observation/82275,https://var.astro.cz/api/OcGate/Exoplanets/8,oc_gate_api,273,"{""transId"": 426, ""obsId"": 82275, ""dataVersion"": 0, ""hjdMid"": 2455395.53615, ""hjdMidReduced"": 55395.53615, ""jdMidErr"": 0.00071, ""epoch"": 582, ""ocValue"": 0.003456, ""duration"": 106.9, ""durationErr"": 3.3, ""depth"": 16.9, ""depthErr"": 0.7, ""dqi"": 2, ""band"": ""R"", ""observer"": ""Ramon Naves"", ""reference"": ""TRESCA"", ""referenceUrl"": ""https://var.astro.cz/en/Transits/426"", ""note"": ""Exp 120s, resolution 1.03 arcsec / pixel"", ""updatedTime"": 1279459655, ""isPrivate"": false}"
TrES-2 b,576,2455380.70878,89.3,21.9,2,Clear,Dean Drumheller,https://var.astro.cz/api/charts/observation/82243,https://var.astro.cz/api/OcGate/Exoplanets/8,oc_gate_api,274,"{""transId"": 392, ""obsId"": 82243, ""dataVersion"": 0, ""hjdMid"": 2455380.70878, ""hjdMidReduced"": 55380.70878, ""jdMidErr"": 0.00124, ""epoch"": 576, ""ocValue"": -0.000235, ""duration"": 89.3, ""durationErr"": 0.0, ""depth"": 21.9, ""depthErr"": 4.4, ""dqi"": 2, ""band"": ""Clear"", ""observer"": ""Dean Drumheller"", ""reference"": ""TRESCA"", ""referenceUrl"": ""https://var.astro.cz/en/Transits/392"", ""note"": ""Exps=2min.  Bin=1x1  ADU=39,000\r\n16 darks, 16 flats all median combined."", ""updatedTime"": 1278605266, ""isPrivate"": false}"
TrES-2 b,574,2455375.76657,103.8,17.1,3,B,Joe Garlitz,https://var.astro.cz/api/charts/observation/82230,https://var.astro.cz/api/OcGate/Exoplanets/8,oc_gate_api,275,"{""transId"": 379, ""obsId"": 82230, ""dataVersion"": 0, ""hjdMid"": 2455375.76657, ""hjdMidReduced"": 55375.76657, ""jdMidErr"": 0.00105, ""epoch"": 574, ""ocValue"": -0.001218, ""duration"": 103.8, ""durationErr"": 4.4, ""depth"": 17.1, ""depthErr"": 1.1, ""dqi"": 3, ""band"": ""B"", ""observer"": ""Joe Garlitz"", ""reference"": ""TRESCA"", ""referenceUrl"": ""https://var.astro.cz/en/Transits/379"", ""note"": ""Filter Blue(RGB)"", ""updatedTime"": 1277770199, ""isPrivate"": false}"
TrES-2 b,567,2455358.47237,111.8,21.4,3,Clear,Jaroslav Trnka,https://var.astro.cz/api/charts/observation/5316,https://var.astro.cz/api/OcGate/Exoplanets/8,oc_gate_api,276,"{""transId"": 373, ""obsId"": 5316, ""dataVersion"": 0, ""hjdMid"": 2455358.47237, ""hjdMidReduced"": 55358.47237, ""jdMidErr"": 0.00071, ""epoch"": 567, ""ocValue"": -0.001126, ""duration"": 111.8, ""durationErr"": 3.8, ""depth"": 21.4, ""depthErr"": 1.7, ""dqi"": 3, ""band"": ""Clear"", ""observer"": ""Jaroslav Trnka"", ""reference"": ""TRESCA"", ""referenceUrl"": ""https://var.astro.cz/en/Transits/373"", ""note"": ""exp. 50s with autoguiding"", ""updatedTime"": 1276543791, ""isPrivate"": false}"
TrES-2 b,557,2455333.76469,91.2,12.4,3,R,Stan Shadick,https://var.astro.cz/api/charts/observation/82209,https://var.astro.cz/api/OcGate/Exoplanets/8,oc_gate_api,277,"{""transId"": 356, ""obsId"": 82209, ""dataVersion"": 0, ""hjdMid"": 2455333.76469, ""hjdMidReduced"": 55333.76469, ""jdMidErr"": 0.00123, ""epoch"": 557, ""ocValue"": -0.002674, ""duration"": 91.2, ""durationErr"": 5.6, ""depth"": 12.4, ""depthErr"": 1.1, ""dqi"": 3, ""band"": ""R"", ""observer"": ""Stan Shadick"", ""reference"": ""TRESCA"", ""referenceUrl"": ""https://var.astro.cz/en/Transits/356"", ""note"": ""Used Bruce Gary\\\\\\'s Artificial Star Spreadsheet technique at 5X4X10"", ""updatedTime"": 1274439301, ""isPrivate"": false}"
TrES-2 b,557,2455333.7639,103.9,17.0,3,Clear,S. Shadick & M. Patrick,https://var.astro.cz/api/charts/observation/82212,https://var.astro.cz/api/OcGate/Exoplanets/8,oc_gate_api,278,"{""transId"": 359, ""obsId"": 82212, ""dataVersion"": 0, ""hjdMid"": 2455333.7639, ""hjdMidReduced"": 55333.7639, ""jdMidErr"": 0.00107, ""epoch"": 557, ""ocValue"": -0.003464, ""duration"": 103.9, ""durationErr"": 4.9, ""depth"": 17.0, ""depthErr"": 1.2, ""dqi"": 3, ""band"": ""Clear"", ""observer"": ""S. Shadick & M. Patrick"", ""reference"": ""TRESCA"", ""referenceUrl"": ""https://var.astro.cz/en/Transits/359"", ""note"": ""This data set was obtained with a different telescope, CCD and filter than the previously submitted data set for the same transit taken with R filter.\r\nProcessed with Bruce Gary\\\\\\'s Artificial Star Spreadsheet technique at 5X4X10"", ""updatedTime"": 1274630100, ""isPrivate"": false}"
TrES-2 b,555,2455328.82558,103.0,15.2,3,Clear,S. Shadick & M. Patrick,https://var.astro.cz/api/charts/observation/82201,https://var.astro.cz/api/OcGate/Exoplanets/8,oc_gate_api,279,"{""transId"": 348, ""obsId"": 82201, ""dataVersion"": 0, ""hjdMid"": 2455328.82558, ""hjdMidReduced"": 55328.82558, ""jdMidErr"": 0.00093, ""epoch"": 555, ""ocValue"": -0.000557, ""duration"": 103.0, ""durationErr"": 4.2, ""depth"": 15.2, ""depthErr"": 0.8, ""dqi"": 3, ""band"": ""Clear"", ""observer"": ""S. Shadick & M. Patrick"", ""reference"": ""TRESCA"", ""referenceUrl"": ""https://var.astro.cz/en/Transits/348"", ""note"": ""Processed using Bruce Gary\\\\\\'s Artificial Star Spreadsheet\r\n\r\nAperture:Gap:Annulus 5:4:10"", ""updatedTime"": 1273791637, ""isPrivate"": false}"
TrES-2 b,552,2455321.41833,100.7,30.3,3,Clear,Joao Vieira,https://var.astro.cz/api/charts/observation/82187,https://var.astro.cz/api/OcGate/Exoplanets/8,oc_gate_api,280,"{""transId"": 334, ""obsId"": 82187, ""dataVersion"": 0, ""hjdMid"": 2455321.41833, ""hjdMidReduced"": 55321.41833, ""jdMidErr"": 0.00137, ""epoch"": 552, ""ocValue"": 0.004033, ""duration"": 100.7, ""durationErr"": 6.6, ""depth"": 30.3, ""depthErr"": 2.7, ""dqi"": 3, ""band"": ""Clear"", ""observer"": ""Joao Vieira"", ""reference"": ""TRESCA"", ""referenceUrl"": ""https://var.astro.cz/en/Transits/334"", ""note"": ""Projecto da Fundaç&#227;o Ilidio Pinho \\\\\\\""Artes da Física\\\\\\\"" 2010"", ""updatedTime"": 1273057627, ""isPrivate"": false}"
TrES-2 b,550,2455316.47653,132.6,20.2,2,Clear,roberto zambelli,https://var.astro.cz/api/charts/observation/82185,https://var.astro.cz/api/OcGate/Exoplanets/8,oc_gate_api,281,"{""transId"": 332, ""obsId"": 82185, ""dataVersion"": 0, ""hjdMid"": 2455316.47653, ""hjdMidReduced"": 55316.47653, ""jdMidErr"": 0.00094, ""epoch"": 550, ""ocValue"": 0.003459, ""duration"": 132.6, ""durationErr"": 4.5, ""depth"": 20.2, ""depthErr"": 1.0, ""dqi"": 2, ""band"": ""Clear"", ""observer"": ""roberto zambelli"", ""reference"": ""TRESCA"", ""referenceUrl"": ""https://var.astro.cz/en/Transits/332"", ""note"": ""USED FILTER : BAADER G 495"", ""updatedTime"": 1272630522, ""isPrivate"": false}"
TrES-2 b,548,2455311.53095,103.0,17.1,2,R,Luboš Brát,https://var.astro.cz/api/charts/observation/5128,https://var.astro.cz/api/OcGate/Exoplanets/8,oc_gate_api,282,"{""transId"": 320, ""obsId"": 5128, ""dataVersion"": 0, ""hjdMid"": 2455311.53095, ""hjdMidReduced"": 55311.53095, ""jdMidErr"": 0.00077, ""epoch"": 548, ""ocValue"": -0.000895, ""duration"": 103.0, ""durationErr"": 3.9, ""depth"": 17.1, ""depthErr"": 1.2, ""dqi"": 2, ""band"": ""R"", ""observer"": ""Luboš Brát"", ""reference"": ""TRESCA"", ""referenceUrl"": ""https://var.astro.cz/en/Transits/320"", ""note"": ""180s with autoguiding"", ""updatedTime"": 1272167527, ""isPrivate"": false}"
TrES-2 b,490,2455168.23495,97.7,17.0,4,R,Šárka Dyčková,https://var.astro.cz/api/charts/observation/82198,https://var.astro.cz/api/OcGate/Exoplanets/8,oc_gate_api,283,"{""transId"": 345, ""obsId"": 82198, ""dataVersion"": 0, ""hjdMid"": 2455168.23495, ""hjdMidReduced"": 55168.23495, ""jdMidErr"": 0.00191, ""epoch"": 490, ""ocValue"": -0.001328, ""duration"": 97.7, ""durationErr"": 9.7, ""depth"": 17.0, ""depthErr"": 3.4, ""dqi"": 4, ""band"": ""R"", ""observer"": ""Šárka Dyčková"", ""reference"": ""TRESCA"", ""referenceUrl"": ""https://var.astro.cz/en/Transits/345"", ""note"": ""GENERATED FROM TRANSIT id=345"", ""updatedTime"": 1273569563, ""isPrivate"": false}"
TrES-2 b,452,2455074.3503,121.4,19.9,2,Clear,Manfred Raetz,https://var.astro.cz/api/charts/observation/88025,https://var.astro.cz/api/OcGate/Exoplanets/8,oc_gate_api,284,"{""transId"": 6424, ""obsId"": 88025, ""dataVersion"": 0, ""hjdMid"": 2455074.3503, ""hjdMidReduced"": 55074.3503, ""jdMidErr"": 0.00456, ""epoch"": 452, ""ocValue"": -0.002675, ""duration"": 121.4, ""durationErr"": 16.5, ""depth"": 19.9, ""depthErr"": 6.6, ""dqi"": 2, ""band"": ""Clear"", ""observer"": ""Manfred Raetz"", ""reference"": ""TRESCA"", ""referenceUrl"": ""https://var.astro.cz/en/Transits/6424"", ""note"": ""GENERATED FROM TRANSIT id=6424"", ""updatedTime"": 1554499038, ""isPrivate"": false}"
TrES-2 b,450,2455069.41115,111.9,16.4,3,R,Šárka Dyčková,https://var.astro.cz/api/charts/observation/82196,https://var.astro.cz/api/OcGate/Exoplanets/8,oc_gate_api,285,"{""transId"": 343, ""obsId"": 82196, ""dataVersion"": 0, ""hjdMid"": 2455069.41115, ""hjdMidReduced"": 55069.41115, ""jdMidErr"": 0.00069, ""epoch"": 450, ""ocValue"": -0.000599, ""duration"": 111.9, ""durationErr"": 3.2, ""depth"": 16.4, ""depthErr"": 0.6, ""dqi"": 3, ""band"": ""R"", ""observer"": ""Šárka Dyčková"", ""reference"": ""TRESCA"", ""referenceUrl"": ""https://var.astro.cz/en/Transits/343"", ""note"": ""GENERATED FROM TRANSIT id=343"", ""updatedTime"": 1273524602, ""isPrivate"": false}"
TrES-2 b,446,2455059.52976,113.5,14.5,3,Clear,Manfred Raetz,https://var.astro.cz/api/charts/observation/88024,https://var.astro.cz/api/OcGate/Exoplanets/8,oc_gate_api,286,"{""transId"": 6423, ""obsId"": 88024, ""dataVersion"": 0, ""hjdMid"": 2455059.52976, ""hjdMidReduced"": 55059.52976, ""jdMidErr"": 0.00137, ""epoch"": 446, ""ocValue"": 0.000464, ""duration"": 113.5, ""durationErr"": 6.2, ""depth"": 14.5, ""depthErr"": 1.1, ""dqi"": 3, ""band"": ""Clear"", ""observer"": ""Manfred Raetz"", ""reference"": ""TRESCA"", ""referenceUrl"": ""https://var.astro.cz/en/Transits/6423"", ""note"": ""GENERATED FROM TRANSIT id=6423"", ""updatedTime"": 1554497275, ""isPrivate"": false}"
TrES-2 b,446,2455059.52244,94.6,40.3,3,R,František Lomoz,https://var.astro.cz/api/charts/observation/82035,https://var.astro.cz/api/OcGate/Exoplanets/8,oc_gate_api,287,"{""transId"": 156, ""obsId"": 82035, ""dataVersion"": 0, ""hjdMid"": 2455059.52244, ""hjdMidReduced"": 55059.52244, ""jdMidErr"": 0.00076, ""epoch"": 446, ""ocValue"": -0.006856, ""duration"": 94.6, ""durationErr"": 4.1, ""depth"": 40.3, ""depthErr"": 2.0, ""dqi"": 3, ""band"": ""R"", ""observer"": ""František Lomoz"", ""reference"": ""TRESCA"", ""referenceUrl"": ""https://var.astro.cz/en/Transits/156"", ""note"": ""GENERATED FROM TRANSIT id=156"", ""updatedTime"": 1250407550, ""isPrivate"": false}"
TrES-2 b,442,2455049.6494,102.6,17.9,3,V,Gary Vander Haagen,https://var.astro.cz/api/charts/observation/82025,https://var.astro.cz/api/OcGate/Exoplanets/8,oc_gate_api,288,"{""transId"": 144, ""obsId"": 82025, ""dataVersion"": 0, ""hjdMid"": 2455049.6494, ""hjdMidReduced"": 55049.6494, ""jdMidErr"": 0.00085, ""epoch"": 442, ""ocValue"": 0.002557, ""duration"": 102.6, ""durationErr"": 4.1, ""depth"": 17.9, ""depthErr"": 1.1, ""dqi"": 3, ""band"": ""V"", ""observer"": ""Gary Vander Haagen"", ""reference"": ""TRESCA"", ""referenceUrl"": ""https://var.astro.cz/en/Transits/144"", ""note"": ""Full moon an issue with S/N of reference stars"", ""updatedTime"": 1249554171, ""isPrivate"": false}"
TrES-2 b,442,2455049.6453,99.0,16.8,3,Clear,Littlefield,,https://var.astro.cz/api/OcGate/Exoplanets/8,oc_gate_api,289,"{""transId"": 18844, ""obsId"": null, ""dataVersion"": 0, ""hjdMid"": 2455049.6453, ""hjdMidReduced"": 55049.6453, ""jdMidErr"": 0.0012, ""epoch"": 442, ""ocValue"": -0.001543, ""duration"": 99.0, ""durationErr"": 3.6, ""depth"": 16.8, ""depthErr"": 1.1, ""dqi"": 3, ""band"": ""Clear"", ""observer"": ""Littlefield"", ""reference"": ""AXA"", ""referenceUrl"": ""http://brucegary.net/AXA/TrES2/tres2.htm"", ""note"": ""ETD 2455049.64526 +/- 0.00083\r\n102.6 +/- 3.7\r\n0.0168 +/- 0.0009"", ""updatedTime"": 1250257055, ""isPrivate"": false}"
TrES-2 b,440,2455044.7031,105.6,16.7,3,R,Norby,,https://var.astro.cz/api/OcGate/Exoplanets/8,oc_gate_api,290,"{""transId"": 18818, ""obsId"": null, ""dataVersion"": 0, ""hjdMid"": 2455044.7031, ""hjdMidReduced"": 55044.7031, ""jdMidErr"": 0.0008, ""epoch"": 440, ""ocValue"": -0.002517, ""duration"": 105.6, ""durationErr"": 2.4, ""depth"": 16.7, ""depthErr"": 0.7, ""dqi"": 3, ""band"": ""R"", ""observer"": ""Norby"", ""reference"": ""AXA"", ""referenceUrl"": ""http://brucegary.net/AXA/TrES2/tres2.htm"", ""note"": ""ETD\r\n2455044.7025 +/- 0.00077\r\n112.9 +/- 3.8\r\n0.0162 +/- 0.0009"", ""updatedTime"": 1249748488, ""isPrivate"": false}"
TrES-2 b,438,2455039.7668,99.0,18.5,3,R,Wiggins,,https://var.astro.cz/api/OcGate/Exoplanets/8,oc_gate_api,291,"{""transId"": 18854, ""obsId"": null, ""dataVersion"": 0, ""hjdMid"": 2455039.7668, ""hjdMidReduced"": 55039.7668, ""jdMidErr"": 0.0012, ""epoch"": 438, ""ocValue"": 0.00241, ""duration"": 99.0, ""durationErr"": 3.6, ""depth"": 18.5, ""depthErr"": 1.3, ""dqi"": 3, ""band"": ""R"", ""observer"": ""Wiggins"", ""reference"": ""AXA"", ""referenceUrl"": ""http://brucegary.net/AXA/TrES2/tres2.htm"", ""note"": """", ""updatedTime"": 1251556852, ""isPrivate"": false}"
TrES-2 b,438,2455039.76607,93.3,17.5,3,V,Gary Vander Haagen,https://var.astro.cz/api/charts/observation/82021,https://var.astro.cz/api/OcGate/Exoplanets/8,oc_gate_api,292,"{""transId"": 140, ""obsId"": 82021, ""dataVersion"": 0, ""hjdMid"": 2455039.76607, ""hjdMidReduced"": 55039.76607, ""jdMidErr"": 0.00096, ""epoch"": 438, ""ocValue"": 0.00168, ""duration"": 93.3, ""durationErr"": 4.6, ""depth"": 17.5, ""depthErr"": 1.1, ""dqi"": 3, ""band"": ""V"", ""observer"": ""Gary Vander Haagen"", ""reference"": ""TRESCA"", ""referenceUrl"": ""https://var.astro.cz/en/Transits/140"", ""note"": ""GENERATED FROM TRANSIT id=140"", ""updatedTime"": 1249248057, ""isPrivate"": false}"
TrES-2 b,438,2455039.7648,92.4,18.7,2,BB,Norby,,https://var.astro.cz/api/OcGate/Exoplanets/8,oc_gate_api,293,"{""transId"": 18816, ""obsId"": null, ""dataVersion"": 0, ""hjdMid"": 2455039.7648, ""hjdMidReduced"": 55039.7648, ""jdMidErr"": 0.0007, ""epoch"": 438, ""ocValue"": 0.00041, ""duration"": 92.4, ""durationErr"": 1.8, ""depth"": 18.7, ""depthErr"": 0.8, ""dqi"": 2, ""band"": ""BB"", ""observer"": ""Norby"", ""reference"": ""AXA"", ""referenceUrl"": ""http://brucegary.net/AXA/TrES2/tres2.htm"", ""note"": ""ETD\r\n2455039.76425 +/- 0.00050\r\n101.9 +/- 2.5\r\n0.0194 +/- 0.0008"", ""updatedTime"": 1249747888, ""isPrivate"": false}"
TrES-2 b,438,2455039.7606,92.4,17.8,3,R,Garlitz,,https://var.astro.cz/api/OcGate/Exoplanets/8,oc_gate_api,294,"{""transId"": 18817, ""obsId"": null, ""dataVersion"": 0, ""hjdMid"": 2455039.7606, ""hjdMidReduced"": 55039.7606, ""jdMidErr"": 0.0011, ""epoch"": 438, ""ocValue"": -0.00379, ""duration"": 92.4, ""durationErr"": 3.0, ""depth"": 17.8, ""depthErr"": 0.9, ""dqi"": 3, ""band"": ""R"", ""observer"": ""Garlitz"", ""reference"": ""AXA"", ""referenceUrl"": ""http://brucegary.net/AXA/TrES2/tres2.htm"", ""note"": ""ETD\r\n2455039.76113 +/- 0.00076\r\n94.1 +/- 3.8\r\n0.0170 +/- 0.0012"", ""updatedTime"": 1249748138, ""isPrivate"": false}"
TrES-2 b,433,2455027.4074,104.4,15.1,3,R,Srdoc,,https://var.astro.cz/api/OcGate/Exoplanets/8,oc_gate_api,295,"{""transId"": 18781, ""obsId"": null, ""dataVersion"": 0, ""hjdMid"": 2455027.4074, ""hjdMidReduced"": 55027.4074, ""jdMidErr"": 0.0019, ""epoch"": 433, ""ocValue"": -0.003924, ""duration"": 104.4, ""durationErr"": 5.4, ""depth"": 15.1, ""depthErr"": 1.03, ""dqi"": 3, ""band"": ""R"", ""observer"": ""Srdoc"", ""reference"": ""AXA"", ""referenceUrl"": ""http://brucegary.net/AXA/TrES2/tres2.htm"", ""note"": ""ETD\r\n2455027.40943 +/- 0.00182\r\n109.1 +/- 8.2\r\n0.0139 +/- 0.0015"", ""updatedTime"": 1249571753, ""isPrivate"": false}"
TrES-2 b,429,2455017.5252,101.4,17.0,2,R,Gregorio,,https://var.astro.cz/api/OcGate/Exoplanets/8,oc_gate_api,296,"{""transId"": 18786, ""obsId"": null, ""dataVersion"": 0, ""hjdMid"": 2455017.5252, ""hjdMidReduced"": 55017.5252, ""jdMidErr"": 0.001, ""epoch"": 429, ""ocValue"": -0.003671, ""duration"": 101.4, ""durationErr"": 3.0, ""depth"": 17.0, ""depthErr"": 0.8, ""dqi"": 2, ""band"": ""R"", ""observer"": ""Gregorio"", ""reference"": ""AXA"", ""referenceUrl"": ""http://brucegary.net/AXA/TrES2/tres2.htm"", ""note"": ""ETD\r\n2455017.52556 +/- 0.00067\r\n104.4 +/- 2.8\r\n0.0168 +/- 0.0007"", ""updatedTime"": 1249574274, ""isPrivate"": false}"
TrES-2 b,425,2455007.6427,118.8,17.0,5,Clear,Littlelfield,,https://var.astro.cz/api/OcGate/Exoplanets/8,oc_gate_api,297,"{""transId"": 18747, ""obsId"": null, ""dataVersion"": 0, ""hjdMid"": 2455007.6427, ""hjdMidReduced"": 55007.6427, ""jdMidErr"": 0.0019, ""epoch"": 425, ""ocValue"": -0.003719, ""duration"": 118.8, ""durationErr"": 5.4, ""depth"": 17.0, ""depthErr"": 1.0, ""dqi"": 5, ""band"": ""Clear"", ""observer"": ""Littlelfield"", ""reference"": ""AXA"", ""referenceUrl"": ""http://brucegary.net/AXA/TrES2/tres2.htm"", ""note"": ""partial transit"", ""updatedTime"": 1246283585, ""isPrivate"": false}"
TrES-2 b,423,2455002.702,96.0,17.8,3,R,Wiggins,,https://var.astro.cz/api/OcGate/Exoplanets/8,oc_gate_api,298,"{""transId"": 18743, ""obsId"": null, ""dataVersion"": 0, ""hjdMid"": 2455002.702, ""hjdMidReduced"": 55002.702, ""jdMidErr"": 0.0009, ""epoch"": 423, ""ocValue"": -0.003192, ""duration"": 96.0, ""durationErr"": 2.4, ""depth"": 17.8, ""depthErr"": 0.95, ""dqi"": 3, ""band"": ""R"", ""observer"": ""Wiggins"", ""reference"": ""AXA"", ""referenceUrl"": ""http://brucegary.net/AXA/TrES2/tres2.htm"", ""note"": """", ""updatedTime"": 1246016092, ""isPrivate"": false}"
TrES-2 b,421,2454997.762927,,16.37,1,Kepler,Kepler,,https://var.astro.cz/api/OcGate/Exoplanets/8,oc_gate_api,299,"{""transId"": 19069, ""obsId"": null, ""dataVersion"": 0, ""hjdMid"": 2454997.762927, ""hjdMidReduced"": 54997.762927, ""jdMidErr"": 5.1e-05, ""epoch"": 421, ""ocValue"": -0.001039, ""duration"": 0.0, ""durationErr"": 0.0, ""depth"": 16.37, ""depthErr"": 0.08, ""dqi"": 1, ""band"": ""Kepler"", ""observer"": ""Kepler"", ""reference"": ""Kipping&Bakos 2010"", ""referenceUrl"": ""http://arxiv.org/abs/1006.5680"", ""note"": """", ""updatedTime"": 1277981397, ""isPrivate"": false}"
TrES-2 b,421,2454997.76286,,,1,I,Scuderi et al 2009,,https://var.astro.cz/api/OcGate/Exoplanets/8,oc_gate_api,300,"{""transId"": 18840, ""obsId"": null, ""dataVersion"": 0, ""hjdMid"": 2454997.76286, ""hjdMidReduced"": 54997.76286, ""jdMidErr"": 0.00035, ""epoch"": 421, ""ocValue"": -0.001106, ""duration"": 0.0, ""durationErr"": 0.0, ""depth"": 0.0, ""depthErr"": 0.0, ""dqi"": 1, ""band"": ""I"", ""observer"": ""Scuderi et al 2009"", ""reference"": ""Scuderi et al 2009"", ""referenceUrl"": ""http://arxiv.org/abs/0907.1685"", ""note"": """", ""updatedTime"": 1249835969, ""isPrivate"": false}"
TrES-2 b,420,2454995.292335,,16.44,1,Kepler,Kepler,,https://var.astro.cz/api/OcGate/Exoplanets/8,oc_gate_api,301,"{""transId"": 19068, ""obsId"": null, ""dataVersion"": 0, ""hjdMid"": 2454995.292335, ""hjdMidReduced"": 54995.292335, ""jdMidErr"": 5.1e-05, ""epoch"": 420, ""ocValue"": -0.001017, ""duration"": 0.0, ""durationErr"": 0.0, ""depth"": 16.44, ""depthErr"": 0.08, ""dqi"": 1, ""band"": ""Kepler"", ""observer"": ""Kepler"", ""reference"": ""Kipping&Bakos 2010"", ""referenceUrl"": ""http://arxiv.org/abs/1006.5680"", ""note"": """", ""updatedTime"": 1277981318, ""isPrivate"": false}"
TrES-2 b,419,2454992.821794,,16.41,1,Kepler,Kepler,,https://var.astro.cz/api/OcGate/Exoplanets/8,oc_gate_api,302,"{""transId"": 19067, ""obsId"": null, ""dataVersion"": 0, ""hjdMid"": 2454992.821794, ""hjdMidReduced"": 54992.821794, ""jdMidErr"": 5e-05, ""epoch"": 419, ""ocValue"": -0.000945, ""duration"": 0.0, ""durationErr"": 0.0, ""depth"": 16.41, ""depthErr"": 0.08, ""dqi"": 1, ""band"": ""Kepler"", ""observer"": ""Kepler"", ""reference"": ""Kipping&Bakos 2010"", ""referenceUrl"": ""http://arxiv.org/abs/1006.5680"", ""note"": """", ""updatedTime"": 1277981244, ""isPrivate"": false}"
TrES-2 b,418,2454990.3511,,16.45,1,Kepler,Kepler,,https://var.astro.cz/api/OcGate/Exoplanets/8,oc_gate_api,303,"{""transId"": 19066, ""obsId"": null, ""dataVersion"": 0, ""hjdMid"": 2454990.3511, ""hjdMidReduced"": 54990.3511, ""jdMidErr"": 5.1e-05, ""epoch"": 418, ""ocValue"": -0.001026, ""duration"": 0.0, ""durationErr"": 0.0, ""depth"": 16.45, ""depthErr"": 0.09, ""dqi"": 1, ""band"": ""Kepler"", ""observer"": ""Kepler"", ""reference"": ""Kipping&Bakos 2010"", ""referenceUrl"": ""http://arxiv.org/abs/1006.5680"", ""note"": """", ""updatedTime"": 1277981187, ""isPrivate"": false}"
TrES-2 b,417,2454987.880492,,16.42,1,Kepler,Kepler,,https://var.astro.cz/api/OcGate/Exoplanets/8,oc_gate_api,304,"{""transId"": 19065, ""obsId"": null, ""dataVersion"": 0, ""hjdMid"": 2454987.880492, ""hjdMidReduced"": 54987.880492, ""jdMidErr"": 5e-05, ""epoch"": 417, ""ocValue"": -0.001021, ""duration"": 0.0, ""durationErr"": 0.0, ""depth"": 16.42, ""depthErr"": 0.08, ""dqi"": 1, ""band"": ""Kepler"", ""observer"": ""Kepler"", ""reference"": ""Kipping&Bakos 2010"", ""referenceUrl"": ""http://arxiv.org/abs/1006.5680"", ""note"": """", ""updatedTime"": 1277981122, ""isPrivate"": false}"
TrES-2 b,416,2454985.409925,,16.49,1,Kepler,Kepler,,https://var.astro.cz/api/OcGate/Exoplanets/8,oc_gate_api,305,"{""transId"": 19064, ""obsId"": null, ""dataVersion"": 0, ""hjdMid"": 2454985.409925, ""hjdMidReduced"": 54985.409925, ""jdMidErr"": 5e-05, ""epoch"": 416, ""ocValue"": -0.000975, ""duration"": 0.0, ""durationErr"": 0.0, ""depth"": 16.49, ""depthErr"": 0.08, ""dqi"": 1, ""band"": ""Kepler"", ""observer"": ""Kepler"", ""reference"": ""Kipping&Bakos 2010"", ""referenceUrl"": ""http://arxiv.org/abs/1006.5680"", ""note"": """", ""updatedTime"": 1277976327, ""isPrivate"": false}"
TrES-2 b,415,2454982.939212,,16.48,1,Kepler,Kepler,,https://var.astro.cz/api/OcGate/Exoplanets/8,oc_gate_api,306,"{""transId"": 19063, ""obsId"": null, ""dataVersion"": 0, ""hjdMid"": 2454982.939212, ""hjdMidReduced"": 54982.939212, ""jdMidErr"": 5.1e-05, ""epoch"": 415, ""ocValue"": -0.001074, ""duration"": 0.0, ""durationErr"": 0.0, ""depth"": 16.48, ""depthErr"": 0.09, ""dqi"": 1, ""band"": ""Kepler"", ""observer"": ""Kepler"", ""reference"": ""Kipping&Bakos 2010"", ""referenceUrl"": ""http://arxiv.org/abs/1006.5680"", ""note"": """", ""updatedTime"": 1277976274, ""isPrivate"": false}"
TrES-2 b,414,2454980.468615,,16.33,1,Kepler,Kepler,,https://var.astro.cz/api/OcGate/Exoplanets/8,oc_gate_api,307,"{""transId"": 19062, ""obsId"": null, ""dataVersion"": 0, ""hjdMid"": 2454980.468615, ""hjdMidReduced"": 54980.468615, ""jdMidErr"": 5.1e-05, ""epoch"": 414, ""ocValue"": -0.001058, ""duration"": 0.0, ""durationErr"": 0.0, ""depth"": 16.33, ""depthErr"": 0.08, ""dqi"": 1, ""band"": ""Kepler"", ""observer"": ""Kepler"", ""reference"": ""Kipping&Bakos 2010"", ""referenceUrl"": ""http://arxiv.org/abs/1006.5680"", ""note"": """", ""updatedTime"": 1277976167, ""isPrivate"": false}"
TrES-2 b,414,2454980.4682,100.8,16.55,2,R,Gregorio,,https://var.astro.cz/api/OcGate/Exoplanets/8,oc_gate_api,308,"{""transId"": 18722, ""obsId"": null, ""dataVersion"": 0, ""hjdMid"": 2454980.4682, ""hjdMidReduced"": 54980.4682, ""jdMidErr"": 0.0013, ""epoch"": 414, ""ocValue"": -0.001473, ""duration"": 100.8, ""durationErr"": 3.6, ""depth"": 16.55, ""depthErr"": 1.0, ""dqi"": 2, ""band"": ""R"", ""observer"": ""Gregorio"", ""reference"": ""AXA"", ""referenceUrl"": ""http://brucegary.net/AXA/TrES2/tres2.htm"", ""note"": """", ""updatedTime"": 1246011802, ""isPrivate"": false}"
TrES-2 b,414,2454980.4679,115.2,17.4,3,Clear,Srdoc,,https://var.astro.cz/api/OcGate/Exoplanets/8,oc_gate_api,309,"{""transId"": 18720, ""obsId"": null, ""dataVersion"": 0, ""hjdMid"": 2454980.4679, ""hjdMidReduced"": 54980.4679, ""jdMidErr"": 0.0017, ""epoch"": 414, ""ocValue"": -0.001773, ""duration"": 115.2, ""durationErr"": 4.2, ""depth"": 17.4, ""depthErr"": 1.53, ""dqi"": 3, ""band"": ""Clear"", ""observer"": ""Srdoc"", ""reference"": ""AXA"", ""referenceUrl"": ""http://brucegary.net/AXA/TrES2/tres2.htm"", ""note"": """", ""updatedTime"": 1246011567, ""isPrivate"": false}"
TrES-2 b,414,2454980.4645,113.4,19.95,3,R,naves,,https://var.astro.cz/api/OcGate/Exoplanets/8,oc_gate_api,310,"{""transId"": 18721, ""obsId"": null, ""dataVersion"": 0, ""hjdMid"": 2454980.4645, ""hjdMidReduced"": 54980.4645, ""jdMidErr"": 0.0013, ""epoch"": 414, ""ocValue"": -0.005173, ""duration"": 113.4, ""durationErr"": 3.6, ""depth"": 19.95, ""depthErr"": 0.75, ""dqi"": 3, ""band"": ""R"", ""observer"": ""naves"", ""reference"": ""AXA"", ""referenceUrl"": ""http://brucegary.net/AXA/TrES2/tres2.htm"", ""note"": """", ""updatedTime"": 1246011670, ""isPrivate"": false}"
TrES-2 b,413,2454977.998053,,16.53,1,Kepler,Kepler,,https://var.astro.cz/api/OcGate/Exoplanets/8,oc_gate_api,311,"{""transId"": 19061, ""obsId"": null, ""dataVersion"": 0, ""hjdMid"": 2454977.998053, ""hjdMidReduced"": 54977.998053, ""jdMidErr"": 5e-05, ""epoch"": 413, ""ocValue"": -0.001007, ""duration"": 0.0, ""durationErr"": 0.0, ""depth"": 16.53, ""depthErr"": 0.09, ""dqi"": 1, ""band"": ""Kepler"", ""observer"": ""Kepler"", ""reference"": ""Kipping&Bakos 2010"", ""referenceUrl"": ""http://arxiv.org/abs/1006.5680"", ""note"": """", ""updatedTime"": 1277976107, ""isPrivate"": false}"
TrES-2 b,412,2454975.5279,99.6,15.25,3,Clear,Marino,,https://var.astro.cz/api/OcGate/Exoplanets/8,oc_gate_api,312,"{""transId"": 18715, ""obsId"": null, ""dataVersion"": 0, ""hjdMid"": 2454975.5279, ""hjdMidReduced"": 54975.5279, ""jdMidErr"": 0.0009, ""epoch"": 412, ""ocValue"": -0.000547, ""duration"": 99.6, ""durationErr"": 2.4, ""depth"": 15.25, ""depthErr"": 0.9, ""dqi"": 3, ""band"": ""Clear"", ""observer"": ""Marino"", ""reference"": ""AXA"", ""referenceUrl"": ""http://brucegary.net/AXA/TrES2/tres2.htm"", ""note"": """", ""updatedTime"": 1246010677, ""isPrivate"": false}"
TrES-2 b,412,2454975.527479,,16.39,1,Kepler,Kepler,,https://var.astro.cz/api/OcGate/Exoplanets/8,oc_gate_api,313,"{""transId"": 19060, ""obsId"": null, ""dataVersion"": 0, ""hjdMid"": 2454975.527479, ""hjdMidReduced"": 54975.527479, ""jdMidErr"": 5.1e-05, ""epoch"": 412, ""ocValue"": -0.000968, ""duration"": 0.0, ""durationErr"": 0.0, ""depth"": 16.39, ""depthErr"": 0.08, ""dqi"": 1, ""band"": ""Kepler"", ""observer"": ""Kepler"", ""reference"": ""Kipping&Bakos 2010"", ""referenceUrl"": ""http://arxiv.org/abs/1006.5680"", ""note"": """", ""updatedTime"": 1277975946, ""isPrivate"": false}"
TrES-2 b,412,2454975.52747,108.5,16.0,2,Clear,Giuseppe Marino,https://var.astro.cz/api/charts/observation/84401,https://var.astro.cz/api/OcGate/Exoplanets/8,oc_gate_api,314,"{""transId"": 2675, ""obsId"": 84401, ""dataVersion"": 0, ""hjdMid"": 2454975.52747, ""hjdMidReduced"": 54975.52747, ""jdMidErr"": 0.00074, ""epoch"": 412, ""ocValue"": -0.000977, ""duration"": 108.5, ""durationErr"": 3.5, ""depth"": 16.0, ""depthErr"": 0.7, ""dqi"": 2, ""band"": ""Clear"", ""observer"": ""Giuseppe Marino"", ""reference"": ""TRESCA"", ""referenceUrl"": ""https://var.astro.cz/en/Transits/2675"", ""note"": ""An old observation. These analysis should be replace the AXA analysis present in the TRESCA database (see TrES2b - Marino - AXA - 2009-06-26).\r\nExp.: 400s\r\nBinning 1\r\nDefocus"", ""updatedTime"": 1382294484, ""isPrivate"": false}"
TrES-2 b,412,2454975.52703,107.3,15.9,2,Clear,Giuseppe Marino,https://var.astro.cz/api/charts/observation/84404,https://var.astro.cz/api/OcGate/Exoplanets/8,oc_gate_api,315,"{""transId"": 2678, ""obsId"": 84404, ""dataVersion"": 0, ""hjdMid"": 2454975.52703, ""hjdMidReduced"": 54975.52703, ""jdMidErr"": 0.00072, ""epoch"": 412, ""ocValue"": -0.001417, ""duration"": 107.3, ""durationErr"": 3.4, ""depth"": 15.9, ""depthErr"": 0.7, ""dqi"": 2, ""band"": ""Clear"", ""observer"": ""Giuseppe Marino"", ""reference"": ""TRESCA"", ""referenceUrl"": ""https://var.astro.cz/en/Transits/2678"", ""note"": ""THESE ARE THE CORRECT DATA - a clock correction of 39 s was necessary.\r\nPlease, delete the previous submission of the same curve.\r\n___________________________\r\nAn old observation. These analysis should be replace the AXA analysis present in the TRESCA database (see TrES2b - Marino - AXA - 2009-06-26). Exp.: 400s Binning 1 Defocus"", ""updatedTime"": 1382305567, ""isPrivate"": false}"
TrES-2 b,412,2454975.5263,99.0,14.2,3,Clear,Srdoc,,https://var.astro.cz/api/OcGate/Exoplanets/8,oc_gate_api,316,"{""transId"": 18714, ""obsId"": null, ""dataVersion"": 0, ""hjdMid"": 2454975.5263, ""hjdMidReduced"": 54975.5263, ""jdMidErr"": 0.0015, ""epoch"": 412, ""ocValue"": -0.002147, ""duration"": 99.0, ""durationErr"": 4.2, ""depth"": 14.2, ""depthErr"": 1.05, ""dqi"": 3, ""band"": ""Clear"", ""observer"": ""Srdoc"", ""reference"": ""AXA"", ""referenceUrl"": ""http://brucegary.net/AXA/TrES2/tres2.htm"", ""note"": """", ""updatedTime"": 1246010531, ""isPrivate"": false}"
TrES-2 b,411,2454973.056831,,16.43,1,Kepler,Kepler,,https://var.astro.cz/api/OcGate/Exoplanets/8,oc_gate_api,317,"{""transId"": 19059, ""obsId"": null, ""dataVersion"": 0, ""hjdMid"": 2454973.056831, ""hjdMidReduced"": 54973.056831, ""jdMidErr"": 5.1e-05, ""epoch"": 411, ""ocValue"": -0.001002, ""duration"": 0.0, ""durationErr"": 0.0, ""depth"": 16.43, ""depthErr"": 0.08, ""dqi"": 1, ""band"": ""Kepler"", ""observer"": ""Kepler"", ""reference"": ""Kipping&Bakos 2010"", ""referenceUrl"": ""http://arxiv.org/abs/1006.5680"", ""note"": """", ""updatedTime"": 1277975872, ""isPrivate"": false}"
TrES-2 b,410,2454970.5865,99.0,16.0,2,R,Gregorio,,https://var.astro.cz/api/OcGate/Exoplanets/8,oc_gate_api,318,"{""transId"": 18705, ""obsId"": null, ""dataVersion"": 0, ""hjdMid"": 2454970.5865, ""hjdMidReduced"": 54970.5865, ""jdMidErr"": 0.001, ""epoch"": 410, ""ocValue"": -0.00072, ""duration"": 99.0, ""durationErr"": 3.0, ""depth"": 16.0, ""depthErr"": 0.85, ""dqi"": 2, ""band"": ""R"", ""observer"": ""Gregorio"", ""reference"": ""AXA"", ""referenceUrl"": ""http://brucegary.net/AXA/TrES2/tres2.htm"", ""note"": """", ""updatedTime"": 1246008122, ""isPrivate"": false}"
TrES-2 b,410,2454970.586212,,16.58,1,Kepler,Kepler,,https://var.astro.cz/api/OcGate/Exoplanets/8,oc_gate_api,319,"{""transId"": 19058, ""obsId"": null, ""dataVersion"": 0, ""hjdMid"": 2454970.586212, ""hjdMidReduced"": 54970.586212, ""jdMidErr"": 5e-05, ""epoch"": 410, ""ocValue"": -0.001008, ""duration"": 0.0, ""durationErr"": 0.0, ""depth"": 16.58, ""depthErr"": 0.08, ""dqi"": 1, ""band"": ""Kepler"", ""observer"": ""Kepler"", ""reference"": ""Kipping&Bakos 2010"", ""referenceUrl"": ""http://arxiv.org/abs/1006.5680"", ""note"": """", ""updatedTime"": 1277975781, ""isPrivate"": false}"
TrES-2 b,409,2454968.115616,,16.41,1,Kepler,Kepler,,https://var.astro.cz/api/OcGate/Exoplanets/8,oc_gate_api,320,"{""transId"": 19057, ""obsId"": null, ""dataVersion"": 0, ""hjdMid"": 2454968.115616, ""hjdMidReduced"": 54968.115616, ""jdMidErr"": 5e-05, ""epoch"": 409, ""ocValue"": -0.000991, ""duration"": 0.0, ""durationErr"": 0.0, ""depth"": 16.41, ""depthErr"": 0.08, ""dqi"": 1, ""band"": ""Kepler"", ""observer"": ""Kepler"", ""reference"": ""Kipping&Bakos 2010"", ""referenceUrl"": ""http://arxiv.org/abs/1006.5680"", ""note"": """", ""updatedTime"": 1277975541, ""isPrivate"": false}"
TrES-2 b,408,2454965.644931,,16.4,1,Kepler,Kepler,,https://var.astro.cz/api/OcGate/Exoplanets/8,oc_gate_api,321,"{""transId"": 19056, ""obsId"": null, ""dataVersion"": 0, ""hjdMid"": 2454965.644931, ""hjdMidReduced"": 54965.644931, ""jdMidErr"": 5e-05, ""epoch"": 408, ""ocValue"": -0.001063, ""duration"": 0.0, ""durationErr"": 0.0, ""depth"": 16.4, ""depthErr"": 0.08, ""dqi"": 1, ""band"": ""Kepler"", ""observer"": ""Kepler"", ""reference"": ""Kipping&Bakos 2010"", ""referenceUrl"": ""http://arxiv.org/abs/1006.5680"", ""note"": """", ""updatedTime"": 1277975559, ""isPrivate"": false}"
TrES-2 b,407,2454963.174363,,16.3,1,Kepler,Kepler,,https://var.astro.cz/api/OcGate/Exoplanets/8,oc_gate_api,322,"{""transId"": 19055, ""obsId"": null, ""dataVersion"": 0, ""hjdMid"": 2454963.174363, ""hjdMidReduced"": 54963.174363, ""jdMidErr"": 5e-05, ""epoch"": 407, ""ocValue"": -0.001018, ""duration"": 0.0, ""durationErr"": 0.0, ""depth"": 16.3, ""depthErr"": 0.08, ""dqi"": 1, ""band"": ""Kepler"", ""observer"": ""Kepler"", ""reference"": ""Kipping&Bakos 2010"", ""referenceUrl"": ""http://arxiv.org/abs/1006.5680"", ""note"": """", ""updatedTime"": 1277975570, ""isPrivate"": false}"
TrES-2 b,406,2454960.703759,,16.43,1,Kepler,Kepler,,https://var.astro.cz/api/OcGate/Exoplanets/8,oc_gate_api,323,"{""transId"": 19054, ""obsId"": null, ""dataVersion"": 0, ""hjdMid"": 2454960.703759, ""hjdMidReduced"": 54960.703759, ""jdMidErr"": 5e-05, ""epoch"": 406, ""ocValue"": -0.001008, ""duration"": 0.0, ""durationErr"": 0.0, ""depth"": 16.43, ""depthErr"": 0.08, ""dqi"": 1, ""band"": ""Kepler"", ""observer"": ""Kepler"", ""reference"": ""Kipping&Bakos 2010"", ""referenceUrl"": ""http://arxiv.org/abs/1006.5680"", ""note"": """", ""updatedTime"": 1277975581, ""isPrivate"": false}"
TrES-2 b,405,2454958.2332,,16.46,1,Kepler,Kepler,,https://var.astro.cz/api/OcGate/Exoplanets/8,oc_gate_api,324,"{""transId"": 19053, ""obsId"": null, ""dataVersion"": 0, ""hjdMid"": 2454958.2332, ""hjdMidReduced"": 54958.2332, ""jdMidErr"": 5.1e-05, ""epoch"": 405, ""ocValue"": -0.000954, ""duration"": 0.0, ""durationErr"": 0.0, ""depth"": 16.46, ""depthErr"": 0.09, ""dqi"": 1, ""band"": ""Kepler"", ""observer"": ""Kepler"", ""reference"": ""Kipping&Bakos 2010"", ""referenceUrl"": ""http://arxiv.org/abs/1006.5680"", ""note"": """", ""updatedTime"": 1277975449, ""isPrivate"": false}"
TrES-2 b,404,2454955.762493,,16.51,1,Kepler,Kepler,,https://var.astro.cz/api/OcGate/Exoplanets/8,oc_gate_api,325,"{""transId"": 19052, ""obsId"": null, ""dataVersion"": 0, ""hjdMid"": 2454955.762493, ""hjdMidReduced"": 54955.762493, ""jdMidErr"": 5e-05, ""epoch"": 404, ""ocValue"": -0.001048, ""duration"": 0.0, ""durationErr"": 0.0, ""depth"": 16.51, ""depthErr"": 0.08, ""dqi"": 1, ""band"": ""Kepler"", ""observer"": ""Kepler"", ""reference"": ""Kipping&Bakos 2010"", ""referenceUrl"": ""http://arxiv.org/abs/1006.5680"", ""note"": """", ""updatedTime"": 1277975965, ""isPrivate"": false}"
TrES-2 b,399,2454943.4132,114.7,16.6,3,Clear,Luboš Brát,https://var.astro.cz/api/charts/observation/81955,https://var.astro.cz/api/OcGate/Exoplanets/8,oc_gate_api,326,"{""transId"": 64, ""obsId"": 81955, ""dataVersion"": 0, ""hjdMid"": 2454943.4132, ""hjdMidReduced"": 54943.4132, ""jdMidErr"": 0.00138, ""epoch"": 399, ""ocValue"": 0.002725, ""duration"": 114.7, ""durationErr"": 7.0, ""depth"": 16.6, ""depthErr"": 2.1, ""dqi"": 3, ""band"": ""Clear"", ""observer"": ""Luboš Brát"", ""reference"": ""TRESCA"", ""referenceUrl"": ""https://var.astro.cz/en/Transits/64"", ""note"": ""180s with autoguiding"", ""updatedTime"": 1240358432, ""isPrivate"": false}"
TrES-2 b,395,2454933.52726,103.9,10.0,3,Clear,"Štefan Gajdoš, Ivana Jakšová",https://var.astro.cz/api/charts/observation/82143,https://var.astro.cz/api/OcGate/Exoplanets/8,oc_gate_api,327,"{""transId"": 278, ""obsId"": 82143, ""dataVersion"": 0, ""hjdMid"": 2454933.52726, ""hjdMidReduced"": 54933.52726, ""jdMidErr"": 0.00168, ""epoch"": 395, ""ocValue"": -0.000762, ""duration"": 103.9, ""durationErr"": 6.3, ""depth"": 10.0, ""depthErr"": 2.7, ""dqi"": 3, ""band"": ""Clear"", ""observer"": ""Štefan Gajdoš, Ivana Jakšová"", ""reference"": ""TRESCA"", ""referenceUrl"": ""https://var.astro.cz/en/Transits/278"", ""note"": ""GENERATED FROM TRANSIT id=278"", ""updatedTime"": 1269642248, ""isPrivate"": false}"
TrES-2 b,393,2454928.58792,104.7,14.2,3,Clear,Václav Přibík,https://var.astro.cz/api/charts/observation/81945,https://var.astro.cz/api/OcGate/Exoplanets/8,oc_gate_api,328,"{""transId"": 44, ""obsId"": 81945, ""dataVersion"": 0, ""hjdMid"": 2454928.58792, ""hjdMidReduced"": 54928.58792, ""jdMidErr"": 0.00112, ""epoch"": 393, ""ocValue"": 0.001125, ""duration"": 104.7, ""durationErr"": 5.3, ""depth"": 14.2, ""depthErr"": 3.1, ""dqi"": 3, ""band"": ""Clear"", ""observer"": ""Václav Přibík"", ""reference"": ""TRESCA"", ""referenceUrl"": ""https://var.astro.cz/en/Transits/44"", ""note"": ""vysoka oblacnost"", ""updatedTime"": 1239082444, ""isPrivate"": false}"
TrES-2 b,393,2454928.58757,111.8,17.4,3,Clear,Luboš Brát,https://var.astro.cz/api/charts/observation/81944,https://var.astro.cz/api/OcGate/Exoplanets/8,oc_gate_api,329,"{""transId"": 43, ""obsId"": 81944, ""dataVersion"": 0, ""hjdMid"": 2454928.58757, ""hjdMidReduced"": 54928.58757, ""jdMidErr"": 0.00626, ""epoch"": 393, ""ocValue"": 0.000775, ""duration"": 111.8, ""durationErr"": 22.5, ""depth"": 17.4, ""depthErr"": 7.5, ""dqi"": 3, ""band"": ""Clear"", ""observer"": ""Luboš Brát"", ""reference"": ""TRESCA"", ""referenceUrl"": ""https://var.astro.cz/en/Transits/43"", ""note"": ""180s exposure with autoguiding"", ""updatedTime"": 1239077476, ""isPrivate"": false}"
TrES-2 b,393,2454928.58752,93.5,17.9,3,R,Stanislav Poddaný,https://var.astro.cz/api/charts/observation/3558,https://var.astro.cz/api/OcGate/Exoplanets/8,oc_gate_api,330,"{""transId"": 47, ""obsId"": 3558, ""dataVersion"": 0, ""hjdMid"": 2454928.58752, ""hjdMidReduced"": 54928.58752, ""jdMidErr"": 0.00143, ""epoch"": 393, ""ocValue"": 0.000725, ""duration"": 93.5, ""durationErr"": 6.7, ""depth"": 17.9, ""depthErr"": 3.5, ""dqi"": 3, ""band"": ""R"", ""observer"": ""Stanislav Poddaný"", ""reference"": ""TRESCA"", ""referenceUrl"": ""https://var.astro.cz/en/Transits/47"", ""note"": ""120s exposure, no autoguiding\r\nMoon, dust in the atmosphere"", ""updatedTime"": 1239091442, ""isPrivate"": false}"
TrES-2 b,391,2454923.6438,103.2,15.65,2,R,AXA,,https://var.astro.cz/api/OcGate/Exoplanets/8,oc_gate_api,331,"{""transId"": 18673, ""obsId"": null, ""dataVersion"": 0, ""hjdMid"": 2454923.6438, ""hjdMidReduced"": 54923.6438, ""jdMidErr"": 0.0007, ""epoch"": 391, ""ocValue"": -0.001769, ""duration"": 103.2, ""durationErr"": 1.8, ""depth"": 15.65, ""depthErr"": 0.5, ""dqi"": 2, ""band"": ""R"", ""observer"": ""AXA"", ""reference"": ""Gregorio"", ""referenceUrl"": ""http://brucegary.net/AXA/TrES2/tres2.htm"", ""note"": ""ETD\r\n2454923.64394 +/- 0.00064\r\n108.0 +/- 3.0\r\n0.0170 +/- 0.0009"", ""updatedTime"": 1239021649, ""isPrivate"": false}"
TrES-2 b,333,2454780.3469,91.2,16.8,4,R,Meindez,,https://var.astro.cz/api/OcGate/Exoplanets/8,oc_gate_api,332,"{""transId"": 18517, ""obsId"": null, ""dataVersion"": 0, ""hjdMid"": 2454780.3469, ""hjdMidReduced"": 54780.3469, ""jdMidErr"": 0.0022, ""epoch"": 333, ""ocValue"": -0.003102, ""duration"": 91.2, ""durationErr"": 6.0, ""depth"": 16.8, ""depthErr"": 1.5, ""dqi"": 4, ""band"": ""R"", ""observer"": ""Meindez"", ""reference"": ""AXA"", ""referenceUrl"": ""http://brucegary.net/AXA/TrES2/tres2.htm"", ""note"": """", ""updatedTime"": 1227519589, ""isPrivate"": false}"
TrES-2 b,321,2454750.7001,103.2,19.4,3,Clear,Littlefield,,https://var.astro.cz/api/OcGate/Exoplanets/8,oc_gate_api,333,"{""transId"": 18518, ""obsId"": null, ""dataVersion"": 0, ""hjdMid"": 2454750.7001, ""hjdMidReduced"": 54750.7001, ""jdMidErr"": 0.0011, ""epoch"": 321, ""ocValue"": -0.002544, ""duration"": 103.2, ""durationErr"": 3.0, ""depth"": 19.4, ""depthErr"": 1.5, ""dqi"": 3, ""band"": ""Clear"", ""observer"": ""Littlefield"", ""reference"": ""AXA"", ""referenceUrl"": ""http://brucegary.net/AXA/TrES2/tres2.htm"", ""note"": """", ""updatedTime"": 1227519933, ""isPrivate"": false}"
TrES-2 b,310,2454723.5179,91.2,16.4,4,R,Muler G.,,https://var.astro.cz/api/OcGate/Exoplanets/8,oc_gate_api,334,"{""transId"": 18473, ""obsId"": null, ""dataVersion"": 0, ""hjdMid"": 2454723.5179, ""hjdMidReduced"": 54723.5179, ""jdMidErr"": 0.0019, ""epoch"": 310, ""ocValue"": -0.007998, ""duration"": 91.2, ""durationErr"": 5.4, ""depth"": 16.4, ""depthErr"": 1.9, ""dqi"": 4, ""band"": ""R"", ""observer"": ""Muler G."", ""reference"": ""AXA"", ""referenceUrl"": ""http://brucegary.net/AXA/TrES2/tres2.htm"", ""note"": """", ""updatedTime"": 1221436932, ""isPrivate"": false}"
TrES-2 b,304,2454708.6987,103.8,15.6,4,V,Roe,,https://var.astro.cz/api/OcGate/Exoplanets/8,oc_gate_api,335,"{""transId"": 18423, ""obsId"": null, ""dataVersion"": 0, ""hjdMid"": 2454708.6987, ""hjdMidReduced"": 54708.6987, ""jdMidErr"": 0.0011, ""epoch"": 304, ""ocValue"": -0.003519, ""duration"": 103.8, ""durationErr"": 3.0, ""depth"": 15.6, ""depthErr"": 1.8, ""dqi"": 4, ""band"": ""V"", ""observer"": ""Roe"", ""reference"": ""AXA"", ""referenceUrl"": ""http://brucegary.net/AXA/TrES2/tres2.htm"", ""note"": """", ""updatedTime"": 1220526191, ""isPrivate"": false}"
TrES-2 b,299,2454696.34819,108.3,12.7,2,R,"M. Andreev, Yu. Kuznietsova, V. Krushevska",https://var.astro.cz/api/charts/observation/83644,https://var.astro.cz/api/OcGate/Exoplanets/8,oc_gate_api,336,"{""transId"": 1900, ""obsId"": 83644, ""dataVersion"": 0, ""hjdMid"": 2454696.34819, ""hjdMidReduced"": 54696.34819, ""jdMidErr"": 0.00255, ""epoch"": 299, ""ocValue"": -0.000963, ""duration"": 108.3, ""durationErr"": 8.4, ""depth"": 12.7, ""depthErr"": 2.0, ""dqi"": 2, ""band"": ""R"", ""observer"": ""M. Andreev, Yu. Kuznietsova, V. Krushevska"", ""reference"": ""TRESCA"", ""referenceUrl"": ""https://var.astro.cz/en/Transits/1900"", ""note"": ""GENERATED FROM TRANSIT id=1900"", ""updatedTime"": 1344977319, ""isPrivate"": false}"
TrES-2 b,293,2454681.5224,99.0,17.75,3,R,Naves,,https://var.astro.cz/api/OcGate/Exoplanets/8,oc_gate_api,337,"{""transId"": 18249, ""obsId"": null, ""dataVersion"": 0, ""hjdMid"": 2454681.5224, ""hjdMidReduced"": 54681.5224, ""jdMidErr"": 0.0021, ""epoch"": 293, ""ocValue"": -0.003073, ""duration"": 99.0, ""durationErr"": 6.0, ""depth"": 17.75, ""depthErr"": 0.17, ""dqi"": 3, ""band"": ""R"", ""observer"": ""Naves"", ""reference"": ""AXA"", ""referenceUrl"": ""http://brucegary.net/AXA/TrES2/tres2.htm"", ""note"": """", ""updatedTime"": 1220827712, ""isPrivate"": false}"
TrES-2 b,281,2454651.8756,99.0,16.9,2,V,Moon,,https://var.astro.cz/api/OcGate/Exoplanets/8,oc_gate_api,338,"{""transId"": 18251, ""obsId"": null, ""dataVersion"": 0, ""hjdMid"": 2454651.8756, ""hjdMidReduced"": 54651.8756, ""jdMidErr"": 0.0007, ""epoch"": 281, ""ocValue"": -0.002515, ""duration"": 99.0, ""durationErr"": 1.8, ""depth"": 16.9, ""depthErr"": 0.73, ""dqi"": 2, ""band"": ""V"", ""observer"": ""Moon"", ""reference"": ""AXA"", ""referenceUrl"": ""http://brucegary.net/AXA/TrES2/tres2.htm"", ""note"": """", ""updatedTime"": 1220827749, ""isPrivate"": false}"
TrES-2 b,280,2454649.4149,108.0,17.1,4,R,Mendez,,https://var.astro.cz/api/OcGate/Exoplanets/8,oc_gate_api,339,"{""transId"": 18252, ""obsId"": null, ""dataVersion"": 0, ""hjdMid"": 2454649.4149, ""hjdMidReduced"": 54649.4149, ""jdMidErr"": 0.0033, ""epoch"": 280, ""ocValue"": 0.007398, ""duration"": 108.0, ""durationErr"": 9.6, ""depth"": 17.1, ""depthErr"": 2.1, ""dqi"": 4, ""band"": ""R"", ""observer"": ""Mendez"", ""reference"": ""AXA"", ""referenceUrl"": ""http://brucegary.net/AXA/TrES2/tres2.htm"", ""note"": """", ""updatedTime"": 1220827794, ""isPrivate"": false}"
TrES-2 b,278,2454644.46974,102.0,22.1,4,Clear,Manfred Raetz,https://var.astro.cz/api/charts/observation/88023,https://var.astro.cz/api/OcGate/Exoplanets/8,oc_gate_api,340,"{""transId"": 6422, ""obsId"": 88023, ""dataVersion"": 0, ""hjdMid"": 2454644.46974, ""hjdMidReduced"": 54644.46974, ""jdMidErr"": 0.00209, ""epoch"": 278, ""ocValue"": 0.003465, ""duration"": 102.0, ""durationErr"": 9.9, ""depth"": 22.1, ""depthErr"": 2.9, ""dqi"": 4, ""band"": ""Clear"", ""observer"": ""Manfred Raetz"", ""reference"": ""TRESCA"", ""referenceUrl"": ""https://var.astro.cz/en/Transits/6422"", ""note"": ""GENERATED FROM TRANSIT id=6422"", ""updatedTime"": 1554494468, ""isPrivate"": false}"
TrES-2 b,278,2454644.4644,94.8,14.3,4,Clear,Ayiomamitis,,https://var.astro.cz/api/OcGate/Exoplanets/8,oc_gate_api,341,"{""transId"": 18253, ""obsId"": null, ""dataVersion"": 0, ""hjdMid"": 2454644.4644, ""hjdMidReduced"": 54644.4644, ""jdMidErr"": 0.0018, ""epoch"": 278, ""ocValue"": -0.001875, ""duration"": 94.8, ""durationErr"": 5.4, ""depth"": 14.3, ""depthErr"": 1.73, ""dqi"": 4, ""band"": ""Clear"", ""observer"": ""Ayiomamitis"", ""reference"": ""AXA"", ""referenceUrl"": ""http://brucegary.net/AXA/TrES2/tres2.htm"", ""note"": """", ""updatedTime"": 1220827821, ""isPrivate"": false}"
TrES-2 b,272,2454629.6451,98.4,18.5,4,V,Roe,,https://var.astro.cz/api/OcGate/Exoplanets/8,oc_gate_api,342,"{""transId"": 18254, ""obsId"": null, ""dataVersion"": 0, ""hjdMid"": 2454629.6451, ""hjdMidReduced"": 54629.6451, ""jdMidErr"": 0.0024, ""epoch"": 272, ""ocValue"": 0.002504, ""duration"": 98.4, ""durationErr"": 7.2, ""depth"": 18.5, ""depthErr"": 1.93, ""dqi"": 4, ""band"": ""V"", ""observer"": ""Roe"", ""reference"": ""AXA"", ""referenceUrl"": ""http://brucegary.net/AXA/TrES2/tres2.htm"", ""note"": """", ""updatedTime"": 1220827896, ""isPrivate"": false}"
TrES-2 b,268,2454619.7599,105.0,16.55,2,R,Gary,,https://var.astro.cz/api/OcGate/Exoplanets/8,oc_gate_api,343,"{""transId"": 18255, ""obsId"": null, ""dataVersion"": 0, ""hjdMid"": 2454619.7599, ""hjdMidReduced"": 54619.7599, ""jdMidErr"": 0.0013, ""epoch"": 268, ""ocValue"": -0.000243, ""duration"": 105.0, ""durationErr"": 3.6, ""depth"": 16.55, ""depthErr"": 1.33, ""dqi"": 2, ""band"": ""R"", ""observer"": ""Gary"", ""reference"": ""AXA"", ""referenceUrl"": ""http://brucegary.net/AXA/TrES2/tres2.htm"", ""note"": """", ""updatedTime"": 1220827953, ""isPrivate"": false}"
TrES-2 b,259,2454597.5225,102.6,17.2,3,R,Vanmunster,,https://var.astro.cz/api/OcGate/Exoplanets/8,oc_gate_api,344,"{""transId"": 18256, ""obsId"": null, ""dataVersion"": 0, ""hjdMid"": 2454597.5225, ""hjdMidReduced"": 54597.5225, ""jdMidErr"": 0.0012, ""epoch"": 259, ""ocValue"": -0.002124, ""duration"": 102.6, ""durationErr"": 3.6, ""depth"": 17.2, ""depthErr"": 0.9, ""dqi"": 3, ""band"": ""R"", ""observer"": ""Vanmunster"", ""reference"": ""AXA"", ""referenceUrl"": ""http://brucegary.net/AXA/TrES2/tres2.htm"", ""note"": """", ""updatedTime"": 1219668206, ""isPrivate"": false}"
TrES-2 b,242,2454555.52621,95.8,16.2,3,R,Luboš Brát,https://var.astro.cz/api/charts/observation/1956,https://var.astro.cz/api/OcGate/Exoplanets/8,oc_gate_api,345,"{""transId"": 3, ""obsId"": 1956, ""dataVersion"": 0, ""hjdMid"": 2454555.52621, ""hjdMidReduced"": 54555.52621, ""jdMidErr"": 0.00123, ""epoch"": 242, ""ocValue"": 0.002011, ""duration"": 95.8, ""durationErr"": 5.6, ""depth"": 16.2, ""depthErr"": 1.5, ""dqi"": 3, ""band"": ""R"", ""observer"": ""Luboš Brát"", ""reference"": ""TRESCA"", ""referenceUrl"": ""https://var.astro.cz/en/Transits/3"", ""note"": ""180s exposure<br>\r\nTminHJD = 2454555.52632 +/- 0.0016"", ""updatedTime"": 1220656264, ""isPrivate"": false}"
TrES-2 b,242,2454555.5236,101.4,16.65,4,R,Hentunen,,https://var.astro.cz/api/OcGate/Exoplanets/8,oc_gate_api,346,"{""transId"": 18544, ""obsId"": null, ""dataVersion"": 0, ""hjdMid"": 2454555.5236, ""hjdMidReduced"": 54555.5236, ""jdMidErr"": 0.0009, ""epoch"": 242, ""ocValue"": -0.000599, ""duration"": 101.4, ""durationErr"": 2.4, ""depth"": 16.65, ""depthErr"": 0.88, ""dqi"": 4, ""band"": ""R"", ""observer"": ""Hentunen"", ""reference"": ""AXA"", ""referenceUrl"": ""http://brucegary.net/AXA/TrES2/tres2.htm"", ""note"": """", ""updatedTime"": 1231333032, ""isPrivate"": false}"
TrES-2 b,229,2454523.4097,101.4,18.8,4,Clear,Hentunen,,https://var.astro.cz/api/OcGate/Exoplanets/8,oc_gate_api,347,"{""transId"": 18508, ""obsId"": null, ""dataVersion"": 0, ""hjdMid"": 2454523.4097, ""hjdMidReduced"": 54523.4097, ""jdMidErr"": 0.0008, ""epoch"": 229, ""ocValue"": 0.003473, ""duration"": 101.4, ""durationErr"": 2.4, ""depth"": 18.8, ""depthErr"": 1.63, ""dqi"": 4, ""band"": ""Clear"", ""observer"": ""Hentunen"", ""reference"": ""AXA"", ""referenceUrl"": ""http://brucegary.net/AXA/TrES2/tres2.htm"", ""note"": """", ""updatedTime"": 1225722655, ""isPrivate"": false}"
TrES-2 b,170,2454377.6423,100.2,13.0,3,R,Sheridan,,https://var.astro.cz/api/OcGate/Exoplanets/8,oc_gate_api,348,"{""transId"": 18257, ""obsId"": null, ""dataVersion"": 0, ""hjdMid"": 2454377.6423, ""hjdMidReduced"": 54377.6423, ""jdMidErr"": 0.0008, ""epoch"": 170, ""ocValue"": 0.002253, ""duration"": 100.2, ""durationErr"": 2.4, ""depth"": 13.0, ""depthErr"": 0.5, ""dqi"": 3, ""band"": ""R"", ""observer"": ""Sheridan"", ""reference"": ""AXA"", ""referenceUrl"": ""http://brucegary.net/AXA/TrES2/tres2.htm"", ""note"": """", ""updatedTime"": 1219668338, ""isPrivate"": false}"
TrES-2 b,170,2454377.6381,103.2,17.1,2,BB,Gary,,https://var.astro.cz/api/OcGate/Exoplanets/8,oc_gate_api,349,"{""transId"": 18258, ""obsId"": null, ""dataVersion"": 0, ""hjdMid"": 2454377.6381, ""hjdMidReduced"": 54377.6381, ""jdMidErr"": 0.0007, ""epoch"": 170, ""ocValue"": -0.001947, ""duration"": 103.2, ""durationErr"": 1.8, ""depth"": 17.1, ""depthErr"": 0.5, ""dqi"": 2, ""band"": ""BB"", ""observer"": ""Gary"", ""reference"": ""AXA"", ""referenceUrl"": ""http://brucegary.net/AXA/TrES2/tres2.htm"", ""note"": """", ""updatedTime"": 1219668647, ""isPrivate"": false}"
TrES-2 b,163,2454360.34601,104.9,16.0,2,R,"V. Krushevska, Yu. Kuznietsova, M. Andreev",https://var.astro.cz/api/charts/observation/83643,https://var.astro.cz/api/OcGate/Exoplanets/8,oc_gate_api,350,"{""transId"": 1899, ""obsId"": 83643, ""dataVersion"": 0, ""hjdMid"": 2454360.34601, ""hjdMidReduced"": 54360.34601, ""jdMidErr"": 0.0006, ""epoch"": 163, ""ocValue"": 0.000255, ""duration"": 104.9, ""durationErr"": 2.5, ""depth"": 16.0, ""depthErr"": 0.7, ""dqi"": 2, ""band"": ""R"", ""observer"": ""V. Krushevska, Yu. Kuznietsova, M. Andreev"", ""reference"": ""TRESCA"", ""referenceUrl"": ""https://var.astro.cz/en/Transits/1899"", ""note"": ""GENERATED FROM TRANSIT id=1899"", ""updatedTime"": 1344976275, ""isPrivate"": false}"
TrES-2 b,163,2454360.34244,111.4,19.4,3,Clear,Manfred Raetz,https://var.astro.cz/api/charts/observation/88014,https://var.astro.cz/api/OcGate/Exoplanets/8,oc_gate_api,351,"{""transId"": 6413, ""obsId"": 88014, ""dataVersion"": 0, ""hjdMid"": 2454360.34244, ""hjdMidReduced"": 54360.34244, ""jdMidErr"": 0.00204, ""epoch"": 163, ""ocValue"": -0.003315, ""duration"": 111.4, ""durationErr"": 10.4, ""depth"": 19.4, ""depthErr"": 2.4, ""dqi"": 3, ""band"": ""Clear"", ""observer"": ""Manfred Raetz"", ""reference"": ""TRESCA"", ""referenceUrl"": ""https://var.astro.cz/en/Transits/6413"", ""note"": ""GENERATED FROM TRANSIT id=6413"", ""updatedTime"": 1554244024, ""isPrivate"": false}"
TrES-2 b,161,2454355.40257,97.0,14.4,2,R,"V. Krushevska, Yu. Kuznietsova, M. Andreev",https://var.astro.cz/api/charts/observation/83642,https://var.astro.cz/api/OcGate/Exoplanets/8,oc_gate_api,352,"{""transId"": 1898, ""obsId"": 83642, ""dataVersion"": 0, ""hjdMid"": 2454355.40257, ""hjdMidReduced"": 54355.40257, ""jdMidErr"": 0.00047, ""epoch"": 161, ""ocValue"": -0.001958, ""duration"": 97.0, ""durationErr"": 2.3, ""depth"": 14.4, ""depthErr"": 0.4, ""dqi"": 2, ""band"": ""R"", ""observer"": ""V. Krushevska, Yu. Kuznietsova, M. Andreev"", ""reference"": ""TRESCA"", ""referenceUrl"": ""https://var.astro.cz/en/Transits/1898"", ""note"": ""GENERATED FROM TRANSIT id=1898"", ""updatedTime"": 1344973264, ""isPrivate"": false}"
TrES-2 b,157,2454345.5235,103.2,16.0,3,Clear,Naves,,https://var.astro.cz/api/OcGate/Exoplanets/8,oc_gate_api,353,"{""transId"": 18259, ""obsId"": null, ""dataVersion"": 0, ""hjdMid"": 2454345.5235, ""hjdMidReduced"": 54345.5235, ""jdMidErr"": 0.0015, ""epoch"": 157, ""ocValue"": 0.001424, ""duration"": 103.2, ""durationErr"": 4.2, ""depth"": 16.0, ""depthErr"": 1.2, ""dqi"": 3, ""band"": ""Clear"", ""observer"": ""Naves"", ""reference"": ""AXA"", ""referenceUrl"": ""http://brucegary.net/AXA/TrES2/tres2.htm"", ""note"": """", ""updatedTime"": 1219668896, ""isPrivate"": false}"
TrES-2 b,157,2454345.5199,97.2,13.8,3,BB,Gregorio J.,,https://var.astro.cz/api/OcGate/Exoplanets/8,oc_gate_api,354,"{""transId"": 18260, ""obsId"": null, ""dataVersion"": 0, ""hjdMid"": 2454345.5199, ""hjdMidReduced"": 54345.5199, ""jdMidErr"": 0.0012, ""epoch"": 157, ""ocValue"": -0.002176, ""duration"": 97.2, ""durationErr"": 0.0, ""depth"": 13.8, ""depthErr"": 1.5, ""dqi"": 3, ""band"": ""BB"", ""observer"": ""Gregorio J."", ""reference"": ""AXA"", ""referenceUrl"": ""http://brucegary.net/AXA/TrES2/tres2.htm"", ""note"": """", ""updatedTime"": 1219669019, ""isPrivate"": false}"
TrES-2 b,157,2454345.5139,116.4,18.3,4,R,Casas,,https://var.astro.cz/api/OcGate/Exoplanets/8,oc_gate_api,355,"{""transId"": 18479, ""obsId"": null, ""dataVersion"": 0, ""hjdMid"": 2454345.5139, ""hjdMidReduced"": 54345.5139, ""jdMidErr"": 0.0016, ""epoch"": 157, ""ocValue"": -0.008176, ""duration"": 116.4, ""durationErr"": 4.8, ""depth"": 18.3, ""depthErr"": 2.5, ""dqi"": 4, ""band"": ""R"", ""observer"": ""Casas"", ""reference"": ""AXA"", ""referenceUrl"": ""http://brucegary.net/AXA/TrES2/tres2.htm"", ""note"": """", ""updatedTime"": 1225722761, ""isPrivate"": false}"
TrES-2 b,155,2454340.5835,105.0,20.5,4,Clear,Naves,,https://var.astro.cz/api/OcGate/Exoplanets/8,oc_gate_api,356,"{""transId"": 18261, ""obsId"": null, ""dataVersion"": 0, ""hjdMid"": 2454340.5835, ""hjdMidReduced"": 54340.5835, ""jdMidErr"": 0.0, ""epoch"": 155, ""ocValue"": 0.002651, ""duration"": 105.0, ""durationErr"": 0.0, ""depth"": 20.5, ""depthErr"": 2.0, ""dqi"": 4, ""band"": ""Clear"", ""observer"": ""Naves"", ""reference"": ""AXA"", ""referenceUrl"": ""http://brucegary.net/AXA/TrES2/tres2.htm"", ""note"": """", ""updatedTime"": 1219669151, ""isPrivate"": false}"
TrES-2 b,151,2454330.7013,102.0,18.0,4,Clear,Cruz,,https://var.astro.cz/api/OcGate/Exoplanets/8,oc_gate_api,357,"{""transId"": 18262, ""obsId"": null, ""dataVersion"": 0, ""hjdMid"": 2454330.7013, ""hjdMidReduced"": 54330.7013, ""jdMidErr"": 0.0, ""epoch"": 151, ""ocValue"": 0.002904, ""duration"": 102.0, ""durationErr"": 6.0, ""depth"": 18.0, ""depthErr"": 2.0, ""dqi"": 4, ""band"": ""Clear"", ""observer"": ""Cruz"", ""reference"": ""AXA"", ""referenceUrl"": ""http://brucegary.net/AXA/TrES2/tres2.htm"", ""note"": """", ""updatedTime"": 1219669297, ""isPrivate"": false}"
TrES-2 b,144,2454313.39935,95.7,15.1,2,R,Angelo Angeletti,https://var.astro.cz/api/charts/observation/82780,https://var.astro.cz/api/OcGate/Exoplanets/8,oc_gate_api,358,"{""transId"": 972, ""obsId"": 82780, ""dataVersion"": 0, ""hjdMid"": 2454313.39935, ""hjdMidReduced"": 54313.39935, ""jdMidErr"": 0.00195, ""epoch"": 144, ""ocValue"": -0.004754, ""duration"": 95.7, ""durationErr"": 8.6, ""depth"": 15.1, ""depthErr"": 2.9, ""dqi"": 2, ""band"": ""R"", ""observer"": ""Angelo Angeletti"", ""reference"": ""TRESCA"", ""referenceUrl"": ""https://var.astro.cz/en/Transits/972"", ""note"": ""GENERATED FROM TRANSIT id=972"", ""updatedTime"": 1309269525, ""isPrivate"": false}"
TrES-2 b,142,2454308.463,83.4,17.35,4,R,Casas,,https://var.astro.cz/api/OcGate/Exoplanets/8,oc_gate_api,359,"{""transId"": 18478, ""obsId"": null, ""dataVersion"": 0, ""hjdMid"": 2454308.463, ""hjdMidReduced"": 54308.463, ""jdMidErr"": 0.0018, ""epoch"": 142, ""ocValue"": 0.000123, ""duration"": 83.4, ""durationErr"": 4.8, ""depth"": 17.35, ""depthErr"": 1.85, ""dqi"": 4, ""band"": ""R"", ""observer"": ""Casas"", ""reference"": ""AXA"", ""referenceUrl"": ""http://brucegary.net/AXA/TrES2/tres2.htm"", ""note"": """", ""updatedTime"": 1222866542, ""isPrivate"": false}"
TrES-2 b,142,2454308.4624,,19.0,5,V,Mendez,,https://var.astro.cz/api/OcGate/Exoplanets/8,oc_gate_api,360,"{""transId"": 18263, ""obsId"": null, ""dataVersion"": 0, ""hjdMid"": 2454308.4624, ""hjdMidReduced"": 54308.4624, ""jdMidErr"": 0.0, ""epoch"": 142, ""ocValue"": -0.000477, ""duration"": 0.0, ""durationErr"": 0.0, ""depth"": 19.0, ""depthErr"": 2.0, ""dqi"": 5, ""band"": ""V"", ""observer"": ""Mendez"", ""reference"": ""AXA"", ""referenceUrl"": ""http://brucegary.net/AXA/TrES2/tres2.htm"", ""note"": """", ""updatedTime"": 1219669403, ""isPrivate"": false}"
TrES-2 b,130,2454278.8179,110.4,18.5,3,R,Foote,,https://var.astro.cz/api/OcGate/Exoplanets/8,oc_gate_api,361,"{""transId"": 18267, ""obsId"": null, ""dataVersion"": 0, ""hjdMid"": 2454278.8179, ""hjdMidReduced"": 54278.8179, ""jdMidErr"": 0.0, ""epoch"": 130, ""ocValue"": 0.002381, ""duration"": 110.4, ""durationErr"": 0.0, ""depth"": 18.5, ""depthErr"": 1.5, ""dqi"": 3, ""band"": ""R"", ""observer"": ""Foote"", ""reference"": ""AXA"", ""referenceUrl"": ""http://brucegary.net/AXA/TrES2/tres2.htm"", ""note"": """", ""updatedTime"": 1219671225, ""isPrivate"": false}"
TrES-2 b,127,2454271.39911,92.1,20.8,4,R,Luboš Brát,https://var.astro.cz/api/charts/observation/1597,https://var.astro.cz/api/OcGate/Exoplanets/8,oc_gate_api,362,"{""transId"": 1, ""obsId"": 1597, ""dataVersion"": 0, ""hjdMid"": 2454271.39911, ""hjdMidReduced"": 54271.39911, ""jdMidErr"": 0.00297, ""epoch"": 127, ""ocValue"": -0.004569, ""duration"": 92.1, ""durationErr"": 13.0, ""depth"": 20.8, ""depthErr"": 3.9, ""dqi"": 4, ""band"": ""R"", ""observer"": ""Luboš Brát"", ""reference"": ""TRESCA"", ""referenceUrl"": ""https://var.astro.cz/en/Transits/1"", ""note"": ""Transiting exoplanet TrES-2 Dra (11 mag)<br/>\r\nCCD+R<br/>\r\nuncertain"", ""updatedTime"": 1220655220, ""isPrivate"": false}"
TrES-2 b,106,2454219.5205,106.8,17.0,3,R,Gregorio J.,,https://var.astro.cz/api/OcGate/Exoplanets/8,oc_gate_api,363,"{""transId"": 18269, ""obsId"": null, ""dataVersion"": 0, ""hjdMid"": 2454219.5205, ""hjdMidReduced"": 54219.5205, ""jdMidErr"": 0.0, ""epoch"": 106, ""ocValue"": -0.000301, ""duration"": 106.8, ""durationErr"": 0.0, ""depth"": 17.0, ""depthErr"": 2.0, ""dqi"": 3, ""band"": ""R"", ""observer"": ""Gregorio J."", ""reference"": ""AXA"", ""referenceUrl"": ""http://brucegary.net/AXA/TrES2/tres2.htm"", ""note"": """", ""updatedTime"": 1219671320, ""isPrivate"": false}"
TrES-2 b,106,2454219.51426,92.7,14.4,3,Clear,Manfred Raetz,https://var.astro.cz/api/charts/observation/88016,https://var.astro.cz/api/OcGate/Exoplanets/8,oc_gate_api,364,"{""transId"": 6415, ""obsId"": 88016, ""dataVersion"": 0, ""hjdMid"": 2454219.51426, ""hjdMidReduced"": 54219.51426, ""jdMidErr"": 0.01019, ""epoch"": 106, ""ocValue"": -0.006541, ""duration"": 92.7, ""durationErr"": 40.2, ""depth"": 14.4, ""depthErr"": 3.3, ""dqi"": 3, ""band"": ""Clear"", ""observer"": ""Manfred Raetz"", ""reference"": ""TRESCA"", ""referenceUrl"": ""https://var.astro.cz/en/Transits/6415"", ""note"": ""GENERATED FROM TRANSIT id=6415"", ""updatedTime"": 1554322983, ""isPrivate"": false}"
TrES-2 b,34,2454041.63579,,,1,z,Holman et al 2007,,https://var.astro.cz/api/OcGate/Exoplanets/8,oc_gate_api,365,"{""transId"": 18236, ""obsId"": null, ""dataVersion"": 0, ""hjdMid"": 2454041.63579, ""hjdMidReduced"": 54041.63579, ""jdMidErr"": 0.0003, ""epoch"": 34, ""ocValue"": -0.000859, ""duration"": 0.0, ""durationErr"": 0.0, ""depth"": 0.0, ""depthErr"": 0.0, ""dqi"": 1, ""band"": ""z"", ""observer"": ""Holman et al 2007"", ""reference"": ""Holman et al 2007"", ""referenceUrl"": ""http://adsabs.harvard.edu/cgi-bin/nph-bib_query?bibcode=2007ApJ...664.1185H"", ""note"": """", ""updatedTime"": 1219654319, ""isPrivate"": false}"
TrES-2 b,25,2454019.4015,103.2,20.0,1,R,Vanmunster,,https://var.astro.cz/api/OcGate/Exoplanets/8,oc_gate_api,366,"{""transId"": 18270, ""obsId"": null, ""dataVersion"": 0, ""hjdMid"": 2454019.4015, ""hjdMidReduced"": 54019.4015, ""jdMidErr"": 0.0, ""epoch"": 25, ""ocValue"": 0.00037, ""duration"": 103.2, ""durationErr"": 0.0, ""depth"": 20.0, ""depthErr"": 1.5, ""dqi"": 1, ""band"": ""R"", ""observer"": ""Vanmunster"", ""reference"": ""AXA"", ""referenceUrl"": ""http://brucegary.net/AXA/TrES2/tres2.htm"", ""note"": """", ""updatedTime"": 1219671429, ""isPrivate"": false}"
TrES-2 b,15,2453994.69393,,,1,z,Holman et al 2007,,https://var.astro.cz/api/OcGate/Exoplanets/8,oc_gate_api,367,"{""transId"": 18235, ""obsId"": null, ""dataVersion"": 0, ""hjdMid"": 2453994.69393, ""hjdMidReduced"": 53994.69393, ""jdMidErr"": 0.00031, ""epoch"": 15, ""ocValue"": -0.001068, ""duration"": 0.0, ""durationErr"": 0.0, ""depth"": 0.0, ""depthErr"": 0.0, ""dqi"": 1, ""band"": ""z"", ""observer"": ""Holman et al 2007"", ""reference"": ""Holman et al 2007"", ""referenceUrl"": ""http://adsabs.harvard.edu/cgi-bin/nph-bib_query?bibcode=2007ApJ...664.1185H"", ""note"": """", ""updatedTime"": 1219654282, ""isPrivate"": false}"
TrES-2 b,13,2453989.75286,,,1,z,Holman et al 2007,,https://var.astro.cz/api/OcGate/Exoplanets/8,oc_gate_api,368,"{""transId"": 18234, ""obsId"": null, ""dataVersion"": 0, ""hjdMid"": 2453989.75286, ""hjdMidReduced"": 53989.75286, ""jdMidErr"": 0.00029, ""epoch"": 13, ""ocValue"": -0.000912, ""duration"": 0.0, ""durationErr"": 0.0, ""depth"": 0.0, ""depthErr"": 0.0, ""dqi"": 1, ""band"": ""z"", ""observer"": ""Holman et al 2007"", ""reference"": ""Holman et al 2007"", ""referenceUrl"": ""http://adsabs.harvard.edu/cgi-bin/nph-bib_query?bibcode=2007ApJ...664.1185H"", ""note"": """", ""updatedTime"": 1219654234, ""isPrivate"": false}"
TrES-2 b,12,2453987.28,,14.5,4,,Vanmunster,,https://var.astro.cz/api/OcGate/Exoplanets/8,oc_gate_api,369,"{""transId"": 18271, ""obsId"": null, ""dataVersion"": 0, ""hjdMid"": 2453987.28, ""hjdMidReduced"": 53987.28, ""jdMidErr"": 0.0, ""epoch"": 12, ""ocValue"": -0.003159, ""duration"": 0.0, ""durationErr"": 0.0, ""depth"": 14.5, ""depthErr"": 2.5, ""dqi"": 4, ""band"": """", ""observer"": ""Vanmunster"", ""reference"": ""AXA"", ""referenceUrl"": ""http://brucegary.net/AXA/TrES2/tres2.htm"", ""note"": ""only part of transit covered"", ""updatedTime"": 1219671522, ""isPrivate"": false}"
TrES-2 b,,2453957.63479,,,1,z,Holman et al 2007,,https://var.astro.cz/api/OcGate/Exoplanets/8,oc_gate_api,370,"{""transId"": 18233, ""obsId"": null, ""dataVersion"": 0, ""hjdMid"": 2453957.63479, ""hjdMidReduced"": 53957.63479, ""jdMidErr"": 0.00038, ""epoch"": 0, ""ocValue"": -0.00101, ""duration"": 0.0, ""durationErr"": 0.0, ""depth"": 0.0, ""depthErr"": 0.0, ""dqi"": 1, ""band"": ""z"", ""observer"": ""Holman et al 2007"", ""reference"": ""Holman et al 2007"", ""referenceUrl"": ""http://adsabs.harvard.edu/cgi-bin/nph-bib_query?bibcode=2007ApJ...664.1185H"", ""note"": """", ""updatedTime"": 1219654122, ""isPrivate"": false}"
