time,phase,segment_id,observed,posterior_mean,predictive_q03,predictive_q97,residual
-0.1499999999999999,-0.15,synthetic_segment_000,0.9988709335822136,1.0000101914660275,0.998977926886646,1.0010722917300277,-0.001139257883813971
-0.1479166666666666,-0.1479166666666667,synthetic_segment_000,1.0005838865931684,1.0000101914660275,0.9989301007174208,1.001042891460925,0.0005736951271408941
-0.1458333333333333,-0.1458333333333333,synthetic_segment_000,1.0003859397165968,1.0000101914660275,0.9989715671951999,1.0010754841693759,0.0003757482505692966
-0.1437499999999999,-0.1437499999999999,synthetic_segment_000,0.9999781577860508,1.0000101914660275,0.9989566734908244,1.0010665196893902,-3.203367997672846e-05
-0.1416666666666666,-0.1416666666666666,synthetic_segment_000,1.0018465293564276,1.0000101914660275,0.9989852377561779,1.0010788547945462,0.0018363378904000527
-0.1395833333333333,-0.1395833333333333,synthetic_segment_000,1.0005241713326762,1.0000101914660275,0.9989659190383502,1.0010233625742364,0.000513979866648695
-0.1374999999999999,-0.1374999999999999,synthetic_segment_000,0.9992495582960051,1.0000101914660275,0.9989718174646396,1.0010574455045045,-0.0007606331700223956
-0.1354166666666666,-0.1354166666666666,synthetic_segment_000,1.0006047945072591,1.0000101914660275,0.9989999972023562,1.0010793994334724,0.0005946030412316006
-0.1333333333333333,-0.1333333333333333,synthetic_segment_000,1.0002701973496408,1.0000101914660275,0.9989647037519434,1.0010847238377374,0.00026000588361330124
-0.13125,-0.1312499999999999,synthetic_segment_000,1.0005719801699473,1.0000101914660275,0.9989564259633433,1.001022605366422,0.0005617887039197633
-0.1291666666666666,-0.1291666666666666,synthetic_segment_000,0.9999382105143048,1.0000101914660275,0.9989565252408289,1.0010499874737642,-7.198095172278318e-05
-0.1270833333333333,-0.1270833333333333,synthetic_segment_000,0.9987979231563712,1.0000101914660275,0.9989410314009899,1.0010584129164246,-0.0012122683096563724
-0.125,-0.125,synthetic_segment_000,0.999868609548717,1.0000101914660275,0.9989665683068815,1.001105915638765,-0.00014158191731050707
-0.1229166666666666,-0.1229166666666666,synthetic_segment_000,0.999697443829054,1.0000101914660275,0.9989534032632167,1.001050369483607,-0.0003127476369735316
-0.1208333333333333,-0.1208333333333333,synthetic_segment_000,1.000529971891052,1.0000101914660275,0.9989797042572334,1.0010396486662314,0.0005197804250245408
-0.1187499999999999,-0.11875,synthetic_segment_000,0.9995290503858868,1.0000101914660275,0.9989682152211159,1.0010459796344242,-0.00048114108014074564
-0.1166666666666666,-0.1166666666666667,synthetic_segment_000,1.0003082909176646,1.0000101914660275,0.9989716215053699,1.0010359686662638,0.0002980994516370572
-0.1145833333333333,-0.1145833333333333,synthetic_segment_000,0.999611855747969,1.0000101914660275,0.9989377372549587,1.0010528839508188,-0.0003983357180585845
-0.1124999999999999,-0.1124999999999999,synthetic_segment_000,1.0000819384309687,1.0000101914660275,0.9989622069470578,1.0010725682605184,7.174696494116617e-05
-0.1104166666666666,-0.1104166666666666,synthetic_segment_000,1.0005258158203647,1.0000101914660275,0.998962200669944,1.0010563954588443,0.000515624354337163
-0.1083333333333333,-0.1083333333333333,synthetic_segment_000,0.9998591991348286,1.0000101914660275,0.9989879551952512,1.001070466454299,-0.0001509923311989736
-0.10625,-0.10625,synthetic_segment_000,0.99980078658552,1.0000101914660275,0.9989427138903008,1.0010284957932927,-0.00020940488050757988
-0.1041666666666666,-0.1041666666666666,synthetic_segment_000,0.9995471141026891,1.0000101914660275,0.9989433691950762,1.0010502981992355,-0.00046307736333839333
-0.1020833333333333,-0.1020833333333333,synthetic_segment_000,0.9996199489074242,1.0000101914660275,0.9989425458898152,1.0010736600582257,-0.00039024255860331536
-0.0999999999999999,-0.0999999999999999,synthetic_segment_000,0.9997427502233754,1.0000101914660275,0.9989453884967403,1.0010460195865745,-0.0002674412426521
-0.0979166666666666,-0.0979166666666666,synthetic_segment_000,1.000314105902048,1.0000101914660275,0.998924994534558,1.0010455004276544,0.0003039144360204027
-0.0958333333333333,-0.0958333333333333,synthetic_segment_000,1.0009936399343482,1.0000101914660275,0.9989355193470731,1.0010444980400137,0.000983448468320658
-0.09375,-0.09375,synthetic_segment_000,1.000340339675626,1.0000101914660275,0.9989810206298398,1.0010886848117047,0.0003301482095985353
-0.0916666666666666,-0.0916666666666666,synthetic_segment_000,1.0003536033699123,1.0000101914660275,0.9989232731395081,1.00102515385872,0.0003434119038847605
-0.0895833333333333,-0.0895833333333333,synthetic_segment_000,0.9994513895091987,1.0000101914660275,0.9989504038175994,1.0010287350365341,-0.0005588019568288916
-0.0874999999999999,-0.0875,synthetic_segment_000,0.9995553432327906,1.0000101914660275,0.9989689509463998,1.0011045853518041,-0.00045484823323693746
-0.0854166666666666,-0.0854166666666666,synthetic_segment_000,0.9998986438909562,1.0000101914660275,0.9989729036743007,1.0010590961172012,-0.00011154757507136903
-0.0833333333333333,-0.0833333333333333,synthetic_segment_000,1.0007289115260978,1.0000101914660275,0.9989911168645872,1.0010575093809466,0.0007187200600702326
-0.0812499999999999,-0.0812499999999999,synthetic_segment_000,1.000037932267448,1.0000101914660275,0.9989711121918617,1.001031046071294,2.774080142042834e-05
-0.0791666666666666,-0.0791666666666666,synthetic_segment_000,1.00090824976652,1.0000101914660275,0.9989478259690848,1.0010352394612485,0.0008980583004924991
-0.0770833333333333,-0.0770833333333333,synthetic_segment_000,1.0004871856244717,1.0000101914660275,0.9989056893223903,1.0010532453914616,0.00047699415844415505
-0.0749999999999999,-0.075,synthetic_segment_000,1.00065919172486,1.0000101914660275,0.998945156618052,1.0010749410837738,0.0006490002588324106
-0.0729166666666666,-0.0729166666666666,synthetic_segment_000,0.9990541712055082,1.0000101914660275,0.9989621427664899,1.0010604702293608,-0.0009560202605193302
-0.0708333333333333,-0.0708333333333333,synthetic_segment_000,0.9999426719066472,1.0000101914660275,0.9989636560307439,1.0010700529395042,-6.751955938033571e-05
-0.0687499999999999,-0.0687499999999999,synthetic_segment_000,1.0004716360763608,1.0000101914660275,0.9989528074604609,1.00102721638436,0.00046144461033326145
-0.0666666666666666,-0.0666666666666666,synthetic_segment_000,0.9996286151660878,1.0000101914660275,0.9989569077406444,1.0010572391637578,-0.0003815762999397343
-0.0645833333333333,-0.0645833333333333,synthetic_segment_000,1.000330499577755,1.0000101914660275,0.9989718629494951,1.0010270944490434,0.000320308111727563
-0.0625,-0.0625,synthetic_segment_000,1.000203203853412,1.0000101914660275,0.9989832441632839,1.0010722631979332,0.00019301238738456128
-0.0604166666666666,-0.0604166666666666,synthetic_segment_000,1.00096682665265,1.0000101914660275,0.9989225565988992,1.0010987710989303,0.0009566351866223677
-0.0583333333333333,-0.0583333333333333,synthetic_segment_000,1.000825407890187,1.0000101914660275,0.9989640662040258,1.001065214623288,0.0008152164241594928
-0.0562499999999999,-0.05625,synthetic_segment_000,0.9992599420460498,1.0000101914660275,0.9989813581877108,1.0010681552679863,-0.0007502494199776999
-0.0541666666666666,-0.0541666666666666,synthetic_segment_000,0.9998038461158348,1.0000101914660275,0.9989526034231428,1.0010701964075501,-0.00020634535019270484
-0.0520833333333333,-0.0520833333333333,synthetic_segment_000,1.0006107680964027,1.0000101914660275,0.998978579660657,1.0010455843740744,0.0006005766303751603
-0.0499999999999999,-0.0499999999999999,synthetic_segment_000,1.0001224365031405,1.0000101914660275,0.9989497731167027,1.001055989320034,0.00011224503711293465
-0.0479166666666666,-0.0479166666666666,synthetic_segment_000,1.0004005892124188,1.0000101914660275,0.9989492104572083,1.0010853282751249,0.0003903977463912689
-0.0458333333333333,-0.0458333333333333,synthetic_segment_000,1.0001042678873493,1.0000101914660275,0.9989483495648513,1.0011029276242052,9.407642132175376e-05
-0.0437499999999999,-0.04375,synthetic_segment_000,0.9998228736118306,1.0000101914660275,0.9989496377306402,1.001055690490584,-0.00018731785419690006
-0.0416666666666666,-0.0416666666666666,synthetic_segment_000,0.999800980069336,1.0000101914660275,0.9989290708192583,1.0010508518490313,-0.0002092113966914999
-0.0395833333333333,-0.0395833333333333,synthetic_segment_000,0.999986217183046,1.0000101914660275,0.9989738490891172,1.0010628283554694,-2.3974282981509276e-05
-0.0374999999999999,-0.0374999999999999,synthetic_segment_000,1.0006898825380817,1.0000101914660275,0.9989770385511385,1.0010589924292428,0.0006796910720541227
-0.0354166666666666,-0.0354166666666666,synthetic_segment_000,1.0003027197470529,1.0000101914660275,0.9989598165677089,1.001031178710532,0.00029252828102532824
-0.0333333333333333,-0.0333333333333333,synthetic_segment_000,0.9997999082965195,1.0000101914660275,0.9989662939467813,1.001087616438933,-0.00021028316950799653
-0.03125,-0.03125,synthetic_segment_000,1.000625186623582,1.0000101914660275,0.9989453820923975,1.0010436745831648,0.0006149951575544765
-0.0291666666666666,-0.0291666666666666,synthetic_segment_000,1.00013269785466,1.0000101914660275,0.9989172932558174,1.0010723242052564,0.00012250638863253727
-0.0270833333333333,-0.0270833333333333,synthetic_segment_000,0.9997823038235568,1.0000101914660275,0.9989421011702933,1.0010674735941523,-0.00022788764247072546
-0.0249999999999999,-0.025,synthetic_segment_000,1.0003443903414757,1.0000101914660275,0.9989110963028915,1.0010802281300701,0.0003341988754481662
-0.0229166666666666,-0.0229166666666666,synthetic_segment_000,1.0012904132308047,1.000004106656657,0.9989421092281204,1.001034848660384,0.0012863065741477442
-0.0208333333333333,-0.0208333333333333,synthetic_segment_000,0.998227237138526,0.9987302458634305,0.9975706106334362,0.9998668326006172,-0.0005030087249044968
-0.0187499999999999,-0.0187499999999999,synthetic_segment_000,0.9956614857136492,0.9962472657894664,0.995129712286871,0.997301821992639,-0.0005857800758172216
-0.0166666666666666,-0.0166666666666666,synthetic_segment_000,0.9950730687037596,0.9955040086405424,0.9944402000980225,0.9965780078066039,-0.00043093993678289255
-0.0145833333333333,-0.0145833333333333,synthetic_segment_000,0.9943196174606456,0.9951491190537995,0.9941207983656857,0.996190530392189,-0.0008295015931539806
-0.0124999999999999,-0.0124999999999999,synthetic_segment_000,0.9942984074335603,0.9949304644163747,0.9938867828569881,0.99598366536313,-0.0006320569828143219
-0.0104166666666666,-0.0104166666666666,synthetic_segment_000,0.9946205869475714,0.9947886789532845,0.9937640915617031,0.9958557731525173,-0.00016809200571310523
-0.0083333333333333,-0.0083333333333333,synthetic_segment_000,0.994100665871616,0.9946951782891033,0.993635705501339,0.9957637681788207,-0.000594512417487203
-0.00625,-0.0062499999999999,synthetic_segment_000,0.9944315315365048,0.9946338156032746,0.9935377140244249,0.9957034819825679,-0.00020228406676980892
-0.0041666666666666,-0.0041666666666666,synthetic_segment_000,0.9944719377354124,0.9945947903841917,0.9935487823971706,0.9956080212639661,-0.00012285264877931468
-0.0020833333333333,-0.0020833333333333,synthetic_segment_000,0.9952279647935643,0.9945720782851314,0.993524830612753,0.9955976697497743,0.0006558865084329568
0.0,0.0,synthetic_segment_000,0.9947453542462352,0.9945622104577562,0.993538520416298,0.9955993486134508,0.00018314378847905655
0.0020833333333333,0.0020833333333333,synthetic_segment_000,0.994582752777375,0.9945636829026383,0.9935217189013688,0.9956134492467084,1.906987473665467e-05
0.0041666666666666,0.0041666666666666,synthetic_segment_000,0.9945761457804088,0.9945767243875324,0.9935045626219617,0.9956800139691608,-5.786071236579815e-07
0.00625,0.0062499999999999,synthetic_segment_000,0.9941965647165332,0.9946033307885824,0.9935346771923287,0.9956742513047698,-0.0004067660720492583
0.0083333333333333,0.0083333333333333,synthetic_segment_000,0.9944490907978706,0.9946475789387124,0.9936391331356731,0.9956927835993868,-0.00019848814084177935
0.0104166666666666,0.0104166666666666,synthetic_segment_000,0.9943742147743704,0.9947163482014648,0.9936658072276683,0.9957530250668011,-0.0003421334270944376
0.0125,0.0124999999999999,synthetic_segment_000,0.9948966493397976,0.9948208005543038,0.9937962610963486,0.9958826657581157,7.584878549382612e-05
0.0145833333333333,0.0145833333333333,synthetic_segment_000,0.9954046167322668,0.9949795678984679,0.9939023308871984,0.9960472727261014,0.00042504883379890224
0.0166666666666666,0.0166666666666666,synthetic_segment_000,0.9948525810609408,0.9952266806468709,0.9941258247915384,0.9963313609977807,-0.00037409958593015435
0.01875,0.01875,synthetic_segment_000,0.9965728665860816,0.9956380980711415,0.994558277364847,0.9966896970990998,0.0009347685149401208
0.0208333333333333,0.0208333333333333,synthetic_segment_000,0.9969813597206624,0.9967194351400535,0.9955759139269222,0.9978413490714901,0.00026192458060891877
0.0229166666666666,0.0229166666666666,synthetic_segment_000,1.0000940502171374,0.9993644260143211,0.9982528346138333,1.0004859031123012,0.0007296242028163036
0.0249999999999999,0.025,synthetic_segment_000,1.0004159162636983,1.0000101160726529,0.9989360714964842,1.0010666645056865,0.00040580019104541343
0.0270833333333333,0.0270833333333333,synthetic_segment_000,0.999837583323444,1.0000101914660275,0.9989378277285269,1.001095229586573,-0.0001726081425835746
0.0291666666666666,0.0291666666666666,synthetic_segment_000,0.9993833949662648,1.0000101914660275,0.9989574064316711,1.0011069225826554,-0.0006267964997627162
0.03125,0.03125,synthetic_segment_000,1.0001211715207106,1.0000101914660275,0.9989641195405815,1.0010318088772667,0.00011098005468301864
0.0333333333333333,0.0333333333333333,synthetic_segment_000,0.9998085038662716,1.0000101914660275,0.9989454939937907,1.0010888525844959,-0.00020168759975591755
0.0354166666666666,0.0354166666666666,synthetic_segment_000,1.0000930796466097,1.0000101914660275,0.9989669238874996,1.0010652070545647,8.2888180582108e-05
0.0375,0.0374999999999999,synthetic_segment_000,0.9995951847228463,1.0000101914660275,0.998925522446955,1.0010948713998824,-0.00041500674318128983
0.0395833333333333,0.0395833333333333,synthetic_segment_000,1.000141999072979,1.0000101914660275,0.9989551626658079,1.0010625267241353,0.00013180760695141736
0.0416666666666666,0.0416666666666666,synthetic_segment_000,1.0002788662312407,1.0000101914660275,0.9989393018455335,1.0010213975750504,0.0002686747652131949
0.04375,0.0437499999999999,synthetic_segment_000,0.9997966161023116,1.0000101914660275,0.9989612620886152,1.001078534817995,-0.00021357536371591213
0.0458333333333333,0.0458333333333333,synthetic_segment_000,0.9996883329992748,1.0000101914660275,0.9989226133445093,1.0010699228916062,-0.00032185846675270025
0.0479166666666666,0.0479166666666666,synthetic_segment_000,1.0006298434453504,1.0000101914660275,0.9989305051116499,1.0010693254142191,0.0006196519793228994
0.05,0.05,synthetic_segment_000,1.0000715295223337,1.0000101914660275,0.9988996847075801,1.0010734727634996,6.13380563061483e-05
0.0520833333333333,0.0520833333333333,synthetic_segment_000,1.0003694190957204,1.0000101914660275,0.9989454173873579,1.0011094468785335,0.0003592276296928709
0.0541666666666666,0.0541666666666666,synthetic_segment_000,1.0003666898179728,1.0000101914660275,0.9989500394816885,1.0011011407866524,0.0003564983519452891
0.0562499999999999,0.05625,synthetic_segment_000,1.0006987546594472,1.0000101914660275,0.9989242223722067,1.0010814722425476,0.0006885631934197001
0.0583333333333333,0.0583333333333333,synthetic_segment_000,1.0004876836950178,1.0000101914660275,0.9989098446652651,1.0010064765529505,0.000477492228990295
0.0604166666666666,0.0604166666666666,synthetic_segment_000,0.9996546751463216,1.0000101914660275,0.9989736592320001,1.0010971291696968,-0.0003555163197059841
0.0625,0.0625,synthetic_segment_000,1.000559011602728,1.0000101914660275,0.9989190127046849,1.0010811217255964,0.0005488201367005452
0.0645833333333333,0.0645833333333333,synthetic_segment_000,1.0009750549428122,1.0000101914660275,0.998966373214745,1.001093993674621,0.0009648634767847053
0.0666666666666666,0.0666666666666666,synthetic_segment_000,1.0004482225286655,1.0000101914660275,0.9989913990162408,1.0010708709542213,0.00043803106263795577
0.06875,0.0687499999999999,synthetic_segment_000,0.99994993057151,1.0000101914660275,0.9990037121214841,1.0010814868916207,-6.026089451749428e-05
0.0708333333333333,0.0708333333333333,synthetic_segment_000,1.000819765854304,1.0000101914660275,0.9989134668559863,1.00109835896807,0.0008095743882765571
0.0729166666666666,0.0729166666666666,synthetic_segment_000,0.9998716116122736,1.0000101914660275,0.9989240470783457,1.0010657765328657,-0.00013857985375398396
0.075,0.0749999999999999,synthetic_segment_000,0.9994053272149254,1.0000101914660275,0.9989522811907777,1.001057885517326,-0.0006048642511021773
0.0770833333333333,0.0770833333333333,synthetic_segment_000,1.0005770341568851,1.0000101914660275,0.9989398976588595,1.0010753227873357,0.0005668426908576052
0.0791666666666666,0.0791666666666666,synthetic_segment_000,0.9995641058472688,1.0000101914660275,0.9989754901209937,1.0011161727028202,-0.0004460856187586959
0.0812499999999999,0.08125,synthetic_segment_000,1.0000201512171556,1.0000101914660275,0.9989562481018204,1.0010850081161007,9.959751128052474e-06
0.0833333333333333,0.0833333333333333,synthetic_segment_000,0.9996976266702072,1.0000101914660275,0.9989493678675329,1.0010796515138949,-0.0003125647958203137
0.0854166666666666,0.0854166666666666,synthetic_segment_000,0.9993359944248004,1.0000101914660275,0.9989661232083942,1.0010722077563292,-0.0006741970412271758
0.0874999999999999,0.0875,synthetic_segment_000,1.00012389866371,1.0000101914660275,0.9989793966308216,1.0010729065356432,0.00011370719768244442
0.0895833333333333,0.0895833333333333,synthetic_segment_000,0.9992189535504868,1.0000101914660275,0.9989134599675341,1.0010913897598617,-0.000791237915540699
0.0916666666666666,0.0916666666666666,synthetic_segment_000,1.0004280330607895,1.0000101914660275,0.9989372485586993,1.0010640120893557,0.0004178415947619918
0.09375,0.09375,synthetic_segment_000,0.9999929949077943,1.0000101914660275,0.9989347342584398,1.0010926040581958,-1.7196558233290027e-05
0.0958333333333333,0.0958333333333333,synthetic_segment_000,0.9992307618120488,1.0000101914660275,0.9989098914820437,1.001047005126618,-0.0007794296539787027
0.0979166666666666,0.0979166666666666,synthetic_segment_000,1.000304524110014,1.0000101914660275,0.9989289088998378,1.0010564756498388,0.0002943326439863725
0.1,0.0999999999999999,synthetic_segment_000,0.9996517460065092,1.0000101914660275,0.9989537999058562,1.0010635312686078,-0.0003584454595183528
0.1020833333333333,0.1020833333333333,synthetic_segment_000,1.0009635962259662,1.0000101914660275,0.9989410714984405,1.0010702087104848,0.0009534047599386586
0.1041666666666666,0.1041666666666666,synthetic_segment_000,1.0004619766469385,1.0000101914660275,0.9988878764315932,1.001097660881486,0.0004517851809109352
0.1062499999999999,0.1062499999999999,synthetic_segment_000,1.0001896914601394,1.0000101914660275,0.9989407595775815,1.0010935197389854,0.00017949999411182027
0.1083333333333333,0.1083333333333332,synthetic_segment_000,0.9998866780207142,1.0000101914660275,0.998946287539062,1.0011028148697882,-0.00012351344531336128
0.1104166666666666,0.1104166666666667,synthetic_segment_000,1.0000361252380623,1.0000101914660275,0.9989585468479494,1.0010698098541226,2.593377203474745e-05
0.1125,0.1125,synthetic_segment_000,0.999857885377874,1.0000101914660275,0.9989793525020053,1.0010578684125062,-0.00015230608815353097
0.1145833333333333,0.1145833333333333,synthetic_segment_000,0.9998461026459377,1.0000101914660275,0.9989234704161155,1.001092721102285,-0.00016408882008989156
0.1166666666666666,0.1166666666666667,synthetic_segment_000,1.0003979564930368,1.0000101914660275,0.9989428831008106,1.0010467613659884,0.00038776502700921256
0.1187499999999999,0.11875,synthetic_segment_000,0.9991144656294964,1.0000101914660275,0.9989469469727804,1.0011079606752014,-0.0008957258365311915
0.1208333333333333,0.1208333333333333,synthetic_segment_000,0.9998106461573484,1.0000101914660275,0.9989693935443992,1.0010428373863312,-0.00019954530867916098
0.1229166666666666,0.1229166666666666,synthetic_segment_000,0.999295027932342,1.0000101914660275,0.9989303715170013,1.0010544846397118,-0.0007151635336855033
0.125,0.125,synthetic_segment_000,0.999954366509294,1.0000101914660275,0.9989182935170516,1.0010755268454603,-5.582495673350785e-05
0.1270833333333333,0.1270833333333333,synthetic_segment_000,0.9999976614880918,1.0000101914660275,0.9989713538356972,1.0010962113796846,-1.2529977935771264e-05
0.1291666666666666,0.1291666666666666,synthetic_segment_000,1.0001514986777829,1.0000101914660275,0.9989482111817368,1.0010908573446227,0.0001413072117553149
0.13125,0.1312499999999999,synthetic_segment_000,1.0005279364090742,1.0000101914660275,0.9989804087497504,1.0011083918250956,0.000517744943046683
0.1333333333333333,0.1333333333333333,synthetic_segment_000,1.0008136898992874,1.0000101914660275,0.9989450095278584,1.0010447284259125,0.000803498433259886
0.1354166666666666,0.1354166666666666,synthetic_segment_000,0.9999630294593456,1.0000101914660275,0.9989001024993821,1.0010820220197258,-4.7162006681977786e-05
0.1374999999999999,0.1374999999999999,synthetic_segment_000,1.0005020387592642,1.0000101914660275,0.9989268611065709,1.0010421648890249,0.0004918472932367024
0.1395833333333333,0.1395833333333332,synthetic_segment_000,0.9999337095789034,1.0000101914660275,0.9989317665775054,1.001084067057555,-7.648188712416903e-05
0.1416666666666666,0.1416666666666667,synthetic_segment_000,1.000268070770738,1.0000101914660275,0.9989392856793502,1.0010985065878664,0.000257879304710551
0.14375,0.14375,synthetic_segment_000,1.0002948012284376,1.0000101914660275,0.9989831017498912,1.0010734196157762,0.00028460976241007074
0.1458333333333333,0.1458333333333333,synthetic_segment_000,1.0003244995355962,1.0000101914660275,0.9989547597242282,1.0010694089965637,0.0003143080695686695
0.1479166666666666,0.1479166666666667,synthetic_segment_000,0.9995225627556644,1.0000101914660275,0.998870428172168,1.001033962009588,-0.0004876287103631194
0.1499999999999999,0.15,synthetic_segment_000,1.0003658742301125,1.0000101914660275,0.9989117679727331,1.0010840721281513,0.00035568276408493027
0.8499999999999999,-0.1499999999999999,synthetic_segment_000,0.999129366860359,1.0000101914660275,0.9989507619983929,1.0010903020425295,-0.0008808246056685176
0.8520833333333331,-0.1479166666666667,synthetic_segment_000,0.9997545744118151,1.0000101914660275,0.9989195362128204,1.0010735757427678,-0.0002556170542123981
0.8541666666666666,-0.1458333333333334,synthetic_segment_000,0.9994564393919032,1.0000101914660275,0.9989375325826043,1.0011012578433172,-0.0005537520741243362
0.85625,-0.1437499999999998,synthetic_segment_000,1.0005690307747328,1.0000101914660275,0.9989234526785876,1.0011114099897875,0.0005588393087052612
0.8583333333333332,-0.1416666666666666,synthetic_segment_000,0.9997717803132794,1.0000101914660275,0.9989441328619201,1.0010814454986998,-0.0002384111527481414
0.8604166666666667,-0.1395833333333333,synthetic_segment_000,1.0003425108302912,1.0000101914660275,0.9989349816937558,1.0010841058266633,0.0003323193642637001
0.8624999999999999,-0.1375000000000001,synthetic_segment_000,1.0003797728438402,1.0000101914660275,0.9988931712242587,1.0011111614835064,0.00036958137781262224
0.8645833333333333,-0.1354166666666665,synthetic_segment_000,1.0001581163518731,1.0000101914660275,0.9989465990195461,1.0010743739665777,0.00014792488584558505
0.8666666666666665,-0.1333333333333333,synthetic_segment_000,1.0003839308366622,1.0000101914660275,0.998920851176281,1.0010718119376625,0.00037373937063467366
0.86875,-0.13125,synthetic_segment_000,1.0007299847007731,1.0000101914660275,0.9989364773157429,1.0010822871398624,0.0007197932347455804
0.8708333333333332,-0.1291666666666668,synthetic_segment_000,1.0000847675223088,1.0000101914660275,0.9989221915685041,1.0011052053160547,7.45760562812503e-05
0.8729166666666666,-0.1270833333333332,synthetic_segment_000,0.9994272296780216,1.0000101914660275,0.9989164610980064,1.0010671766125891,-0.0005829617880059867
0.8749999999999998,-0.125,synthetic_segment_000,1.0004009314457252,1.0000101914660275,0.9989280945482228,1.0010861042979253,0.00039073997969762964
0.8770833333333333,-0.1229166666666667,synthetic_segment_000,1.0000023385119083,1.0000101914660275,0.9989477174902931,1.0010585085468433,-7.852954119202948e-06
0.8791666666666665,-0.1208333333333335,synthetic_segment_000,1.0002885338941565,1.0000101914660275,0.9989699468160544,1.0011101593880758,0.0002783424281289637
0.8812499999999999,-0.1187499999999999,synthetic_segment_000,1.0002877225115308,1.0000101914660275,0.9988952094003087,1.0010825913448775,0.00027753104550320984
0.8833333333333331,-0.1166666666666667,synthetic_segment_000,1.00013089969599,1.0000101914660275,0.9989805802349484,1.00108538337501,0.00012070822996235187
0.8854166666666666,-0.1145833333333334,synthetic_segment_000,0.9992219852687108,1.0000101914660275,0.9989421844945207,1.0010456776311156,-0.0007882061973167875
0.8875,-0.1124999999999998,synthetic_segment_000,1.0001420921206126,1.0000101914660275,0.9989490020880187,1.0010492357874068,0.00013190065458501543
0.8895833333333332,-0.1104166666666666,synthetic_segment_000,1.0001272980661056,1.0000101914660275,0.9989494907257029,1.001076541752318,0.00011710660007802076
0.8916666666666667,-0.1083333333333333,synthetic_segment_000,0.9993962014748756,1.0000101914660275,0.9989474052093607,1.001121951107962,-0.0006139899911519198
0.8937499999999999,-0.1062500000000001,synthetic_segment_000,0.9986376109748474,1.0000101914660275,0.9989695254843117,1.0010683588939169,-0.0013725804911801642
0.8958333333333333,-0.1041666666666665,synthetic_segment_000,0.999697939879057,1.0000101914660275,0.9989500502814339,1.0010846681841747,-0.0003122515869705689
0.8979166666666665,-0.1020833333333333,synthetic_segment_000,1.000768766512513,1.0000101914660275,0.9989251482419341,1.0010908867444515,0.0007585750464853547
0.9,-0.1,synthetic_segment_000,0.9993655565123344,1.0000101914660275,0.9989269571163406,1.0011477740172718,-0.0006446349536931573
0.9020833333333332,-0.0979166666666668,synthetic_segment_000,1.0004225339448105,1.0000101914660275,0.9989228170482723,1.0011213054107875,0.0004123424787829677
0.9041666666666666,-0.0958333333333332,synthetic_segment_000,0.9998870329139719,1.0000101914660275,0.9989421312690335,1.001091075686902,-0.00012315855205569104
0.9062499999999998,-0.09375,synthetic_segment_000,0.9998941792139476,1.0000101914660275,0.9989488630861639,1.0011032869856138,-0.00011601225207991117
0.9083333333333332,-0.0916666666666667,synthetic_segment_000,0.9996716255212312,1.0000101914660275,0.9989127699619599,1.0010929330408775,-0.00033856594479630964
0.9104166666666664,-0.0895833333333335,synthetic_segment_000,1.0012268160048092,1.0000101914660275,0.9989816134487289,1.001074151669687,0.0012166245387816854
0.9125,-0.0874999999999999,synthetic_segment_000,0.9997722430948428,1.0000101914660275,0.9989434203008613,1.001066081074602,-0.00023794837118473744
0.9145833333333332,-0.0854166666666666,synthetic_segment_000,1.0006761397995083,1.0000101914660275,0.9989401526248625,1.0011129972325594,0.0006659483334807703
0.9166666666666666,-0.0833333333333334,synthetic_segment_000,1.00043192127388,1.0000101914660275,0.9989344747480029,1.0010793981834745,0.0004217298078523779
0.91875,-0.0812499999999998,synthetic_segment_000,0.9995429651672336,1.0000101914660275,0.9989280794393677,1.0010510663906347,-0.0004672262987939213
0.9208333333333332,-0.0791666666666666,synthetic_segment_000,1.0009125415584688,1.0000101914660275,0.9989455075047762,1.001081479061634,0.0009023500924412176
0.9229166666666668,-0.0770833333333333,synthetic_segment_000,0.9991264482524252,1.0000101914660275,0.9989489498782264,1.0010787122361915,-0.0008837432136022949
0.925,-0.0750000000000001,synthetic_segment_000,1.0004172255959738,1.0000101914660275,0.9989440208589653,1.0010992542544321,0.00040703412994624877
0.9270833333333331,-0.0729166666666665,synthetic_segment_000,1.0004825944156883,1.0000101914660275,0.9989535811808529,1.0010534000875928,0.00047240294966077734
0.9291666666666664,-0.0708333333333333,synthetic_segment_000,0.9991871643737644,1.0000101914660275,0.9989311712973682,1.0010944031327649,-0.0008230270922631178
0.93125,-0.06875,synthetic_segment_000,1.000743576449846,1.0000101914660275,0.9989218760428523,1.0011188953660397,0.0007333849838184747
0.9333333333333332,-0.0666666666666668,synthetic_segment_000,1.0004366157057294,1.0000101914660275,0.9989256492549702,1.001098977977169,0.0004264242397018503
0.9354166666666666,-0.0645833333333332,synthetic_segment_000,1.00086868504061,1.0000101914660275,0.9989596657655959,1.0010818178000553,0.0008584935745825639
0.9374999999999998,-0.0625,synthetic_segment_000,1.000083123476586,1.0000101914660275,0.9989195934524592,1.0010885986707505,7.293201055835752e-05
0.9395833333333332,-0.0604166666666667,synthetic_segment_000,1.0002159645518154,1.0000101914660275,0.9989273332714065,1.0010979306502688,0.00020577308578784148
0.9416666666666664,-0.0583333333333335,synthetic_segment_000,1.00004669883408,1.0000101914660275,0.9988967737778426,1.0010993687077883,3.65073680523853e-05
0.94375,-0.0562499999999999,synthetic_segment_000,0.9999890630576518,1.0000101914660275,0.9989401738521195,1.0011225506267585,-2.1128408375759022e-05
0.9458333333333332,-0.0541666666666666,synthetic_segment_000,0.9994996836518784,1.0000101914660275,0.9989302469612814,1.0010733104288605,-0.0005105078141491859
0.9479166666666666,-0.0520833333333334,synthetic_segment_000,0.999603661680535,1.0000101914660275,0.9989485183091201,1.0010536983285039,-0.0004065297854924932
0.95,-0.0499999999999998,synthetic_segment_000,1.0008562424522167,1.0000101914660275,0.9989352236066652,1.0010760297731427,0.000846050986189173
0.9520833333333332,-0.0479166666666666,synthetic_segment_000,0.9997334722909984,1.0000101914660275,0.9989668691817637,1.0010744853449527,-0.0002767191750291387
0.9541666666666668,-0.0458333333333333,synthetic_segment_000,0.9991087162220148,1.0000101914660275,0.9989395835523692,1.0010957961212543,-0.0009014752440127394
0.95625,-0.0437500000000001,synthetic_segment_000,0.9989218456233552,1.0000101914660275,0.9989380631018308,1.0010608899614126,-0.001088345842672367
0.9583333333333331,-0.0416666666666665,synthetic_segment_000,1.000062382112446,1.0000101914660275,0.9989541241039838,1.0010810083157429,5.219064641837079e-05
0.9604166666666664,-0.0395833333333333,synthetic_segment_000,1.0006440022320822,1.0000101914660275,0.9989010815788872,1.0011048987941116,0.0006338107660546211
0.9625,-0.0375,synthetic_segment_000,0.9996421254549464,1.0000101914660275,0.9989113794623978,1.0010670798969983,-0.00036806601108119175
0.9645833333333332,-0.0354166666666668,synthetic_segment_000,0.9986841954856364,1.0000101914660275,0.998958203808127,1.0010849474747,-0.0013259959803911814
0.9666666666666666,-0.0333333333333332,synthetic_segment_000,0.9999710867553336,1.0000101914660275,0.9989520031616681,1.0010957875721322,-3.910471069390464e-05
0.9687499999999998,-0.03125,synthetic_segment_000,1.0001761120627604,1.0000101914660275,0.9989730576315562,1.0011019587844487,0.0001659205967328159
0.9708333333333332,-0.0291666666666667,synthetic_segment_000,0.9997232765203988,1.0000101914660275,0.9989292715904541,1.00112317316703,-0.00028691494562871345
0.9729166666666664,-0.0270833333333335,synthetic_segment_000,0.9997482671851494,1.0000101914660275,0.9989087323999053,1.0010792272126294,-0.00026192428087812303
0.975,-0.0249999999999999,synthetic_segment_000,1.0001482704981504,1.0000101914660275,0.9989153826024366,1.0010822306930938,0.00013807903212281758
0.9770833333333332,-0.0229166666666666,synthetic_segment_000,0.9999969990097168,1.000004106656657,0.998912838446783,1.0010955968550326,-7.107646940118784e-06
0.9791666666666666,-0.0208333333333334,synthetic_segment_000,0.9997127814315346,0.9987302458634308,0.9975572383223986,0.9999191530022337,0.0009825355681037928
0.98125,-0.0187499999999998,synthetic_segment_000,0.9967551794961496,0.9962472657894662,0.99509398470536,0.997409012557159,0.0005079137066833495
0.9833333333333332,-0.0166666666666666,synthetic_segment_000,0.9958815132396228,0.9955040086405424,0.9944036176162079,0.9966139834306722,0.0003775045990803694
0.9854166666666668,-0.0145833333333333,synthetic_segment_000,0.9962554725630596,0.9951491190537995,0.9940467356966484,0.9962390524447284,0.0011063535092600274
0.9875,-0.0125000000000001,synthetic_segment_000,0.9941202809103524,0.9949304644163748,0.9938572667560962,0.996029646040271,-0.000810183506022355
0.9895833333333331,-0.0104166666666665,synthetic_segment_000,0.994613913417504,0.9947886789532845,0.9937104208934959,0.9958923606728949,-0.00017476553578044118
0.9916666666666664,-0.0083333333333333,synthetic_segment_000,0.9963789450406516,0.9946951782891033,0.9936148465128964,0.9957797550605213,0.0016837667515483545
0.99375,-0.00625,synthetic_segment_000,0.9959524531282616,0.9946338156032744,0.993533320322727,0.9956962098214625,0.0013186375249872873
0.9958333333333332,-0.0041666666666668,synthetic_segment_000,0.9953415857845764,0.9945947903841917,0.9935086724447183,0.9956755657683077,0.0007467954003846922
0.9979166666666666,-0.0020833333333332,synthetic_segment_000,0.9948715167695088,0.9945720782851314,0.9934765569278794,0.9956560018204952,0.00029943848437741227
0.9999999999999998,0.0,synthetic_segment_000,0.9956729735551558,0.9945622104577562,0.9934567284684384,0.9956860397909673,0.0011107630973996585
1.0020833333333334,0.0020833333333334,synthetic_segment_000,0.9939768436567497,0.9945636829026384,0.9934271728442959,0.9956367127082484,-0.0005868392458887595
1.0041666666666669,0.0041666666666666,synthetic_segment_000,0.9949037072500764,0.9945767243875324,0.9934631447241652,0.9956745681487228,0.00032698286254395637
1.00625,0.00625,synthetic_segment_000,0.9943152161559252,0.9946033307885825,0.9935641535435481,0.9956686880856924,-0.0002881146326573214
1.0083333333333333,0.0083333333333333,synthetic_segment_000,0.9943111067218638,0.9946475789387124,0.9935643613334912,0.995711596889284,-0.0003364722168485157
1.0104166666666667,0.0104166666666667,synthetic_segment_000,0.9951034402308024,0.9947163482014648,0.9936078677502536,0.995814447392148,0.0003870920293376212
1.0125000000000002,0.0125000000000001,synthetic_segment_000,0.995292523965128,0.9948208005543038,0.9936891853702732,0.9959192663524311,0.00047172341082424296
1.0145833333333334,0.0145833333333333,synthetic_segment_000,0.9952551773359012,0.9949795678984679,0.9938770060151859,0.9960732351836852,0.0002756094374333218
1.0166666666666668,0.0166666666666668,synthetic_segment_000,0.995158440250174,0.995226680646871,0.9941130305311268,0.9963350507259163,-6.824039669706128e-05
1.01875,0.01875,synthetic_segment_000,0.996015146573612,0.9956380980711415,0.9945419791526294,0.9967093257264278,0.0003770485024705561
1.0208333333333337,0.0208333333333334,synthetic_segment_000,0.9971434828842208,0.9967194351400539,0.9955883145803709,0.9978683261193089,0.00042404774416693325
1.0229166666666667,0.0229166666666666,synthetic_segment_000,0.9996130092362993,0.9993644260143211,0.9982191297989,1.0005042698441415,0.0002485832219781825
1.025,0.0250000000000001,synthetic_segment_000,0.9991629164925891,1.0000101160726529,0.9989232982602851,1.0010875433170257,-0.00084719958006374
1.0270833333333331,0.0270833333333333,synthetic_segment_000,0.9994453990091404,1.0000101914660275,0.998892282732515,1.001061776337655,-0.0005647924568871199
1.0291666666666668,0.0291666666666667,synthetic_segment_000,1.00028235553988,1.0000101914660275,0.9989231294074086,1.0010868810664326,0.00027216407385255437
1.03125,0.03125,synthetic_segment_000,0.9996136516878018,1.0000101914660275,0.9988830006523436,1.0010860300777926,-0.00039653977822573516
1.0333333333333334,0.0333333333333334,synthetic_segment_000,1.0000703678430534,1.0000101914660275,0.9989309588733241,1.0011002921467649,6.017637702582235e-05
1.0354166666666669,0.0354166666666666,synthetic_segment_000,0.9994064542681228,1.0000101914660275,0.9988796943580458,1.0011165367644563,-0.0006037371979047412
1.0375,0.0375,synthetic_segment_000,1.0002400114812322,1.0000101914660275,0.9989685673828573,1.001098057237478,0.00022982001520466255
1.0395833333333333,0.0395833333333333,synthetic_segment_000,0.9998014279036704,1.0000101914660275,0.998901372565899,1.0011002824908586,-0.00020876356235710603
1.0416666666666667,0.0416666666666667,synthetic_segment_000,1.001192459328378,1.0000101914660275,0.9989157795235114,1.0011053623032693,0.001182267862350539
1.0437500000000002,0.0437500000000001,synthetic_segment_000,1.0008078828941622,1.0000101914660275,0.9989629364738998,1.0011029057657381,0.0007976914281346836
1.0458333333333334,0.0458333333333333,synthetic_segment_000,0.99974912170705,1.0000101914660275,0.9989237796242559,1.001075759798508,-0.00026106975897755014
1.0479166666666668,0.0479166666666668,synthetic_segment_000,1.000080830587049,1.0000101914660275,0.9989591853013415,1.0010848884795915,7.063912102145409e-05
1.05,0.05,synthetic_segment_000,0.9998908560093716,1.0000101914660275,0.9989394224706433,1.0010833391112515,-0.00011933545665598899
1.0520833333333337,0.0520833333333334,synthetic_segment_000,1.0007166289393097,1.0000101914660275,0.9988876425449329,1.0010725749329104,0.0007064374732821399
1.0541666666666667,0.0541666666666666,synthetic_segment_000,1.0006467810792907,1.0000101914660275,0.9989155669638595,1.0010967508003208,0.0006365896132631832
1.05625,0.0562500000000001,synthetic_segment_000,1.0011354986633791,1.0000101914660275,0.9989321120155608,1.0010839562099063,0.0011253071973515993
1.0583333333333331,0.0583333333333333,synthetic_segment_000,1.000408461185326,1.0000101914660275,0.9989154181793035,1.0011333492731176,0.00039826971929834976
1.0604166666666668,0.0604166666666667,synthetic_segment_000,0.9998562483459312,1.0000101914660275,0.9989189020689032,1.0011268975978196,-0.0001539431200963115
1.0625,0.0625,synthetic_segment_000,0.999157609554274,1.0000101914660275,0.9988937794226913,1.0010929557547987,-0.0008525819117535249
1.0645833333333334,0.0645833333333334,synthetic_segment_000,1.000617817271572,1.0000101914660275,0.9989283624149476,1.0010881744567601,0.0006076258055445205
1.0666666666666669,0.0666666666666666,synthetic_segment_000,0.9999259551565158,1.0000101914660275,0.9989270742784654,1.0010724823710064,-8.423630951170935e-05
1.06875,0.06875,synthetic_segment_000,1.0003154222588175,1.0000101914660275,0.9989357889208325,1.001128657952946,0.00030523079278999
1.0708333333333333,0.0708333333333333,synthetic_segment_000,0.9991346475653076,1.0000101914660275,0.9989104083023941,1.0010965643651235,-0.0008755439007199772
1.0729166666666667,0.0729166666666667,synthetic_segment_000,0.9995200083830174,1.0000101914660275,0.9989054456114503,1.0011010397663807,-0.0004901830830101872
1.0750000000000002,0.0750000000000001,synthetic_segment_000,0.99979846696445,1.0000101914660275,0.9989472421018213,1.0011673374962407,-0.0002117245015775815
1.0770833333333334,0.0770833333333333,synthetic_segment_000,1.0003775354789293,1.0000101914660275,0.9988858189278766,1.0010664783181549,0.0003673440129017269
1.0791666666666668,0.0791666666666668,synthetic_segment_000,1.000527096804616,1.0000101914660275,0.9989461246537541,1.0011548307250675,0.0005169053385885025
1.08125,0.08125,synthetic_segment_000,0.9997042565540268,1.0000101914660275,0.9989081618750066,1.0010722156276635,-0.0003059349120007049
1.0833333333333337,0.0833333333333334,synthetic_segment_000,1.0002742577037709,1.0000101914660275,0.9989325703348593,1.001153852357932,0.00026406623774333227
1.0854166666666667,0.0854166666666666,synthetic_segment_000,1.0007177592520722,1.0000101914660275,0.9989367176879244,1.001106492451018,0.0007075677860446383
1.0875,0.0875000000000001,synthetic_segment_000,1.0000937644478338,1.0000101914660275,0.998928464573697,1.0010667000360982,8.357298180627915e-05
1.0895833333333331,0.0895833333333333,synthetic_segment_000,0.99994406363416,1.0000101914660275,0.9989181033742105,1.0011118541889548,-6.612783186754623e-05
1.0916666666666668,0.0916666666666667,synthetic_segment_000,0.9992615523606606,1.0000101914660275,0.9989647358170108,1.0011135350774711,-0.0007486391053669328
1.09375,0.09375,synthetic_segment_000,0.9998074424585864,1.0000101914660275,0.9988877775777988,1.001101974510702,-0.00020274900744110536
1.0958333333333334,0.0958333333333334,synthetic_segment_000,0.9996882411364376,1.0000101914660275,0.9989005518455074,1.0011174872214834,-0.0003219503295899262
1.0979166666666669,0.0979166666666666,synthetic_segment_000,1.0010267844218617,1.0000101914660275,0.9989349411605305,1.0011176803253057,0.001016592955834117
1.1,0.1,synthetic_segment_000,0.9997645800246012,1.0000101914660275,0.9988872914593738,1.001123584350827,-0.00024561144142631886
1.1020833333333333,0.1020833333333333,synthetic_segment_000,1.000669393963736,1.0000101914660275,0.9988967132864988,1.0011087894750708,0.0006592024977085664
1.1041666666666667,0.1041666666666667,synthetic_segment_000,0.9994188019080036,1.0000101914660275,0.9989367896915736,1.001087573381116,-0.0005913895580239581
1.1062500000000002,0.1062500000000001,synthetic_segment_000,1.0001512066578786,1.0000101914660275,0.9989023555974145,1.0010927458801069,0.00014101519185105715
1.1083333333333334,0.1083333333333333,synthetic_segment_000,0.999621815137412,1.0000101914660275,0.998926763906349,1.0010757069779976,-0.00038837632861554727
1.1104166666666668,0.1104166666666668,synthetic_segment_000,0.9993762714025266,1.0000101914660275,0.9989157942582284,1.0010974128650352,-0.0006339200635009368
1.1125,0.1125,synthetic_segment_000,0.9990674557082092,1.0000101914660275,0.9989282138528354,1.001144235042427,-0.000942735757818336
1.1145833333333337,0.1145833333333334,synthetic_segment_000,1.0010779719681124,1.0000101914660275,0.9989115689147698,1.0010831501733548,0.0010677805020848918
1.1166666666666667,0.1166666666666667,synthetic_segment_000,1.0003747998280463,1.0000101914660275,0.9989438792273722,1.001108565769926,0.0003646083620187923
1.11875,0.1187500000000001,synthetic_segment_000,0.9997327176284851,1.0000101914660275,0.9988809198131294,1.0011242420462387,-0.00027747383754239685
1.1208333333333331,0.1208333333333333,synthetic_segment_000,1.0001597533797393,1.0000101914660275,0.998894448750831,1.001075063535283,0.00014956191371173766
1.1229166666666668,0.1229166666666667,synthetic_segment_000,1.0009804823486737,1.0000101914660275,0.9989544940043942,1.0011019791417894,0.0009702908826461076
1.125,0.125,synthetic_segment_000,0.9996862269440724,1.0000101914660275,0.9989289201366993,1.0010695276418793,-0.0003239645219551557
1.1270833333333334,0.1270833333333334,synthetic_segment_000,0.9992447302787968,1.0000101914660275,0.9989228145704198,1.001121341243167,-0.0007654611872307537
1.1291666666666669,0.1291666666666666,synthetic_segment_000,0.9996688897068372,1.0000101914660275,0.9988926087210467,1.001135691244848,-0.0003413017591903378
1.13125,0.13125,synthetic_segment_000,0.998715799528545,1.0000101914660275,0.9989586393427391,1.0011451782219543,-0.0012943919374825974
1.1333333333333333,0.1333333333333333,synthetic_segment_000,0.9997708636920618,1.0000101914660275,0.9989301068360336,1.0011002845097488,-0.00023932777396573623
1.1354166666666667,0.1354166666666667,synthetic_segment_000,1.0011750887629307,1.0000101914660275,0.9988868668596563,1.001127739373638,0.0011648972969031668
1.1375000000000002,0.1375000000000001,synthetic_segment_000,0.9996686018464588,1.0000101914660275,0.9989280801887588,1.001103122699071,-0.00034158961956876066
1.1395833333333334,0.1395833333333333,synthetic_segment_000,0.9993244815732532,1.0000101914660275,0.998881520461463,1.0011150046705193,-0.0006857098927743888
1.1416666666666668,0.1416666666666668,synthetic_segment_000,1.001212572074098,1.0000101914660275,0.998914922615443,1.0010696727534045,0.0012023806080705413
1.14375,0.14375,synthetic_segment_000,1.0007298560691122,1.0000101914660275,0.9989271396650062,1.001107895139755,0.000719664603084702
1.1458333333333337,0.1458333333333334,synthetic_segment_000,1.000317716681983,1.0000101914660275,0.9989139566787012,1.0011688506668044,0.0003075252159554509
1.1479166666666667,0.1479166666666667,synthetic_segment_000,0.9999488813240118,1.0000101914660275,0.9988881605357827,1.0010828677267503,-6.131014201571361e-05
1.15,0.1500000000000001,synthetic_segment_000,0.9997504764875466,1.0000101914660275,0.9989118846015105,1.001074980410714,-0.0002597149784809849
2.8506944444444446,-0.1493055555555555,synthetic_segment_001,1.0006619582322769,1.0000101914660275,0.9989814641097485,1.0010533515790208,0.0006517667662493398
2.8527777777777774,-0.1472222222222222,synthetic_segment_001,1.000861684216761,1.0000101914660275,0.9989424725547799,1.0010657465391515,0.0008514927507334846
2.854861111111111,-0.1451388888888888,synthetic_segment_001,1.0001546544052276,1.0000101914660275,0.9989581762632914,1.001057664122047,0.0001444629392000074
2.8569444444444443,-0.1430555555555555,synthetic_segment_001,0.999801037942576,1.0000101914660275,0.9989777184609183,1.0010998042035797,-0.00020915352345152183
2.8590277777777775,-0.1409722222222222,synthetic_segment_001,1.0001383389493836,1.0000101914660275,0.9989683144973426,1.001071125569001,0.00012814748335610027
2.861111111111111,-0.1388888888888889,synthetic_segment_001,0.9994431983867136,1.0000101914660275,0.9989832512630287,1.0010920339177627,-0.0005669930793139599
2.8631944444444444,-0.1368055555555555,synthetic_segment_001,0.999837760358452,1.0000101914660275,0.9989926800123945,1.001035114434743,-0.000172431107575588
2.8652777777777776,-0.1347222222222221,synthetic_segment_001,0.9998996426300266,1.0000101914660275,0.998924676969324,1.0011123074598283,-0.00011054883600092325
2.8673611111111112,-0.1326388888888888,synthetic_segment_001,0.9997168735933588,1.0000101914660275,0.9989723123912938,1.0010240109118176,-0.0002933178726687302
2.8694444444444445,-0.1305555555555555,synthetic_segment_001,1.0000715625801486,1.0000101914660275,0.9989554481762862,1.0010571793653227,6.137111412107821e-05
2.8715277777777777,-0.1284722222222222,synthetic_segment_001,1.0015149915423092,1.0000101914660275,0.9989171583491807,1.0010500898807206,0.0015048000762816205
2.873611111111111,-0.1263888888888888,synthetic_segment_001,1.000522859942632,1.0000101914660275,0.9989849619954377,1.0010669916607138,0.000512668476604361
2.875694444444445,-0.1243055555555555,synthetic_segment_001,1.0000593289957953,1.0000101914660275,0.998983709931808,1.0010442109075823,4.913752976776209e-05
2.8777777777777778,-0.1222222222222222,synthetic_segment_001,1.0001984519470444,1.0000101914660275,0.9989634363240568,1.0010810994213253,0.00018826048101683313
2.879861111111111,-0.1201388888888889,synthetic_segment_001,0.9998470728264282,1.0000101914660275,0.9989613383607406,1.0010460917818484,-0.0001631186395993911
2.8819444444444446,-0.1180555555555555,synthetic_segment_001,0.999695322787398,1.0000101914660275,0.9989515137478219,1.0010407551640288,-0.0003148686786295096
2.8840277777777774,-0.1159722222222222,synthetic_segment_001,1.00030769681089,1.0000101914660275,0.998934397175244,1.0010438060988966,0.0002975053448623921
2.886111111111111,-0.1138888888888888,synthetic_segment_001,0.9995474585629552,1.0000101914660275,0.9990068505283927,1.0010656038798122,-0.00046273290307230486
2.8881944444444443,-0.1118055555555555,synthetic_segment_001,1.00112172966779,1.0000101914660275,0.9989306796104513,1.001027848785588,0.001111538201762352
2.8902777777777775,-0.1097222222222222,synthetic_segment_001,0.999207294164209,1.0000101914660275,0.9989476046796698,1.0010411836031443,-0.0008028973018185948
2.892361111111111,-0.1076388888888889,synthetic_segment_001,1.0005961018722156,1.0000101914660275,0.9989780584006117,1.0010556632649128,0.0005859104061880505
2.8944444444444444,-0.1055555555555555,synthetic_segment_001,1.000053485367475,1.0000101914660275,0.9989901332887263,1.0010608042122264,4.3293901447416516e-05
2.8965277777777776,-0.1034722222222221,synthetic_segment_001,1.000569116693826,1.0000101914660275,0.99894681433189,1.0010506682894593,0.0005589252277984347
2.8986111111111112,-0.1013888888888888,synthetic_segment_001,1.0006334273327315,1.0000101914660275,0.9989726688208337,1.0010717021462223,0.0006232358667039861
2.9006944444444445,-0.0993055555555555,synthetic_segment_001,0.9993527773301702,1.0000101914660275,0.9989557987395651,1.0010926075007807,-0.0006574141358572927
2.9027777777777777,-0.0972222222222222,synthetic_segment_001,0.9996215817697454,1.0000101914660275,0.9989909310674386,1.00106806918277,-0.0003886096962821828
2.904861111111111,-0.0951388888888888,synthetic_segment_001,0.99983799203669,1.0000101914660275,0.9989793201939449,1.0010398752519027,-0.0001721994293375495
2.906944444444445,-0.0930555555555555,synthetic_segment_001,1.0000690512860229,1.0000101914660275,0.9989927821363636,1.0010481968956135,5.885981999531609e-05
2.9090277777777778,-0.0909722222222222,synthetic_segment_001,1.000616578241179,1.0000101914660275,0.9989661730150847,1.001045867501806,0.0006063867751515684
2.911111111111111,-0.0888888888888889,synthetic_segment_001,0.999992299912448,1.0000101914660275,0.9989622619652706,1.0010502458948225,-1.789155357956318e-05
2.9131944444444446,-0.0868055555555555,synthetic_segment_001,1.000573741028014,1.0000101914660275,0.9989619588207741,1.0010735389481307,0.0005635495619864539
2.9152777777777774,-0.0847222222222222,synthetic_segment_001,1.0001902583570592,1.0000101914660275,0.9989558011634865,1.0010573895091237,0.00018006689103167162
2.917361111111111,-0.0826388888888888,synthetic_segment_001,1.0001759042792486,1.0000101914660275,0.9989287155934425,1.0010545280222845,0.0001657128132210861
2.9194444444444443,-0.0805555555555555,synthetic_segment_001,0.9996684313246044,1.0000101914660275,0.9989643552381108,1.0010488269539979,-0.00034176014142317523
2.9215277777777775,-0.0784722222222222,synthetic_segment_001,0.9998066516390122,1.0000101914660275,0.9989890715095185,1.0010745440333935,-0.00020353982701537543
2.923611111111111,-0.0763888888888888,synthetic_segment_001,0.9998987323654044,1.0000101914660275,0.9989274932932795,1.0010770679255339,-0.00011145910062315689
2.9256944444444444,-0.0743055555555555,synthetic_segment_001,0.9997671803108305,1.0000101914660275,0.9989530848396833,1.0010278790187916,-0.0002430111551970926
2.9277777777777776,-0.0722222222222221,synthetic_segment_001,0.9997696943503506,1.0000101914660275,0.9989657720183559,1.0010785354298517,-0.00024049711567697418
2.9298611111111112,-0.0701388888888888,synthetic_segment_001,0.9997789869518916,1.0000101914660275,0.9989950085903558,1.0010788648352187,-0.0002312045141359409
2.9319444444444445,-0.0680555555555555,synthetic_segment_001,0.9997954988304776,1.0000101914660275,0.9989419141565644,1.0010592594011192,-0.00021469263554996232
2.9340277777777777,-0.0659722222222222,synthetic_segment_001,1.0010240910723358,1.0000101914660275,0.9989811096295502,1.0010481147861696,0.0010138996063082661
2.936111111111111,-0.0638888888888888,synthetic_segment_001,0.9994501812318431,1.0000101914660275,0.9989496639992552,1.001037183612629,-0.0005600102341843938
2.938194444444445,-0.0618055555555555,synthetic_segment_001,0.9998061421300644,1.0000101914660275,0.9989501178837087,1.001085696517679,-0.00020404933596318564
2.9402777777777778,-0.0597222222222222,synthetic_segment_001,0.999173300376549,1.0000101914660275,0.9989558916295183,1.0010730967119732,-0.0008368910894785975
2.942361111111111,-0.0576388888888889,synthetic_segment_001,1.0006840789002305,1.0000101914660275,0.998983407257382,1.0010667904040906,0.0006738874342029355
2.9444444444444446,-0.0555555555555555,synthetic_segment_001,0.9998698848178535,1.0000101914660275,0.9989549681375709,1.0010513763187467,-0.0001403066481739934
2.9465277777777774,-0.0534722222222222,synthetic_segment_001,0.999572624863798,1.0000101914660275,0.99892076211416,1.0010802045221971,-0.00043756660222948884
2.948611111111111,-0.0513888888888888,synthetic_segment_001,1.0004234936449197,1.0000101914660275,0.9989840676873774,1.0010450911168236,0.0004133021788921276
2.9506944444444443,-0.0493055555555555,synthetic_segment_001,1.001522058816098,1.0000101914660275,0.9989583081547557,1.0010528958180271,0.0015118673500704727
2.9527777777777775,-0.0472222222222222,synthetic_segment_001,1.0001354194684344,1.0000101914660275,0.9989383329186352,1.0010578227364324,0.00012522800240688525
2.954861111111111,-0.0451388888888888,synthetic_segment_001,1.0007178669502217,1.0000101914660275,0.9989697266367215,1.0010154243215024,0.0007076754841941479
2.9569444444444444,-0.0430555555555555,synthetic_segment_001,1.0000199513621817,1.0000101914660275,0.998950283527475,1.0011066606422867,9.759896154148962e-06
2.9590277777777776,-0.0409722222222221,synthetic_segment_001,0.9992663969300668,1.0000101914660275,0.9989710438925039,1.0010408368363197,-0.0007437945359607401
2.9611111111111112,-0.0388888888888888,synthetic_segment_001,0.999828820561631,1.0000101914660275,0.998957022699083,1.0010858065117507,-0.00018137090439651615
2.9631944444444445,-0.0368055555555555,synthetic_segment_001,0.9996267722895664,1.0000101914660275,0.9989573374089447,1.0010688872975035,-0.00038341917646111945
2.9652777777777777,-0.0347222222222222,synthetic_segment_001,0.9993746378118454,1.0000101914660275,0.9989696718644884,1.001054437476928,-0.0006355536541821083
2.967361111111111,-0.0326388888888888,synthetic_segment_001,0.9997492632254888,1.0000101914660275,0.9989727670966656,1.0011127094142378,-0.0002609282405386937
2.969444444444445,-0.0305555555555555,synthetic_segment_001,1.0002955047528976,1.0000101914660275,0.9989404945960924,1.001055854552779,0.0002853132868700925
2.9715277777777778,-0.0284722222222222,synthetic_segment_001,0.9999006332717458,1.0000101914660275,0.9989481790421602,1.0010782717082045,-0.00010955819428171143
2.973611111111111,-0.0263888888888889,synthetic_segment_001,1.0002097263014966,1.0000101914660275,0.9989674409091529,1.0010691876325342,0.00019953483546908402
2.9756944444444446,-0.0243055555555555,synthetic_segment_001,1.0006241726407106,1.0000101914660275,0.9989584013164338,1.0010574233745688,0.0006139811746830315
2.9777777777777774,-0.0222222222222222,synthetic_segment_001,0.998984946603475,0.9999002985421704,0.9988622152705704,1.0009825069869223,-0.0009153519386954079
2.979861111111111,-0.0201388888888889,synthetic_segment_001,0.9989349660449968,0.9977830752465024,0.9966314658998643,0.9989424445472698,0.001151890798494315
2.9819444444444443,-0.0180555555555555,synthetic_segment_001,0.9967091674766984,0.9958973683545456,0.9948088415691168,0.9969503083053503,0.0008117991221527898
2.9840277777777775,-0.0159722222222222,synthetic_segment_001,0.9949142054544284,0.9953642289368066,0.9943354238822314,0.9964147409008784,-0.00045002348237821455
2.986111111111111,-0.0138888888888888,synthetic_segment_001,0.9940106357712905,0.9950650425462904,0.9939965275228725,0.9961473841171415,-0.0010544067749999053
2.9881944444444444,-0.0118055555555555,synthetic_segment_001,0.9951824528240047,0.9948764398339554,0.993844209298822,0.9959088709958225,0.00030601299004939797
2.9902777777777776,-0.0097222222222221,synthetic_segment_001,0.994757429505392,0.9947531183708114,0.9936865413919408,0.9958281638751402,4.311134580659015e-06
2.9923611111111112,-0.0076388888888888,synthetic_segment_001,0.9942928843300212,0.9946717346698244,0.9935849331165036,0.995741190217504,-0.00037885033980322724
2.9944444444444445,-0.0055555555555555,synthetic_segment_001,0.9943998254657024,0.9946186850755461,0.9935772510743375,0.9956851065549819,-0.00021885960984369124
2.9965277777777777,-0.0034722222222222,synthetic_segment_001,0.9950017675702684,0.9945856234237381,0.9935392259219713,0.995646141905413,0.00041614414653023957
2.998611111111111,-0.0013888888888888,synthetic_segment_001,0.9941517032134288,0.9945674731093532,0.9935000903239347,0.995609774344023,-0.0004157698959244005
3.000694444444445,0.0006944444444444,synthetic_segment_001,0.9944432842977305,0.9945614648529976,0.9934771838524411,0.9956340526722303,-0.00011818055526702231
3.0027777777777778,0.0027777777777777,synthetic_segment_001,0.9945374271611024,0.9945666841026998,0.993471267800505,0.9956080561202054,-2.9256941597388675e-05
3.004861111111111,0.004861111111111,synthetic_segment_001,0.9948054097400448,0.9945839322325903,0.9935093420998476,0.9956465926809415,0.0002214775074544928
3.0069444444444446,0.0069444444444444,synthetic_segment_001,0.994118776697208,0.9946158478045741,0.9935285306084071,0.9956682717466873,-0.0004970711073660761
3.0090277777777774,0.0090277777777777,synthetic_segment_001,0.9946303269944434,0.9946673346389908,0.9936075902254244,0.9956994554285149,-3.700764454739325e-05
3.011111111111111,0.011111111111111,synthetic_segment_001,0.9947469544702556,0.9947464799143334,0.9936972162696659,0.9958135901374594,4.7455592222522824e-07
3.0131944444444443,0.0131944444444445,synthetic_segment_001,0.9949618756125111,0.9948664460722311,0.9938130981696738,0.9959342349227833,9.542954028007866e-05
3.0152777777777775,0.0152777777777777,synthetic_segment_001,0.994555639338618,0.9950496993502486,0.9939479882168487,0.9961151743651705,-0.0004940600116305482
3.017361111111111,0.0173611111111111,synthetic_segment_001,0.995448833418821,0.995339338540538,0.994229990671643,0.9964235555643247,0.00010949487828293414
3.0194444444444444,0.0194444444444444,synthetic_segment_001,0.9968608207107248,0.9958467738253026,0.9947922405439819,0.9969696362982305,0.0010140468854221707
3.0215277777777776,0.0215277777777778,synthetic_segment_001,0.9967565932545036,0.9975822661939401,0.9964384109461919,0.9986969321054031,-0.0008256729394364726
3.0236111111111112,0.0236111111111111,synthetic_segment_001,1.000264184737649,0.9998522067485374,0.9987965263145598,1.0009451582305071,0.00041197798911163375
3.0256944444444445,0.0256944444444444,synthetic_segment_001,0.9985447711809172,1.0000101914660275,0.9989376061219997,1.0011257697977878,-0.0014654202851103193
3.0277777777777777,0.0277777777777777,synthetic_segment_001,0.9993552838310142,1.0000101914660275,0.9989409900151274,1.0010560949083822,-0.0006549076350133021
3.029861111111111,0.0298611111111111,synthetic_segment_001,1.0001469484239214,1.0000101914660275,0.9989340714118385,1.0010689958898564,0.00013675695789383546
3.031944444444445,0.0319444444444444,synthetic_segment_001,0.9996511245882675,1.0000101914660275,0.9989947196564436,1.0011083672754446,-0.0003590668777599948
3.0340277777777778,0.0340277777777777,synthetic_segment_001,1.000121131433524,1.0000101914660275,0.9989786055690353,1.001029877630976,0.00011093996749655943
3.036111111111111,0.036111111111111,synthetic_segment_001,0.9993820128020422,1.0000101914660275,0.9989477531617804,1.001079822121948,-0.0006281786639853459
3.0381944444444446,0.0381944444444444,synthetic_segment_001,1.0004260194996333,1.0000101914660275,0.9989424478987908,1.001034129648005,0.0004158280336057363
3.0402777777777774,0.0402777777777777,synthetic_segment_001,0.999691408072343,1.0000101914660275,0.9989629204663716,1.0010420755252207,-0.0003187833936845186
3.042361111111111,0.042361111111111,synthetic_segment_001,0.9990495958199758,1.0000101914660275,0.9989685574075386,1.001056331358581,-0.0009605956460517762
3.0444444444444443,0.0444444444444445,synthetic_segment_001,1.0010544808731083,1.0000101914660275,0.9989649604938454,1.0011037340100637,0.0010442894070807895
3.0465277777777775,0.0465277777777777,synthetic_segment_001,1.000382775681399,1.0000101914660275,0.9989387387160837,1.00106263780949,0.00037258421537145203
3.048611111111111,0.0486111111111111,synthetic_segment_001,1.0001248101705336,1.0000101914660275,0.9989530231579133,1.0010513421840719,0.00011461870450601985
3.0506944444444444,0.0506944444444444,synthetic_segment_001,0.9996220258949042,1.0000101914660275,0.9989335568910322,1.0010824926306376,-0.0003881655711233112
3.0527777777777776,0.0527777777777778,synthetic_segment_001,1.0015952239285817,1.0000101914660275,0.9989149121260388,1.0010928535260277,0.0015850324625541479
3.0548611111111112,0.0548611111111111,synthetic_segment_001,0.999926566215005,1.0000101914660275,0.9989159544429864,1.0010863295086712,-8.362525102256768e-05
3.0569444444444445,0.0569444444444444,synthetic_segment_001,0.9997967066884919,1.0000101914660275,0.9989670882938475,1.0010802547937618,-0.0002134847775356885
3.0590277777777777,0.0590277777777777,synthetic_segment_001,1.0001184222477273,1.0000101914660275,0.9989667104093003,1.0010703440451885,0.00010823078169974742
3.061111111111111,0.0611111111111111,synthetic_segment_001,0.9993569555586602,1.0000101914660275,0.9989217292285953,1.0010486245976842,-0.0006532359073673222
3.063194444444445,0.0631944444444444,synthetic_segment_001,0.9998114619580324,1.0000101914660275,0.9989648731717465,1.0010419358817575,-0.00019872950799515454
3.0652777777777778,0.0652777777777777,synthetic_segment_001,0.9998631035027046,1.0000101914660275,0.9989671310373297,1.0010549895030592,-0.00014708796332296714
3.067361111111111,0.067361111111111,synthetic_segment_001,0.999145044234786,1.0000101914660275,0.9989446235526492,1.0010457351128161,-0.0008651472312415365
3.0694444444444446,0.0694444444444444,synthetic_segment_001,0.9998233341783112,1.0000101914660275,0.9989512555454163,1.001036078102093,-0.00018685728771639099
3.0715277777777774,0.0715277777777777,synthetic_segment_001,0.9995653279935652,1.0000101914660275,0.9989395927672008,1.0010857183847437,-0.00044486347246230906
3.073611111111111,0.073611111111111,synthetic_segment_001,1.0007336398216873,1.0000101914660275,0.9989700045255259,1.001068793327218,0.0007234483556597393
3.0756944444444443,0.0756944444444445,synthetic_segment_001,0.9992261200174573,1.0000101914660275,0.9989850143023111,1.001073348955837,-0.0007840714485702893
3.0777777777777775,0.0777777777777777,synthetic_segment_001,1.0002044526416347,1.0000101914660275,0.9989494315178116,1.0010674920499072,0.00019426117560716882
3.079861111111111,0.0798611111111111,synthetic_segment_001,1.0001203255514122,1.0000101914660275,0.9989484450021064,1.0010861140787655,0.00011013408538462777
3.0819444444444444,0.0819444444444443,synthetic_segment_001,1.0010972444686117,1.0000101914660275,0.9989660662259763,1.0010846910659552,0.0010870530025841596
3.0840277777777776,0.0840277777777778,synthetic_segment_001,1.0000185612129255,1.0000101914660275,0.9989416799199747,1.001050972495945,8.369746897995967e-06
3.0861111111111112,0.0861111111111111,synthetic_segment_001,0.9992943262866536,1.0000101914660275,0.9989581577578557,1.0010959089858762,-0.0007158651793739423
3.0881944444444445,0.0881944444444444,synthetic_segment_001,0.9995322372703566,1.0000101914660275,0.9989725014323859,1.0010816283633526,-0.0004779541956709821
3.0902777777777777,0.0902777777777777,synthetic_segment_001,0.9998071041670122,1.0000101914660275,0.9989018306889522,1.001065797192648,-0.0002030872990153032
3.092361111111111,0.0923611111111111,synthetic_segment_001,1.0009518673747533,1.0000101914660275,0.9989662083239538,1.0010578683020162,0.0009416759087257365
3.094444444444445,0.0944444444444444,synthetic_segment_001,0.9992472259271096,1.0000101914660275,0.9989290894028754,1.0010663244389997,-0.0007629655389179701
3.0965277777777778,0.0965277777777777,synthetic_segment_001,1.000178843766435,1.0000101914660275,0.9989248383011073,1.001057060062487,0.00016865230040741253
3.098611111111111,0.098611111111111,synthetic_segment_001,1.0003779376337336,1.0000101914660275,0.9989402219298584,1.00107235525042,0.0003677461677060734
3.1006944444444446,0.1006944444444444,synthetic_segment_001,1.0004284128451164,1.0000101914660275,0.9989315283631527,1.001066041660745,0.0004182213790888678
3.1027777777777774,0.1027777777777777,synthetic_segment_001,1.0004032356696666,1.0000101914660275,0.998964944323735,1.0010735359257326,0.0003930442036390591
3.104861111111111,0.104861111111111,synthetic_segment_001,0.9988614180517356,1.0000101914660275,0.9989096403339208,1.0010868970682893,-0.0011487734142919814
3.1069444444444443,0.1069444444444444,synthetic_segment_001,0.999711537920348,1.0000101914660275,0.9989749655309593,1.0010610194984517,-0.0002986535456795947
3.1090277777777775,0.1090277777777777,synthetic_segment_001,1.0005056653026887,1.0000101914660275,0.9989029867396263,1.0010810162345913,0.0004954738366611533
3.111111111111111,0.1111111111111111,synthetic_segment_001,1.000833644996294,1.0000101914660275,0.9989409433133845,1.0010468300159656,0.0008234535302664714
3.1131944444444444,0.1131944444444444,synthetic_segment_001,0.999444039137646,1.0000101914660275,0.9989371258501177,1.0010951517745446,-0.0005661523283815306
3.1152777777777776,0.1152777777777778,synthetic_segment_001,1.0000026616366129,1.0000101914660275,0.9989698023851398,1.001127663383881,-7.529829414654188e-06
3.1173611111111112,0.1173611111111111,synthetic_segment_001,0.9985574755429318,1.0000101914660275,0.9989368416816888,1.0011246329575738,-0.0014527159230957043
3.1194444444444445,0.1194444444444444,synthetic_segment_001,1.000761730762039,1.0000101914660275,0.9989145295107977,1.0011105397594455,0.0007515392960113498
3.1215277777777777,0.1215277777777777,synthetic_segment_001,0.999706347004606,1.0000101914660275,0.9989658767718981,1.0010716183698163,-0.00030384446142150967
3.123611111111111,0.1236111111111111,synthetic_segment_001,1.0004165542297343,1.0000101914660275,0.9989607990683208,1.001078639248519,0.00040636276370675795
3.125694444444445,0.1256944444444444,synthetic_segment_001,1.0001310522498983,1.0000101914660275,0.9989590316074559,1.0010998894927625,0.0001208607838707465
3.1277777777777778,0.1277777777777777,synthetic_segment_001,1.0000844510866809,1.0000101914660275,0.9989259480279147,1.0010809996044603,7.425962065332747e-05
3.129861111111111,0.129861111111111,synthetic_segment_001,0.9991919762540756,1.0000101914660275,0.9989596094373394,1.001081864946117,-0.0008182152119519115
3.1319444444444446,0.1319444444444444,synthetic_segment_001,0.9992326138806024,1.0000101914660275,0.9989575246902205,1.0010827871670023,-0.0007775775854251821
3.1340277777777774,0.1340277777777777,synthetic_segment_001,0.9996892563322816,1.0000101914660275,0.9989615634849904,1.0010350708112832,-0.00032093513374598093
3.136111111111111,0.136111111111111,synthetic_segment_001,0.9999399494742947,1.0000101914660275,0.9989447290163334,1.001076319519806,-7.024199173288892e-05
3.1381944444444443,0.1381944444444444,synthetic_segment_001,1.0000160529792324,1.0000101914660275,0.9989586650633928,1.0010722239662604,5.861513204807878e-06
3.1402777777777775,0.1402777777777777,synthetic_segment_001,1.0002552688837087,1.0000101914660275,0.9989793708371968,1.0010934609025388,0.0002450774176812054
3.142361111111111,0.1423611111111111,synthetic_segment_001,1.0008101789319332,1.0000101914660275,0.9989448699327317,1.0010846968534721,0.0007999874659057049
3.1444444444444444,0.1444444444444444,synthetic_segment_001,1.0008926399286615,1.0000101914660275,0.9989452380364355,1.0010765022073342,0.0008824484626339668
3.1465277777777776,0.1465277777777778,synthetic_segment_001,1.0000982402359606,1.0000101914660275,0.9989578117077512,1.0010716323248803,8.804876993306898e-05
3.1486111111111112,0.1486111111111111,synthetic_segment_001,0.999361820994456,1.0000101914660275,0.9989588860336945,1.0010615484601348,-0.0006483704715715133
3.8506944444444446,-0.1493055555555555,synthetic_segment_001,0.9995171153819092,1.0000101914660275,0.9989509085457755,1.001075250774022,-0.0004930760841183046
3.8527777777777774,-0.1472222222222223,synthetic_segment_001,1.0002048898606966,1.0000101914660275,0.9989393174844357,1.0010879033201254,0.00019469839466901284
3.854861111111111,-0.1451388888888889,synthetic_segment_001,0.9997997215642068,1.0000101914660275,0.9989281645304966,1.001069465215825,-0.00021046990182072012
3.856944444444444,-0.1430555555555554,synthetic_segment_001,0.9998687869999718,1.0000101914660275,0.9989433005500228,1.0010698864068333,-0.00014140446605570567
3.8590277777777775,-0.1409722222222222,synthetic_segment_001,1.0003153249939989,1.0000101914660275,0.9989731198919926,1.0010824044495508,0.0003051335279713463
3.861111111111111,-0.1388888888888888,synthetic_segment_001,1.0010629992309676,1.0000101914660275,0.9988995718863607,1.001074903476077,0.0010528077649401002
3.863194444444445,-0.1368055555555556,synthetic_segment_001,1.000405862404012,1.0000101914660275,0.9989046474035416,1.0010817685136317,0.000395670937984427
3.865277777777778,-0.1347222222222221,synthetic_segment_001,0.9993830287146546,1.0000101914660275,0.9989571302160153,1.0011098067239979,-0.0006271627513729783
3.8673611111111112,-0.1326388888888889,synthetic_segment_001,0.9999128815557679,1.0000101914660275,0.9989425897377264,1.0010770709342518,-9.730991025969082e-05
3.869444444444445,-0.1305555555555555,synthetic_segment_001,0.9990430804278496,1.0000101914660275,0.9989466746425272,1.0011323841944828,-0.0009671110381779258
3.8715277777777777,-0.1284722222222223,synthetic_segment_001,0.9994828050888914,1.0000101914660275,0.9989340651291342,1.0010685463398368,-0.0005273863771361187
3.8736111111111113,-0.1263888888888888,synthetic_segment_001,0.9999856282979896,1.0000101914660275,0.9989259675884606,1.0010337546585923,-2.456316803789438e-05
3.875694444444444,-0.1243055555555556,synthetic_segment_001,0.9993687558074063,1.0000101914660275,0.9989581271011269,1.0010812983563846,-0.0006414356586212921
3.8777777777777778,-0.1222222222222222,synthetic_segment_001,1.0004785952372623,1.0000101914660275,0.9989384654338623,1.0010246607630475,0.00046840377123480437
3.879861111111111,-0.120138888888889,synthetic_segment_001,1.0000852505046125,1.0000101914660275,0.9989569160830181,1.0010477320186884,7.5059038584957e-05
3.8819444444444446,-0.1180555555555555,synthetic_segment_001,1.000111079448667,1.0000101914660275,0.998925964800928,1.0011332521830623,0.00010088798263940824
3.8840277777777774,-0.1159722222222223,synthetic_segment_001,0.999865223504532,1.0000101914660275,0.9989341600090449,1.0010890417709006,-0.0001449679614955457
3.886111111111111,-0.1138888888888889,synthetic_segment_001,0.9995594994749428,1.0000101914660275,0.9989125492444659,1.0010820801383382,-0.00045069199108471736
3.888194444444444,-0.1118055555555554,synthetic_segment_001,0.9991130411718162,1.0000101914660275,0.9989244179948037,1.0010451918737642,-0.0008971502942113352
3.8902777777777775,-0.1097222222222222,synthetic_segment_001,1.0001368029527558,1.0000101914660275,0.998938587545832,1.0010637247510332,0.00012661148672821199
3.892361111111111,-0.1076388888888888,synthetic_segment_001,0.9999975586997292,1.0000101914660275,0.9989544117722985,1.001055293856627,-1.2632766298370512e-05
3.894444444444445,-0.1055555555555556,synthetic_segment_001,0.9994566823524874,1.0000101914660275,0.9989277668039721,1.0011221236152898,-0.0005535091135401293
3.896527777777778,-0.1034722222222221,synthetic_segment_001,1.000108634398454,1.0000101914660275,0.998921651060057,1.001054243982079,9.844293242644575e-05
3.8986111111111112,-0.1013888888888889,synthetic_segment_001,0.9998133418132868,1.0000101914660275,0.9989512238529678,1.001067633569882,-0.00019684965274069377
3.900694444444445,-0.0993055555555555,synthetic_segment_001,0.9990562148827252,1.0000101914660275,0.998981284839254,1.0010814538538484,-0.0009539765833023184
3.9027777777777777,-0.0972222222222223,synthetic_segment_001,1.0000986259881413,1.0000101914660275,0.998938195861169,1.001102177415386,8.843452211371172e-05
3.9048611111111113,-0.0951388888888888,synthetic_segment_001,1.0005306041487487,1.0000101914660275,0.9989387212101404,1.001081460289548,0.000520412682721183
3.906944444444444,-0.0930555555555556,synthetic_segment_001,0.9999841160573988,1.0000101914660275,0.9989228705162315,1.0010814597907973,-2.6075408628756236e-05
3.9090277777777778,-0.0909722222222222,synthetic_segment_001,1.000224099860365,1.0000101914660275,0.9989556523817793,1.001076235581566,0.0002139083943375475
3.911111111111111,-0.088888888888889,synthetic_segment_001,1.0007419560974673,1.0000101914660275,0.9989333204771822,1.0010749069714382,0.0007317646314397575
3.9131944444444446,-0.0868055555555555,synthetic_segment_001,0.999877194911075,1.0000101914660275,0.9989447676728418,1.0011273247070553,-0.00013299655495258023
3.9152777777777774,-0.0847222222222223,synthetic_segment_001,1.0007326030586603,1.0000101914660275,0.9989316949249957,1.0010801484051361,0.0007224115926327546
3.917361111111111,-0.0826388888888889,synthetic_segment_001,0.9986897716436764,1.0000101914660275,0.9989159253177584,1.0010706569681085,-0.0013204198223510932
3.919444444444444,-0.0805555555555554,synthetic_segment_001,0.999041377743538,1.0000101914660275,0.9989581054212294,1.0010938990186824,-0.000968813722489581
3.9215277777777775,-0.0784722222222222,synthetic_segment_001,1.000466061637948,1.0000101914660275,0.9989167902030834,1.0010902467151768,0.0004558701719203917
3.923611111111111,-0.0763888888888888,synthetic_segment_001,1.0002006216864154,1.0000101914660275,0.9989000846458445,1.0010782117716095,0.0001904302203878938
3.925694444444445,-0.0743055555555556,synthetic_segment_001,0.9993552729943878,1.0000101914660275,0.9989145414599532,1.0011040764443861,-0.0006549184716397871
3.927777777777778,-0.0722222222222221,synthetic_segment_001,1.0001787482243096,1.0000101914660275,0.9989489487777143,1.0011153668918855,0.00016855675828209016
3.9298611111111112,-0.0701388888888889,synthetic_segment_001,1.000784255508825,1.0000101914660275,0.9989388477001326,1.00108924643443,0.000774064042797562
3.931944444444445,-0.0680555555555555,synthetic_segment_001,0.9996837885726532,1.0000101914660275,0.998901626918817,1.0010720276068013,-0.0003264028933743779
3.9340277777777777,-0.0659722222222223,synthetic_segment_001,1.0004035397455096,1.0000101914660275,0.9989606010571339,1.001034253206736,0.0003933482794820087
3.9361111111111113,-0.0638888888888888,synthetic_segment_001,1.0001236435143264,1.0000101914660275,0.9989427176778561,1.0010907028745928,0.00011345204829882327
3.938194444444444,-0.0618055555555556,synthetic_segment_001,1.0002101251453897,1.0000101914660275,0.998925474275243,1.0011071563666634,0.0001999336793621076
3.9402777777777778,-0.0597222222222222,synthetic_segment_001,0.9998167280623566,1.0000101914660275,0.9989298236999391,1.0010858414801214,-0.00019346340367099035
3.942361111111111,-0.057638888888889,synthetic_segment_001,1.0003577044436307,1.0000101914660275,0.998884701277041,1.0010902806787005,0.00034751297760315936
3.9444444444444446,-0.0555555555555555,synthetic_segment_001,1.000383684896175,1.0000101914660275,0.9989250523452167,1.0011309964000614,0.0003734934301473647
3.9465277777777774,-0.0534722222222223,synthetic_segment_001,1.0000159758651783,1.0000101914660275,0.9989216362312479,1.00106880404566,5.7843991507766646e-06
3.948611111111111,-0.0513888888888889,synthetic_segment_001,0.9992361736684484,1.0000101914660275,0.9989396143260652,1.0010979530723718,-0.0007740177975791296
3.950694444444444,-0.0493055555555554,synthetic_segment_001,0.9997767941048548,1.0000101914660275,0.9989304667634522,1.0010928602129665,-0.00023339736117278242
3.9527777777777775,-0.0472222222222222,synthetic_segment_001,1.0010291061271916,1.0000101914660275,0.9989130669272122,1.0010667397821678,0.0010189146611641053
3.954861111111111,-0.0451388888888888,synthetic_segment_001,1.000198601587784,1.0000101914660275,0.998915697183075,1.0010895256931602,0.00018841012175641048
3.956944444444445,-0.0430555555555556,synthetic_segment_001,0.9996241370934256,1.0000101914660275,0.9989333306543143,1.0010850034267167,-0.00038605437260197384
3.959027777777778,-0.0409722222222221,synthetic_segment_001,0.9999293027110924,1.0000101914660275,0.9989844477163952,1.0010769843296883,-8.088875493517111e-05
3.9611111111111112,-0.0388888888888889,synthetic_segment_001,1.0005569946409645,1.0000101914660275,0.9989093032103216,1.0010997122090248,0.0005468031749369384
3.963194444444445,-0.0368055555555555,synthetic_segment_001,0.9995567608753122,1.0000101914660275,0.9989544137180626,1.001091066378945,-0.0004534305907153424
3.9652777777777777,-0.0347222222222223,synthetic_segment_001,0.9993926725258548,1.0000101914660275,0.9989401686936145,1.0011134830609167,-0.000617518940172701
3.9673611111111113,-0.0326388888888888,synthetic_segment_001,0.999394826540756,1.0000101914660275,0.9989323584761587,1.0010978057904236,-0.0006153649252715887
3.969444444444444,-0.0305555555555556,synthetic_segment_001,0.9998972149784168,1.0000101914660275,0.998940091442482,1.0010537163506996,-0.00011297648761077195
3.9715277777777778,-0.0284722222222222,synthetic_segment_001,1.0005605897666685,1.0000101914660275,0.9988879969685688,1.0010531533492086,0.0005503983006409641
3.973611111111111,-0.026388888888889,synthetic_segment_001,0.9989737627312616,1.0000101914660275,0.9989483041646704,1.0011131268817521,-0.0010364287347659484
3.9756944444444446,-0.0243055555555555,synthetic_segment_001,1.0001759332882063,1.0000101914660275,0.9989452814081223,1.001111296712866,0.00016574182217876654
3.9777777777777774,-0.0222222222222223,synthetic_segment_001,0.999876626292249,0.9999002985421704,0.9987862095214617,1.000964422360784,-2.3672249921391497e-05
3.979861111111111,-0.0201388888888889,synthetic_segment_001,0.99762562511102,0.9977830752465024,0.9966068109323223,0.9989533625707557,-0.0001574501354824065
3.981944444444444,-0.0180555555555554,synthetic_segment_001,0.9956019765097944,0.9958973683545453,0.9948045958202176,0.9970076074869728,-0.00029539184475091407
3.9840277777777775,-0.0159722222222222,synthetic_segment_001,0.9957141403366948,0.9953642289368066,0.9942780070176717,0.9964359878481571,0.00034991139988815867
3.986111111111111,-0.0138888888888888,synthetic_segment_001,0.9949995554148076,0.9950650425462904,0.9939767565288987,0.9961603961634173,-6.548713148279983e-05
3.988194444444445,-0.0118055555555556,synthetic_segment_001,0.9957603600977094,0.9948764398339554,0.9937589978610679,0.9959408233061535,0.0008839202637540566
3.990277777777778,-0.0097222222222221,synthetic_segment_001,0.994012716129073,0.9947531183708114,0.993649298284596,0.995818447185894,-0.0007404022417383249
3.9923611111111112,-0.0076388888888889,synthetic_segment_001,0.9949012654390984,0.9946717346698244,0.9935504246458995,0.995739720778305,0.00022953076927401117
3.994444444444445,-0.0055555555555555,synthetic_segment_001,0.9946538132111886,0.9946186850755461,0.9935310864024038,0.995733995916933,3.512813564254813e-05
3.9965277777777777,-0.0034722222222223,synthetic_segment_001,0.9946089607820792,0.9945856234237381,0.9934601161079852,0.9956702143498342,2.3337358341035674e-05
3.9986111111111113,-0.0013888888888888,synthetic_segment_001,0.995011396840629,0.9945674731093532,0.9935087634233793,0.9956376643809777,0.0004439237312757749
4.000694444444444,0.0006944444444443,synthetic_segment_001,0.9939499765943128,0.9945614648529978,0.993511995776209,0.9956531158552233,-0.0006114882586849557
4.002777777777777,0.0027777777777777,synthetic_segment_001,0.9949324503654629,0.9945666841026998,0.9934613713635017,0.9956759248113534,0.00036576626276307866
4.004861111111112,0.0048611111111109,synthetic_segment_001,0.9942154138804298,0.9945839322325903,0.9934825471774603,0.9957032375819006,-0.00036851835216056283
4.006944444444445,0.0069444444444444,synthetic_segment_001,0.9955057568737564,0.9946158478045741,0.9935466523509138,0.9957011302640455,0.0008899090691822931
4.009027777777778,0.0090277777777776,synthetic_segment_001,0.994152933507737,0.9946673346389908,0.993577647588371,0.9957535140034229,-0.0005144011312537833
4.011111111111111,0.011111111111111,synthetic_segment_001,0.9940582399956523,0.9947464799143334,0.993663518352887,0.9958474175940769,-0.000688239918681055
4.013194444444444,0.0131944444444445,synthetic_segment_001,0.994269382693769,0.9948664460722311,0.9937525406989661,0.9959878339851667,-0.0005970633784621038
4.0152777777777775,0.0152777777777777,synthetic_segment_001,0.9948261618165776,0.9950496993502486,0.9939702898213161,0.9961534558641464,-0.00022353753367099216
4.017361111111112,0.0173611111111111,synthetic_segment_001,0.9962497126676944,0.995339338540538,0.9942206865584925,0.9964282235306934,0.0009103741271563326
4.019444444444444,0.0194444444444443,synthetic_segment_001,0.9949295008345288,0.9958467738253026,0.9947347904850686,0.9969701936836265,-0.0009172729907738209
4.021527777777778,0.0215277777777778,synthetic_segment_001,0.9977505554002442,0.9975822661939401,0.9964212360152489,0.9987312588273933,0.00016828920630407307
4.023611111111111,0.023611111111111,synthetic_segment_001,1.00036431866977,0.9998522067485374,0.9987307117725679,1.0009414664488139,0.000512111921232572
4.0256944444444445,0.0256944444444444,synthetic_segment_001,1.0009095028336783,1.0000101914660275,0.998927350409241,1.0010339566411186,0.0008993113676507569
4.027777777777778,0.0277777777777776,synthetic_segment_001,1.0002286683451338,1.0000101914660275,0.998923560012845,1.0010856192630162,0.00021847687910625524
4.029861111111111,0.0298611111111111,synthetic_segment_001,0.9997780597832192,1.0000101914660275,0.9989512920642611,1.001078107549496,-0.00023213168280833418
4.031944444444444,0.0319444444444443,synthetic_segment_001,0.9996110838710504,1.0000101914660275,0.9989413695529257,1.0010831299320884,-0.0003991075949771883
4.034027777777777,0.0340277777777777,synthetic_segment_001,0.9991500839418236,1.0000101914660275,0.9989174189020982,1.0010792826855885,-0.0008601075242039569
4.036111111111112,0.0361111111111109,synthetic_segment_001,1.0000157600933748,1.0000101914660275,0.9989196171525989,1.001059386963229,5.568627347241062e-06
4.038194444444445,0.0381944444444444,synthetic_segment_001,1.0003781305064947,1.0000101914660275,0.9989221045265326,1.0011048466087418,0.00036793904046716897
4.040277777777778,0.0402777777777776,synthetic_segment_001,0.999806752188666,1.0000101914660275,0.9988796990720502,1.0010716362749958,-0.0002034392773615501
4.042361111111111,0.042361111111111,synthetic_segment_001,1.0006942396235117,1.0000101914660275,0.9989052661091826,1.0011169916033138,0.0006840481574841295
4.044444444444444,0.0444444444444445,synthetic_segment_001,1.0001310745349712,1.0000101914660275,0.9989374444279447,1.0011321526896064,0.00012088306894364464
4.0465277777777775,0.0465277777777777,synthetic_segment_001,0.9996251884446304,1.0000101914660275,0.9989383364186067,1.0010959362720924,-0.0003850030213971012
4.048611111111112,0.0486111111111111,synthetic_segment_001,1.0010720946597866,1.0000101914660275,0.9989450744649919,1.0011282380824709,0.001061903193759095
4.050694444444444,0.0506944444444443,synthetic_segment_001,1.00073168169106,1.0000101914660275,0.9989105483012828,1.0010888262768265,0.0007214902250325395
4.052777777777778,0.0527777777777778,synthetic_segment_001,1.0000038406327274,1.0000101914660275,0.99887733183625,1.0011136440636574,-6.3508333001394135e-06
4.054861111111111,0.054861111111111,synthetic_segment_001,1.0000745153678678,1.0000101914660275,0.9989152815495695,1.001103952967206,6.43239018403019e-05
4.0569444444444445,0.0569444444444444,synthetic_segment_001,1.000467642455677,1.0000101914660275,0.9988900247730889,1.0010832267627425,0.0004574509896495549
4.059027777777778,0.0590277777777776,synthetic_segment_001,0.9999312335795764,1.0000101914660275,0.998921453483658,1.0010872392249774,-7.895788645118085e-05
4.061111111111111,0.0611111111111111,synthetic_segment_001,1.0009063222173953,1.0000101914660275,0.9989021505741523,1.0010796719140707,0.0008961307513677408
4.063194444444444,0.0631944444444443,synthetic_segment_001,1.0007877185202765,1.0000101914660275,0.9989220662791564,1.0010521027470565,0.0007775270542489388
4.065277777777777,0.0652777777777777,synthetic_segment_001,1.0001364315708603,1.0000101914660275,0.9989232445228728,1.001033437336034,0.00012624010483275327
4.067361111111112,0.0673611111111109,synthetic_segment_001,1.000504958268544,1.0000101914660275,0.9989117357945297,1.001091187936558,0.0004947668025163665
4.069444444444445,0.0694444444444444,synthetic_segment_001,0.9997552785249948,1.0000101914660275,0.9989366602330978,1.0010678692151704,-0.00025491294103274775
4.071527777777778,0.0715277777777776,synthetic_segment_001,1.00013081772727,1.0000101914660275,0.9989122903076715,1.0011002608228767,0.00012062626124254017
4.073611111111111,0.073611111111111,synthetic_segment_001,0.9997230583007168,1.0000101914660275,0.9989028663488798,1.0011257256904864,-0.00028713316531070454
4.075694444444444,0.0756944444444445,synthetic_segment_001,1.001079955254411,1.0000101914660275,0.9989033346506171,1.0010701056268467,0.0010697637883834155
4.0777777777777775,0.0777777777777777,synthetic_segment_001,0.999905977995246,1.0000101914660275,0.9989439961408679,1.0010803306328542,-0.00010421347078148901
4.079861111111112,0.0798611111111111,synthetic_segment_001,1.0009444681268256,1.0000101914660275,0.9989578511924248,1.0011431311421561,0.0009342766607980391
4.081944444444444,0.0819444444444443,synthetic_segment_001,1.0004850273753731,1.0000101914660275,0.998915364662045,1.0011408734334382,0.0004748359093456056
4.084027777777778,0.0840277777777778,synthetic_segment_001,1.000499774929734,1.0000101914660275,0.9988849387364638,1.001083738987336,0.0004895834637064223
4.086111111111111,0.086111111111111,synthetic_segment_001,0.999450580767059,1.0000101914660275,0.9989623828907718,1.001075292357742,-0.0005596106989685934
4.0881944444444445,0.0881944444444444,synthetic_segment_001,0.999523121347088,1.0000101914660275,0.9988803029771394,1.0011224099827667,-0.00048707011893955876
4.090277777777778,0.0902777777777776,synthetic_segment_001,0.99938071267262,1.0000101914660275,0.9989006677317392,1.0011074850469395,-0.0006294787934075785
4.092361111111111,0.0923611111111111,synthetic_segment_001,0.9993534061315404,1.0000101914660275,0.9989391816365484,1.0011635488805737,-0.0006567853344870977
4.094444444444444,0.0944444444444443,synthetic_segment_001,0.9996146573990232,1.0000101914660275,0.9989217094187328,1.001103011650898,-0.0003955340670043217
4.096527777777777,0.0965277777777777,synthetic_segment_001,0.9985142410680073,1.0000101914660275,0.9989030810867651,1.0011041381373205,-0.001495950398020196
4.098611111111112,0.0986111111111109,synthetic_segment_001,0.9996586302551924,1.0000101914660275,0.9989302244088734,1.0010826484192186,-0.00035156121083512737
4.100694444444445,0.1006944444444444,synthetic_segment_001,0.9996657547900726,1.0000101914660275,0.9989230419955956,1.0010723456374466,-0.0003444366759549622
4.102777777777778,0.1027777777777776,synthetic_segment_001,0.9996936352860172,1.0000101914660275,0.9988712289643034,1.0010956648291343,-0.00031655618001036334
4.104861111111111,0.104861111111111,synthetic_segment_001,0.999817498611648,1.0000101914660275,0.9988735924702316,1.0010924765327287,-0.0001926928543795059
4.106944444444444,0.1069444444444445,synthetic_segment_001,0.9997467057987948,1.0000101914660275,0.9988938595742827,1.0011224270510248,-0.0002634856672327768
4.1090277777777775,0.1090277777777777,synthetic_segment_001,0.9995265467938552,1.0000101914660275,0.9989502249758213,1.001041054621211,-0.0004836446721723231
4.111111111111112,0.1111111111111111,synthetic_segment_001,0.999638200700803,1.0000101914660275,0.9989151236755596,1.0011101208601345,-0.0003719907652245391
4.113194444444444,0.1131944444444443,synthetic_segment_001,1.0006798792522371,1.0000101914660275,0.9988859148562353,1.0010955160333719,0.0006696877862095718
4.115277777777778,0.1152777777777778,synthetic_segment_001,1.0000024413002706,1.0000101914660275,0.9988937897108048,1.0011278264419952,-7.750165756936767e-06
4.117361111111111,0.117361111111111,synthetic_segment_001,0.9997574508060963,1.0000101914660275,0.9989468096535424,1.0010818419803078,-0.0002527406599311943
4.1194444444444445,0.1194444444444444,synthetic_segment_001,0.9995661259736174,1.0000101914660275,0.9989454807454593,1.0010944450329529,-0.0004440654924101617
4.121527777777778,0.1215277777777776,synthetic_segment_001,0.9997012781359108,1.0000101914660275,0.9988962895086165,1.0010933853249275,-0.0003089133301167335
4.123611111111111,0.1236111111111111,synthetic_segment_001,0.9997192584461082,1.0000101914660275,0.9989578784167569,1.0010869077163793,-0.0002909330199193372
4.125694444444444,0.1256944444444443,synthetic_segment_001,1.000864606414392,1.0000101914660275,0.9989358495627707,1.001098011234931,0.0008544149483644681
4.127777777777777,0.1277777777777777,synthetic_segment_001,0.9999131508379868,1.0000101914660275,0.998932477864271,1.0010871357062934,-9.704062804072322e-05
4.129861111111112,0.1298611111111109,synthetic_segment_001,0.999468003774771,1.0000101914660275,0.9988906621764391,1.001113772860122,-0.0005421876912565793
4.131944444444445,0.1319444444444444,synthetic_segment_001,1.0004897830207882,1.0000101914660275,0.9989233721323347,1.0010975891724299,0.00047959155476062776
4.134027777777778,0.1340277777777776,synthetic_segment_001,1.000200277509271,1.0000101914660275,0.9989150993297663,1.0011174133677554,0.0001900860432435536
4.136111111111111,0.136111111111111,synthetic_segment_001,1.0003489690226244,1.0000101914660275,0.9989061764181166,1.0010827565045035,0.0003387775565968365
4.138194444444444,0.1381944444444445,synthetic_segment_001,0.9982809697441024,1.0000101914660275,0.9989098669168686,1.001090703953583,-0.0017292217219251338
4.1402777777777775,0.1402777777777777,synthetic_segment_001,1.0003491095157948,1.0000101914660275,0.9988967572205046,1.0011267138022792,0.00033891804976726725
4.142361111111112,0.1423611111111111,synthetic_segment_001,1.000005970823658,1.0000101914660275,0.9989776466100128,1.0011054981854202,-4.22064236960118e-06
4.144444444444444,0.1444444444444443,synthetic_segment_001,0.9996585693323498,1.0000101914660275,0.9988832781497179,1.00111373093049,-0.00035162213367778694
4.146527777777778,0.1465277777777778,synthetic_segment_001,1.0007448753743802,1.0000101914660275,0.9989176088719973,1.0011367400540665,0.0007346839083526291
4.148611111111111,0.148611111111111,synthetic_segment_001,1.0007851011221611,1.0000101914660275,0.9988939518081981,1.001048029049477,0.0007749096561335822
5.851388888888889,-0.1486111111111111,synthetic_segment_002,0.9995630653426976,1.0000101914660275,0.9989569265362678,1.0010563831275576,-0.00044712612332997725
5.853472222222222,-0.1465277777777778,synthetic_segment_002,1.0003147393470126,1.0000101914660275,0.9989728695133332,1.0010203169277418,0.00030454788098510654
5.855555555555555,-0.1444444444444444,synthetic_segment_002,0.999647632788092,1.0000101914660275,0.9990049229440728,1.0010550690330666,-0.00036255867793555385
5.857638888888888,-0.1423611111111111,synthetic_segment_002,0.9994430712785772,1.0000101914660275,0.9989648565568987,1.0010534546563463,-0.0005671201874503096
5.859722222222223,-0.1402777777777777,synthetic_segment_002,0.9993287798776832,1.0000101914660275,0.9989802476689861,1.0010858885412943,-0.0006814115883443383
5.861805555555556,-0.1381944444444444,synthetic_segment_002,0.9999985313655492,1.0000101914660275,0.9989621217435605,1.0010539913318195,-1.1660100478372293e-05
5.863888888888889,-0.136111111111111,synthetic_segment_002,1.0006257957221754,1.0000101914660275,0.9989559942662647,1.001075423820206,0.000615604256147817
5.865972222222222,-0.1340277777777777,synthetic_segment_002,0.9998270124540444,1.0000101914660275,0.9990259853524409,1.0010659449315789,-0.00018317901198317
5.868055555555555,-0.1319444444444444,synthetic_segment_002,0.9991615301128332,1.0000101914660275,0.9989309792429996,1.0010626659121746,-0.000848661353194391
5.870138888888889,-0.129861111111111,synthetic_segment_002,0.9995686285197964,1.0000101914660275,0.9989771462213971,1.001039065635488,-0.00044156294623109993
5.872222222222222,-0.1277777777777777,synthetic_segment_002,1.0000536529297115,1.0000101914660275,0.998990713597006,1.0010562461649586,4.346146368394699e-05
5.874305555555556,-0.1256944444444444,synthetic_segment_002,1.0000663370028189,1.0000101914660275,0.9989715178774147,1.0010715020706573,5.6145536791341044e-05
5.876388888888889,-0.1236111111111111,synthetic_segment_002,0.9996686716457884,1.0000101914660275,0.9989887602105668,1.0010585365502145,-0.0003415198202391112
5.878472222222222,-0.1215277777777777,synthetic_segment_002,1.0007116934599367,1.0000101914660275,0.9989813882568808,1.0010093309309398,0.0007015019939091705
5.880555555555556,-0.1194444444444444,synthetic_segment_002,0.9991903997251254,1.0000101914660275,0.9989528304357241,1.001051024237669,-0.0008197917409021871
5.882638888888889,-0.1173611111111111,synthetic_segment_002,1.0004710283321314,1.0000101914660275,0.9989606487957833,1.0010449982428002,0.0004608368661038753
5.884722222222222,-0.1152777777777778,synthetic_segment_002,1.0008426493564833,1.0000101914660275,0.9989558996688369,1.0010651834509379,0.0008324578904557178
5.886805555555555,-0.1131944444444444,synthetic_segment_002,1.000302286434251,1.0000101914660275,0.9989448610718955,1.001051001633686,0.00029209496822346637
5.888888888888888,-0.1111111111111111,synthetic_segment_002,1.0001078336996292,1.0000101914660275,0.9989585827612474,1.0010415768081307,9.764223360164692e-05
5.890972222222223,-0.1090277777777777,synthetic_segment_002,0.999795215063396,1.0000101914660275,0.9989902163703488,1.0009925270442992,-0.00021497640263157258
5.893055555555556,-0.1069444444444444,synthetic_segment_002,0.9998393025695052,1.0000101914660275,0.9989637573055457,1.0010574216543755,-0.00017088889652239203
5.895138888888889,-0.1048611111111111,synthetic_segment_002,0.999990849562548,1.0000101914660275,0.9989448974942402,1.0010558705707648,-1.9341903479519473e-05
5.897222222222222,-0.1027777777777777,synthetic_segment_002,0.999595372454902,1.0000101914660275,0.998973245425246,1.0010592123765352,-0.0004148190111255001
5.899305555555555,-0.1006944444444444,synthetic_segment_002,0.9993626950676716,1.0000101914660275,0.9989555598816203,1.00101357129834,-0.000647496398355929
5.901388888888889,-0.098611111111111,synthetic_segment_002,0.9998196366447742,1.0000101914660275,0.9989507218826463,1.0010822044441008,-0.00019055482125329704
5.903472222222222,-0.0965277777777777,synthetic_segment_002,0.9997587648657592,1.0000101914660275,0.9989775600209307,1.0010426697226942,-0.0002514266002683341
5.905555555555556,-0.0944444444444444,synthetic_segment_002,0.999906081252198,1.0000101914660275,0.9989665150491694,1.0010571144330507,-0.00010411021382950025
5.907638888888889,-0.0923611111111111,synthetic_segment_002,1.0004886811495253,1.0000101914660275,0.9989620111207397,1.0010590557418133,0.00047848968349772925
5.909722222222222,-0.0902777777777777,synthetic_segment_002,0.9995265157758664,1.0000101914660275,0.9989633332672744,1.0011019356555473,-0.0004836756901611672
5.911805555555556,-0.0881944444444444,synthetic_segment_002,0.9993001387404664,1.0000101914660275,0.9989686093116906,1.0010357517923238,-0.0007100527255611278
5.913888888888889,-0.0861111111111111,synthetic_segment_002,1.0005088022038322,1.0000101914660275,0.9989870198449982,1.001103621124158,0.0004986107378046611
5.915972222222222,-0.0840277777777778,synthetic_segment_002,0.9996078414462648,1.0000101914660275,0.9989897247975278,1.0010305332597733,-0.00040235001976274276
5.918055555555555,-0.0819444444444444,synthetic_segment_002,1.0004618229267388,1.0000101914660275,0.9989648496008111,1.0010471446667484,0.0004516314607112548
5.920138888888888,-0.0798611111111111,synthetic_segment_002,1.0001476304645411,1.0000101914660275,0.9989740820888153,1.0010633470737973,0.00013743899851359487
5.922222222222223,-0.0777777777777777,synthetic_segment_002,1.000304210191438,1.0000101914660275,0.9989665320322838,1.0011016627428702,0.0002940187254103499
5.924305555555556,-0.0756944444444444,synthetic_segment_002,0.999336367305106,1.0000101914660275,0.9989451221277685,1.0010344004804579,-0.0006738241609215434
5.926388888888889,-0.0736111111111111,synthetic_segment_002,1.0005128197412294,1.0000101914660275,0.9989876731278678,1.0010648244348486,0.0005026282752018663
5.928472222222222,-0.0715277777777777,synthetic_segment_002,1.0004817239230424,1.0000101914660275,0.9990007042012985,1.0010537087520008,0.0004715324570148116
5.930555555555555,-0.0694444444444444,synthetic_segment_002,1.0007217637591417,1.0000101914660275,0.9989539738724125,1.0010229368023076,0.0007115722931141377
5.932638888888889,-0.067361111111111,synthetic_segment_002,0.9997277658269615,1.0000101914660275,0.9989240948867547,1.0010570810076624,-0.0002824256390659974
5.934722222222222,-0.0652777777777777,synthetic_segment_002,1.0002651290967626,1.0000101914660275,0.9989844353978206,1.0010681421852552,0.0002549376307350304
5.936805555555556,-0.0631944444444444,synthetic_segment_002,0.9997755899438994,1.0000101914660275,0.9989669628510854,1.00105719196021,-0.00023460152212817498
5.938888888888889,-0.0611111111111111,synthetic_segment_002,0.9996579699551664,1.0000101914660275,0.998963254807172,1.001058496698352,-0.0003522215108611171
5.940972222222222,-0.0590277777777777,synthetic_segment_002,1.0000751430957775,1.0000101914660275,0.9989813685229108,1.0010489999285974,6.495162974995417e-05
5.943055555555556,-0.0569444444444444,synthetic_segment_002,1.0003538831349468,1.0000101914660275,0.9989237141251953,1.00105926292924,0.00034369166891923264
5.945138888888889,-0.0548611111111111,synthetic_segment_002,1.0006260936645346,1.0000101914660275,0.9989536352254821,1.0010337670207796,0.0006159021985070456
5.947222222222222,-0.0527777777777778,synthetic_segment_002,0.9997238906446424,1.0000101914660275,0.9989512529547391,1.0010611806995011,-0.0002863008213851437
5.949305555555555,-0.0506944444444444,synthetic_segment_002,1.0005587163206175,1.0000101914660275,0.9989468783708303,1.0010768214190535,0.0005485248545900046
5.951388888888888,-0.0486111111111111,synthetic_segment_002,1.000377526407631,1.0000101914660275,0.9989363147498708,1.0010713415854815,0.0003673349416033478
5.953472222222223,-0.0465277777777777,synthetic_segment_002,1.0002576089803936,1.0000101914660275,0.9989147276564242,1.001023857767905,0.0002474175143660773
5.955555555555556,-0.0444444444444444,synthetic_segment_002,1.0012617556900565,1.0000101914660275,0.9989440370511554,1.0011095843035585,0.0012515642240289448
5.957638888888889,-0.0423611111111111,synthetic_segment_002,0.9987249486671124,1.0000101914660275,0.9989740474414174,1.0010656444411294,-0.001285242798915176
5.959722222222222,-0.0402777777777777,synthetic_segment_002,1.0004471166963378,1.0000101914660275,0.9989647034727509,1.0010835867050352,0.00043692523031024777
5.961805555555555,-0.0381944444444444,synthetic_segment_002,0.9988010527518592,1.0000101914660275,0.998978224755159,1.0010650619620822,-0.0012091387141683896
5.963888888888889,-0.036111111111111,synthetic_segment_002,0.9989369366307256,1.0000101914660275,0.9989704143688655,1.0010735733671852,-0.0010732548353019622
5.965972222222222,-0.0340277777777777,synthetic_segment_002,1.0003056856895485,1.0000101914660275,0.9990137891714412,1.0011000818181968,0.00029549422352093124
5.968055555555556,-0.0319444444444444,synthetic_segment_002,1.0000216438036786,1.0000101914660275,0.9989199443162269,1.0010765373801704,1.1452337651096656e-05
5.970138888888889,-0.0298611111111111,synthetic_segment_002,1.0002839537474604,1.0000101914660275,0.9989146344710431,1.0010527885610283,0.0002737622814328322
5.972222222222222,-0.0277777777777777,synthetic_segment_002,1.000003732803517,1.0000101914660275,0.999001252713924,1.0010500038489645,-6.458662510588908e-06
5.974305555555556,-0.0256944444444444,synthetic_segment_002,1.0000608423914763,1.0000101914660275,0.998934843736561,1.001072267611017,5.06509254487586e-05
5.976388888888889,-0.0236111111111111,synthetic_segment_002,0.999815506918716,1.0000101454189403,0.9989377773071889,1.0010533740297245,-0.00019463850022427565
5.978472222222222,-0.0215277777777778,synthetic_segment_002,0.9987648893375533,0.9994924563933586,0.9983810081139397,1.0005814388801997,-0.0007275670558053449
5.980555555555555,-0.0194444444444444,synthetic_segment_002,0.9968922310736476,0.9968790371663268,0.9957552997317348,0.9979815644681859,1.3193907320796505e-05
5.982638888888888,-0.0173611111111111,synthetic_segment_002,0.9955000170908788,0.9956753292305376,0.994617906440125,0.9967368386643157,-0.00017531213965882309
5.984722222222223,-0.0152777777777777,synthetic_segment_002,0.9962344039818556,0.9952476562280386,0.9942048660025978,0.996292381345957,0.0009867477538170188
5.986805555555556,-0.0131944444444444,synthetic_segment_002,0.994609926395213,0.994992817269119,0.9939280122087866,0.9960433272766392,-0.00038289087390608323
5.988888888888889,-0.011111111111111,synthetic_segment_002,0.994200376368032,0.9948295114893945,0.9937529761896441,0.9958638290345713,-0.000629135121362423
5.990972222222222,-0.0090277777777777,synthetic_segment_002,0.9949032551700346,0.9947221436390556,0.9936392974275048,0.9957912334505646,0.00018111153097899457
5.993055555555555,-0.0069444444444444,synthetic_segment_002,0.9941752400588344,0.9946513982510233,0.9936070764690232,0.9957510372405817,-0.00047615819218893574
5.995138888888889,-0.004861111111111,synthetic_segment_002,0.9945983430444492,0.994605749491519,0.9935140699011379,0.9956759390056709,-7.406447069868705e-06
5.997222222222222,-0.0027777777777777,synthetic_segment_002,0.9950135712678237,0.9945780947871624,0.9935073348296298,0.9956237249663765,0.00043547648066133426
5.999305555555556,-0.0006944444444444,synthetic_segment_002,0.9949453099817815,0.9945642020997609,0.993498775733173,0.9956245875283211,0.00038110788202061485
6.001388888888889,0.0013888888888888,synthetic_segment_002,0.9938830821526768,0.9945619528883958,0.9934965045831659,0.9956583262176035,-0.0006788707357189283
6.003472222222222,0.0034722222222222,synthetic_segment_002,0.9951215258718188,0.9945710070313115,0.9935265568481952,0.9956434761279696,0.0005505188405072747
6.005555555555556,0.0055555555555555,synthetic_segment_002,0.9945013096780978,0.9945927516299425,0.993556992756956,0.9956587826194369,-9.144195184473958e-05
6.007638888888889,0.0076388888888888,synthetic_segment_002,0.993862736926277,0.9946305141293408,0.993546500590435,0.9956905099821418,-0.0007677772030637575
6.009722222222222,0.0097222222222221,synthetic_segment_002,0.9941224329452008,0.9946901238338792,0.9936158500586869,0.9957534788072984,-0.0005676908886784737
6.011805555555555,0.0118055555555555,synthetic_segment_002,0.9937974077347101,0.9947810765114358,0.9937289632538691,0.9958370500263878,-0.0009836687767256214
6.013888888888888,0.0138888888888888,synthetic_segment_002,0.9955134285992449,0.994918974901513,0.9938568431655553,0.9960201996758453,0.0005944536977318116
6.015972222222223,0.0159722222222222,synthetic_segment_002,0.9955254421616592,0.9951312492197446,0.9941001724736253,0.9961797409529008,0.0003941929419145618
6.018055555555556,0.0180555555555554,synthetic_segment_002,0.9954667587598564,0.9954739979168867,0.9944084761438199,0.9965509538425092,-7.239157030380916e-06
6.020138888888889,0.0201388888888889,synthetic_segment_002,0.9953959875183362,0.9961562543609142,0.9950225998276009,0.997245204877494,-0.0007602668425779058
6.022222222222222,0.0222222222222222,synthetic_segment_002,0.9983142057934165,0.9985433697154381,0.9974665066824274,0.9996597094422391,-0.00022916392202165792
6.024305555555555,0.0243055555555555,synthetic_segment_002,1.0000542303328772,0.9999995302552868,0.9989317322815423,1.0010694520800305,5.47000775904527e-05
6.026388888888889,0.0263888888888889,synthetic_segment_002,1.000201126090521,1.0000101914660275,0.9989688516926042,1.0010859261866918,0.00019093462449348841
6.028472222222222,0.0284722222222222,synthetic_segment_002,1.0007719640268349,1.0000101914660275,0.9989457154482763,1.0010799818176006,0.0007617725608073389
6.030555555555556,0.0305555555555555,synthetic_segment_002,1.0001653541942417,1.0000101914660275,0.9989737662545257,1.0010368820425912,0.00015516272821414212
6.032638888888889,0.0326388888888888,synthetic_segment_002,1.000811463879855,1.0000101914660275,0.9989338955653966,1.0010989447788687,0.0008012724138275473
6.034722222222222,0.0347222222222222,synthetic_segment_002,0.9996031928547888,1.0000101914660275,0.9989609617635838,1.0010606821006556,-0.00040699861123871806
6.036805555555556,0.0368055555555555,synthetic_segment_002,1.0001603509996448,1.0000101914660275,0.9989703874009744,1.0011259837396524,0.00015015953361730006
6.038888888888889,0.0388888888888888,synthetic_segment_002,0.9997337885651024,1.0000101914660275,0.9989626377759144,1.0010465416006797,-0.0002764029009251212
6.040972222222222,0.0409722222222221,synthetic_segment_002,0.999846617308246,1.0000101914660275,0.9989561194324443,1.0010996985175646,-0.00016357415778156525
6.043055555555555,0.0430555555555555,synthetic_segment_002,1.0004053263787946,1.0000101914660275,0.9989230978507065,1.001091184655734,0.00039513491276710333
6.045138888888888,0.0451388888888888,synthetic_segment_002,1.0000821968186662,1.0000101914660275,0.9989139843482132,1.0010707299324466,7.200535263862662e-05
6.047222222222223,0.0472222222222222,synthetic_segment_002,1.001071819488422,1.0000101914660275,0.998947168237617,1.001088495211583,0.0010616280223945118
6.049305555555556,0.0493055555555554,synthetic_segment_002,1.0006303052359753,1.0000101914660275,0.9989240809970986,1.0010379832554765,0.0006201137699477499
6.051388888888889,0.0513888888888889,synthetic_segment_002,1.0006742574869991,1.0000101914660275,0.9989525457415953,1.0011017352602507,0.0006640660209715765
6.053472222222222,0.0534722222222222,synthetic_segment_002,0.9994837717681924,1.0000101914660275,0.9989834287006178,1.0010633994021174,-0.0005264196978351787
6.055555555555555,0.0555555555555555,synthetic_segment_002,1.0004854365271072,1.0000101914660275,0.9989486487803074,1.0010444160280423,0.00047524506107965436
6.057638888888889,0.0576388888888889,synthetic_segment_002,1.0009539387318718,1.0000101914660275,0.9989408274525923,1.0010906391672427,0.0009437472658442303
6.059722222222222,0.0597222222222222,synthetic_segment_002,1.0000871075327336,1.0000101914660275,0.9989614568541635,1.0011020804691668,7.691606670601203e-05
6.061805555555556,0.0618055555555555,synthetic_segment_002,1.0010605386693503,1.0000101914660275,0.9989744013157585,1.0010414147003739,0.0010503472033227546
6.063888888888889,0.0638888888888888,synthetic_segment_002,0.9998046043185116,1.0000101914660275,0.9989597524788241,1.0011210744226167,-0.00020558714751595097
6.065972222222222,0.0659722222222222,synthetic_segment_002,0.9993911844094232,1.0000101914660275,0.9989590577385449,1.0010915414020345,-0.0006190070566043371
6.068055555555556,0.0680555555555555,synthetic_segment_002,0.9994966433380283,1.0000101914660275,0.9989521854724942,1.0010565388096062,-0.0005135481279991971
6.070138888888889,0.0701388888888888,synthetic_segment_002,1.0006668826175118,1.0000101914660275,0.998924495240709,1.001078221381573,0.0006566911514842566
6.072222222222222,0.0722222222222221,synthetic_segment_002,1.0000954067410324,1.0000101914660275,0.9989064593546192,1.0010686729955978,8.521527500482406e-05
6.074305555555555,0.0743055555555555,synthetic_segment_002,1.0000426617085665,1.0000101914660275,0.9989362792745609,1.0010693159398074,3.247024253894004e-05
6.076388888888888,0.0763888888888888,synthetic_segment_002,0.9994644880975176,1.0000101914660275,0.9989417475701307,1.0010996030668016,-0.0005457033685098978
6.078472222222223,0.0784722222222222,synthetic_segment_002,1.0006580960936833,1.0000101914660275,0.9990105072381383,1.00106689804263,0.0006479046276557376
6.080555555555556,0.0805555555555554,synthetic_segment_002,0.999401482403166,1.0000101914660275,0.9989313326499849,1.00105046317633,-0.0006087090628615899
6.082638888888889,0.0826388888888889,synthetic_segment_002,0.9991564826781242,1.0000101914660275,0.9989652893430718,1.0011214950862062,-0.0008537087879033622
6.084722222222222,0.0847222222222222,synthetic_segment_002,1.0002286751960456,1.0000101914660275,0.9989599221643046,1.00105127467937,0.00021848373001809307
6.086805555555555,0.0868055555555555,synthetic_segment_002,0.9985329141282284,1.0000101914660275,0.9989069420370836,1.0010842016248824,-0.001477277337799121
6.088888888888889,0.0888888888888889,synthetic_segment_002,0.9997494466002296,1.0000101914660275,0.9989607797202849,1.0010902231499637,-0.0002607448657979683
6.090972222222222,0.0909722222222222,synthetic_segment_002,0.9996075457439718,1.0000101914660275,0.9989657415932818,1.0011030543635882,-0.0004026457220557278
6.093055555555556,0.0930555555555555,synthetic_segment_002,0.9993497443535404,1.0000101914660275,0.9989602631868131,1.001054462888454,-0.0006604471124871392
6.095138888888889,0.0951388888888888,synthetic_segment_002,1.0005122679269138,1.0000101914660275,0.9989302039667093,1.001113234279109,0.0005020764608862915
6.097222222222222,0.0972222222222222,synthetic_segment_002,1.0007841518687492,1.0000101914660275,0.9989374250722803,1.001055674804833,0.0007739604027217073
6.099305555555556,0.0993055555555555,synthetic_segment_002,1.000281260873655,1.0000101914660275,0.9989380638915666,1.0011142836061138,0.0002710694076275555
6.101388888888889,0.1013888888888888,synthetic_segment_002,1.0003754618007226,1.0000101914660275,0.9989268361646607,1.001085037632839,0.00036527033469502257
6.103472222222222,0.1034722222222221,synthetic_segment_002,1.0010107286270502,1.0000101914660275,0.9989440500413511,1.0010571133903419,0.0010005371610226632
6.105555555555555,0.1055555555555555,synthetic_segment_002,1.000013320715128,1.0000101914660275,0.9989179326030889,1.0010504635149442,3.129249100508602e-06
6.107638888888888,0.1076388888888888,synthetic_segment_002,0.9996371921729452,1.0000101914660275,0.9989381150415578,1.0010705312971167,-0.00037299929308232116
6.109722222222223,0.1097222222222221,synthetic_segment_002,0.9999773925929124,1.0000101914660275,0.9989233747205666,1.0010922403710287,-3.2798873115136296e-05
6.111805555555556,0.1118055555555556,synthetic_segment_002,1.0001846448646905,1.0000101914660275,0.9989852501372821,1.0010930778167095,0.00017445339866295484
6.113888888888889,0.1138888888888889,synthetic_segment_002,0.998893426888741,1.0000101914660275,0.9989287499186654,1.0010388557990981,-0.0011167645772864887
6.115972222222222,0.1159722222222222,synthetic_segment_002,0.9992717989620524,1.0000101914660275,0.9989827879140002,1.0010406057689616,-0.000738392503975116
6.118055555555555,0.1180555555555555,synthetic_segment_002,0.9998423836782818,1.0000101914660275,0.9988915012179275,1.0010781890798857,-0.0001678077877457218
6.120138888888889,0.1201388888888889,synthetic_segment_002,0.9999770693824792,1.0000101914660275,0.9989380701519137,1.0010711139482082,-3.312208354833146e-05
6.122222222222222,0.1222222222222222,synthetic_segment_002,0.999383383931322,1.0000101914660275,0.9989593810107318,1.0010526221381566,-0.0006268075347055646
6.124305555555556,0.1243055555555555,synthetic_segment_002,1.000734248903669,1.0000101914660275,0.9989566214624884,1.0010813360569017,0.0007240574376414788
6.126388888888889,0.1263888888888888,synthetic_segment_002,1.0004399689853385,1.0000101914660275,0.9989308452741812,1.0011115011346716,0.00042977751931094765
6.128472222222222,0.1284722222222222,synthetic_segment_002,1.000132822671009,1.0000101914660275,0.9989303016299287,1.0010228871365723,0.00012263120498134938
6.130555555555556,0.1305555555555555,synthetic_segment_002,1.0000892393593088,1.0000101914660275,0.9989440594018298,1.0010321603616728,7.904789328128103e-05
6.132638888888889,0.1326388888888888,synthetic_segment_002,0.9996380804183226,1.0000101914660275,0.9989648478597002,1.0010427545754452,-0.0003721110477049594
6.134722222222222,0.1347222222222221,synthetic_segment_002,0.9991292055573222,1.0000101914660275,0.9989479492838812,1.0010380361338762,-0.000880985908705334
6.136805555555555,0.1368055555555555,synthetic_segment_002,1.0003186082388142,1.0000101914660275,0.9989650467031642,1.0010617751045292,0.00030841677278670154
6.138888888888888,0.1388888888888888,synthetic_segment_002,1.0004314743485867,1.0000101914660275,0.9989476996884816,1.0010655387972478,0.0004212828825591597
6.140972222222223,0.1409722222222221,synthetic_segment_002,1.0000815573158777,1.0000101914660275,0.998918394664697,1.001065755321318,7.136584985012462e-05
6.143055555555556,0.1430555555555556,synthetic_segment_002,1.0003179866153369,1.0000101914660275,0.9989183438648812,1.0010991873345696,0.00030779514930934226
6.145138888888889,0.1451388888888889,synthetic_segment_002,1.00002396382477,1.0000101914660275,0.9989635426898543,1.001082156796007,1.3772358742558666e-05
6.147222222222222,0.1472222222222222,synthetic_segment_002,0.99947856287008,1.0000101914660275,0.9989831339654996,1.0011262508843901,-0.0005316285959475753
6.149305555555555,0.1493055555555555,synthetic_segment_002,0.999334947266086,1.0000101914660275,0.9989268695745491,1.0010940021890327,-0.0006752441999415826
6.851388888888889,-0.1486111111111112,synthetic_segment_002,0.9997516503116392,1.0000101914660275,0.9989064537785848,1.001107915429178,-0.000258541154388392
6.853472222222222,-0.146527777777778,synthetic_segment_002,1.0006480525177803,1.0000101914660275,0.9989333986093937,1.0010348056657832,0.0006378610517527861
6.855555555555555,-0.1444444444444443,synthetic_segment_002,1.0001614381319808,1.0000101914660275,0.998915702378837,1.0010885254271271,0.00015124666595323077
6.857638888888888,-0.1423611111111111,synthetic_segment_002,1.000058797265043,1.0000101914660275,0.9989872930994623,1.0011075501341917,4.860579901544426e-05
6.859722222222223,-0.1402777777777779,synthetic_segment_002,0.9995954276613102,1.0000101914660275,0.9989605928415068,1.0010839869456567,-0.0004147638047173885
6.861805555555556,-0.1381944444444442,synthetic_segment_002,1.0001151192367852,1.0000101914660275,0.998952596623007,1.0010398416344464,0.0001049277707576568
6.863888888888889,-0.136111111111111,synthetic_segment_002,1.0004151827975645,1.0000101914660275,0.9989561885294104,1.0010982254134086,0.00040499133153693023
6.865972222222222,-0.1340277777777778,synthetic_segment_002,1.000584395777668,1.0000101914660275,0.9989602660219624,1.0010668699384488,0.0005742043116403472
6.868055555555555,-0.1319444444444446,synthetic_segment_002,0.9991769264428868,1.0000101914660275,0.9989219131446616,1.001094584741276,-0.000833265023140739
6.870138888888889,-0.1298611111111109,synthetic_segment_002,1.0001143352996191,1.0000101914660275,0.99893269815935,1.001081408052411,0.00010414383359158563
6.872222222222222,-0.1277777777777777,synthetic_segment_002,1.0002874571655354,1.0000101914660275,0.9989281321990834,1.001116011017646,0.00027726569950781155
6.874305555555556,-0.1256944444444445,synthetic_segment_002,1.0000301564531302,1.0000101914660275,0.9989705533222428,1.0010505268127974,1.9964987102660814e-05
6.876388888888889,-0.1236111111111113,synthetic_segment_002,1.0007185550035531,1.0000101914660275,0.9989463476571167,1.001078906761207,0.0007083635375255692
6.878472222222222,-0.1215277777777776,synthetic_segment_002,1.0002864595298433,1.0000101914660275,0.9989299574105908,1.0010909582286553,0.0002762680638157544
6.880555555555556,-0.1194444444444444,synthetic_segment_002,0.99985689268381,1.0000101914660275,0.9989528891875226,1.0010946379828545,-0.0001532987822175924
6.882638888888889,-0.1173611111111112,synthetic_segment_002,0.9998871423554052,1.0000101914660275,0.9989819086992364,1.0010863846366225,-0.00012304911062233082
6.884722222222222,-0.115277777777778,synthetic_segment_002,1.000216132706258,1.0000101914660275,0.9989535110394484,1.0010769480958226,0.00020594124023043392
6.886805555555555,-0.1131944444444443,synthetic_segment_002,0.9992132282317456,1.0000101914660275,0.9989679008875183,1.0010885629303239,-0.0007969632342819111
6.888888888888888,-0.1111111111111111,synthetic_segment_002,1.000197937005922,1.0000101914660275,0.9989425069735306,1.001051332462108,0.00018774553989442389
6.890972222222223,-0.1090277777777779,synthetic_segment_002,1.0010143070054087,1.0000101914660275,0.998913814116657,1.0010632795853505,0.0010041155393811785
6.893055555555556,-0.1069444444444442,synthetic_segment_002,0.9990859949560974,1.0000101914660275,0.9989445117371184,1.0010805317643299,-0.0009241965099301419
6.895138888888889,-0.104861111111111,synthetic_segment_002,0.9990021122834352,1.0000101914660275,0.9989509968609888,1.001098388002319,-0.0010080791825923807
6.897222222222222,-0.1027777777777778,synthetic_segment_002,0.999971783970924,1.0000101914660275,0.998942627052103,1.0010653766345154,-3.840749510353181e-05
6.899305555555555,-0.1006944444444446,synthetic_segment_002,1.0002594509087053,1.0000101914660275,0.9989332220886696,1.00106871112836,0.0002492594426777295
6.901388888888889,-0.0986111111111109,synthetic_segment_002,1.0004066794202562,1.0000101914660275,0.99894262432197,1.001087730653329,0.00039648795422864147
6.903472222222222,-0.0965277777777777,synthetic_segment_002,1.001308588938732,1.0000101914660275,0.998916347484003,1.00105225665672,0.0012983974727045489
6.905555555555556,-0.0944444444444445,synthetic_segment_002,0.9990988054137458,1.0000101914660275,0.9989256845405377,1.0010761673505888,-0.000911386052281693
6.907638888888889,-0.0923611111111113,synthetic_segment_002,0.9997328642266124,1.0000101914660275,0.9989201479934442,1.0010740010933414,-0.00027732723941509274
6.909722222222222,-0.0902777777777776,synthetic_segment_002,1.0002433671170388,1.0000101914660275,0.9989288247092751,1.0010905069143972,0.0002331756510112193
6.911805555555556,-0.0881944444444444,synthetic_segment_002,0.99876587584891,1.0000101914660275,0.9989692327903305,1.0010644242156936,-0.001244315617117575
6.913888888888889,-0.0861111111111112,synthetic_segment_002,0.9995554924044712,1.0000101914660275,0.9989553379275204,1.0011137630407614,-0.00045469906155637396
6.915972222222222,-0.084027777777778,synthetic_segment_002,1.0000596481591562,1.0000101914660275,0.998950647558598,1.0011131143834262,4.945669312861334e-05
6.918055555555555,-0.0819444444444443,synthetic_segment_002,1.0000268864760309,1.0000101914660275,0.9989330957579324,1.0011038005428199,1.6695010003342503e-05
6.920138888888888,-0.0798611111111111,synthetic_segment_002,0.9998761375678372,1.0000101914660275,0.9988483746370036,1.00110720743318,-0.00013405389819032276
6.922222222222223,-0.0777777777777779,synthetic_segment_002,0.999260784114812,1.0000101914660275,0.9989523053573361,1.0011034919497979,-0.0007494073512155364
6.924305555555556,-0.0756944444444442,synthetic_segment_002,1.0008056465544823,1.0000101914660275,0.998979086736775,1.0010595618774831,0.0007954550884547995
6.926388888888889,-0.073611111111111,synthetic_segment_002,0.9989203802015582,1.0000101914660275,0.9989458974042768,1.0010911946576782,-0.001089811264469387
6.928472222222222,-0.0715277777777778,synthetic_segment_002,0.9993748953103636,1.0000101914660275,0.9989907232681586,1.0010968448102802,-0.0006352961556639336
6.930555555555555,-0.0694444444444446,synthetic_segment_002,0.9994390522557132,1.0000101914660275,0.9989143021935187,1.0010947315528493,-0.0005711392103143753
6.932638888888889,-0.0673611111111109,synthetic_segment_002,0.999698903695446,1.0000101914660275,0.998986736489262,1.0011125904877896,-0.00031128777058153645
6.934722222222222,-0.0652777777777777,synthetic_segment_002,1.0003677984495234,1.0000101914660275,0.9989530535226682,1.0011390953848611,0.00035760698349585063
6.936805555555556,-0.0631944444444445,synthetic_segment_002,1.000719854449902,1.0000101914660275,0.9989490013887163,1.0010968239046136,0.0007096629838745372
6.938888888888889,-0.0611111111111113,synthetic_segment_002,0.999616954239214,1.0000101914660275,0.9989504283458996,1.0011246195301662,-0.00039323722681350315
6.940972222222222,-0.0590277777777776,synthetic_segment_002,1.0002871699878852,1.0000101914660275,0.9989308814632821,1.0011042922659419,0.000276978521857707
6.943055555555556,-0.0569444444444444,synthetic_segment_002,0.999380816098474,1.0000101914660275,0.9989194196412057,1.0010935394150393,-0.0006293753675535863
6.945138888888889,-0.0548611111111112,synthetic_segment_002,0.9997853663179672,1.0000101914660275,0.9989148063962546,1.0011254893436743,-0.00022482514806032583
6.947222222222222,-0.052777777777778,synthetic_segment_002,0.9994198232934716,1.0000101914660275,0.9989577950366307,1.0010849769529269,-0.0005903681725559773
6.949305555555555,-0.0506944444444443,synthetic_segment_002,1.0008631912338544,1.0000101914660275,0.9989356416784514,1.0010836575278732,0.0008529997678268231
6.951388888888888,-0.0486111111111111,synthetic_segment_002,1.0003967102764515,1.0000101914660275,0.9989410847657404,1.0010855929223808,0.00038651881042395253
6.953472222222223,-0.0465277777777779,synthetic_segment_002,0.9995388827789644,1.0000101914660275,0.9989428769294842,1.0011189372407752,-0.0004713086870631322
6.955555555555556,-0.0444444444444442,synthetic_segment_002,0.9992859979867252,1.0000101914660275,0.9989233533111651,1.0010848001386354,-0.0007241934793023042
6.957638888888889,-0.042361111111111,synthetic_segment_002,1.0001249713113225,1.0000101914660275,0.998951850652529,1.0010986856636483,0.00011477984529495444
6.959722222222222,-0.0402777777777778,synthetic_segment_002,1.000525416000699,1.0000101914660275,0.9989444186690923,1.0010710143372716,0.0005152245346715656
6.961805555555555,-0.0381944444444446,synthetic_segment_002,1.0006259072167116,1.0000101914660275,0.9988930341472978,1.0010490135325225,0.0006157157506840871
6.963888888888889,-0.0361111111111109,synthetic_segment_002,0.9995905218399495,1.0000101914660275,0.9989227585604421,1.001082727696553,-0.00041966962607808966
6.965972222222222,-0.0340277777777777,synthetic_segment_002,1.0004588345637393,1.0000101914660275,0.9989243879843323,1.0011077933787738,0.0004486430977117539
6.968055555555556,-0.0319444444444445,synthetic_segment_002,1.000626258048644,1.0000101914660275,0.998924742593564,1.001096188079283,0.0006160665826164813
6.970138888888889,-0.0298611111111113,synthetic_segment_002,1.000804404971016,1.0000101914660275,0.9989082186088195,1.0011061200927847,0.000794213504988539
6.972222222222222,-0.0277777777777776,synthetic_segment_002,0.999631072775926,1.0000101914660275,0.9989224702976456,1.0011054799720567,-0.0003791186901015431
6.974305555555556,-0.0256944444444444,synthetic_segment_002,0.999739924891653,1.0000101914660275,0.9989789926593723,1.001096936280161,-0.0002702665743745669
6.976388888888889,-0.0236111111111112,synthetic_segment_002,0.9995959407476388,1.0000101454189403,0.9989403788323804,1.0011113759766417,-0.00041420467130148797
6.978472222222222,-0.021527777777778,synthetic_segment_002,0.9989621139985592,0.9994924563933589,0.998362220630865,1.000632618904435,-0.0005303423947997654
6.980555555555555,-0.0194444444444443,synthetic_segment_002,0.9963022854687164,0.9968790371663268,0.9957464196392279,0.998015681997116,-0.0005767516976104003
6.982638888888888,-0.0173611111111111,synthetic_segment_002,0.9954170771546934,0.9956753292305376,0.9945582818849212,0.9967703913494769,-0.00025825207584417864
6.984722222222223,-0.0152777777777779,synthetic_segment_002,0.9954307401528644,0.9952476562280386,0.9941686123417967,0.9963222976563355,0.00018308392482579983
6.986805555555556,-0.0131944444444442,synthetic_segment_002,0.9946606819340256,0.994992817269119,0.9939244857231812,0.9960779829269746,-0.00033213533509346416
6.988888888888889,-0.011111111111111,synthetic_segment_002,0.9937828118141424,0.9948295114893945,0.9937545431534217,0.9958958930881354,-0.0010466996752520608
6.990972222222222,-0.0090277777777778,synthetic_segment_002,0.9954675431316646,0.9947221436390556,0.9936254227423162,0.9958624196982854,0.0007453994926089891
6.993055555555555,-0.0069444444444446,synthetic_segment_002,0.9951592752100656,0.9946513982510233,0.993560118624649,0.9957597812938961,0.0005078769590423082
6.995138888888889,-0.0048611111111109,synthetic_segment_002,0.9948488553424426,0.994605749491519,0.9935228831054367,0.9957051833909109,0.00024310585092357506
6.997222222222222,-0.0027777777777777,synthetic_segment_002,0.9948528120102476,0.9945780947871624,0.9934955047658984,0.9956514730239168,0.00027471722308514135
6.999305555555556,-0.0006944444444445,synthetic_segment_002,0.9936216051825468,0.9945642020997608,0.9934944233896847,0.9956715976139783,-0.0009425969172139892
7.001388888888889,0.0013888888888888,synthetic_segment_002,0.9943289610430718,0.9945619528883958,0.9934564960316853,0.9956774039641513,-0.0002329918453239932
7.003472222222222,0.0034722222222223,synthetic_segment_002,0.9939329889155074,0.9945710070313115,0.9934627471494498,0.9956681170695039,-0.0006380181158041065
7.005555555555556,0.0055555555555555,synthetic_segment_002,0.9950308521048772,0.9945927516299425,0.9934919791657405,0.9957142981525999,0.000438100474934644
7.007638888888889,0.0076388888888889,synthetic_segment_002,0.9952389537533138,0.9946305141293407,0.9935362380877955,0.9957318706187931,0.0006084396239731671
7.009722222222222,0.0097222222222221,synthetic_segment_002,0.9960098759371044,0.9946901238338792,0.9936005012660293,0.9957766148304875,0.0013197521032252135
7.011805555555556,0.0118055555555556,synthetic_segment_002,0.9940892442330558,0.9947810765114358,0.9937058343180826,0.9958984223619401,-0.0006918322783799891
7.013888888888888,0.013888888888889,synthetic_segment_002,0.9946724652320834,0.994918974901513,0.9938526768857967,0.995984609472035,-0.0002465096694296287
7.015972222222223,0.0159722222222222,synthetic_segment_002,0.995702129969502,0.9951312492197446,0.994019821590432,0.9962113988301919,0.0005708807497574186
7.018055555555556,0.0180555555555557,synthetic_segment_002,0.9947153638055622,0.995473997916887,0.9943568120651793,0.9965997562899905,-0.0007586341113247075
7.020138888888889,0.0201388888888889,synthetic_segment_002,0.9955360259880026,0.9961562543609142,0.995040176145315,0.9972503337132564,-0.0006202283729115354
7.022222222222222,0.0222222222222223,synthetic_segment_002,0.998373638763517,0.9985433697154382,0.9973847546758321,0.9997086708615706,-0.0001697309519211876
7.024305555555555,0.0243055555555555,synthetic_segment_002,0.9993806232368676,0.9999995302552868,0.9988913931219168,1.001098694410691,-0.000618907018419157
7.026388888888889,0.026388888888889,synthetic_segment_002,1.0004632528360942,1.0000101914660275,0.9989236115336069,1.0011226613143736,0.00045306137006662084
7.028472222222222,0.0284722222222222,synthetic_segment_002,0.9995436126123912,1.0000101914660275,0.9989560835989558,1.0010962436885202,-0.00046657885363632357
7.030555555555556,0.0305555555555556,synthetic_segment_002,1.0000041801126769,1.0000101914660275,0.998928006220468,1.0011300335910067,-6.0113533506545025e-06
7.032638888888889,0.0326388888888888,synthetic_segment_002,0.9997689794671996,1.0000101914660275,0.9989301162814658,1.0011096395602805,-0.00024121199882798372
7.034722222222222,0.0347222222222223,synthetic_segment_002,0.99994565571139,1.0000101914660275,0.9989171305226491,1.0011077495814553,-6.453575463749583e-05
7.036805555555556,0.0368055555555555,synthetic_segment_002,0.9992361699022914,1.0000101914660275,0.9988912400662945,1.0010982197831129,-0.0007740215637361825
7.038888888888889,0.0388888888888889,synthetic_segment_002,1.0001685845293635,1.0000101914660275,0.9989175168777391,1.001096820326413,0.00015839306333598202
7.040972222222222,0.0409722222222221,synthetic_segment_002,0.9997904135761676,1.0000101914660275,0.9989715001813455,1.001072653808883,-0.00021977788985994007
7.043055555555556,0.0430555555555556,synthetic_segment_002,0.9998932492615656,1.0000101914660275,0.9989713236617138,1.0010959658956495,-0.00011694220446190062
7.045138888888888,0.045138888888889,synthetic_segment_002,0.9992468802802172,1.0000101914660275,0.9989205741218614,1.00107026211436,-0.0007633111858103003
7.047222222222223,0.0472222222222222,synthetic_segment_002,0.9997499752749098,1.0000101914660275,0.9989232423682709,1.0010722638607918,-0.00026021619111771255
7.049305555555556,0.0493055555555557,synthetic_segment_002,1.0003222510734215,1.0000101914660275,0.998954337147431,1.001117261212155,0.00031205960739399963
7.051388888888889,0.0513888888888889,synthetic_segment_002,1.0007364074846306,1.0000101914660275,0.9989200032962198,1.001086846013647,0.0007262160186030098
7.053472222222222,0.0534722222222223,synthetic_segment_002,0.9995767738340589,1.0000101914660275,0.9989128448879022,1.0011265043215893,-0.0004334176319686911
7.055555555555555,0.0555555555555555,synthetic_segment_002,1.0012678672233934,1.0000101914660275,0.9989372897677763,1.0010606453669348,0.0012576757573659059
7.057638888888889,0.057638888888889,synthetic_segment_002,0.9999465482310168,1.0000101914660275,0.9989130864197315,1.0011085000269102,-6.364323501073521e-05
7.059722222222222,0.0597222222222222,synthetic_segment_002,1.000229180878471,1.0000101914660275,0.9989039533743089,1.0010833963283303,0.00021898941244336
7.061805555555556,0.0618055555555556,synthetic_segment_002,1.0006611086024928,1.0000101914660275,0.998946510613719,1.0010967184328798,0.0006509171364652566
7.063888888888889,0.0638888888888888,synthetic_segment_002,1.0003664784619588,1.0000101914660275,0.9989201374474261,1.0010856772292311,0.00035628699593126534
7.065972222222222,0.0659722222222223,synthetic_segment_002,1.0004720139303416,1.0000101914660275,0.9989222646701633,1.0011002617951268,0.0004618224643140323
7.068055555555556,0.0680555555555555,synthetic_segment_002,1.000666889396182,1.0000101914660275,0.998924495985213,1.0010551223939388,0.0006566979301545484
7.070138888888889,0.0701388888888889,synthetic_segment_002,0.9991769698733276,1.0000101914660275,0.99893544774667,1.0011235507114777,-0.0008332215926999398
7.072222222222222,0.0722222222222221,synthetic_segment_002,0.999841701573792,1.0000101914660275,0.99892845205001,1.001105413050697,-0.0001684898922355016
7.074305555555556,0.0743055555555556,synthetic_segment_002,0.9998910407660972,1.0000101914660275,0.998900349251525,1.0010569738925246,-0.0001191506999302927
7.076388888888888,0.076388888888889,synthetic_segment_002,0.9987620253936392,1.0000101914660275,0.998941167902832,1.001062575685734,-0.0012481660723883126
7.078472222222223,0.0784722222222222,synthetic_segment_002,1.0002935516539095,1.0000101914660275,0.9989199968564098,1.0010751744183088,0.000283360187881998
7.080555555555556,0.0805555555555557,synthetic_segment_002,1.0004254485509212,1.0000101914660275,0.9989327450204831,1.0010782187763598,0.0004152570848936499
7.082638888888889,0.0826388888888889,synthetic_segment_002,1.0006565901167106,1.0000101914660275,0.9989122978301218,1.0010879564760045,0.0006463986506830555
7.084722222222222,0.0847222222222223,synthetic_segment_002,1.001248188296738,1.0000101914660275,0.9989074320206844,1.0010775964025505,0.0012379968307103528
7.086805555555555,0.0868055555555555,synthetic_segment_002,0.99980707732812,1.0000101914660275,0.9989338896942263,1.0010801115170604,-0.00020311413790752297
7.088888888888889,0.088888888888889,synthetic_segment_002,0.9995298749004627,1.0000101914660275,0.9989258525239262,1.0011029937553972,-0.00048031656556479785
7.090972222222222,0.0909722222222222,synthetic_segment_002,0.9991006136303756,1.0000101914660275,0.998909101330166,1.0011375881317117,-0.0009095778356519313
7.093055555555556,0.0930555555555556,synthetic_segment_002,0.998680378909668,1.0000101914660275,0.9989089312253707,1.0011077663350851,-0.0013298125563595553
7.095138888888889,0.0951388888888888,synthetic_segment_002,1.0003453727564413,1.0000101914660275,0.9989375390778963,1.001079071004342,0.0003351812904137663
7.097222222222222,0.0972222222222223,synthetic_segment_002,1.0000498211928173,1.0000101914660275,0.9988931528145849,1.0010943119313365,3.9629726789724984e-05
7.099305555555556,0.0993055555555555,synthetic_segment_002,0.9997060266893364,1.0000101914660275,0.9989117674187661,1.001108571676284,-0.0003041647766911515
7.101388888888889,0.1013888888888889,synthetic_segment_002,0.9998806937465604,1.0000101914660275,0.998906100040277,1.0011145517421725,-0.00012949771946713096
7.103472222222222,0.1034722222222221,synthetic_segment_002,0.9986376390587428,1.0000101914660275,0.9989150381215876,1.0011328281065877,-0.0013725524072847328
7.105555555555556,0.1055555555555556,synthetic_segment_002,1.0000414044481645,1.0000101914660275,0.9989303590750503,1.001078534989767,3.121298213693002e-05
7.107638888888888,0.107638888888889,synthetic_segment_002,1.0005077923977086,1.0000101914660275,0.9989264060550846,1.001101082405157,0.0004976009316810526
7.109722222222223,0.1097222222222222,synthetic_segment_002,0.9999604050192068,1.0000101914660275,0.9989479936916665,1.0011384691802516,-4.978644682074318e-05
7.111805555555556,0.1118055555555557,synthetic_segment_002,1.0002785392965798,1.0000101914660275,0.9989437216302052,1.0010968358683265,0.0002683478305522957
7.113888888888889,0.1138888888888889,synthetic_segment_002,0.9996024541141492,1.0000101914660275,0.9989347295775888,1.001055431061105,-0.0004077373518783789
7.115972222222222,0.1159722222222223,synthetic_segment_002,0.9984025879822348,1.0000101914660275,0.9989380467928218,1.0011367355617935,-0.001607603483792741
7.118055555555555,0.1180555555555555,synthetic_segment_002,1.0004836739430576,1.0000101914660275,0.998878163128258,1.001111133529265,0.00047348247703005164
7.120138888888889,0.120138888888889,synthetic_segment_002,1.0005127808284198,1.0000101914660275,0.9988784084746002,1.0010835953370298,0.0005025893623922251
7.122222222222222,0.1222222222222222,synthetic_segment_002,0.998526412555574,1.0000101914660275,0.9988792386434513,1.0010910700425653,-0.0014837789104535926
7.124305555555556,0.1243055555555556,synthetic_segment_002,1.000504925978278,1.0000101914660275,0.9989095518094044,1.0011178263092022,0.0004947345122503499
7.126388888888889,0.1263888888888888,synthetic_segment_002,1.0003751807178347,1.0000101914660275,0.9989198266280778,1.0010948423145223,0.00036498925180716846
7.128472222222222,0.1284722222222223,synthetic_segment_002,0.9995604641166516,1.0000101914660275,0.9989361995542252,1.0011469606768892,-0.00044972734937598347
7.130555555555556,0.1305555555555555,synthetic_segment_002,0.999800902524528,1.0000101914660275,0.9989142536985267,1.001132285901281,-0.00020928894149951915
7.132638888888889,0.1326388888888889,synthetic_segment_002,0.9985718504818448,1.0000101914660275,0.9989576146962428,1.001102131195398,-0.0014383409841827177
7.134722222222222,0.1347222222222221,synthetic_segment_002,0.9995382218636006,1.0000101914660275,0.9989544325933122,1.001127726859517,-0.00047196960242690267
7.136805555555556,0.1368055555555556,synthetic_segment_002,0.9999004235059435,1.0000101914660275,0.9989613098460149,1.0011394406977032,-0.00010976796008399514
7.138888888888888,0.138888888888889,synthetic_segment_002,1.000113679207168,1.0000101914660275,0.9989058073653253,1.0010843422667999,0.00010348774114055104
7.140972222222223,0.1409722222222222,synthetic_segment_002,0.9993576691039648,1.0000101914660275,0.9989060597340731,1.0011254456192153,-0.0006525223620627019
7.143055555555556,0.1430555555555557,synthetic_segment_002,1.0016388100125837,1.0000101914660275,0.9989338293041037,1.001164376731368,0.0016286185465561598
7.145138888888889,0.1451388888888889,synthetic_segment_002,1.00026353267402,1.0000101914660275,0.9989355201077618,1.0010870616643444,0.0002533412079923636
7.147222222222222,0.1472222222222223,synthetic_segment_002,1.0000014686344507,1.0000101914660275,0.9989282803822156,1.0011681069596368,-8.722831576823964e-06
7.149305555555555,0.1493055555555555,synthetic_segment_002,0.9995401969268362,1.0000101914660275,0.998902431165292,1.001140128398028,-0.00046999453919138734
