time,phase,segment_id,observed,posterior_mean,predictive_q03,predictive_q97,residual
126.52637990386576,-0.2991670223340492,kepler_4_b:kplr011853905-2009131105131_llc.fits,1.0000207424163818,0.9999979369067034,0.9998111866985558,1.0001986111163184,2.2805509678480718e-05
232.5780694199493,-0.2985520642504802,kepler_4_b:kplr011853905-2009259160929_llc.fits,0.9999486207962036,0.9999979369067034,0.9998081047697048,1.0001930206426768,-4.931611049974194e-05
197.22804814422847,-0.2982151539712723,kepler_4_b:kplr011853905-2009259160929_llc.fits,1.000040888786316,0.9999979369067034,0.9998092882949822,1.0001935900801673,4.295187961256275e-05
255.07508246317596,-0.2972215030238498,kepler_4_b:kplr011853905-2009259160929_llc.fits,1.0000441074371338,0.9999979369067034,0.999815392280264,1.0001820860794073,4.617053043043384e-05
149.02439844160108,-0.2968309665987172,kepler_4_b:kplr011853905-2009166043257_llc.fits,0.99997478723526,0.9999979369067034,0.9998047682323812,1.0001949350833683,-2.3149671443345454e-05
219.72544595535143,-0.296499824848335,kepler_4_b:kplr011853905-2009259160929_llc.fits,0.999963641166687,0.9999979369067034,0.9998101560030013,1.000186275880766,-3.42957400163435e-05
184.3751994361228,-0.2963881580770115,kepler_4_b:kplr011853905-2009259160929_llc.fits,0.9998521208763121,0.9999979369067034,0.9998117964392856,1.0001922346909868,-0.00014581603039121038
136.17131920112297,-0.295234503076825,kepler_4_b:kplr011853905-2009166043257_llc.fits,0.9999539256095886,0.9999979369067034,0.9998013431835935,1.000190709635892,-4.401129711473217e-05
242.22259307445347,-0.2950351877463248,kepler_4_b:kplr011853905-2009259160929_llc.fits,0.9999622106552124,0.9999979369067034,0.999804123434603,1.000175222033114,-3.5726251490952876e-05
171.52227588868118,-0.2946360015186171,kepler_4_b:kplr011853905-2009259160929_llc.fits,0.999925673007965,0.9999979369067034,0.9998106855841606,1.0001841879002697,-7.226389873837835e-05
206.8727404460005,-0.2945296301992612,kepler_4_b:kplr011853905-2009259160929_llc.fits,0.9999375343322752,0.9999979369067034,0.9998060038508244,1.0001796491170334,-6.040257442818664e-05
123.31820875144332,-0.2936692487564869,kepler_4_b:kplr011853905-2009131105131_llc.fits,0.9998950362205504,0.9999979369067034,0.9998034183252533,1.0001875692279028,-0.00010290068615292913
158.66928704440215,-0.2929491417976424,kepler_4_b:kplr011853905-2009166043257_llc.fits,1.0000790357589722,0.9999979369067034,0.9998096046298037,1.0001853029929295,8.109885226881275e-05
229.3700294610753,-0.2929230971244767,kepler_4_b:kplr011853905-2009259160929_llc.fits,1.000058650970459,0.9999979369067034,0.9998109600339022,1.0001864784859287,6.0714063755629155e-05
251.86707491607376,-0.2915601241260199,kepler_4_b:kplr011853905-2009259160929_llc.fits,0.9999772310256958,0.9999979369067034,0.9998111667988473,1.0001803080524163,-2.070588100755444e-05
145.81624093456776,-0.2913195476320373,kepler_4_b:kplr011853905-2009166043257_llc.fits,0.9999727606773376,0.9999979369067034,0.9998077363588559,1.0001932462456846,-2.5176229365708735e-05
216.51738568165456,-0.2908911725452363,kepler_4_b:kplr011853905-2009259160929_llc.fits,0.9999302625656128,0.9999979369067034,0.9998196843777737,1.0001825314181678,-6.767434109056225e-05
181.1670841141531,-0.2908345540466832,kepler_4_b:kplr011853905-2009259160929_llc.fits,1.0001293420791626,0.9999979369067034,0.9998117113881804,1.0001870818781171,0.00013140517245924244
132.96315233499627,-0.2897324432035282,kepler_4_b:kplr011853905-2009166043257_llc.fits,1.0000262260437012,0.9999979369067034,0.9998044850308574,1.0001920025936728,2.8289136997816655e-05
239.01456779683213,-0.2893915393676704,kepler_4_b:kplr011853905-2009259160929_llc.fits,0.999973177909851,0.9999979369067034,0.9998153006477235,1.0001828178554815,-2.4758996852392023e-05
203.66465933337892,-0.2889418168208461,kepler_4_b:kplr011853905-2009259160929_llc.fits,0.9999957680702208,0.9999979369067034,0.9998128478220071,1.0001824222124711,-2.1688364825189765e-06
155.46113880251505,-0.2874284576847443,kepler_4_b:kplr011853905-2009166043257_llc.fits,1.0000298023223877,0.9999979369067034,0.9998016407095421,1.0001933148150102,3.186541568434009e-05
190.81185041440767,-0.2870750317921235,kepler_4_b:kplr011853905-2009259160929_llc.fits,1.000033617019653,0.9999979369067034,0.9998087829336227,1.0001850360694446,3.568011294974305e-05
248.65906316707697,-0.2859029471228302,kepler_4_b:kplr011853905-2009259160929_llc.fits,1.000129222869873,0.9999979369067034,0.9998164303877437,1.0001885648551605,0.00013128596316969166
142.6080807709368,-0.2858107852630016,kepler_4_b:kplr011853905-2009166043257_llc.fits,0.9999653100967408,0.9999979369067034,0.9998106082474365,1.0001872389903426,-3.262680996252154e-05
213.30932002863847,-0.2852878995613286,kepler_4_b:kplr011853905-2009259160929_llc.fits,1.000030279159546,0.9999979369067034,0.9998079728551184,1.000179514526359,3.234225284254322e-05
177.95896372381685,-0.2852860183829453,kepler_4_b:kplr011853905-2009259160929_llc.fits,0.9999170303344725,0.9999979369067034,0.999809503110028,1.0001985764411543,-8.090657223080999e-05
129.75498415558832,-0.2842316966114768,kepler_4_b:kplr011853905-2009131105131_llc.fits,1.0000253915786743,0.9999979369067034,0.9998155367646614,1.0001917893834757,2.7454671970961186e-05
235.80653766690372,-0.2837527432960451,kepler_4_b:kplr011853905-2009259160929_llc.fits,0.9999901056289672,0.9999979369067034,0.9998058711329727,1.000185687992275,-7.831277736181086e-06
258.30351901501854,-0.2824538771812441,kepler_4_b:kplr011853905-2009259160929_llc.fits,0.999903380870819,0.9999979369067034,0.999809892341483,1.000183914557012,-9.455603588437445e-05
152.25298727387417,-0.2819110603256274,kepler_4_b:kplr011853905-2009166043257_llc.fits,0.999881625175476,0.9999979369067034,0.9998070719280339,1.0001834688246167,-0.00011631173122739202
187.6037443916939,-0.2815121285058876,kepler_4_b:kplr011853905-2009259160929_llc.fits,1.000056266784668,0.9999979369067034,0.9998117461859596,1.0001759087103668,5.832987796461353e-05
139.39991817585542,-0.2803044543443775,kepler_4_b:kplr011853905-2009166043257_llc.fits,1.000125288963318,0.9999979369067034,0.9998037312702516,1.0001943972888352,0.00012735205661473792
245.4510469583256,-0.2802502298741902,kepler_4_b:kplr011853905-2009259160929_llc.fits,0.999999463558197,0.9999979369067034,0.9998164067008296,1.0001837680412122,1.5266514936662645e-06
174.75083898990852,-0.27974182629128,kepler_4_b:kplr011853905-2009259160929_llc.fits,0.999963641166687,0.9999979369067034,0.9998113900964135,1.0001840092509613,-3.42957400163435e-05
210.10124988955067,-0.2796891126491234,kepler_4_b:kplr011853905-2009259160929_llc.fits,0.9999858736991882,0.9999979369067034,0.9998114517948401,1.000185769873573,-1.2063207515122798e-05
126.5468140146986,-0.2787329115011829,kepler_4_b:kplr011853905-2009131105131_llc.fits,0.9999899864196776,0.9999979369067034,0.9998051991531742,1.0001871181923965,-7.950487025731867e-06
232.59850278269005,-0.2781187015097479,kepler_4_b:kplr011853905-2009259160929_llc.fits,0.9999111294746398,0.9999979369067034,0.9998094484541811,1.0001834535951681,-8.680743206357366e-05
197.24848176622615,-0.2777815319736183,kepler_4_b:kplr011853905-2009259160929_llc.fits,1.0000580549240112,0.9999979369067034,0.9998109506391445,1.0001849177004372,6.011801730787525e-05
255.09551552289489,-0.2767884433049243,kepler_4_b:kplr011853905-2009259160929_llc.fits,0.9999831318855285,0.9999979369067034,0.9998074861889629,1.000194378232807,-1.4805021174901789e-05
149.0448324599929,-0.2763969482068924,kepler_4_b:kplr011853905-2009166043257_llc.fits,1.0000215768814087,0.9999979369067034,0.9998046246550395,1.0001906236068698,2.3639974705336186e-05
219.74587934754527,-0.2760664326545263,kepler_4_b:kplr011853905-2009259160929_llc.fits,0.9999024868011473,0.9999979369067034,0.99981619972551,1.0001848364765011,-9.54501055560053e-05
136.1917533815722,-0.2748003226275963,kepler_4_b:kplr011853905-2009166043257_llc.fits,1.0001300573349,0.9999979369067034,0.9998135121911853,1.0001914393618057,0.00013212042819654712
242.24302634523335,-0.2746019169664208,kepler_4_b:kplr011853905-2009259160929_llc.fits,0.9998613595962524,0.9999979369067034,0.9998068683202038,1.0001797869044668,-0.00013657731045091381
171.54270984817413,-0.2742020420256692,kepler_4_b:kplr011853905-2009259160929_llc.fits,0.9999489784240722,0.9999979369067034,0.9998057766507116,1.0001872795820503,-4.895848263120062e-05
206.89317407045016,-0.2740960057496095,kepler_4_b:kplr011853905-2009259160929_llc.fits,1.0000702142715454,0.9999979369067034,0.9998093222101947,1.0001971884108412,7.227736484205494e-05
123.33864286902826,-0.2732351311715319,kepler_4_b:kplr011853905-2009131105131_llc.fits,0.9999707341194152,0.9999979369067034,0.9998085356979765,1.0001965634325858,-2.720278728818304e-05
158.68972100191604,-0.2725151842837549,kepler_4_b:kplr011853905-2009166043257_llc.fits,0.9999151229858398,0.9999979369067034,0.9998027813013542,1.0001868819347755,-8.281392086351147e-05
229.3904629557146,-0.2724896024851848,kepler_4_b:kplr011853905-2009259160929_llc.fits,0.9999934434890748,0.9999979369067034,0.999806053856524,1.0001830651344201,-4.493417628537166e-06
194.04038551251145,-0.2722088596883753,kepler_4_b:kplr011853905-2009259160929_llc.fits,1.000038981437683,0.9999979369067034,0.9998114018646861,1.0001842549937423,4.104453097975025e-05
251.88750800210252,-0.2711270380972317,kepler_4_b:kplr011853905-2009259160929_llc.fits,0.9999825358390808,0.9999979369067034,0.9998091801631205,1.00017875991099,-1.5401067622544673e-05
145.8366749706547,-0.2708855115450836,kepler_4_b:kplr011853905-2009166043257_llc.fits,0.9999738931655884,0.9999979369067034,0.9998146393035835,1.0001856239963995,-2.4043741114976314e-05
216.53781910691032,-0.2704577472894762,kepler_4_b:kplr011853905-2009259160929_llc.fits,0.9999197125434875,0.9999979369067034,0.9998143939113167,1.0001814053296358,-7.822436321580639e-05
181.1875178900591,-0.2704007781406978,kepler_4_b:kplr011853905-2009259160929_llc.fits,0.999980330467224,0.9999979369067034,0.9998170918267151,1.0001851885549327,-1.760643947934515e-05
132.9835866270878,-0.2692981511120058,kepler_4_b:kplr011853905-2009166043257_llc.fits,1.0000388622283936,0.9999979369067034,0.9998089342515883,1.0001908289944414,4.092532169019947e-05
239.03500109741435,-0.2689582387854441,kepler_4_b:kplr011853905-2009259160929_llc.fits,0.9999074339866638,0.9999979369067034,0.9998066940974725,1.0001877997438318,-9.050292003953686e-05
203.6850929904249,-0.2685081597749043,kepler_4_b:kplr011853905-2009259160929_llc.fits,0.9999284148216248,0.9999979369067034,0.9998183654230755,1.000183236842443,-6.952208507859936e-05
155.48157278144936,-0.2669944787504376,kepler_4_b:kplr011853905-2009166043257_llc.fits,1.0000293254852295,0.9999979369067034,0.999807640238618,1.0001921926749406,3.138857852613697e-05
226.18241791100445,-0.266865721195346,kepler_4_b:kplr011853905-2009259160929_llc.fits,0.99990713596344,0.9999979369067034,0.9998064520285604,1.000186601264613,-9.080094326330279e-05
190.8322842997368,-0.2666411464630116,kepler_4_b:kplr011853905-2009259160929_llc.fits,0.9999138712882996,0.9999979369067034,0.9998095509248168,1.000195716880022,-8.406561840379467e-05
248.67949628057977,-0.265469833620026,kepler_4_b:kplr011853905-2009259160929_llc.fits,1.0000025033950806,0.9999979369067034,0.9998167348198365,1.0001881451114327,4.566488377211186e-06
142.62851482320548,-0.2653767329943181,kepler_4_b:kplr011853905-2009166043257_llc.fits,0.9998316168785096,0.9999979369067034,0.9998029507117089,1.0001874742789845,-0.0001663200281937227
213.3297536869577,-0.2648542412420942,kepler_4_b:kplr011853905-2009259160929_llc.fits,0.9999192357063292,0.9999979369067034,0.9998131536045992,1.0001906269447058,-7.870120037412054e-05
177.97939762836177,-0.2648521138380293,kepler_4_b:kplr011853905-2009259160929_llc.fits,1.0000330209732056,0.9999979369067034,0.9998104284736821,1.000183683959735,3.5084066502211186e-05
129.77541835779994,-0.2637974943998588,kepler_4_b:kplr011853905-2009131105131_llc.fits,1.0001165866851809,0.9999979369067034,0.9998093940150922,1.0001875597044807,0.00011864977847753089
235.8269710984532,-0.2633193117465817,kepler_4_b:kplr011853905-2009259160929_llc.fits,1.0001055002212524,0.9999979369067034,0.9998113381986317,1.0001768786203522,0.00010756331454908619
200.47700678160615,-0.2629254425936176,kepler_4_b:kplr011853905-2009259160929_llc.fits,1.0000174045562744,0.9999979369067034,0.9998118637953642,1.0001878930876027,1.9467649571058843e-05
258.3239522495933,-0.2620206426065052,kepler_4_b:kplr011853905-2009259160929_llc.fits,0.9999338388442992,0.9999979369067034,0.9998160676698226,1.000181694973978,-6.409806240414984e-05
152.27342127318116,-0.2614770610186394,kepler_4_b:kplr011853905-2009166043257_llc.fits,0.9998910427093504,0.9999979369067034,0.9998051979892649,1.00019638978189,-0.00010689419735299133
222.97436798802664,-0.261246718173153,kepler_4_b:kplr011853905-2009259160929_llc.fits,0.9999340176582336,0.9999979369067034,0.999811450208029,1.0001834808034684,-6.391924846971264e-05
187.6241781077624,-0.2610784124373777,kepler_4_b:kplr011853905-2009259160929_llc.fits,0.9999150037765502,0.9999979369067034,0.9998064959597781,1.000181856869323,-8.293313015317327e-05
139.42035224290885,-0.2598703872909482,kepler_4_b:kplr011853905-2009166043257_llc.fits,0.9999494552612304,0.9999979369067034,0.9998107982696712,1.0001963221895658,-4.848164547299749e-05
245.47148020000168,-0.2598169881981167,kepler_4_b:kplr011853905-2009259160929_llc.fits,0.999999225139618,0.9999979369067034,0.9998134441981704,1.0001920007011542,1.2882329146757243e-06
174.7712729223931,-0.2593078938066868,kepler_4_b:kplr011853905-2009259160929_llc.fits,0.9998405575752258,0.9999979369067034,0.9998042408574309,1.0001884430833174,-0.00015737933147752514
210.12168348070557,-0.2592555214942537,kepler_4_b:kplr011853905-2009259160929_llc.fits,1.0000487565994265,0.9999979369067034,0.9998171632602199,1.0001865415297266,5.0819692723136356e-05
126.56724832540932,-0.258298600790485,kepler_4_b:kplr011853905-2009131105131_llc.fits,1.0000936985015867,0.9999979369067034,0.9997953148696757,1.0001903457087908,9.57615948833368e-05
232.61893614543808,-0.2576853387617397,kepler_4_b:kplr011853905-2009259160929_llc.fits,0.9999490976333618,0.9999979369067034,0.9998175048241573,1.0001896058988375,-4.8839273341538814e-05
197.2689155879998,-0.2573477101999961,kepler_4_b:kplr011853905-2009259160929_llc.fits,0.9999574422836304,0.9999979369067034,0.9998126494704597,1.0001921294488456,-4.0494623072984126e-05
255.11594878261528,-0.2563551835844759,kepler_4_b:kplr011853905-2009259160929_llc.fits,0.9999496340751648,0.9999979369067034,0.9998147694214325,1.0001855457440285,-4.83028315385603e-05
149.06526667839353,-0.2559627298062687,kepler_4_b:kplr011853905-2009166043257_llc.fits,1.0000547170639038,0.9999979369067034,0.999806521618427,1.0001858561230332,5.6780157200453374e-05
219.76631293951505,-0.2556328406847494,kepler_4_b:kplr011853905-2009259160929_llc.fits,0.9998653531074524,0.9999979369067034,0.999815028693799,1.000185217288095,-0.00013258379925096264
184.4160672287908,-0.2555203654090159,kepler_4_b:kplr011853905-2009259160929_llc.fits,0.9998927116394044,0.9999979369067034,0.9998050359000028,1.000184317832927,-0.00010522526729894732
136.21218746178056,-0.2543662424192356,kepler_4_b:kplr011853905-2009166043257_llc.fits,1.0000214576721191,0.9999979369067034,0.9998089592914672,1.0001904046306171,2.3520765415785405e-05
242.26345961601328,-0.2541686461865169,kepler_4_b:kplr011853905-2009259160929_llc.fits,0.9999421834945678,0.9999979369067034,0.9998043496953083,1.0001907447593568,-5.575341213559515e-05
171.56314390766056,-0.2537679825392358,kepler_4_b:kplr011853905-2009259160929_llc.fits,1.000017523765564,0.9999979369067034,0.9998118586255453,1.0001821371888693,1.9586858860609624e-05
206.91360759443344,-0.2536624817663806,kepler_4_b:kplr011853905-2009259160929_llc.fits,1.0001287460327148,0.9999979369067034,0.9998036110768772,1.0001934490067899,0.00013080912601148853
123.35907708661398,-0.2528009135858155,kepler_4_b:kplr011853905-2009131105131_llc.fits,0.9998687505722044,0.9999979369067034,0.9998089690398297,1.0001896131433758,-0.00012918633449898742
158.71015505919058,-0.2520811270092127,kepler_4_b:kplr011853905-2009166043257_llc.fits,0.9999041557312012,0.9999979369067034,0.9997969739524927,1.0001834691745055,-9.378117550218334e-05
229.410896249894,-0.2520563083058011,kepler_4_b:kplr011853905-2009259160929_llc.fits,1.0001323223114014,0.9999979369067034,0.9998208634129494,1.0001859728842042,0.00013438540469801197
194.06081926618208,-0.2517751060177164,kepler_4_b:kplr011853905-2009259160929_llc.fits,1.0000416040420532,0.9999979369067034,0.9998053878380118,1.000189969355647,4.3667135349867436e-05
145.85710920663405,-0.2504512755657464,kepler_4_b:kplr011853905-2009166043257_llc.fits,0.999972939491272,0.9999979369067034,0.9998108791550573,1.00019618266224,-2.4997415431382564e-05
216.55825263170848,-0.25002422249134,kepler_4_b:kplr011853905-2009259160929_llc.fits,0.9998400807380676,0.9999979369067034,0.9998115962761046,1.0001838333403485,-0.00015785616863572827
181.207951765733,-0.2499669024667816,kepler_4_b:kplr011853905-2009259160929_llc.fits,1.0001001358032229,0.9999979369067034,0.9998141522963306,1.0001828268951725,0.00010219889651952307
133.0040207190541,-0.2488640591456976,kepler_4_b:kplr011853905-2009166043257_llc.fits,0.9999299645423888,0.9999979369067034,0.9998088201566143,1.0001966378667757,-6.797236431455023e-05
239.05543429799584,-0.2485250382039792,kepler_4_b:kplr011853905-2009259160929_llc.fits,0.9998916983604432,0.9999979369067034,0.999815018610625,1.0001763575654607,-0.00010623854626012896
203.70552654747007,-0.248074602729724,kepler_4_b:kplr011853905-2009259160929_llc.fits,0.999872863292694,0.9999979369067034,0.9998136224454788,1.0001778810384088,-0.00012507361400937445
155.50200686037715,-0.2465603998226455,kepler_4_b:kplr011853905-2009166043257_llc.fits,1.0001410245895386,0.9999979369067034,0.99980829446956,1.0001902072750408,0.000143087682835219
190.8527180848396,-0.2462073613602158,kepler_4_b:kplr011853905-2009259160929_llc.fits,0.9999558925628662,0.9999979369067034,0.9998109439240631,1.000186110506313,-4.204434383714428e-05
248.6999295936112,-0.2450365205886362,kepler_4_b:kplr011853905-2009259160929_llc.fits,1.0000146627426147,0.9999979369067034,0.9998018743385093,1.0001882179516048,1.6725835911390874e-05
142.64894907536657,-0.2449424808332512,kepler_4_b:kplr011853905-2009166043257_llc.fits,1.000057339668274,0.9999979369067034,0.9998110055415919,1.0001903989911014,5.940276157057056e-05
213.35018724481776,-0.2444206833820066,kepler_4_b:kplr011853905-2009259160929_llc.fits,0.9999865889549256,0.9999979369067034,0.999804083053997,1.0001806385178156,-1.1347951777707088e-05
177.99983153267385,-0.2444182095259439,kepler_4_b:kplr011853905-2009259160929_llc.fits,0.999848186969757,0.9999979369067034,0.9998240305168355,1.000186223277613,-0.00014974993694638616
129.7958526600196,-0.2433631921802035,kepler_4_b:kplr011853905-2009131105131_llc.fits,1.0001596212387085,0.9999979369067034,0.9998031885847994,1.0001908892429585,0.00016168433200514087
235.8474043295355,-0.2428860806643025,kepler_4_b:kplr011853905-2009259160929_llc.fits,1.000048279762268,0.9999979369067034,0.999808542389442,1.0001842316876242,5.0342855564711186e-05
200.4974405710091,-0.2424916531907308,kepler_4_b:kplr011853905-2009259160929_llc.fits,1.0001245737075806,0.9999979369067034,0.9998101882941605,1.0001839396286114,0.00012663680087721119
258.34438538392715,-0.2415875082726344,kepler_4_b:kplr011853905-2009259160929_llc.fits,1.0000734329223633,0.9999979369067034,0.9998157789981836,1.0001873461275543,7.549601565992603e-05
222.99480144693368,-0.2408132592660889,kepler_4_b:kplr011853905-2009259160929_llc.fits,0.9997678995132446,0.9999979369067034,0.9998084121837681,1.0001871333767693,-0.00023003739345872631
187.6446119235989,-0.2406445966009369,kepler_4_b:kplr011853905-2009259160929_llc.fits,1.0000894069671633,0.9999979369067034,0.9998088937021543,1.0001900226925466,9.147006045995276e-05
139.44078650985466,-0.2394361203451353,kepler_4_b:kplr011853905-2009166043257_llc.fits,1.0000938177108765,0.9999979369067034,0.999805054798489,1.0001902952137511,9.588080417310962e-05
245.4919135412056,-0.2393836469942189,kepler_4_b:kplr011853905-2009259160929_llc.fits,1.0000900030136108,0.9999979369067034,0.9998092856412961,1.0001800299917942,9.206610690748462e-05
174.79170685464487,-0.2388739615549242,kepler_4_b:kplr011853905-2009259160929_llc.fits,1.0000433921813965,0.9999979369067034,0.9998083948940303,1.0001819985542335,4.5455274693129155e-05
210.14211717162107,-0.2388218305787293,kepler_4_b:kplr011853905-2009259160929_llc.fits,1.000179886817932,0.9999979369067034,0.9998132866990365,1.0001853622644417,0.00018194991122855164
126.58768253601012,-0.2378643901896879,kepler_4_b:kplr011853905-2009131105131_llc.fits,1.0000666379928589,0.9999979369067034,0.9998041033682673,1.000184535068602,6.87010861555315e-05
232.63936950771316,-0.2372519764866687,kepler_4_b:kplr011853905-2009259160929_llc.fits,0.9999059438705444,0.9999979369067034,0.9998121122751294,1.0001842285587315,-9.199303615892163e-05
161.9387337104854,-0.2371714017144019,kepler_4_b:kplr011853905-2009166043257_llc.fits,1.0000110864639282,0.9999979369067034,0.9998070643836487,1.0001903399475622,1.3149557224867436e-05
197.28934930976536,-0.2369139884344113,kepler_4_b:kplr011853905-2009259160929_llc.fits,0.9999150037765502,0.9999979369067034,0.9998143016025679,1.0001867946102247,-8.293313015317327e-05
255.13638194209489,-0.2359220241048956,kepler_4_b:kplr011853905-2009259160929_llc.fits,1.000009059906006,0.9999979369067034,0.9998029346063423,1.0001919464175755,1.11229993027262e-05
149.08570079655328,-0.2355286116465131,kepler_4_b:kplr011853905-2009166043257_llc.fits,1.0001052618026731,0.9999979369067034,0.9998090952637178,1.0001871183976052,0.00010732489596976258
219.78674633125047,-0.2351994489493261,kepler_4_b:kplr011853905-2009259160929_llc.fits,0.999888002872467,0.9999979369067034,0.9998105323575842,1.0001922834293604,-0.0001099340342363142
184.43650097489444,-0.2350866193053529,kepler_4_b:kplr011853905-2009259160929_llc.fits,1.0000460147857666,0.9999979369067034,0.9998064862208506,1.000184635866517,4.807787906324634e-05
136.23262164199696,-0.2339320622028375,kepler_4_b:kplr011853905-2009166043257_llc.fits,1.000037670135498,0.9999979369067034,0.9998084924018151,1.0001863237294235,3.9733228794691655e-05
242.28389288655308,-0.2337353756467195,kepler_4_b:kplr011853905-2009259160929_llc.fits,0.9999820590019226,0.9999979369067034,0.999807394656397,1.0001844342367914,-1.5877904780747798e-05
171.58357776691992,-0.23333412327988,kepler_4_b:kplr011853905-2009259160929_llc.fits,0.9999482631683348,0.9999979369067034,0.9998118383391322,1.0001851430166158,-4.9673738368505305e-05
206.9340413184109,-0.2332287577889047,kepler_4_b:kplr011853905-2009259160929_llc.fits,0.9999570846557616,0.9999979369067034,0.9998019467646708,1.0001766296719972,-4.085225094174749e-05
123.379511304076,-0.2323666961237904,kepler_4_b:kplr011853905-2009131105131_llc.fits,1.0000008344650269,0.9999979369067034,0.9998017800969174,1.0001913374642708,2.897558323500249e-06
158.73058901647164,-0.2316471697281559,kepler_4_b:kplr011853905-2009166043257_llc.fits,1.0000501871109009,0.9999979369067034,0.9998122124233161,1.0001860521128745,5.2250204197523686e-05
229.4313296440669,-0.231622914132932,kepler_4_b:kplr011853905-2009259160929_llc.fits,1.0000208616256714,0.9999979369067034,0.9998118212520689,1.0001934672171735,2.29247189680315e-05
194.08125301984543,-0.2313413523543335,kepler_4_b:kplr011853905-2009259160929_llc.fits,1.0000572204589844,0.9999979369067034,0.9998139744527759,1.0001953441744151,5.928355228101978e-05
251.92837447368947,-0.2302605665103081,kepler_4_b:kplr011853905-2009259160929_llc.fits,0.9999535083770752,0.9999979369067034,0.9998127007448032,1.000191346383666,-4.442852962815991e-05
145.8775433424889,-0.2300171397108619,kepler_4_b:kplr011853905-2009166043257_llc.fits,0.9998799562454224,0.9999979369067034,0.9998083769945956,1.000191580652554,-0.00011798066128099194
216.57868625650008,-0.2295905976997183,kepler_4_b:kplr011853905-2009259160929_llc.fits,0.9999093413352966,0.9999979369067034,0.9998049616039021,1.0001849828114378,-8.859557140672436e-05
181.2283857414004,-0.2295329267993799,kepler_4_b:kplr011853905-2009259160929_llc.fits,1.0000123977661133,0.9999979369067034,0.9998098260923785,1.0001893400257549,1.446085940992603e-05
133.02445491102844,-0.228429867171352,kepler_4_b:kplr011853905-2009166043257_llc.fits,0.99997478723526,0.9999979369067034,0.9998045651572562,1.0001850769490328,-2.3149671443345454e-05
203.72596030404384,-0.227640846155958,kepler_4_b:kplr011853905-2009259160929_llc.fits,1.0000263452529907,0.9999979369067034,0.9998094483153137,1.0001929576076896,2.8408346287367436e-05
155.52244083907863,-0.2261264211211695,kepler_4_b:kplr011853905-2009166043257_llc.fits,0.99993234872818,0.9999979369067034,0.9998019931497876,1.000186599715513,-6.558817852331256e-05
248.72036280664904,-0.2246033075507318,kepler_4_b:kplr011853905-2009259160929_llc.fits,0.9999489188194274,0.9999979369067034,0.9998084632680135,1.0001917147656159,-4.901808727597601e-05
142.66938322751955,-0.2245083286802216,kepler_4_b:kplr011853905-2009166043257_llc.fits,0.999871015548706,0.9999979369067034,0.999812235901263,1.0001922063114712,-0.00012692135799730053
213.37062070244428,-0.2239872257555111,kepler_4_b:kplr011853905-2009259160929_llc.fits,1.0000922679901123,0.9999979369067034,0.9998083790882153,1.0001979574765498,9.433108340894947e-05
178.02026543697866,-0.2239843052211345,kepler_4_b:kplr011853905-2009259160929_llc.fits,1.0000303983688354,0.9999979369067034,0.9998096179162604,1.0001840000502311,3.2461462132094e-05
129.8162867621213,-0.2229290900784863,kepler_4_b:kplr011853905-2009131105131_llc.fits,1.0001347064971924,0.9999979369067034,0.9998073848703782,1.000187274524757,0.0001367695904890276
235.8678376606113,-0.2224527495885377,kepler_4_b:kplr011853905-2009259160929_llc.fits,1.0000263452529907,0.9999979369067034,0.9998108646052932,1.0001819092865925,2.8408346287367436e-05
200.5178741604177,-0.222058063782091,kepler_4_b:kplr011853905-2009259160929_llc.fits,0.9999922513961792,0.9999979369067034,0.9998142798331904,1.0001836226474319,-5.685510524156001e-06
258.36481841826753,-0.221154473932249,kepler_4_b:kplr011853905-2009259160929_llc.fits,0.9999101758003234,0.9999979369067034,0.9998067338389443,1.000187454900139,-8.776110637997991e-05
152.31428937143937,-0.2206089627604239,kepler_4_b:kplr011853905-2009166043257_llc.fits,1.0001331567764282,0.9999979369067034,0.9998125288647262,1.0001877419677458,0.00013521986972486744
223.01523490583347,-0.2203798003663008,kepler_4_b:kplr011853905-2009259160929_llc.fits,0.999805510044098,0.9999979369067034,0.9998169795044788,1.0001805465570632,-0.0001924268626053438
187.6650458394288,-0.2202106807710106,kepler_4_b:kplr011853905-2009259160929_llc.fits,0.999935746192932,0.9999979369067034,0.9998032703236167,1.0001813243659856,-6.219071377133734e-05
139.46122067667602,-0.2190019535237752,kepler_4_b:kplr011853905-2009166043257_llc.fits,1.0000348091125488,0.9999979369067034,0.9998034152501734,1.0001924935086008,3.6872205845472905e-05
245.51234668241523,-0.2189505057845682,kepler_4_b:kplr011853905-2009259160929_llc.fits,0.9999806880950928,0.9999979369067034,0.9998137969783584,1.0001834911543657,-1.7248811610581782e-05
174.81214078688936,-0.2184400293104376,kepler_4_b:kplr011853905-2009259160929_llc.fits,1.0001015663146973,0.9999979369067034,0.9998056242591967,1.0001871392481514,0.0001036294079939104
210.16255066254237,-0.2183883396574517,kepler_4_b:kplr011853905-2009259160929_llc.fits,0.9999678134918212,0.9999979369067034,0.9998142647940473,1.0001887212813378,-3.012341488217718e-05
126.6081167466109,-0.2174301795888908,kepler_4_b:kplr011853905-2009131105131_llc.fits,0.9998862743377684,0.9999979369067034,0.9998007772023021,1.0002001482527767,-0.00011166256893491155
232.65980286999547,-0.2168186142043218,kepler_4_b:kplr011853905-2009259160929_llc.fits,0.9998687505722044,0.9999979369067034,0.9998073008117949,1.0001825798497719,-0.00012918633449898742
161.95916784471774,-0.216737267482056,kepler_4_b:kplr011853905-2009166043257_llc.fits,1.000051498413086,0.9999979369067034,0.9998042914907471,1.0001908974396856,5.356150638258228e-05
197.30978293130465,-0.2164803668951427,kepler_4_b:kplr011853905-2009259160929_llc.fits,1.0001094341278076,0.9999979369067034,0.9998137865511476,1.0001811886576895,0.00011149722110426197
255.15681500134812,-0.2154889648516313,kepler_4_b:kplr011853905-2009259160929_llc.fits,0.9999667406082152,0.9999979369067034,0.9998143836699941,1.000194950111548,-3.119629848813421e-05
149.10613481460314,-0.2150945935966583,kepler_4_b:kplr011853905-2009166043257_llc.fits,1.0000903606414795,0.9999979369067034,0.9998039252086363,1.000192317476032,9.242373477613697e-05
219.80717992274728,-0.2147658574524864,kepler_4_b:kplr011853905-2009259160929_llc.fits,1.0001555681228638,0.9999979369067034,0.9998112641816566,1.000187911182883,0.0001576312161604143
184.4569348207588,-0.214652773441035,kepler_4_b:kplr011853905-2009259160929_llc.fits,0.9999032020568848,0.9999979369067034,0.9998099196763368,1.0001899612532061,-9.47348498185896e-05
136.25305592220684,-0.2134977819929539,kepler_4_b:kplr011853905-2009166043257_llc.fits,1.0000194311141968,0.9999979369067034,0.999801147065388,1.0001916300443257,2.1494207493422124e-05
242.3043261568673,-0.2133021053324768,kepler_4_b:kplr011853905-2009259160929_llc.fits,1.000030279159546,0.9999979369067034,0.9998132088529592,1.0001843845436504,3.234225284254322e-05
123.39994562166248,-0.2119323785373126,kepler_4_b:kplr011853905-2009131105131_llc.fits,0.9997661113739011,0.9999979369067034,0.9998020101543896,1.000191682520574,-0.00023182553280221008
158.7510231735214,-0.2112130126784068,kepler_4_b:kplr011853905-2009166043257_llc.fits,1.0001099109649658,0.9999979369067034,0.9998094286918016,1.000190482646613,0.00011197405826246509
194.1016867730505,-0.2109075991493358,kepler_4_b:kplr011853905-2009259160929_llc.fits,1.0000097751617432,0.9999979369067034,0.9998022400404849,1.000184970014971,1.1838255039808843e-05
251.94880755901977,-0.2098274811800118,kepler_4_b:kplr011853905-2009259160929_llc.fits,0.9999454021453856,0.9999979369067034,0.9998078722707984,1.0001836148469008,-5.2534761317724055e-05
145.89797737823392,-0.2095831039658782,kepler_4_b:kplr011853905-2009166043257_llc.fits,0.9999250769615172,0.9999979369067034,0.9998104520494889,1.000190057758699,-7.285994518613226e-05
216.59911968083176,-0.2091571733680048,kepler_4_b:kplr011853905-2009259160929_llc.fits,0.9998130798339844,0.9999979369067034,0.9998104361723728,1.000184582713777,-0.00018485707271898022
181.2488195166079,-0.2090991515918865,kepler_4_b:kplr011853905-2009259160929_llc.fits,1.0001180171966553,0.9999979369067034,0.9998012612910041,1.0001838081577314,0.00012008028995191822
133.04488910288637,-0.2079956753134217,kepler_4_b:kplr011853905-2009166043257_llc.fits,1.0000649690628052,0.9999979369067034,0.9998030977980901,1.000195981855544,6.703215610182056e-05
239.0963009986881,-0.2076583375117022,kepler_4_b:kplr011853905-2009259160929_llc.fits,0.9998989701271056,0.9999979369067034,0.9998107729147458,1.0001838606554592,-9.896677959775335e-05
203.74639386062336,-0.2072072895764389,kepler_4_b:kplr011853905-2009259160929_llc.fits,0.999991774559021,0.9999979369067034,0.9998146566101763,1.0001800851031757,-6.162347682359126e-06
155.54287501778165,-0.2056922424181706,kepler_4_b:kplr011853905-2009166043257_llc.fits,0.9999350309371948,0.9999979369067034,0.999806111405363,1.0001884442407674,-6.2905969508531e-05
226.2437181899295,-0.2055654422703001,kepler_4_b:kplr011853905-2009259160929_llc.fits,0.9999433159828186,0.9999979369067034,0.9998095675001636,1.0001880493502702,-5.4620923884751704e-05
190.89358565410657,-0.2053397920932227,kepler_4_b:kplr011853905-2009259160929_llc.fits,0.9999802112579343,0.9999979369067034,0.9998084461967942,1.000191624374028,-1.7725648769006952e-05
248.74079591945335,-0.2041701947464196,kepler_4_b:kplr011853905-2009259160929_llc.fits,1.000002145767212,0.9999979369067034,0.9998071000146954,1.0001831757056545,4.208860508558843e-06
142.6898172794463,-0.2040742767535082,kepler_4_b:kplr011853905-2009166043257_llc.fits,1.0000885725021362,0.9999979369067034,0.9998127728002384,1.0001792098215623,9.063559543287525e-05
213.3910542600643,-0.2035536681355301,kepler_4_b:kplr011853905-2009259160929_llc.fits,1.0000283718109133,0.9999979369067034,0.9998163348638083,1.0001874053424764,3.0434904209952762e-05
178.04069934105792,-0.2035504011418798,kepler_4_b:kplr011853905-2009259160929_llc.fits,1.0000314712524414,0.9999979369067034,0.9998113326198488,1.0001895313807276,3.353434573805103e-05
129.8367209641001,-0.202494888099699,kepler_4_b:kplr011853905-2009131105131_llc.fits,1.0001027584075928,0.9999979369067034,0.9998055785364907,1.0001914066393105,0.00010482150088941822
235.8882710912294,-0.2020193189703969,kepler_4_b:kplr011853905-2009259160929_llc.fits,1.000085473060608,0.9999979369067034,0.9998157584440489,1.00018763440107,8.753615390455494e-05
152.33472357039864,-0.200174763801159,kepler_4_b:kplr011853905-2009166043257_llc.fits,1.0000760555267334,0.9999979369067034,0.9998015683824127,1.0001855918886005,7.811862003004322e-05
223.0356683642749,-0.1999463419248981,kepler_4_b:kplr011853905-2009259160929_llc.fits,1.000058650970459,0.9999979369067034,0.9998132990713955,1.000190869151167,6.0714063755629155e-05
139.4816547435039,-0.1985678866959006,kepler_4_b:kplr011853905-2009166043257_llc.fits,0.9999918937683104,0.9999979369067034,0.999813985205678,1.0001888241468095,-6.043138392919367e-06
245.5327799233928,-0.1985172648069866,kepler_4_b:kplr011853905-2009259160929_llc.fits,1.0000479221343994,0.9999979369067034,0.9998100406947241,1.0001807142791639,4.998522769605884e-05
210.18298425299872,-0.197954749201074,kepler_4_b:kplr011853905-2009259160929_llc.fits,1.000060796737671,0.9999979369067034,0.9998046575766483,1.0001926503551004,6.285983096754322e-05
126.62855095720442,-0.1969959689953697,kepler_4_b:kplr011853905-2009131105131_llc.fits,1.0000483989715576,0.9999979369067034,0.9998063863575573,1.0001836743096193,5.046206485426197e-05
232.68023623204496,-0.1963852521548055,kepler_4_b:kplr011853905-2009259160929_llc.fits,0.9998507499694824,0.9999979369067034,0.9998071930203825,1.0001777984538018,-0.00014718693722093334
161.97960187894932,-0.1963032332504715,kepler_4_b:kplr011853905-2009166043257_llc.fits,0.9998809099197388,0.9999979369067034,0.9998010534233804,1.000188339400106,-0.00011702698696458569
197.33021665237905,-0.1960466458207739,kepler_4_b:kplr011853905-2009259160929_llc.fits,0.99999338388443,0.9999979369067034,0.9997983491283211,1.0001797455114323,-4.553022273312557e-06
255.17724826037008,-0.1950557058296749,kepler_4_b:kplr011853905-2009259160929_llc.fits,1.0000022649765017,0.9999979369067034,0.9998068733141133,1.0001842197389246,4.3280697983316685e-06
149.12656903265452,-0.1946603755452807,kepler_4_b:kplr011853905-2009166043257_llc.fits,1.0000739097595217,0.9999979369067034,0.9998046933758813,1.0001957676086382,7.59728528183512e-05
219.82761341401783,-0.1943323661819629,kepler_4_b:kplr011853905-2009259160929_llc.fits,1.0000067949295044,0.9999979369067034,0.9998201568203136,1.0001866922072638,8.858022801039311e-06
184.47736876639829,-0.1942188278015104,kepler_4_b:kplr011853905-2009259160929_llc.fits,0.9999208450317382,0.9999979369067034,0.9998106928346551,1.0001864942019099,-7.709187496518499e-05
136.27349000230606,-0.1930637018937326,kepler_4_b:kplr011853905-2009166043257_llc.fits,0.9998712539672852,0.9999979369067034,0.999809545117734,1.000178491082416,-0.00012668293941819897
242.32475942694876,-0.1928688352510648,kepler_4_b:kplr011853905-2009259160929_llc.fits,0.9999198913574218,0.9999979369067034,0.9998079751689315,1.0001893482097126,-7.804554928159124e-05
171.6244457852008,-0.1924661049989906,kepler_4_b:kplr011853905-2009259160929_llc.fits,1.0000112056732178,0.9999979369067034,0.9998087875927032,1.0001832293470319,1.3268766514418218e-05
206.9749084656796,-0.1923616105201773,kepler_4_b:kplr011853905-2009259160929_llc.fits,1.000004768371582,0.9999979369067034,0.9998041277446024,1.0001837210091964,6.83146487867603e-06
123.42037973912376,-0.1914982610760489,kepler_4_b:kplr011853905-2009131105131_llc.fits,1.000038504600525,0.9999979369067034,0.999804275306177,1.0001960353204142,4.0567693821547124e-05
158.77145723033755,-0.1907789558622499,kepler_4_b:kplr011853905-2009166043257_llc.fits,1.000076413154602,0.9999979369067034,0.9998073382101776,1.0001999477551253,7.847624789869556e-05
229.47219643172863,-0.1907561264711337,kepler_4_b:kplr011853905-2009259160929_llc.fits,1.0001206398010254,0.9999979369067034,0.9998141260664046,1.0001822285789477,0.0001227028943220354
194.12212052625543,-0.1904738459443382,kepler_4_b:kplr011853905-2009259160929_llc.fits,1.000011324882507,0.9999979369067034,0.9998095071996044,1.000188844927227,1.3387975803746954e-05
251.9692408445844,-0.1893941956153619,kepler_4_b:kplr011853905-2009259160929_llc.fits,1.0001722574234009,0.9999979369067034,0.9998102124794458,1.0001883559692912,0.00017432051669752369
145.918411613864,-0.1891488683357869,kepler_4_b:kplr011853905-2009166043257_llc.fits,0.9999960660934448,0.9999979369067034,0.9998104568213699,1.0001878537586772,-1.8708132585310011e-06
216.61955320516427,-0.1887236490355299,kepler_4_b:kplr011853905-2009259160929_llc.fits,0.9999122023582458,0.9999979369067034,0.9998029151828394,1.0001897592593072,-8.573454845750561e-05
133.06532329473703,-0.1875614834627674,kepler_4_b:kplr011853905-2009166043257_llc.fits,0.9999817609786988,0.9999979369067034,0.9997998941960857,1.0001886402526756,-1.617592800451373e-05
239.11673419857107,-0.1872251376287292,kepler_4_b:kplr011853905-2009259160929_llc.fits,1.000164031982422,0.9999979369067034,0.9998135393275253,1.0001857755787318,0.00016609507571874182
203.7668275169708,-0.1867736332289891,kepler_4_b:kplr011853905-2009259160929_llc.fits,1.0000914335250854,0.9999979369067034,0.9998063184267211,1.0001870635460992,9.3496618382094e-05
190.91401943874368,-0.1849060074560882,kepler_4_b:kplr011853905-2009259160929_llc.fits,1.0000395774841309,0.9999979369067034,0.999813467073147,1.0001853531849314,4.1640577427504155e-05
248.7612292320264,-0.1837368821734151,kepler_4_b:kplr011853905-2009259160929_llc.fits,1.000057816505432,0.9999979369067034,0.9998049077096232,1.0001842650321218,5.987959872855164e-05
142.71025143137376,-0.1836401248260333,kepler_4_b:kplr011853905-2009166043257_llc.fits,1.0000076293945312,0.9999979369067034,0.9998176475099751,1.0001945563187769,9.69248782789478e-06
213.41148791745945,-0.1831200107403423,kepler_4_b:kplr011853905-2009259160929_llc.fits,1.0000990629196167,0.9999979369067034,0.999808247099861,1.000193698933465,0.000101126012913344
129.85715516608616,-0.1820606861136357,kepler_4_b:kplr011853905-2009131105131_llc.fits,0.9999630451202391,0.9999979369067034,0.9998033460198382,1.000189281395546,-3.489178646420843e-05
235.908704321846,-0.1815860883537789,kepler_4_b:kplr011853905-2009259160929_llc.fits,1.0000030994415283,0.9999979369067034,0.9998119395662178,1.0001904471393783,5.162534824965093e-06
200.5587414383044,-0.1811907858953725,kepler_4_b:kplr011853905-2009259160929_llc.fits,1.0001956224441528,0.9999979369067034,0.9998164611938101,1.0001882507712314,0.0001976855374494768
258.4056847862521,-0.1802881059476859,kepler_4_b:kplr011853905-2009259160929_llc.fits,1.0001381635665894,0.9999979369067034,0.9998133390173212,1.000185763868047,0.00014022665988600025
152.35515766924073,-0.1797406649590709,kepler_4_b:kplr011853905-2009166043257_llc.fits,0.9999738931655884,0.9999979369067034,0.9998140269384023,1.0001936786373364,-2.4043741114976314e-05
223.0561018227163,-0.1795128834834953,kepler_4_b:kplr011853905-2009259160929_llc.fits,0.9999168515205384,0.9999979369067034,0.9998116256196217,1.0001854527403926,-8.108538616491412e-05
187.70591336993675,-0.1793431502630438,kepler_4_b:kplr011853905-2009259160929_llc.fits,1.000049710273743,0.9999979369067034,0.9998092027982667,1.0001834696347711,5.1773367039542606e-05
139.50208891021612,-0.1781337199836798,kepler_4_b:kplr011853905-2009166043257_llc.fits,1.0000543594360352,0.9999979369067034,0.9998029209970734,1.0001900490752562,5.642252933180103e-05
245.5532131643704,-0.178084023829405,kepler_4_b:kplr011853905-2009259160929_llc.fits,1.0001521110534668,0.9999979369067034,0.9998035160107053,1.0001783435551397,0.00015417414676344166
174.85300865046156,-0.1775721657382349,kepler_4_b:kplr011853905-2009259160929_llc.fits,0.9998260736465454,0.9999979369067034,0.9998162302528152,1.0001801815489264,-0.00017186326015794506
210.20341794321573,-0.1775210589840414,kepler_4_b:kplr011853905-2009259160929_llc.fits,1.0000555515289309,0.9999979369067034,0.9998124264131908,1.0001880846594533,5.761462222753089e-05
126.64898516780522,-0.1765617583945726,kepler_4_b:kplr011853905-2009131105131_llc.fits,1.000185489654541,0.9999979369067034,0.9998033096055455,1.000187430436153,0.0001875527478376604
232.70066959362885,-0.1759518905709505,kepler_4_b:kplr011853905-2009259160929_llc.fits,0.999942660331726,0.9999979369067034,0.9998102578970846,1.0001849549193298,-5.5276574977392023e-05
162.00003591270797,-0.1758691994918242,kepler_4_b:kplr011853905-2009166043257_llc.fits,0.999864101409912,0.9999979369067034,0.9998076005145959,1.000187251945861,-0.00013383549679135687
197.35065047345412,-0.1756128247456436,kepler_4_b:kplr011853905-2009259160929_llc.fits,1.000020146369934,0.9999979369067034,0.9998188877681758,1.0001842506106515,2.220946323072681e-05
255.19768141938405,-0.1746225468157558,kepler_4_b:kplr011853905-2009259160929_llc.fits,1.000146985054016,0.9999979369067034,0.9998183321207476,1.0001788691197075,0.00014904814731253602
149.1470031504723,-0.1742262577274951,kepler_4_b:kplr011853905-2009166043257_llc.fits,0.9999367594718932,0.9999979369067034,0.9998056259287181,1.0001835840154558,-6.11774348101557e-05
219.8480469052884,-0.1738988749114394,kepler_4_b:kplr011853905-2009259160929_llc.fits,1.000044345855713,0.9999979369067034,0.9998012666688509,1.0001808430666939,4.6408949009535405e-05
184.49780251180343,-0.1737850823963393,kepler_4_b:kplr011853905-2009259160929_llc.fits,1.0000243186950684,0.9999979369067034,0.9998065661077562,1.000187376302679,2.6381788365004155e-05
242.34519259679652,-0.1724356654032448,kepler_4_b:kplr011853905-2009259160929_llc.fits,0.9999530315399168,0.9999979369067034,0.9998123172809087,1.0001887388526782,-4.490536678658508e-05
171.64487964376167,-0.1720322464381267,kepler_4_b:kplr011853905-2009259160929_llc.fits,0.9998636841773986,0.9999979369067034,0.999811791528626,1.0001822026084106,-0.0001342527293047846
206.9953421889586,-0.1719278872411933,kepler_4_b:kplr011853905-2009259160929_llc.fits,1.000146746635437,0.9999979369067034,0.999813775921023,1.0001840159053512,0.0001488097287336565
123.44081395647665,-0.1710640437231631,kepler_4_b:kplr011853905-2009131105131_llc.fits,0.9999862909317015,0.9999979369067034,0.9998074210912601,1.0001915055390416,-1.1645975001806086e-05
158.79189128714643,-0.1703448990533689,kepler_4_b:kplr011853905-2009166043257_llc.fits,1.0001256465911863,0.9999979369067034,0.9998098148901042,1.0001842356056945,0.00012770968448294617
229.49262982521032,-0.1703227329894805,kepler_4_b:kplr011853905-2009259160929_llc.fits,0.9999610781669616,0.9999979369067034,0.9998108050576683,1.0001879133004252,-3.685873974179632e-05
251.98967402967537,-0.1689610105244108,kepler_4_b:kplr011853905-2009259160929_llc.fits,1.0000072717666626,0.9999979369067034,0.9998063076963386,1.0001953357195728,9.334859959242436e-06
145.93884574937692,-0.1687147328228724,kepler_4_b:kplr011853905-2009166043257_llc.fits,1.0000828504562378,0.9999979369067034,0.9998065626561213,1.0001840966887756,8.491354953443775e-05
216.6399867292639,-0.1682901249358856,kepler_4_b:kplr011853905-2009259160929_llc.fits,0.9998700022697448,0.9999979369067034,0.9998203837477345,1.000182040404532,-0.0001279346369585932
181.28968736678507,-0.1682313014147218,kepler_4_b:kplr011853905-2009259160929_llc.fits,0.99989515542984,0.9999979369067034,0.9998043457761457,1.0001856987782463,-0.00010278147686337835
133.08575748647854,-0.1671272917212525,kepler_4_b:kplr011853905-2009166043257_llc.fits,1.0001482963562012,0.9999979369067034,0.9998067734894027,1.0001889449385428,0.00015035944949781666
239.13716749844752,-0.1667918377522708,kepler_4_b:kplr011853905-2009259160929_llc.fits,1.0000983476638794,0.9999979369067034,0.9998057290057676,1.0001867365534194,0.00010041075717603931
203.78726127307888,-0.1663398771208843,kepler_4_b:kplr011853905-2009259160929_llc.fits,1.000024914741516,0.9999979369067034,0.9998054368506597,1.00018283528995,2.6977834812536017e-05
155.5837430747124,-0.1648241854873944,kepler_4_b:kplr011853905-2009166043257_llc.fits,0.9999994039535522,0.9999979369067034,0.9998003756797801,1.0001932560038655,1.4670468488908739e-06
226.2845851413804,-0.16469849081942,kepler_4_b:kplr011853905-2009259160929_llc.fits,1.0000011920928955,0.9999979369067034,0.9998108911383529,1.0001873011291156,3.2551861921525926e-06
190.9344531229144,-0.1644723232853764,kepler_4_b:kplr011853905-2009259160929_llc.fits,1.0001519918441772,0.9999979369067034,0.9998137161606981,1.0001832324304776,0.00015405493747389087
248.7816624443585,-0.1633036698412786,kepler_4_b:kplr011853905-2009259160929_llc.fits,1.0001899003982544,0.9999979369067034,0.9998088425557944,1.0001886896666454,0.0001919634915510393
142.73068568318558,-0.1632058730142123,kepler_4_b:kplr011853905-2009166043257_llc.fits,0.9997649788856506,0.9999979369067034,0.9998032599463976,1.0001917577705948,-0.00023295802105272045
213.43192137438743,-0.1626865538123387,kepler_4_b:kplr011853905-2009259160929_llc.fits,1.0000197887420654,0.9999979369067034,0.9998148715333558,1.0001764580038355,2.1851835362074468e-05
178.08156714851066,-0.1626825936891382,kepler_4_b:kplr011853905-2009259160929_llc.fits,1.000109076499939,0.9999979369067034,0.9998071688678599,1.0001853079379472,0.00011113959323560962
129.87758936807222,-0.1616264841275725,kepler_4_b:kplr011853905-2009131105131_llc.fits,0.9999419450759888,0.9999979369067034,0.9997981084723326,1.0001852333554848,-5.599183071458569e-05
200.579175226776,-0.1607569974238083,kepler_4_b:kplr011853905-2009259160929_llc.fits,1.0000137090682983,0.9999979369067034,0.99980187993831,1.0001863222756924,1.5772161594984624e-05
258.42611782011954,-0.1598550720802378,kepler_4_b:kplr011853905-2009259160929_llc.fits,1.000114679336548,0.9999979369067034,0.9998134686959257,1.0002003414119585,0.00011674242984471839
152.37559166795836,-0.1593066662414355,kepler_4_b:kplr011853905-2009166043257_llc.fits,0.9999272227287292,0.9999979369067034,0.99980673377614,1.0001873536105346,-7.071417797410717e-05
223.0765353809184,-0.1590793252814377,kepler_4_b:kplr011853905-2009259160929_llc.fits,0.9999254941940308,0.9999979369067034,0.9998077075683384,1.0001824096989438,-7.24427126725935e-05
187.72634718506745,-0.1589093351323709,kepler_4_b:kplr011853905-2009259160929_llc.fits,1.0000526905059814,0.9999979369067034,0.9998042429733865,1.0001799513194263,5.475359927809009e-05
139.52252317681268,-0.157699453387113,kepler_4_b:kplr011853905-2009166043257_llc.fits,0.9999719262123108,0.9999979369067034,0.9998036632287549,1.0001898100078361,-2.6010694392564204e-05
245.57364640487503,-0.1576507833247606,kepler_4_b:kplr011853905-2009259160929_llc.fits,0.999965250492096,0.9999979369067034,0.9998152360105048,1.0001850653540776,-3.2686414607407954e-05
174.87344258200756,-0.1571382341922402,kepler_4_b:kplr011853905-2009259160929_llc.fits,0.9999324679374694,0.9999979369067034,0.9998061017970505,1.0001816807050161,-6.546896923398382e-05
210.2238515334393,-0.1570874687604944,kepler_4_b:kplr011853905-2009259160929_llc.fits,1.000058650970459,0.9999979369067034,0.9998173162067957,1.0001922539534438,6.0714063755629155e-05
126.6694193781732,-0.1561275480266062,kepler_4_b:kplr011853905-2009131105131_llc.fits,0.999888002872467,0.9999979369067034,0.999802505394538,1.0001879616534812,-0.0001099340342363142
232.72110295520545,-0.1555185289943714,kepler_4_b:kplr011853905-2009259160929_llc.fits,0.9999926090240479,0.9999979369067034,0.9998079657510219,1.0001893936037505,-5.327882655503657e-06
162.02046994670673,-0.1554351654930703,kepler_4_b:kplr011853905-2009166043257_llc.fits,1.0000569820404053,0.9999979369067034,0.9998115500370691,1.0001877433344901,5.904513370191822e-05
197.37108409428765,-0.1551792039121429,kepler_4_b:kplr011853905-2009259160929_llc.fits,1.0000735521316528,0.9999979369067034,0.9998107285597199,1.0001916858361999,7.561522494947681e-05
255.2181144784045,-0.1541894877953222,kepler_4_b:kplr011853905-2009259160929_llc.fits,0.9999812245368956,0.9999979369067034,0.9998100902457846,1.0001792738779423,-1.671236980771429e-05
149.16743716828205,-0.1537922399177469,kepler_4_b:kplr011853905-2009166043257_llc.fits,0.9999483823776244,0.9999979369067034,0.9998116602869104,1.0001984901733751,-4.9554529078954523e-05
219.8684802960852,-0.1534654841146145,kepler_4_b:kplr011853905-2009259160929_llc.fits,0.9999664425849915,0.9999979369067034,0.9998084771152155,1.0001824341493115,-3.149432171190014e-05
184.51823635696928,-0.1533512372305134,kepler_4_b:kplr011853905-2009259160929_llc.fits,0.999876081943512,0.9999979369067034,0.9998108077020742,1.000187960062722,-0.00012185496319139233
136.31435846215754,-0.1521952420422516,kepler_4_b:kplr011853905-2009166043257_llc.fits,1.0000842809677124,0.9999979369067034,0.9998067823739776,1.000182579060001,8.634406100904712e-05
242.36562596663865,-0.1520022955611779,kepler_4_b:kplr011853905-2009259160929_llc.fits,1.0001064538955688,0.9999979369067034,0.9998129488761013,1.000186003065204,0.00010851698886549244
171.66531360255613,-0.1515982876436707,kepler_4_b:kplr011853905-2009259160929_llc.fits,1.000024437904358,0.9999979369067034,0.9998117931055505,1.0001845571811958,2.6500997654554936e-05
207.01577581201127,-0.1514942641885255,kepler_4_b:kplr011853905-2009259160929_llc.fits,0.999979555606842,0.9999979369067034,0.9998119001800495,1.0001788374470888,-1.8381299861314204e-05
123.46124827383028,-0.1506297263695159,kepler_4_b:kplr011853905-2009131105131_llc.fits,1.0000151395797727,0.9999979369067034,0.9998132698318716,1.0001990120842317,1.7202673069371954e-05
158.81232534372975,-0.1499108424700426,kepler_4_b:kplr011853905-2009166043257_llc.fits,1.0000262260437012,0.9999979369067034,0.9998026333786023,1.0001857355060568,2.8289136997816655e-05
229.51306321845183,-0.1498893397479339,kepler_4_b:kplr011853905-2009259160929_llc.fits,0.9999632835388184,0.9999979369067034,0.9998146351969036,1.0001849471530995,-3.4653367884995845e-05
194.16298803172683,-0.1496063404729415,kepler_4_b:kplr011853905-2009259160929_llc.fits,1.0000165700912476,0.9999979369067034,0.9998149749374174,1.0001812232868856,1.8633184544203374e-05
252.01010711477284,-0.1485279254269451,kepler_4_b:kplr011853905-2009259160929_llc.fits,1.0000697374343872,0.9999979369067034,0.9998150123912856,1.0001872648526402,7.180052768385181e-05
145.9592797847654,-0.1482806974344106,kepler_4_b:kplr011853905-2009166043257_llc.fits,0.99981552362442,0.9999979369067034,0.9998018524846491,1.000178168030282,-0.00018241328228330023
216.66042025312345,-0.147856601076348,kepler_4_b:kplr011853905-2009259160929_llc.fits,0.999888002872467,0.9999979369067034,0.9998085839720977,1.0001889043499368,-0.0001099340342363142
181.31012114152688,-0.1477975266728897,kepler_4_b:kplr011853905-2009259160929_llc.fits,0.9999969005584716,0.9999979369067034,0.9998073481684532,1.0001868793182707,-1.0363482317865547e-06
133.10619167810364,-0.1466931000961528,kepler_4_b:kplr011853905-2009166043257_llc.fits,1.0000216960906982,0.9999979369067034,0.9998103473644095,1.0001861404265373,2.3759183994886968e-05
203.80769492872787,-0.1459062214719264,kepler_4_b:kplr011853905-2009259160929_llc.fits,0.9999940991401672,0.9999979369067034,0.9998159069336315,1.0001823019886757,-3.837766536118892e-06
155.60417725294974,-0.1443900072500568,kepler_4_b:kplr011853905-2009166043257_llc.fits,1.0001566410064695,0.9999979369067034,0.9998102728979982,1.0001905226582481,0.0001587040997661493
226.3050184667591,-0.14426516544073,kepler_4_b:kplr011853905-2009259160929_llc.fits,1.0000209808349607,0.9999979369067034,0.9998017692637726,1.000183001805347,2.3043928257360236e-05
190.95488690684576,-0.1440385393540097,kepler_4_b:kplr011853905-2009259160929_llc.fits,1.0001184940338137,0.9999979369067034,0.9998154215627184,1.000185930122962,0.00012055712711034339
248.8020955566972,-0.1428705575026276,kepler_4_b:kplr011853905-2009259160929_llc.fits,1.0000168085098269,0.9999979369067034,0.9998078116641302,1.0001816957815945,1.887160312352698e-05
142.7511197348722,-0.1427718213276054,kepler_4_b:kplr011853905-2009166043257_llc.fits,1.0000169277191162,0.9999979369067034,0.9998141891079838,1.0001806587146516,1.8990812412855718e-05
213.45235493130892,-0.1422529968908496,kepler_4_b:kplr011853905-2009259160929_llc.fits,1.0000263452529907,0.9999979369067034,0.9998049210601493,1.0001848178575063,2.8408346287367436e-05
178.10200105212425,-0.1422486900755448,kepler_4_b:kplr011853905-2009259160929_llc.fits,1.0001405477523804,0.9999979369067034,0.9998133334962288,1.0001859841922616,0.00014261084567701587
129.8980235699346,-0.1411922822652005,kepler_4_b:kplr011853905-2009131105131_llc.fits,1.0002113580703735,0.9999979369067034,0.9998062116949554,1.0001930706956979,0.00021342116367017994
235.94957108237577,-0.1407193278240266,kepler_4_b:kplr011853905-2009259160929_llc.fits,1.000022053718567,0.9999979369067034,0.9998055135556027,1.00019351038202,2.411681186353931e-05
200.59960891525407,-0.1403233089457296,kepler_4_b:kplr011853905-2009259160929_llc.fits,0.9999973773956298,0.9999979369067034,0.9998131924102431,1.0001822553919457,-5.595110735834297e-07
258.4465509537622,-0.1394219384375829,kepler_4_b:kplr011853905-2009259160929_llc.fits,1.000062108039856,0.9999979369067034,0.9998079928379933,1.000185231733626,6.417113315260181e-05
152.39602586656838,-0.1388724676314165,kepler_4_b:kplr011853905-2009166043257_llc.fits,0.9998579621315002,0.9999979369067034,0.9998060086548153,1.0001843606781804,-0.00013997477520311108
223.0969687388933,-0.1386459673064577,kepler_4_b:kplr011853905-2009259160929_llc.fits,0.9999682307243348,0.9999979369067034,0.9998091985362928,1.0001820275611335,-2.97061823685274e-05
187.74678099997251,-0.1384755202272527,kepler_4_b:kplr011853905-2009259160929_llc.fits,1.0000135898590088,0.9999979369067034,0.9998091843034695,1.000205558701378,1.5652952305433843e-05
139.54295724328404,-0.1372653869157602,kepler_4_b:kplr011853905-2009166043257_llc.fits,1.0002154111862185,0.9999979369067034,0.9998143841177508,1.0001933263417058,0.00021747427951512854
245.59407964538696,-0.1372175428128403,kepler_4_b:kplr011853905-2009259160929_llc.fits,1.0000052452087402,0.9999979369067034,0.9998060167682223,1.000178461662925,7.308302036879155e-06
174.89387641356006,-0.136704402639731,kepler_4_b:kplr011853905-2009259160929_llc.fits,0.9998791217803956,0.9999979369067034,0.9998102819744659,1.0001877980858915,-0.00011881512630773639
210.24428502342928,-0.1366539787705394,kepler_4_b:kplr011853905-2009259160929_llc.fits,1.0000122785568235,0.9999979369067034,0.9998129696633472,1.000183993706198,1.4341650120153204e-05
126.6898534886568,-0.1356934375429859,kepler_4_b:kplr011853905-2009131105131_llc.fits,1.0002083778381348,0.9999979369067034,0.9998081670821705,1.000194295778555,0.0002104409314314104
232.74153631678928,-0.1350851674105164,kepler_4_b:kplr011853905-2009259160929_llc.fits,0.9999886751174926,0.9999979369067034,0.9998060301768308,1.0001835671401735,-9.261789210790461e-06
162.04090398023254,-0.1350011319672537,kepler_4_b:kplr011853905-2009166043257_llc.fits,1.0000098943710327,0.9999979369067034,0.9998042614279512,1.0001906023641731,1.1957464329359624e-05
197.3915178151292,-0.1347454830706047,kepler_4_b:kplr011853905-2009259160929_llc.fits,1.0001299381256104,0.9999979369067034,0.9998159703581109,1.0001837647752605,0.00013200121890699634
255.23854763696,-0.1337563292397885,kepler_4_b:kplr011853905-2009259160929_llc.fits,1.0000452995300293,0.9999979369067034,0.9998086615003867,1.0001860972151209,4.7362623325941655e-05
149.187871285867,-0.1333581223327919,kepler_4_b:kplr011853905-2009166043257_llc.fits,0.9999855160713196,0.9999979369067034,0.9998031799072072,1.000190438896278,-1.2420835383775142e-05
219.88891378689004,-0.1330319933097523,kepler_4_b:kplr011853905-2009259160929_llc.fits,0.9997828006744384,0.9999979369067034,0.9998019077319481,1.0001871286955282,-0.00021513623226498968
184.53867030214315,-0.1329172920566501,kepler_4_b:kplr011853905-2009259160929_llc.fits,0.9997336864471436,0.9999979369067034,0.9998132440688136,1.0001781339201783,-0.00026425045955980053
136.33479254201666,-0.1317611621831369,kepler_4_b:kplr011853905-2009166043257_llc.fits,0.9998498558998108,0.9999979369067034,0.9998043511571754,1.0001870041144267,-0.0001480810068925642
242.38605923602157,-0.1315690261782578,kepler_4_b:kplr011853905-2009259160929_llc.fits,0.9999632239341736,0.9999979369067034,0.9998076436220332,1.0001919382224866,-3.4712972529771235e-05
171.68574756087764,-0.131164329322152,kepler_4_b:kplr011853905-2009259160929_llc.fits,1.000009298324585,0.9999979369067034,0.9998110873308079,1.0001871279599495,1.1361417881605718e-05
207.03620933483035,-0.1310607413694497,kepler_4_b:kplr011853905-2009259160929_llc.fits,1.0002292394638062,0.9999979369067034,0.999802531531927,1.0001967447401339,0.00023130255710279712
123.4816823911824,-0.1301956090173916,kepler_4_b:kplr011853905-2009131105131_llc.fits,0.9999394416809082,0.9999979369067034,0.999805490670946,1.0001829536343698,-5.8495225795152095e-05
158.8327594003058,-0.1294767858939922,kepler_4_b:kplr011853905-2009166043257_llc.fits,1.0001089572906494,0.9999979369067034,0.9998057369757546,1.0001841921701269,0.00011102038394605884
229.53349671170145,-0.1294558464983499,kepler_4_b:kplr011853905-2009259160929_llc.fits,1.0000401735305786,0.9999979369067034,0.9998150077165516,1.0001856597217191,4.223662387525806e-05
194.1834216842326,-0.1291726879671972,kepler_4_b:kplr011853905-2009259160929_llc.fits,1.0001084804534912,0.9999979369067034,0.9998112484892304,1.0001807264671287,0.00011054354678785572
252.0305402994054,-0.1280947407943793,kepler_4_b:kplr011853905-2009259160929_llc.fits,1.0001116991043093,0.9999979369067034,0.9998104964275168,1.0001964044744087,0.00011376219760594886
145.97971392016188,-0.1278465620379114,kepler_4_b:kplr011853905-2009166043257_llc.fits,0.9999474883079528,0.9999979369067034,0.9998054494285774,1.0001890366513564,-5.044859875058538e-05
216.68085377675743,-0.127423077442365,kepler_4_b:kplr011853905-2009259160929_llc.fits,0.9998753666877745,0.9999979369067034,0.9998116590642385,1.0001850418955063,-0.00012257021892880804
181.33055501603667,-0.1273636521631267,kepler_4_b:kplr011853905-2009259160929_llc.fits,1.000069260597229,0.9999979369067034,0.9998029433853179,1.0001860838247252,7.132369052564869e-05
133.1266258697215,-0.1262589084783292,kepler_4_b:kplr011853905-2009166043257_llc.fits,0.9999619722366332,0.9999979369067034,0.9998105217351487,1.0001913673878637,-3.596467007016546e-05
203.8281284846089,-0.1254726655908993,kepler_4_b:kplr011853905-2009259160929_llc.fits,0.9999089241027832,0.9999979369067034,0.9998079756085254,1.0001891406713121,-8.90128039201521e-05
226.3254518921385,-0.1238317400612787,kepler_4_b:kplr011853905-2009259160929_llc.fits,1.0000827312469482,0.9999979369067034,0.9998147283933587,1.0001788733236838,8.479434024488697e-05
190.9753207907852,-0.1236046554146057,kepler_4_b:kplr011853905-2009259160929_llc.fits,0.9999667406082152,0.9999979369067034,0.9998120336423697,1.0001828329910236,-3.119629848813421e-05
248.82252876880372,-0.1224373453960458,kepler_4_b:kplr011853905-2009259160929_llc.fits,1.0000110864639282,0.9999979369067034,0.9998063042999412,1.0001917936834455,1.3149557224867436e-05
142.77155388645042,-0.1223376697493765,kepler_4_b:kplr011853905-2009166043257_llc.fits,1.0000553131103516,0.9999979369067034,0.9998038157952501,1.0001996212141053,5.737620364820728e-05
213.47278858800564,-0.1218193401941538,kepler_4_b:kplr011853905-2009259160929_llc.fits,1.0000780820846558,0.9999979369067034,0.9998190175345099,1.0001938817789067,8.01451779524065e-05
178.12243485527142,-0.1218148869283741,kepler_4_b:kplr011853905-2009259160929_llc.fits,1.0000550746917725,0.9999979369067034,0.9998051769024152,1.000183094087189,5.713778506910572e-05
129.91845777168783,-0.1207580805119679,kepler_4_b:kplr011853905-2009131105131_llc.fits,1.0000826120376587,0.9999979369067034,0.9998134163794241,1.0001940333534984,8.467513095533619e-05
235.97000431252675,-0.1202860976730699,kepler_4_b:kplr011853905-2009259160929_llc.fits,1.0000231266021729,0.9999979369067034,0.9998110602828815,1.000194037083211,2.5189695469496343e-05
200.62004250349852,-0.119889720701243,kepler_4_b:kplr011853905-2009259160929_llc.fits,1.0000532865524292,0.9999979369067034,0.9998119173699705,1.0001833360957562,5.5349645725844e-05
258.4669841871655,-0.1189887050342732,kepler_4_b:kplr011853905-2009259160929_llc.fits,0.9999362230300904,0.9999979369067034,0.9998075154365091,1.000181857730317,-6.171387661291217e-05
152.41645996505397,-0.1184383691458503,kepler_4_b:kplr011853905-2009166043257_llc.fits,1.000007152557373,0.9999979369067034,0.9998100537056217,1.0001903047238923,9.215650669691655e-06
223.11740219663625,-0.1182125095635469,kepler_4_b:kplr011853905-2009259160929_llc.fits,0.9999155402183532,0.9999979369067034,0.9998090166148315,1.000177734334246,-8.239668835019476e-05
187.76721481464483,-0.1180417055549651,kepler_4_b:kplr011853905-2009259160929_llc.fits,0.9999922513961792,0.9999979369067034,0.9998074348068005,1.0001833511880367,-5.685510524156001e-06
139.56339140976343,-0.1168312204363701,kepler_4_b:kplr011853905-2009166043257_llc.fits,0.9999831914901732,0.9999979369067034,0.999808866458332,1.0001949796076706,-1.4745416530126398e-05
245.6145128856588,-0.1167843025410266,kepler_4_b:kplr011853905-2009259160929_llc.fits,1.0000042915344238,0.9999979369067034,0.9998073994290213,1.0001840521923648,6.354627720472905e-06
174.91431044464844,-0.1162703715513602,kepler_4_b:kplr011853905-2009259160929_llc.fits,0.9999741315841674,0.9999979369067034,0.9998102065254713,1.000187734590388,-2.3805322535985773e-05
210.26471861294704,-0.1162203892527602,kepler_4_b:kplr011853905-2009259160929_llc.fits,1.0002121925354004,0.9999979369067034,0.9998147616785027,1.0001845218679026,0.0002142556286970354
126.71028779901826,-0.1152591271815339,kepler_4_b:kplr011853905-2009131105131_llc.fits,1.000271916389465,0.9999979369067034,0.9998042294896694,1.000198414018642,0.00027397948276175477
162.06133801376563,-0.1145670984341611,kepler_4_b:kplr011853905-2009166043257_llc.fits,1.000171422958374,0.9999979369067034,0.9998071458815789,1.0001901754301208,0.00017348605167066822
197.41195163549853,-0.1143116627012423,kepler_4_b:kplr011853905-2009259160929_llc.fits,0.9999618530273436,0.9999979369067034,0.9998210627674887,1.0001845941324776,-3.608387935971624e-05
255.258980895509,-0.1133230706907693,kepler_4_b:kplr011853905-2009259160929_llc.fits,1.0002378225326538,0.9999979369067034,0.9998104468919008,1.0001865121603868,0.00023988562595045337
149.20830550344544,-0.1129239047543515,kepler_4_b:kplr011853905-2009166043257_llc.fits,0.9999670386314392,0.9999979369067034,0.9998081559176212,1.0001995798882402,-3.0898275264146235e-05
219.90934737746284,-0.1125984027369593,kepler_4_b:kplr011853905-2009259160929_llc.fits,0.999980330467224,0.9999979369067034,0.9998132972511168,1.0001893084269498,-1.760643947934515e-05
184.55910404684985,-0.112483547349971,kepler_4_b:kplr011853905-2009259160929_llc.fits,0.9998305439949036,0.9999979369067034,0.9998121862300093,1.0001849817139319,-0.00016739291179979077
136.3552267217674,-0.1113269824324001,kepler_4_b:kplr011853905-2009166043257_llc.fits,0.9999350309371948,0.9999979369067034,0.9998142384109469,1.0001938374205641,-6.2905969508531e-05
242.4064924053964,-0.1111358568033751,kepler_4_b:kplr011853905-2009259160929_llc.fits,1.0000934600830078,0.9999979369067034,0.9998117213741531,1.0001803121471091,9.552317630445728e-05
171.7061816192072,-0.1107302709925959,kepler_4_b:kplr011853905-2009259160929_llc.fits,0.9999829530715942,0.9999979369067034,0.9998171504993512,1.0001850943406954,-1.4983835109116939e-05
207.05664295764288,-0.1106271185568885,kepler_4_b:kplr011853905-2009259160929_llc.fits,1.0000998973846436,0.9999979369067034,0.9998026612044414,1.0001855203476717,0.00010196047794019947
123.502116608528,-0.1097613916717818,kepler_4_b:kplr011853905-2009131105131_llc.fits,0.9999346137046814,0.9999979369067034,0.9998026072387817,1.000192171516446,-6.332320202195874e-05
158.8531934566563,-0.1090427295434965,kepler_4_b:kplr011853905-2009166043257_llc.fits,1.0001143217086792,0.9999979369067034,0.9998084002836554,1.0001908371806898,0.000116384801975844
229.55393000447657,-0.1090225537232261,kepler_4_b:kplr011853905-2009259160929_llc.fits,0.9999206066131592,0.9999979369067034,0.9998012805287048,1.0001776472326374,-7.733029354417553e-05
194.20385553649976,-0.1087388357000367,kepler_4_b:kplr011853905-2009259160929_llc.fits,0.9999229311943054,0.9999979369067034,0.9998169575000946,1.0001827610884122,-7.50057123979353e-05
252.05097348426352,-0.1076615559362588,kepler_4_b:kplr011853905-2009259160929_llc.fits,1.000092625617981,0.9999979369067034,0.9998082266996831,1.000181883530811,9.468871127760181e-05
146.00014815531904,-0.1074123268807574,kepler_4_b:kplr011853905-2009166043257_llc.fits,1.0000846385955813,0.9999979369067034,0.9998033274033743,1.0001899706358144,8.670168887792151e-05
216.7012873003914,-0.106989553808382,kepler_4_b:kplr011853905-2009259160929_llc.fits,0.9998883605003356,0.9999979369067034,0.999811031899278,1.0001833703881633,-0.00010957640636777288
181.35098889030635,-0.1069297778934703,kepler_4_b:kplr011853905-2009259160929_llc.fits,0.9998578429222106,0.9999979369067034,0.9998181684012935,1.000182713736785,-0.00014009398449277288
133.14706006123015,-0.1058247169696449,kepler_4_b:kplr011853905-2009166043257_llc.fits,0.9998922944068908,0.9999979369067034,0.9998080966583586,1.0001779975991556,-0.0001056424998125971
203.84856214001772,-0.1050390101820479,kepler_4_b:kplr011853905-2009259160929_llc.fits,1.0000733137130735,0.9999979369067034,0.9998136832212242,1.0001832443116943,7.53768063701532e-05
155.64504540894995,-0.1035218512498417,kepler_4_b:kplr011853905-2009166043257_llc.fits,1.000009298324585,0.9999979369067034,0.9997993408727097,1.0001848831455493,1.1361417881605718e-05
226.34588541704576,-0.1033982151540031,kepler_4_b:kplr011853905-2009259160929_llc.fits,0.9999191761016843,0.9999979369067034,0.9998111439899606,1.0001878921952478,-7.876080501900695e-05
190.99575447448296,-0.1031709717168312,kepler_4_b:kplr011853905-2009259160929_llc.fits,0.999915301799774,0.9999979369067034,0.9998078683266926,1.0001917598669317,-8.263510692940734e-05
248.84296208067096,-0.1020040335288092,kepler_4_b:kplr011853905-2009259160929_llc.fits,0.999977171421051,0.9999979367893431,0.9998109419197346,1.0001821652762757,-2.0765368292097186e-05
142.79198813802213,-0.1019034181776621,kepler_4_b:kplr011853905-2009166043257_llc.fits,1.000025987625122,0.9999979367506788,0.9998029824743052,1.0001919127678174,2.8050874443241725e-05
213.493222044468,-0.1013858837318115,kepler_4_b:kplr011853905-2009259160929_llc.fits,0.9999284148216248,0.9999979363822459,0.9998133606000796,1.0001902527882904,-6.952156062112191e-05
178.14286885841284,-0.1013808837869565,kepler_4_b:kplr011853905-2009259160929_llc.fits,1.0001251697540283,0.9999979363767558,0.9998142346268898,1.0001825603600498,0.0001272333772724954
129.93889197344106,-0.1003238787587352,kepler_4_b:kplr011853905-2009131105131_llc.fits,1.0002074241638184,0.9999979335626453,0.999796322171578,1.0001835119454676,0.00020949060117303464
235.9904376422055,-0.0998527679942891,kepler_4_b:kplr011853905-2009259160929_llc.fits,0.9999803900718688,0.9999979302206937,0.9998135484816194,1.000184347870262,-1.754014882493493e-05
200.64047629150448,-0.0994559326953401,kepler_4_b:kplr011853905-2009259160929_llc.fits,0.9999040961265564,0.999997925340924,0.9998076723946465,1.0001854844196894,-9.382921436762448e-05
152.43689406331396,-0.0980042708858388,kepler_4_b:kplr011853905-2009166043257_llc.fits,1.0000326633453367,0.9999978771891083,0.9998132390220024,1.0001890530729556,3.4786156228427956e-05
223.1378355541383,-0.0977791520615041,kepler_4_b:kplr011853905-2009259160929_llc.fits,0.9999226331710817,0.9999978622792911,0.9998088170892118,1.0001942232977985,-7.522910820945139e-05
187.787648629077,-0.0976078911227842,kepler_4_b:kplr011853905-2009259160929_llc.fits,1.0000041723251345,0.9999978490019678,0.999808350927436,1.000183157506974,6.323323166745887e-06
139.5838256761199,-0.0963969540799098,kepler_4_b:kplr011853905-2009166043257_llc.fits,1.0001327991485596,0.99999768760484,0.9998093412536008,1.0001802048413113,0.00013511154371959044
245.63494612570503,-0.0963510624947676,kepler_4_b:kplr011853905-2009259160929_llc.fits,0.9999982118606568,0.9999976783574185,0.9998092342601944,1.0001859782107851,5.335032383646521e-07
174.93474437572877,-0.0958364404710267,kepler_4_b:kplr011853905-2009259160929_llc.fits,0.9997909665107728,0.9999975550211546,0.9998085583656169,1.0001807209862332,-0.00020658851038179993
210.28515230247285,-0.0957866997269436,kepler_4_b:kplr011853905-2009259160929_llc.fits,0.9999400973320008,0.9999975410058302,0.9998167594148077,1.0001888874817644,-5.744367382931603e-05
126.73072200938624,-0.0948249168135675,kepler_4_b:kplr011853905-2009131105131_llc.fits,1.0000660419464111,0.9999971703604768,0.9998077532366973,1.0001903153970313,6.887158593438247e-05
162.08177194706514,-0.0941331651346606,kepler_4_b:kplr011853905-2009166043257_llc.fits,0.9999454021453856,0.9999967396169345,0.9998060725889284,1.0001801292726147,-5.1337471548840163e-05
197.4323853556416,-0.0938779425581961,kepler_4_b:kplr011853905-2009259160929_llc.fits,0.9999045133590698,0.9999965247131846,0.9998118045942216,1.0001754119254083,-9.201135411474048e-05
255.27941395383093,-0.0928900123688276,kepler_4_b:kplr011853905-2009259160929_llc.fits,1.000095009803772,0.9999951419173785,0.9998063217774074,1.0001893038722187,9.986788639348987e-05
149.22873962079757,-0.0924897874022272,kepler_4_b:kplr011853905-2009166043257_llc.fits,1.000089168548584,0.9999941875012762,0.9998021770074745,1.000189032214504,9.49810473077628e-05
219.929780767794,-0.0921650124057957,kepler_4_b:kplr011853905-2009259160929_llc.fits,1.0000319480895996,0.9999931603206116,0.9998109918271377,1.0001766201100555,3.8787768988024496e-05
184.57953789155,-0.0920497026498063,kepler_4_b:kplr011853905-2009259160929_llc.fits,0.9998608231544494,0.999992731563797,0.9998061329149704,1.0001785771879625,-0.00013190840934762527
136.37566090140172,-0.0908928027980786,kepler_4_b:kplr011853905-2009166043257_llc.fits,1.000069499015808,0.999986037972572,0.9997959113173086,1.000185102523727,8.346104323608827e-05
242.42692577454727,-0.0907024876525242,kepler_4_b:kplr011853905-2009259160929_llc.fits,1.0000466108322144,0.9999844605617294,0.9997964050499689,1.0001744622432398,6.215027048495081e-05
171.72661547729513,-0.0902964129046692,kepler_4_b:kplr011853905-2009259160929_llc.fits,0.999971330165863,0.999980593208652,0.9997866200722668,1.0001630613341987,-9.26304278892065e-06
207.07707657999708,-0.0901934962027126,kepler_4_b:kplr011853905-2009259160929_llc.fits,1.0001033544540403,0.9999795030686452,0.9997966990881908,1.0001674068987227,0.00012385138539505736
123.52255072576372,-0.0893272744360729,kepler_4_b:kplr011853905-2009131105131_llc.fits,0.9998111128807068,0.9999686092913369,0.9997714324838686,1.0001620647516685,-0.0001574964106301202
158.8736274127732,-0.088608773426593,kepler_4_b:kplr011853905-2009166043257_llc.fits,1.0000615119934082,0.9999574239700871,0.9997657457734663,1.0001494438722554,0.00010408802332106948
229.57436339725973,-0.0885891609400648,kepler_4_b:kplr011853905-2009259160929_llc.fits,0.9999815821647644,0.9999570944076024,0.999778257992289,1.0001503112670858,2.4487757162017232e-05
194.2242892885406,-0.0883050836591923,kepler_4_b:kplr011853905-2009259160929_llc.fits,0.9999194145202636,0.999952193677286,0.9997661962872546,1.0001397809283583,-3.27791570224889e-05
146.0205822904827,-0.0869781917170888,kepler_4_b:kplr011853905-2009166043257_llc.fits,0.9999487400054932,0.9999267214092644,0.9997325612626075,1.000121365089795,2.201859622874558e-05
216.7217208235525,-0.0865560306473363,kepler_4_b:kplr011853905-2009259160929_llc.fits,0.9998921751976012,0.99991793363684,0.9997217755550714,1.0001116341307046,-2.5758439238798836e-05
181.371422864584,-0.0864958036157765,kepler_4_b:kplr011853905-2009259160929_llc.fits,0.9999017119407652,0.9999166581831167,0.9997228784119652,1.0000981578296682,-1.4946242351543404e-05
133.16749425273883,-0.0853905254609605,kepler_4_b:kplr011853905-2009166043257_llc.fits,0.999927580356598,0.9998923798965716,0.9996996353322831,1.000094469573609,3.5200460026363345e-05
239.21890079564764,-0.085058540552154,kepler_4_b:kplr011853905-2009259160929_llc.fits,0.999828815460205,0.9998848010039414,0.9996933952154513,1.0000818051631588,-5.598554373642539e-05
203.8689958952018,-0.0846052549979898,kepler_4_b:kplr011853905-2009259160929_llc.fits,0.9997994899749756,0.9998742562662318,0.9996799972633709,1.0000667673294301,-7.476629125624523e-05
155.6654793867201,-0.0830878734796882,kepler_4_b:kplr011853905-2009166043257_llc.fits,0.9996741414070128,0.9998374823969414,0.9996366488091862,1.0000354026377845,-0.00016334098992853985
226.3663188419596,-0.082964790240213,kepler_4_b:kplr011853905-2009259160929_llc.fits,0.9997663497924804,0.999834407516385,0.9996409269418316,1.000020358443019,-6.805772390461318e-05
191.01618825795595,-0.0827371882438499,kepler_4_b:kplr011853905-2009259160929_llc.fits,0.9998695850372314,0.9998286901317662,0.9996378176877029,1.0000214533906127,4.089490546521635e-05
248.86339519231117,-0.0815709218886502,kepler_4_b:kplr011853905-2009259160929_llc.fits,0.9998211860656738,0.9997987590898735,0.9996069321044838,0.999986512326375,2.2426975800349247e-05
142.81242218936677,-0.0814693668330253,kepler_4_b:kplr011853905-2009166043257_llc.fits,0.9998149871826172,0.9997961050803944,0.9996031148116985,0.9999867683718493,1.8882102222783637e-05
213.51365560069095,-0.0809523275088144,kepler_4_b:kplr011853905-2009259160929_llc.fits,0.9998776912689208,0.9997824850591194,0.9995875700948573,0.9999707414486398,9.520620980141281e-05
178.16330276132794,-0.080946980871855,kepler_4_b:kplr011853905-2009259160929_llc.fits,0.999779224395752,0.9997823432933989,0.9995903164643349,0.9999713020099016,-3.1188976469254115e-06
236.0108709718916,-0.0794194383082322,kepler_4_b:kplr011853905-2009259160929_llc.fits,0.9997875690460204,0.9997411053227142,0.9995528874937334,0.9999320608252136,4.646372330618931e-05
200.66090997928404,-0.0790222449157533,kepler_4_b:kplr011853905-2009259160929_llc.fits,0.9996237158775328,0.9997301622206698,0.9995347112710767,0.9999187495839887,-0.00010644634313694556
152.4573280615732,-0.0775702726265887,kepler_4_b:kplr011853905-2009166043257_llc.fits,0.9996442794799804,0.9996895146528217,0.9994974104462534,0.9998824184067145,-4.5235172841384674e-05
223.1582691114163,-0.0773455947834931,kepler_4_b:kplr011853905-2009259160929_llc.fits,0.9997010231018066,0.9996831433879746,0.9994911591903988,0.999874698598041,1.787971383204745e-05
187.8080825432844,-0.0771739769153965,kepler_4_b:kplr011853905-2009259160929_llc.fits,0.9997751712799072,0.9996782645892491,0.9994827406672717,0.9998682610675536,9.690669065809399e-05
139.60425974224927,-0.0759628879505271,kepler_4_b:kplr011853905-2009166043257_llc.fits,0.9997345209121704,0.9996435528554924,0.9994536918742731,0.9998341783233012,9.09680566779647e-05
245.6553793657513,-0.0759178224485086,kepler_4_b:kplr011853905-2009259160929_llc.fits,0.9996505379676818,0.9996422529622276,0.9994564024903143,0.9998275684759328,8.285005454133909e-06
174.95517830681638,-0.0754025093834174,kepler_4_b:kplr011853905-2009259160929_llc.fits,0.9995245337486268,0.9996273595860443,0.9994389577302191,0.9998150815278306,-0.00010282583741749729
210.30558579176432,-0.0753532104354806,kepler_4_b:kplr011853905-2009259160929_llc.fits,0.999657154083252,0.9996259318114349,0.999434402471064,0.9998134852491873,3.122227181706627e-05
126.75115611962974,-0.0743908065700538,kepler_4_b:kplr011853905-2009131105131_llc.fits,0.999630331993103,0.9995979784153022,0.9994036875574025,0.9998007072580354,3.235357780084769e-05
232.80283639967087,-0.0737850845288725,kepler_4_b:kplr011853905-2009259160929_llc.fits,0.9993631243705748,0.9995803641128187,0.9993939617863695,0.9997778525362123,-0.00021723974224385767
162.10220608036616,-0.0736990318336372,kepler_4_b:kplr011853905-2009166043257_llc.fits,0.9996383786201476,0.9995778633392637,0.9993757814853913,0.999777402493313,6.051528088391045e-05
197.45281897578388,-0.0734443224159113,kepler_4_b:kplr011853905-2009259160929_llc.fits,0.9994555115699768,0.9995704715592002,0.9993734069152038,0.9997605449931277,-0.00011495998922339545
255.29984711192083,-0.0724568542789552,kepler_4_b:kplr011853905-2009259160929_llc.fits,0.9997943639755248,0.9995421946385024,0.9993503417665244,0.9997266296628922,0.00025216933702243427
149.24917363803252,-0.0720557701672797,kepler_4_b:kplr011853905-2009166043257_llc.fits,0.99953556060791,0.9995310189580024,0.9993371294429028,0.999724115571532,4.5416499075967565e-06
219.95021425766757,-0.0717315225322561,kepler_4_b:kplr011853905-2009259160929_llc.fits,0.9995500445365904,0.999522207156261,0.9993341691944448,0.9997153748559495,2.7837380329409633e-05
184.5999717360246,-0.0716158581751964,kepler_4_b:kplr011853905-2009259160929_llc.fits,0.9994043111801147,0.9995191220723888,0.9993369185862568,0.9997070450661668,-0.00011481089227405317
242.44735904369736,-0.0702692185024347,kepler_4_b:kplr011853905-2009259160929_llc.fits,0.9994898438453674,0.9994861931698859,0.9992945617661618,0.9996672345890331,3.650675481581267e-06
171.74704943515826,-0.0698624550415358,kepler_4_b:kplr011853905-2009259160929_llc.fits,0.9994397163391112,0.9994775362317954,0.9992893880039737,0.9996675997789692,-3.781989268414332e-05
207.09751020211843,-0.0697598740813674,kepler_4_b:kplr011853905-2009259160929_llc.fits,0.9994753003120422,0.9994754557964082,0.9992846342847418,0.9996616807317754,-1.5548436593793014e-07
158.89406156889163,-0.0681746173081665,kepler_4_b:kplr011853905-2009166043257_llc.fits,0.9995342493057252,0.9994482851646989,0.9992519591814749,0.9996336346534367,8.596414102635119e-05
229.5947968898108,-0.0681556683889728,kepler_4_b:kplr011853905-2009259160929_llc.fits,0.9993910789489746,0.9994480111689151,0.9992515712722526,0.9996306812165091,-5.693221994051978e-05
194.24472294034783,-0.06787143185194,kepler_4_b:kplr011853905-2009259160929_llc.fits,0.9994343519210817,0.9994440201494359,0.9992553099417777,0.9996302428785245,-9.668228354242636e-06
252.09183985306296,-0.0667951871367884,kepler_4_b:kplr011853905-2009259160929_llc.fits,0.9994820952415466,0.9994305838858188,0.99923964423309,0.9996153733496682,5.151135572778465e-05
146.04101632541278,-0.0665441567870124,kepler_4_b:kplr011853905-2009166043257_llc.fits,0.9995775818824768,0.9994277495465209,0.9992321531897852,0.9996152537654491,0.00014983233595589063
216.74215434648795,-0.0661225077118452,kepler_4_b:kplr011853905-2009259160929_llc.fits,0.9994037151336668,0.9994231899020967,0.9992296415224536,0.9996065198524796,-1.9474768429894596e-05
181.39185663862736,-0.0660620295724363,kepler_4_b:kplr011853905-2009259160929_llc.fits,0.9994416832923888,0.9994225548723606,0.9992323238690873,0.9996149006259982,1.912842002815829e-05
133.18792844412383,-0.0649563340759675,kepler_4_b:kplr011853905-2009166043257_llc.fits,0.9994890093803404,0.999411687789479,0.9992222115019573,0.9996064226983096,7.732159086137891e-05
239.23933409460005,-0.0646252415997421,kepler_4_b:kplr011853905-2009259160929_llc.fits,0.9995174407958984,0.9994086779459317,0.9992176729660832,0.9995964071004063,0.00010876284996674812
155.68591356449178,-0.0626536957080119,kepler_4_b:kplr011853905-2009166043257_llc.fits,0.9993499517440796,0.9993926742676608,0.9992000455882536,0.9995802391530275,-4.2722523581173455e-05
226.38675216663975,-0.062531465560015,kepler_4_b:kplr011853905-2009259160929_llc.fits,0.9993872046470642,0.9993917781283976,0.9992032242659542,0.99957975565987,-4.573481333425278e-06
248.88382840395207,-0.0611377102477297,kepler_4_b:kplr011853905-2009259160929_llc.fits,0.9993546605110168,0.9993822320395535,0.9991930723612144,0.9995747011350882,-2.757152853660738e-05
142.83285634071217,-0.061035215487627,kepler_4_b:kplr011853905-2009166043257_llc.fits,0.9993650317192077,0.9993815754718449,0.9991945400259669,0.9995785911312254,-1.654375263726582e-05
213.5340892566892,-0.0605186715106105,kepler_4_b:kplr011853905-2009259160929_llc.fits,0.999490201473236,0.9993783537083671,0.9991893672141953,0.9995662416324177,0.00011184776486883319
178.18373656424228,-0.0605131779575149,kepler_4_b:kplr011853905-2009259160929_llc.fits,0.999353051185608,0.9993783201992039,0.9991894873046043,0.9995733591908074,-2.5269013595896617e-05
129.97976037670742,-0.0594554754923766,kepler_4_b:kplr011853905-2009131105131_llc.fits,0.9995386004447936,0.999372143897035,0.9991827000385243,0.9995605034986572,0.00016645654775859775
236.0313043013448,-0.0589861088550061,kepler_4_b:kplr011853905-2009259160929_llc.fits,0.9993149638175964,0.9993695683568778,0.9991752215115446,0.9995595415937909,-5.460453928141096e-05
200.68134356683004,-0.0585886573697587,kepler_4_b:kplr011853905-2009259160929_llc.fits,0.9992220997810364,0.9993674591250982,0.9991776045053815,0.9995536966615142,-0.00014535934406179063
152.47776225960115,-0.0571360745986464,kepler_4_b:kplr011853905-2009166043257_llc.fits,0.9992594718933104,0.9993602580797548,0.9991726003301131,0.9995543964129803,-0.00010078618644437931
223.17870256869355,-0.0569121375062435,kepler_4_b:kplr011853905-2009259160929_llc.fits,0.999172568321228,0.9993592125465826,0.9991716311667558,0.9995509915394942,-0.0001866442253545264
187.82851625749024,-0.0567402627095316,kepler_4_b:kplr011853905-2009259160929_llc.fits,0.9993201494216918,0.9993584209126726,0.9991756053621663,0.9995415656486898,-3.827149098079019e-05
139.62469390849583,-0.0555287217039677,kepler_4_b:kplr011853905-2009166043257_llc.fits,0.9994450807571412,0.9993530885294517,0.9991627547055475,0.9995490766843681,9.199222768951909e-05
174.97561213743757,-0.0549686787622307,kepler_4_b:kplr011853905-2009259160929_llc.fits,0.999222993850708,0.9993507598533908,0.9991643848109052,0.999536798434089,-0.00012776600268282756
210.32601938081643,-0.0549196213833627,kepler_4_b:kplr011853905-2009259160929_llc.fits,0.999497413635254,0.9993505596813855,0.9991604221544138,0.9995387013809766,0.00014685395386848654
126.77159042988204,-0.0539564963177412,kepler_4_b:kplr011853905-2009131105131_llc.fits,0.9995306134223938,0.9993467470805532,0.9991596906416692,0.9995416271994192,0.00018386634184064388
232.8232696603227,-0.0533518238771015,kepler_4_b:kplr011853905-2009259160929_llc.fits,0.999234914779663,0.99934446154532,0.9991586299595231,0.9995245271272915,-0.00010954676565699817
162.1226401134263,-0.0532649987734818,kepler_4_b:kplr011853905-2009166043257_llc.fits,0.9992789030075072,0.9993441397969569,0.9991523397421149,0.9995407752357336,-6.523678944969635e-05
197.4732526956941,-0.0530106025056957,kepler_4_b:kplr011853905-2009259160929_llc.fits,0.9994171261787415,0.9993432061552968,0.9991554675106432,0.9995426423444312,7.392002344464021e-05
255.32028037000416,-0.0520235961955972,kepler_4_b:kplr011853905-2009259160929_llc.fits,0.9992430806159972,0.999339707090931,0.999156347051881,0.9995256746511298,-9.662647493380305e-05
149.269607855269,-0.0516215529308092,kepler_4_b:kplr011853905-2009166043257_llc.fits,0.9991532564163208,0.9993383353521469,0.9991480253587768,0.9995284605564028,-0.00018507893582608848
184.6204055804992,-0.0511820137005865,kepler_4_b:kplr011853905-2009259160929_llc.fits,0.999155044555664,0.9993368695711747,0.9991462241519516,0.9995241944788972,-0.00018182501551078367
136.41652926054667,-0.0500244436531269,kepler_4_b:kplr011853905-2009166043257_llc.fits,0.9993890523910522,0.9993331707011923,0.9991415865538635,0.9995239285730115,5.588168985992681e-05
207.1179438242325,-0.0493262519672981,kepler_4_b:kplr011853905-2009259160929_llc.fits,0.9995223879814148,0.999331046948044,0.9991449998972823,0.9995167375970019,0.00019134103337081765
123.56341926011372,-0.0484587400860618,kepler_4_b:kplr011853905-2009131105131_llc.fits,0.9992703199386596,0.9993285139260023,0.9991278637126944,0.9995300898602989,-5.819398734274728e-05
229.6152301821276,-0.0477223760722342,kepler_4_b:kplr011853905-2009259160929_llc.fits,0.9993374347686768,0.9993264513950157,0.999132974975113,0.9995135739103381,1.0983373661010987e-05
194.26515679214936,-0.0474375800504407,kepler_4_b:kplr011853905-2009259160929_llc.fits,0.999238073825836,0.9993256744156982,0.999137944309117,0.9995087528443845,-8.760058986223562e-05
252.11227313722335,-0.0463619029763984,kepler_4_b:kplr011853905-2009259160929_llc.fits,0.9995219707489011,0.9993228397495466,0.9991385161539865,0.9995131785414014,0.00019913099935453538
146.06145056034438,-0.046109921855413,kepler_4_b:kplr011853905-2009166043257_llc.fits,0.9993318915367126,0.9993221978621792,0.9991424226692803,0.9995148178220052,9.693674533406416e-06
216.76258786942344,-0.0456889847763541,kepler_4_b:kplr011853905-2009259160929_llc.fits,0.999378502368927,0.9993211437020869,0.9991314260476762,0.9995156660450352,5.73586668400905e-05
181.41229051243133,-0.0456281557684412,kepler_4_b:kplr011853905-2009259160929_llc.fits,0.9993764758110046,0.9993209932152685,0.9991286901153246,0.9995052510860889,5.54825957361782e-05
133.20836273551686,-0.0445220426829371,kepler_4_b:kplr011853905-2009166043257_llc.fits,0.9994471073150634,0.9993183357648127,0.9991248398882916,0.9995163211325327,0.00012877155025070586
203.9098631050947,-0.0437380451050952,kepler_4_b:kplr011853905-2009259160929_llc.fits,0.9993579983711242,0.9993165396480557,0.9991290349538605,0.9995040666008977,4.145872306848819e-05
155.7063476420226,-0.0422196181772036,kepler_4_b:kplr011853905-2009166043257_llc.fits,0.9994506239891052,0.9993132547887508,0.9991198615999721,0.9995030926894728,0.00013736920035445355
226.40718569108137,-0.0420979411184008,kepler_4_b:kplr011853905-2009259160929_llc.fits,0.9993115663528442,0.9993130021507131,0.9991216083724509,0.9995073178058259,-1.435797868820643e-06
191.0570558241961,-0.0418696220036551,kepler_4_b:kplr011853905-2009259160929_llc.fits,0.9992724657058716,0.9993125321932002,0.9991176597775381,0.9994955240217686,-4.0066487328571654e-05
142.85329049194115,-0.040601064258644,kepler_4_b:kplr011853905-2009166043257_llc.fits,0.9991995692253112,0.9993100158342298,0.9991182210819346,0.9994964921573756,-0.00011044660891867952
213.55452271268587,-0.0400852155139295,kepler_4_b:kplr011853905-2009259160929_llc.fits,0.9993445873260498,0.9993090369464817,0.9991249729101896,0.9994903386571191,3.555037956814999e-05
130.00019447822706,-0.039021373972736,kepler_4_b:kplr011853905-2009131105131_llc.fits,0.9994776248931884,0.9993070953508763,0.9991149334600234,0.9994917748078799,0.00017052954231211448
200.7017772541367,-0.0381549700631091,kepler_4_b:kplr011853905-2009259160929_llc.fits,0.9993889927864074,0.9993055878326941,0.9991197885912939,0.9994906116250103,8.340495371328416e-05
152.49819635762103,-0.0367019765787415,kepler_4_b:kplr011853905-2009166043257_llc.fits,0.9992871284484864,0.9993032002710542,0.999113854392153,0.999500700441187,-1.6071822567798044e-05
223.1991359255044,-0.0364787806954167,kepler_4_b:kplr011853905-2009259160929_llc.fits,0.9991596341133115,0.9993028484974963,0.9991089030397013,0.9994939132828299,-0.0001432143841847422
187.8489500714568,-0.036306448743012,kepler_4_b:kplr011853905-2009259160929_llc.fits,0.9992220401763916,0.9993025795397368,0.999111138083724,0.9994902260510643,-8.053936334517786e-05
139.64512807450956,-0.0350945556902388,kepler_4_b:kplr011853905-2009166043257_llc.fits,0.9991991519927979,0.9993007517593252,0.9990976176797428,0.9994933866493431,-0.00010159976652734937
245.696245944906,-0.0350512432938276,kepler_4_b:kplr011853905-2009259160929_llc.fits,0.99930602312088,0.9993006884519516,0.9991121774224507,0.9994900935957022,5.334668928380637e-06
174.996046168053,-0.0345346481467971,kepler_4_b:kplr011853905-2009259160929_llc.fits,0.999226689338684,0.9992999438123776,0.9991068165635499,0.9994865624163738,-7.325447369366245e-05
210.34645306987656,-0.0344859323232074,kepler_4_b:kplr011853905-2009259160929_llc.fits,0.9993705153465272,0.9992998745763433,0.9991125556196182,0.9994956392320298,7.064077018392734e-05
126.7920246400172,-0.0335222861826054,kepler_4_b:kplr011853905-2009131105131_llc.fits,0.9993426799774168,0.999298539108887,0.9991038950842117,0.9994979643198018,4.414086852977395e-05
232.84370312050305,-0.0329183636967449,kepler_4_b:kplr011853905-2009259160929_llc.fits,0.9992156624794006,0.9992977344537954,0.9991094736201073,0.9994797327765987,-8.207197439480396e-05
162.14307404626015,-0.0328310659396426,kepler_4_b:kplr011853905-2009166043257_llc.fits,0.9993549585342408,0.9992976201478918,0.9991079824198738,0.9994940893435112,5.7338386349026216e-05
197.4936865151321,-0.0325767830676559,kepler_4_b:kplr011853905-2009259160929_llc.fits,0.9993773102760314,0.9992972900454646,0.9991188815276558,0.9994797801388202,8.002023056674634e-05
255.3407134278605,-0.0315905383393169,kepler_4_b:kplr011853905-2009259160929_llc.fits,0.9993021488189696,0.999296049114041,0.9991116524504846,0.999488344413766,6.099704928597127e-06
149.2900419722646,-0.0311874359352068,kepler_4_b:kplr011853905-2009166043257_llc.fits,0.9993246793746948,0.9992955595189486,0.9991073514386514,0.999486040111228,2.9119855746273515e-05
219.99108123740731,-0.0308645427924527,kepler_4_b:kplr011853905-2009259160929_llc.fits,0.999348759651184,0.9992951745328942,0.9991049463692718,0.9994916054947803,5.358511828978951e-05
184.64083942450088,-0.0307481696989138,kepler_4_b:kplr011853905-2009259160929_llc.fits,0.9992024302482604,0.9992950373301679,0.9991119571376,0.9994837622166489,-9.260708190750311e-05
136.43696343994816,-0.0295902642516361,kepler_4_b:kplr011853905-2009166043257_llc.fits,0.999278724193573,0.9992937158947508,0.9990958541387265,0.999477485960418,-1.4991701177802241e-05
171.7879173506517,-0.0289945395480997,kepler_4_b:kplr011853905-2009259160929_llc.fits,0.9992452263832092,0.9992930662002314,0.9991078369584306,0.9994804406731004,-4.783981702216611e-05
207.13837754612177,-0.028892530078022,kepler_4_b:kplr011853905-2009259160929_llc.fits,0.9991936087608336,0.9992929569522692,0.9991059382865294,0.9994843954246421,-9.93481914355332e-05
123.5838534772338,-0.0280245229660067,kepler_4_b:kplr011853905-2009131105131_llc.fits,0.9993086457252502,0.9992920505501202,0.9990950586870508,0.9994857007643514,1.6595175130085238e-05
158.93492958042043,-0.0273066057793658,kepler_4_b:kplr011853905-2009166043257_llc.fits,0.9994024634361268,0.9992913315454518,0.9991031413765685,0.9994807868476646,0.00011113189067502027
229.63566357420493,-0.0272889839948409,kepler_4_b:kplr011853905-2009259160929_llc.fits,0.9992460012435912,0.9992913142387261,0.999104185686154,0.999483970661285,-4.531299513488296e-05
194.2855905437245,-0.0270038284752576,kepler_4_b:kplr011853905-2009259160929_llc.fits,0.9990503787994384,0.9992910364276015,0.9990978629927313,0.9994752932740223,-0.0002406576281631656
252.1327062211567,-0.0259288190430859,kepler_4_b:kplr011853905-2009259160929_llc.fits,0.9993431568145752,0.9992900264718725,0.9990992664217838,0.9994763705634621,5.3130342702711886e-05
146.08188469503511,-0.0256757871646817,kepler_4_b:kplr011853905-2009166043257_llc.fits,0.9993576407432556,0.9992897971629686,0.9991120070966706,0.9994935853237099,6.7843580286997e-05
216.78302129188523,-0.0252555623145618,kepler_4_b:kplr011853905-2009259160929_llc.fits,0.9992436170578002,0.999289423261577,0.9991013094156398,0.9994742409034583,-4.580620377681033e-05
133.2287968266755,-0.0240879515242602,kepler_4_b:kplr011853905-2009166043257_llc.fits,0.999362289905548,0.999288428714962,0.9991033952070287,0.9994855761793976,7.386119058594431e-05
239.28020059156552,-0.0237587446342784,kepler_4_b:kplr011853905-2009259160929_llc.fits,0.999292016029358,0.9992881598164047,0.9990996462383938,0.9994778391362646,3.856212953290417e-06
203.93029685958027,-0.0233042906195291,kepler_4_b:kplr011853905-2009259160929_llc.fits,0.9992412328720092,0.9992877967408192,0.9991008346544317,0.9994775882640156,-4.65638688100789e-05
155.72678161932708,-0.0217856408727115,kepler_4_b:kplr011853905-2009166043257_llc.fits,0.9993311762809752,0.9992866499839315,0.999089846799819,0.9994719298536712,4.452629704376765e-05
226.4276191152967,-0.0216645169031026,kepler_4_b:kplr011853905-2009259160929_llc.fits,0.9992288947105408,0.9992865628249222,0.9990988411359518,0.9994772627052082,-5.766811438145947e-05
248.9246948265281,-0.0202712876716566,kepler_4_b:kplr011853905-2009259160929_llc.fits,0.9992490410804749,0.9992856044463096,0.9990899346237994,0.9994684858685532,-3.656336583479636e-05
142.8737247430472,-0.0201668131525909,kepler_4_b:kplr011853905-2009166043257_llc.fits,0.9993212819099426,0.9992855357975049,0.9990951569157547,0.9994756064480892,3.574611243772896e-05
213.5749562682104,-0.0196516599894243,kepler_4_b:kplr011853905-2009259160929_llc.fits,0.9993794560432434,0.9992852037182867,0.999099015565761,0.9994684799183229,9.425232495674507e-05
178.22460446913465,-0.019645273065149,kepler_4_b:kplr011853905-2009259160929_llc.fits,0.9993684887886048,0.9992851996676906,0.9990948270785573,0.9994712299310383,8.328912091426499e-05
130.02062877974095,-0.0185870724588486,kepler_4_b:kplr011853905-2009131105131_llc.fits,0.9993664026260376,0.9992845506944948,0.9990966342400044,0.9994793182324392,8.18519315427535e-05
236.07217095954547,-0.0181194506543216,kepler_4_b:kplr011853905-2009259160929_llc.fits,0.9991926550865172,0.9992842777130584,0.9990993226361162,0.9994766712196412,-9.162262654116571e-05
200.72221104145137,-0.0177211827484222,kepler_4_b:kplr011853905-2009259160929_llc.fits,0.9991974234580993,0.999284051759413,0.9990978511589951,0.9994782114828992,-8.662830131378474e-05
152.51863035541464,-0.0162679787851527,kepler_4_b:kplr011853905-2009166043257_llc.fits,0.9993548393249512,0.9992832771874055,0.9990941678508102,0.9994810320698349,7.156213754566654e-05
223.21956948230945,-0.016045223890343,kepler_4_b:kplr011853905-2009259160929_llc.fits,0.999245285987854,0.9992831652434288,0.9990974572283268,0.999470983334218,-3.787925557474647e-05
187.86938378496416,-0.0158727352356391,kepler_4_b:kplr011853905-2009259160929_llc.fits,0.9993239641189576,0.9992830797785168,0.9990950336742165,0.9994652758401247,4.088434044080547e-05
139.66556234051677,-0.0146602896830245,kepler_4_b:kplr011853905-2009166043257_llc.fits,0.9993029236793518,0.9992825086071823,0.9990911537556392,0.9994743610636229,2.041507216954397e-05
245.71667908425297,-0.014618103946822,kepler_4_b:kplr011853905-2009259160929_llc.fits,0.9993919730186462,0.9992824896544006,0.9990931296898331,0.9994710023878978,0.00010948336424565497
175.01648009844212,-0.0141007177576797,kepler_4_b:kplr011853905-2009259160929_llc.fits,0.9992085099220276,0.9992822621674606,0.999090671315596,0.9994741390592806,-7.375224543304526e-05
210.3668865584696,-0.0140524437302362,kepler_4_b:kplr011853905-2009259160929_llc.fits,0.999495506286621,0.9992822414074632,0.999096775468031,0.999471657067959,0.0002132648791577374
232.86413648068992,-0.0124850035098738,kepler_4_b:kplr011853905-2009259160929_llc.fits,0.9992350935935974,0.9992816097586396,0.9990971183517705,0.9994739284936641,-4.6516165042143065e-05
162.16350817908824,-0.0123969331115565,kepler_4_b:kplr011853905-2009166043257_llc.fits,0.9994454979896544,0.9992815766777283,0.9990897349366061,0.999475420347299,0.00016392131192610737
197.51412013457596,-0.0121431636238631,kepler_4_b:kplr011853905-2009259160929_llc.fits,0.9992072582244872,0.9992814827701314,0.9990910505259616,0.9994638813974868,-7.42245456442081e-05
255.36114658548468,-0.0111573807151057,kepler_4_b:kplr011853905-2009259160929_llc.fits,0.9993396401405334,0.9992811376941185,0.999094094082553,0.9994684406906987,5.850244641492086e-05
220.0115147268152,-0.0104310533845743,kepler_4_b:kplr011853905-2009259160929_llc.fits,0.9992444515228271,0.9992809032304626,0.9991020787986102,0.9994753247162528,-3.645170763544314e-05
184.66127326850983,-0.0103143256899651,kepler_4_b:kplr011853905-2009259160929_llc.fits,0.9992095828056335,0.9992808670968052,0.999095549500981,0.999465891384177,-7.128429117164714e-05
136.4573977193431,-0.0091559848566598,kepler_4_b:kplr011853905-2009166043257_llc.fits,0.9992567896842957,0.999280531451292,0.9990917148017096,0.9994740867221656,-2.3741766996376867e-05
242.50865884927768,-0.0089694129220874,kepler_4_b:kplr011853905-2009259160929_llc.fits,0.9992921948432922,0.9992804812500622,0.9990935961046565,0.9994655214122261,1.171359323004495e-05
171.8083513080419,-0.0085605821579035,kepler_4_b:kplr011853905-2009259160929_llc.fits,0.999349534511566,0.9992803749527294,0.9990989768356614,0.9994733624642627,6.915955883668445e-05
207.1588110677767,-0.0084590084230995,kepler_4_b:kplr011853905-2009259160929_llc.fits,0.9993149638175964,0.9992803493298155,0.9990872389928429,0.9994645672585152,3.461448778097065e-05
123.60428769435384,-0.0075903058459516,kepler_4_b:kplr011853905-2009131105131_llc.fits,0.9992498755455016,0.9992801428872841,0.9990930896194516,0.9994786150480733,-3.026734178246393e-05
158.95536373606592,-0.0068724501338766,kepler_4_b:kplr011853905-2009166043257_llc.fits,0.999296486377716,0.9992799893037442,0.9990841491858633,0.9994708159501052,1.6497073971777354e-05
229.65609706605755,-0.0068554921422407,kepler_4_b:kplr011853905-2009259160929_llc.fits,0.9991567134857176,0.9992799858603267,0.9990903920024313,0.9994663066547168,-0.0001232723746091846
194.3060242948341,-0.0065700773657357,kepler_4_b:kplr011853905-2009259160929_llc.fits,0.999304950237274,0.9992799291786946,0.9990994701446722,0.9994661421861682,2.502105857937753e-05
252.15313940485797,-0.0054956353418427,kepler_4_b:kplr011853905-2009259160929_llc.fits,0.9994527101516724,0.9992797372373122,0.9990908683756317,0.9994665139016834,0.00017297291436013662
146.10231872973236,-0.0052417524674359,kepler_4_b:kplr011853905-2009166043257_llc.fits,0.999347686767578,0.9992796967995972,0.9990895274906365,0.9994750113698093,6.798996798085266e-05
216.80345491435585,-0.0048219398439706,kepler_4_b:kplr011853905-2009259160929_llc.fits,0.999454379081726,0.9992796340305099,0.9990934456092422,0.9994666596107652,0.0001747450512160631
181.45315825958824,-0.0047604086115604,kepler_4_b:kplr011853905-2009259160929_llc.fits,0.9993543624877927,0.9992796252585895,0.9990863140978987,0.9994713929004493,7.473722920325887e-05
133.2492310179441,-0.0036537602556825,kepler_4_b:kplr011853905-2009166043257_llc.fits,0.999367356300354,0.9992794860870576,0.9990865022841889,0.9994729204387454,8.787021329637046e-05
239.3006339898202,-0.003325346379597,kepler_4_b:kplr011853905-2009259160929_llc.fits,0.9992820024490356,0.999279451536293,0.9990931342811273,0.9994722523245019,2.5509127425937805e-06
203.9507304140643,-0.0028707361354858,kepler_4_b:kplr011853905-2009259160929_llc.fits,0.9992461800575256,0.9992794087840869,0.9990900966332987,0.9994674266893283,-3.3228726561307376e-05
155.74721569663234,-0.0013515635674579,kepler_4_b:kplr011853905-2009166043257_llc.fits,0.999393880367279,0.9992793084802991,0.9990894906380542,0.9994690524661827,0.0001145718869799417
226.4480524392784,-0.0012311929213966,kepler_4_b:kplr011853905-2009259160929_llc.fits,0.9993122220039368,0.9992793033250597,0.9990898575671032,0.9994632125179113,3.291867887711408e-05
248.94512803747057,0.0001619232707719,kepler_4_b:kplr011853905-2009259160929_llc.fits,0.9992332458496092,0.999279273403706,0.9990898804857581,0.9994673906468747,-4.602755409688353e-05
142.8941587940426,0.0002672378427999,kepler_4_b:kplr011853905-2009166043257_llc.fits,0.9992939233779908,0.999279273366125,0.9990777920634554,0.9994769178739453,1.465001186584658e-05
178.24503827158333,0.0007885293835296,kepler_4_b:kplr011853905-2009259160929_llc.fits,0.9991701245307922,0.9992792777830418,0.999090220552686,0.999466664724649,-0.00010915325224958305
130.04106298126135,0.0018471290615533,kepler_4_b:kplr011853905-2009131105131_llc.fits,0.9994769096374512,0.9992793103342477,0.9990815277582694,0.9994792731159609,0.0001975993032035106
236.0926042883002,0.0023138781004126,kepler_4_b:kplr011853905-2009259160929_llc.fits,0.9992160201072692,0.9992793347392186,0.9990933344400785,0.999469822206044,-6.331463194941822e-05
200.7426447282924,0.0027125040925659,kepler_4_b:kplr011853905-2009259160929_llc.fits,0.9991629719734192,0.9992793604632237,0.9990921140840047,0.9994652634259659,-0.00011638848980455307
152.53906455308606,0.0041662188862676,kepler_4_b:kplr011853905-2009166043257_llc.fits,0.9993940591812132,0.9992794925184376,0.999089730651536,0.9994780632238242,0.00011456666277553929
223.24000293865535,0.0043882324555839,kepler_4_b:kplr011853905-2009259160929_llc.fits,0.999412715435028,0.9992795179921669,0.9990905788120688,0.9994718049618108,0.00013319744286111046
187.88981769847305,0.0045611782732566,kepler_4_b:kplr011853905-2009259160929_llc.fits,0.9993628859519958,0.9992795388143675,0.9990889227099744,0.9994723675872033,8.334713762836454e-05
139.68599640641332,0.0057737762135274,kepler_4_b:kplr011853905-2009166043257_llc.fits,0.999221920967102,0.9992797089855862,0.9990826351254675,0.999474340332517,-5.7788018484106196e-05
175.03691392859764,0.0063331123978456,kepler_4_b:kplr011853905-2009259160929_llc.fits,0.9991493821144104,0.9992798018317385,0.99909806170394,0.9994710541910597,-0.00013041971732807855
210.3873201468232,0.0063811446233896,kepler_4_b:kplr011853905-2009259160929_llc.fits,0.9993130564689636,0.9992798102298854,0.9990838791375695,0.9994626066037042,3.3246239078188466e-05
126.832892960163,0.0073460339632134,kepler_4_b:kplr011853905-2009131105131_llc.fits,0.999378263950348,0.9992799932645999,0.9990870605560171,0.9994652868958241,9.827068574808084e-05
232.88456984086952,0.0079483566697213,kepler_4_b:kplr011853905-2009259160929_llc.fits,0.999232530593872,0.9992801214571847,0.9990882171065815,0.9994667303465098,-4.759086331274087e-05
162.18394221169,0.0080370994902134,kepler_4_b:kplr011853905-2009166043257_llc.fits,0.9993446469306944,0.9992801412564001,0.9990894401947428,0.999478146125801,6.450567429427956e-05
255.3815797431016,0.0092757769018294,kepler_4_b:kplr011853905-2009259160929_llc.fits,0.9992769956588744,0.9992804423005407,0.999091393543765,0.9994646486052406,-3.446641666293715e-06
149.33091010603675,0.0096806978369576,kepler_4_b:kplr011853905-2009166043257_llc.fits,0.9992592930793762,0.999280550793979,0.9990826072535355,0.9994756003287747,-2.1257714602818112e-05
220.0319481159895,0.0100023357897118,kepler_4_b:kplr011853905-2009259160929_llc.fits,0.9993441700935364,0.9992806405517798,0.999098561968083,0.9994766430503967,6.352954175659065e-05
184.6817072122867,0.0101196180869143,kepler_4_b:kplr011853905-2009259160929_llc.fits,0.9990325570106506,0.9992806740733903,0.9990961409163308,0.9994630467374823,-0.00024811706273963896
136.47783179862745,0.0112780944276542,kepler_4_b:kplr011853905-2009166043257_llc.fits,0.9991692900657652,0.9992810281575629,0.9990856403622594,0.9994736672843434,-0.00011173809179776395
242.5290921174892,0.0114638552894035,kepler_4_b:kplr011853905-2009259160929_llc.fits,0.9991912245750428,0.9992810888514618,0.9990897858406367,0.9994727201834407,-8.986427641899386e-05
171.82878516520577,0.0118732750059764,kepler_4_b:kplr011853905-2009259160929_llc.fits,0.9992307424545288,0.999281226488197,0.999091267554815,0.9994723957347666,-5.048403366814114e-05
207.17924468895944,0.0119746127596471,kepler_4_b:kplr011853905-2009259160929_llc.fits,0.9992555379867551,0.9992812613806126,0.9991001054865182,0.9994695798777705,-2.572339385742417e-05
123.62472191146662,0.0128439112668274,kepler_4_b:kplr011853905-2009131105131_llc.fits,0.9992746710777282,0.999281574278831,0.9990855527964329,0.9994704325412064,-6.9032011028591356e-06
158.9757977914851,0.0135616052852964,kepler_4_b:kplr011853905-2009166043257_llc.fits,0.999207615852356,0.9992818511706215,0.9990875983887264,0.9994759692380701,-7.423531826555863e-05
229.67653035766853,0.0135777994687298,kepler_4_b:kplr011853905-2009259160929_llc.fits,0.9992473125457764,0.999281857614497,0.9990963267159678,0.999478453058937,-3.454506872058172e-05
194.32645794593557,0.0138635737357486,kepler_4_b:kplr011853905-2009259160929_llc.fits,0.999376356601715,0.9992819727623643,0.9991017506826079,0.9994721525433885,9.438383935067574e-05
252.17357248855117,0.0149374483513631,kepler_4_b:kplr011853905-2009259160929_llc.fits,0.999294102191925,0.9992824300048403,0.9990944706522181,0.9994697343917465,1.1672187084754704e-05
146.12275286431395,0.0151923821141559,kepler_4_b:kplr011853905-2009166043257_llc.fits,0.999371349811554,0.99928254432245,0.9990905392625836,0.9994692134615935,8.880548910394914e-05
216.8238884365928,0.0156115823930285,kepler_4_b:kplr011853905-2009259160929_llc.fits,0.9993846416473388,0.9992827371852836,0.999088038661655,0.999469638289493,0.00010190446205515791
181.4735921326937,0.0156734644939426,kepler_4_b:kplr011853905-2009259160929_llc.fits,0.99932861328125,0.9992827661734364,0.9990927487175801,0.9994725066636816,4.584710781363466e-05
133.2696652089871,0.0167804307873404,kepler_4_b:kplr011853905-2009166043257_llc.fits,0.9991248250007628,0.999283307548217,0.9990915631491005,0.9994732327494099,-0.00015848254745420842
239.32106718806608,0.0171078518662854,kepler_4_b:kplr011853905-2009259160929_llc.fits,0.999147891998291,0.9992834760755224,0.9991018235183007,0.9994686308063584,-0.00013558407723135435
203.971164068309,0.0175629181092122,kepler_4_b:kplr011853905-2009259160929_llc.fits,0.999199330806732,0.9992837167829032,0.9990867773149491,0.9994682349513212,-8.438597617121957e-05
155.76764987393108,0.0190826137312811,kepler_4_b:kplr011853905-2009166043257_llc.fits,0.999330997467041,0.9992845764629762,0.9990924179871905,0.9994826328299072,4.6421004064822746e-05
248.9655612481729,0.0205951339730938,kepler_4_b:kplr011853905-2009259160929_llc.fits,0.9992461800575256,0.9992855204553643,0.9990931983386052,0.9994805570754687,-3.934039783870524e-05
142.91459294492233,0.0207013887225369,kepler_4_b:kplr011853905-2009166043257_llc.fits,0.9993043541908264,0.9992855901943719,0.9990955452768895,0.9994820480679942,1.8763996454507215e-05
213.61582337880827,0.0212154506084767,kepler_4_b:kplr011853905-2009259160929_llc.fits,0.999354302883148,0.9992859340856688,0.9991022587876591,0.999473355730544,6.836879747917912e-05
178.26547217355983,0.0212224313600326,kepler_4_b:kplr011853905-2009259160929_llc.fits,0.9993217587471008,0.9992859388301436,0.9990967866800063,0.9994708397171215,3.581991695722486e-05
130.06149708254816,0.0222812303483632,kepler_4_b:kplr011853905-2009131105131_llc.fits,0.999452531337738,0.999286681987374,0.9990933027713691,0.9994732608774222,0.00016584935036401127
236.11303761681484,0.0227472066150402,kepler_4_b:kplr011853905-2009259160929_llc.fits,0.9991743564605712,0.9992870241316717,0.999100558250477,0.9994735200299096,-0.00011266767110051923
152.55949865064758,0.0246003164477872,kepler_4_b:kplr011853905-2009166043257_llc.fits,0.9991466999053956,0.9992884796370167,0.9990929115837626,0.9994886317958339,-0.00014177973162110558
223.26043639499403,0.0248216887942349,kepler_4_b:kplr011853905-2009259160929_llc.fits,0.9992275834083556,0.999288663956952,0.9990969572870626,0.9994774706122632,-6.108054859643719e-05
187.91025151174108,0.0249949915412843,kepler_4_b:kplr011853905-2009259160929_llc.fits,0.9992502331733704,0.9992888098512515,0.9991042189968736,0.9994732621569424,-3.857667788109698e-05
139.70643057219422,0.0262079419944256,kepler_4_b:kplr011853905-2009166043257_llc.fits,0.9993174076080322,0.9992898710493722,0.9990978858525922,0.9994741005984513,2.753655866005733e-05
245.7575454624748,0.0262482742750134,kepler_4_b:kplr011853905-2009259160929_llc.fits,0.9992969632148742,0.9992899075621686,0.9991004610904206,0.9994790632488544,7.055652705534321e-06
175.05734795851458,0.0267671423147872,kepler_4_b:kplr011853905-2009259160929_llc.fits,0.9991642832756042,0.9992903844922008,0.9990998074597279,0.9994792270046746,-0.00012610121659650808
210.4077537351841,0.0268147329842916,kepler_4_b:kplr011853905-2009259160929_llc.fits,0.999295711517334,0.9992904289103721,0.9991048215731957,0.999480831986372,5.2826069618649996e-06
126.85332727029892,0.0277803440991106,kepler_4_b:kplr011853905-2009131105131_llc.fits,0.9993571639060974,0.999291355102539,0.9991008798443658,0.9994860967190827,6.580880355844254e-05
232.90500320059076,0.0283817163909312,kepler_4_b:kplr011853905-2009259160929_llc.fits,0.9993948936462402,0.9992919564692707,0.9990963187474725,0.999477853124822,0.00010293717696951976
162.20437614429102,0.028471032091222,kepler_4_b:kplr011853905-2009166043257_llc.fits,0.9992678165435792,0.9992920474261924,0.9990957997077109,0.9994850630433021,-2.4230882613163196e-05
197.55498767276003,0.028724374560239,kepler_4_b:kplr011853905-2009259160929_llc.fits,0.9991453289985656,0.9992923077638151,0.999101836697242,0.9994833931706903,-0.00014697876524949471
149.35134432268387,0.0301149144840755,kepler_4_b:kplr011853905-2009166043257_llc.fits,0.9993992447853088,0.9992937997730881,0.9991061108625368,0.999484396783204,0.00010544501222076175
184.702140955822,0.0305533616221642,kepler_4_b:kplr011853905-2009259160929_llc.fits,0.99913889169693,0.9992942929784308,0.9991113544449606,0.999481383456326,-0.00015540128150071109
136.4982659777961,0.0317122735963144,kepler_4_b:kplr011853905-2009166043257_llc.fits,0.999195396900177,0.9992956513975533,0.9991088406184658,0.9994923686536146,-0.00010025449737627312
242.5495252854744,0.0318970232745783,kepler_4_b:kplr011853905-2009259160929_llc.fits,0.9992982745170592,0.9992958754827344,0.9991096759744171,0.9994811331741613,2.399034324862548e-06
171.8492192223639,0.0323073321641034,kepler_4_b:kplr011853905-2009259160929_llc.fits,0.9992349743843078,0.9992963807450317,0.9991195751195707,0.9994781387089852,-6.140636072393679e-05
207.1996783103823,0.0324082341825004,kepler_4_b:kplr011853905-2009259160929_llc.fits,0.9992827177047728,0.9992965066180953,0.9991080898917697,0.9994819933312055,-1.3788913322487772e-05
123.64515612847026,0.0332781282704672,kepler_4_b:kplr011853905-2009131105131_llc.fits,0.9992668628692628,0.9992976188563217,0.9990992364377044,0.9994930143941103,-3.0755987058928014e-05
158.9962317469035,0.0339955607037081,kepler_4_b:kplr011853905-2009166043257_llc.fits,0.9993225336074828,0.9992985735687239,0.9991032351228516,0.9994991737411819,2.3960038758930047e-05
194.346891796813,0.0342974246132012,kepler_4_b:kplr011853905-2009259160929_llc.fits,0.999385118484497,0.9992989856623982,0.999109262472101,0.9994812259158452,8.613282209879447e-05
252.19400577202032,0.0353707318205371,kepler_4_b:kplr011853905-2009259160929_llc.fits,0.9993093609809875,0.9993005023446774,0.9991151146459164,0.9994896269245032,8.858636310171697e-06
146.1431870987726,0.035626616572818,kepler_4_b:kplr011853905-2009166043257_llc.fits,0.9993057250976562,0.9993008760837414,0.9991151659894595,0.9994916824430375,4.849013914842715e-06
216.84432185858896,0.0360450043891595,kepler_4_b:kplr011853905-2009259160929_llc.fits,0.9990865588188172,0.9993014975206529,0.9991157112298312,0.9994902640422839,-0.000214938701835643
181.49402590580576,0.0361072376059603,kepler_4_b:kplr011853905-2009259160929_llc.fits,0.999462068080902,0.9993015910663217,0.9991188481891591,0.999490980119629,0.00016047701458032915
133.29009940003016,0.0372146218303635,kepler_4_b:kplr011853905-2009166043257_llc.fits,0.9992009401321412,0.9993033048917525,0.9991095051211553,0.9994949226191907,-0.0001023647596112287
203.99159772232812,0.0379965721283557,kepler_4_b:kplr011853905-2009259160929_llc.fits,0.9990735054016112,0.9993045730121441,0.9991215357686772,0.9994943264267877,-0.00023106761053293123
155.78808385100274,0.0395165908029426,kepler_4_b:kplr011853905-2009166043257_llc.fits,0.9993510842323304,0.9993071830303475,0.9991143202670382,0.9995063102857873,4.390120198294323e-05
226.4889193867712,0.0396357545713625,kepler_4_b:kplr011853905-2009259160929_llc.fits,0.9992175102233886,0.9993073960611086,0.9991185890126203,0.9994962835670723,-8.988583772007175e-05
248.98599455888325,0.0410284446834532,kepler_4_b:kplr011853905-2009259160929_llc.fits,0.999292254447937,0.9993099811695215,0.9991243894938977,0.9995022435553926,-1.7726721584510052e-05
142.93502719567914,0.041135639479344,kepler_4_b:kplr011853905-2009166043257_llc.fits,0.9995027184486388,0.9993101876282041,0.9991251338737519,0.9994949930990165,0.00019253082043468872
213.63625693386712,0.0416490056673206,kepler_4_b:kplr011853905-2009259160929_llc.fits,0.999351978302002,0.9993111917217944,0.999126520315522,0.9995032054401226,4.078658020756354e-05
178.28590617531154,0.0416564331117423,kepler_4_b:kplr011853905-2009259160929_llc.fits,0.9993981719017028,0.9993112064374587,0.9991169759294444,0.9994985073445586,8.696546424402651e-05
130.08193128394487,0.0427154317450739,kepler_4_b:kplr011853905-2009131105131_llc.fits,0.999531090259552,0.9993133610934588,0.9991227119973762,0.999501324283701,0.0002177291660931946
236.13347094533677,0.0431805351369438,kepler_4_b:kplr011853905-2009259160929_llc.fits,0.9993679523468016,0.9993143438359859,0.9991347401987725,0.9995050468950771,5.3608510815705834e-05
200.7835121017561,0.0435798775562636,kepler_4_b:kplr011853905-2009259160929_llc.fits,0.9991514086723328,0.9993152059845495,0.9991265942825716,0.9995074484148363,-0.000163797312216718
152.57993264809193,0.04503431389213,kepler_4_b:kplr011853905-2009166043257_llc.fits,0.9991323947906494,0.9993184955094493,0.9991303222837907,0.9995038221559439,-0.00018610071879987533
223.2808697511064,0.0452550449065698,kepler_4_b:kplr011853905-2009259160929_llc.fits,0.9993061423301696,0.9993190160369494,0.9991306351242432,0.9995015909463854,-1.2873706779825689e-05
187.9306852250156,0.0454287048158266,kepler_4_b:kplr011853905-2009259160929_llc.fits,0.9993293285369872,0.9993194296426444,0.9991364068613026,0.9995110177536841,9.898894342774689e-06
139.72686473785143,0.0466421076516325,kepler_4_b:kplr011853905-2009166043257_llc.fits,0.9994576573371888,0.999322422996504,0.9991222899394732,0.9995113837367274,0.0001352343406848533
245.77797880135768,0.0466816131578806,kepler_4_b:kplr011853905-2009259160929_llc.fits,0.9994505047798156,0.9993225235773329,0.9991376817492676,0.9995196623695564,0.0001279812024826965
175.07778188843804,0.0472010722382434,kepler_4_b:kplr011853905-2009259160929_llc.fits,0.9993969798088072,0.9993238650809818,0.9991379597871495,0.999513401261827,7.311472782534079e-05
210.42818732307933,0.0472483208795322,kepler_4_b:kplr011853905-2009259160929_llc.fits,0.9995333552360534,0.9993239888701924,0.9991359383803249,0.9995111871970317,0.00020936636586099677
126.87376138019316,0.0482144539933784,kepler_4_b:kplr011853905-2009131105131_llc.fits,0.9993001222610473,0.9993265867854401,0.9991315591527754,0.9995218152034883,-2.6464524392810773e-05
232.92543646007837,0.0488149758785489,kepler_4_b:kplr011853905-2009259160929_llc.fits,0.999255120754242,0.9993282677728957,0.9991452281385166,0.9995140650323188,-7.314701865368534e-05
162.22481017665996,0.0489050644601614,kepler_4_b:kplr011853905-2009166043257_llc.fits,0.9993233084678648,0.9993285244764045,0.9991359802456811,0.9995261535598553,-5.2160085397545686e-06
197.57542129173817,0.0491579935383705,kepler_4_b:kplr011853905-2009259160929_llc.fits,0.9992122054100036,0.9993292516316038,0.9991428705285025,0.9995151131000819,-0.00011704622160024769
149.37177833933674,0.0505489311369464,kepler_4_b:kplr011853905-2009166043257_llc.fits,0.999355137348175,0.9993334265758862,0.9991449769401028,0.9995270091469117,2.1710772288852098e-05
220.07281519386743,0.0508694136676315,kepler_4_b:kplr011853905-2009259160929_llc.fits,0.9993550181388856,0.9993344325891352,0.9991442145404089,0.9995253844043985,2.0585549750373744e-05
184.7225747991324,0.0509872049326209,kepler_4_b:kplr011853905-2009259160929_llc.fits,0.9991680979728698,0.9993348066664158,0.9991418088800373,0.9995186731507859,-0.00016670869354606932
136.51870015684108,0.0521464526412833,kepler_4_b:kplr011853905-2009166043257_llc.fits,0.9993892312049864,0.9993386169603352,0.9991495171385265,0.999529907664541,5.0614244651137064e-05
242.56995865346107,0.052330391261276,kepler_4_b:kplr011853905-2009259160929_llc.fits,0.9992121458053588,0.9993392437776774,0.9991516025951735,0.9995250263608876,-0.00012709797231857944
171.8696531792957,0.0527412890959142,kepler_4_b:kplr011853905-2009259160929_llc.fits,0.9991455078125,0.9993406670383823,0.9991528539406764,0.9995346472849972,-0.00019515922588231316
207.2201119313395,0.0528418551396925,kepler_4_b:kplr011853905-2009259160929_llc.fits,0.9993881583213806,0.9993410203012085,0.9991502651451831,0.9995224721941772,4.7138020172088346e-05
123.66559024547314,0.0537122452733456,kepler_4_b:kplr011853905-2009131105131_llc.fits,0.9993525147438048,0.9993441615422008,0.9991555863983673,0.9995457679583328,8.353201603972238e-06
159.01666580208985,0.0544296158900505,kepler_4_b:kplr011853905-2009166043257_llc.fits,0.9994522929191588,0.999346869392508,0.9991581378664169,0.9995392067188276,0.00010542352665077193
229.71739714044088,0.0544445822410846,kepler_4_b:kplr011853905-2009259160929_llc.fits,0.999343454837799,0.999346927084807,0.9991624775940898,0.9995332170818645,-3.4722470080295054e-06
194.3673255474569,0.0547311752570618,kepler_4_b:kplr011853905-2009259160929_llc.fits,0.9993597865104676,0.9993480416100311,0.9991565808018771,0.999529734034104,1.1744900436538863e-05
252.21443895548876,0.0558039152889497,kepler_4_b:kplr011853905-2009259160929_llc.fits,0.9993091821670532,0.9993523863726055,0.9991609632576375,0.9995433002913265,-4.320420555226079e-05
146.1636211331206,0.0560606509208179,kepler_4_b:kplr011853905-2009166043257_llc.fits,0.99940288066864,0.9993534692209761,0.999157251768484,0.999543545817189,4.941144766390515e-05
216.86475548036103,0.0564786261612588,kepler_4_b:kplr011853905-2009259160929_llc.fits,0.9992017149925232,0.9993552700291479,0.9991710506202441,0.9995401840514408,-0.0001535550366247307
181.51445987868647,0.0565412104866702,kepler_4_b:kplr011853905-2009259160929_llc.fits,0.9993827939033508,0.9993555438427815,0.9991638748989077,0.9995550520323677,2.7250060569361523e-05
133.31053359106593,0.0576488128661105,kepler_4_b:kplr011853905-2009166043257_llc.fits,0.9994139075279236,0.9993605804361063,0.9991664882296014,0.9995533323858331,5.332709181726791e-05
239.36193388364336,0.0579745474435642,kepler_4_b:kplr011853905-2009259160929_llc.fits,0.999411940574646,0.9993621347931757,0.9991721744782517,0.9995480980351867,4.9805781470291244e-05
204.0120313761145,0.0584302259146685,kepler_4_b:kplr011853905-2009259160929_llc.fits,0.9994914531707764,0.9993643696899387,0.9991740622728983,0.9995514026369595,0.0001270834808376753
155.80851792784233,0.0599506676425349,kepler_4_b:kplr011853905-2009166043257_llc.fits,0.9992433786392212,0.9993723982286983,0.9991777677982832,0.9995626490873569,-0.00012901958947708625
249.00642766935923,0.061461555159459,kepler_4_b:kplr011853905-2009259160929_llc.fits,0.9993637204170228,0.9993814060095443,0.999196547039218,0.9995782541289696,-1.7685592521465843e-05
142.9554612464417,0.0615696902419042,kepler_4_b:kplr011853905-2009166043257_llc.fits,0.9990965723991394,0.9993820959728312,0.9991760629194026,0.9995803318439505,-0.000285523573691826
213.6566904887004,0.0620825605006098,kepler_4_b:kplr011853905-2009259160929_llc.fits,0.9994492530822752,0.9993854587104988,0.9992007737917208,0.9995802591670248,6.379437177639335e-05
178.3063400770625,0.0620903348626906,kepler_4_b:kplr011853905-2009259160929_llc.fits,0.9991792440414428,0.9993855108693444,0.9991907070536448,0.9995738622303955,-0.00020626682790159112
130.1023655851168,0.0631497329169914,kepler_4_b:kplr011853905-2009131105131_llc.fits,0.999491572380066,0.9993929732976955,0.9991880873646329,0.999589908077285,9.859908237053183e-05
236.15390417362505,0.0636137634252553,kepler_4_b:kplr011853905-2009259160929_llc.fits,0.9993451237678528,0.999396479716128,0.9992088016966083,0.999591785599869,-5.135594827521128e-05
200.80394578813863,0.0640135639388665,kepler_4_b:kplr011853905-2009259160929_llc.fits,0.9993767738342284,0.9993996281473279,0.9992156061946357,0.9995856520240313,-2.285431309945185e-05
152.60036674542062,0.065468411220819,kepler_4_b:kplr011853905-2009166043257_llc.fits,0.9993799328804016,0.9994122029326401,0.9992210938575339,0.999596596732933,-3.227005223849222e-05
223.30130330698736,0.0656886007875969,kepler_4_b:kplr011853905-2009259160929_llc.fits,0.9993941783905028,0.9994142772558381,0.9992225714822169,0.9995950146826984,-2.009886533527183e-05
187.95111913782603,0.0658626176262304,kepler_4_b:kplr011853905-2009259160929_llc.fits,0.999500334262848,0.9994159520907234,0.9992237157991801,0.9996047692917212,8.438217212458632e-05
139.7472989035159,0.0670762733161154,kepler_4_b:kplr011853905-2009166043257_llc.fits,0.999340534210205,0.9994286399780397,0.9992385304865552,0.99961679568781,-8.810576783468971e-05
245.79841204000692,0.0671148518071558,kepler_4_b:kplr011853905-2009259160929_llc.fits,0.9995025396347044,0.9994290763980499,0.9992386349188264,0.9996165138114537,7.346323665446963e-05
175.0982157181279,0.0676349019281075,kepler_4_b:kplr011853905-2009259160929_llc.fits,0.9995864629745485,0.9994352079622115,0.9992455390107893,0.9996198784026076,0.00015125501233692606
126.89419559009548,0.0686486638956835,kepler_4_b:kplr011853905-2009131105131_llc.fits,0.9993376731872557,0.9994487998592148,0.9992582077871789,0.9996533219831207,-0.00011112667195900539
232.94586981956672,0.0692483353669282,kepler_4_b:kplr011853905-2009259160929_llc.fits,0.9995219707489011,0.9994581972192818,0.9992679599676768,0.9996437192012111,6.377352961939309e-05
162.24524430878955,0.0693391965897556,kepler_4_b:kplr011853905-2009166043257_llc.fits,0.9995208978652954,0.9994597236526725,0.9992720966892014,0.9996522764479081,6.117421262286094e-05
197.5958550102514,0.0695917120516023,kepler_4_b:kplr011853905-2009259160929_llc.fits,0.9994828701019288,0.99946411729957,0.9992753360594089,0.9996572760654429,1.875280235885679e-05
149.39221245575754,0.0709830475577482,kepler_4_b:kplr011853905-2009166043257_llc.fits,0.9994683861732482,0.9994926631803885,0.9992897762385088,0.9996842133677796,-2.427700714036085e-05
220.0932486825768,0.0713029023770179,kepler_4_b:kplr011853905-2009259160929_llc.fits,0.9994778633117676,0.9995002414223528,0.9992980701247768,0.9996827689619326,-2.2378110585252742e-05
184.7430087422108,0.0714211480110085,kepler_4_b:kplr011853905-2009259160929_llc.fits,0.9992610216140748,0.9995031322445798,0.9993099609236819,0.9996995108555335,-0.00024211063050494364
136.53913433589332,0.0725806316935282,kepler_4_b:kplr011853905-2009166043257_llc.fits,0.9994198083877563,0.9995335609800395,0.9993350603220048,0.9997270739936125,-0.00011375259228318946
242.59039192097407,0.072763658774275,kepler_4_b:kplr011853905-2009259160929_llc.fits,0.999636173248291,0.9995386289296357,0.9993443157867825,0.9997277567878295,9.75443186552738e-05
171.8900871359947,0.0731752457948944,kepler_4_b:kplr011853905-2009259160929_llc.fits,0.9997285604476928,0.9995502122993014,0.999351582240572,0.9997403226363377,0.0001783481483913496
207.24054555205657,0.0732754758567779,kepler_4_b:kplr011853905-2009259160929_llc.fits,0.9995972514152526,0.9995530642359687,0.9993674184271982,0.9997364165184337,4.418717928389437e-05
123.68602456235384,0.0741465621540555,kepler_4_b:kplr011853905-2009131105131_llc.fits,0.9994850754737854,0.9995781226176083,0.9993825647263536,0.9997796720768527,-9.304714382285528e-05
159.03709995726967,0.0748637710698785,kepler_4_b:kplr011853905-2009166043257_llc.fits,0.9996262192726136,0.9995989387130372,0.9993996389687648,0.9997900264341556,2.728055957645914e-05
229.73783053159423,0.0748779733944313,kepler_4_b:kplr011853905-2009259160929_llc.fits,0.999500811100006,0.9995993510672566,0.9994169369565707,0.9997898282899629,-9.853996725062153e-05
194.3877591981,0.0751648259001609,kepler_4_b:kplr011853905-2009259160929_llc.fits,0.9996883273124694,0.999607677514706,0.9994119040086716,0.9997988830849488,8.064979776334358e-05
252.2348721384842,0.0762370982844251,kepler_4_b:kplr011853905-2009259160929_llc.fits,0.9996370673179626,0.9996387177853114,0.9994474059746021,0.9998327849320477,-1.6504673487904853e-06
146.18405526735296,0.0764947851531638,kepler_4_b:kplr011853905-2009166043257_llc.fits,0.9998262524604796,0.9996461430720018,0.9994457513356848,0.9998378779739945,0.00018010938847778935
133.33096768187534,0.0780829036755414,kepler_4_b:kplr011853905-2009166043257_llc.fits,0.99967759847641,0.9996914834803472,0.9994920617740621,0.9998969202529113,-1.3885003937175178e-05
239.38236708095792,0.0784077447581241,kepler_4_b:kplr011853905-2009259160929_llc.fits,0.9996914863586424,0.9997006471047472,0.9995139006304545,0.9998921377499511,-9.160746104797113e-06
204.03246502966067,0.0788638794608746,kepler_4_b:kplr011853905-2009259160929_llc.fits,0.999619483947754,0.9997134485785638,0.9995247986687689,0.9999021592548206,-9.396463080979522e-05
155.82895210444258,0.0803848442427821,kepler_4_b:kplr011853905-2009166043257_llc.fits,0.9998652935028076,0.9997553820786027,0.9995612447728944,0.999949446465391,0.00010991142420491151
249.02686087982875,0.0818947656289503,kepler_4_b:kplr011853905-2009259160929_llc.fits,0.9999212622642516,0.9997956886682948,0.9996082500801968,0.999983938728338,0.00012557359595677386
142.9758953970886,0.0820038408888106,kepler_4_b:kplr011853905-2009166043257_llc.fits,0.9998201727867126,0.9997985409419884,0.9996045191856523,0.9999960262207142,2.1631844724256943e-05
213.67712414330165,0.0825162151018299,kepler_4_b:kplr011853905-2009259160929_llc.fits,0.999867558479309,0.9998118255355348,0.9996272813072571,1.000000233907643,5.573294377414495e-05
178.32677387857984,0.0825241363800468,kepler_4_b:kplr011853905-2009259160929_llc.fits,0.9999088644981384,0.9998120295936284,0.999615160489379,1.0000039253410504,9.683490451006804e-05
236.1743376016748,0.0840471914749831,kepler_4_b:kplr011853905-2009259160929_llc.fits,0.9999027252197265,0.9998503111527149,0.9996586577430325,1.000038074007261,5.241406701150808e-05
200.8243793742804,0.0844471500806014,kepler_4_b:kplr011853905-2009259160929_llc.fits,0.9996066689491272,0.9998600333315767,0.9996694719931204,1.0000476527724398,-0.00025336438244949466
223.32173676262755,0.086122056427756,kepler_4_b:kplr011853905-2009259160929_llc.fits,0.9998196363449096,0.9998989708624154,0.9997081796227459,1.0000927617631108,-7.933451750585796e-05
187.9715529506284,0.0862964304285969,kepler_4_b:kplr011853905-2009259160929_llc.fits,0.9998692274093628,0.9999028391122069,0.9997090260484263,1.0001041664571848,-3.3611702844105196e-05
139.76773306906398,0.0875104388641829,kepler_4_b:kplr011853905-2009166043257_llc.fits,0.9999753236770628,0.9999286251857619,0.9997362637453966,1.0001292448297117,4.6698491300900535e-05
245.8188452784161,0.0875480902163243,kepler_4_b:kplr011853905-2009259160929_llc.fits,0.9998198747634888,0.9999293871275293,0.9997421533648829,1.0001169245421901,-0.00010951236404055376
210.4690544986297,0.0881154964299069,kepler_4_b:kplr011853905-2009259160929_llc.fits,0.9999585151672364,0.9999405503723634,0.9997546239377654,1.0001244044920958,1.7964794873037704e-05
126.91462989999854,0.0890829737987501,kepler_4_b:kplr011853905-2009131105131_llc.fits,0.9999772310256958,0.9999578523151585,0.9997660574671132,1.0001578515387857,1.9378710537254484e-05
232.96630317858217,0.0896816943823701,kepler_4_b:kplr011853905-2009259160929_llc.fits,0.9998617768287658,0.9999671412270478,0.9997706842529384,1.000161380521456,-0.00010536439828201516
162.26567824069207,0.0897731284922722,kepler_4_b:kplr011853905-2009166043257_llc.fits,1.000135898590088,0.9999684491405127,0.9997726810502163,1.000168244436183,0.00016744944957514107
149.41264667205542,0.0914172638556201,kepler_4_b:kplr011853905-2009166043257_llc.fits,1.0000687837600708,0.9999862959233257,0.9997925458464846,1.0001848512539742,8.24878367451376e-05
220.1136821710461,0.0917363908462978,kepler_4_b:kplr011853905-2009259160929_llc.fits,0.99993759393692,0.999988512389411,0.9997965465511975,1.0001822712325652,-5.091845249094451e-05
184.7634424852804,0.0918548910805971,kepler_4_b:kplr011853905-2009259160929_llc.fits,0.999848186969757,0.9999892396779575,0.9997964310082351,1.000182179148329,-0.00014105270820052862
136.55956851482915,0.0930148106293577,kepler_4_b:kplr011853905-2009166043257_llc.fits,0.9999778270721436,0.9999940967582631,0.9997995583607975,1.0001875461144192,-1.6269686119563254e-05
171.91052109269367,0.0936092024938746,kepler_4_b:kplr011853905-2009259160929_llc.fits,0.9998349547386168,0.9999953954880243,0.9997996373261969,1.0001825603611203,-0.00016044074940746444
207.2609791725481,0.0937090963483087,kepler_4_b:kplr011853905-2009259160929_llc.fits,0.999839186668396,0.9999955601866497,0.9998107857889631,1.0001732749803451,-0.00015637351825370516
123.70645877935748,0.0945807791576953,kepler_4_b:kplr011853905-2009131105131_llc.fits,0.9999871253967284,0.9999965805043491,0.9998030995007595,1.0001912295402762,-9.455107620737202e-06
159.05753391222242,0.0952977260226288,kepler_4_b:kplr011853905-2009166043257_llc.fits,1.000049352645874,0.9999970699332361,0.9998061582310221,1.0001941772449383,5.2282712637907736e-05
229.75826392227464,0.0953113640748408,kepler_4_b:kplr011853905-2009259160929_llc.fits,0.9998745918273924,0.9999970773456808,0.9998054579895701,1.0001874012611198,-0.0001224855182884177
194.40819304827164,0.0955986760718456,kepler_4_b:kplr011853905-2009259160929_llc.fits,1.0001180171966553,0.9999972208717037,0.9998149912065297,1.0001813662934367,0.00012079632495154424
252.25530532148696,0.0966702812871764,kepler_4_b:kplr011853905-2009259160929_llc.fits,0.9999915361404418,0.9999975930766305,0.9998155007871167,1.0001842705913055,-6.056936188714168e-06
146.2044894014616,0.0969289192618185,kepler_4_b:kplr011853905-2009166043257_llc.fits,1.0000205039978027,0.9999976541073936,0.999810557683898,1.0001874266564472,2.2849890409126772e-05
216.9056224231972,0.0973455689974052,kepler_4_b:kplr011853905-2009259160929_llc.fits,1.0000144243240356,0.9999977335262904,0.9998140488619053,1.0001808836206434,1.6690797745244623e-05
133.35140197280273,0.0985171946029106,kepler_4_b:kplr011853905-2009166043257_llc.fits,1.0002578496932983,0.9999978654393756,0.9998112851124836,1.0001846657926359,0.0002599842539227071
239.4028003782805,0.0988410420807215,kepler_4_b:kplr011853905-2009259160929_llc.fits,1.0000449419021606,0.999997884877289,0.9998137765798514,1.000185239087466,4.705702487162178e-05
204.0528986829813,0.0992975327815261,kepler_4_b:kplr011853905-2009259160929_llc.fits,0.9998784661293028,0.9999979046007867,0.999803677127675,1.0001880063084665,-0.00011943847148399023
155.84938608104858,0.1008188208487823,kepler_4_b:kplr011853905-2009166043257_llc.fits,1.0000312328338623,0.9999979324744556,0.999812755907436,1.0001874008789253,3.3300359406740476e-05
226.55021965638295,0.1009360241831827,kepler_4_b:kplr011853905-2009259160929_llc.fits,0.9998934864997864,0.999997933209412,0.9998103919760553,1.0001921593174754,-0.00010444670962561631
191.20009230011053,0.1011668539107588,kepler_4_b:kplr011853905-2009259160929_llc.fits,0.999925434589386,0.9999979343359763,0.9998118458895726,1.00018830147079,-7.249974659029323e-05
249.04729408983985,0.1023279756400563,kepler_4_b:kplr011853905-2009259160929_llc.fits,0.9999524354934692,0.9999979366675962,0.9998074772952843,1.0001879717486708,-4.550117412693844e-05
142.99632944749465,0.1024378912948489,kepler_4_b:kplr011853905-2009166043257_llc.fits,1.000174641609192,0.9999979367343249,0.999809551951879,1.0001907153221,0.00017670487486698416
213.6975575976612,0.1029496694614204,kepler_4_b:kplr011853905-2009259160929_llc.fits,1.0000466108322144,0.99999793687958,0.9998037159540933,1.0001876700330599,4.867395263430385e-05
178.34720787985862,0.1029581376588193,kepler_4_b:kplr011853905-2009259160929_llc.fits,1.0000520944595337,0.9999979368806008,0.9998024119894101,1.0001852611265867,5.415757893290074e-05
130.14323388745106,0.104018035251266,kepler_4_b:kplr011853905-2009131105131_llc.fits,0.9997777938842772,0.9999979369067034,0.9998081368500604,1.0001933392160973,-0.0002201430224261225
236.19477092949816,0.1044805192983948,kepler_4_b:kplr011853905-2009259160929_llc.fits,1.0001068115234375,0.9999979369067034,0.9998073151178981,1.000179163204751,0.00010887461673414478
200.8448130601973,0.104880835997543,kepler_4_b:kplr011853905-2009259160929_llc.fits,0.9999124407768248,0.9999979369067034,0.9998148393628657,1.000180855708071,-8.549612987851507e-05
223.34217011804137,0.106555411841599,kepler_4_b:kplr011853905-2009259160929_llc.fits,0.9999491572380064,0.9999979369067034,0.9998078444759202,1.000184896880046,-4.877966869698547e-05
187.9919867632052,0.1067302430054086,kepler_4_b:kplr011853905-2009259160929_llc.fits,0.9999849200248718,0.9999979369067034,0.999809958739878,1.0001808835414032,-1.3016881831529048e-05
139.78816723448836,0.1079446042885592,kepler_4_b:kplr011853905-2009166043257_llc.fits,1.0000381469726562,0.9999979369067034,0.9998089178630294,1.0001888297945412,4.021006595289478e-05
245.83927851659973,0.1079813283999382,kepler_4_b:kplr011853905-2009259160929_llc.fits,1.000079870223999,0.9999979369067034,0.9998096203503608,1.0001851346758124,8.193331729566822e-05
175.13908367680415,0.1085028606043521,kepler_4_b:kplr011853905-2009259160929_llc.fits,0.999860405921936,0.9999979369067034,0.9998062630607214,1.0001884310258304,-0.00013753098476732006
210.48948808605928,0.1085490838594862,kepler_4_b:kplr011853905-2009259160929_llc.fits,1.0001116991043093,0.9999979369067034,0.9998158584585238,1.0001816353902424,0.00011376219760594886
126.93506410989356,0.1095171836937793,kepler_4_b:kplr011853905-2009131105131_llc.fits,1.000182032585144,0.9999979369067034,0.9998166392997399,1.0001829143616574,0.00018409567844068775
232.98673663760565,0.1101151534058495,kepler_4_b:kplr011853905-2009259160929_llc.fits,0.9999752044677734,0.9999979369067034,0.9998144246549984,1.0001871443495494,-2.273243892991772e-05
162.28611227259535,0.1102071603955503,kepler_4_b:kplr011853905-2009166043257_llc.fits,0.9999990463256836,0.9999979369067034,0.9998083300265068,1.000186949234396,1.1094189802385301e-06
197.63672244680487,0.1104591486051285,kepler_4_b:kplr011853905-2009259160929_llc.fits,0.9999570250511168,0.9999979369067034,0.9998118798356241,1.0001871232695079,-4.091185558652288e-05
149.43308068824263,0.1118512800428297,kepler_4_b:kplr011853905-2009166043257_llc.fits,1.0000414848327637,0.9999979369067034,0.9998133827401949,1.0001813785281402,4.3547926060316655e-05
220.13411565905696,0.1121698788571923,kepler_4_b:kplr011853905-2009259160929_llc.fits,0.9999418258666992,0.9999979369067034,0.9998085403846335,1.0001897873238086,-5.611104000413647e-05
184.7838763278924,0.1122887336925619,kepler_4_b:kplr011853905-2009259160929_llc.fits,0.9999724626541135,0.9999979369067034,0.9998134142394377,1.0001829678784901,-2.5474252589807733e-05
136.5800026937577,0.1134489895579113,kepler_4_b:kplr011853905-2009166043257_llc.fits,1.0000613927841189,0.9999979369067034,0.999809418185216,1.0001925769460307,6.345587741551917e-05
242.63125835578103,0.1136300935812328,kepler_4_b:kplr011853905-2009259160929_llc.fits,0.9999448657035828,0.9999979369067034,0.9998130747653304,1.0001922741311378,-5.307120312059155e-05
171.9309550489197,0.1140431587199175,kepler_4_b:kplr011853905-2009259160929_llc.fits,0.9998779296875,0.9999979369067034,0.9998121466473946,1.0001861820765119,-0.00012000721920335522
207.28141279303964,0.1141427168398394,kepler_4_b:kplr011853905-2009259160929_llc.fits,0.9999948740005492,0.9999979369067034,0.9998106662752739,1.0001901481874897,-3.062906154149836e-06
123.72689289612754,0.115014895927743,kepler_4_b:kplr011853905-2009131105131_llc.fits,0.9999241232872008,0.9999979369067034,0.9998024407778836,1.0001873605554017,-7.381361950253851e-05
159.0779679669431,0.11573178074331,kepler_4_b:kplr011853905-2009166043257_llc.fits,0.999889612197876,0.9999979369067034,0.9998100168224426,1.000183940336258,-0.00010832470882737866
229.77869731296232,0.1157447547625263,kepler_4_b:kplr011853905-2009259160929_llc.fits,1.0000877380371094,0.9999979369067034,0.9998065163220472,1.0001781107162493,8.980113040601978e-05
194.428626798217,0.1160324260172143,kepler_4_b:kplr011853905-2009259160929_llc.fits,1.0001167058944702,0.9999979369067034,0.9998064134072182,1.0001801945029039,0.00011876898776685962
252.27573850425688,0.1171034640570971,kepler_4_b:kplr011853905-2009259160929_llc.fits,1.0000441074371338,0.9999979369067034,0.9998023357897161,1.0001914425061058,4.617053043043384e-05
146.22492353546113,0.1173630532613338,kepler_4_b:kplr011853905-2009166043257_llc.fits,1.0001548528671265,0.9999979369067034,0.9998003637586768,1.0001916518420635,0.00015691596042310962
216.92605594427005,0.1177790900702511,kepler_4_b:kplr011853905-2009259160929_llc.fits,1.0000123977661133,0.9999979369067034,0.9998118176061642,1.000185700974653,1.446085940992603e-05
133.3718361634892,0.1189513852894117,kepler_4_b:kplr011853905-2009166043257_llc.fits,0.9999818801879882,0.9999979369067034,0.9998097837481569,1.0001922001958756,-1.6056718715184992e-05
239.42323367537028,0.1192743391704882,kepler_4_b:kplr011853905-2009259160929_llc.fits,1.0001269578933716,0.9999979369067034,0.9998154350701072,1.000179971272298,0.0001290209866682268
204.07333243606263,0.1197312858628325,kepler_4_b:kplr011853905-2009259160929_llc.fits,0.9999370574951172,0.9999979369067034,0.9998093290066895,1.000187232380378,-6.087941158616772e-05
155.86982015765534,0.121252897455544,kepler_4_b:kplr011853905-2009166043257_llc.fits,0.999782145023346,0.9999979369067034,0.9998026085246036,1.000185251869842,-0.00021579188335740795
226.5706529789677,0.1213693467679049,kepler_4_b:kplr011853905-2009259160929_llc.fits,1.000048279762268,0.9999979369067034,0.9998128936158236,1.0001847882040538,5.0342855564711186e-05
249.06772729985096,0.1227611856511623,kepler_4_b:kplr011853905-2009259160929_llc.fits,1.0000718832015991,0.9999979369067034,0.9998046486723261,1.0001780972912844,7.394629489576587e-05
143.01676369790948,0.122872141709686,kepler_4_b:kplr011853905-2009166043257_llc.fits,0.9998331069946288,0.9999979369067034,0.9998041725264183,1.0001901392266375,-0.00016482991207456
213.717991151796,0.1233832235962177,kepler_4_b:kplr011853905-2009259160929_llc.fits,0.9999459981918336,0.9999979369067034,0.9998174475084906,1.0001885197455704,-5.1938714869748104e-05
130.16366818862298,0.1244523364231835,kepler_4_b:kplr011853905-2009131105131_llc.fits,0.9998274445533752,0.9999979369067034,0.999808892778504,1.0001998357204347,-0.00017049235332811108
236.215204157088,0.1249137468882144,kepler_4_b:kplr011853905-2009259160929_llc.fits,0.999921977519989,0.9999979369067034,0.9998077306827894,1.0001872059310155,-7.595938671434155e-05
200.8652468458749,0.1253146216751395,kepler_4_b:kplr011853905-2009259160929_llc.fits,0.9998973608016968,0.9999979369067034,0.9998148278472522,1.0001841391103767,-0.00010057610500657788
223.3626036734568,0.1269889672569648,kepler_4_b:kplr011853905-2009259160929_llc.fits,0.9999337196350097,0.9999979369067034,0.9998115595341108,1.0001818692836395,-6.421727169370062e-05
188.0124204755484,0.1271639553486283,kepler_4_b:kplr011853905-2009259160929_llc.fits,1.0000790357589722,0.9999979369067034,0.9998134617227937,1.0001943018980113,8.109885226881275e-05
139.8086013998036,0.1283787696037961,kepler_4_b:kplr011853905-2009166043257_llc.fits,0.9999627470970152,0.9999979369067034,0.9998061339235946,1.0001840688350745,-3.5189809688196405e-05
175.15951750602835,0.1289366898285548,kepler_4_b:kplr011853905-2009259160929_llc.fits,0.9998767375946044,0.9999979369067034,0.9998165704699685,1.000184681173875,-0.00012119931209897405
210.50992167301592,0.1289826708161283,kepler_4_b:kplr011853905-2009259160929_llc.fits,0.9999461770057678,0.9999979369067034,0.999809484109421,1.0001854761578408,-5.1759900935532954e-05
126.9554982196787,0.1299512934789077,kepler_4_b:kplr011853905-2009131105131_llc.fits,0.9999220371246336,0.9999979369067034,0.9998042517247041,1.0001956183073089,-7.58997820697882e-05
162.30654640425928,0.1306412920594832,kepler_4_b:kplr011853905-2009166043257_llc.fits,1.000119924545288,0.9999979369067034,0.9997992553120763,1.0001874555449102,0.00012198763858473072
197.6571561648452,0.1308928666454229,kepler_4_b:kplr011853905-2009259160929_llc.fits,0.9998931288719176,0.9999979369067034,0.9998116578675037,1.0001870596289888,-0.00010480803478574163
149.4535148044306,0.1322853962308008,kepler_4_b:kplr011853905-2009166043257_llc.fits,1.000024676322937,0.9999979369067034,0.9998125561081216,1.0001803073167483,2.67394162336565e-05
220.15454914706788,0.1326033668680868,kepler_4_b:kplr011853905-2009259160929_llc.fits,1.000050067901611,0.9999979369067034,0.9998112515841762,1.0001819334357682,5.213099490775086e-05
136.6004368724607,0.1338831682609102,kepler_4_b:kplr011853905-2009166043257_llc.fits,0.9999908208847044,0.9999979369067034,0.9998167832364536,1.0001824892135283,-7.116021998987421e-06
242.65169172282916,0.134063460629332,kepler_4_b:kplr011853905-2009259160929_llc.fits,1.0001044273376465,0.9999979369067034,0.999803808729556,1.0001879191261662,0.00010649043094312916
171.95138900515303,0.1344771149532364,kepler_4_b:kplr011853905-2009259160929_llc.fits,0.9999326467514038,0.9999979369067034,0.9998099642162082,1.0001889649904878,-6.529015529954663e-05
207.30184641305823,0.1345763368584329,kepler_4_b:kplr011853905-2009259160929_llc.fits,1.0000059604644775,0.9999979369067034,0.9998110702595416,1.0001820511177961,8.023557774183843e-06
123.74732721300823,0.135449212808453,kepler_4_b:kplr011853905-2009131105131_llc.fits,0.9999737739562988,0.9999979369067034,0.9998029169967314,1.0001870644506097,-2.4162950404527095e-05
159.09840202142368,0.1361658352238845,kepler_4_b:kplr011853905-2009166043257_llc.fits,1.0000251531600952,0.9999979369067034,0.9998082975825108,1.0001901758648175,2.7216253391859624e-05
229.7991307034099,0.1361781452101051,kepler_4_b:kplr011853905-2009259160929_llc.fits,0.9999874830245972,0.9999979369067034,0.9998084132418765,1.0001852027149754,-1.0453882106187251e-05
194.44906044815437,0.1364660759545455,kepler_4_b:kplr011853905-2009259160929_llc.fits,1.0000402927398682,0.9999979369067034,0.9998155433206095,1.0001839388668134,4.235583316480884e-05
252.29617168701952,0.1375366468197418,kepler_4_b:kplr011853905-2009259160929_llc.fits,0.9999027252197265,0.9999979369067034,0.9998111235689855,1.000182035853003,-9.521168697690374e-05
146.24535766934423,0.1377971871444339,kepler_4_b:kplr011853905-2009166043257_llc.fits,0.9999812245368956,0.9999979369067034,0.9998030712096827,1.0001837743547057,-1.671236980771429e-05
216.9464894651101,0.1382126109102663,kepler_4_b:kplr011853905-2009259160929_llc.fits,1.0002590417861938,0.9999979369067034,0.9998158550651216,1.0001810858825546,0.00026110487949049244
133.39227035418298,0.1393855759831887,kepler_4_b:kplr011853905-2009166043257_llc.fits,1.0000439882278442,0.9999979369067034,0.9998131217838054,1.0001892808111723,4.605132114088306e-05
239.4436669724528,0.139707636252979,kepler_4_b:kplr011853905-2009259160929_llc.fits,1.0000184774398804,0.9999979369067034,0.9998067435349044,1.0001841808892231,2.0540533177015874e-05
204.0937659891497,0.1401648389498919,kepler_4_b:kplr011853905-2009259160929_llc.fits,0.9999574422836304,0.9999979369067034,0.9998102621215653,1.0001898680343106,-4.0494623072984126e-05
120.53915513019456,0.1409460559947635,kepler_4_b:kplr011853905-2009131105131_llc.fits,0.9998741745948792,0.9999979369067034,0.9998098997078269,1.00019269301629,-0.00012376231182420483
155.890254234022,0.141686973822199,kepler_4_b:kplr011853905-2009166043257_llc.fits,0.9998729825019836,0.9999979369067034,0.9997960750057194,1.0001880806016725,-0.00012495440471971264
226.5910864015459,0.1418027693461125,kepler_4_b:kplr011853905-2009259160929_llc.fits,0.9998731017112732,0.9999979369067034,0.9998154063443009,1.0001821952751726,-0.00012483519543016186
191.2409598628583,0.1420344166584939,kepler_4_b:kplr011853905-2009259160929_llc.fits,0.9999940991401672,0.9999979369067034,0.9998051656461996,1.0001875558034812,-3.837766536118892e-06
249.088160509622,0.1431943954221617,kepler_4_b:kplr011853905-2009259160929_llc.fits,1.0000869035720823,0.9999979369067034,0.9998144365241537,1.000184392194272,8.896666537894227e-05
143.03719784820714,0.1433062920073464,kepler_4_b:kplr011853905-2009166043257_llc.fits,1.0000643730163574,0.9999979369067034,0.999806009102925,1.0001902871378185,6.643610965406666e-05
213.7384246056972,0.143816677497423,kepler_4_b:kplr011853905-2009259160929_llc.fits,0.9998657703399658,0.9999979369067034,0.9998117489423692,1.0001877531289631,-0.0001321665667375349
178.3880755819555,0.1438258397556946,kepler_4_b:kplr011853905-2009259160929_llc.fits,0.9999480843544006,0.9999979369067034,0.9998109158886661,1.0001876112047923,-4.9852552302720454e-05
130.1841023895613,0.1448865373615089,kepler_4_b:kplr011853905-2009131105131_llc.fits,0.9996086359024048,0.9999979369067034,0.9998030881451472,1.0001890747800855,-0.00038930100429857006
236.23563758443925,0.1453471742394503,kepler_4_b:kplr011853905-2009259160929_llc.fits,0.9998802542686462,0.9999979369067034,0.9998108492871957,1.0001901474790615,-0.00011768263805711499
200.88568043132543,0.1457482071256583,kepler_4_b:kplr011853905-2009259160929_llc.fits,0.9999773502349852,0.9999979369067034,0.9998091801123158,1.0001876607394775,-2.058667171811468e-05
152.68210313344025,0.1472047992404543,kepler_4_b:kplr011853905-2009166043257_llc.fits,1.0002635717391968,0.9999979369067034,0.9998117207089704,1.0001852099740507,0.0002656348324934221
223.38303712839843,0.147422422198632,kepler_4_b:kplr011853905-2009259160929_llc.fits,0.9998528957366944,0.9999979369067034,0.9998129143499509,1.0001771144183935,-0.00014504117000890826
139.82903556511883,0.148812934919033,kepler_4_b:kplr011853905-2009166043257_llc.fits,0.9999494552612304,0.9999979369067034,0.9998018066956644,1.000195555069399,-4.848164547299749e-05
245.88014499272683,0.1488478045270593,kepler_4_b:kplr011853905-2009259160929_llc.fits,0.9999949932098388,0.9999979369067034,0.9998033184019481,1.0001844133481834,-2.9436968645990547e-06
175.1799514350132,0.1493706188134125,kepler_4_b:kplr011853905-2009259160929_llc.fits,0.9997690320014953,0.9999979369067034,0.9998081550297442,1.0001869998608426,-0.00022890490520810491
210.53035526021267,0.149416258012877,kepler_4_b:kplr011853905-2009259160929_llc.fits,1.0001778602600098,0.9999979369067034,0.9998098323160729,1.0001847238034423,0.0001799233533064104
126.97593242934818,0.1503855031483822,kepler_4_b:kplr011853905-2009131105131_llc.fits,1.0001012086868286,0.9999979369067034,0.9998070932235652,1.0001844691727368,0.00010327178012525806
233.02760325494452,0.150981770744756,kepler_4_b:kplr011853905-2009259160929_llc.fits,1.000017523765564,0.9999979369067034,0.9998065634634496,1.0001885879661194,1.9586858860609624e-05
162.32698043592973,0.1510753237299307,kepler_4_b:kplr011853905-2009166043257_llc.fits,1.0002739429473877,0.9999979369067034,0.9998127054375756,1.0001904688575634,0.0002760060406843401
197.67758988266,0.1513265844601627,kepler_4_b:kplr011853905-2009259160929_llc.fits,1.0000110864639282,0.9999979369067034,0.9998113109371781,1.0001803116580552,1.3149557224867436e-05
149.47394892037846,0.1527195121786653,kepler_4_b:kplr011853905-2009166043257_llc.fits,1.0000289678573608,0.9999979369067034,0.9998085039927131,1.0001926212877437,3.1030950657484624e-05
220.17498253507077,0.1530367548709439,kepler_4_b:kplr011853905-2009259160929_llc.fits,0.9998947381973265,0.9999979369067034,0.999817543051287,1.0001818581588364,-0.00010319870937680609
184.82474401287615,0.1531564186763849,kepler_4_b:kplr011853905-2009259160929_llc.fits,0.9999018907546996,0.9999979369067034,0.9998085787017724,1.0001789884918446,-9.604615200375921e-05
136.6208710511637,0.1543173469639092,kepler_4_b:kplr011853905-2009166043257_llc.fits,0.999898076057434,0.9999979369067034,0.9998060775929251,1.0001905870298617,-9.986084926938421e-05
242.67212488988295,0.1544966276831842,kepler_4_b:kplr011853905-2009259160929_llc.fits,1.0001341104507446,0.9999979369067034,0.9998153231688492,1.0001828279879288,0.00013617354404127369
171.9718228613856,0.1549109711857938,kepler_4_b:kplr011853905-2009259160929_llc.fits,0.9999810457229614,0.9999979369067034,0.9998105958325416,1.0001865953073306,-1.689118374192944e-05
207.3222800330841,0.1550099568843024,kepler_4_b:kplr011853905-2009259160929_llc.fits,1.0002082586288452,0.9999979369067034,0.9998126901283684,1.0001847182731565,0.00021032172214185962
123.76776142977906,0.1558834295792621,kepler_4_b:kplr011853905-2009131105131_llc.fits,0.9998467564582824,0.9999979369067034,0.9998106159400826,1.000193508043334,-0.00015118044842099554
159.1188361759123,0.1565999897124965,kepler_4_b:kplr011853905-2009166043257_llc.fits,1.0000461339950562,0.9999979369067034,0.9998054529049011,1.0001840877141377,4.8197088352797124e-05
252.31660476932305,0.1579697291232398,kepler_4_b:kplr011853905-2009259160929_llc.fits,0.9999472498893736,0.9999979369067034,0.9998143493089384,1.0001885113303477,-5.068701732979797e-05
146.26579180322005,0.1582313210202579,kepler_4_b:kplr011853905-2009166043257_llc.fits,1.0000604391098022,0.9999979369067034,0.9998053320671962,1.0001977116202254,6.250220309889087e-05
216.9669230859436,0.1586462317437671,kepler_4_b:kplr011853905-2009259160929_llc.fits,1.000022292137146,0.9999979369067034,0.9998182395958677,1.0001813665773347,2.4355230442640874e-05
133.41270454487676,0.1598197666769658,kepler_4_b:kplr011853905-2009166043257_llc.fits,0.999871551990509,0.9999979369067034,0.9998048895275111,1.0001872235082534,-0.00012638491619432202
239.46410026907688,0.1601409328770844,kepler_4_b:kplr011853905-2009259160929_llc.fits,0.9998978376388548,0.9999979369067034,0.9998166287997915,1.0001907154441236,-0.0001000992678485968
204.11419964177185,0.1605984915720515,kepler_4_b:kplr011853905-2009259160929_llc.fits,0.9999845623970032,0.9999979369067034,0.9998085625806279,1.0001884583716933,-1.3374509700181392e-05
120.55958935232049,0.1613802781206774,kepler_4_b:kplr011853905-2009131105131_llc.fits,1.0000377893447876,0.9999979369067034,0.9998036516084705,1.0001848684846102,3.9852438084242436e-05
155.91068841016386,0.1621211499640609,kepler_4_b:kplr011853905-2009166043257_llc.fits,1.0000112056732178,0.9999979369067034,0.9998040229820239,1.0001890830001192,1.3268766514418218e-05
226.61151982413136,0.1622361919315962,kepler_4_b:kplr011853905-2009259160929_llc.fits,0.9998687505722044,0.9999979369067034,0.99981579859218,1.000184235013243,-0.00012918633449898742
191.26139364400296,0.1624681978031687,kepler_4_b:kplr011853905-2009259160929_llc.fits,0.9999871253967284,0.9999979369067034,0.9998152087360801,1.0001893244179951,-1.0811509974950617e-05
249.10859361916664,0.1636275049668449,kepler_4_b:kplr011853905-2009259160929_llc.fits,1.0000633001327517,0.9999979369067034,0.9998153886235087,1.00017824464104,6.536322604833167e-05
143.05763199849753,0.1637404422977308,kepler_4_b:kplr011853905-2009166043257_llc.fits,1.0001182556152344,0.9999979369067034,0.9998099963545669,1.0001939939468845,0.00012031870853101978
213.75885825935984,0.1642503311600445,kepler_4_b:kplr011853905-2009259160929_llc.fits,0.9999430775642396,0.9999979369067034,0.999808434827629,1.0001857691412301,-5.4859342463742244e-05
178.40850948277512,0.1642597405753203,kepler_4_b:kplr011853905-2009259160929_llc.fits,1.000029683113098,0.9999979369067034,0.9998122648800303,1.0001823525500109,3.174620639456727e-05
130.2045364904916,0.1653206382917968,kepler_4_b:kplr011853905-2009131105131_llc.fits,0.9996986389160156,0.9999979369067034,0.9998039806250159,1.0001837154212088,-0.0002992979906877302
236.256070911797,0.1657805015972007,kepler_4_b:kplr011853905-2009259160929_llc.fits,1.0000702142715454,0.9999979369067034,0.9998120198347002,1.0001834172552713,7.227736484205494e-05
200.90611411677676,0.1661818925769387,kepler_4_b:kplr011853905-2009259160929_llc.fits,1.0000102519989014,0.9999979369067034,0.9998138816061691,1.000186946321641,1.2315092198011968e-05
152.70253723018686,0.1676388959870667,kepler_4_b:kplr011853905-2009166043257_llc.fits,1.0000045299530027,0.9999979369067034,0.9998053046489597,1.0001889777327146,6.593046299352423e-06
223.4034704833466,0.1678557771468136,kepler_4_b:kplr011853905-2009259160929_llc.fits,1.0001006126403809,0.9999979369067034,0.9998048889752266,1.0001861966882948,0.00010267573367750416
139.84946973019396,0.1692470999941633,kepler_4_b:kplr011853905-2009166043257_llc.fits,1.0001260042190552,0.9999979369067034,0.99981004768768,1.0001928835265166,0.00012806731235182056
175.20038546377327,0.1698046475734769,kepler_4_b:kplr011853905-2009259160929_llc.fits,0.9997998476028442,0.9999979369067034,0.9998097425654509,1.0001862173816938,-0.00019808930385911694
210.550788746943,0.169849744743203,kepler_4_b:kplr011853905-2009259160929_llc.fits,0.9999926686286926,0.9999979369067034,0.9998092353842942,1.000190498691383,-5.268278010728267e-06
126.99636673901114,0.1708198128113422,kepler_4_b:kplr011853905-2009131105131_llc.fits,1.0001351833343506,0.9999979369067034,0.9998057487643025,1.0001911671793273,0.00013724642764723072
233.0480367135024,0.1714152293025741,kepler_4_b:kplr011853905-2009259160929_llc.fits,0.9999610781669616,0.9999979369067034,0.9998128397415982,1.000188886406795,-3.685873974179632e-05
162.34741436736658,0.171509255166786,kepler_4_b:kplr011853905-2009166043257_llc.fits,0.9999496936798096,0.9999979369067034,0.9998068321874114,1.0001956520884507,-4.824322689378491e-05
197.69802360024187,0.1717603020420719,kepler_4_b:kplr011853905-2009259160929_llc.fits,0.9999867677688598,0.9999979369067034,0.9998049716416766,1.0001853550335071,-1.1169137843602961e-05
149.4943830362172,0.1731536280173904,kepler_4_b:kplr011853905-2009166043257_llc.fits,1.000061273574829,0.9999979369067034,0.9997983381133191,1.000190506135626,6.333666812574634e-05
220.19541612261676,0.1734703424169385,kepler_4_b:kplr011853905-2009259160929_llc.fits,0.9999314546585084,0.9999979369067034,0.9998132344185132,1.0001866115213949,-6.648224819494342e-05
184.8451778552553,0.1735902610555191,kepler_4_b:kplr011853905-2009259160929_llc.fits,0.9997341036796568,0.9999979369067034,0.9998044376810148,1.0001879792786548,-0.00026383322704659484
136.64130522985943,0.1747515256596321,kepler_4_b:kplr011853905-2009166043257_llc.fits,1.0001544952392578,0.9999979369067034,0.9998105180989221,1.0001833275383067,0.00015655833255445728
242.69255815647196,0.1749298942721366,kepler_4_b:kplr011853905-2009259160929_llc.fits,1.0000656843185425,0.9999979369067034,0.999809853263596,1.0001789937686374,6.774741183912525e-05
171.99225691714673,0.1753450269469369,kepler_4_b:kplr011853905-2009259160929_llc.fits,0.9997977614402772,0.9999979369067034,0.9998067839401209,1.0001793649440331,-0.0002001754664261446
207.34271355264357,0.1754434764437491,kepler_4_b:kplr011853905-2009259160929_llc.fits,1.000068187713623,0.9999979369067034,0.999808335150772,1.0001824892922901,7.025080691969166e-05
123.7881955465491,0.1763175463493098,kepler_4_b:kplr011853905-2009131105131_llc.fits,0.9999322891235352,0.9999979369067034,0.9998029873789637,1.0001815806157965,-6.564778316819897e-05
159.13927013039938,0.1770339441995856,kepler_4_b:kplr011853905-2009166043257_llc.fits,1.0001896619796753,0.9999979369067034,0.9998087163614248,1.000191295623203,0.00019172507297193775
229.83999748385395,0.1770449256541535,kepler_4_b:kplr011853905-2009259160929_llc.fits,1.0000755786895752,0.9999979369067034,0.9998095941516532,1.0001868505432712,7.764178287184009e-05
194.48992804734732,0.1773336751475522,kepler_4_b:kplr011853905-2009259160929_llc.fits,0.9999399781227112,0.9999979369067034,0.9998099919500013,1.0001834898575244,-5.795878399217358e-05
252.33703805162804,0.1784030114282606,kepler_4_b:kplr011853905-2009259160929_llc.fits,1.0001585483551023,0.9999979369067034,0.9998069862690363,1.0001839880918575,0.0001606114483989618
146.28622593687032,0.1786654546705273,kepler_4_b:kplr011853905-2009166043257_llc.fits,1.000000238418579,0.9999979369067034,0.9998034729681539,1.0001979035325073,2.3015118757463426e-06
216.9873565063172,0.1790796521173596,kepler_4_b:kplr011853905-2009259160929_llc.fits,1.0000226497650146,0.9999979369067034,0.9998109871459836,1.000187920641577,2.4712858311293218e-05
133.43313873533043,0.1802539571306363,kepler_4_b:kplr011853905-2009166043257_llc.fits,0.9999721050262452,0.9999979369067034,0.9998100739961504,1.0001904689360157,-2.583188045812701e-05
239.48453356570096,0.1805742295011898,kepler_4_b:kplr011853905-2009259160929_llc.fits,0.9998405575752258,0.9999979369067034,0.999809848299843,1.0001841572297732,-0.00015737933147752514
204.13463319439325,0.1810320441934496,kepler_4_b:kplr011853905-2009259160929_llc.fits,0.999892234802246,0.9999979369067034,0.9998113965904005,1.0001838984124998,-0.00010570210445737249
120.58002347456204,0.1818144003622452,kepler_4_b:kplr011853905-2009131105131_llc.fits,0.9999311566352844,0.9999979369067034,0.9998024711166598,1.0001914121264368,-6.678027141893139e-05
155.9311223863042,0.1825551261043998,kepler_4_b:kplr011853905-2009166043257_llc.fits,0.9998371601104736,0.9999979369067034,0.999807414699335,1.0001879013695305,-0.0001607767962297224
226.6319532462512,0.1826696140514185,kepler_4_b:kplr011853905-2009259160929_llc.fits,1.0000680685043335,0.9999979369067034,0.9998050110025134,1.0001837604952069,7.013159763014087e-05
191.281827424682,0.1829019784821823,kepler_4_b:kplr011853905-2009259160929_llc.fits,0.9999585151672364,0.9999979369067034,0.9998109675745114,1.0001870757246045,-3.942173946691607e-05
249.12902692871285,0.1840608145130511,kepler_4_b:kplr011853905-2009259160929_llc.fits,1.000095009803772,0.9999979369067034,0.9998099741820654,1.0001887582633788,9.707289706861744e-05
143.07806614856236,0.1841745923625606,kepler_4_b:kplr011853905-2009166043257_llc.fits,0.9999130964279174,0.9999979369067034,0.9998057122854268,1.0001956799387286,-8.484047878598577e-05
213.77929181302895,0.1846838848291805,kepler_4_b:kplr011853905-2009259160929_llc.fits,1.0000191926956177,0.9999979369067034,0.999804096297691,1.0001767922166507,2.125578891432056e-05
178.42894348336267,0.1846937411628768,kepler_4_b:kplr011853905-2009259160929_llc.fits,0.9999606609344482,0.9999979369067034,0.9998146285649426,1.0001791928902213,-3.727597225511303e-05
130.22497069142992,0.1857548392301222,kepler_4_b:kplr011853905-2009131105131_llc.fits,0.999451994895935,0.9999979369067034,0.9998098068763419,1.0001926069387879,-0.0005459420107684076
236.27650413868832,0.1862137284885283,kepler_4_b:kplr011853905-2009259160929_llc.fits,0.9999567866325378,0.9999979369067034,0.999802191795526,1.0001798867528606,-4.115027416551342e-05
200.92654790176312,0.1866156775633192,kepler_4_b:kplr011853905-2009259160929_llc.fits,0.9999482631683348,0.9999979369067034,0.9998134721934604,1.00018591622102,-4.9673738368505305e-05
223.4239039378299,0.1882892316300954,kepler_4_b:kplr011853905-2009259160929_llc.fits,0.9999439716339112,0.9999979369067034,0.9998007305876446,1.000189887872688,-5.3965272792111385e-05
188.0737219114089,0.1884653912091425,kepler_4_b:kplr011853905-2009259160929_llc.fits,1.0000699758529663,0.9999979369067034,0.9998158360642599,1.0001768990325868,7.203894626295337e-05
139.86990389527637,0.1896812650765695,kepler_4_b:kplr011853905-2009166043257_llc.fits,1.000078558921814,0.9999979369067034,0.9998046561041781,1.0001843559421284,8.062201511060962e-05
245.92101146792996,0.1897142797301338,kepler_4_b:kplr011853905-2009259160929_llc.fits,1.0001604557037354,0.9999979369067034,0.9998064764823502,1.0001928305439667,0.00016251879703199634
175.22081929229898,0.1902384760991877,kepler_4_b:kplr011853905-2009259160929_llc.fits,0.9999212622642516,0.9999979369067034,0.999812427026646,1.0001882393820505,-7.667464245175726e-05
210.57122243343477,0.1902834312349452,kepler_4_b:kplr011853905-2009259160929_llc.fits,1.0000635385513306,0.9999979369067034,0.9998082526398078,1.0001835066724858,6.560164462721119e-05
127.0168009486806,0.1912540224808168,kepler_4_b:kplr011853905-2009131105131_llc.fits,1.0002758502960205,0.9999979369067034,0.9998113266540305,1.0001894185936901,0.0002779133893171526
233.068469971593,0.191848487393208,kepler_4_b:kplr011853905-2009259160929_llc.fits,0.9999423027038574,0.9999979369067034,0.9998136148707616,1.0001829210576034,-5.5634202845933345e-05
162.3678483985641,0.1919432863642962,kepler_4_b:kplr011853905-2009166043257_llc.fits,1.0001215934753418,0.9999979369067034,0.9998065891393986,1.0001875047549236,0.00012365656863844166
197.71845731759092,0.1921940193911504,kepler_4_b:kplr011853905-2009259160929_llc.fits,1.0000627040863037,0.9999979369067034,0.9998021052789354,1.0001861975691422,6.476717960035572e-05
149.5148171520559,0.1935877438561155,kepler_4_b:kplr011853905-2009166043257_llc.fits,1.0000929832458496,0.9999979369067034,0.9997946889331571,1.000199494307658,9.504633914625416e-05
220.21584960992917,0.1939038297293411,kepler_4_b:kplr011853905-2009259160929_llc.fits,1.0000640153884888,0.9999979369067034,0.9998127937053946,1.0001818056163498,6.607848178541431e-05
184.8656116971688,0.1940241029689919,kepler_4_b:kplr011853905-2009259160929_llc.fits,1.000029444694519,0.9999979369067034,0.9998097802241561,1.000186194044441,3.150778781568775e-05
136.6617394083296,0.1951857041298004,kepler_4_b:kplr011853905-2009166043257_llc.fits,1.0001003742218018,0.9999979369067034,0.9998018835153335,1.0001865670634413,0.00010243731509840259
242.7129915230544,0.1953632608545745,kepler_4_b:kplr011853905-2009259160929_llc.fits,1.0001068115234375,0.9999979369067034,0.9998134446521093,1.0001787350854932,0.00010887461673414478
172.0126908729144,0.1957789827145946,kepler_4_b:kplr011853905-2009259160929_llc.fits,0.999813973903656,0.9999979369067034,0.9998139990763247,1.0001819773420133,-0.00018396300304734936
207.36314727219724,0.1958771959974428,kepler_4_b:kplr011853905-2009259160929_llc.fits,1.0001680850982666,0.9999979369067034,0.9998102548625136,1.000180120952925,0.00017014819156324634
123.80862976319622,0.1967517629964277,kepler_4_b:kplr011853905-2009131105131_llc.fits,0.9997384548187256,0.9999979369067034,0.9998068412161321,1.000183159983371,-0.0002594820879777693
159.15970418464713,0.1974679984473295,kepler_4_b:kplr011853905-2009166043257_llc.fits,1.0002617835998535,0.9999979369067034,0.9998048447942828,1.000179383716778,0.0002638466931501604
229.86043077360955,0.1974782154097549,kepler_4_b:kplr011853905-2009259160929_llc.fits,0.9997053146362304,0.9999979369067034,0.9998045566053001,1.0001860443430974,-0.0002926222704729975
194.51036169659343,0.1977673243936675,kepler_4_b:kplr011853905-2009259160929_llc.fits,1.0000209808349607,0.9999979369067034,0.9998100646545233,1.0001794591856066,2.3043928257360236e-05
252.35747123392505,0.198836193725244,kepler_4_b:kplr011853905-2009259160929_llc.fits,1.000068426132202,0.9999979369067034,0.9998082961808611,1.00017823879738,7.048922549857117e-05
146.3066600705206,0.1990995883207966,kepler_4_b:kplr011853905-2009166043257_llc.fits,0.999936044216156,0.9999979369067034,0.9998111906483291,1.0001891546656492,-6.189269054734936e-05
217.00779012669227,0.199513272492475,kepler_4_b:kplr011853905-2009259160929_llc.fits,0.9999555349349976,0.9999979369067034,0.9998099939427197,1.0001825255316201,-4.2401971705796626e-05
133.45357292579138,0.2006881475915827,kepler_4_b:kplr011853905-2009166043257_llc.fits,0.9999826550483704,0.9999979369067034,0.9998047416889313,1.0001922981626465,-1.5281858332993892e-05
239.5049669618529,0.2010076256531194,kepler_4_b:kplr011853905-2009259160929_llc.fits,0.999934673309326,0.9999979369067034,0.999808874821728,1.0001867250070742,-6.326359737740539e-05
204.1550669467761,0.201465796576264,kepler_4_b:kplr011853905-2009259160929_llc.fits,0.99990576505661,0.9999979369067034,0.9998092803714828,1.0001747821602158,-9.217185009335882e-05
120.60045779656502,0.2022487223652293,kepler_4_b:kplr011853905-2009131105131_llc.fits,0.9999544620513916,0.9999979369067034,0.9998017735922922,1.0001913015535937,-4.347485531175366e-05
155.9515564622052,0.2029892020053936,kepler_4_b:kplr011853905-2009166043257_llc.fits,0.9999826550483704,0.9999979369067034,0.9998069525760259,1.0001906699664027,-1.5281858332993892e-05
226.6523866681382,0.2031030359384102,kepler_4_b:kplr011853905-2009259160929_llc.fits,1.0000232458114624,0.9999979369067034,0.9998110387171555,1.0001823165165822,2.5308904759047124e-05
191.3022612053537,0.2033357591539199,kepler_4_b:kplr011853905-2009259160929_llc.fits,0.9999319911003112,0.9999979369067034,0.9998068963626752,1.0001863362555623,-6.594580639218695e-05
249.14946013778533,0.2044940235855585,kepler_4_b:kplr011853905-2009259160929_llc.fits,1.0001497268676758,0.9999979369067034,0.9998109834503466,1.0001919994820252,0.00015178996097242603
143.09850029851077,0.204608742310975,kepler_4_b:kplr011853905-2009166043257_llc.fits,1.0001081228256226,0.9999979369067034,0.9998059911615368,1.000190734682641,0.00011018591891920337
213.79972536623245,0.2051174380326552,kepler_4_b:kplr011853905-2009259160929_llc.fits,0.9999632835388184,0.9999979369067034,0.9998120953328538,1.0001840064704361,-3.4653367884995845e-05
178.4493772839487,0.2051275417489104,kepler_4_b:kplr011853905-2009259160929_llc.fits,0.9999896883964537,0.9999979369067034,0.9998105315812325,1.00018583708974,-8.24851024960882e-06
130.2454049922526,0.2061891400527937,kepler_4_b:kplr011853905-2009131105131_llc.fits,1.000113010406494,0.9999979369067034,0.999802398214123,1.0001920182605961,0.00011507349979056336
236.29693746557317,0.2066470553733414,kepler_4_b:kplr011853905-2009259160929_llc.fits,0.999998927116394,0.9999979369067034,0.99981911143254,1.0001878022495079,9.902096906877489e-07
200.9469814867407,0.2070492625409008,kepler_4_b:kplr011853905-2009259160929_llc.fits,0.9999263286590576,0.9999979369067034,0.999813941722701,1.0001913702227363,-7.160824764573803e-05
223.44433749230663,0.2087227861068627,kepler_4_b:kplr011853905-2009259160929_llc.fits,0.9999568462371826,0.9999979369067034,0.9998142696149195,1.0001844738110974,-4.109066952073803e-05
188.09415582281508,0.2088993026152865,kepler_4_b:kplr011853905-2009259160929_llc.fits,0.9999817609786988,0.9999979369067034,0.9998160934326267,1.0001879978950046,-1.617592800451373e-05
139.89033806024236,0.2101154300425605,kepler_4_b:kplr011853905-2009166043257_llc.fits,1.0000033378601074,0.9999979369067034,0.9998019774681417,1.0001897843944223,5.400953404066655e-06
175.24125322082546,0.21067240462566,kepler_4_b:kplr011853905-2009259160929_llc.fits,0.9999372363090516,0.9999979369067034,0.9998077392131632,1.0001841553605988,-6.0700597651730526e-05
210.59165601970017,0.2107170175003714,kepler_4_b:kplr011853905-2009259160929_llc.fits,1.0000773668289185,0.9999979369067034,0.9998095265744437,1.0001853012932667,7.942992221510181e-05
127.03723505823292,0.2116881320331145,kepler_4_b:kplr011853905-2009131105131_llc.fits,0.9999979734420776,0.9999979369067034,0.9998015873672897,1.0001917343969438,3.653537428149889e-08
233.08890332967712,0.2122818454773274,kepler_4_b:kplr011853905-2009259160929_llc.fits,0.9998940229415892,0.9999979369067034,0.9998097388286464,1.0001830479150593,-0.00010391396511411077
162.38828252976964,0.2123774175698438,kepler_4_b:kplr011853905-2009166043257_llc.fits,0.9999545216560364,0.9999979369067034,0.9998138020254743,1.0001908974812501,-4.341525066697827e-05
197.73889103469992,0.2126277365001223,kepler_4_b:kplr011853905-2009259160929_llc.fits,0.9999892115592957,0.9999979369067034,0.999818947252537,1.0001805415322997,-8.725347407700923e-06
149.53525126765453,0.214021859454734,kepler_4_b:kplr011853905-2009166043257_llc.fits,0.9998602867126464,0.9999979369067034,0.9998065157462379,1.000192008000647,-0.00013765019405698187
220.23628299700795,0.2143372168081516,kepler_4_b:kplr011853905-2009259160929_llc.fits,1.0001894235610962,0.9999979369067034,0.9998117399479733,1.000181700865227,0.00019148665439283619
184.88604553907496,0.2144579448751888,kepler_4_b:kplr011853905-2009259160929_llc.fits,1.0000627040863037,0.9999979369067034,0.9998072874516981,1.0001879847263189,6.476717960035572e-05
242.73342468940973,0.2157964272099348,kepler_4_b:kplr011853905-2009259160929_llc.fits,0.9998883605003356,0.9999979369067034,0.9998121393563476,1.0001921896509187,-0.00010957640636777288
172.03312472844846,0.2162128382486601,kepler_4_b:kplr011853905-2009259160929_llc.fits,1.0001578330993652,0.9999979369067034,0.999810294907815,1.000191600141643,0.00015989619266187916
123.8290640799678,0.2171860797679983,kepler_4_b:kplr011853905-2009131105131_llc.fits,1.0000033378601074,0.9999979369067034,0.999804693796264,1.0001986744565723,5.400953404066655e-06
159.18013833867008,0.2179021524702802,kepler_4_b:kplr011853905-2009166043257_llc.fits,1.0000197887420654,0.9999979369067034,0.9998057199287552,1.000192311821161,2.1851835362074468e-05
229.8808642633594,0.2179117051596033,kepler_4_b:kplr011853905-2009259160929_llc.fits,1.0000323057174685,0.9999979369067034,0.9998078239973963,1.0001917599271208,3.4368810765128543e-05
194.53079544560023,0.2182010734004376,kepler_4_b:kplr011853905-2009259160929_llc.fits,1.0000416040420532,0.9999979369067034,0.9998149899386899,1.0001964829872476,4.3667135349867436e-05
252.3779043157629,0.2192692755630807,kepler_4_b:kplr011853905-2009259160929_llc.fits,0.9999806880950928,0.9999979369067034,0.9998128350550928,1.0001808882905026,-1.7248811610581782e-05
217.02822354682576,0.219946692625961,kepler_4_b:kplr011853905-2009259160929_llc.fits,0.9998983144760132,0.9999979369067034,0.9998113809883912,1.0001857140256392,-9.962243069017163e-05
239.5254001580106,0.2214408218108021,kepler_4_b:kplr011853905-2009259160929_llc.fits,0.999966025352478,0.9999979369067034,0.9998116839775802,1.000186369581568,-3.1911554225327876e-05
204.17550059893256,0.2218994487327623,kepler_4_b:kplr011853905-2009259160929_llc.fits,1.0000959634780884,0.9999979369067034,0.9998049123408042,1.0001863023005446,9.802657138502369e-05
120.62089201869094,0.2226829444911433,kepler_4_b:kplr011853905-2009131105131_llc.fits,1.0000145435333252,0.9999979369067034,0.9998041160779411,1.000185507030312,1.6606626621840093e-05
226.6728200897851,0.2235364575852953,kepler_4_b:kplr011853905-2009259160929_llc.fits,1.0000452995300293,0.9999979369067034,0.9998103351326237,1.0001822615667035,4.7362623325941655e-05
191.32269498603276,0.2237695398329335,kepler_4_b:kplr011853905-2009259160929_llc.fits,1.0000003576278689,0.9999979369067034,0.9998083115234117,1.0001858798617245,2.4207211655191685e-06
249.1698932468644,0.2249271326645805,kepler_4_b:kplr011853905-2009259160929_llc.fits,1.0000231266021729,0.9999979369067034,0.9998099829419517,1.0001864238922764,2.5189695469496343e-05
143.1189344484519,0.2250428922521134,kepler_4_b:kplr011853905-2009166043257_llc.fits,0.999953269958496,0.9999979369067034,0.999809118918575,1.0001883121454047,-4.466694820737249e-05
213.82015891942865,0.225550991228854,kepler_4_b:kplr011853905-2009259160929_llc.fits,1.0000503063201904,0.9999979369067034,0.9998085547656973,1.0001767735491862,5.236941348707447e-05
178.46981118406256,0.2255614418627682,kepler_4_b:kplr011853905-2009259160929_llc.fits,0.9999362826347352,0.9999979369067034,0.9998098309237369,1.000190549131358,-6.165427196813678e-05
236.3173708922332,0.2270804820333614,kepler_4_b:kplr011853905-2009259160929_llc.fits,0.9998587369918824,0.9999979369067034,0.9998112365498167,1.0001833743780484,-0.00013919991482091998
200.96741517149349,0.2274829472936892,kepler_4_b:kplr011853905-2009259160929_llc.fits,0.9998633861541748,0.9999979369067034,0.9998090485468833,1.0001842161026295,-0.00013455075252855053
223.46477084655635,0.2291561403565525,kepler_4_b:kplr011853905-2009259160929_llc.fits,1.0000460147857666,0.9999979369067034,0.9998111568852932,1.0001772908901168,4.807787906324634e-05
188.1145896342277,0.2293331140279451,kepler_4_b:kplr011853905-2009259160929_llc.fits,1.000162959098816,0.9999979369067034,0.9998145028097202,1.0001855780440947,0.00016502219211256275
139.91077222520107,0.2305495950012754,kepler_4_b:kplr011853905-2009166043257_llc.fits,1.0000319480895996,0.9999979369067034,0.9998098201529056,1.0001923839940525,3.4011182896254155e-05
245.96187784242647,0.230580654226679,kepler_4_b:kplr011853905-2009259160929_llc.fits,1.0000579357147217,0.9999979369067034,0.9998062853020596,1.0001810409827183,5.999880801832447e-05
175.26168714911182,0.2311063329120257,kepler_4_b:kplr011853905-2009259160929_llc.fits,0.9999027252197265,0.9999979369067034,0.9998043505225824,1.0001795161425957,-9.521168697690374e-05
210.61208950596483,0.2311505037650361,kepler_4_b:kplr011853905-2009259160929_llc.fits,0.9998520016670228,0.9999979369067034,0.9998163045885893,1.000184024678053,-0.00014593523968053912
127.05766936777944,0.2321224415796592,kepler_4_b:kplr011853905-2009131105131_llc.fits,1.0001957416534424,0.9999979369067034,0.9998031942898834,1.000199428087478,0.0001978047467390276
162.40871646073356,0.2328113485337619,kepler_4_b:kplr011853905-2009166043257_llc.fits,0.9999392628669738,0.9999979369067034,0.9998085104657967,1.000187142779193,-5.867403972958929e-05
197.7593246518154,0.2330613536156087,kepler_4_b:kplr011853905-2009259160929_llc.fits,0.999728798866272,0.9999979369067034,0.9998058674401522,1.0001862456568207,-0.00026913804043138256
149.55568548314477,0.2344560749449746,kepler_4_b:kplr011853905-2009166043257_llc.fits,1.000008225440979,0.9999979369067034,0.9997953371239798,1.0001923315581505,1.0288534275648686e-05
220.256716584081,0.234770803881209,kepler_4_b:kplr011853905-2009259160929_llc.fits,1.0000221729278564,0.9999979369067034,0.999803808297579,1.0001954363164112,2.4236021153090093e-05
184.9064793805228,0.2348917863230004,kepler_4_b:kplr011853905-2009259160929_llc.fits,0.9999730587005616,0.9999979369067034,0.9998079748425217,1.0001840137335605,-2.487820614172076e-05
136.70260776526266,0.2360540610628609,kepler_4_b:kplr011853905-2009166043257_llc.fits,0.9998738765716552,0.9999979369067034,0.9998101986679316,1.0001905526609753,-0.0001240603350481928
242.75385795553305,0.2362296933332259,kepler_4_b:kplr011853905-2009259160929_llc.fits,1.0002692937850952,0.9999979369067034,0.9998128203727104,1.000182985000622,0.0002713568783918596
172.05355878397677,0.2366468937769725,kepler_4_b:kplr011853905-2009259160929_llc.fits,1.000044345855713,0.9999979369067034,0.9998139482813263,1.0001917465202603,4.6408949009535405e-05
123.849498196505,0.2376201963052153,kepler_4_b:kplr011853905-2009131105131_llc.fits,0.999949038028717,0.9999979369067034,0.9997937417443645,1.0002010121594658,-4.8898877986314204e-05
159.2005722924514,0.2383361062516014,kepler_4_b:kplr011853905-2009166043257_llc.fits,1.000240921974182,0.9999979369067034,0.999811433159709,1.0001908159756023,0.00024298506747855164
229.9012976526501,0.2383450944503049,kepler_4_b:kplr011853905-2009259160929_llc.fits,0.9999558925628662,0.9999979369067034,0.999812238501225,1.0001799297048504,-4.204434383714428e-05
194.55122929461504,0.238634922415245,kepler_4_b:kplr011853905-2009259160929_llc.fits,1.0000401735305786,0.9999979369067034,0.999811882792697,1.0001808564765455,4.223662387525806e-05
252.39833759760225,0.2397025574024402,kepler_4_b:kplr011853905-2009259160929_llc.fits,1.0000783205032349,0.9999979369067034,0.9998157844053598,1.0001832795777563,8.038359653150806e-05
146.34752823734743,0.2399677551476366,kepler_4_b:kplr011853905-2009166043257_llc.fits,0.9998520612716674,0.9999979369067034,0.9998104973342793,1.000193933960353,-0.00014587563503598577
217.04865706673445,0.2403802125346536,kepler_4_b:kplr011853905-2009259160929_llc.fits,0.999987542629242,0.9999979369067034,0.9998118978261515,1.0001831780165593,-1.0394277461300838e-05
133.49444130658958,0.2415565283897842,kepler_4_b:kplr011853905-2009166043257_llc.fits,1.000023365020752,0.9999979369067034,0.9998036357810247,1.0001892463926951,2.5428114048597905e-05
239.54583345416904,0.2418741179692462,kepler_4_b:kplr011853905-2009259160929_llc.fits,1.0001221895217896,0.9999979369067034,0.9998124265401167,1.0001869967697992,0.00012425261508619556
204.19593415062263,0.2423330004228379,kepler_4_b:kplr011853905-2009259160929_llc.fits,1.0000418424606323,0.9999979369067034,0.9998065360216027,1.0001946772517654,4.3905553928969e-05
120.64132614069968,0.2431170664998805,kepler_4_b:kplr011853905-2009131105131_llc.fits,0.999825119972229,0.9999979369067034,0.9998038180118471,1.0001803438666186,-0.00017281693447435131
155.99242461378162,0.2438573535818264,kepler_4_b:kplr011853905-2009166043257_llc.fits,0.9999576807022094,0.9999979369067034,0.99981657922008,1.0001839865719666,-4.0256204493993586e-05
226.69325361144,0.2439699792402179,kepler_4_b:kplr011853905-2009259160929_llc.fits,0.9998003840446472,0.9999979369067034,0.9998134108960891,1.0001855048536505,-0.00019755286205613842
191.34312876624608,0.2442033200462858,kepler_4_b:kplr011853905-2009259160929_llc.fits,1.0000579357147217,0.9999979369067034,0.9998066023906468,1.0001844145845453,5.999880801832447e-05
249.1903265559449,0.2453604417451253,kepler_4_b:kplr011853905-2009259160929_llc.fits,0.999955415725708,0.9999979369067034,0.9998144809077518,1.0001920488639076,-4.252118099534741e-05
143.1393685982839,0.2454770420841125,kepler_4_b:kplr011853905-2009166043257_llc.fits,0.9999412298202514,0.9999979369067034,0.9998019582949801,1.0001864445188335,-5.67070864520014e-05
213.8405924721665,0.2459845439666674,kepler_4_b:kplr011853905-2009259160929_llc.fits,1.0001323223114014,0.9999979369067034,0.9998133659316588,1.0001780509548324,0.00013438540469801197
178.49024518418446,0.2459954419846635,kepler_4_b:kplr011853905-2009259160929_llc.fits,0.9999557733535765,0.9999979369067034,0.9998154019046436,1.0001961899747038,-4.2163553126806086e-05
236.3378042186596,0.2475138084597892,kepler_4_b:kplr011853905-2009259160929_llc.fits,0.9999037384986876,0.9999979369067034,0.9998080843531595,1.0001882555670962,-9.41984080157221e-05
200.98784885601344,0.2479166318136469,kepler_4_b:kplr011853905-2009259160929_llc.fits,0.9998528957366944,0.9999979369067034,0.999809380528842,1.0001843473534189,-0.00014504117000890826
188.1350233454068,0.2497668252070115,kepler_4_b:kplr011853905-2009259160929_llc.fits,1.000180959701538,0.9999979369067034,0.9998082672243419,1.000189647695523,0.00018302279483473072
139.93120638993423,0.2509837597344357,kepler_4_b:kplr011853905-2009166043257_llc.fits,1.0001018047332764,0.9999979369067034,0.9998107713213251,1.0001879351370957,0.00010386782657301197
245.98231117943945,0.2510139912396252,kepler_4_b:kplr011853905-2009259160929_llc.fits,1.0001368522644043,0.9999979369067034,0.9998115461687122,1.0001774334354012,0.00013891535770094166
175.2821211771734,0.2515403609735982,kepler_4_b:kplr011853905-2009259160929_llc.fits,0.9998434782028198,0.9999979369067034,0.9998099259310956,1.000188551192741,-0.000154458703883531
127.0781035772161,0.252556651016303,kepler_4_b:kplr011853905-2009131105131_llc.fits,1.0001763105392456,0.9999979369067034,0.9998099417388991,1.00018695240531,0.00017837363254225025
233.12977004492856,0.2531485607287955,kepler_4_b:kplr011853905-2009259160929_llc.fits,1.0000464916229248,0.9999979369067034,0.9998102884798311,1.0001813897033274,4.855471622144947e-05
162.42915049147268,0.2532453792728868,kepler_4_b:kplr011853905-2009166043257_llc.fits,1.0001320838928225,0.9999979369067034,0.9998025824772947,1.000188019159608,0.00013414698611913245
197.77975846845948,0.2534951702596808,kepler_4_b:kplr011853905-2009259160929_llc.fits,0.9998545050621032,0.9999979369067034,0.9998111801682112,1.0001827117944189,-0.00014343184460019476
220.2771500706949,0.2552042904951197,kepler_4_b:kplr011853905-2009259160929_llc.fits,0.999963641166687,0.9999979369067034,0.9998164963366346,1.0001833089981154,-3.42957400163435e-05
184.92691322220344,0.2553256280036426,kepler_4_b:kplr011853905-2009259160929_llc.fits,1.0000945329666138,0.9999979369067034,0.9998068219458534,1.000189366869461,9.659605991041431e-05
136.7230419435,0.2564882393001985,kepler_4_b:kplr011853905-2009166043257_llc.fits,1.000022530555725,0.9999979369067034,0.99980790672472,1.0001956432977641,2.4593649021742436e-05
242.77429122164904,0.2566629594492411,kepler_4_b:kplr011853905-2009259160929_llc.fits,0.9999750256538392,0.9999979369067034,0.9998105986552502,1.000187831221919,-2.291125286413287e-05
172.0739927390459,0.2570808488461382,kepler_4_b:kplr011853905-2009259160929_llc.fits,0.999931275844574,0.9999979369067034,0.9998080295949059,1.0001930741233158,-6.666106212938061e-05
207.4244481294736,0.2571780532738074,kepler_4_b:kplr011853905-2009259160929_llc.fits,1.0000758171081543,0.9999979369067034,0.999817426952721,1.0001879668169447,7.788020145094166e-05
123.86993241315211,0.2580544129523332,kepler_4_b:kplr011853905-2009131105131_llc.fits,0.9999199509620667,0.9999979369067034,0.9998103480433713,1.0001950909391102,-7.798594463670483e-05
159.22100634624076,0.2587701600409599,kepler_4_b:kplr011853905-2009166043257_llc.fits,0.9998686909675598,0.9999979369067034,0.9997950204394056,1.000184114029745,-0.00012924593914354077
229.92173094194004,0.258778383740245,kepler_4_b:kplr011853905-2009259160929_llc.fits,1.0000633001327517,0.9999979369067034,0.999812425212312,1.000183172785154,6.536322604833167e-05
194.57166294315536,0.2590685709555924,kepler_4_b:kplr011853905-2009259160929_llc.fits,1.000054121017456,0.9999979369067034,0.9998102303118874,1.0001939952729542,5.618411075269947e-05
252.4187707792007,0.2601357390009317,kepler_4_b:kplr011853905-2009259160929_llc.fits,1.0002235174179075,0.9999979369067034,0.9998039070391981,1.000183983323977,0.00022558051120413758
146.36796247052553,0.2604019883257302,kepler_4_b:kplr011853905-2009166043257_llc.fits,1.0000042915344238,0.9999979369067034,0.9998003760101876,1.0001917575341803,6.354627720472905e-06
217.0690905864103,0.2608137322105157,kepler_4_b:kplr011853905-2009259160929_llc.fits,1.0000348091125488,0.9999979369067034,0.9998066158036527,1.0001835785591802,3.6872205845472905e-05
133.51487549681767,0.2619907186179,kepler_4_b:kplr011853905-2009166043257_llc.fits,0.999936044216156,0.9999979369067034,0.9998008610600694,1.0001942413855838,-6.189269054734936e-05
239.56626664985376,0.2623073136539917,kepler_4_b:kplr011853905-2009259160929_llc.fits,0.9999961853027344,0.9999979369067034,0.9998089325838416,1.0001859743963675,-1.7516039689802199e-06
204.21636790253976,0.262766752339991,kepler_4_b:kplr011853905-2009259160929_llc.fits,1.000075101852417,0.9999979369067034,0.9998167488143307,1.0001810394870698,7.716494571363697e-05
120.66176036281831,0.2635512886185185,kepler_4_b:kplr011853905-2009131105131_llc.fits,0.9999987483024596,0.9999979369067034,0.9998047197878467,1.0001945232266183,8.113957562505547e-07
156.01285868922423,0.2642914290244349,kepler_4_b:kplr011853905-2009166043257_llc.fits,1.0000568628311155,0.9999979369067034,0.9998032391229217,1.0001865622500528,5.892592441214539e-05
226.71368693285328,0.2644033006535109,kepler_4_b:kplr011853905-2009259160929_llc.fits,0.999925434589386,0.9999979369067034,0.9998110184983304,1.0001822535281764,-7.250231731736889e-05
191.36356254621933,0.2646371000195315,kepler_4_b:kplr011853905-2009259160929_llc.fits,1.000063180923462,0.9999979369067034,0.9998090398087367,1.0001856314682174,6.524401675855884e-05
143.15980274799222,0.2659111917924204,kepler_4_b:kplr011853905-2009166043257_llc.fits,0.9997531175613404,0.9999979369067034,0.999812916642312,1.0001903446712743,-0.00024481934536291217
213.86102602490428,0.2664180967044809,kepler_4_b:kplr011853905-2009259160929_llc.fits,0.9999428391456604,0.9999979369067034,0.9998166701897214,1.000187312032054,-5.509776104295483e-05
178.51067898406473,0.2664292418649292,kepler_4_b:kplr011853905-2009259160929_llc.fits,1.0000998973846436,0.9999979369067034,0.9998118425513595,1.000182137672065,0.00010196047794019947
188.15545715634653,0.2702006361467328,kepler_4_b:kplr011853905-2009259160929_llc.fits,1.00001859664917,0.9999979369067034,0.9998069080730548,1.0001808359954252,2.0659742466566655e-05
139.95164065466088,0.2714180244610815,kepler_4_b:kplr011853905-2009166043257_llc.fits,1.0000072717666626,0.9999979369067034,0.9998058223499022,1.0001885529070187,9.334859959242436e-06
246.00274441622605,0.2714472280262552,kepler_4_b:kplr011853905-2009259160929_llc.fits,0.9999632239341736,0.9999979369067034,0.9998120709962586,1.0001802252265373,-3.4712972529771235e-05
175.30255500499334,0.2719741887935411,kepler_4_b:kplr011853905-2009259160929_llc.fits,0.9997848272323608,0.9999979369067034,0.9998140519558694,1.000183512885908,-0.00021310967434251538
210.65295667755709,0.2720176753572898,kepler_4_b:kplr011853905-2009259160929_llc.fits,0.9998867511749268,0.9999979369067034,0.9998095956563803,1.0001890926965988,-0.00011118573177659741
127.09853768665198,0.2729907604521855,kepler_4_b:kplr011853905-2009131105131_llc.fits,1.000069499015808,0.9999979369067034,0.9998003404508786,1.0001862714178167,7.156210910475025e-05
233.15020340231425,0.273581918114423,kepler_4_b:kplr011853905-2009259160929_llc.fits,1.0000028610229492,0.9999979369067034,0.999810710257184,1.0001756868104388,4.92411624586353e-06
162.44958442221105,0.2736793100112502,kepler_4_b:kplr011853905-2009166043257_llc.fits,0.9999337196350097,0.9999979369067034,0.9998137370093064,1.000193909684957,-6.421727169370062e-05
197.8001921851101,0.2739288869102674,kepler_4_b:kplr011853905-2009259160929_llc.fits,0.9999824166297911,0.9999979369067034,0.999811229029693,1.0001862718580437,-1.5520276912206477e-05
149.59655361376645,0.2753242055666496,kepler_4_b:kplr011853905-2009166043257_llc.fits,0.9999494552612304,0.9999979369067034,0.9998062254272586,1.0001897229013428,-4.848164547299749e-05
220.2975834573008,0.2756376771009929,kepler_4_b:kplr011853905-2009259160929_llc.fits,1.0000883340835571,0.9999979369067034,0.9998004084719657,1.0001923672165418,9.039717685377369e-05
184.9473469634104,0.2757593692105861,kepler_4_b:kplr011853905-2009259160929_llc.fits,0.9998399019241332,0.9999979369067034,0.9998170251487206,1.0001968068825966,-0.00015803498257016546
136.74347602173657,0.2769223175367747,kepler_4_b:kplr011853905-2009166043257_llc.fits,1.0000489950180054,0.9999979369067034,0.9998035158490242,1.0001875168991956,5.1058111302015874e-05
242.79472448730667,0.2770962251068709,kepler_4_b:kplr011853905-2009259160929_llc.fits,1.0002241134643557,0.9999979369067034,0.9998103307075181,1.0001814423845552,0.00022617655765233557
172.09442659410706,0.2775147039072665,kepler_4_b:kplr011853905-2009259160929_llc.fits,1.0,0.9999979369067034,0.9998189598059833,1.0001832718706591,2.06309329664478e-06
207.4448817481025,0.277611671902693,kepler_4_b:kplr011853905-2009259160929_llc.fits,0.999864101409912,0.9999979369067034,0.9998132074886331,1.0001818089015668,-0.00013383549679135687
123.89036672969088,0.2784887294910731,kepler_4_b:kplr011853905-2009131105131_llc.fits,0.9998973608016968,0.9999979369067034,0.9998079690196341,1.000191620191971,-0.00010057610500657788
159.24144030002935,0.2792041138295571,kepler_4_b:kplr011853905-2009166043257_llc.fits,0.9998697638511655,0.9999979369067034,0.9997981789034551,1.000185290387061,-0.00012817305553780578
229.9421644309914,0.2792118727916015,kepler_4_b:kplr011853905-2009259160929_llc.fits,0.9998852610588072,0.9999979369067034,0.9998106655277841,1.0001879465694314,-0.00011267584789620422
194.59209669170377,0.2795023195039771,kepler_4_b:kplr011853905-2009259160929_llc.fits,0.9999685883522031,0.9999979369067034,0.9998137940719569,1.0001800774249867,-2.9348554500208124e-05
252.4392038605729,0.2805688203731071,kepler_4_b:kplr011853905-2009259160929_llc.fits,0.9999054074287415,0.9999979369067034,0.9998064901689799,1.0001826692316955,-9.252947796190014e-05
146.3883966037101,0.2808361215103383,kepler_4_b:kplr011853905-2009166043257_llc.fits,1.000003695487976,0.9999979369067034,0.9998116848264148,1.0001973509258102,5.758581272718999e-06
217.08952410584607,0.2812472516462711,kepler_4_b:kplr011853905-2009259160929_llc.fits,0.9999365210533142,0.9999979369067034,0.9998080884782978,1.0001822981672392,-6.141585338914624e-05
133.53530958704505,0.2824248088452543,kepler_4_b:kplr011853905-2009166043257_llc.fits,0.999980330467224,0.9999979369067034,0.9998036814065308,1.000196839121493,-1.760643947934515e-05
239.5867000453145,0.2827407091147053,kepler_4_b:kplr011853905-2009259160929_llc.fits,0.999991774559021,0.9999979369067034,0.9998154952246923,1.0001827834666643,-6.162347682359126e-06
204.23680155399776,0.2832004037979973,kepler_4_b:kplr011853905-2009259160929_llc.fits,1.0000802278518677,0.9999979369067034,0.9998138253629049,1.0001839004659874,8.229094516432056e-05
120.68219468471216,0.2839856105123632,kepler_4_b:kplr011853905-2009131105131_llc.fits,1.000077247619629,0.9999979369067034,0.9998087405656186,1.0001898454403342,7.931071292555103e-05
156.03329266466608,0.2847254044662819,kepler_4_b:kplr011853905-2009166043257_llc.fits,0.9999389052391052,0.9999979369067034,0.9998027386083055,1.0001880240290388,-5.903166759813061e-05
226.73412035380895,0.28483672160918,kepler_4_b:kplr011853905-2009259160929_llc.fits,1.000033617019653,0.9999979369067034,0.9998031360647935,1.0001786714346401,3.568011294974305e-05
191.3839962261991,0.2850707799992917,kepler_4_b:kplr011853905-2009259160929_llc.fits,1.0000962018966677,0.9999979369067034,0.999811290337482,1.000187346703502,9.82649899643473e-05
249.23119287316516,0.2862267589653322,kepler_4_b:kplr011853905-2009259160929_llc.fits,1.0000485181808472,0.9999979369067034,0.9998067366257809,1.0001850248138682,5.058127414381275e-05
143.1802368975914,0.2863453413915888,kepler_4_b:kplr011853905-2009166043257_llc.fits,0.9999703168869019,0.9999979369067034,0.9998090838751735,1.0001870747593615,-2.762001980149975e-05
213.8814594774012,0.2868515492014263,kepler_4_b:kplr011853905-2009259160929_llc.fits,0.999893844127655,0.9999979369067034,0.999814358830712,1.0001869541492432,-0.00010409277904832592
178.5311128837202,0.2868631415204017,kepler_4_b:kplr011853905-2009259160929_llc.fits,1.0000380277633667,0.9999979369067034,0.9998103762107832,1.0001915413942888,4.0090856663344e-05
236.3786708710395,0.2883804608397075,kepler_4_b:kplr011853905-2009259160929_llc.fits,1.000166893005371,0.9999979369067034,0.9998051281626701,1.000179565047015,0.00016895609866773853
201.0287162243476,0.2887840001477946,kepler_4_b:kplr011853905-2009259160929_llc.fits,0.999902844429016,0.9999979369067034,0.9998076362903942,1.0001823282815554,-9.509247768735296e-05
188.17589106706143,0.2906345468616609,kepler_4_b:kplr011853905-2009259160929_llc.fits,1.0000399351119995,0.9999979369067034,0.9998070820268585,1.0001850598135107,4.19982052961565e-05
139.97207471927686,0.291852089077065,kepler_4_b:kplr011853905-2009166043257_llc.fits,1.0000097751617432,0.9999979369067034,0.999808265767991,1.0001876531632705,1.1838255039808843e-05
246.0231775527791,0.2918803645792931,kepler_4_b:kplr011853905-2009259160929_llc.fits,1.0000808238983154,0.9999979369067034,0.9998098409546428,1.000180730327647,8.288699161207447e-05
175.32298893282132,0.2924081166215215,kepler_4_b:kplr011853905-2009259160929_llc.fits,0.999898850917816,0.9999979369067034,0.9998159972449304,1.0001912024880792,-9.908598888730413e-05
210.673390263124,0.292451260924224,kepler_4_b:kplr011853905-2009259160929_llc.fits,1.0000144243240356,0.9999979369067034,0.9998052426700593,1.0001802233059682,1.648741733228931e-05
127.11897189608136,0.2934249698815534,kepler_4_b:kplr011853905-2009131105131_llc.fits,1.000033974647522,0.9999979369067034,0.9998159015321203,1.0001925122984334,3.6037740818617436e-05
233.1706367594743,0.2940152752744957,kepler_4_b:kplr011853905-2009259160929_llc.fits,0.9999454021453856,0.9999979369067034,0.9998075880120898,1.0001939395619812,-5.2534761317724055e-05
162.4700185527181,0.2941134405183059,kepler_4_b:kplr011853905-2009166043257_llc.fits,1.0001933574676514,0.9999979369067034,0.9998058108015767,1.0001863624618763,0.00019542056094801197
197.82062580152703,0.2943625033272618,kepler_4_b:kplr011853905-2009259160929_llc.fits,0.9998978972434996,0.9999979369067034,0.9998084536771691,1.0001838439451705,-0.00010003966320371038
149.61698762902233,0.2957582208225366,kepler_4_b:kplr011853905-2009166043257_llc.fits,0.9999672770500184,0.9999979369067034,0.999806806067942,1.0001873563177142,-3.065985668493365e-05
220.31801694368187,0.2960711634820729,kepler_4_b:kplr011853905-2009259160929_llc.fits,1.0000512599945068,0.9999979369067034,0.9998064616610268,1.00018898035514,5.332308780348072e-05
136.76391029985098,0.2973565956511825,kepler_4_b:kplr011853905-2009166043257_llc.fits,0.999768614768982,0.9999979369067034,0.9998042124233854,1.0001902934495812,-0.0002293221377213106
172.1148605489434,0.2979486587436015,kepler_4_b:kplr011853905-2009259160929_llc.fits,0.9999949932098388,0.9999979369067034,0.9998130704394653,1.0001832799445656,-2.9436968645990547e-06
207.4653152667306,0.2980451905308172,kepler_4_b:kplr011853905-2009259160929_llc.fits,1.0000964403152466,0.9999979369067034,0.9998167719837873,1.0001824696522768,9.850340854322681e-05
123.91080094622156,0.2989229460217757,kepler_4_b:kplr011853905-2009131105131_llc.fits,0.99993097782135,0.9999979369067034,0.9998007721110098,1.0001912466489036,-6.695908535336859e-05
159.26187445358664,0.2996382673868465,kepler_4_b:kplr011853905-2009166043257_llc.fits,1.000240921974182,0.9999979369067034,0.9998040772524672,1.0001871009836092,0.00024298506747855164
229.96259781981644,0.2996452616166418,kepler_4_b:kplr011853905-2009259160929_llc.fits,1.0000802278518677,0.9999979369067034,0.9998109065641456,1.0001846502921443,8.229094516432056e-05
194.6125304397865,0.2999360675867006,kepler_4_b:kplr011853905-2009259160929_llc.fits,1.0000180006027222,0.9999979369067034,0.9998115239231551,1.0001828160603352,2.006369601881275e-05
