job_id,experiment_id,scenario_id,replicate_id,run_id,seeds,output_dir,status,attempt_count,error,authoritative_attempt_dir,source_paths,known_white_noise_transit_snr,computational_gates_passed,scientifically_interpretable
PUB-02__deep_short__rep_0001,PUB-02,deep_short,rep_0001,tcc_calibration_confirmatory_v1__PUB-02__deep_short__rep_0001,"{""generation"": 1380173556, ""inference"": 2998665256, ""predictive"": 3684083324, ""resampling"": 2795319849}",artifacts/publication_campaign/tcc_calibration_confirmatory_v1/runs/PUB-02/deep_short/rep_0001,COMPLETED_REJECTED,1,,artifacts/publication_campaign/tcc_calibration_confirmatory_v1/runs/PUB-02/deep_short/rep_0001/attempt_000,"[""artifacts/publication_campaign/tcc_calibration_confirmatory_v1/runs/PUB-02/deep_short/rep_0001/attempt_000/completion_manifest.json"", ""artifacts/publication_campaign/tcc_calibration_confirmatory_v1/runs/PUB-02/deep_short/rep_0001/attempt_000/environment_preflight.json"", ""artifacts/publication_campaign/tcc_calibration_confirmatory_v1/runs/PUB-02/deep_short/rep_0001/attempt_000/inference_command.json"", ""artifacts/publication_campaign/tcc_calibration_confirmatory_v1/runs/PUB-02/deep_short/rep_0001/attempt_000/inference_config.json"", ""artifacts/publication_campaign/tcc_calibration_confirmatory_v1/runs/PUB-02/deep_short/rep_0001/attempt_000/inference_started.json"", ""artifacts/publication_campaign/tcc_calibration_confirmatory_v1/runs/PUB-02/deep_short/rep_0001/attempt_000/input.csv"", ""artifacts/publication_campaign/tcc_calibration_confirmatory_v1/runs/PUB-02/deep_short/rep_0001/attempt_000/job.json"", ""artifacts/publication_campaign/tcc_calibration_confirmatory_v1/runs/PUB-02/deep_short/rep_0001/attempt_000/predictive_summary.csv"", ""artifacts/publication_campaign/tcc_calibration_confirmatory_v1/runs/PUB-02/deep_short/rep_0001/attempt_000/result.json"", ""artifacts/publication_campaign/tcc_calibration_confirmatory_v1/runs/PUB-02/deep_short/rep_0001/attempt_000/sampler_summary.csv"", ""artifacts/publication_campaign/tcc_calibration_confirmatory_v1/runs/PUB-02/deep_short/rep_0001/attempt_000/trace.nc"", ""artifacts/publication_campaign/tcc_calibration_confirmatory_v1/runs/PUB-02/deep_short/rep_0001/attempt_000/truth.json"", ""artifacts/publication_campaign/tcc_calibration_confirmatory_v1/runs/PUB-02/deep_short/rep_0001/attempt_000/worker_metadata.json""]",77.8117353932514,False,False
PUB-02__deep_short__rep_0006,PUB-02,deep_short,rep_0006,tcc_calibration_confirmatory_v1__PUB-02__deep_short__rep_0006,"{""generation"": 3006438858, ""inference"": 3396658676, ""predictive"": 626549275, ""resampling"": 2928163483}",artifacts/publication_campaign/tcc_calibration_confirmatory_v1/runs/PUB-02/deep_short/rep_0006,COMPLETED_REJECTED,1,,artifacts/publication_campaign/tcc_calibration_confirmatory_v1/runs/PUB-02/deep_short/rep_0006/attempt_000,"[""artifacts/publication_campaign/tcc_calibration_confirmatory_v1/runs/PUB-02/deep_short/rep_0006/attempt_000/completion_manifest.json"", ""artifacts/publication_campaign/tcc_calibration_confirmatory_v1/runs/PUB-02/deep_short/rep_0006/attempt_000/environment_preflight.json"", ""artifacts/publication_campaign/tcc_calibration_confirmatory_v1/runs/PUB-02/deep_short/rep_0006/attempt_000/inference_command.json"", ""artifacts/publication_campaign/tcc_calibration_confirmatory_v1/runs/PUB-02/deep_short/rep_0006/attempt_000/inference_config.json"", ""artifacts/publication_campaign/tcc_calibration_confirmatory_v1/runs/PUB-02/deep_short/rep_0006/attempt_000/inference_started.json"", ""artifacts/publication_campaign/tcc_calibration_confirmatory_v1/runs/PUB-02/deep_short/rep_0006/attempt_000/input.csv"", ""artifacts/publication_campaign/tcc_calibration_confirmatory_v1/runs/PUB-02/deep_short/rep_0006/attempt_000/job.json"", ""artifacts/publication_campaign/tcc_calibration_confirmatory_v1/runs/PUB-02/deep_short/rep_0006/attempt_000/predictive_summary.csv"", ""artifacts/publication_campaign/tcc_calibration_confirmatory_v1/runs/PUB-02/deep_short/rep_0006/attempt_000/result.json"", ""artifacts/publication_campaign/tcc_calibration_confirmatory_v1/runs/PUB-02/deep_short/rep_0006/attempt_000/sampler_summary.csv"", ""artifacts/publication_campaign/tcc_calibration_confirmatory_v1/runs/PUB-02/deep_short/rep_0006/attempt_000/trace.nc"", ""artifacts/publication_campaign/tcc_calibration_confirmatory_v1/runs/PUB-02/deep_short/rep_0006/attempt_000/truth.json"", ""artifacts/publication_campaign/tcc_calibration_confirmatory_v1/runs/PUB-02/deep_short/rep_0006/attempt_000/worker_metadata.json""]",77.8117353932514,False,False
PUB-02__deep_short__rep_0009,PUB-02,deep_short,rep_0009,tcc_calibration_confirmatory_v1__PUB-02__deep_short__rep_0009,"{""generation"": 474581119, ""inference"": 2680940505, ""predictive"": 1097915093, ""resampling"": 1134183099}",artifacts/publication_campaign/tcc_calibration_confirmatory_v1/runs/PUB-02/deep_short/rep_0009,COMPLETED_REJECTED,1,,artifacts/publication_campaign/tcc_calibration_confirmatory_v1/runs/PUB-02/deep_short/rep_0009/attempt_000,"[""artifacts/publication_campaign/tcc_calibration_confirmatory_v1/runs/PUB-02/deep_short/rep_0009/attempt_000/completion_manifest.json"", ""artifacts/publication_campaign/tcc_calibration_confirmatory_v1/runs/PUB-02/deep_short/rep_0009/attempt_000/environment_preflight.json"", ""artifacts/publication_campaign/tcc_calibration_confirmatory_v1/runs/PUB-02/deep_short/rep_0009/attempt_000/inference_command.json"", ""artifacts/publication_campaign/tcc_calibration_confirmatory_v1/runs/PUB-02/deep_short/rep_0009/attempt_000/inference_config.json"", ""artifacts/publication_campaign/tcc_calibration_confirmatory_v1/runs/PUB-02/deep_short/rep_0009/attempt_000/inference_started.json"", ""artifacts/publication_campaign/tcc_calibration_confirmatory_v1/runs/PUB-02/deep_short/rep_0009/attempt_000/input.csv"", ""artifacts/publication_campaign/tcc_calibration_confirmatory_v1/runs/PUB-02/deep_short/rep_0009/attempt_000/job.json"", ""artifacts/publication_campaign/tcc_calibration_confirmatory_v1/runs/PUB-02/deep_short/rep_0009/attempt_000/predictive_summary.csv"", ""artifacts/publication_campaign/tcc_calibration_confirmatory_v1/runs/PUB-02/deep_short/rep_0009/attempt_000/result.json"", ""artifacts/publication_campaign/tcc_calibration_confirmatory_v1/runs/PUB-02/deep_short/rep_0009/attempt_000/sampler_summary.csv"", ""artifacts/publication_campaign/tcc_calibration_confirmatory_v1/runs/PUB-02/deep_short/rep_0009/attempt_000/trace.nc"", ""artifacts/publication_campaign/tcc_calibration_confirmatory_v1/runs/PUB-02/deep_short/rep_0009/attempt_000/truth.json"", ""artifacts/publication_campaign/tcc_calibration_confirmatory_v1/runs/PUB-02/deep_short/rep_0009/attempt_000/worker_metadata.json""]",77.8117353932514,False,False
PUB-02__deep_short__rep_0010,PUB-02,deep_short,rep_0010,tcc_calibration_confirmatory_v1__PUB-02__deep_short__rep_0010,"{""generation"": 2048615125, ""inference"": 292219458, ""predictive"": 682237414, ""resampling"": 4285127538}",artifacts/publication_campaign/tcc_calibration_confirmatory_v1/runs/PUB-02/deep_short/rep_0010,COMPLETED_REJECTED,1,,artifacts/publication_campaign/tcc_calibration_confirmatory_v1/runs/PUB-02/deep_short/rep_0010/attempt_000,"[""artifacts/publication_campaign/tcc_calibration_confirmatory_v1/runs/PUB-02/deep_short/rep_0010/attempt_000/completion_manifest.json"", ""artifacts/publication_campaign/tcc_calibration_confirmatory_v1/runs/PUB-02/deep_short/rep_0010/attempt_000/environment_preflight.json"", ""artifacts/publication_campaign/tcc_calibration_confirmatory_v1/runs/PUB-02/deep_short/rep_0010/attempt_000/inference_command.json"", ""artifacts/publication_campaign/tcc_calibration_confirmatory_v1/runs/PUB-02/deep_short/rep_0010/attempt_000/inference_config.json"", ""artifacts/publication_campaign/tcc_calibration_confirmatory_v1/runs/PUB-02/deep_short/rep_0010/attempt_000/inference_started.json"", ""artifacts/publication_campaign/tcc_calibration_confirmatory_v1/runs/PUB-02/deep_short/rep_0010/attempt_000/input.csv"", ""artifacts/publication_campaign/tcc_calibration_confirmatory_v1/runs/PUB-02/deep_short/rep_0010/attempt_000/job.json"", ""artifacts/publication_campaign/tcc_calibration_confirmatory_v1/runs/PUB-02/deep_short/rep_0010/attempt_000/predictive_summary.csv"", ""artifacts/publication_campaign/tcc_calibration_confirmatory_v1/runs/PUB-02/deep_short/rep_0010/attempt_000/result.json"", ""artifacts/publication_campaign/tcc_calibration_confirmatory_v1/runs/PUB-02/deep_short/rep_0010/attempt_000/sampler_summary.csv"", ""artifacts/publication_campaign/tcc_calibration_confirmatory_v1/runs/PUB-02/deep_short/rep_0010/attempt_000/trace.nc"", ""artifacts/publication_campaign/tcc_calibration_confirmatory_v1/runs/PUB-02/deep_short/rep_0010/attempt_000/truth.json"", ""artifacts/publication_campaign/tcc_calibration_confirmatory_v1/runs/PUB-02/deep_short/rep_0010/attempt_000/worker_metadata.json""]",77.8117353932514,False,False
PUB-02__deep_short__rep_0012,PUB-02,deep_short,rep_0012,tcc_calibration_confirmatory_v1__PUB-02__deep_short__rep_0012,"{""generation"": 2874239861, ""inference"": 3205747234, ""predictive"": 1166076104, ""resampling"": 2970585988}",artifacts/publication_campaign/tcc_calibration_confirmatory_v1/runs/PUB-02/deep_short/rep_0012,COMPLETED_REJECTED,1,,artifacts/publication_campaign/tcc_calibration_confirmatory_v1/runs/PUB-02/deep_short/rep_0012/attempt_000,"[""artifacts/publication_campaign/tcc_calibration_confirmatory_v1/runs/PUB-02/deep_short/rep_0012/attempt_000/completion_manifest.json"", ""artifacts/publication_campaign/tcc_calibration_confirmatory_v1/runs/PUB-02/deep_short/rep_0012/attempt_000/environment_preflight.json"", ""artifacts/publication_campaign/tcc_calibration_confirmatory_v1/runs/PUB-02/deep_short/rep_0012/attempt_000/inference_command.json"", ""artifacts/publication_campaign/tcc_calibration_confirmatory_v1/runs/PUB-02/deep_short/rep_0012/attempt_000/inference_config.json"", ""artifacts/publication_campaign/tcc_calibration_confirmatory_v1/runs/PUB-02/deep_short/rep_0012/attempt_000/inference_started.json"", ""artifacts/publication_campaign/tcc_calibration_confirmatory_v1/runs/PUB-02/deep_short/rep_0012/attempt_000/input.csv"", ""artifacts/publication_campaign/tcc_calibration_confirmatory_v1/runs/PUB-02/deep_short/rep_0012/attempt_000/job.json"", ""artifacts/publication_campaign/tcc_calibration_confirmatory_v1/runs/PUB-02/deep_short/rep_0012/attempt_000/predictive_summary.csv"", ""artifacts/publication_campaign/tcc_calibration_confirmatory_v1/runs/PUB-02/deep_short/rep_0012/attempt_000/result.json"", ""artifacts/publication_campaign/tcc_calibration_confirmatory_v1/runs/PUB-02/deep_short/rep_0012/attempt_000/sampler_summary.csv"", ""artifacts/publication_campaign/tcc_calibration_confirmatory_v1/runs/PUB-02/deep_short/rep_0012/attempt_000/trace.nc"", ""artifacts/publication_campaign/tcc_calibration_confirmatory_v1/runs/PUB-02/deep_short/rep_0012/attempt_000/truth.json"", ""artifacts/publication_campaign/tcc_calibration_confirmatory_v1/runs/PUB-02/deep_short/rep_0012/attempt_000/worker_metadata.json""]",77.8117353932514,False,False
PUB-02__deep_short__rep_0020,PUB-02,deep_short,rep_0020,tcc_calibration_confirmatory_v1__PUB-02__deep_short__rep_0020,"{""generation"": 1044499695, ""inference"": 31119173, ""predictive"": 736234103, ""resampling"": 741386823}",artifacts/publication_campaign/tcc_calibration_confirmatory_v1/runs/PUB-02/deep_short/rep_0020,COMPLETED_REJECTED,1,,artifacts/publication_campaign/tcc_calibration_confirmatory_v1/runs/PUB-02/deep_short/rep_0020/attempt_000,"[""artifacts/publication_campaign/tcc_calibration_confirmatory_v1/runs/PUB-02/deep_short/rep_0020/attempt_000/completion_manifest.json"", ""artifacts/publication_campaign/tcc_calibration_confirmatory_v1/runs/PUB-02/deep_short/rep_0020/attempt_000/environment_preflight.json"", ""artifacts/publication_campaign/tcc_calibration_confirmatory_v1/runs/PUB-02/deep_short/rep_0020/attempt_000/inference_command.json"", ""artifacts/publication_campaign/tcc_calibration_confirmatory_v1/runs/PUB-02/deep_short/rep_0020/attempt_000/inference_config.json"", ""artifacts/publication_campaign/tcc_calibration_confirmatory_v1/runs/PUB-02/deep_short/rep_0020/attempt_000/inference_started.json"", ""artifacts/publication_campaign/tcc_calibration_confirmatory_v1/runs/PUB-02/deep_short/rep_0020/attempt_000/input.csv"", ""artifacts/publication_campaign/tcc_calibration_confirmatory_v1/runs/PUB-02/deep_short/rep_0020/attempt_000/job.json"", ""artifacts/publication_campaign/tcc_calibration_confirmatory_v1/runs/PUB-02/deep_short/rep_0020/attempt_000/predictive_summary.csv"", ""artifacts/publication_campaign/tcc_calibration_confirmatory_v1/runs/PUB-02/deep_short/rep_0020/attempt_000/result.json"", ""artifacts/publication_campaign/tcc_calibration_confirmatory_v1/runs/PUB-02/deep_short/rep_0020/attempt_000/sampler_summary.csv"", ""artifacts/publication_campaign/tcc_calibration_confirmatory_v1/runs/PUB-02/deep_short/rep_0020/attempt_000/trace.nc"", ""artifacts/publication_campaign/tcc_calibration_confirmatory_v1/runs/PUB-02/deep_short/rep_0020/attempt_000/truth.json"", ""artifacts/publication_campaign/tcc_calibration_confirmatory_v1/runs/PUB-02/deep_short/rep_0020/attempt_000/worker_metadata.json""]",77.8117353932514,False,False
PUB-02__deep_short__rep_0023,PUB-02,deep_short,rep_0023,tcc_calibration_confirmatory_v1__PUB-02__deep_short__rep_0023,"{""generation"": 862249792, ""inference"": 1484059518, ""predictive"": 1426007980, ""resampling"": 1047334803}",artifacts/publication_campaign/tcc_calibration_confirmatory_v1/runs/PUB-02/deep_short/rep_0023,COMPLETED_REJECTED,1,,artifacts/publication_campaign/tcc_calibration_confirmatory_v1/runs/PUB-02/deep_short/rep_0023/attempt_000,"[""artifacts/publication_campaign/tcc_calibration_confirmatory_v1/runs/PUB-02/deep_short/rep_0023/attempt_000/completion_manifest.json"", ""artifacts/publication_campaign/tcc_calibration_confirmatory_v1/runs/PUB-02/deep_short/rep_0023/attempt_000/environment_preflight.json"", ""artifacts/publication_campaign/tcc_calibration_confirmatory_v1/runs/PUB-02/deep_short/rep_0023/attempt_000/inference_command.json"", ""artifacts/publication_campaign/tcc_calibration_confirmatory_v1/runs/PUB-02/deep_short/rep_0023/attempt_000/inference_config.json"", ""artifacts/publication_campaign/tcc_calibration_confirmatory_v1/runs/PUB-02/deep_short/rep_0023/attempt_000/inference_started.json"", ""artifacts/publication_campaign/tcc_calibration_confirmatory_v1/runs/PUB-02/deep_short/rep_0023/attempt_000/input.csv"", ""artifacts/publication_campaign/tcc_calibration_confirmatory_v1/runs/PUB-02/deep_short/rep_0023/attempt_000/job.json"", ""artifacts/publication_campaign/tcc_calibration_confirmatory_v1/runs/PUB-02/deep_short/rep_0023/attempt_000/predictive_summary.csv"", ""artifacts/publication_campaign/tcc_calibration_confirmatory_v1/runs/PUB-02/deep_short/rep_0023/attempt_000/result.json"", ""artifacts/publication_campaign/tcc_calibration_confirmatory_v1/runs/PUB-02/deep_short/rep_0023/attempt_000/sampler_summary.csv"", ""artifacts/publication_campaign/tcc_calibration_confirmatory_v1/runs/PUB-02/deep_short/rep_0023/attempt_000/trace.nc"", ""artifacts/publication_campaign/tcc_calibration_confirmatory_v1/runs/PUB-02/deep_short/rep_0023/attempt_000/truth.json"", ""artifacts/publication_campaign/tcc_calibration_confirmatory_v1/runs/PUB-02/deep_short/rep_0023/attempt_000/worker_metadata.json""]",77.8117353932514,False,False
PUB-02__deep_short__rep_0026,PUB-02,deep_short,rep_0026,tcc_calibration_confirmatory_v1__PUB-02__deep_short__rep_0026,"{""generation"": 1159525965, ""inference"": 2291751440, ""predictive"": 3722765677, ""resampling"": 1478921886}",artifacts/publication_campaign/tcc_calibration_confirmatory_v1/runs/PUB-02/deep_short/rep_0026,COMPLETED_REJECTED,1,,artifacts/publication_campaign/tcc_calibration_confirmatory_v1/runs/PUB-02/deep_short/rep_0026/attempt_000,"[""artifacts/publication_campaign/tcc_calibration_confirmatory_v1/runs/PUB-02/deep_short/rep_0026/attempt_000/completion_manifest.json"", ""artifacts/publication_campaign/tcc_calibration_confirmatory_v1/runs/PUB-02/deep_short/rep_0026/attempt_000/environment_preflight.json"", ""artifacts/publication_campaign/tcc_calibration_confirmatory_v1/runs/PUB-02/deep_short/rep_0026/attempt_000/inference_command.json"", ""artifacts/publication_campaign/tcc_calibration_confirmatory_v1/runs/PUB-02/deep_short/rep_0026/attempt_000/inference_config.json"", ""artifacts/publication_campaign/tcc_calibration_confirmatory_v1/runs/PUB-02/deep_short/rep_0026/attempt_000/inference_started.json"", ""artifacts/publication_campaign/tcc_calibration_confirmatory_v1/runs/PUB-02/deep_short/rep_0026/attempt_000/input.csv"", ""artifacts/publication_campaign/tcc_calibration_confirmatory_v1/runs/PUB-02/deep_short/rep_0026/attempt_000/job.json"", ""artifacts/publication_campaign/tcc_calibration_confirmatory_v1/runs/PUB-02/deep_short/rep_0026/attempt_000/predictive_summary.csv"", ""artifacts/publication_campaign/tcc_calibration_confirmatory_v1/runs/PUB-02/deep_short/rep_0026/attempt_000/result.json"", ""artifacts/publication_campaign/tcc_calibration_confirmatory_v1/runs/PUB-02/deep_short/rep_0026/attempt_000/sampler_summary.csv"", ""artifacts/publication_campaign/tcc_calibration_confirmatory_v1/runs/PUB-02/deep_short/rep_0026/attempt_000/trace.nc"", ""artifacts/publication_campaign/tcc_calibration_confirmatory_v1/runs/PUB-02/deep_short/rep_0026/attempt_000/truth.json"", ""artifacts/publication_campaign/tcc_calibration_confirmatory_v1/runs/PUB-02/deep_short/rep_0026/attempt_000/worker_metadata.json""]",77.8117353932514,False,False
PUB-02__deep_short__rep_0027,PUB-02,deep_short,rep_0027,tcc_calibration_confirmatory_v1__PUB-02__deep_short__rep_0027,"{""generation"": 4095027929, ""inference"": 274597063, ""predictive"": 1974045686, ""resampling"": 3137096279}",artifacts/publication_campaign/tcc_calibration_confirmatory_v1/runs/PUB-02/deep_short/rep_0027,COMPLETED_REJECTED,1,,artifacts/publication_campaign/tcc_calibration_confirmatory_v1/runs/PUB-02/deep_short/rep_0027/attempt_000,"[""artifacts/publication_campaign/tcc_calibration_confirmatory_v1/runs/PUB-02/deep_short/rep_0027/attempt_000/completion_manifest.json"", ""artifacts/publication_campaign/tcc_calibration_confirmatory_v1/runs/PUB-02/deep_short/rep_0027/attempt_000/environment_preflight.json"", ""artifacts/publication_campaign/tcc_calibration_confirmatory_v1/runs/PUB-02/deep_short/rep_0027/attempt_000/inference_command.json"", ""artifacts/publication_campaign/tcc_calibration_confirmatory_v1/runs/PUB-02/deep_short/rep_0027/attempt_000/inference_config.json"", ""artifacts/publication_campaign/tcc_calibration_confirmatory_v1/runs/PUB-02/deep_short/rep_0027/attempt_000/inference_started.json"", ""artifacts/publication_campaign/tcc_calibration_confirmatory_v1/runs/PUB-02/deep_short/rep_0027/attempt_000/input.csv"", ""artifacts/publication_campaign/tcc_calibration_confirmatory_v1/runs/PUB-02/deep_short/rep_0027/attempt_000/job.json"", ""artifacts/publication_campaign/tcc_calibration_confirmatory_v1/runs/PUB-02/deep_short/rep_0027/attempt_000/predictive_summary.csv"", ""artifacts/publication_campaign/tcc_calibration_confirmatory_v1/runs/PUB-02/deep_short/rep_0027/attempt_000/result.json"", ""artifacts/publication_campaign/tcc_calibration_confirmatory_v1/runs/PUB-02/deep_short/rep_0027/attempt_000/sampler_summary.csv"", ""artifacts/publication_campaign/tcc_calibration_confirmatory_v1/runs/PUB-02/deep_short/rep_0027/attempt_000/trace.nc"", ""artifacts/publication_campaign/tcc_calibration_confirmatory_v1/runs/PUB-02/deep_short/rep_0027/attempt_000/truth.json"", ""artifacts/publication_campaign/tcc_calibration_confirmatory_v1/runs/PUB-02/deep_short/rep_0027/attempt_000/worker_metadata.json""]",77.8117353932514,False,False
PUB-02__deep_short__rep_0033,PUB-02,deep_short,rep_0033,tcc_calibration_confirmatory_v1__PUB-02__deep_short__rep_0033,"{""generation"": 1173919400, ""inference"": 1301185106, ""predictive"": 3762619550, ""resampling"": 2502147348}",artifacts/publication_campaign/tcc_calibration_confirmatory_v1/runs/PUB-02/deep_short/rep_0033,COMPLETED_REJECTED,1,,artifacts/publication_campaign/tcc_calibration_confirmatory_v1/runs/PUB-02/deep_short/rep_0033/attempt_000,"[""artifacts/publication_campaign/tcc_calibration_confirmatory_v1/runs/PUB-02/deep_short/rep_0033/attempt_000/completion_manifest.json"", ""artifacts/publication_campaign/tcc_calibration_confirmatory_v1/runs/PUB-02/deep_short/rep_0033/attempt_000/environment_preflight.json"", ""artifacts/publication_campaign/tcc_calibration_confirmatory_v1/runs/PUB-02/deep_short/rep_0033/attempt_000/inference_command.json"", ""artifacts/publication_campaign/tcc_calibration_confirmatory_v1/runs/PUB-02/deep_short/rep_0033/attempt_000/inference_config.json"", ""artifacts/publication_campaign/tcc_calibration_confirmatory_v1/runs/PUB-02/deep_short/rep_0033/attempt_000/inference_started.json"", ""artifacts/publication_campaign/tcc_calibration_confirmatory_v1/runs/PUB-02/deep_short/rep_0033/attempt_000/input.csv"", ""artifacts/publication_campaign/tcc_calibration_confirmatory_v1/runs/PUB-02/deep_short/rep_0033/attempt_000/job.json"", ""artifacts/publication_campaign/tcc_calibration_confirmatory_v1/runs/PUB-02/deep_short/rep_0033/attempt_000/predictive_summary.csv"", ""artifacts/publication_campaign/tcc_calibration_confirmatory_v1/runs/PUB-02/deep_short/rep_0033/attempt_000/result.json"", ""artifacts/publication_campaign/tcc_calibration_confirmatory_v1/runs/PUB-02/deep_short/rep_0033/attempt_000/sampler_summary.csv"", ""artifacts/publication_campaign/tcc_calibration_confirmatory_v1/runs/PUB-02/deep_short/rep_0033/attempt_000/trace.nc"", ""artifacts/publication_campaign/tcc_calibration_confirmatory_v1/runs/PUB-02/deep_short/rep_0033/attempt_000/truth.json"", ""artifacts/publication_campaign/tcc_calibration_confirmatory_v1/runs/PUB-02/deep_short/rep_0033/attempt_000/worker_metadata.json""]",77.8117353932514,False,False
PUB-02__deep_short__rep_0036,PUB-02,deep_short,rep_0036,tcc_calibration_confirmatory_v1__PUB-02__deep_short__rep_0036,"{""generation"": 550595110, ""inference"": 3335455208, ""predictive"": 1256806116, ""resampling"": 2761914711}",artifacts/publication_campaign/tcc_calibration_confirmatory_v1/runs/PUB-02/deep_short/rep_0036,COMPLETED_REJECTED,1,,artifacts/publication_campaign/tcc_calibration_confirmatory_v1/runs/PUB-02/deep_short/rep_0036/attempt_000,"[""artifacts/publication_campaign/tcc_calibration_confirmatory_v1/runs/PUB-02/deep_short/rep_0036/attempt_000/completion_manifest.json"", ""artifacts/publication_campaign/tcc_calibration_confirmatory_v1/runs/PUB-02/deep_short/rep_0036/attempt_000/environment_preflight.json"", ""artifacts/publication_campaign/tcc_calibration_confirmatory_v1/runs/PUB-02/deep_short/rep_0036/attempt_000/inference_command.json"", ""artifacts/publication_campaign/tcc_calibration_confirmatory_v1/runs/PUB-02/deep_short/rep_0036/attempt_000/inference_config.json"", ""artifacts/publication_campaign/tcc_calibration_confirmatory_v1/runs/PUB-02/deep_short/rep_0036/attempt_000/inference_started.json"", ""artifacts/publication_campaign/tcc_calibration_confirmatory_v1/runs/PUB-02/deep_short/rep_0036/attempt_000/input.csv"", ""artifacts/publication_campaign/tcc_calibration_confirmatory_v1/runs/PUB-02/deep_short/rep_0036/attempt_000/job.json"", ""artifacts/publication_campaign/tcc_calibration_confirmatory_v1/runs/PUB-02/deep_short/rep_0036/attempt_000/predictive_summary.csv"", ""artifacts/publication_campaign/tcc_calibration_confirmatory_v1/runs/PUB-02/deep_short/rep_0036/attempt_000/result.json"", ""artifacts/publication_campaign/tcc_calibration_confirmatory_v1/runs/PUB-02/deep_short/rep_0036/attempt_000/sampler_summary.csv"", ""artifacts/publication_campaign/tcc_calibration_confirmatory_v1/runs/PUB-02/deep_short/rep_0036/attempt_000/trace.nc"", ""artifacts/publication_campaign/tcc_calibration_confirmatory_v1/runs/PUB-02/deep_short/rep_0036/attempt_000/truth.json"", ""artifacts/publication_campaign/tcc_calibration_confirmatory_v1/runs/PUB-02/deep_short/rep_0036/attempt_000/worker_metadata.json""]",77.8117353932514,False,False
PUB-02__deep_short__rep_0038,PUB-02,deep_short,rep_0038,tcc_calibration_confirmatory_v1__PUB-02__deep_short__rep_0038,"{""generation"": 2519136682, ""inference"": 2157591118, ""predictive"": 3780976387, ""resampling"": 3894046983}",artifacts/publication_campaign/tcc_calibration_confirmatory_v1/runs/PUB-02/deep_short/rep_0038,COMPLETED_REJECTED,1,,artifacts/publication_campaign/tcc_calibration_confirmatory_v1/runs/PUB-02/deep_short/rep_0038/attempt_000,"[""artifacts/publication_campaign/tcc_calibration_confirmatory_v1/runs/PUB-02/deep_short/rep_0038/attempt_000/completion_manifest.json"", ""artifacts/publication_campaign/tcc_calibration_confirmatory_v1/runs/PUB-02/deep_short/rep_0038/attempt_000/environment_preflight.json"", ""artifacts/publication_campaign/tcc_calibration_confirmatory_v1/runs/PUB-02/deep_short/rep_0038/attempt_000/inference_command.json"", ""artifacts/publication_campaign/tcc_calibration_confirmatory_v1/runs/PUB-02/deep_short/rep_0038/attempt_000/inference_config.json"", ""artifacts/publication_campaign/tcc_calibration_confirmatory_v1/runs/PUB-02/deep_short/rep_0038/attempt_000/inference_started.json"", ""artifacts/publication_campaign/tcc_calibration_confirmatory_v1/runs/PUB-02/deep_short/rep_0038/attempt_000/input.csv"", ""artifacts/publication_campaign/tcc_calibration_confirmatory_v1/runs/PUB-02/deep_short/rep_0038/attempt_000/job.json"", ""artifacts/publication_campaign/tcc_calibration_confirmatory_v1/runs/PUB-02/deep_short/rep_0038/attempt_000/predictive_summary.csv"", ""artifacts/publication_campaign/tcc_calibration_confirmatory_v1/runs/PUB-02/deep_short/rep_0038/attempt_000/result.json"", ""artifacts/publication_campaign/tcc_calibration_confirmatory_v1/runs/PUB-02/deep_short/rep_0038/attempt_000/sampler_summary.csv"", ""artifacts/publication_campaign/tcc_calibration_confirmatory_v1/runs/PUB-02/deep_short/rep_0038/attempt_000/trace.nc"", ""artifacts/publication_campaign/tcc_calibration_confirmatory_v1/runs/PUB-02/deep_short/rep_0038/attempt_000/truth.json"", ""artifacts/publication_campaign/tcc_calibration_confirmatory_v1/runs/PUB-02/deep_short/rep_0038/attempt_000/worker_metadata.json""]",77.8117353932514,False,False
PUB-02__deep_short__rep_0058,PUB-02,deep_short,rep_0058,tcc_calibration_confirmatory_v1__PUB-02__deep_short__rep_0058,"{""generation"": 2968476581, ""inference"": 4202208332, ""predictive"": 2546444931, ""resampling"": 3204562233}",artifacts/publication_campaign/tcc_calibration_confirmatory_v1/runs/PUB-02/deep_short/rep_0058,COMPLETED_REJECTED,1,,artifacts/publication_campaign/tcc_calibration_confirmatory_v1/runs/PUB-02/deep_short/rep_0058/attempt_000,"[""artifacts/publication_campaign/tcc_calibration_confirmatory_v1/runs/PUB-02/deep_short/rep_0058/attempt_000/completion_manifest.json"", ""artifacts/publication_campaign/tcc_calibration_confirmatory_v1/runs/PUB-02/deep_short/rep_0058/attempt_000/environment_preflight.json"", ""artifacts/publication_campaign/tcc_calibration_confirmatory_v1/runs/PUB-02/deep_short/rep_0058/attempt_000/inference_command.json"", ""artifacts/publication_campaign/tcc_calibration_confirmatory_v1/runs/PUB-02/deep_short/rep_0058/attempt_000/inference_config.json"", ""artifacts/publication_campaign/tcc_calibration_confirmatory_v1/runs/PUB-02/deep_short/rep_0058/attempt_000/inference_started.json"", ""artifacts/publication_campaign/tcc_calibration_confirmatory_v1/runs/PUB-02/deep_short/rep_0058/attempt_000/input.csv"", ""artifacts/publication_campaign/tcc_calibration_confirmatory_v1/runs/PUB-02/deep_short/rep_0058/attempt_000/job.json"", ""artifacts/publication_campaign/tcc_calibration_confirmatory_v1/runs/PUB-02/deep_short/rep_0058/attempt_000/predictive_summary.csv"", ""artifacts/publication_campaign/tcc_calibration_confirmatory_v1/runs/PUB-02/deep_short/rep_0058/attempt_000/result.json"", ""artifacts/publication_campaign/tcc_calibration_confirmatory_v1/runs/PUB-02/deep_short/rep_0058/attempt_000/sampler_summary.csv"", ""artifacts/publication_campaign/tcc_calibration_confirmatory_v1/runs/PUB-02/deep_short/rep_0058/attempt_000/trace.nc"", ""artifacts/publication_campaign/tcc_calibration_confirmatory_v1/runs/PUB-02/deep_short/rep_0058/attempt_000/truth.json"", ""artifacts/publication_campaign/tcc_calibration_confirmatory_v1/runs/PUB-02/deep_short/rep_0058/attempt_000/worker_metadata.json""]",77.8117353932514,False,False
PUB-02__deep_short__rep_0059,PUB-02,deep_short,rep_0059,tcc_calibration_confirmatory_v1__PUB-02__deep_short__rep_0059,"{""generation"": 2816213319, ""inference"": 3613518374, ""predictive"": 3739829930, ""resampling"": 1725550713}",artifacts/publication_campaign/tcc_calibration_confirmatory_v1/runs/PUB-02/deep_short/rep_0059,COMPLETED_REJECTED,1,,artifacts/publication_campaign/tcc_calibration_confirmatory_v1/runs/PUB-02/deep_short/rep_0059/attempt_000,"[""artifacts/publication_campaign/tcc_calibration_confirmatory_v1/runs/PUB-02/deep_short/rep_0059/attempt_000/completion_manifest.json"", ""artifacts/publication_campaign/tcc_calibration_confirmatory_v1/runs/PUB-02/deep_short/rep_0059/attempt_000/environment_preflight.json"", ""artifacts/publication_campaign/tcc_calibration_confirmatory_v1/runs/PUB-02/deep_short/rep_0059/attempt_000/inference_command.json"", ""artifacts/publication_campaign/tcc_calibration_confirmatory_v1/runs/PUB-02/deep_short/rep_0059/attempt_000/inference_config.json"", ""artifacts/publication_campaign/tcc_calibration_confirmatory_v1/runs/PUB-02/deep_short/rep_0059/attempt_000/inference_started.json"", ""artifacts/publication_campaign/tcc_calibration_confirmatory_v1/runs/PUB-02/deep_short/rep_0059/attempt_000/input.csv"", ""artifacts/publication_campaign/tcc_calibration_confirmatory_v1/runs/PUB-02/deep_short/rep_0059/attempt_000/job.json"", ""artifacts/publication_campaign/tcc_calibration_confirmatory_v1/runs/PUB-02/deep_short/rep_0059/attempt_000/predictive_summary.csv"", ""artifacts/publication_campaign/tcc_calibration_confirmatory_v1/runs/PUB-02/deep_short/rep_0059/attempt_000/result.json"", ""artifacts/publication_campaign/tcc_calibration_confirmatory_v1/runs/PUB-02/deep_short/rep_0059/attempt_000/sampler_summary.csv"", ""artifacts/publication_campaign/tcc_calibration_confirmatory_v1/runs/PUB-02/deep_short/rep_0059/attempt_000/trace.nc"", ""artifacts/publication_campaign/tcc_calibration_confirmatory_v1/runs/PUB-02/deep_short/rep_0059/attempt_000/truth.json"", ""artifacts/publication_campaign/tcc_calibration_confirmatory_v1/runs/PUB-02/deep_short/rep_0059/attempt_000/worker_metadata.json""]",77.8117353932514,False,False
PUB-02__deep_short__rep_0066,PUB-02,deep_short,rep_0066,tcc_calibration_confirmatory_v1__PUB-02__deep_short__rep_0066,"{""generation"": 1591644410, ""inference"": 2107698747, ""predictive"": 311599238, ""resampling"": 2899807976}",artifacts/publication_campaign/tcc_calibration_confirmatory_v1/runs/PUB-02/deep_short/rep_0066,COMPLETED_REJECTED,1,,artifacts/publication_campaign/tcc_calibration_confirmatory_v1/runs/PUB-02/deep_short/rep_0066/attempt_000,"[""artifacts/publication_campaign/tcc_calibration_confirmatory_v1/runs/PUB-02/deep_short/rep_0066/attempt_000/completion_manifest.json"", ""artifacts/publication_campaign/tcc_calibration_confirmatory_v1/runs/PUB-02/deep_short/rep_0066/attempt_000/environment_preflight.json"", ""artifacts/publication_campaign/tcc_calibration_confirmatory_v1/runs/PUB-02/deep_short/rep_0066/attempt_000/inference_command.json"", ""artifacts/publication_campaign/tcc_calibration_confirmatory_v1/runs/PUB-02/deep_short/rep_0066/attempt_000/inference_config.json"", ""artifacts/publication_campaign/tcc_calibration_confirmatory_v1/runs/PUB-02/deep_short/rep_0066/attempt_000/inference_started.json"", ""artifacts/publication_campaign/tcc_calibration_confirmatory_v1/runs/PUB-02/deep_short/rep_0066/attempt_000/input.csv"", ""artifacts/publication_campaign/tcc_calibration_confirmatory_v1/runs/PUB-02/deep_short/rep_0066/attempt_000/job.json"", ""artifacts/publication_campaign/tcc_calibration_confirmatory_v1/runs/PUB-02/deep_short/rep_0066/attempt_000/predictive_summary.csv"", ""artifacts/publication_campaign/tcc_calibration_confirmatory_v1/runs/PUB-02/deep_short/rep_0066/attempt_000/result.json"", ""artifacts/publication_campaign/tcc_calibration_confirmatory_v1/runs/PUB-02/deep_short/rep_0066/attempt_000/sampler_summary.csv"", ""artifacts/publication_campaign/tcc_calibration_confirmatory_v1/runs/PUB-02/deep_short/rep_0066/attempt_000/trace.nc"", ""artifacts/publication_campaign/tcc_calibration_confirmatory_v1/runs/PUB-02/deep_short/rep_0066/attempt_000/truth.json"", ""artifacts/publication_campaign/tcc_calibration_confirmatory_v1/runs/PUB-02/deep_short/rep_0066/attempt_000/worker_metadata.json""]",77.8117353932514,False,False
PUB-02__deep_short__rep_0068,PUB-02,deep_short,rep_0068,tcc_calibration_confirmatory_v1__PUB-02__deep_short__rep_0068,"{""generation"": 3362659010, ""inference"": 4083015233, ""predictive"": 2354647035, ""resampling"": 1706588766}",artifacts/publication_campaign/tcc_calibration_confirmatory_v1/runs/PUB-02/deep_short/rep_0068,COMPLETED_REJECTED,1,,artifacts/publication_campaign/tcc_calibration_confirmatory_v1/runs/PUB-02/deep_short/rep_0068/attempt_000,"[""artifacts/publication_campaign/tcc_calibration_confirmatory_v1/runs/PUB-02/deep_short/rep_0068/attempt_000/completion_manifest.json"", ""artifacts/publication_campaign/tcc_calibration_confirmatory_v1/runs/PUB-02/deep_short/rep_0068/attempt_000/environment_preflight.json"", ""artifacts/publication_campaign/tcc_calibration_confirmatory_v1/runs/PUB-02/deep_short/rep_0068/attempt_000/inference_command.json"", ""artifacts/publication_campaign/tcc_calibration_confirmatory_v1/runs/PUB-02/deep_short/rep_0068/attempt_000/inference_config.json"", ""artifacts/publication_campaign/tcc_calibration_confirmatory_v1/runs/PUB-02/deep_short/rep_0068/attempt_000/inference_started.json"", ""artifacts/publication_campaign/tcc_calibration_confirmatory_v1/runs/PUB-02/deep_short/rep_0068/attempt_000/input.csv"", ""artifacts/publication_campaign/tcc_calibration_confirmatory_v1/runs/PUB-02/deep_short/rep_0068/attempt_000/job.json"", ""artifacts/publication_campaign/tcc_calibration_confirmatory_v1/runs/PUB-02/deep_short/rep_0068/attempt_000/predictive_summary.csv"", ""artifacts/publication_campaign/tcc_calibration_confirmatory_v1/runs/PUB-02/deep_short/rep_0068/attempt_000/result.json"", ""artifacts/publication_campaign/tcc_calibration_confirmatory_v1/runs/PUB-02/deep_short/rep_0068/attempt_000/sampler_summary.csv"", ""artifacts/publication_campaign/tcc_calibration_confirmatory_v1/runs/PUB-02/deep_short/rep_0068/attempt_000/trace.nc"", ""artifacts/publication_campaign/tcc_calibration_confirmatory_v1/runs/PUB-02/deep_short/rep_0068/attempt_000/truth.json"", ""artifacts/publication_campaign/tcc_calibration_confirmatory_v1/runs/PUB-02/deep_short/rep_0068/attempt_000/worker_metadata.json""]",77.8117353932514,False,False
PUB-02__deep_short__rep_0070,PUB-02,deep_short,rep_0070,tcc_calibration_confirmatory_v1__PUB-02__deep_short__rep_0070,"{""generation"": 2002548838, ""inference"": 3939476296, ""predictive"": 515118993, ""resampling"": 664323803}",artifacts/publication_campaign/tcc_calibration_confirmatory_v1/runs/PUB-02/deep_short/rep_0070,COMPLETED_REJECTED,1,,artifacts/publication_campaign/tcc_calibration_confirmatory_v1/runs/PUB-02/deep_short/rep_0070/attempt_000,"[""artifacts/publication_campaign/tcc_calibration_confirmatory_v1/runs/PUB-02/deep_short/rep_0070/attempt_000/completion_manifest.json"", ""artifacts/publication_campaign/tcc_calibration_confirmatory_v1/runs/PUB-02/deep_short/rep_0070/attempt_000/environment_preflight.json"", ""artifacts/publication_campaign/tcc_calibration_confirmatory_v1/runs/PUB-02/deep_short/rep_0070/attempt_000/inference_command.json"", ""artifacts/publication_campaign/tcc_calibration_confirmatory_v1/runs/PUB-02/deep_short/rep_0070/attempt_000/inference_config.json"", ""artifacts/publication_campaign/tcc_calibration_confirmatory_v1/runs/PUB-02/deep_short/rep_0070/attempt_000/inference_started.json"", ""artifacts/publication_campaign/tcc_calibration_confirmatory_v1/runs/PUB-02/deep_short/rep_0070/attempt_000/input.csv"", ""artifacts/publication_campaign/tcc_calibration_confirmatory_v1/runs/PUB-02/deep_short/rep_0070/attempt_000/job.json"", ""artifacts/publication_campaign/tcc_calibration_confirmatory_v1/runs/PUB-02/deep_short/rep_0070/attempt_000/predictive_summary.csv"", ""artifacts/publication_campaign/tcc_calibration_confirmatory_v1/runs/PUB-02/deep_short/rep_0070/attempt_000/result.json"", ""artifacts/publication_campaign/tcc_calibration_confirmatory_v1/runs/PUB-02/deep_short/rep_0070/attempt_000/sampler_summary.csv"", ""artifacts/publication_campaign/tcc_calibration_confirmatory_v1/runs/PUB-02/deep_short/rep_0070/attempt_000/trace.nc"", ""artifacts/publication_campaign/tcc_calibration_confirmatory_v1/runs/PUB-02/deep_short/rep_0070/attempt_000/truth.json"", ""artifacts/publication_campaign/tcc_calibration_confirmatory_v1/runs/PUB-02/deep_short/rep_0070/attempt_000/worker_metadata.json""]",77.8117353932514,False,False
PUB-02__deep_short__rep_0072,PUB-02,deep_short,rep_0072,tcc_calibration_confirmatory_v1__PUB-02__deep_short__rep_0072,"{""generation"": 2477354183, ""inference"": 771085557, ""predictive"": 1298216376, ""resampling"": 1676190657}",artifacts/publication_campaign/tcc_calibration_confirmatory_v1/runs/PUB-02/deep_short/rep_0072,COMPLETED_REJECTED,1,,artifacts/publication_campaign/tcc_calibration_confirmatory_v1/runs/PUB-02/deep_short/rep_0072/attempt_000,"[""artifacts/publication_campaign/tcc_calibration_confirmatory_v1/runs/PUB-02/deep_short/rep_0072/attempt_000/completion_manifest.json"", ""artifacts/publication_campaign/tcc_calibration_confirmatory_v1/runs/PUB-02/deep_short/rep_0072/attempt_000/environment_preflight.json"", ""artifacts/publication_campaign/tcc_calibration_confirmatory_v1/runs/PUB-02/deep_short/rep_0072/attempt_000/inference_command.json"", ""artifacts/publication_campaign/tcc_calibration_confirmatory_v1/runs/PUB-02/deep_short/rep_0072/attempt_000/inference_config.json"", ""artifacts/publication_campaign/tcc_calibration_confirmatory_v1/runs/PUB-02/deep_short/rep_0072/attempt_000/inference_started.json"", ""artifacts/publication_campaign/tcc_calibration_confirmatory_v1/runs/PUB-02/deep_short/rep_0072/attempt_000/input.csv"", ""artifacts/publication_campaign/tcc_calibration_confirmatory_v1/runs/PUB-02/deep_short/rep_0072/attempt_000/job.json"", ""artifacts/publication_campaign/tcc_calibration_confirmatory_v1/runs/PUB-02/deep_short/rep_0072/attempt_000/predictive_summary.csv"", ""artifacts/publication_campaign/tcc_calibration_confirmatory_v1/runs/PUB-02/deep_short/rep_0072/attempt_000/result.json"", ""artifacts/publication_campaign/tcc_calibration_confirmatory_v1/runs/PUB-02/deep_short/rep_0072/attempt_000/sampler_summary.csv"", ""artifacts/publication_campaign/tcc_calibration_confirmatory_v1/runs/PUB-02/deep_short/rep_0072/attempt_000/trace.nc"", ""artifacts/publication_campaign/tcc_calibration_confirmatory_v1/runs/PUB-02/deep_short/rep_0072/attempt_000/truth.json"", ""artifacts/publication_campaign/tcc_calibration_confirmatory_v1/runs/PUB-02/deep_short/rep_0072/attempt_000/worker_metadata.json""]",77.8117353932514,False,False
PUB-02__deep_short__rep_0074,PUB-02,deep_short,rep_0074,tcc_calibration_confirmatory_v1__PUB-02__deep_short__rep_0074,"{""generation"": 2878197315, ""inference"": 1934993078, ""predictive"": 3242184802, ""resampling"": 3940352185}",artifacts/publication_campaign/tcc_calibration_confirmatory_v1/runs/PUB-02/deep_short/rep_0074,COMPLETED_REJECTED,1,,artifacts/publication_campaign/tcc_calibration_confirmatory_v1/runs/PUB-02/deep_short/rep_0074/attempt_000,"[""artifacts/publication_campaign/tcc_calibration_confirmatory_v1/runs/PUB-02/deep_short/rep_0074/attempt_000/completion_manifest.json"", ""artifacts/publication_campaign/tcc_calibration_confirmatory_v1/runs/PUB-02/deep_short/rep_0074/attempt_000/environment_preflight.json"", ""artifacts/publication_campaign/tcc_calibration_confirmatory_v1/runs/PUB-02/deep_short/rep_0074/attempt_000/inference_command.json"", ""artifacts/publication_campaign/tcc_calibration_confirmatory_v1/runs/PUB-02/deep_short/rep_0074/attempt_000/inference_config.json"", ""artifacts/publication_campaign/tcc_calibration_confirmatory_v1/runs/PUB-02/deep_short/rep_0074/attempt_000/inference_started.json"", ""artifacts/publication_campaign/tcc_calibration_confirmatory_v1/runs/PUB-02/deep_short/rep_0074/attempt_000/input.csv"", ""artifacts/publication_campaign/tcc_calibration_confirmatory_v1/runs/PUB-02/deep_short/rep_0074/attempt_000/job.json"", ""artifacts/publication_campaign/tcc_calibration_confirmatory_v1/runs/PUB-02/deep_short/rep_0074/attempt_000/predictive_summary.csv"", ""artifacts/publication_campaign/tcc_calibration_confirmatory_v1/runs/PUB-02/deep_short/rep_0074/attempt_000/result.json"", ""artifacts/publication_campaign/tcc_calibration_confirmatory_v1/runs/PUB-02/deep_short/rep_0074/attempt_000/sampler_summary.csv"", ""artifacts/publication_campaign/tcc_calibration_confirmatory_v1/runs/PUB-02/deep_short/rep_0074/attempt_000/trace.nc"", ""artifacts/publication_campaign/tcc_calibration_confirmatory_v1/runs/PUB-02/deep_short/rep_0074/attempt_000/truth.json"", ""artifacts/publication_campaign/tcc_calibration_confirmatory_v1/runs/PUB-02/deep_short/rep_0074/attempt_000/worker_metadata.json""]",77.8117353932514,False,False
PUB-02__deep_short__rep_0076,PUB-02,deep_short,rep_0076,tcc_calibration_confirmatory_v1__PUB-02__deep_short__rep_0076,"{""generation"": 2588758566, ""inference"": 4117421627, ""predictive"": 3419321804, ""resampling"": 2958882283}",artifacts/publication_campaign/tcc_calibration_confirmatory_v1/runs/PUB-02/deep_short/rep_0076,COMPLETED_REJECTED,1,,artifacts/publication_campaign/tcc_calibration_confirmatory_v1/runs/PUB-02/deep_short/rep_0076/attempt_000,"[""artifacts/publication_campaign/tcc_calibration_confirmatory_v1/runs/PUB-02/deep_short/rep_0076/attempt_000/completion_manifest.json"", ""artifacts/publication_campaign/tcc_calibration_confirmatory_v1/runs/PUB-02/deep_short/rep_0076/attempt_000/environment_preflight.json"", ""artifacts/publication_campaign/tcc_calibration_confirmatory_v1/runs/PUB-02/deep_short/rep_0076/attempt_000/inference_command.json"", ""artifacts/publication_campaign/tcc_calibration_confirmatory_v1/runs/PUB-02/deep_short/rep_0076/attempt_000/inference_config.json"", ""artifacts/publication_campaign/tcc_calibration_confirmatory_v1/runs/PUB-02/deep_short/rep_0076/attempt_000/inference_started.json"", ""artifacts/publication_campaign/tcc_calibration_confirmatory_v1/runs/PUB-02/deep_short/rep_0076/attempt_000/input.csv"", ""artifacts/publication_campaign/tcc_calibration_confirmatory_v1/runs/PUB-02/deep_short/rep_0076/attempt_000/job.json"", ""artifacts/publication_campaign/tcc_calibration_confirmatory_v1/runs/PUB-02/deep_short/rep_0076/attempt_000/predictive_summary.csv"", ""artifacts/publication_campaign/tcc_calibration_confirmatory_v1/runs/PUB-02/deep_short/rep_0076/attempt_000/result.json"", ""artifacts/publication_campaign/tcc_calibration_confirmatory_v1/runs/PUB-02/deep_short/rep_0076/attempt_000/sampler_summary.csv"", ""artifacts/publication_campaign/tcc_calibration_confirmatory_v1/runs/PUB-02/deep_short/rep_0076/attempt_000/trace.nc"", ""artifacts/publication_campaign/tcc_calibration_confirmatory_v1/runs/PUB-02/deep_short/rep_0076/attempt_000/truth.json"", ""artifacts/publication_campaign/tcc_calibration_confirmatory_v1/runs/PUB-02/deep_short/rep_0076/attempt_000/worker_metadata.json""]",77.8117353932514,False,False
PUB-02__deep_short__rep_0087,PUB-02,deep_short,rep_0087,tcc_calibration_confirmatory_v1__PUB-02__deep_short__rep_0087,"{""generation"": 1938549131, ""inference"": 2842808696, ""predictive"": 3719004551, ""resampling"": 1138330195}",artifacts/publication_campaign/tcc_calibration_confirmatory_v1/runs/PUB-02/deep_short/rep_0087,COMPLETED_REJECTED,1,,artifacts/publication_campaign/tcc_calibration_confirmatory_v1/runs/PUB-02/deep_short/rep_0087/attempt_000,"[""artifacts/publication_campaign/tcc_calibration_confirmatory_v1/runs/PUB-02/deep_short/rep_0087/attempt_000/completion_manifest.json"", ""artifacts/publication_campaign/tcc_calibration_confirmatory_v1/runs/PUB-02/deep_short/rep_0087/attempt_000/environment_preflight.json"", ""artifacts/publication_campaign/tcc_calibration_confirmatory_v1/runs/PUB-02/deep_short/rep_0087/attempt_000/inference_command.json"", ""artifacts/publication_campaign/tcc_calibration_confirmatory_v1/runs/PUB-02/deep_short/rep_0087/attempt_000/inference_config.json"", ""artifacts/publication_campaign/tcc_calibration_confirmatory_v1/runs/PUB-02/deep_short/rep_0087/attempt_000/inference_started.json"", ""artifacts/publication_campaign/tcc_calibration_confirmatory_v1/runs/PUB-02/deep_short/rep_0087/attempt_000/input.csv"", ""artifacts/publication_campaign/tcc_calibration_confirmatory_v1/runs/PUB-02/deep_short/rep_0087/attempt_000/job.json"", ""artifacts/publication_campaign/tcc_calibration_confirmatory_v1/runs/PUB-02/deep_short/rep_0087/attempt_000/predictive_summary.csv"", ""artifacts/publication_campaign/tcc_calibration_confirmatory_v1/runs/PUB-02/deep_short/rep_0087/attempt_000/result.json"", ""artifacts/publication_campaign/tcc_calibration_confirmatory_v1/runs/PUB-02/deep_short/rep_0087/attempt_000/sampler_summary.csv"", ""artifacts/publication_campaign/tcc_calibration_confirmatory_v1/runs/PUB-02/deep_short/rep_0087/attempt_000/trace.nc"", ""artifacts/publication_campaign/tcc_calibration_confirmatory_v1/runs/PUB-02/deep_short/rep_0087/attempt_000/truth.json"", ""artifacts/publication_campaign/tcc_calibration_confirmatory_v1/runs/PUB-02/deep_short/rep_0087/attempt_000/worker_metadata.json""]",77.8117353932514,False,False
PUB-02__deep_short__rep_0088,PUB-02,deep_short,rep_0088,tcc_calibration_confirmatory_v1__PUB-02__deep_short__rep_0088,"{""generation"": 954459408, ""inference"": 1421250752, ""predictive"": 513229923, ""resampling"": 1576545260}",artifacts/publication_campaign/tcc_calibration_confirmatory_v1/runs/PUB-02/deep_short/rep_0088,COMPLETED_REJECTED,1,,artifacts/publication_campaign/tcc_calibration_confirmatory_v1/runs/PUB-02/deep_short/rep_0088/attempt_000,"[""artifacts/publication_campaign/tcc_calibration_confirmatory_v1/runs/PUB-02/deep_short/rep_0088/attempt_000/completion_manifest.json"", ""artifacts/publication_campaign/tcc_calibration_confirmatory_v1/runs/PUB-02/deep_short/rep_0088/attempt_000/environment_preflight.json"", ""artifacts/publication_campaign/tcc_calibration_confirmatory_v1/runs/PUB-02/deep_short/rep_0088/attempt_000/inference_command.json"", ""artifacts/publication_campaign/tcc_calibration_confirmatory_v1/runs/PUB-02/deep_short/rep_0088/attempt_000/inference_config.json"", ""artifacts/publication_campaign/tcc_calibration_confirmatory_v1/runs/PUB-02/deep_short/rep_0088/attempt_000/inference_started.json"", ""artifacts/publication_campaign/tcc_calibration_confirmatory_v1/runs/PUB-02/deep_short/rep_0088/attempt_000/input.csv"", ""artifacts/publication_campaign/tcc_calibration_confirmatory_v1/runs/PUB-02/deep_short/rep_0088/attempt_000/job.json"", ""artifacts/publication_campaign/tcc_calibration_confirmatory_v1/runs/PUB-02/deep_short/rep_0088/attempt_000/predictive_summary.csv"", ""artifacts/publication_campaign/tcc_calibration_confirmatory_v1/runs/PUB-02/deep_short/rep_0088/attempt_000/result.json"", ""artifacts/publication_campaign/tcc_calibration_confirmatory_v1/runs/PUB-02/deep_short/rep_0088/attempt_000/sampler_summary.csv"", ""artifacts/publication_campaign/tcc_calibration_confirmatory_v1/runs/PUB-02/deep_short/rep_0088/attempt_000/trace.nc"", ""artifacts/publication_campaign/tcc_calibration_confirmatory_v1/runs/PUB-02/deep_short/rep_0088/attempt_000/truth.json"", ""artifacts/publication_campaign/tcc_calibration_confirmatory_v1/runs/PUB-02/deep_short/rep_0088/attempt_000/worker_metadata.json""]",77.8117353932514,False,False
PUB-02__deep_short__rep_0094,PUB-02,deep_short,rep_0094,tcc_calibration_confirmatory_v1__PUB-02__deep_short__rep_0094,"{""generation"": 3620079523, ""inference"": 3663172300, ""predictive"": 3999230884, ""resampling"": 3208750343}",artifacts/publication_campaign/tcc_calibration_confirmatory_v1/runs/PUB-02/deep_short/rep_0094,COMPLETED_REJECTED,1,,artifacts/publication_campaign/tcc_calibration_confirmatory_v1/runs/PUB-02/deep_short/rep_0094/attempt_000,"[""artifacts/publication_campaign/tcc_calibration_confirmatory_v1/runs/PUB-02/deep_short/rep_0094/attempt_000/completion_manifest.json"", ""artifacts/publication_campaign/tcc_calibration_confirmatory_v1/runs/PUB-02/deep_short/rep_0094/attempt_000/environment_preflight.json"", ""artifacts/publication_campaign/tcc_calibration_confirmatory_v1/runs/PUB-02/deep_short/rep_0094/attempt_000/inference_command.json"", ""artifacts/publication_campaign/tcc_calibration_confirmatory_v1/runs/PUB-02/deep_short/rep_0094/attempt_000/inference_config.json"", ""artifacts/publication_campaign/tcc_calibration_confirmatory_v1/runs/PUB-02/deep_short/rep_0094/attempt_000/inference_started.json"", ""artifacts/publication_campaign/tcc_calibration_confirmatory_v1/runs/PUB-02/deep_short/rep_0094/attempt_000/input.csv"", ""artifacts/publication_campaign/tcc_calibration_confirmatory_v1/runs/PUB-02/deep_short/rep_0094/attempt_000/job.json"", ""artifacts/publication_campaign/tcc_calibration_confirmatory_v1/runs/PUB-02/deep_short/rep_0094/attempt_000/predictive_summary.csv"", ""artifacts/publication_campaign/tcc_calibration_confirmatory_v1/runs/PUB-02/deep_short/rep_0094/attempt_000/result.json"", ""artifacts/publication_campaign/tcc_calibration_confirmatory_v1/runs/PUB-02/deep_short/rep_0094/attempt_000/sampler_summary.csv"", ""artifacts/publication_campaign/tcc_calibration_confirmatory_v1/runs/PUB-02/deep_short/rep_0094/attempt_000/trace.nc"", ""artifacts/publication_campaign/tcc_calibration_confirmatory_v1/runs/PUB-02/deep_short/rep_0094/attempt_000/truth.json"", ""artifacts/publication_campaign/tcc_calibration_confirmatory_v1/runs/PUB-02/deep_short/rep_0094/attempt_000/worker_metadata.json""]",77.8117353932514,False,False
PUB-02__deep_short__rep_0095,PUB-02,deep_short,rep_0095,tcc_calibration_confirmatory_v1__PUB-02__deep_short__rep_0095,"{""generation"": 1765127163, ""inference"": 3978904203, ""predictive"": 3518689105, ""resampling"": 523756671}",artifacts/publication_campaign/tcc_calibration_confirmatory_v1/runs/PUB-02/deep_short/rep_0095,COMPLETED_REJECTED,1,,artifacts/publication_campaign/tcc_calibration_confirmatory_v1/runs/PUB-02/deep_short/rep_0095/attempt_000,"[""artifacts/publication_campaign/tcc_calibration_confirmatory_v1/runs/PUB-02/deep_short/rep_0095/attempt_000/completion_manifest.json"", ""artifacts/publication_campaign/tcc_calibration_confirmatory_v1/runs/PUB-02/deep_short/rep_0095/attempt_000/environment_preflight.json"", ""artifacts/publication_campaign/tcc_calibration_confirmatory_v1/runs/PUB-02/deep_short/rep_0095/attempt_000/inference_command.json"", ""artifacts/publication_campaign/tcc_calibration_confirmatory_v1/runs/PUB-02/deep_short/rep_0095/attempt_000/inference_config.json"", ""artifacts/publication_campaign/tcc_calibration_confirmatory_v1/runs/PUB-02/deep_short/rep_0095/attempt_000/inference_started.json"", ""artifacts/publication_campaign/tcc_calibration_confirmatory_v1/runs/PUB-02/deep_short/rep_0095/attempt_000/input.csv"", ""artifacts/publication_campaign/tcc_calibration_confirmatory_v1/runs/PUB-02/deep_short/rep_0095/attempt_000/job.json"", ""artifacts/publication_campaign/tcc_calibration_confirmatory_v1/runs/PUB-02/deep_short/rep_0095/attempt_000/predictive_summary.csv"", ""artifacts/publication_campaign/tcc_calibration_confirmatory_v1/runs/PUB-02/deep_short/rep_0095/attempt_000/result.json"", ""artifacts/publication_campaign/tcc_calibration_confirmatory_v1/runs/PUB-02/deep_short/rep_0095/attempt_000/sampler_summary.csv"", ""artifacts/publication_campaign/tcc_calibration_confirmatory_v1/runs/PUB-02/deep_short/rep_0095/attempt_000/trace.nc"", ""artifacts/publication_campaign/tcc_calibration_confirmatory_v1/runs/PUB-02/deep_short/rep_0095/attempt_000/truth.json"", ""artifacts/publication_campaign/tcc_calibration_confirmatory_v1/runs/PUB-02/deep_short/rep_0095/attempt_000/worker_metadata.json""]",77.8117353932514,False,False
PUB-02__deep_short__rep_0096,PUB-02,deep_short,rep_0096,tcc_calibration_confirmatory_v1__PUB-02__deep_short__rep_0096,"{""generation"": 252901282, ""inference"": 519746844, ""predictive"": 2235714404, ""resampling"": 2637404363}",artifacts/publication_campaign/tcc_calibration_confirmatory_v1/runs/PUB-02/deep_short/rep_0096,COMPLETED_REJECTED,1,,artifacts/publication_campaign/tcc_calibration_confirmatory_v1/runs/PUB-02/deep_short/rep_0096/attempt_000,"[""artifacts/publication_campaign/tcc_calibration_confirmatory_v1/runs/PUB-02/deep_short/rep_0096/attempt_000/completion_manifest.json"", ""artifacts/publication_campaign/tcc_calibration_confirmatory_v1/runs/PUB-02/deep_short/rep_0096/attempt_000/environment_preflight.json"", ""artifacts/publication_campaign/tcc_calibration_confirmatory_v1/runs/PUB-02/deep_short/rep_0096/attempt_000/inference_command.json"", ""artifacts/publication_campaign/tcc_calibration_confirmatory_v1/runs/PUB-02/deep_short/rep_0096/attempt_000/inference_config.json"", ""artifacts/publication_campaign/tcc_calibration_confirmatory_v1/runs/PUB-02/deep_short/rep_0096/attempt_000/inference_started.json"", ""artifacts/publication_campaign/tcc_calibration_confirmatory_v1/runs/PUB-02/deep_short/rep_0096/attempt_000/input.csv"", ""artifacts/publication_campaign/tcc_calibration_confirmatory_v1/runs/PUB-02/deep_short/rep_0096/attempt_000/job.json"", ""artifacts/publication_campaign/tcc_calibration_confirmatory_v1/runs/PUB-02/deep_short/rep_0096/attempt_000/predictive_summary.csv"", ""artifacts/publication_campaign/tcc_calibration_confirmatory_v1/runs/PUB-02/deep_short/rep_0096/attempt_000/result.json"", ""artifacts/publication_campaign/tcc_calibration_confirmatory_v1/runs/PUB-02/deep_short/rep_0096/attempt_000/sampler_summary.csv"", ""artifacts/publication_campaign/tcc_calibration_confirmatory_v1/runs/PUB-02/deep_short/rep_0096/attempt_000/trace.nc"", ""artifacts/publication_campaign/tcc_calibration_confirmatory_v1/runs/PUB-02/deep_short/rep_0096/attempt_000/truth.json"", ""artifacts/publication_campaign/tcc_calibration_confirmatory_v1/runs/PUB-02/deep_short/rep_0096/attempt_000/worker_metadata.json""]",77.8117353932514,False,False
PUB-02__intermediate_long__rep_0011,PUB-02,intermediate_long,rep_0011,tcc_calibration_confirmatory_v1__PUB-02__intermediate_long__rep_0011,"{""generation"": 2950024858, ""inference"": 3754800728, ""predictive"": 4143821774, ""resampling"": 3830398387}",artifacts/publication_campaign/tcc_calibration_confirmatory_v1/runs/PUB-02/intermediate_long/rep_0011,COMPLETED_REJECTED,1,,artifacts/publication_campaign/tcc_calibration_confirmatory_v1/runs/PUB-02/intermediate_long/rep_0011/attempt_000,"[""artifacts/publication_campaign/tcc_calibration_confirmatory_v1/runs/PUB-02/intermediate_long/rep_0011/attempt_000/completion_manifest.json"", ""artifacts/publication_campaign/tcc_calibration_confirmatory_v1/runs/PUB-02/intermediate_long/rep_0011/attempt_000/environment_preflight.json"", ""artifacts/publication_campaign/tcc_calibration_confirmatory_v1/runs/PUB-02/intermediate_long/rep_0011/attempt_000/inference_command.json"", ""artifacts/publication_campaign/tcc_calibration_confirmatory_v1/runs/PUB-02/intermediate_long/rep_0011/attempt_000/inference_config.json"", ""artifacts/publication_campaign/tcc_calibration_confirmatory_v1/runs/PUB-02/intermediate_long/rep_0011/attempt_000/inference_started.json"", ""artifacts/publication_campaign/tcc_calibration_confirmatory_v1/runs/PUB-02/intermediate_long/rep_0011/attempt_000/input.csv"", ""artifacts/publication_campaign/tcc_calibration_confirmatory_v1/runs/PUB-02/intermediate_long/rep_0011/attempt_000/job.json"", ""artifacts/publication_campaign/tcc_calibration_confirmatory_v1/runs/PUB-02/intermediate_long/rep_0011/attempt_000/predictive_summary.csv"", ""artifacts/publication_campaign/tcc_calibration_confirmatory_v1/runs/PUB-02/intermediate_long/rep_0011/attempt_000/result.json"", ""artifacts/publication_campaign/tcc_calibration_confirmatory_v1/runs/PUB-02/intermediate_long/rep_0011/attempt_000/sampler_summary.csv"", ""artifacts/publication_campaign/tcc_calibration_confirmatory_v1/runs/PUB-02/intermediate_long/rep_0011/attempt_000/trace.nc"", ""artifacts/publication_campaign/tcc_calibration_confirmatory_v1/runs/PUB-02/intermediate_long/rep_0011/attempt_000/truth.json"", ""artifacts/publication_campaign/tcc_calibration_confirmatory_v1/runs/PUB-02/intermediate_long/rep_0011/attempt_000/worker_metadata.json""]",10.910726077516573,False,False
PUB-02__intermediate_long__rep_0015,PUB-02,intermediate_long,rep_0015,tcc_calibration_confirmatory_v1__PUB-02__intermediate_long__rep_0015,"{""generation"": 4016120398, ""inference"": 3215659391, ""predictive"": 198018199, ""resampling"": 963365306}",artifacts/publication_campaign/tcc_calibration_confirmatory_v1/runs/PUB-02/intermediate_long/rep_0015,COMPLETED_REJECTED,1,,artifacts/publication_campaign/tcc_calibration_confirmatory_v1/runs/PUB-02/intermediate_long/rep_0015/attempt_000,"[""artifacts/publication_campaign/tcc_calibration_confirmatory_v1/runs/PUB-02/intermediate_long/rep_0015/attempt_000/completion_manifest.json"", ""artifacts/publication_campaign/tcc_calibration_confirmatory_v1/runs/PUB-02/intermediate_long/rep_0015/attempt_000/environment_preflight.json"", ""artifacts/publication_campaign/tcc_calibration_confirmatory_v1/runs/PUB-02/intermediate_long/rep_0015/attempt_000/inference_command.json"", ""artifacts/publication_campaign/tcc_calibration_confirmatory_v1/runs/PUB-02/intermediate_long/rep_0015/attempt_000/inference_config.json"", ""artifacts/publication_campaign/tcc_calibration_confirmatory_v1/runs/PUB-02/intermediate_long/rep_0015/attempt_000/inference_started.json"", ""artifacts/publication_campaign/tcc_calibration_confirmatory_v1/runs/PUB-02/intermediate_long/rep_0015/attempt_000/input.csv"", ""artifacts/publication_campaign/tcc_calibration_confirmatory_v1/runs/PUB-02/intermediate_long/rep_0015/attempt_000/job.json"", ""artifacts/publication_campaign/tcc_calibration_confirmatory_v1/runs/PUB-02/intermediate_long/rep_0015/attempt_000/predictive_summary.csv"", ""artifacts/publication_campaign/tcc_calibration_confirmatory_v1/runs/PUB-02/intermediate_long/rep_0015/attempt_000/result.json"", ""artifacts/publication_campaign/tcc_calibration_confirmatory_v1/runs/PUB-02/intermediate_long/rep_0015/attempt_000/sampler_summary.csv"", ""artifacts/publication_campaign/tcc_calibration_confirmatory_v1/runs/PUB-02/intermediate_long/rep_0015/attempt_000/trace.nc"", ""artifacts/publication_campaign/tcc_calibration_confirmatory_v1/runs/PUB-02/intermediate_long/rep_0015/attempt_000/truth.json"", ""artifacts/publication_campaign/tcc_calibration_confirmatory_v1/runs/PUB-02/intermediate_long/rep_0015/attempt_000/worker_metadata.json""]",10.910726077516573,False,False
PUB-02__intermediate_long__rep_0031,PUB-02,intermediate_long,rep_0031,tcc_calibration_confirmatory_v1__PUB-02__intermediate_long__rep_0031,"{""generation"": 446151268, ""inference"": 2040916246, ""predictive"": 292891145, ""resampling"": 3316685050}",artifacts/publication_campaign/tcc_calibration_confirmatory_v1/runs/PUB-02/intermediate_long/rep_0031,COMPLETED_REJECTED,1,,artifacts/publication_campaign/tcc_calibration_confirmatory_v1/runs/PUB-02/intermediate_long/rep_0031/attempt_000,"[""artifacts/publication_campaign/tcc_calibration_confirmatory_v1/runs/PUB-02/intermediate_long/rep_0031/attempt_000/completion_manifest.json"", ""artifacts/publication_campaign/tcc_calibration_confirmatory_v1/runs/PUB-02/intermediate_long/rep_0031/attempt_000/environment_preflight.json"", ""artifacts/publication_campaign/tcc_calibration_confirmatory_v1/runs/PUB-02/intermediate_long/rep_0031/attempt_000/inference_command.json"", ""artifacts/publication_campaign/tcc_calibration_confirmatory_v1/runs/PUB-02/intermediate_long/rep_0031/attempt_000/inference_config.json"", ""artifacts/publication_campaign/tcc_calibration_confirmatory_v1/runs/PUB-02/intermediate_long/rep_0031/attempt_000/inference_started.json"", ""artifacts/publication_campaign/tcc_calibration_confirmatory_v1/runs/PUB-02/intermediate_long/rep_0031/attempt_000/input.csv"", ""artifacts/publication_campaign/tcc_calibration_confirmatory_v1/runs/PUB-02/intermediate_long/rep_0031/attempt_000/job.json"", ""artifacts/publication_campaign/tcc_calibration_confirmatory_v1/runs/PUB-02/intermediate_long/rep_0031/attempt_000/predictive_summary.csv"", ""artifacts/publication_campaign/tcc_calibration_confirmatory_v1/runs/PUB-02/intermediate_long/rep_0031/attempt_000/result.json"", ""artifacts/publication_campaign/tcc_calibration_confirmatory_v1/runs/PUB-02/intermediate_long/rep_0031/attempt_000/sampler_summary.csv"", ""artifacts/publication_campaign/tcc_calibration_confirmatory_v1/runs/PUB-02/intermediate_long/rep_0031/attempt_000/trace.nc"", ""artifacts/publication_campaign/tcc_calibration_confirmatory_v1/runs/PUB-02/intermediate_long/rep_0031/attempt_000/truth.json"", ""artifacts/publication_campaign/tcc_calibration_confirmatory_v1/runs/PUB-02/intermediate_long/rep_0031/attempt_000/worker_metadata.json""]",10.910726077516573,False,False
PUB-02__intermediate_long__rep_0035,PUB-02,intermediate_long,rep_0035,tcc_calibration_confirmatory_v1__PUB-02__intermediate_long__rep_0035,"{""generation"": 1337794145, ""inference"": 1637004447, ""predictive"": 362125882, ""resampling"": 1569936397}",artifacts/publication_campaign/tcc_calibration_confirmatory_v1/runs/PUB-02/intermediate_long/rep_0035,COMPLETED_REJECTED,1,,artifacts/publication_campaign/tcc_calibration_confirmatory_v1/runs/PUB-02/intermediate_long/rep_0035/attempt_000,"[""artifacts/publication_campaign/tcc_calibration_confirmatory_v1/runs/PUB-02/intermediate_long/rep_0035/attempt_000/completion_manifest.json"", ""artifacts/publication_campaign/tcc_calibration_confirmatory_v1/runs/PUB-02/intermediate_long/rep_0035/attempt_000/environment_preflight.json"", ""artifacts/publication_campaign/tcc_calibration_confirmatory_v1/runs/PUB-02/intermediate_long/rep_0035/attempt_000/inference_command.json"", ""artifacts/publication_campaign/tcc_calibration_confirmatory_v1/runs/PUB-02/intermediate_long/rep_0035/attempt_000/inference_config.json"", ""artifacts/publication_campaign/tcc_calibration_confirmatory_v1/runs/PUB-02/intermediate_long/rep_0035/attempt_000/inference_started.json"", ""artifacts/publication_campaign/tcc_calibration_confirmatory_v1/runs/PUB-02/intermediate_long/rep_0035/attempt_000/input.csv"", ""artifacts/publication_campaign/tcc_calibration_confirmatory_v1/runs/PUB-02/intermediate_long/rep_0035/attempt_000/job.json"", ""artifacts/publication_campaign/tcc_calibration_confirmatory_v1/runs/PUB-02/intermediate_long/rep_0035/attempt_000/predictive_summary.csv"", ""artifacts/publication_campaign/tcc_calibration_confirmatory_v1/runs/PUB-02/intermediate_long/rep_0035/attempt_000/result.json"", ""artifacts/publication_campaign/tcc_calibration_confirmatory_v1/runs/PUB-02/intermediate_long/rep_0035/attempt_000/sampler_summary.csv"", ""artifacts/publication_campaign/tcc_calibration_confirmatory_v1/runs/PUB-02/intermediate_long/rep_0035/attempt_000/trace.nc"", ""artifacts/publication_campaign/tcc_calibration_confirmatory_v1/runs/PUB-02/intermediate_long/rep_0035/attempt_000/truth.json"", ""artifacts/publication_campaign/tcc_calibration_confirmatory_v1/runs/PUB-02/intermediate_long/rep_0035/attempt_000/worker_metadata.json""]",10.910726077516573,False,False
PUB-02__intermediate_long__rep_0058,PUB-02,intermediate_long,rep_0058,tcc_calibration_confirmatory_v1__PUB-02__intermediate_long__rep_0058,"{""generation"": 2602022113, ""inference"": 2783551899, ""predictive"": 1326633791, ""resampling"": 535178026}",artifacts/publication_campaign/tcc_calibration_confirmatory_v1/runs/PUB-02/intermediate_long/rep_0058,COMPLETED_REJECTED,1,,artifacts/publication_campaign/tcc_calibration_confirmatory_v1/runs/PUB-02/intermediate_long/rep_0058/attempt_000,"[""artifacts/publication_campaign/tcc_calibration_confirmatory_v1/runs/PUB-02/intermediate_long/rep_0058/attempt_000/completion_manifest.json"", ""artifacts/publication_campaign/tcc_calibration_confirmatory_v1/runs/PUB-02/intermediate_long/rep_0058/attempt_000/environment_preflight.json"", ""artifacts/publication_campaign/tcc_calibration_confirmatory_v1/runs/PUB-02/intermediate_long/rep_0058/attempt_000/inference_command.json"", ""artifacts/publication_campaign/tcc_calibration_confirmatory_v1/runs/PUB-02/intermediate_long/rep_0058/attempt_000/inference_config.json"", ""artifacts/publication_campaign/tcc_calibration_confirmatory_v1/runs/PUB-02/intermediate_long/rep_0058/attempt_000/inference_started.json"", ""artifacts/publication_campaign/tcc_calibration_confirmatory_v1/runs/PUB-02/intermediate_long/rep_0058/attempt_000/input.csv"", ""artifacts/publication_campaign/tcc_calibration_confirmatory_v1/runs/PUB-02/intermediate_long/rep_0058/attempt_000/job.json"", ""artifacts/publication_campaign/tcc_calibration_confirmatory_v1/runs/PUB-02/intermediate_long/rep_0058/attempt_000/predictive_summary.csv"", ""artifacts/publication_campaign/tcc_calibration_confirmatory_v1/runs/PUB-02/intermediate_long/rep_0058/attempt_000/result.json"", ""artifacts/publication_campaign/tcc_calibration_confirmatory_v1/runs/PUB-02/intermediate_long/rep_0058/attempt_000/sampler_summary.csv"", ""artifacts/publication_campaign/tcc_calibration_confirmatory_v1/runs/PUB-02/intermediate_long/rep_0058/attempt_000/trace.nc"", ""artifacts/publication_campaign/tcc_calibration_confirmatory_v1/runs/PUB-02/intermediate_long/rep_0058/attempt_000/truth.json"", ""artifacts/publication_campaign/tcc_calibration_confirmatory_v1/runs/PUB-02/intermediate_long/rep_0058/attempt_000/worker_metadata.json""]",10.910726077516573,False,False
PUB-02__intermediate_long__rep_0059,PUB-02,intermediate_long,rep_0059,tcc_calibration_confirmatory_v1__PUB-02__intermediate_long__rep_0059,"{""generation"": 1606460097, ""inference"": 1917351436, ""predictive"": 511716264, ""resampling"": 3720650945}",artifacts/publication_campaign/tcc_calibration_confirmatory_v1/runs/PUB-02/intermediate_long/rep_0059,COMPLETED_REJECTED,1,,artifacts/publication_campaign/tcc_calibration_confirmatory_v1/runs/PUB-02/intermediate_long/rep_0059/attempt_000,"[""artifacts/publication_campaign/tcc_calibration_confirmatory_v1/runs/PUB-02/intermediate_long/rep_0059/attempt_000/completion_manifest.json"", ""artifacts/publication_campaign/tcc_calibration_confirmatory_v1/runs/PUB-02/intermediate_long/rep_0059/attempt_000/environment_preflight.json"", ""artifacts/publication_campaign/tcc_calibration_confirmatory_v1/runs/PUB-02/intermediate_long/rep_0059/attempt_000/inference_command.json"", ""artifacts/publication_campaign/tcc_calibration_confirmatory_v1/runs/PUB-02/intermediate_long/rep_0059/attempt_000/inference_config.json"", ""artifacts/publication_campaign/tcc_calibration_confirmatory_v1/runs/PUB-02/intermediate_long/rep_0059/attempt_000/inference_started.json"", ""artifacts/publication_campaign/tcc_calibration_confirmatory_v1/runs/PUB-02/intermediate_long/rep_0059/attempt_000/input.csv"", ""artifacts/publication_campaign/tcc_calibration_confirmatory_v1/runs/PUB-02/intermediate_long/rep_0059/attempt_000/job.json"", ""artifacts/publication_campaign/tcc_calibration_confirmatory_v1/runs/PUB-02/intermediate_long/rep_0059/attempt_000/predictive_summary.csv"", ""artifacts/publication_campaign/tcc_calibration_confirmatory_v1/runs/PUB-02/intermediate_long/rep_0059/attempt_000/result.json"", ""artifacts/publication_campaign/tcc_calibration_confirmatory_v1/runs/PUB-02/intermediate_long/rep_0059/attempt_000/sampler_summary.csv"", ""artifacts/publication_campaign/tcc_calibration_confirmatory_v1/runs/PUB-02/intermediate_long/rep_0059/attempt_000/trace.nc"", ""artifacts/publication_campaign/tcc_calibration_confirmatory_v1/runs/PUB-02/intermediate_long/rep_0059/attempt_000/truth.json"", ""artifacts/publication_campaign/tcc_calibration_confirmatory_v1/runs/PUB-02/intermediate_long/rep_0059/attempt_000/worker_metadata.json""]",10.910726077516573,False,False
PUB-02__intermediate_long__rep_0060,PUB-02,intermediate_long,rep_0060,tcc_calibration_confirmatory_v1__PUB-02__intermediate_long__rep_0060,"{""generation"": 589650082, ""inference"": 2989672611, ""predictive"": 2334467425, ""resampling"": 1128949981}",artifacts/publication_campaign/tcc_calibration_confirmatory_v1/runs/PUB-02/intermediate_long/rep_0060,COMPLETED_REJECTED,1,,artifacts/publication_campaign/tcc_calibration_confirmatory_v1/runs/PUB-02/intermediate_long/rep_0060/attempt_000,"[""artifacts/publication_campaign/tcc_calibration_confirmatory_v1/runs/PUB-02/intermediate_long/rep_0060/attempt_000/completion_manifest.json"", ""artifacts/publication_campaign/tcc_calibration_confirmatory_v1/runs/PUB-02/intermediate_long/rep_0060/attempt_000/environment_preflight.json"", ""artifacts/publication_campaign/tcc_calibration_confirmatory_v1/runs/PUB-02/intermediate_long/rep_0060/attempt_000/inference_command.json"", ""artifacts/publication_campaign/tcc_calibration_confirmatory_v1/runs/PUB-02/intermediate_long/rep_0060/attempt_000/inference_config.json"", ""artifacts/publication_campaign/tcc_calibration_confirmatory_v1/runs/PUB-02/intermediate_long/rep_0060/attempt_000/inference_started.json"", ""artifacts/publication_campaign/tcc_calibration_confirmatory_v1/runs/PUB-02/intermediate_long/rep_0060/attempt_000/input.csv"", ""artifacts/publication_campaign/tcc_calibration_confirmatory_v1/runs/PUB-02/intermediate_long/rep_0060/attempt_000/job.json"", ""artifacts/publication_campaign/tcc_calibration_confirmatory_v1/runs/PUB-02/intermediate_long/rep_0060/attempt_000/predictive_summary.csv"", ""artifacts/publication_campaign/tcc_calibration_confirmatory_v1/runs/PUB-02/intermediate_long/rep_0060/attempt_000/result.json"", ""artifacts/publication_campaign/tcc_calibration_confirmatory_v1/runs/PUB-02/intermediate_long/rep_0060/attempt_000/sampler_summary.csv"", ""artifacts/publication_campaign/tcc_calibration_confirmatory_v1/runs/PUB-02/intermediate_long/rep_0060/attempt_000/trace.nc"", ""artifacts/publication_campaign/tcc_calibration_confirmatory_v1/runs/PUB-02/intermediate_long/rep_0060/attempt_000/truth.json"", ""artifacts/publication_campaign/tcc_calibration_confirmatory_v1/runs/PUB-02/intermediate_long/rep_0060/attempt_000/worker_metadata.json""]",10.910726077516573,False,False
PUB-02__intermediate_long__rep_0061,PUB-02,intermediate_long,rep_0061,tcc_calibration_confirmatory_v1__PUB-02__intermediate_long__rep_0061,"{""generation"": 1175836757, ""inference"": 548308753, ""predictive"": 316709765, ""resampling"": 3115853582}",artifacts/publication_campaign/tcc_calibration_confirmatory_v1/runs/PUB-02/intermediate_long/rep_0061,COMPLETED_REJECTED,1,,artifacts/publication_campaign/tcc_calibration_confirmatory_v1/runs/PUB-02/intermediate_long/rep_0061/attempt_000,"[""artifacts/publication_campaign/tcc_calibration_confirmatory_v1/runs/PUB-02/intermediate_long/rep_0061/attempt_000/completion_manifest.json"", ""artifacts/publication_campaign/tcc_calibration_confirmatory_v1/runs/PUB-02/intermediate_long/rep_0061/attempt_000/environment_preflight.json"", ""artifacts/publication_campaign/tcc_calibration_confirmatory_v1/runs/PUB-02/intermediate_long/rep_0061/attempt_000/inference_command.json"", ""artifacts/publication_campaign/tcc_calibration_confirmatory_v1/runs/PUB-02/intermediate_long/rep_0061/attempt_000/inference_config.json"", ""artifacts/publication_campaign/tcc_calibration_confirmatory_v1/runs/PUB-02/intermediate_long/rep_0061/attempt_000/inference_started.json"", ""artifacts/publication_campaign/tcc_calibration_confirmatory_v1/runs/PUB-02/intermediate_long/rep_0061/attempt_000/input.csv"", ""artifacts/publication_campaign/tcc_calibration_confirmatory_v1/runs/PUB-02/intermediate_long/rep_0061/attempt_000/job.json"", ""artifacts/publication_campaign/tcc_calibration_confirmatory_v1/runs/PUB-02/intermediate_long/rep_0061/attempt_000/predictive_summary.csv"", ""artifacts/publication_campaign/tcc_calibration_confirmatory_v1/runs/PUB-02/intermediate_long/rep_0061/attempt_000/result.json"", ""artifacts/publication_campaign/tcc_calibration_confirmatory_v1/runs/PUB-02/intermediate_long/rep_0061/attempt_000/sampler_summary.csv"", ""artifacts/publication_campaign/tcc_calibration_confirmatory_v1/runs/PUB-02/intermediate_long/rep_0061/attempt_000/trace.nc"", ""artifacts/publication_campaign/tcc_calibration_confirmatory_v1/runs/PUB-02/intermediate_long/rep_0061/attempt_000/truth.json"", ""artifacts/publication_campaign/tcc_calibration_confirmatory_v1/runs/PUB-02/intermediate_long/rep_0061/attempt_000/worker_metadata.json""]",10.910726077516573,False,False
PUB-02__intermediate_long__rep_0063,PUB-02,intermediate_long,rep_0063,tcc_calibration_confirmatory_v1__PUB-02__intermediate_long__rep_0063,"{""generation"": 2397846548, ""inference"": 718012234, ""predictive"": 501291539, ""resampling"": 1375516745}",artifacts/publication_campaign/tcc_calibration_confirmatory_v1/runs/PUB-02/intermediate_long/rep_0063,COMPLETED_REJECTED,1,,artifacts/publication_campaign/tcc_calibration_confirmatory_v1/runs/PUB-02/intermediate_long/rep_0063/attempt_000,"[""artifacts/publication_campaign/tcc_calibration_confirmatory_v1/runs/PUB-02/intermediate_long/rep_0063/attempt_000/completion_manifest.json"", ""artifacts/publication_campaign/tcc_calibration_confirmatory_v1/runs/PUB-02/intermediate_long/rep_0063/attempt_000/environment_preflight.json"", ""artifacts/publication_campaign/tcc_calibration_confirmatory_v1/runs/PUB-02/intermediate_long/rep_0063/attempt_000/inference_command.json"", ""artifacts/publication_campaign/tcc_calibration_confirmatory_v1/runs/PUB-02/intermediate_long/rep_0063/attempt_000/inference_config.json"", ""artifacts/publication_campaign/tcc_calibration_confirmatory_v1/runs/PUB-02/intermediate_long/rep_0063/attempt_000/inference_started.json"", ""artifacts/publication_campaign/tcc_calibration_confirmatory_v1/runs/PUB-02/intermediate_long/rep_0063/attempt_000/input.csv"", ""artifacts/publication_campaign/tcc_calibration_confirmatory_v1/runs/PUB-02/intermediate_long/rep_0063/attempt_000/job.json"", ""artifacts/publication_campaign/tcc_calibration_confirmatory_v1/runs/PUB-02/intermediate_long/rep_0063/attempt_000/predictive_summary.csv"", ""artifacts/publication_campaign/tcc_calibration_confirmatory_v1/runs/PUB-02/intermediate_long/rep_0063/attempt_000/result.json"", ""artifacts/publication_campaign/tcc_calibration_confirmatory_v1/runs/PUB-02/intermediate_long/rep_0063/attempt_000/sampler_summary.csv"", ""artifacts/publication_campaign/tcc_calibration_confirmatory_v1/runs/PUB-02/intermediate_long/rep_0063/attempt_000/trace.nc"", ""artifacts/publication_campaign/tcc_calibration_confirmatory_v1/runs/PUB-02/intermediate_long/rep_0063/attempt_000/truth.json"", ""artifacts/publication_campaign/tcc_calibration_confirmatory_v1/runs/PUB-02/intermediate_long/rep_0063/attempt_000/worker_metadata.json""]",10.910726077516573,False,False
PUB-02__intermediate_long__rep_0069,PUB-02,intermediate_long,rep_0069,tcc_calibration_confirmatory_v1__PUB-02__intermediate_long__rep_0069,"{""generation"": 2962932122, ""inference"": 1195202038, ""predictive"": 2786066917, ""resampling"": 3114925262}",artifacts/publication_campaign/tcc_calibration_confirmatory_v1/runs/PUB-02/intermediate_long/rep_0069,COMPLETED_REJECTED,1,,artifacts/publication_campaign/tcc_calibration_confirmatory_v1/runs/PUB-02/intermediate_long/rep_0069/attempt_000,"[""artifacts/publication_campaign/tcc_calibration_confirmatory_v1/runs/PUB-02/intermediate_long/rep_0069/attempt_000/completion_manifest.json"", ""artifacts/publication_campaign/tcc_calibration_confirmatory_v1/runs/PUB-02/intermediate_long/rep_0069/attempt_000/environment_preflight.json"", ""artifacts/publication_campaign/tcc_calibration_confirmatory_v1/runs/PUB-02/intermediate_long/rep_0069/attempt_000/inference_command.json"", ""artifacts/publication_campaign/tcc_calibration_confirmatory_v1/runs/PUB-02/intermediate_long/rep_0069/attempt_000/inference_config.json"", ""artifacts/publication_campaign/tcc_calibration_confirmatory_v1/runs/PUB-02/intermediate_long/rep_0069/attempt_000/inference_started.json"", ""artifacts/publication_campaign/tcc_calibration_confirmatory_v1/runs/PUB-02/intermediate_long/rep_0069/attempt_000/input.csv"", ""artifacts/publication_campaign/tcc_calibration_confirmatory_v1/runs/PUB-02/intermediate_long/rep_0069/attempt_000/job.json"", ""artifacts/publication_campaign/tcc_calibration_confirmatory_v1/runs/PUB-02/intermediate_long/rep_0069/attempt_000/predictive_summary.csv"", ""artifacts/publication_campaign/tcc_calibration_confirmatory_v1/runs/PUB-02/intermediate_long/rep_0069/attempt_000/result.json"", ""artifacts/publication_campaign/tcc_calibration_confirmatory_v1/runs/PUB-02/intermediate_long/rep_0069/attempt_000/sampler_summary.csv"", ""artifacts/publication_campaign/tcc_calibration_confirmatory_v1/runs/PUB-02/intermediate_long/rep_0069/attempt_000/trace.nc"", ""artifacts/publication_campaign/tcc_calibration_confirmatory_v1/runs/PUB-02/intermediate_long/rep_0069/attempt_000/truth.json"", ""artifacts/publication_campaign/tcc_calibration_confirmatory_v1/runs/PUB-02/intermediate_long/rep_0069/attempt_000/worker_metadata.json""]",10.910726077516573,False,False
PUB-02__intermediate_long__rep_0072,PUB-02,intermediate_long,rep_0072,tcc_calibration_confirmatory_v1__PUB-02__intermediate_long__rep_0072,"{""generation"": 4046445095, ""inference"": 4131512742, ""predictive"": 2590470619, ""resampling"": 54588704}",artifacts/publication_campaign/tcc_calibration_confirmatory_v1/runs/PUB-02/intermediate_long/rep_0072,COMPLETED_REJECTED,1,,artifacts/publication_campaign/tcc_calibration_confirmatory_v1/runs/PUB-02/intermediate_long/rep_0072/attempt_000,"[""artifacts/publication_campaign/tcc_calibration_confirmatory_v1/runs/PUB-02/intermediate_long/rep_0072/attempt_000/completion_manifest.json"", ""artifacts/publication_campaign/tcc_calibration_confirmatory_v1/runs/PUB-02/intermediate_long/rep_0072/attempt_000/environment_preflight.json"", ""artifacts/publication_campaign/tcc_calibration_confirmatory_v1/runs/PUB-02/intermediate_long/rep_0072/attempt_000/inference_command.json"", ""artifacts/publication_campaign/tcc_calibration_confirmatory_v1/runs/PUB-02/intermediate_long/rep_0072/attempt_000/inference_config.json"", ""artifacts/publication_campaign/tcc_calibration_confirmatory_v1/runs/PUB-02/intermediate_long/rep_0072/attempt_000/inference_started.json"", ""artifacts/publication_campaign/tcc_calibration_confirmatory_v1/runs/PUB-02/intermediate_long/rep_0072/attempt_000/input.csv"", ""artifacts/publication_campaign/tcc_calibration_confirmatory_v1/runs/PUB-02/intermediate_long/rep_0072/attempt_000/job.json"", ""artifacts/publication_campaign/tcc_calibration_confirmatory_v1/runs/PUB-02/intermediate_long/rep_0072/attempt_000/predictive_summary.csv"", ""artifacts/publication_campaign/tcc_calibration_confirmatory_v1/runs/PUB-02/intermediate_long/rep_0072/attempt_000/result.json"", ""artifacts/publication_campaign/tcc_calibration_confirmatory_v1/runs/PUB-02/intermediate_long/rep_0072/attempt_000/sampler_summary.csv"", ""artifacts/publication_campaign/tcc_calibration_confirmatory_v1/runs/PUB-02/intermediate_long/rep_0072/attempt_000/trace.nc"", ""artifacts/publication_campaign/tcc_calibration_confirmatory_v1/runs/PUB-02/intermediate_long/rep_0072/attempt_000/truth.json"", ""artifacts/publication_campaign/tcc_calibration_confirmatory_v1/runs/PUB-02/intermediate_long/rep_0072/attempt_000/worker_metadata.json""]",10.910726077516573,False,False
PUB-02__intermediate_long__rep_0076,PUB-02,intermediate_long,rep_0076,tcc_calibration_confirmatory_v1__PUB-02__intermediate_long__rep_0076,"{""generation"": 3954290583, ""inference"": 2331258464, ""predictive"": 2982723332, ""resampling"": 2016170643}",artifacts/publication_campaign/tcc_calibration_confirmatory_v1/runs/PUB-02/intermediate_long/rep_0076,COMPLETED_REJECTED,1,,artifacts/publication_campaign/tcc_calibration_confirmatory_v1/runs/PUB-02/intermediate_long/rep_0076/attempt_000,"[""artifacts/publication_campaign/tcc_calibration_confirmatory_v1/runs/PUB-02/intermediate_long/rep_0076/attempt_000/completion_manifest.json"", ""artifacts/publication_campaign/tcc_calibration_confirmatory_v1/runs/PUB-02/intermediate_long/rep_0076/attempt_000/environment_preflight.json"", ""artifacts/publication_campaign/tcc_calibration_confirmatory_v1/runs/PUB-02/intermediate_long/rep_0076/attempt_000/inference_command.json"", ""artifacts/publication_campaign/tcc_calibration_confirmatory_v1/runs/PUB-02/intermediate_long/rep_0076/attempt_000/inference_config.json"", ""artifacts/publication_campaign/tcc_calibration_confirmatory_v1/runs/PUB-02/intermediate_long/rep_0076/attempt_000/inference_started.json"", ""artifacts/publication_campaign/tcc_calibration_confirmatory_v1/runs/PUB-02/intermediate_long/rep_0076/attempt_000/input.csv"", ""artifacts/publication_campaign/tcc_calibration_confirmatory_v1/runs/PUB-02/intermediate_long/rep_0076/attempt_000/job.json"", ""artifacts/publication_campaign/tcc_calibration_confirmatory_v1/runs/PUB-02/intermediate_long/rep_0076/attempt_000/predictive_summary.csv"", ""artifacts/publication_campaign/tcc_calibration_confirmatory_v1/runs/PUB-02/intermediate_long/rep_0076/attempt_000/result.json"", ""artifacts/publication_campaign/tcc_calibration_confirmatory_v1/runs/PUB-02/intermediate_long/rep_0076/attempt_000/sampler_summary.csv"", ""artifacts/publication_campaign/tcc_calibration_confirmatory_v1/runs/PUB-02/intermediate_long/rep_0076/attempt_000/trace.nc"", ""artifacts/publication_campaign/tcc_calibration_confirmatory_v1/runs/PUB-02/intermediate_long/rep_0076/attempt_000/truth.json"", ""artifacts/publication_campaign/tcc_calibration_confirmatory_v1/runs/PUB-02/intermediate_long/rep_0076/attempt_000/worker_metadata.json""]",10.910726077516573,False,False
PUB-02__intermediate_long__rep_0077,PUB-02,intermediate_long,rep_0077,tcc_calibration_confirmatory_v1__PUB-02__intermediate_long__rep_0077,"{""generation"": 49085907, ""inference"": 153935804, ""predictive"": 1069047941, ""resampling"": 2406744548}",artifacts/publication_campaign/tcc_calibration_confirmatory_v1/runs/PUB-02/intermediate_long/rep_0077,COMPLETED_REJECTED,1,,artifacts/publication_campaign/tcc_calibration_confirmatory_v1/runs/PUB-02/intermediate_long/rep_0077/attempt_000,"[""artifacts/publication_campaign/tcc_calibration_confirmatory_v1/runs/PUB-02/intermediate_long/rep_0077/attempt_000/completion_manifest.json"", ""artifacts/publication_campaign/tcc_calibration_confirmatory_v1/runs/PUB-02/intermediate_long/rep_0077/attempt_000/environment_preflight.json"", ""artifacts/publication_campaign/tcc_calibration_confirmatory_v1/runs/PUB-02/intermediate_long/rep_0077/attempt_000/inference_command.json"", ""artifacts/publication_campaign/tcc_calibration_confirmatory_v1/runs/PUB-02/intermediate_long/rep_0077/attempt_000/inference_config.json"", ""artifacts/publication_campaign/tcc_calibration_confirmatory_v1/runs/PUB-02/intermediate_long/rep_0077/attempt_000/inference_started.json"", ""artifacts/publication_campaign/tcc_calibration_confirmatory_v1/runs/PUB-02/intermediate_long/rep_0077/attempt_000/input.csv"", ""artifacts/publication_campaign/tcc_calibration_confirmatory_v1/runs/PUB-02/intermediate_long/rep_0077/attempt_000/job.json"", ""artifacts/publication_campaign/tcc_calibration_confirmatory_v1/runs/PUB-02/intermediate_long/rep_0077/attempt_000/predictive_summary.csv"", ""artifacts/publication_campaign/tcc_calibration_confirmatory_v1/runs/PUB-02/intermediate_long/rep_0077/attempt_000/result.json"", ""artifacts/publication_campaign/tcc_calibration_confirmatory_v1/runs/PUB-02/intermediate_long/rep_0077/attempt_000/sampler_summary.csv"", ""artifacts/publication_campaign/tcc_calibration_confirmatory_v1/runs/PUB-02/intermediate_long/rep_0077/attempt_000/trace.nc"", ""artifacts/publication_campaign/tcc_calibration_confirmatory_v1/runs/PUB-02/intermediate_long/rep_0077/attempt_000/truth.json"", ""artifacts/publication_campaign/tcc_calibration_confirmatory_v1/runs/PUB-02/intermediate_long/rep_0077/attempt_000/worker_metadata.json""]",10.910726077516573,False,False
PUB-02__intermediate_long__rep_0079,PUB-02,intermediate_long,rep_0079,tcc_calibration_confirmatory_v1__PUB-02__intermediate_long__rep_0079,"{""generation"": 1094764594, ""inference"": 1246294982, ""predictive"": 786981068, ""resampling"": 1214871862}",artifacts/publication_campaign/tcc_calibration_confirmatory_v1/runs/PUB-02/intermediate_long/rep_0079,COMPLETED_REJECTED,1,,artifacts/publication_campaign/tcc_calibration_confirmatory_v1/runs/PUB-02/intermediate_long/rep_0079/attempt_000,"[""artifacts/publication_campaign/tcc_calibration_confirmatory_v1/runs/PUB-02/intermediate_long/rep_0079/attempt_000/completion_manifest.json"", ""artifacts/publication_campaign/tcc_calibration_confirmatory_v1/runs/PUB-02/intermediate_long/rep_0079/attempt_000/environment_preflight.json"", ""artifacts/publication_campaign/tcc_calibration_confirmatory_v1/runs/PUB-02/intermediate_long/rep_0079/attempt_000/inference_command.json"", ""artifacts/publication_campaign/tcc_calibration_confirmatory_v1/runs/PUB-02/intermediate_long/rep_0079/attempt_000/inference_config.json"", ""artifacts/publication_campaign/tcc_calibration_confirmatory_v1/runs/PUB-02/intermediate_long/rep_0079/attempt_000/inference_started.json"", ""artifacts/publication_campaign/tcc_calibration_confirmatory_v1/runs/PUB-02/intermediate_long/rep_0079/attempt_000/input.csv"", ""artifacts/publication_campaign/tcc_calibration_confirmatory_v1/runs/PUB-02/intermediate_long/rep_0079/attempt_000/job.json"", ""artifacts/publication_campaign/tcc_calibration_confirmatory_v1/runs/PUB-02/intermediate_long/rep_0079/attempt_000/predictive_summary.csv"", ""artifacts/publication_campaign/tcc_calibration_confirmatory_v1/runs/PUB-02/intermediate_long/rep_0079/attempt_000/result.json"", ""artifacts/publication_campaign/tcc_calibration_confirmatory_v1/runs/PUB-02/intermediate_long/rep_0079/attempt_000/sampler_summary.csv"", ""artifacts/publication_campaign/tcc_calibration_confirmatory_v1/runs/PUB-02/intermediate_long/rep_0079/attempt_000/trace.nc"", ""artifacts/publication_campaign/tcc_calibration_confirmatory_v1/runs/PUB-02/intermediate_long/rep_0079/attempt_000/truth.json"", ""artifacts/publication_campaign/tcc_calibration_confirmatory_v1/runs/PUB-02/intermediate_long/rep_0079/attempt_000/worker_metadata.json""]",10.910726077516573,False,False
PUB-02__intermediate_long__rep_0091,PUB-02,intermediate_long,rep_0091,tcc_calibration_confirmatory_v1__PUB-02__intermediate_long__rep_0091,"{""generation"": 2688282568, ""inference"": 3497973472, ""predictive"": 1922084262, ""resampling"": 775030991}",artifacts/publication_campaign/tcc_calibration_confirmatory_v1/runs/PUB-02/intermediate_long/rep_0091,COMPLETED_REJECTED,1,,artifacts/publication_campaign/tcc_calibration_confirmatory_v1/runs/PUB-02/intermediate_long/rep_0091/attempt_000,"[""artifacts/publication_campaign/tcc_calibration_confirmatory_v1/runs/PUB-02/intermediate_long/rep_0091/attempt_000/completion_manifest.json"", ""artifacts/publication_campaign/tcc_calibration_confirmatory_v1/runs/PUB-02/intermediate_long/rep_0091/attempt_000/environment_preflight.json"", ""artifacts/publication_campaign/tcc_calibration_confirmatory_v1/runs/PUB-02/intermediate_long/rep_0091/attempt_000/inference_command.json"", ""artifacts/publication_campaign/tcc_calibration_confirmatory_v1/runs/PUB-02/intermediate_long/rep_0091/attempt_000/inference_config.json"", ""artifacts/publication_campaign/tcc_calibration_confirmatory_v1/runs/PUB-02/intermediate_long/rep_0091/attempt_000/inference_started.json"", ""artifacts/publication_campaign/tcc_calibration_confirmatory_v1/runs/PUB-02/intermediate_long/rep_0091/attempt_000/input.csv"", ""artifacts/publication_campaign/tcc_calibration_confirmatory_v1/runs/PUB-02/intermediate_long/rep_0091/attempt_000/job.json"", ""artifacts/publication_campaign/tcc_calibration_confirmatory_v1/runs/PUB-02/intermediate_long/rep_0091/attempt_000/predictive_summary.csv"", ""artifacts/publication_campaign/tcc_calibration_confirmatory_v1/runs/PUB-02/intermediate_long/rep_0091/attempt_000/result.json"", ""artifacts/publication_campaign/tcc_calibration_confirmatory_v1/runs/PUB-02/intermediate_long/rep_0091/attempt_000/sampler_summary.csv"", ""artifacts/publication_campaign/tcc_calibration_confirmatory_v1/runs/PUB-02/intermediate_long/rep_0091/attempt_000/trace.nc"", ""artifacts/publication_campaign/tcc_calibration_confirmatory_v1/runs/PUB-02/intermediate_long/rep_0091/attempt_000/truth.json"", ""artifacts/publication_campaign/tcc_calibration_confirmatory_v1/runs/PUB-02/intermediate_long/rep_0091/attempt_000/worker_metadata.json""]",10.910726077516573,False,False
PUB-02__intermediate_long__rep_0093,PUB-02,intermediate_long,rep_0093,tcc_calibration_confirmatory_v1__PUB-02__intermediate_long__rep_0093,"{""generation"": 688930134, ""inference"": 2424956499, ""predictive"": 625937097, ""resampling"": 2414461127}",artifacts/publication_campaign/tcc_calibration_confirmatory_v1/runs/PUB-02/intermediate_long/rep_0093,COMPLETED_REJECTED,1,,artifacts/publication_campaign/tcc_calibration_confirmatory_v1/runs/PUB-02/intermediate_long/rep_0093/attempt_000,"[""artifacts/publication_campaign/tcc_calibration_confirmatory_v1/runs/PUB-02/intermediate_long/rep_0093/attempt_000/completion_manifest.json"", ""artifacts/publication_campaign/tcc_calibration_confirmatory_v1/runs/PUB-02/intermediate_long/rep_0093/attempt_000/environment_preflight.json"", ""artifacts/publication_campaign/tcc_calibration_confirmatory_v1/runs/PUB-02/intermediate_long/rep_0093/attempt_000/inference_command.json"", ""artifacts/publication_campaign/tcc_calibration_confirmatory_v1/runs/PUB-02/intermediate_long/rep_0093/attempt_000/inference_config.json"", ""artifacts/publication_campaign/tcc_calibration_confirmatory_v1/runs/PUB-02/intermediate_long/rep_0093/attempt_000/inference_started.json"", ""artifacts/publication_campaign/tcc_calibration_confirmatory_v1/runs/PUB-02/intermediate_long/rep_0093/attempt_000/input.csv"", ""artifacts/publication_campaign/tcc_calibration_confirmatory_v1/runs/PUB-02/intermediate_long/rep_0093/attempt_000/job.json"", ""artifacts/publication_campaign/tcc_calibration_confirmatory_v1/runs/PUB-02/intermediate_long/rep_0093/attempt_000/predictive_summary.csv"", ""artifacts/publication_campaign/tcc_calibration_confirmatory_v1/runs/PUB-02/intermediate_long/rep_0093/attempt_000/result.json"", ""artifacts/publication_campaign/tcc_calibration_confirmatory_v1/runs/PUB-02/intermediate_long/rep_0093/attempt_000/sampler_summary.csv"", ""artifacts/publication_campaign/tcc_calibration_confirmatory_v1/runs/PUB-02/intermediate_long/rep_0093/attempt_000/trace.nc"", ""artifacts/publication_campaign/tcc_calibration_confirmatory_v1/runs/PUB-02/intermediate_long/rep_0093/attempt_000/truth.json"", ""artifacts/publication_campaign/tcc_calibration_confirmatory_v1/runs/PUB-02/intermediate_long/rep_0093/attempt_000/worker_metadata.json""]",10.910726077516573,False,False
PUB-02__shallow_short__rep_0000,PUB-02,shallow_short,rep_0000,tcc_calibration_confirmatory_v1__PUB-02__shallow_short__rep_0000,"{""generation"": 2339143578, ""inference"": 1818106732, ""predictive"": 3420960383, ""resampling"": 2926597506}",artifacts/publication_campaign/tcc_calibration_confirmatory_v1/runs/PUB-02/shallow_short/rep_0000,COMPLETED_REJECTED,1,,artifacts/publication_campaign/tcc_calibration_confirmatory_v1/runs/PUB-02/shallow_short/rep_0000/attempt_000,"[""artifacts/publication_campaign/tcc_calibration_confirmatory_v1/runs/PUB-02/shallow_short/rep_0000/attempt_000/completion_manifest.json"", ""artifacts/publication_campaign/tcc_calibration_confirmatory_v1/runs/PUB-02/shallow_short/rep_0000/attempt_000/environment_preflight.json"", ""artifacts/publication_campaign/tcc_calibration_confirmatory_v1/runs/PUB-02/shallow_short/rep_0000/attempt_000/inference_command.json"", ""artifacts/publication_campaign/tcc_calibration_confirmatory_v1/runs/PUB-02/shallow_short/rep_0000/attempt_000/inference_config.json"", ""artifacts/publication_campaign/tcc_calibration_confirmatory_v1/runs/PUB-02/shallow_short/rep_0000/attempt_000/inference_started.json"", ""artifacts/publication_campaign/tcc_calibration_confirmatory_v1/runs/PUB-02/shallow_short/rep_0000/attempt_000/input.csv"", ""artifacts/publication_campaign/tcc_calibration_confirmatory_v1/runs/PUB-02/shallow_short/rep_0000/attempt_000/job.json"", ""artifacts/publication_campaign/tcc_calibration_confirmatory_v1/runs/PUB-02/shallow_short/rep_0000/attempt_000/predictive_summary.csv"", ""artifacts/publication_campaign/tcc_calibration_confirmatory_v1/runs/PUB-02/shallow_short/rep_0000/attempt_000/result.json"", ""artifacts/publication_campaign/tcc_calibration_confirmatory_v1/runs/PUB-02/shallow_short/rep_0000/attempt_000/sampler_summary.csv"", ""artifacts/publication_campaign/tcc_calibration_confirmatory_v1/runs/PUB-02/shallow_short/rep_0000/attempt_000/trace.nc"", ""artifacts/publication_campaign/tcc_calibration_confirmatory_v1/runs/PUB-02/shallow_short/rep_0000/attempt_000/truth.json"", ""artifacts/publication_campaign/tcc_calibration_confirmatory_v1/runs/PUB-02/shallow_short/rep_0000/attempt_000/worker_metadata.json""]",12.53286519422971,False,False
PUB-02__shallow_short__rep_0009,PUB-02,shallow_short,rep_0009,tcc_calibration_confirmatory_v1__PUB-02__shallow_short__rep_0009,"{""generation"": 3381690646, ""inference"": 4003127153, ""predictive"": 1039556663, ""resampling"": 763050683}",artifacts/publication_campaign/tcc_calibration_confirmatory_v1/runs/PUB-02/shallow_short/rep_0009,COMPLETED_REJECTED,1,,artifacts/publication_campaign/tcc_calibration_confirmatory_v1/runs/PUB-02/shallow_short/rep_0009/attempt_000,"[""artifacts/publication_campaign/tcc_calibration_confirmatory_v1/runs/PUB-02/shallow_short/rep_0009/attempt_000/completion_manifest.json"", ""artifacts/publication_campaign/tcc_calibration_confirmatory_v1/runs/PUB-02/shallow_short/rep_0009/attempt_000/environment_preflight.json"", ""artifacts/publication_campaign/tcc_calibration_confirmatory_v1/runs/PUB-02/shallow_short/rep_0009/attempt_000/inference_command.json"", ""artifacts/publication_campaign/tcc_calibration_confirmatory_v1/runs/PUB-02/shallow_short/rep_0009/attempt_000/inference_config.json"", ""artifacts/publication_campaign/tcc_calibration_confirmatory_v1/runs/PUB-02/shallow_short/rep_0009/attempt_000/inference_started.json"", ""artifacts/publication_campaign/tcc_calibration_confirmatory_v1/runs/PUB-02/shallow_short/rep_0009/attempt_000/input.csv"", ""artifacts/publication_campaign/tcc_calibration_confirmatory_v1/runs/PUB-02/shallow_short/rep_0009/attempt_000/job.json"", ""artifacts/publication_campaign/tcc_calibration_confirmatory_v1/runs/PUB-02/shallow_short/rep_0009/attempt_000/predictive_summary.csv"", ""artifacts/publication_campaign/tcc_calibration_confirmatory_v1/runs/PUB-02/shallow_short/rep_0009/attempt_000/result.json"", ""artifacts/publication_campaign/tcc_calibration_confirmatory_v1/runs/PUB-02/shallow_short/rep_0009/attempt_000/sampler_summary.csv"", ""artifacts/publication_campaign/tcc_calibration_confirmatory_v1/runs/PUB-02/shallow_short/rep_0009/attempt_000/trace.nc"", ""artifacts/publication_campaign/tcc_calibration_confirmatory_v1/runs/PUB-02/shallow_short/rep_0009/attempt_000/truth.json"", ""artifacts/publication_campaign/tcc_calibration_confirmatory_v1/runs/PUB-02/shallow_short/rep_0009/attempt_000/worker_metadata.json""]",12.53286519422971,False,False
PUB-02__shallow_short__rep_0027,PUB-02,shallow_short,rep_0027,tcc_calibration_confirmatory_v1__PUB-02__shallow_short__rep_0027,"{""generation"": 2335296519, ""inference"": 2577523530, ""predictive"": 1366841146, ""resampling"": 3484413271}",artifacts/publication_campaign/tcc_calibration_confirmatory_v1/runs/PUB-02/shallow_short/rep_0027,COMPLETED_REJECTED,1,,artifacts/publication_campaign/tcc_calibration_confirmatory_v1/runs/PUB-02/shallow_short/rep_0027/attempt_000,"[""artifacts/publication_campaign/tcc_calibration_confirmatory_v1/runs/PUB-02/shallow_short/rep_0027/attempt_000/completion_manifest.json"", ""artifacts/publication_campaign/tcc_calibration_confirmatory_v1/runs/PUB-02/shallow_short/rep_0027/attempt_000/environment_preflight.json"", ""artifacts/publication_campaign/tcc_calibration_confirmatory_v1/runs/PUB-02/shallow_short/rep_0027/attempt_000/inference_command.json"", ""artifacts/publication_campaign/tcc_calibration_confirmatory_v1/runs/PUB-02/shallow_short/rep_0027/attempt_000/inference_config.json"", ""artifacts/publication_campaign/tcc_calibration_confirmatory_v1/runs/PUB-02/shallow_short/rep_0027/attempt_000/inference_started.json"", ""artifacts/publication_campaign/tcc_calibration_confirmatory_v1/runs/PUB-02/shallow_short/rep_0027/attempt_000/input.csv"", ""artifacts/publication_campaign/tcc_calibration_confirmatory_v1/runs/PUB-02/shallow_short/rep_0027/attempt_000/job.json"", ""artifacts/publication_campaign/tcc_calibration_confirmatory_v1/runs/PUB-02/shallow_short/rep_0027/attempt_000/predictive_summary.csv"", ""artifacts/publication_campaign/tcc_calibration_confirmatory_v1/runs/PUB-02/shallow_short/rep_0027/attempt_000/result.json"", ""artifacts/publication_campaign/tcc_calibration_confirmatory_v1/runs/PUB-02/shallow_short/rep_0027/attempt_000/sampler_summary.csv"", ""artifacts/publication_campaign/tcc_calibration_confirmatory_v1/runs/PUB-02/shallow_short/rep_0027/attempt_000/trace.nc"", ""artifacts/publication_campaign/tcc_calibration_confirmatory_v1/runs/PUB-02/shallow_short/rep_0027/attempt_000/truth.json"", ""artifacts/publication_campaign/tcc_calibration_confirmatory_v1/runs/PUB-02/shallow_short/rep_0027/attempt_000/worker_metadata.json""]",12.53286519422971,False,False
PUB-02__shallow_short__rep_0036,PUB-02,shallow_short,rep_0036,tcc_calibration_confirmatory_v1__PUB-02__shallow_short__rep_0036,"{""generation"": 130446800, ""inference"": 572523515, ""predictive"": 1954066778, ""resampling"": 2598003079}",artifacts/publication_campaign/tcc_calibration_confirmatory_v1/runs/PUB-02/shallow_short/rep_0036,COMPLETED_REJECTED,1,,artifacts/publication_campaign/tcc_calibration_confirmatory_v1/runs/PUB-02/shallow_short/rep_0036/attempt_000,"[""artifacts/publication_campaign/tcc_calibration_confirmatory_v1/runs/PUB-02/shallow_short/rep_0036/attempt_000/completion_manifest.json"", ""artifacts/publication_campaign/tcc_calibration_confirmatory_v1/runs/PUB-02/shallow_short/rep_0036/attempt_000/environment_preflight.json"", ""artifacts/publication_campaign/tcc_calibration_confirmatory_v1/runs/PUB-02/shallow_short/rep_0036/attempt_000/inference_command.json"", ""artifacts/publication_campaign/tcc_calibration_confirmatory_v1/runs/PUB-02/shallow_short/rep_0036/attempt_000/inference_config.json"", ""artifacts/publication_campaign/tcc_calibration_confirmatory_v1/runs/PUB-02/shallow_short/rep_0036/attempt_000/inference_started.json"", ""artifacts/publication_campaign/tcc_calibration_confirmatory_v1/runs/PUB-02/shallow_short/rep_0036/attempt_000/input.csv"", ""artifacts/publication_campaign/tcc_calibration_confirmatory_v1/runs/PUB-02/shallow_short/rep_0036/attempt_000/job.json"", ""artifacts/publication_campaign/tcc_calibration_confirmatory_v1/runs/PUB-02/shallow_short/rep_0036/attempt_000/predictive_summary.csv"", ""artifacts/publication_campaign/tcc_calibration_confirmatory_v1/runs/PUB-02/shallow_short/rep_0036/attempt_000/result.json"", ""artifacts/publication_campaign/tcc_calibration_confirmatory_v1/runs/PUB-02/shallow_short/rep_0036/attempt_000/sampler_summary.csv"", ""artifacts/publication_campaign/tcc_calibration_confirmatory_v1/runs/PUB-02/shallow_short/rep_0036/attempt_000/trace.nc"", ""artifacts/publication_campaign/tcc_calibration_confirmatory_v1/runs/PUB-02/shallow_short/rep_0036/attempt_000/truth.json"", ""artifacts/publication_campaign/tcc_calibration_confirmatory_v1/runs/PUB-02/shallow_short/rep_0036/attempt_000/worker_metadata.json""]",12.53286519422971,False,False
PUB-02__shallow_short__rep_0061,PUB-02,shallow_short,rep_0061,tcc_calibration_confirmatory_v1__PUB-02__shallow_short__rep_0061,"{""generation"": 1947333220, ""inference"": 310870958, ""predictive"": 2151547916, ""resampling"": 1888421819}",artifacts/publication_campaign/tcc_calibration_confirmatory_v1/runs/PUB-02/shallow_short/rep_0061,COMPLETED_REJECTED,1,,artifacts/publication_campaign/tcc_calibration_confirmatory_v1/runs/PUB-02/shallow_short/rep_0061/attempt_000,"[""artifacts/publication_campaign/tcc_calibration_confirmatory_v1/runs/PUB-02/shallow_short/rep_0061/attempt_000/completion_manifest.json"", ""artifacts/publication_campaign/tcc_calibration_confirmatory_v1/runs/PUB-02/shallow_short/rep_0061/attempt_000/environment_preflight.json"", ""artifacts/publication_campaign/tcc_calibration_confirmatory_v1/runs/PUB-02/shallow_short/rep_0061/attempt_000/inference_command.json"", ""artifacts/publication_campaign/tcc_calibration_confirmatory_v1/runs/PUB-02/shallow_short/rep_0061/attempt_000/inference_config.json"", ""artifacts/publication_campaign/tcc_calibration_confirmatory_v1/runs/PUB-02/shallow_short/rep_0061/attempt_000/inference_started.json"", ""artifacts/publication_campaign/tcc_calibration_confirmatory_v1/runs/PUB-02/shallow_short/rep_0061/attempt_000/input.csv"", ""artifacts/publication_campaign/tcc_calibration_confirmatory_v1/runs/PUB-02/shallow_short/rep_0061/attempt_000/job.json"", ""artifacts/publication_campaign/tcc_calibration_confirmatory_v1/runs/PUB-02/shallow_short/rep_0061/attempt_000/predictive_summary.csv"", ""artifacts/publication_campaign/tcc_calibration_confirmatory_v1/runs/PUB-02/shallow_short/rep_0061/attempt_000/result.json"", ""artifacts/publication_campaign/tcc_calibration_confirmatory_v1/runs/PUB-02/shallow_short/rep_0061/attempt_000/sampler_summary.csv"", ""artifacts/publication_campaign/tcc_calibration_confirmatory_v1/runs/PUB-02/shallow_short/rep_0061/attempt_000/trace.nc"", ""artifacts/publication_campaign/tcc_calibration_confirmatory_v1/runs/PUB-02/shallow_short/rep_0061/attempt_000/truth.json"", ""artifacts/publication_campaign/tcc_calibration_confirmatory_v1/runs/PUB-02/shallow_short/rep_0061/attempt_000/worker_metadata.json""]",12.53286519422971,False,False
PUB-02__shallow_short__rep_0068,PUB-02,shallow_short,rep_0068,tcc_calibration_confirmatory_v1__PUB-02__shallow_short__rep_0068,"{""generation"": 2848140862, ""inference"": 2793426491, ""predictive"": 2852250766, ""resampling"": 4258172199}",artifacts/publication_campaign/tcc_calibration_confirmatory_v1/runs/PUB-02/shallow_short/rep_0068,COMPLETED_REJECTED,1,,artifacts/publication_campaign/tcc_calibration_confirmatory_v1/runs/PUB-02/shallow_short/rep_0068/attempt_000,"[""artifacts/publication_campaign/tcc_calibration_confirmatory_v1/runs/PUB-02/shallow_short/rep_0068/attempt_000/completion_manifest.json"", ""artifacts/publication_campaign/tcc_calibration_confirmatory_v1/runs/PUB-02/shallow_short/rep_0068/attempt_000/environment_preflight.json"", ""artifacts/publication_campaign/tcc_calibration_confirmatory_v1/runs/PUB-02/shallow_short/rep_0068/attempt_000/inference_command.json"", ""artifacts/publication_campaign/tcc_calibration_confirmatory_v1/runs/PUB-02/shallow_short/rep_0068/attempt_000/inference_config.json"", ""artifacts/publication_campaign/tcc_calibration_confirmatory_v1/runs/PUB-02/shallow_short/rep_0068/attempt_000/inference_started.json"", ""artifacts/publication_campaign/tcc_calibration_confirmatory_v1/runs/PUB-02/shallow_short/rep_0068/attempt_000/input.csv"", ""artifacts/publication_campaign/tcc_calibration_confirmatory_v1/runs/PUB-02/shallow_short/rep_0068/attempt_000/job.json"", ""artifacts/publication_campaign/tcc_calibration_confirmatory_v1/runs/PUB-02/shallow_short/rep_0068/attempt_000/predictive_summary.csv"", ""artifacts/publication_campaign/tcc_calibration_confirmatory_v1/runs/PUB-02/shallow_short/rep_0068/attempt_000/result.json"", ""artifacts/publication_campaign/tcc_calibration_confirmatory_v1/runs/PUB-02/shallow_short/rep_0068/attempt_000/sampler_summary.csv"", ""artifacts/publication_campaign/tcc_calibration_confirmatory_v1/runs/PUB-02/shallow_short/rep_0068/attempt_000/trace.nc"", ""artifacts/publication_campaign/tcc_calibration_confirmatory_v1/runs/PUB-02/shallow_short/rep_0068/attempt_000/truth.json"", ""artifacts/publication_campaign/tcc_calibration_confirmatory_v1/runs/PUB-02/shallow_short/rep_0068/attempt_000/worker_metadata.json""]",12.53286519422971,False,False
PUB-02__shallow_short__rep_0073,PUB-02,shallow_short,rep_0073,tcc_calibration_confirmatory_v1__PUB-02__shallow_short__rep_0073,"{""generation"": 3355970815, ""inference"": 1993067198, ""predictive"": 1362909576, ""resampling"": 4245373804}",artifacts/publication_campaign/tcc_calibration_confirmatory_v1/runs/PUB-02/shallow_short/rep_0073,COMPLETED_REJECTED,1,,artifacts/publication_campaign/tcc_calibration_confirmatory_v1/runs/PUB-02/shallow_short/rep_0073/attempt_000,"[""artifacts/publication_campaign/tcc_calibration_confirmatory_v1/runs/PUB-02/shallow_short/rep_0073/attempt_000/completion_manifest.json"", ""artifacts/publication_campaign/tcc_calibration_confirmatory_v1/runs/PUB-02/shallow_short/rep_0073/attempt_000/environment_preflight.json"", ""artifacts/publication_campaign/tcc_calibration_confirmatory_v1/runs/PUB-02/shallow_short/rep_0073/attempt_000/inference_command.json"", ""artifacts/publication_campaign/tcc_calibration_confirmatory_v1/runs/PUB-02/shallow_short/rep_0073/attempt_000/inference_config.json"", ""artifacts/publication_campaign/tcc_calibration_confirmatory_v1/runs/PUB-02/shallow_short/rep_0073/attempt_000/inference_started.json"", ""artifacts/publication_campaign/tcc_calibration_confirmatory_v1/runs/PUB-02/shallow_short/rep_0073/attempt_000/input.csv"", ""artifacts/publication_campaign/tcc_calibration_confirmatory_v1/runs/PUB-02/shallow_short/rep_0073/attempt_000/job.json"", ""artifacts/publication_campaign/tcc_calibration_confirmatory_v1/runs/PUB-02/shallow_short/rep_0073/attempt_000/predictive_summary.csv"", ""artifacts/publication_campaign/tcc_calibration_confirmatory_v1/runs/PUB-02/shallow_short/rep_0073/attempt_000/result.json"", ""artifacts/publication_campaign/tcc_calibration_confirmatory_v1/runs/PUB-02/shallow_short/rep_0073/attempt_000/sampler_summary.csv"", ""artifacts/publication_campaign/tcc_calibration_confirmatory_v1/runs/PUB-02/shallow_short/rep_0073/attempt_000/trace.nc"", ""artifacts/publication_campaign/tcc_calibration_confirmatory_v1/runs/PUB-02/shallow_short/rep_0073/attempt_000/truth.json"", ""artifacts/publication_campaign/tcc_calibration_confirmatory_v1/runs/PUB-02/shallow_short/rep_0073/attempt_000/worker_metadata.json""]",12.53286519422971,False,False
PUB-02__near_limit_long__rep_0007,PUB-02,near_limit_long,rep_0007,tcc_calibration_confirmatory_v1__PUB-02__near_limit_long__rep_0007,"{""generation"": 3990449446, ""inference"": 1363124132, ""predictive"": 2034952880, ""resampling"": 3750353074}",artifacts/publication_campaign/tcc_calibration_confirmatory_v1/runs/PUB-02/near_limit_long/rep_0007,COMPLETED_REJECTED,1,,artifacts/publication_campaign/tcc_calibration_confirmatory_v1/runs/PUB-02/near_limit_long/rep_0007/attempt_000,"[""artifacts/publication_campaign/tcc_calibration_confirmatory_v1/runs/PUB-02/near_limit_long/rep_0007/attempt_000/completion_manifest.json"", ""artifacts/publication_campaign/tcc_calibration_confirmatory_v1/runs/PUB-02/near_limit_long/rep_0007/attempt_000/environment_preflight.json"", ""artifacts/publication_campaign/tcc_calibration_confirmatory_v1/runs/PUB-02/near_limit_long/rep_0007/attempt_000/inference_command.json"", ""artifacts/publication_campaign/tcc_calibration_confirmatory_v1/runs/PUB-02/near_limit_long/rep_0007/attempt_000/inference_config.json"", ""artifacts/publication_campaign/tcc_calibration_confirmatory_v1/runs/PUB-02/near_limit_long/rep_0007/attempt_000/inference_started.json"", ""artifacts/publication_campaign/tcc_calibration_confirmatory_v1/runs/PUB-02/near_limit_long/rep_0007/attempt_000/input.csv"", ""artifacts/publication_campaign/tcc_calibration_confirmatory_v1/runs/PUB-02/near_limit_long/rep_0007/attempt_000/job.json"", ""artifacts/publication_campaign/tcc_calibration_confirmatory_v1/runs/PUB-02/near_limit_long/rep_0007/attempt_000/predictive_summary.csv"", ""artifacts/publication_campaign/tcc_calibration_confirmatory_v1/runs/PUB-02/near_limit_long/rep_0007/attempt_000/result.json"", ""artifacts/publication_campaign/tcc_calibration_confirmatory_v1/runs/PUB-02/near_limit_long/rep_0007/attempt_000/sampler_summary.csv"", ""artifacts/publication_campaign/tcc_calibration_confirmatory_v1/runs/PUB-02/near_limit_long/rep_0007/attempt_000/trace.nc"", ""artifacts/publication_campaign/tcc_calibration_confirmatory_v1/runs/PUB-02/near_limit_long/rep_0007/attempt_000/truth.json"", ""artifacts/publication_campaign/tcc_calibration_confirmatory_v1/runs/PUB-02/near_limit_long/rep_0007/attempt_000/worker_metadata.json""]",0.47044871064209004,False,False
PUB-02__near_limit_long__rep_0014,PUB-02,near_limit_long,rep_0014,tcc_calibration_confirmatory_v1__PUB-02__near_limit_long__rep_0014,"{""generation"": 3601017536, ""inference"": 2044088947, ""predictive"": 4160621288, ""resampling"": 2673072148}",artifacts/publication_campaign/tcc_calibration_confirmatory_v1/runs/PUB-02/near_limit_long/rep_0014,COMPLETED_REJECTED,1,,artifacts/publication_campaign/tcc_calibration_confirmatory_v1/runs/PUB-02/near_limit_long/rep_0014/attempt_000,"[""artifacts/publication_campaign/tcc_calibration_confirmatory_v1/runs/PUB-02/near_limit_long/rep_0014/attempt_000/completion_manifest.json"", ""artifacts/publication_campaign/tcc_calibration_confirmatory_v1/runs/PUB-02/near_limit_long/rep_0014/attempt_000/environment_preflight.json"", ""artifacts/publication_campaign/tcc_calibration_confirmatory_v1/runs/PUB-02/near_limit_long/rep_0014/attempt_000/inference_command.json"", ""artifacts/publication_campaign/tcc_calibration_confirmatory_v1/runs/PUB-02/near_limit_long/rep_0014/attempt_000/inference_config.json"", ""artifacts/publication_campaign/tcc_calibration_confirmatory_v1/runs/PUB-02/near_limit_long/rep_0014/attempt_000/inference_started.json"", ""artifacts/publication_campaign/tcc_calibration_confirmatory_v1/runs/PUB-02/near_limit_long/rep_0014/attempt_000/input.csv"", ""artifacts/publication_campaign/tcc_calibration_confirmatory_v1/runs/PUB-02/near_limit_long/rep_0014/attempt_000/job.json"", ""artifacts/publication_campaign/tcc_calibration_confirmatory_v1/runs/PUB-02/near_limit_long/rep_0014/attempt_000/predictive_summary.csv"", ""artifacts/publication_campaign/tcc_calibration_confirmatory_v1/runs/PUB-02/near_limit_long/rep_0014/attempt_000/result.json"", ""artifacts/publication_campaign/tcc_calibration_confirmatory_v1/runs/PUB-02/near_limit_long/rep_0014/attempt_000/sampler_summary.csv"", ""artifacts/publication_campaign/tcc_calibration_confirmatory_v1/runs/PUB-02/near_limit_long/rep_0014/attempt_000/trace.nc"", ""artifacts/publication_campaign/tcc_calibration_confirmatory_v1/runs/PUB-02/near_limit_long/rep_0014/attempt_000/truth.json"", ""artifacts/publication_campaign/tcc_calibration_confirmatory_v1/runs/PUB-02/near_limit_long/rep_0014/attempt_000/worker_metadata.json""]",0.47044871064209004,False,False
PUB-02__near_limit_long__rep_0029,PUB-02,near_limit_long,rep_0029,tcc_calibration_confirmatory_v1__PUB-02__near_limit_long__rep_0029,"{""generation"": 1530162551, ""inference"": 2858541761, ""predictive"": 3165938842, ""resampling"": 734821534}",artifacts/publication_campaign/tcc_calibration_confirmatory_v1/runs/PUB-02/near_limit_long/rep_0029,COMPLETED_REJECTED,1,,artifacts/publication_campaign/tcc_calibration_confirmatory_v1/runs/PUB-02/near_limit_long/rep_0029/attempt_000,"[""artifacts/publication_campaign/tcc_calibration_confirmatory_v1/runs/PUB-02/near_limit_long/rep_0029/attempt_000/completion_manifest.json"", ""artifacts/publication_campaign/tcc_calibration_confirmatory_v1/runs/PUB-02/near_limit_long/rep_0029/attempt_000/environment_preflight.json"", ""artifacts/publication_campaign/tcc_calibration_confirmatory_v1/runs/PUB-02/near_limit_long/rep_0029/attempt_000/inference_command.json"", ""artifacts/publication_campaign/tcc_calibration_confirmatory_v1/runs/PUB-02/near_limit_long/rep_0029/attempt_000/inference_config.json"", ""artifacts/publication_campaign/tcc_calibration_confirmatory_v1/runs/PUB-02/near_limit_long/rep_0029/attempt_000/inference_started.json"", ""artifacts/publication_campaign/tcc_calibration_confirmatory_v1/runs/PUB-02/near_limit_long/rep_0029/attempt_000/input.csv"", ""artifacts/publication_campaign/tcc_calibration_confirmatory_v1/runs/PUB-02/near_limit_long/rep_0029/attempt_000/job.json"", ""artifacts/publication_campaign/tcc_calibration_confirmatory_v1/runs/PUB-02/near_limit_long/rep_0029/attempt_000/predictive_summary.csv"", ""artifacts/publication_campaign/tcc_calibration_confirmatory_v1/runs/PUB-02/near_limit_long/rep_0029/attempt_000/result.json"", ""artifacts/publication_campaign/tcc_calibration_confirmatory_v1/runs/PUB-02/near_limit_long/rep_0029/attempt_000/sampler_summary.csv"", ""artifacts/publication_campaign/tcc_calibration_confirmatory_v1/runs/PUB-02/near_limit_long/rep_0029/attempt_000/trace.nc"", ""artifacts/publication_campaign/tcc_calibration_confirmatory_v1/runs/PUB-02/near_limit_long/rep_0029/attempt_000/truth.json"", ""artifacts/publication_campaign/tcc_calibration_confirmatory_v1/runs/PUB-02/near_limit_long/rep_0029/attempt_000/worker_metadata.json""]",0.47044871064209004,False,False
PUB-02__near_limit_long__rep_0034,PUB-02,near_limit_long,rep_0034,tcc_calibration_confirmatory_v1__PUB-02__near_limit_long__rep_0034,"{""generation"": 2311457767, ""inference"": 2523201308, ""predictive"": 1020281994, ""resampling"": 3844953389}",artifacts/publication_campaign/tcc_calibration_confirmatory_v1/runs/PUB-02/near_limit_long/rep_0034,COMPLETED_REJECTED,1,,artifacts/publication_campaign/tcc_calibration_confirmatory_v1/runs/PUB-02/near_limit_long/rep_0034/attempt_000,"[""artifacts/publication_campaign/tcc_calibration_confirmatory_v1/runs/PUB-02/near_limit_long/rep_0034/attempt_000/completion_manifest.json"", ""artifacts/publication_campaign/tcc_calibration_confirmatory_v1/runs/PUB-02/near_limit_long/rep_0034/attempt_000/environment_preflight.json"", ""artifacts/publication_campaign/tcc_calibration_confirmatory_v1/runs/PUB-02/near_limit_long/rep_0034/attempt_000/inference_command.json"", ""artifacts/publication_campaign/tcc_calibration_confirmatory_v1/runs/PUB-02/near_limit_long/rep_0034/attempt_000/inference_config.json"", ""artifacts/publication_campaign/tcc_calibration_confirmatory_v1/runs/PUB-02/near_limit_long/rep_0034/attempt_000/inference_started.json"", ""artifacts/publication_campaign/tcc_calibration_confirmatory_v1/runs/PUB-02/near_limit_long/rep_0034/attempt_000/input.csv"", ""artifacts/publication_campaign/tcc_calibration_confirmatory_v1/runs/PUB-02/near_limit_long/rep_0034/attempt_000/job.json"", ""artifacts/publication_campaign/tcc_calibration_confirmatory_v1/runs/PUB-02/near_limit_long/rep_0034/attempt_000/predictive_summary.csv"", ""artifacts/publication_campaign/tcc_calibration_confirmatory_v1/runs/PUB-02/near_limit_long/rep_0034/attempt_000/result.json"", ""artifacts/publication_campaign/tcc_calibration_confirmatory_v1/runs/PUB-02/near_limit_long/rep_0034/attempt_000/sampler_summary.csv"", ""artifacts/publication_campaign/tcc_calibration_confirmatory_v1/runs/PUB-02/near_limit_long/rep_0034/attempt_000/trace.nc"", ""artifacts/publication_campaign/tcc_calibration_confirmatory_v1/runs/PUB-02/near_limit_long/rep_0034/attempt_000/truth.json"", ""artifacts/publication_campaign/tcc_calibration_confirmatory_v1/runs/PUB-02/near_limit_long/rep_0034/attempt_000/worker_metadata.json""]",0.47044871064209004,False,False
PUB-02__near_limit_long__rep_0037,PUB-02,near_limit_long,rep_0037,tcc_calibration_confirmatory_v1__PUB-02__near_limit_long__rep_0037,"{""generation"": 4059020565, ""inference"": 3677698561, ""predictive"": 1844867096, ""resampling"": 940729923}",artifacts/publication_campaign/tcc_calibration_confirmatory_v1/runs/PUB-02/near_limit_long/rep_0037,COMPLETED_REJECTED,1,,artifacts/publication_campaign/tcc_calibration_confirmatory_v1/runs/PUB-02/near_limit_long/rep_0037/attempt_000,"[""artifacts/publication_campaign/tcc_calibration_confirmatory_v1/runs/PUB-02/near_limit_long/rep_0037/attempt_000/completion_manifest.json"", ""artifacts/publication_campaign/tcc_calibration_confirmatory_v1/runs/PUB-02/near_limit_long/rep_0037/attempt_000/environment_preflight.json"", ""artifacts/publication_campaign/tcc_calibration_confirmatory_v1/runs/PUB-02/near_limit_long/rep_0037/attempt_000/inference_command.json"", ""artifacts/publication_campaign/tcc_calibration_confirmatory_v1/runs/PUB-02/near_limit_long/rep_0037/attempt_000/inference_config.json"", ""artifacts/publication_campaign/tcc_calibration_confirmatory_v1/runs/PUB-02/near_limit_long/rep_0037/attempt_000/inference_started.json"", ""artifacts/publication_campaign/tcc_calibration_confirmatory_v1/runs/PUB-02/near_limit_long/rep_0037/attempt_000/input.csv"", ""artifacts/publication_campaign/tcc_calibration_confirmatory_v1/runs/PUB-02/near_limit_long/rep_0037/attempt_000/job.json"", ""artifacts/publication_campaign/tcc_calibration_confirmatory_v1/runs/PUB-02/near_limit_long/rep_0037/attempt_000/predictive_summary.csv"", ""artifacts/publication_campaign/tcc_calibration_confirmatory_v1/runs/PUB-02/near_limit_long/rep_0037/attempt_000/result.json"", ""artifacts/publication_campaign/tcc_calibration_confirmatory_v1/runs/PUB-02/near_limit_long/rep_0037/attempt_000/sampler_summary.csv"", ""artifacts/publication_campaign/tcc_calibration_confirmatory_v1/runs/PUB-02/near_limit_long/rep_0037/attempt_000/trace.nc"", ""artifacts/publication_campaign/tcc_calibration_confirmatory_v1/runs/PUB-02/near_limit_long/rep_0037/attempt_000/truth.json"", ""artifacts/publication_campaign/tcc_calibration_confirmatory_v1/runs/PUB-02/near_limit_long/rep_0037/attempt_000/worker_metadata.json""]",0.47044871064209004,False,False
PUB-02__near_limit_long__rep_0039,PUB-02,near_limit_long,rep_0039,tcc_calibration_confirmatory_v1__PUB-02__near_limit_long__rep_0039,"{""generation"": 1924468348, ""inference"": 3417813358, ""predictive"": 331348559, ""resampling"": 302068315}",artifacts/publication_campaign/tcc_calibration_confirmatory_v1/runs/PUB-02/near_limit_long/rep_0039,COMPLETED_REJECTED,1,,artifacts/publication_campaign/tcc_calibration_confirmatory_v1/runs/PUB-02/near_limit_long/rep_0039/attempt_000,"[""artifacts/publication_campaign/tcc_calibration_confirmatory_v1/runs/PUB-02/near_limit_long/rep_0039/attempt_000/completion_manifest.json"", ""artifacts/publication_campaign/tcc_calibration_confirmatory_v1/runs/PUB-02/near_limit_long/rep_0039/attempt_000/environment_preflight.json"", ""artifacts/publication_campaign/tcc_calibration_confirmatory_v1/runs/PUB-02/near_limit_long/rep_0039/attempt_000/inference_command.json"", ""artifacts/publication_campaign/tcc_calibration_confirmatory_v1/runs/PUB-02/near_limit_long/rep_0039/attempt_000/inference_config.json"", ""artifacts/publication_campaign/tcc_calibration_confirmatory_v1/runs/PUB-02/near_limit_long/rep_0039/attempt_000/inference_started.json"", ""artifacts/publication_campaign/tcc_calibration_confirmatory_v1/runs/PUB-02/near_limit_long/rep_0039/attempt_000/input.csv"", ""artifacts/publication_campaign/tcc_calibration_confirmatory_v1/runs/PUB-02/near_limit_long/rep_0039/attempt_000/job.json"", ""artifacts/publication_campaign/tcc_calibration_confirmatory_v1/runs/PUB-02/near_limit_long/rep_0039/attempt_000/predictive_summary.csv"", ""artifacts/publication_campaign/tcc_calibration_confirmatory_v1/runs/PUB-02/near_limit_long/rep_0039/attempt_000/result.json"", ""artifacts/publication_campaign/tcc_calibration_confirmatory_v1/runs/PUB-02/near_limit_long/rep_0039/attempt_000/sampler_summary.csv"", ""artifacts/publication_campaign/tcc_calibration_confirmatory_v1/runs/PUB-02/near_limit_long/rep_0039/attempt_000/trace.nc"", ""artifacts/publication_campaign/tcc_calibration_confirmatory_v1/runs/PUB-02/near_limit_long/rep_0039/attempt_000/truth.json"", ""artifacts/publication_campaign/tcc_calibration_confirmatory_v1/runs/PUB-02/near_limit_long/rep_0039/attempt_000/worker_metadata.json""]",0.47044871064209004,False,False
PUB-02__near_limit_long__rep_0042,PUB-02,near_limit_long,rep_0042,tcc_calibration_confirmatory_v1__PUB-02__near_limit_long__rep_0042,"{""generation"": 3001288920, ""inference"": 1547932785, ""predictive"": 259393029, ""resampling"": 3258850813}",artifacts/publication_campaign/tcc_calibration_confirmatory_v1/runs/PUB-02/near_limit_long/rep_0042,COMPLETED_REJECTED,1,,artifacts/publication_campaign/tcc_calibration_confirmatory_v1/runs/PUB-02/near_limit_long/rep_0042/attempt_000,"[""artifacts/publication_campaign/tcc_calibration_confirmatory_v1/runs/PUB-02/near_limit_long/rep_0042/attempt_000/completion_manifest.json"", ""artifacts/publication_campaign/tcc_calibration_confirmatory_v1/runs/PUB-02/near_limit_long/rep_0042/attempt_000/environment_preflight.json"", ""artifacts/publication_campaign/tcc_calibration_confirmatory_v1/runs/PUB-02/near_limit_long/rep_0042/attempt_000/inference_command.json"", ""artifacts/publication_campaign/tcc_calibration_confirmatory_v1/runs/PUB-02/near_limit_long/rep_0042/attempt_000/inference_config.json"", ""artifacts/publication_campaign/tcc_calibration_confirmatory_v1/runs/PUB-02/near_limit_long/rep_0042/attempt_000/inference_started.json"", ""artifacts/publication_campaign/tcc_calibration_confirmatory_v1/runs/PUB-02/near_limit_long/rep_0042/attempt_000/input.csv"", ""artifacts/publication_campaign/tcc_calibration_confirmatory_v1/runs/PUB-02/near_limit_long/rep_0042/attempt_000/job.json"", ""artifacts/publication_campaign/tcc_calibration_confirmatory_v1/runs/PUB-02/near_limit_long/rep_0042/attempt_000/predictive_summary.csv"", ""artifacts/publication_campaign/tcc_calibration_confirmatory_v1/runs/PUB-02/near_limit_long/rep_0042/attempt_000/result.json"", ""artifacts/publication_campaign/tcc_calibration_confirmatory_v1/runs/PUB-02/near_limit_long/rep_0042/attempt_000/sampler_summary.csv"", ""artifacts/publication_campaign/tcc_calibration_confirmatory_v1/runs/PUB-02/near_limit_long/rep_0042/attempt_000/trace.nc"", ""artifacts/publication_campaign/tcc_calibration_confirmatory_v1/runs/PUB-02/near_limit_long/rep_0042/attempt_000/truth.json"", ""artifacts/publication_campaign/tcc_calibration_confirmatory_v1/runs/PUB-02/near_limit_long/rep_0042/attempt_000/worker_metadata.json""]",0.47044871064209004,False,False
PUB-02__near_limit_long__rep_0050,PUB-02,near_limit_long,rep_0050,tcc_calibration_confirmatory_v1__PUB-02__near_limit_long__rep_0050,"{""generation"": 2201532591, ""inference"": 1552278926, ""predictive"": 1505238215, ""resampling"": 780660422}",artifacts/publication_campaign/tcc_calibration_confirmatory_v1/runs/PUB-02/near_limit_long/rep_0050,COMPLETED_REJECTED,1,,artifacts/publication_campaign/tcc_calibration_confirmatory_v1/runs/PUB-02/near_limit_long/rep_0050/attempt_000,"[""artifacts/publication_campaign/tcc_calibration_confirmatory_v1/runs/PUB-02/near_limit_long/rep_0050/attempt_000/completion_manifest.json"", ""artifacts/publication_campaign/tcc_calibration_confirmatory_v1/runs/PUB-02/near_limit_long/rep_0050/attempt_000/environment_preflight.json"", ""artifacts/publication_campaign/tcc_calibration_confirmatory_v1/runs/PUB-02/near_limit_long/rep_0050/attempt_000/inference_command.json"", ""artifacts/publication_campaign/tcc_calibration_confirmatory_v1/runs/PUB-02/near_limit_long/rep_0050/attempt_000/inference_config.json"", ""artifacts/publication_campaign/tcc_calibration_confirmatory_v1/runs/PUB-02/near_limit_long/rep_0050/attempt_000/inference_started.json"", ""artifacts/publication_campaign/tcc_calibration_confirmatory_v1/runs/PUB-02/near_limit_long/rep_0050/attempt_000/input.csv"", ""artifacts/publication_campaign/tcc_calibration_confirmatory_v1/runs/PUB-02/near_limit_long/rep_0050/attempt_000/job.json"", ""artifacts/publication_campaign/tcc_calibration_confirmatory_v1/runs/PUB-02/near_limit_long/rep_0050/attempt_000/predictive_summary.csv"", ""artifacts/publication_campaign/tcc_calibration_confirmatory_v1/runs/PUB-02/near_limit_long/rep_0050/attempt_000/result.json"", ""artifacts/publication_campaign/tcc_calibration_confirmatory_v1/runs/PUB-02/near_limit_long/rep_0050/attempt_000/sampler_summary.csv"", ""artifacts/publication_campaign/tcc_calibration_confirmatory_v1/runs/PUB-02/near_limit_long/rep_0050/attempt_000/trace.nc"", ""artifacts/publication_campaign/tcc_calibration_confirmatory_v1/runs/PUB-02/near_limit_long/rep_0050/attempt_000/truth.json"", ""artifacts/publication_campaign/tcc_calibration_confirmatory_v1/runs/PUB-02/near_limit_long/rep_0050/attempt_000/worker_metadata.json""]",0.47044871064209004,False,False
PUB-02__near_limit_long__rep_0051,PUB-02,near_limit_long,rep_0051,tcc_calibration_confirmatory_v1__PUB-02__near_limit_long__rep_0051,"{""generation"": 139107992, ""inference"": 2991695619, ""predictive"": 233072348, ""resampling"": 4105934478}",artifacts/publication_campaign/tcc_calibration_confirmatory_v1/runs/PUB-02/near_limit_long/rep_0051,COMPLETED_REJECTED,1,,artifacts/publication_campaign/tcc_calibration_confirmatory_v1/runs/PUB-02/near_limit_long/rep_0051/attempt_000,"[""artifacts/publication_campaign/tcc_calibration_confirmatory_v1/runs/PUB-02/near_limit_long/rep_0051/attempt_000/completion_manifest.json"", ""artifacts/publication_campaign/tcc_calibration_confirmatory_v1/runs/PUB-02/near_limit_long/rep_0051/attempt_000/environment_preflight.json"", ""artifacts/publication_campaign/tcc_calibration_confirmatory_v1/runs/PUB-02/near_limit_long/rep_0051/attempt_000/inference_command.json"", ""artifacts/publication_campaign/tcc_calibration_confirmatory_v1/runs/PUB-02/near_limit_long/rep_0051/attempt_000/inference_config.json"", ""artifacts/publication_campaign/tcc_calibration_confirmatory_v1/runs/PUB-02/near_limit_long/rep_0051/attempt_000/inference_started.json"", ""artifacts/publication_campaign/tcc_calibration_confirmatory_v1/runs/PUB-02/near_limit_long/rep_0051/attempt_000/input.csv"", ""artifacts/publication_campaign/tcc_calibration_confirmatory_v1/runs/PUB-02/near_limit_long/rep_0051/attempt_000/job.json"", ""artifacts/publication_campaign/tcc_calibration_confirmatory_v1/runs/PUB-02/near_limit_long/rep_0051/attempt_000/predictive_summary.csv"", ""artifacts/publication_campaign/tcc_calibration_confirmatory_v1/runs/PUB-02/near_limit_long/rep_0051/attempt_000/result.json"", ""artifacts/publication_campaign/tcc_calibration_confirmatory_v1/runs/PUB-02/near_limit_long/rep_0051/attempt_000/sampler_summary.csv"", ""artifacts/publication_campaign/tcc_calibration_confirmatory_v1/runs/PUB-02/near_limit_long/rep_0051/attempt_000/trace.nc"", ""artifacts/publication_campaign/tcc_calibration_confirmatory_v1/runs/PUB-02/near_limit_long/rep_0051/attempt_000/truth.json"", ""artifacts/publication_campaign/tcc_calibration_confirmatory_v1/runs/PUB-02/near_limit_long/rep_0051/attempt_000/worker_metadata.json""]",0.47044871064209004,False,False
PUB-02__near_limit_long__rep_0065,PUB-02,near_limit_long,rep_0065,tcc_calibration_confirmatory_v1__PUB-02__near_limit_long__rep_0065,"{""generation"": 1177122726, ""inference"": 1922494849, ""predictive"": 928517992, ""resampling"": 826158629}",artifacts/publication_campaign/tcc_calibration_confirmatory_v1/runs/PUB-02/near_limit_long/rep_0065,COMPLETED_REJECTED,1,,artifacts/publication_campaign/tcc_calibration_confirmatory_v1/runs/PUB-02/near_limit_long/rep_0065/attempt_000,"[""artifacts/publication_campaign/tcc_calibration_confirmatory_v1/runs/PUB-02/near_limit_long/rep_0065/attempt_000/completion_manifest.json"", ""artifacts/publication_campaign/tcc_calibration_confirmatory_v1/runs/PUB-02/near_limit_long/rep_0065/attempt_000/environment_preflight.json"", ""artifacts/publication_campaign/tcc_calibration_confirmatory_v1/runs/PUB-02/near_limit_long/rep_0065/attempt_000/inference_command.json"", ""artifacts/publication_campaign/tcc_calibration_confirmatory_v1/runs/PUB-02/near_limit_long/rep_0065/attempt_000/inference_config.json"", ""artifacts/publication_campaign/tcc_calibration_confirmatory_v1/runs/PUB-02/near_limit_long/rep_0065/attempt_000/inference_started.json"", ""artifacts/publication_campaign/tcc_calibration_confirmatory_v1/runs/PUB-02/near_limit_long/rep_0065/attempt_000/input.csv"", ""artifacts/publication_campaign/tcc_calibration_confirmatory_v1/runs/PUB-02/near_limit_long/rep_0065/attempt_000/job.json"", ""artifacts/publication_campaign/tcc_calibration_confirmatory_v1/runs/PUB-02/near_limit_long/rep_0065/attempt_000/predictive_summary.csv"", ""artifacts/publication_campaign/tcc_calibration_confirmatory_v1/runs/PUB-02/near_limit_long/rep_0065/attempt_000/result.json"", ""artifacts/publication_campaign/tcc_calibration_confirmatory_v1/runs/PUB-02/near_limit_long/rep_0065/attempt_000/sampler_summary.csv"", ""artifacts/publication_campaign/tcc_calibration_confirmatory_v1/runs/PUB-02/near_limit_long/rep_0065/attempt_000/trace.nc"", ""artifacts/publication_campaign/tcc_calibration_confirmatory_v1/runs/PUB-02/near_limit_long/rep_0065/attempt_000/truth.json"", ""artifacts/publication_campaign/tcc_calibration_confirmatory_v1/runs/PUB-02/near_limit_long/rep_0065/attempt_000/worker_metadata.json""]",0.47044871064209004,False,False
PUB-02__near_limit_long__rep_0066,PUB-02,near_limit_long,rep_0066,tcc_calibration_confirmatory_v1__PUB-02__near_limit_long__rep_0066,"{""generation"": 1456410243, ""inference"": 2210362213, ""predictive"": 981244206, ""resampling"": 1922500832}",artifacts/publication_campaign/tcc_calibration_confirmatory_v1/runs/PUB-02/near_limit_long/rep_0066,COMPLETED_REJECTED,1,,artifacts/publication_campaign/tcc_calibration_confirmatory_v1/runs/PUB-02/near_limit_long/rep_0066/attempt_000,"[""artifacts/publication_campaign/tcc_calibration_confirmatory_v1/runs/PUB-02/near_limit_long/rep_0066/attempt_000/completion_manifest.json"", ""artifacts/publication_campaign/tcc_calibration_confirmatory_v1/runs/PUB-02/near_limit_long/rep_0066/attempt_000/environment_preflight.json"", ""artifacts/publication_campaign/tcc_calibration_confirmatory_v1/runs/PUB-02/near_limit_long/rep_0066/attempt_000/inference_command.json"", ""artifacts/publication_campaign/tcc_calibration_confirmatory_v1/runs/PUB-02/near_limit_long/rep_0066/attempt_000/inference_config.json"", ""artifacts/publication_campaign/tcc_calibration_confirmatory_v1/runs/PUB-02/near_limit_long/rep_0066/attempt_000/inference_started.json"", ""artifacts/publication_campaign/tcc_calibration_confirmatory_v1/runs/PUB-02/near_limit_long/rep_0066/attempt_000/input.csv"", ""artifacts/publication_campaign/tcc_calibration_confirmatory_v1/runs/PUB-02/near_limit_long/rep_0066/attempt_000/job.json"", ""artifacts/publication_campaign/tcc_calibration_confirmatory_v1/runs/PUB-02/near_limit_long/rep_0066/attempt_000/predictive_summary.csv"", ""artifacts/publication_campaign/tcc_calibration_confirmatory_v1/runs/PUB-02/near_limit_long/rep_0066/attempt_000/result.json"", ""artifacts/publication_campaign/tcc_calibration_confirmatory_v1/runs/PUB-02/near_limit_long/rep_0066/attempt_000/sampler_summary.csv"", ""artifacts/publication_campaign/tcc_calibration_confirmatory_v1/runs/PUB-02/near_limit_long/rep_0066/attempt_000/trace.nc"", ""artifacts/publication_campaign/tcc_calibration_confirmatory_v1/runs/PUB-02/near_limit_long/rep_0066/attempt_000/truth.json"", ""artifacts/publication_campaign/tcc_calibration_confirmatory_v1/runs/PUB-02/near_limit_long/rep_0066/attempt_000/worker_metadata.json""]",0.47044871064209004,False,False
PUB-02__near_limit_long__rep_0073,PUB-02,near_limit_long,rep_0073,tcc_calibration_confirmatory_v1__PUB-02__near_limit_long__rep_0073,"{""generation"": 705196972, ""inference"": 412146083, ""predictive"": 2168385265, ""resampling"": 2707616547}",artifacts/publication_campaign/tcc_calibration_confirmatory_v1/runs/PUB-02/near_limit_long/rep_0073,COMPLETED_REJECTED,1,,artifacts/publication_campaign/tcc_calibration_confirmatory_v1/runs/PUB-02/near_limit_long/rep_0073/attempt_000,"[""artifacts/publication_campaign/tcc_calibration_confirmatory_v1/runs/PUB-02/near_limit_long/rep_0073/attempt_000/completion_manifest.json"", ""artifacts/publication_campaign/tcc_calibration_confirmatory_v1/runs/PUB-02/near_limit_long/rep_0073/attempt_000/environment_preflight.json"", ""artifacts/publication_campaign/tcc_calibration_confirmatory_v1/runs/PUB-02/near_limit_long/rep_0073/attempt_000/inference_command.json"", ""artifacts/publication_campaign/tcc_calibration_confirmatory_v1/runs/PUB-02/near_limit_long/rep_0073/attempt_000/inference_config.json"", ""artifacts/publication_campaign/tcc_calibration_confirmatory_v1/runs/PUB-02/near_limit_long/rep_0073/attempt_000/inference_started.json"", ""artifacts/publication_campaign/tcc_calibration_confirmatory_v1/runs/PUB-02/near_limit_long/rep_0073/attempt_000/input.csv"", ""artifacts/publication_campaign/tcc_calibration_confirmatory_v1/runs/PUB-02/near_limit_long/rep_0073/attempt_000/job.json"", ""artifacts/publication_campaign/tcc_calibration_confirmatory_v1/runs/PUB-02/near_limit_long/rep_0073/attempt_000/predictive_summary.csv"", ""artifacts/publication_campaign/tcc_calibration_confirmatory_v1/runs/PUB-02/near_limit_long/rep_0073/attempt_000/result.json"", ""artifacts/publication_campaign/tcc_calibration_confirmatory_v1/runs/PUB-02/near_limit_long/rep_0073/attempt_000/sampler_summary.csv"", ""artifacts/publication_campaign/tcc_calibration_confirmatory_v1/runs/PUB-02/near_limit_long/rep_0073/attempt_000/trace.nc"", ""artifacts/publication_campaign/tcc_calibration_confirmatory_v1/runs/PUB-02/near_limit_long/rep_0073/attempt_000/truth.json"", ""artifacts/publication_campaign/tcc_calibration_confirmatory_v1/runs/PUB-02/near_limit_long/rep_0073/attempt_000/worker_metadata.json""]",0.47044871064209004,False,False
PUB-02__near_limit_long__rep_0075,PUB-02,near_limit_long,rep_0075,tcc_calibration_confirmatory_v1__PUB-02__near_limit_long__rep_0075,"{""generation"": 3517076825, ""inference"": 2127871602, ""predictive"": 2845934380, ""resampling"": 3863594347}",artifacts/publication_campaign/tcc_calibration_confirmatory_v1/runs/PUB-02/near_limit_long/rep_0075,COMPLETED_REJECTED,1,,artifacts/publication_campaign/tcc_calibration_confirmatory_v1/runs/PUB-02/near_limit_long/rep_0075/attempt_000,"[""artifacts/publication_campaign/tcc_calibration_confirmatory_v1/runs/PUB-02/near_limit_long/rep_0075/attempt_000/completion_manifest.json"", ""artifacts/publication_campaign/tcc_calibration_confirmatory_v1/runs/PUB-02/near_limit_long/rep_0075/attempt_000/environment_preflight.json"", ""artifacts/publication_campaign/tcc_calibration_confirmatory_v1/runs/PUB-02/near_limit_long/rep_0075/attempt_000/inference_command.json"", ""artifacts/publication_campaign/tcc_calibration_confirmatory_v1/runs/PUB-02/near_limit_long/rep_0075/attempt_000/inference_config.json"", ""artifacts/publication_campaign/tcc_calibration_confirmatory_v1/runs/PUB-02/near_limit_long/rep_0075/attempt_000/inference_started.json"", ""artifacts/publication_campaign/tcc_calibration_confirmatory_v1/runs/PUB-02/near_limit_long/rep_0075/attempt_000/input.csv"", ""artifacts/publication_campaign/tcc_calibration_confirmatory_v1/runs/PUB-02/near_limit_long/rep_0075/attempt_000/job.json"", ""artifacts/publication_campaign/tcc_calibration_confirmatory_v1/runs/PUB-02/near_limit_long/rep_0075/attempt_000/predictive_summary.csv"", ""artifacts/publication_campaign/tcc_calibration_confirmatory_v1/runs/PUB-02/near_limit_long/rep_0075/attempt_000/result.json"", ""artifacts/publication_campaign/tcc_calibration_confirmatory_v1/runs/PUB-02/near_limit_long/rep_0075/attempt_000/sampler_summary.csv"", ""artifacts/publication_campaign/tcc_calibration_confirmatory_v1/runs/PUB-02/near_limit_long/rep_0075/attempt_000/trace.nc"", ""artifacts/publication_campaign/tcc_calibration_confirmatory_v1/runs/PUB-02/near_limit_long/rep_0075/attempt_000/truth.json"", ""artifacts/publication_campaign/tcc_calibration_confirmatory_v1/runs/PUB-02/near_limit_long/rep_0075/attempt_000/worker_metadata.json""]",0.47044871064209004,False,False
PUB-02__near_limit_long__rep_0087,PUB-02,near_limit_long,rep_0087,tcc_calibration_confirmatory_v1__PUB-02__near_limit_long__rep_0087,"{""generation"": 3048736737, ""inference"": 1277526920, ""predictive"": 3963082972, ""resampling"": 1022796129}",artifacts/publication_campaign/tcc_calibration_confirmatory_v1/runs/PUB-02/near_limit_long/rep_0087,COMPLETED_REJECTED,1,,artifacts/publication_campaign/tcc_calibration_confirmatory_v1/runs/PUB-02/near_limit_long/rep_0087/attempt_000,"[""artifacts/publication_campaign/tcc_calibration_confirmatory_v1/runs/PUB-02/near_limit_long/rep_0087/attempt_000/completion_manifest.json"", ""artifacts/publication_campaign/tcc_calibration_confirmatory_v1/runs/PUB-02/near_limit_long/rep_0087/attempt_000/environment_preflight.json"", ""artifacts/publication_campaign/tcc_calibration_confirmatory_v1/runs/PUB-02/near_limit_long/rep_0087/attempt_000/inference_command.json"", ""artifacts/publication_campaign/tcc_calibration_confirmatory_v1/runs/PUB-02/near_limit_long/rep_0087/attempt_000/inference_config.json"", ""artifacts/publication_campaign/tcc_calibration_confirmatory_v1/runs/PUB-02/near_limit_long/rep_0087/attempt_000/inference_started.json"", ""artifacts/publication_campaign/tcc_calibration_confirmatory_v1/runs/PUB-02/near_limit_long/rep_0087/attempt_000/input.csv"", ""artifacts/publication_campaign/tcc_calibration_confirmatory_v1/runs/PUB-02/near_limit_long/rep_0087/attempt_000/job.json"", ""artifacts/publication_campaign/tcc_calibration_confirmatory_v1/runs/PUB-02/near_limit_long/rep_0087/attempt_000/predictive_summary.csv"", ""artifacts/publication_campaign/tcc_calibration_confirmatory_v1/runs/PUB-02/near_limit_long/rep_0087/attempt_000/result.json"", ""artifacts/publication_campaign/tcc_calibration_confirmatory_v1/runs/PUB-02/near_limit_long/rep_0087/attempt_000/sampler_summary.csv"", ""artifacts/publication_campaign/tcc_calibration_confirmatory_v1/runs/PUB-02/near_limit_long/rep_0087/attempt_000/trace.nc"", ""artifacts/publication_campaign/tcc_calibration_confirmatory_v1/runs/PUB-02/near_limit_long/rep_0087/attempt_000/truth.json"", ""artifacts/publication_campaign/tcc_calibration_confirmatory_v1/runs/PUB-02/near_limit_long/rep_0087/attempt_000/worker_metadata.json""]",0.47044871064209004,False,False
PUB-02__near_limit_long__rep_0098,PUB-02,near_limit_long,rep_0098,tcc_calibration_confirmatory_v1__PUB-02__near_limit_long__rep_0098,"{""generation"": 2820826033, ""inference"": 3544426218, ""predictive"": 1815480177, ""resampling"": 4104188377}",artifacts/publication_campaign/tcc_calibration_confirmatory_v1/runs/PUB-02/near_limit_long/rep_0098,COMPLETED_REJECTED,1,,artifacts/publication_campaign/tcc_calibration_confirmatory_v1/runs/PUB-02/near_limit_long/rep_0098/attempt_000,"[""artifacts/publication_campaign/tcc_calibration_confirmatory_v1/runs/PUB-02/near_limit_long/rep_0098/attempt_000/completion_manifest.json"", ""artifacts/publication_campaign/tcc_calibration_confirmatory_v1/runs/PUB-02/near_limit_long/rep_0098/attempt_000/environment_preflight.json"", ""artifacts/publication_campaign/tcc_calibration_confirmatory_v1/runs/PUB-02/near_limit_long/rep_0098/attempt_000/inference_command.json"", ""artifacts/publication_campaign/tcc_calibration_confirmatory_v1/runs/PUB-02/near_limit_long/rep_0098/attempt_000/inference_config.json"", ""artifacts/publication_campaign/tcc_calibration_confirmatory_v1/runs/PUB-02/near_limit_long/rep_0098/attempt_000/inference_started.json"", ""artifacts/publication_campaign/tcc_calibration_confirmatory_v1/runs/PUB-02/near_limit_long/rep_0098/attempt_000/input.csv"", ""artifacts/publication_campaign/tcc_calibration_confirmatory_v1/runs/PUB-02/near_limit_long/rep_0098/attempt_000/job.json"", ""artifacts/publication_campaign/tcc_calibration_confirmatory_v1/runs/PUB-02/near_limit_long/rep_0098/attempt_000/predictive_summary.csv"", ""artifacts/publication_campaign/tcc_calibration_confirmatory_v1/runs/PUB-02/near_limit_long/rep_0098/attempt_000/result.json"", ""artifacts/publication_campaign/tcc_calibration_confirmatory_v1/runs/PUB-02/near_limit_long/rep_0098/attempt_000/sampler_summary.csv"", ""artifacts/publication_campaign/tcc_calibration_confirmatory_v1/runs/PUB-02/near_limit_long/rep_0098/attempt_000/trace.nc"", ""artifacts/publication_campaign/tcc_calibration_confirmatory_v1/runs/PUB-02/near_limit_long/rep_0098/attempt_000/truth.json"", ""artifacts/publication_campaign/tcc_calibration_confirmatory_v1/runs/PUB-02/near_limit_long/rep_0098/attempt_000/worker_metadata.json""]",0.47044871064209004,False,False
