collected_at_utc,source_name,source_url,planet_name,host_star,local_path,file_name,file_type,mission,product_type,query_or_search_term,status,error_message,sha256,file_size_bytes,notes
2026-06-13T21:12:27+00:00,NASA Exoplanet Archive,https://exoplanetarchive.ipac.caltech.edu/TAP/sync,HAT-P-7 b,HAT-P-7,,,,,pscomppars,SELECT * FROM pscomppars WHERE pl_name = 'HAT-P-7 b',failed,"HTTPSConnectionPool(host='exoplanetarchive.ipac.caltech.edu', port=443): Max retries exceeded with url: /TAP/sync?query=SELECT+%2A+FROM+pscomppars+WHERE+pl_name+%3D+%27HAT-P-7+b%27&format=csv (Caused by NameResolutionError(""HTTPSConnection(host='exoplanetarchive.ipac.caltech.edu', port=443): Failed to resolve 'exoplanetarchive.ipac.caltech.edu' ([Errno -2] Name or service not known)""))",,,
2026-06-13T21:12:27+00:00,NASA Exoplanet Archive,https://exoplanetarchive.ipac.caltech.edu/TAP/sync,HAT-P-7 b,HAT-P-7,data/raw/nasa_exoplanet_archive/pscomppars/hat_p_7_b/query.sql,query.sql,sql,,tap_query,SELECT * FROM pscomppars WHERE pl_name = 'HAT-P-7 b',downloaded,,dc7ececa787a5e9b6a82bec13e94e782eee33faf5888cd7d9287e6a27e3bcb58,53,
2026-06-13T21:12:27+00:00,NASA Exoplanet Archive,https://exoplanetarchive.ipac.caltech.edu/TAP/sync,HAT-P-7 b,HAT-P-7,data/raw/nasa_exoplanet_archive/pscomppars/hat_p_7_b/metadata.json,metadata.json,json,,collection_metadata,SELECT * FROM pscomppars WHERE pl_name = 'HAT-P-7 b',downloaded,,fcd637f564a9136f5fd1fec632a4d0a1402218603820988ece252127ece0be87,666,
2026-06-13T21:12:33+00:00,NASA Exoplanet Archive,https://exoplanetarchive.ipac.caltech.edu/TAP/sync,HAT-P-7 b,HAT-P-7,,,,,ps,SELECT * FROM ps WHERE pl_name = 'HAT-P-7 b',failed,"HTTPSConnectionPool(host='exoplanetarchive.ipac.caltech.edu', port=443): Max retries exceeded with url: /TAP/sync?query=SELECT+%2A+FROM+ps+WHERE+pl_name+%3D+%27HAT-P-7+b%27&format=csv (Caused by NameResolutionError(""HTTPSConnection(host='exoplanetarchive.ipac.caltech.edu', port=443): Failed to resolve 'exoplanetarchive.ipac.caltech.edu' ([Errno -2] Name or service not known)""))",,,
2026-06-13T21:12:33+00:00,NASA Exoplanet Archive,https://exoplanetarchive.ipac.caltech.edu/TAP/sync,HAT-P-7 b,HAT-P-7,data/raw/nasa_exoplanet_archive/ps/hat_p_7_b/query.sql,query.sql,sql,,tap_query,SELECT * FROM ps WHERE pl_name = 'HAT-P-7 b',downloaded,,d24a8a0d6e0c264377ff739354a94c45041565e949c1b691a0d3372b2104b416,45,
2026-06-13T21:12:33+00:00,NASA Exoplanet Archive,https://exoplanetarchive.ipac.caltech.edu/TAP/sync,HAT-P-7 b,HAT-P-7,data/raw/nasa_exoplanet_archive/ps/hat_p_7_b/metadata.json,metadata.json,json,,collection_metadata,SELECT * FROM ps WHERE pl_name = 'HAT-P-7 b',downloaded,,79b127517afffdae2187d51b882e633aff4fa412f9928f186323f78751c51382,642,
2026-06-13T21:12:39+00:00,NASA Exoplanet Archive,https://exoplanetarchive.ipac.caltech.edu/TAP/sync,TrES-2 b,TrES-2,,,,,pscomppars,SELECT * FROM pscomppars WHERE pl_name = 'TrES-2 b',failed,"HTTPSConnectionPool(host='exoplanetarchive.ipac.caltech.edu', port=443): Max retries exceeded with url: /TAP/sync?query=SELECT+%2A+FROM+pscomppars+WHERE+pl_name+%3D+%27TrES-2+b%27&format=csv (Caused by NameResolutionError(""HTTPSConnection(host='exoplanetarchive.ipac.caltech.edu', port=443): Failed to resolve 'exoplanetarchive.ipac.caltech.edu' ([Errno -2] Name or service not known)""))",,,
2026-06-13T21:12:39+00:00,NASA Exoplanet Archive,https://exoplanetarchive.ipac.caltech.edu/TAP/sync,TrES-2 b,TrES-2,data/raw/nasa_exoplanet_archive/pscomppars/tres_2_b/query.sql,query.sql,sql,,tap_query,SELECT * FROM pscomppars WHERE pl_name = 'TrES-2 b',downloaded,,71eefb7f8474780a921a487465862628a58ef6c39d42ac8fd7bbd3b07608a7a2,52,
2026-06-13T21:12:39+00:00,NASA Exoplanet Archive,https://exoplanetarchive.ipac.caltech.edu/TAP/sync,TrES-2 b,TrES-2,data/raw/nasa_exoplanet_archive/pscomppars/tres_2_b/metadata.json,metadata.json,json,,collection_metadata,SELECT * FROM pscomppars WHERE pl_name = 'TrES-2 b',downloaded,,e059840a857f32cef001193623c29adfb84c0567abfc6a1de3d8716839ec8a76,662,
2026-06-13T21:12:45+00:00,NASA Exoplanet Archive,https://exoplanetarchive.ipac.caltech.edu/TAP/sync,TrES-2 b,TrES-2,,,,,ps,SELECT * FROM ps WHERE pl_name = 'TrES-2 b',failed,"HTTPSConnectionPool(host='exoplanetarchive.ipac.caltech.edu', port=443): Max retries exceeded with url: /TAP/sync?query=SELECT+%2A+FROM+ps+WHERE+pl_name+%3D+%27TrES-2+b%27&format=csv (Caused by NameResolutionError(""HTTPSConnection(host='exoplanetarchive.ipac.caltech.edu', port=443): Failed to resolve 'exoplanetarchive.ipac.caltech.edu' ([Errno -2] Name or service not known)""))",,,
2026-06-13T21:12:45+00:00,NASA Exoplanet Archive,https://exoplanetarchive.ipac.caltech.edu/TAP/sync,TrES-2 b,TrES-2,data/raw/nasa_exoplanet_archive/ps/tres_2_b/query.sql,query.sql,sql,,tap_query,SELECT * FROM ps WHERE pl_name = 'TrES-2 b',downloaded,,c1f16c473e2214a3c0740d8c4ae9ea3fcf7a64800c818f80fef67d85969eb03e,44,
2026-06-13T21:12:45+00:00,NASA Exoplanet Archive,https://exoplanetarchive.ipac.caltech.edu/TAP/sync,TrES-2 b,TrES-2,data/raw/nasa_exoplanet_archive/ps/tres_2_b/metadata.json,metadata.json,json,,collection_metadata,SELECT * FROM ps WHERE pl_name = 'TrES-2 b',downloaded,,9e58e0a5734f993be7849cc6cdef5e1a1435ad51c8fb6428e3ebd286b8bc072c,638,
2026-06-13T21:12:49+00:00,NASA Exoplanet Archive,https://exoplanetarchive.ipac.caltech.edu/TAP/sync,HD 189733 b,HD 189733,,,,,pscomppars,SELECT * FROM pscomppars WHERE pl_name = 'HD 189733 b',failed,"HTTPSConnectionPool(host='exoplanetarchive.ipac.caltech.edu', port=443): Max retries exceeded with url: /TAP/sync?query=SELECT+%2A+FROM+pscomppars+WHERE+pl_name+%3D+%27HD+189733+b%27&format=csv (Caused by NameResolutionError(""HTTPSConnection(host='exoplanetarchive.ipac.caltech.edu', port=443): Failed to resolve 'exoplanetarchive.ipac.caltech.edu' ([Errno -2] Name or service not known)""))",,,
2026-06-13T21:12:49+00:00,NASA Exoplanet Archive,https://exoplanetarchive.ipac.caltech.edu/TAP/sync,HD 189733 b,HD 189733,data/raw/nasa_exoplanet_archive/pscomppars/hd_189733_b/query.sql,query.sql,sql,,tap_query,SELECT * FROM pscomppars WHERE pl_name = 'HD 189733 b',downloaded,,6f502ad55c43f3b1c6afef4ef6baac2374c2be901d6fcbcf76dce740b1da5025,55,
2026-06-13T21:12:49+00:00,NASA Exoplanet Archive,https://exoplanetarchive.ipac.caltech.edu/TAP/sync,HD 189733 b,HD 189733,data/raw/nasa_exoplanet_archive/pscomppars/hd_189733_b/metadata.json,metadata.json,json,,collection_metadata,SELECT * FROM pscomppars WHERE pl_name = 'HD 189733 b',downloaded,,cacbad261f539ca84a47a19f82d5c33b66df386b3c9dd574dca8c857875fff64,674,
2026-06-13T21:12:55+00:00,NASA Exoplanet Archive,https://exoplanetarchive.ipac.caltech.edu/TAP/sync,HD 189733 b,HD 189733,,,,,ps,SELECT * FROM ps WHERE pl_name = 'HD 189733 b',failed,"HTTPSConnectionPool(host='exoplanetarchive.ipac.caltech.edu', port=443): Max retries exceeded with url: /TAP/sync?query=SELECT+%2A+FROM+ps+WHERE+pl_name+%3D+%27HD+189733+b%27&format=csv (Caused by NameResolutionError(""HTTPSConnection(host='exoplanetarchive.ipac.caltech.edu', port=443): Failed to resolve 'exoplanetarchive.ipac.caltech.edu' ([Errno -2] Name or service not known)""))",,,
2026-06-13T21:12:55+00:00,NASA Exoplanet Archive,https://exoplanetarchive.ipac.caltech.edu/TAP/sync,HD 189733 b,HD 189733,data/raw/nasa_exoplanet_archive/ps/hd_189733_b/query.sql,query.sql,sql,,tap_query,SELECT * FROM ps WHERE pl_name = 'HD 189733 b',downloaded,,e4e92b5a532704c0c77aecd3795835abc9aec2c48de3da129a7231f513a521fe,47,
2026-06-13T21:12:55+00:00,NASA Exoplanet Archive,https://exoplanetarchive.ipac.caltech.edu/TAP/sync,HD 189733 b,HD 189733,data/raw/nasa_exoplanet_archive/ps/hd_189733_b/metadata.json,metadata.json,json,,collection_metadata,SELECT * FROM ps WHERE pl_name = 'HD 189733 b',downloaded,,d31b321472084c6f10ea71ab150a8318761e03d340d3906e4469cfca3e8455f5,650,
2026-06-13T21:13:01+00:00,NASA Exoplanet Archive,https://exoplanetarchive.ipac.caltech.edu/TAP/sync,HD 209458 b,HD 209458,,,,,pscomppars,SELECT * FROM pscomppars WHERE pl_name = 'HD 209458 b',failed,"HTTPSConnectionPool(host='exoplanetarchive.ipac.caltech.edu', port=443): Max retries exceeded with url: /TAP/sync?query=SELECT+%2A+FROM+pscomppars+WHERE+pl_name+%3D+%27HD+209458+b%27&format=csv (Caused by NameResolutionError(""HTTPSConnection(host='exoplanetarchive.ipac.caltech.edu', port=443): Failed to resolve 'exoplanetarchive.ipac.caltech.edu' ([Errno -2] Name or service not known)""))",,,
2026-06-13T21:13:01+00:00,NASA Exoplanet Archive,https://exoplanetarchive.ipac.caltech.edu/TAP/sync,HD 209458 b,HD 209458,data/raw/nasa_exoplanet_archive/pscomppars/hd_209458_b/query.sql,query.sql,sql,,tap_query,SELECT * FROM pscomppars WHERE pl_name = 'HD 209458 b',downloaded,,ecf053719d430d8c1d1e753d97be3b6d47eef38349d00d77c0432b3a10a26ab7,55,
2026-06-13T21:13:01+00:00,NASA Exoplanet Archive,https://exoplanetarchive.ipac.caltech.edu/TAP/sync,HD 209458 b,HD 209458,data/raw/nasa_exoplanet_archive/pscomppars/hd_209458_b/metadata.json,metadata.json,json,,collection_metadata,SELECT * FROM pscomppars WHERE pl_name = 'HD 209458 b',downloaded,,0a9fa1379f7c945114cc14e7e1681b82fd7e6c2f2ccbbee61b8f65d93f9ab218,674,
2026-06-13T21:13:07+00:00,NASA Exoplanet Archive,https://exoplanetarchive.ipac.caltech.edu/TAP/sync,HD 209458 b,HD 209458,,,,,ps,SELECT * FROM ps WHERE pl_name = 'HD 209458 b',failed,"HTTPSConnectionPool(host='exoplanetarchive.ipac.caltech.edu', port=443): Max retries exceeded with url: /TAP/sync?query=SELECT+%2A+FROM+ps+WHERE+pl_name+%3D+%27HD+209458+b%27&format=csv (Caused by NameResolutionError(""HTTPSConnection(host='exoplanetarchive.ipac.caltech.edu', port=443): Failed to resolve 'exoplanetarchive.ipac.caltech.edu' ([Errno -2] Name or service not known)""))",,,
2026-06-13T21:13:07+00:00,NASA Exoplanet Archive,https://exoplanetarchive.ipac.caltech.edu/TAP/sync,HD 209458 b,HD 209458,data/raw/nasa_exoplanet_archive/ps/hd_209458_b/query.sql,query.sql,sql,,tap_query,SELECT * FROM ps WHERE pl_name = 'HD 209458 b',downloaded,,59aa7599b554efc7b6347ecbd6173c187c64eeca264c515177d782c54f23134c,47,
2026-06-13T21:13:07+00:00,NASA Exoplanet Archive,https://exoplanetarchive.ipac.caltech.edu/TAP/sync,HD 209458 b,HD 209458,data/raw/nasa_exoplanet_archive/ps/hd_209458_b/metadata.json,metadata.json,json,,collection_metadata,SELECT * FROM ps WHERE pl_name = 'HD 209458 b',downloaded,,9c2101abdf3bb072192030b086cf587aac707c949e07e06371a302c5e7e30fb0,650,
2026-06-13T21:13:13+00:00,NASA Exoplanet Archive,https://exoplanetarchive.ipac.caltech.edu/TAP/sync,WASP-12 b,WASP-12,,,,,pscomppars,SELECT * FROM pscomppars WHERE pl_name = 'WASP-12 b',failed,"HTTPSConnectionPool(host='exoplanetarchive.ipac.caltech.edu', port=443): Max retries exceeded with url: /TAP/sync?query=SELECT+%2A+FROM+pscomppars+WHERE+pl_name+%3D+%27WASP-12+b%27&format=csv (Caused by NameResolutionError(""HTTPSConnection(host='exoplanetarchive.ipac.caltech.edu', port=443): Failed to resolve 'exoplanetarchive.ipac.caltech.edu' ([Errno -2] Name or service not known)""))",,,
2026-06-13T21:13:13+00:00,NASA Exoplanet Archive,https://exoplanetarchive.ipac.caltech.edu/TAP/sync,WASP-12 b,WASP-12,data/raw/nasa_exoplanet_archive/pscomppars/wasp_12_b/query.sql,query.sql,sql,,tap_query,SELECT * FROM pscomppars WHERE pl_name = 'WASP-12 b',downloaded,,84d8419dba767f12be7cfc95f86a6caa7070793c3d2cffa6a796c8fde959550f,53,
2026-06-13T21:13:13+00:00,NASA Exoplanet Archive,https://exoplanetarchive.ipac.caltech.edu/TAP/sync,WASP-12 b,WASP-12,data/raw/nasa_exoplanet_archive/pscomppars/wasp_12_b/metadata.json,metadata.json,json,,collection_metadata,SELECT * FROM pscomppars WHERE pl_name = 'WASP-12 b',downloaded,,53cb21ad8a360c5a80468a6ab2f0aef41f6252a57257d28f72b776ee048aac43,666,
2026-06-13T21:13:17+00:00,NASA Exoplanet Archive,https://exoplanetarchive.ipac.caltech.edu/TAP/sync,WASP-12 b,WASP-12,,,,,ps,SELECT * FROM ps WHERE pl_name = 'WASP-12 b',failed,"HTTPSConnectionPool(host='exoplanetarchive.ipac.caltech.edu', port=443): Max retries exceeded with url: /TAP/sync?query=SELECT+%2A+FROM+ps+WHERE+pl_name+%3D+%27WASP-12+b%27&format=csv (Caused by NameResolutionError(""HTTPSConnection(host='exoplanetarchive.ipac.caltech.edu', port=443): Failed to resolve 'exoplanetarchive.ipac.caltech.edu' ([Errno -2] Name or service not known)""))",,,
2026-06-13T21:13:17+00:00,NASA Exoplanet Archive,https://exoplanetarchive.ipac.caltech.edu/TAP/sync,WASP-12 b,WASP-12,data/raw/nasa_exoplanet_archive/ps/wasp_12_b/query.sql,query.sql,sql,,tap_query,SELECT * FROM ps WHERE pl_name = 'WASP-12 b',downloaded,,c522d9cb31f6fc506e19db21b6b8fbfa3e5581d6185a90972b60c1c90e2912c6,45,
2026-06-13T21:13:17+00:00,NASA Exoplanet Archive,https://exoplanetarchive.ipac.caltech.edu/TAP/sync,WASP-12 b,WASP-12,data/raw/nasa_exoplanet_archive/ps/wasp_12_b/metadata.json,metadata.json,json,,collection_metadata,SELECT * FROM ps WHERE pl_name = 'WASP-12 b',downloaded,,fa6e2f1d9b061d0ca7e2deec05e167b99825fe9f555fb9ca03a3f3a50d3cb61d,642,
2026-06-13T21:13:23+00:00,NASA Exoplanet Archive,https://exoplanetarchive.ipac.caltech.edu/TAP/sync,WASP-10 b,WASP-10,,,,,pscomppars,SELECT * FROM pscomppars WHERE pl_name = 'WASP-10 b',failed,"HTTPSConnectionPool(host='exoplanetarchive.ipac.caltech.edu', port=443): Max retries exceeded with url: /TAP/sync?query=SELECT+%2A+FROM+pscomppars+WHERE+pl_name+%3D+%27WASP-10+b%27&format=csv (Caused by NameResolutionError(""HTTPSConnection(host='exoplanetarchive.ipac.caltech.edu', port=443): Failed to resolve 'exoplanetarchive.ipac.caltech.edu' ([Errno -2] Name or service not known)""))",,,
2026-06-13T21:13:23+00:00,NASA Exoplanet Archive,https://exoplanetarchive.ipac.caltech.edu/TAP/sync,WASP-10 b,WASP-10,data/raw/nasa_exoplanet_archive/pscomppars/wasp_10_b/query.sql,query.sql,sql,,tap_query,SELECT * FROM pscomppars WHERE pl_name = 'WASP-10 b',downloaded,,a4d20f94ae49fbf2a299e424647c6d8587e3fa75a31bec9de7f89095229af541,53,
2026-06-13T21:13:23+00:00,NASA Exoplanet Archive,https://exoplanetarchive.ipac.caltech.edu/TAP/sync,WASP-10 b,WASP-10,data/raw/nasa_exoplanet_archive/pscomppars/wasp_10_b/metadata.json,metadata.json,json,,collection_metadata,SELECT * FROM pscomppars WHERE pl_name = 'WASP-10 b',downloaded,,fa6e84c143ea241dd53f3532a464f66c6bcebfa4c317a1264c66e891b40ac1ce,666,
2026-06-13T21:13:29+00:00,NASA Exoplanet Archive,https://exoplanetarchive.ipac.caltech.edu/TAP/sync,WASP-10 b,WASP-10,,,,,ps,SELECT * FROM ps WHERE pl_name = 'WASP-10 b',failed,"HTTPSConnectionPool(host='exoplanetarchive.ipac.caltech.edu', port=443): Max retries exceeded with url: /TAP/sync?query=SELECT+%2A+FROM+ps+WHERE+pl_name+%3D+%27WASP-10+b%27&format=csv (Caused by NameResolutionError(""HTTPSConnection(host='exoplanetarchive.ipac.caltech.edu', port=443): Failed to resolve 'exoplanetarchive.ipac.caltech.edu' ([Errno -2] Name or service not known)""))",,,
2026-06-13T21:13:29+00:00,NASA Exoplanet Archive,https://exoplanetarchive.ipac.caltech.edu/TAP/sync,WASP-10 b,WASP-10,data/raw/nasa_exoplanet_archive/ps/wasp_10_b/query.sql,query.sql,sql,,tap_query,SELECT * FROM ps WHERE pl_name = 'WASP-10 b',downloaded,,39efc93bf7d8a4028a4f6e690030b3803fa4287211de24bb79d534d1278ac943,45,
2026-06-13T21:13:29+00:00,NASA Exoplanet Archive,https://exoplanetarchive.ipac.caltech.edu/TAP/sync,WASP-10 b,WASP-10,data/raw/nasa_exoplanet_archive/ps/wasp_10_b/metadata.json,metadata.json,json,,collection_metadata,SELECT * FROM ps WHERE pl_name = 'WASP-10 b',downloaded,,d57dc678ed16cfc948af03d8f0036c78071f4dfc3a3cd838ef86edfd24b58b9a,642,
2026-06-13T21:13:35+00:00,NASA Exoplanet Archive,https://exoplanetarchive.ipac.caltech.edu/TAP/sync,WASP-4 b,WASP-4,,,,,pscomppars,SELECT * FROM pscomppars WHERE pl_name = 'WASP-4 b',failed,"HTTPSConnectionPool(host='exoplanetarchive.ipac.caltech.edu', port=443): Max retries exceeded with url: /TAP/sync?query=SELECT+%2A+FROM+pscomppars+WHERE+pl_name+%3D+%27WASP-4+b%27&format=csv (Caused by NameResolutionError(""HTTPSConnection(host='exoplanetarchive.ipac.caltech.edu', port=443): Failed to resolve 'exoplanetarchive.ipac.caltech.edu' ([Errno -2] Name or service not known)""))",,,
2026-06-13T21:13:35+00:00,NASA Exoplanet Archive,https://exoplanetarchive.ipac.caltech.edu/TAP/sync,WASP-4 b,WASP-4,data/raw/nasa_exoplanet_archive/pscomppars/wasp_4_b/query.sql,query.sql,sql,,tap_query,SELECT * FROM pscomppars WHERE pl_name = 'WASP-4 b',downloaded,,007bed3eae6d519a0a86e3af54fe8970445b15059e9bc57daf172711fa624b7c,52,
2026-06-13T21:13:35+00:00,NASA Exoplanet Archive,https://exoplanetarchive.ipac.caltech.edu/TAP/sync,WASP-4 b,WASP-4,data/raw/nasa_exoplanet_archive/pscomppars/wasp_4_b/metadata.json,metadata.json,json,,collection_metadata,SELECT * FROM pscomppars WHERE pl_name = 'WASP-4 b',downloaded,,12a710f63db7f5b96131347cb6aad2cc8a3105ae0e0f7a6d482be03be0f39305,662,
2026-06-13T21:13:41+00:00,NASA Exoplanet Archive,https://exoplanetarchive.ipac.caltech.edu/TAP/sync,WASP-4 b,WASP-4,,,,,ps,SELECT * FROM ps WHERE pl_name = 'WASP-4 b',failed,"HTTPSConnectionPool(host='exoplanetarchive.ipac.caltech.edu', port=443): Max retries exceeded with url: /TAP/sync?query=SELECT+%2A+FROM+ps+WHERE+pl_name+%3D+%27WASP-4+b%27&format=csv (Caused by NameResolutionError(""HTTPSConnection(host='exoplanetarchive.ipac.caltech.edu', port=443): Failed to resolve 'exoplanetarchive.ipac.caltech.edu' ([Errno -2] Name or service not known)""))",,,
2026-06-13T21:13:41+00:00,NASA Exoplanet Archive,https://exoplanetarchive.ipac.caltech.edu/TAP/sync,WASP-4 b,WASP-4,data/raw/nasa_exoplanet_archive/ps/wasp_4_b/query.sql,query.sql,sql,,tap_query,SELECT * FROM ps WHERE pl_name = 'WASP-4 b',downloaded,,1be8f5cf75f5b05bc2b20de7cf8a839b68da6c7d6ce20a0082e6cbfa56551b9e,44,
2026-06-13T21:13:41+00:00,NASA Exoplanet Archive,https://exoplanetarchive.ipac.caltech.edu/TAP/sync,WASP-4 b,WASP-4,data/raw/nasa_exoplanet_archive/ps/wasp_4_b/metadata.json,metadata.json,json,,collection_metadata,SELECT * FROM ps WHERE pl_name = 'WASP-4 b',downloaded,,b2e454026e8d42860166054e0db25b22f7de3492a41034a694d1f8672ab3aa25,638,
2026-06-13T21:13:47+00:00,NASA Exoplanet Archive,https://exoplanetarchive.ipac.caltech.edu/TAP/sync,HAT-P-32 b,HAT-P-32,,,,,pscomppars,SELECT * FROM pscomppars WHERE pl_name = 'HAT-P-32 b',failed,"HTTPSConnectionPool(host='exoplanetarchive.ipac.caltech.edu', port=443): Max retries exceeded with url: /TAP/sync?query=SELECT+%2A+FROM+pscomppars+WHERE+pl_name+%3D+%27HAT-P-32+b%27&format=csv (Caused by NameResolutionError(""HTTPSConnection(host='exoplanetarchive.ipac.caltech.edu', port=443): Failed to resolve 'exoplanetarchive.ipac.caltech.edu' ([Errno -2] Name or service not known)""))",,,
2026-06-13T21:13:47+00:00,NASA Exoplanet Archive,https://exoplanetarchive.ipac.caltech.edu/TAP/sync,HAT-P-32 b,HAT-P-32,data/raw/nasa_exoplanet_archive/pscomppars/hat_p_32_b/query.sql,query.sql,sql,,tap_query,SELECT * FROM pscomppars WHERE pl_name = 'HAT-P-32 b',downloaded,,e38fa2c71e04e8fd3922667ca1aa8821b3f595a1b502f2878dad2f7dc6edc2bd,54,
2026-06-13T21:13:47+00:00,NASA Exoplanet Archive,https://exoplanetarchive.ipac.caltech.edu/TAP/sync,HAT-P-32 b,HAT-P-32,data/raw/nasa_exoplanet_archive/pscomppars/hat_p_32_b/metadata.json,metadata.json,json,,collection_metadata,SELECT * FROM pscomppars WHERE pl_name = 'HAT-P-32 b',downloaded,,f250ac1f9c9801714dd3836bd6d949ce82237941061eca35ed2d7c602fa29a7b,670,
2026-06-13T21:13:51+00:00,NASA Exoplanet Archive,https://exoplanetarchive.ipac.caltech.edu/TAP/sync,HAT-P-32 b,HAT-P-32,,,,,ps,SELECT * FROM ps WHERE pl_name = 'HAT-P-32 b',failed,"HTTPSConnectionPool(host='exoplanetarchive.ipac.caltech.edu', port=443): Max retries exceeded with url: /TAP/sync?query=SELECT+%2A+FROM+ps+WHERE+pl_name+%3D+%27HAT-P-32+b%27&format=csv (Caused by NameResolutionError(""HTTPSConnection(host='exoplanetarchive.ipac.caltech.edu', port=443): Failed to resolve 'exoplanetarchive.ipac.caltech.edu' ([Errno -2] Name or service not known)""))",,,
2026-06-13T21:13:51+00:00,NASA Exoplanet Archive,https://exoplanetarchive.ipac.caltech.edu/TAP/sync,HAT-P-32 b,HAT-P-32,data/raw/nasa_exoplanet_archive/ps/hat_p_32_b/query.sql,query.sql,sql,,tap_query,SELECT * FROM ps WHERE pl_name = 'HAT-P-32 b',downloaded,,a51de992bcfdbec9db0f24cf4e293f0cbb1851c6e3fe931c45dfbd30b6b2aaa4,46,
2026-06-13T21:13:51+00:00,NASA Exoplanet Archive,https://exoplanetarchive.ipac.caltech.edu/TAP/sync,HAT-P-32 b,HAT-P-32,data/raw/nasa_exoplanet_archive/ps/hat_p_32_b/metadata.json,metadata.json,json,,collection_metadata,SELECT * FROM ps WHERE pl_name = 'HAT-P-32 b',downloaded,,6151bf132ca352ec94724bd7c38daaeac8e1d0a5c0590eaea2f62346fa946e9c,646,
2026-06-13T21:13:51+00:00,NASA Exoplanet Archive,https://exoplanetarchive.ipac.caltech.edu/TAP/sync,,,data/raw/nasa_exoplanet_archive/pscomppars/all_transiting_planets_snapshot.query.sql,all_transiting_planets_snapshot.query.sql,sql,,tap_query,SELECT * FROM pscomppars WHERE discoverymethod = 'Transit' AND pl_orbper IS NOT NULL AND (pl_rade IS NOT NULL OR pl_trandep IS NOT NULL) ORDER BY pl_name,downloaded,,fa9a54d3a37195cf4058a9a65327b4dfd7b1151f03540566bbca30d340329be1,154,
2026-06-13T21:13:57+00:00,NASA Exoplanet Archive,https://exoplanetarchive.ipac.caltech.edu/TAP/sync,,,,,,,pscomppars_transiting_snapshot,SELECT * FROM pscomppars WHERE discoverymethod = 'Transit' AND pl_orbper IS NOT NULL AND (pl_rade IS NOT NULL OR pl_trandep IS NOT NULL) ORDER BY pl_name,failed,"HTTPSConnectionPool(host='exoplanetarchive.ipac.caltech.edu', port=443): Max retries exceeded with url: /TAP/sync?query=SELECT+%2A+FROM+pscomppars+WHERE+discoverymethod+%3D+%27Transit%27+AND+pl_orbper+IS+NOT+NULL+AND+%28pl_rade+IS+NOT+NULL+OR+pl_trandep+IS+NOT+NULL%29+ORDER+BY+pl_name&format=csv (Caused by NameResolutionError(""HTTPSConnection(host='exoplanetarchive.ipac.caltech.edu', port=443): Failed to resolve 'exoplanetarchive.ipac.caltech.edu' ([Errno -2] Name or service not known)""))",,,
2026-06-13T21:13:57+00:00,NASA Exoplanet Archive,https://exoplanetarchive.ipac.caltech.edu/TAP/sync,,,data/raw/nasa_exoplanet_archive/pscomppars/all_transiting_planets_snapshot.metadata.json,all_transiting_planets_snapshot.metadata.json,json,,collection_metadata,SELECT * FROM pscomppars WHERE discoverymethod = 'Transit' AND pl_orbper IS NOT NULL AND (pl_rade IS NOT NULL OR pl_trandep IS NOT NULL) ORDER BY pl_name,downloaded,,b0bbffa1f4a47946befb629475fc99889117f3fa8bd6b5adf64b39d92dcad62e,1038,
2026-06-13T21:14:22+00:00,NASA Exoplanet Archive,https://exoplanetarchive.ipac.caltech.edu/TAP/sync?query=SELECT+column_name+FROM+TAP_SCHEMA.columns+WHERE+table_name+%3D+%27pscomppars%27&format=csv,,,data/raw/nasa_exoplanet_archive/manifests/pscomppars_schema.csv,pscomppars_schema.csv,csv,,tap_schema,SELECT column_name FROM TAP_SCHEMA.columns WHERE table_name = 'pscomppars',downloaded,,18219d2b3996d9e0c48b552d4f759605fb50297935ccaf34f4857c04b4cb8b1b,5442,
2026-06-13T21:14:24+00:00,NASA Exoplanet Archive,https://exoplanetarchive.ipac.caltech.edu/TAP/sync?query=SELECT+column_name+FROM+TAP_SCHEMA.columns+WHERE+table_name+%3D+%27ps%27&format=csv,,,data/raw/nasa_exoplanet_archive/manifests/ps_schema.csv,ps_schema.csv,csv,,tap_schema,SELECT column_name FROM TAP_SCHEMA.columns WHERE table_name = 'ps',downloaded,,b72c73351b20865dca29cfbb9548a81eb957765d120a26228b3749a0bd241a7c,4777,
2026-06-13T21:14:25+00:00,NASA Exoplanet Archive,https://exoplanetarchive.ipac.caltech.edu/TAP/sync?query=SELECT+pl_name%2C+hostname%2C+discoverymethod%2C+disc_facility%2C+pl_orbper%2C+pl_orbpererr1%2C+pl_orbpererr2%2C+pl_tranmid%2C+pl_tranmiderr1%2C+pl_tranmiderr2%2C+pl_trandur%2C+pl_trandurerr1%2C+pl_trandurerr2%2C+pl_trandep%2C+pl_trandeperr1%2C+pl_trandeperr2%2C+pl_rade%2C+pl_radeerr1%2C+pl_radeerr2%2C+pl_radj%2C+st_rad%2C+st_raderr1%2C+st_raderr2%2C+st_teff%2C+st_mass%2C+sy_dist+FROM+pscomppars+WHERE+pl_name+%3D+%27HAT-P-7+b%27&format=csv,HAT-P-7 b,HAT-P-7,data/raw/nasa_exoplanet_archive/pscomppars/hat_p_7_b/response.csv,response.csv,csv,,pscomppars,"SELECT pl_name, hostname, discoverymethod, disc_facility, pl_orbper, pl_orbpererr1, pl_orbpererr2, pl_tranmid, pl_tranmiderr1, pl_tranmiderr2, pl_trandur, pl_trandurerr1, pl_trandurerr2, pl_trandep, pl_trandeperr1, pl_trandeperr2, pl_rade, pl_radeerr1, pl_radeerr2, pl_radj, st_rad, st_raderr1, st_raderr2, st_teff, st_mass, sy_dist FROM pscomppars WHERE pl_name = 'HAT-P-7 b'",downloaded,,d27b1c3837d52341a6adb25731daa9783d14ab5dbc9c164f0395af3aedfe4724,594,Unmodified CSV response returned by the TAP sync endpoint.
2026-06-13T21:14:25+00:00,NASA Exoplanet Archive,https://exoplanetarchive.ipac.caltech.edu/TAP/sync,HAT-P-7 b,HAT-P-7,data/raw/nasa_exoplanet_archive/pscomppars/hat_p_7_b/query.sql,query.sql,sql,,tap_query,"SELECT pl_name, hostname, discoverymethod, disc_facility, pl_orbper, pl_orbpererr1, pl_orbpererr2, pl_tranmid, pl_tranmiderr1, pl_tranmiderr2, pl_trandur, pl_trandurerr1, pl_trandurerr2, pl_trandep, pl_trandeperr1, pl_trandeperr2, pl_rade, pl_radeerr1, pl_radeerr2, pl_radj, st_rad, st_raderr1, st_raderr2, st_teff, st_mass, sy_dist FROM pscomppars WHERE pl_name = 'HAT-P-7 b'",skipped_existing,,dc7ececa787a5e9b6a82bec13e94e782eee33faf5888cd7d9287e6a27e3bcb58,53,
2026-06-13T21:14:25+00:00,NASA Exoplanet Archive,https://exoplanetarchive.ipac.caltech.edu/TAP/sync,HAT-P-7 b,HAT-P-7,data/raw/nasa_exoplanet_archive/pscomppars/hat_p_7_b/metadata.json,metadata.json,json,,collection_metadata,"SELECT pl_name, hostname, discoverymethod, disc_facility, pl_orbper, pl_orbpererr1, pl_orbpererr2, pl_tranmid, pl_tranmiderr1, pl_tranmiderr2, pl_trandur, pl_trandurerr1, pl_trandurerr2, pl_trandep, pl_trandeperr1, pl_trandeperr2, pl_rade, pl_radeerr1, pl_radeerr2, pl_radj, st_rad, st_raderr1, st_raderr2, st_teff, st_mass, sy_dist FROM pscomppars WHERE pl_name = 'HAT-P-7 b'",skipped_existing,,fcd637f564a9136f5fd1fec632a4d0a1402218603820988ece252127ece0be87,666,
2026-06-13T21:14:27+00:00,NASA Exoplanet Archive,https://exoplanetarchive.ipac.caltech.edu/TAP/sync?query=SELECT+pl_name%2C+hostname%2C+discoverymethod%2C+disc_facility%2C+pl_orbper%2C+pl_orbpererr1%2C+pl_orbpererr2%2C+pl_tranmid%2C+pl_tranmiderr1%2C+pl_tranmiderr2%2C+pl_trandur%2C+pl_trandurerr1%2C+pl_trandurerr2%2C+pl_trandep%2C+pl_trandeperr1%2C+pl_trandeperr2%2C+pl_rade%2C+pl_radeerr1%2C+pl_radeerr2%2C+pl_radj%2C+st_rad%2C+st_raderr1%2C+st_raderr2%2C+st_teff%2C+st_mass%2C+sy_dist%2C+rowupdate%2C+releasedate+FROM+ps+WHERE+pl_name+%3D+%27HAT-P-7+b%27&format=csv,HAT-P-7 b,HAT-P-7,data/raw/nasa_exoplanet_archive/ps/hat_p_7_b/response.csv,response.csv,csv,,ps,"SELECT pl_name, hostname, discoverymethod, disc_facility, pl_orbper, pl_orbpererr1, pl_orbpererr2, pl_tranmid, pl_tranmiderr1, pl_tranmiderr2, pl_trandur, pl_trandurerr1, pl_trandurerr2, pl_trandep, pl_trandeperr1, pl_trandeperr2, pl_rade, pl_radeerr1, pl_radeerr2, pl_radj, st_rad, st_raderr1, st_raderr2, st_teff, st_mass, sy_dist, rowupdate, releasedate FROM ps WHERE pl_name = 'HAT-P-7 b'",downloaded,,aec59b0d6afc6e4576d0a2bb6ecd15a49650b453d104b797fbeaa86090ba766b,6151,Unmodified CSV response returned by the TAP sync endpoint.
2026-06-13T21:14:27+00:00,NASA Exoplanet Archive,https://exoplanetarchive.ipac.caltech.edu/TAP/sync,HAT-P-7 b,HAT-P-7,data/raw/nasa_exoplanet_archive/ps/hat_p_7_b/query.sql,query.sql,sql,,tap_query,"SELECT pl_name, hostname, discoverymethod, disc_facility, pl_orbper, pl_orbpererr1, pl_orbpererr2, pl_tranmid, pl_tranmiderr1, pl_tranmiderr2, pl_trandur, pl_trandurerr1, pl_trandurerr2, pl_trandep, pl_trandeperr1, pl_trandeperr2, pl_rade, pl_radeerr1, pl_radeerr2, pl_radj, st_rad, st_raderr1, st_raderr2, st_teff, st_mass, sy_dist, rowupdate, releasedate FROM ps WHERE pl_name = 'HAT-P-7 b'",skipped_existing,,d24a8a0d6e0c264377ff739354a94c45041565e949c1b691a0d3372b2104b416,45,
2026-06-13T21:14:27+00:00,NASA Exoplanet Archive,https://exoplanetarchive.ipac.caltech.edu/TAP/sync,HAT-P-7 b,HAT-P-7,data/raw/nasa_exoplanet_archive/ps/hat_p_7_b/metadata.json,metadata.json,json,,collection_metadata,"SELECT pl_name, hostname, discoverymethod, disc_facility, pl_orbper, pl_orbpererr1, pl_orbpererr2, pl_tranmid, pl_tranmiderr1, pl_tranmiderr2, pl_trandur, pl_trandurerr1, pl_trandurerr2, pl_trandep, pl_trandeperr1, pl_trandeperr2, pl_rade, pl_radeerr1, pl_radeerr2, pl_radj, st_rad, st_raderr1, st_raderr2, st_teff, st_mass, sy_dist, rowupdate, releasedate FROM ps WHERE pl_name = 'HAT-P-7 b'",skipped_existing,,79b127517afffdae2187d51b882e633aff4fa412f9928f186323f78751c51382,642,
2026-06-13T21:14:29+00:00,NASA Exoplanet Archive,https://exoplanetarchive.ipac.caltech.edu/TAP/sync?query=SELECT+pl_name%2C+hostname%2C+discoverymethod%2C+disc_facility%2C+pl_orbper%2C+pl_orbpererr1%2C+pl_orbpererr2%2C+pl_tranmid%2C+pl_tranmiderr1%2C+pl_tranmiderr2%2C+pl_trandur%2C+pl_trandurerr1%2C+pl_trandurerr2%2C+pl_trandep%2C+pl_trandeperr1%2C+pl_trandeperr2%2C+pl_rade%2C+pl_radeerr1%2C+pl_radeerr2%2C+pl_radj%2C+st_rad%2C+st_raderr1%2C+st_raderr2%2C+st_teff%2C+st_mass%2C+sy_dist+FROM+pscomppars+WHERE+pl_name+%3D+%27TrES-2+b%27&format=csv,TrES-2 b,TrES-2,data/raw/nasa_exoplanet_archive/pscomppars/tres_2_b/response.csv,response.csv,csv,,pscomppars,"SELECT pl_name, hostname, discoverymethod, disc_facility, pl_orbper, pl_orbpererr1, pl_orbpererr2, pl_tranmid, pl_tranmiderr1, pl_tranmiderr2, pl_trandur, pl_trandurerr1, pl_trandurerr2, pl_trandep, pl_trandeperr1, pl_trandeperr2, pl_rade, pl_radeerr1, pl_radeerr2, pl_radj, st_rad, st_raderr1, st_raderr2, st_teff, st_mass, sy_dist FROM pscomppars WHERE pl_name = 'TrES-2 b'",downloaded,,f039af39c14baa28189e1b1798fdbbb479036221af971e014fc130c32e1ee3ca,590,Unmodified CSV response returned by the TAP sync endpoint.
2026-06-13T21:14:29+00:00,NASA Exoplanet Archive,https://exoplanetarchive.ipac.caltech.edu/TAP/sync,TrES-2 b,TrES-2,data/raw/nasa_exoplanet_archive/pscomppars/tres_2_b/query.sql,query.sql,sql,,tap_query,"SELECT pl_name, hostname, discoverymethod, disc_facility, pl_orbper, pl_orbpererr1, pl_orbpererr2, pl_tranmid, pl_tranmiderr1, pl_tranmiderr2, pl_trandur, pl_trandurerr1, pl_trandurerr2, pl_trandep, pl_trandeperr1, pl_trandeperr2, pl_rade, pl_radeerr1, pl_radeerr2, pl_radj, st_rad, st_raderr1, st_raderr2, st_teff, st_mass, sy_dist FROM pscomppars WHERE pl_name = 'TrES-2 b'",skipped_existing,,71eefb7f8474780a921a487465862628a58ef6c39d42ac8fd7bbd3b07608a7a2,52,
2026-06-13T21:14:29+00:00,NASA Exoplanet Archive,https://exoplanetarchive.ipac.caltech.edu/TAP/sync,TrES-2 b,TrES-2,data/raw/nasa_exoplanet_archive/pscomppars/tres_2_b/metadata.json,metadata.json,json,,collection_metadata,"SELECT pl_name, hostname, discoverymethod, disc_facility, pl_orbper, pl_orbpererr1, pl_orbpererr2, pl_tranmid, pl_tranmiderr1, pl_tranmiderr2, pl_trandur, pl_trandurerr1, pl_trandurerr2, pl_trandep, pl_trandeperr1, pl_trandeperr2, pl_rade, pl_radeerr1, pl_radeerr2, pl_radj, st_rad, st_raderr1, st_raderr2, st_teff, st_mass, sy_dist FROM pscomppars WHERE pl_name = 'TrES-2 b'",skipped_existing,,e059840a857f32cef001193623c29adfb84c0567abfc6a1de3d8716839ec8a76,662,
2026-06-13T21:14:30+00:00,NASA Exoplanet Archive,https://exoplanetarchive.ipac.caltech.edu/TAP/sync?query=SELECT+pl_name%2C+hostname%2C+discoverymethod%2C+disc_facility%2C+pl_orbper%2C+pl_orbpererr1%2C+pl_orbpererr2%2C+pl_tranmid%2C+pl_tranmiderr1%2C+pl_tranmiderr2%2C+pl_trandur%2C+pl_trandurerr1%2C+pl_trandurerr2%2C+pl_trandep%2C+pl_trandeperr1%2C+pl_trandeperr2%2C+pl_rade%2C+pl_radeerr1%2C+pl_radeerr2%2C+pl_radj%2C+st_rad%2C+st_raderr1%2C+st_raderr2%2C+st_teff%2C+st_mass%2C+sy_dist%2C+rowupdate%2C+releasedate+FROM+ps+WHERE+pl_name+%3D+%27TrES-2+b%27&format=csv,TrES-2 b,TrES-2,data/raw/nasa_exoplanet_archive/ps/tres_2_b/response.csv,response.csv,csv,,ps,"SELECT pl_name, hostname, discoverymethod, disc_facility, pl_orbper, pl_orbpererr1, pl_orbpererr2, pl_tranmid, pl_tranmiderr1, pl_tranmiderr2, pl_trandur, pl_trandurerr1, pl_trandurerr2, pl_trandep, pl_trandeperr1, pl_trandeperr2, pl_rade, pl_radeerr1, pl_radeerr2, pl_radj, st_rad, st_raderr1, st_raderr2, st_teff, st_mass, sy_dist, rowupdate, releasedate FROM ps WHERE pl_name = 'TrES-2 b'",downloaded,,89db41589ca60978ae55a33089b2190b5cea00b437eece65bceef62ab78ce182,8603,Unmodified CSV response returned by the TAP sync endpoint.
2026-06-13T21:14:30+00:00,NASA Exoplanet Archive,https://exoplanetarchive.ipac.caltech.edu/TAP/sync,TrES-2 b,TrES-2,data/raw/nasa_exoplanet_archive/ps/tres_2_b/query.sql,query.sql,sql,,tap_query,"SELECT pl_name, hostname, discoverymethod, disc_facility, pl_orbper, pl_orbpererr1, pl_orbpererr2, pl_tranmid, pl_tranmiderr1, pl_tranmiderr2, pl_trandur, pl_trandurerr1, pl_trandurerr2, pl_trandep, pl_trandeperr1, pl_trandeperr2, pl_rade, pl_radeerr1, pl_radeerr2, pl_radj, st_rad, st_raderr1, st_raderr2, st_teff, st_mass, sy_dist, rowupdate, releasedate FROM ps WHERE pl_name = 'TrES-2 b'",skipped_existing,,c1f16c473e2214a3c0740d8c4ae9ea3fcf7a64800c818f80fef67d85969eb03e,44,
2026-06-13T21:14:30+00:00,NASA Exoplanet Archive,https://exoplanetarchive.ipac.caltech.edu/TAP/sync,TrES-2 b,TrES-2,data/raw/nasa_exoplanet_archive/ps/tres_2_b/metadata.json,metadata.json,json,,collection_metadata,"SELECT pl_name, hostname, discoverymethod, disc_facility, pl_orbper, pl_orbpererr1, pl_orbpererr2, pl_tranmid, pl_tranmiderr1, pl_tranmiderr2, pl_trandur, pl_trandurerr1, pl_trandurerr2, pl_trandep, pl_trandeperr1, pl_trandeperr2, pl_rade, pl_radeerr1, pl_radeerr2, pl_radj, st_rad, st_raderr1, st_raderr2, st_teff, st_mass, sy_dist, rowupdate, releasedate FROM ps WHERE pl_name = 'TrES-2 b'",skipped_existing,,9e58e0a5734f993be7849cc6cdef5e1a1435ad51c8fb6428e3ebd286b8bc072c,638,
2026-06-13T21:14:32+00:00,NASA Exoplanet Archive,https://exoplanetarchive.ipac.caltech.edu/TAP/sync?query=SELECT+pl_name%2C+hostname%2C+discoverymethod%2C+disc_facility%2C+pl_orbper%2C+pl_orbpererr1%2C+pl_orbpererr2%2C+pl_tranmid%2C+pl_tranmiderr1%2C+pl_tranmiderr2%2C+pl_trandur%2C+pl_trandurerr1%2C+pl_trandurerr2%2C+pl_trandep%2C+pl_trandeperr1%2C+pl_trandeperr2%2C+pl_rade%2C+pl_radeerr1%2C+pl_radeerr2%2C+pl_radj%2C+st_rad%2C+st_raderr1%2C+st_raderr2%2C+st_teff%2C+st_mass%2C+sy_dist+FROM+pscomppars+WHERE+pl_name+%3D+%27HD+189733+b%27&format=csv,HD 189733 b,HD 189733,data/raw/nasa_exoplanet_archive/pscomppars/hd_189733_b/response.csv,response.csv,csv,,pscomppars,"SELECT pl_name, hostname, discoverymethod, disc_facility, pl_orbper, pl_orbpererr1, pl_orbpererr2, pl_tranmid, pl_tranmiderr1, pl_tranmiderr2, pl_trandur, pl_trandurerr1, pl_trandurerr2, pl_trandep, pl_trandeperr1, pl_trandeperr2, pl_rade, pl_radeerr1, pl_radeerr2, pl_radj, st_rad, st_raderr1, st_raderr2, st_teff, st_mass, sy_dist FROM pscomppars WHERE pl_name = 'HD 189733 b'",downloaded,,bddd911280b9b1e8ab825e3ab1ad78c97f907f623eeaff6982200df273183863,625,Unmodified CSV response returned by the TAP sync endpoint.
2026-06-13T21:14:32+00:00,NASA Exoplanet Archive,https://exoplanetarchive.ipac.caltech.edu/TAP/sync,HD 189733 b,HD 189733,data/raw/nasa_exoplanet_archive/pscomppars/hd_189733_b/query.sql,query.sql,sql,,tap_query,"SELECT pl_name, hostname, discoverymethod, disc_facility, pl_orbper, pl_orbpererr1, pl_orbpererr2, pl_tranmid, pl_tranmiderr1, pl_tranmiderr2, pl_trandur, pl_trandurerr1, pl_trandurerr2, pl_trandep, pl_trandeperr1, pl_trandeperr2, pl_rade, pl_radeerr1, pl_radeerr2, pl_radj, st_rad, st_raderr1, st_raderr2, st_teff, st_mass, sy_dist FROM pscomppars WHERE pl_name = 'HD 189733 b'",skipped_existing,,6f502ad55c43f3b1c6afef4ef6baac2374c2be901d6fcbcf76dce740b1da5025,55,
2026-06-13T21:14:32+00:00,NASA Exoplanet Archive,https://exoplanetarchive.ipac.caltech.edu/TAP/sync,HD 189733 b,HD 189733,data/raw/nasa_exoplanet_archive/pscomppars/hd_189733_b/metadata.json,metadata.json,json,,collection_metadata,"SELECT pl_name, hostname, discoverymethod, disc_facility, pl_orbper, pl_orbpererr1, pl_orbpererr2, pl_tranmid, pl_tranmiderr1, pl_tranmiderr2, pl_trandur, pl_trandurerr1, pl_trandurerr2, pl_trandep, pl_trandeperr1, pl_trandeperr2, pl_rade, pl_radeerr1, pl_radeerr2, pl_radj, st_rad, st_raderr1, st_raderr2, st_teff, st_mass, sy_dist FROM pscomppars WHERE pl_name = 'HD 189733 b'",skipped_existing,,cacbad261f539ca84a47a19f82d5c33b66df386b3c9dd574dca8c857875fff64,674,
2026-06-13T21:14:33+00:00,NASA Exoplanet Archive,https://exoplanetarchive.ipac.caltech.edu/TAP/sync?query=SELECT+pl_name%2C+hostname%2C+discoverymethod%2C+disc_facility%2C+pl_orbper%2C+pl_orbpererr1%2C+pl_orbpererr2%2C+pl_tranmid%2C+pl_tranmiderr1%2C+pl_tranmiderr2%2C+pl_trandur%2C+pl_trandurerr1%2C+pl_trandurerr2%2C+pl_trandep%2C+pl_trandeperr1%2C+pl_trandeperr2%2C+pl_rade%2C+pl_radeerr1%2C+pl_radeerr2%2C+pl_radj%2C+st_rad%2C+st_raderr1%2C+st_raderr2%2C+st_teff%2C+st_mass%2C+sy_dist%2C+rowupdate%2C+releasedate+FROM+ps+WHERE+pl_name+%3D+%27HD+189733+b%27&format=csv,HD 189733 b,HD 189733,data/raw/nasa_exoplanet_archive/ps/hd_189733_b/response.csv,response.csv,csv,,ps,"SELECT pl_name, hostname, discoverymethod, disc_facility, pl_orbper, pl_orbpererr1, pl_orbpererr2, pl_tranmid, pl_tranmiderr1, pl_tranmiderr2, pl_trandur, pl_trandurerr1, pl_trandurerr2, pl_trandep, pl_trandeperr1, pl_trandeperr2, pl_rade, pl_radeerr1, pl_radeerr2, pl_radj, st_rad, st_raderr1, st_raderr2, st_teff, st_mass, sy_dist, rowupdate, releasedate FROM ps WHERE pl_name = 'HD 189733 b'",downloaded,,8c64e5ad59c3ffa0eaf7e68d06be51b48732b0d52b9cff3cb4520ab0ee2c34f7,5387,Unmodified CSV response returned by the TAP sync endpoint.
2026-06-13T21:14:33+00:00,NASA Exoplanet Archive,https://exoplanetarchive.ipac.caltech.edu/TAP/sync,HD 189733 b,HD 189733,data/raw/nasa_exoplanet_archive/ps/hd_189733_b/query.sql,query.sql,sql,,tap_query,"SELECT pl_name, hostname, discoverymethod, disc_facility, pl_orbper, pl_orbpererr1, pl_orbpererr2, pl_tranmid, pl_tranmiderr1, pl_tranmiderr2, pl_trandur, pl_trandurerr1, pl_trandurerr2, pl_trandep, pl_trandeperr1, pl_trandeperr2, pl_rade, pl_radeerr1, pl_radeerr2, pl_radj, st_rad, st_raderr1, st_raderr2, st_teff, st_mass, sy_dist, rowupdate, releasedate FROM ps WHERE pl_name = 'HD 189733 b'",skipped_existing,,e4e92b5a532704c0c77aecd3795835abc9aec2c48de3da129a7231f513a521fe,47,
2026-06-13T21:14:33+00:00,NASA Exoplanet Archive,https://exoplanetarchive.ipac.caltech.edu/TAP/sync,HD 189733 b,HD 189733,data/raw/nasa_exoplanet_archive/ps/hd_189733_b/metadata.json,metadata.json,json,,collection_metadata,"SELECT pl_name, hostname, discoverymethod, disc_facility, pl_orbper, pl_orbpererr1, pl_orbpererr2, pl_tranmid, pl_tranmiderr1, pl_tranmiderr2, pl_trandur, pl_trandurerr1, pl_trandurerr2, pl_trandep, pl_trandeperr1, pl_trandeperr2, pl_rade, pl_radeerr1, pl_radeerr2, pl_radj, st_rad, st_raderr1, st_raderr2, st_teff, st_mass, sy_dist, rowupdate, releasedate FROM ps WHERE pl_name = 'HD 189733 b'",skipped_existing,,d31b321472084c6f10ea71ab150a8318761e03d340d3906e4469cfca3e8455f5,650,
2026-06-13T21:14:35+00:00,NASA Exoplanet Archive,https://exoplanetarchive.ipac.caltech.edu/TAP/sync?query=SELECT+pl_name%2C+hostname%2C+discoverymethod%2C+disc_facility%2C+pl_orbper%2C+pl_orbpererr1%2C+pl_orbpererr2%2C+pl_tranmid%2C+pl_tranmiderr1%2C+pl_tranmiderr2%2C+pl_trandur%2C+pl_trandurerr1%2C+pl_trandurerr2%2C+pl_trandep%2C+pl_trandeperr1%2C+pl_trandeperr2%2C+pl_rade%2C+pl_radeerr1%2C+pl_radeerr2%2C+pl_radj%2C+st_rad%2C+st_raderr1%2C+st_raderr2%2C+st_teff%2C+st_mass%2C+sy_dist+FROM+pscomppars+WHERE+pl_name+%3D+%27HD+209458+b%27&format=csv,HD 209458 b,HD 209458,data/raw/nasa_exoplanet_archive/pscomppars/hd_209458_b/response.csv,response.csv,csv,,pscomppars,"SELECT pl_name, hostname, discoverymethod, disc_facility, pl_orbper, pl_orbpererr1, pl_orbpererr2, pl_tranmid, pl_tranmiderr1, pl_tranmiderr2, pl_trandur, pl_trandurerr1, pl_trandurerr2, pl_trandep, pl_trandeperr1, pl_trandeperr2, pl_rade, pl_radeerr1, pl_radeerr2, pl_radj, st_rad, st_raderr1, st_raderr2, st_teff, st_mass, sy_dist FROM pscomppars WHERE pl_name = 'HD 209458 b'",downloaded,,0c31b706d3ec26c90c040d0871784bc9cd87a2650fd289237bb8725d589284ea,621,Unmodified CSV response returned by the TAP sync endpoint.
2026-06-13T21:14:35+00:00,NASA Exoplanet Archive,https://exoplanetarchive.ipac.caltech.edu/TAP/sync,HD 209458 b,HD 209458,data/raw/nasa_exoplanet_archive/pscomppars/hd_209458_b/query.sql,query.sql,sql,,tap_query,"SELECT pl_name, hostname, discoverymethod, disc_facility, pl_orbper, pl_orbpererr1, pl_orbpererr2, pl_tranmid, pl_tranmiderr1, pl_tranmiderr2, pl_trandur, pl_trandurerr1, pl_trandurerr2, pl_trandep, pl_trandeperr1, pl_trandeperr2, pl_rade, pl_radeerr1, pl_radeerr2, pl_radj, st_rad, st_raderr1, st_raderr2, st_teff, st_mass, sy_dist FROM pscomppars WHERE pl_name = 'HD 209458 b'",skipped_existing,,ecf053719d430d8c1d1e753d97be3b6d47eef38349d00d77c0432b3a10a26ab7,55,
2026-06-13T21:14:35+00:00,NASA Exoplanet Archive,https://exoplanetarchive.ipac.caltech.edu/TAP/sync,HD 209458 b,HD 209458,data/raw/nasa_exoplanet_archive/pscomppars/hd_209458_b/metadata.json,metadata.json,json,,collection_metadata,"SELECT pl_name, hostname, discoverymethod, disc_facility, pl_orbper, pl_orbpererr1, pl_orbpererr2, pl_tranmid, pl_tranmiderr1, pl_tranmiderr2, pl_trandur, pl_trandurerr1, pl_trandurerr2, pl_trandep, pl_trandeperr1, pl_trandeperr2, pl_rade, pl_radeerr1, pl_radeerr2, pl_radj, st_rad, st_raderr1, st_raderr2, st_teff, st_mass, sy_dist FROM pscomppars WHERE pl_name = 'HD 209458 b'",skipped_existing,,0a9fa1379f7c945114cc14e7e1681b82fd7e6c2f2ccbbee61b8f65d93f9ab218,674,
2026-06-13T21:14:36+00:00,NASA Exoplanet Archive,https://exoplanetarchive.ipac.caltech.edu/TAP/sync?query=SELECT+pl_name%2C+hostname%2C+discoverymethod%2C+disc_facility%2C+pl_orbper%2C+pl_orbpererr1%2C+pl_orbpererr2%2C+pl_tranmid%2C+pl_tranmiderr1%2C+pl_tranmiderr2%2C+pl_trandur%2C+pl_trandurerr1%2C+pl_trandurerr2%2C+pl_trandep%2C+pl_trandeperr1%2C+pl_trandeperr2%2C+pl_rade%2C+pl_radeerr1%2C+pl_radeerr2%2C+pl_radj%2C+st_rad%2C+st_raderr1%2C+st_raderr2%2C+st_teff%2C+st_mass%2C+sy_dist%2C+rowupdate%2C+releasedate+FROM+ps+WHERE+pl_name+%3D+%27HD+209458+b%27&format=csv,HD 209458 b,HD 209458,data/raw/nasa_exoplanet_archive/ps/hd_209458_b/response.csv,response.csv,csv,,ps,"SELECT pl_name, hostname, discoverymethod, disc_facility, pl_orbper, pl_orbpererr1, pl_orbpererr2, pl_tranmid, pl_tranmiderr1, pl_tranmiderr2, pl_trandur, pl_trandurerr1, pl_trandurerr2, pl_trandep, pl_trandeperr1, pl_trandeperr2, pl_rade, pl_radeerr1, pl_radeerr2, pl_radj, st_rad, st_raderr1, st_raderr2, st_teff, st_mass, sy_dist, rowupdate, releasedate FROM ps WHERE pl_name = 'HD 209458 b'",downloaded,,1e9efd784d4ce5a2ae8654b4cbb2315a16014f18aead328981567db2f3240e36,5614,Unmodified CSV response returned by the TAP sync endpoint.
2026-06-13T21:14:36+00:00,NASA Exoplanet Archive,https://exoplanetarchive.ipac.caltech.edu/TAP/sync,HD 209458 b,HD 209458,data/raw/nasa_exoplanet_archive/ps/hd_209458_b/query.sql,query.sql,sql,,tap_query,"SELECT pl_name, hostname, discoverymethod, disc_facility, pl_orbper, pl_orbpererr1, pl_orbpererr2, pl_tranmid, pl_tranmiderr1, pl_tranmiderr2, pl_trandur, pl_trandurerr1, pl_trandurerr2, pl_trandep, pl_trandeperr1, pl_trandeperr2, pl_rade, pl_radeerr1, pl_radeerr2, pl_radj, st_rad, st_raderr1, st_raderr2, st_teff, st_mass, sy_dist, rowupdate, releasedate FROM ps WHERE pl_name = 'HD 209458 b'",skipped_existing,,59aa7599b554efc7b6347ecbd6173c187c64eeca264c515177d782c54f23134c,47,
2026-06-13T21:14:36+00:00,NASA Exoplanet Archive,https://exoplanetarchive.ipac.caltech.edu/TAP/sync,HD 209458 b,HD 209458,data/raw/nasa_exoplanet_archive/ps/hd_209458_b/metadata.json,metadata.json,json,,collection_metadata,"SELECT pl_name, hostname, discoverymethod, disc_facility, pl_orbper, pl_orbpererr1, pl_orbpererr2, pl_tranmid, pl_tranmiderr1, pl_tranmiderr2, pl_trandur, pl_trandurerr1, pl_trandurerr2, pl_trandep, pl_trandeperr1, pl_trandeperr2, pl_rade, pl_radeerr1, pl_radeerr2, pl_radj, st_rad, st_raderr1, st_raderr2, st_teff, st_mass, sy_dist, rowupdate, releasedate FROM ps WHERE pl_name = 'HD 209458 b'",skipped_existing,,9c2101abdf3bb072192030b086cf587aac707c949e07e06371a302c5e7e30fb0,650,
2026-06-13T21:14:38+00:00,NASA Exoplanet Archive,https://exoplanetarchive.ipac.caltech.edu/TAP/sync?query=SELECT+pl_name%2C+hostname%2C+discoverymethod%2C+disc_facility%2C+pl_orbper%2C+pl_orbpererr1%2C+pl_orbpererr2%2C+pl_tranmid%2C+pl_tranmiderr1%2C+pl_tranmiderr2%2C+pl_trandur%2C+pl_trandurerr1%2C+pl_trandurerr2%2C+pl_trandep%2C+pl_trandeperr1%2C+pl_trandeperr2%2C+pl_rade%2C+pl_radeerr1%2C+pl_radeerr2%2C+pl_radj%2C+st_rad%2C+st_raderr1%2C+st_raderr2%2C+st_teff%2C+st_mass%2C+sy_dist+FROM+pscomppars+WHERE+pl_name+%3D+%27WASP-12+b%27&format=csv,WASP-12 b,WASP-12,data/raw/nasa_exoplanet_archive/pscomppars/wasp_12_b/response.csv,response.csv,csv,,pscomppars,"SELECT pl_name, hostname, discoverymethod, disc_facility, pl_orbper, pl_orbpererr1, pl_orbpererr2, pl_tranmid, pl_tranmiderr1, pl_tranmiderr2, pl_trandur, pl_trandurerr1, pl_trandurerr2, pl_trandep, pl_trandeperr1, pl_trandeperr2, pl_rade, pl_radeerr1, pl_radeerr2, pl_radj, st_rad, st_raderr1, st_raderr2, st_teff, st_mass, sy_dist FROM pscomppars WHERE pl_name = 'WASP-12 b'",downloaded,,4953405aa942f142ed327fa6c970ce7bdb28f18f16ba0f784c6d4a357bb88383,597,Unmodified CSV response returned by the TAP sync endpoint.
2026-06-13T21:14:38+00:00,NASA Exoplanet Archive,https://exoplanetarchive.ipac.caltech.edu/TAP/sync,WASP-12 b,WASP-12,data/raw/nasa_exoplanet_archive/pscomppars/wasp_12_b/query.sql,query.sql,sql,,tap_query,"SELECT pl_name, hostname, discoverymethod, disc_facility, pl_orbper, pl_orbpererr1, pl_orbpererr2, pl_tranmid, pl_tranmiderr1, pl_tranmiderr2, pl_trandur, pl_trandurerr1, pl_trandurerr2, pl_trandep, pl_trandeperr1, pl_trandeperr2, pl_rade, pl_radeerr1, pl_radeerr2, pl_radj, st_rad, st_raderr1, st_raderr2, st_teff, st_mass, sy_dist FROM pscomppars WHERE pl_name = 'WASP-12 b'",skipped_existing,,84d8419dba767f12be7cfc95f86a6caa7070793c3d2cffa6a796c8fde959550f,53,
2026-06-13T21:14:38+00:00,NASA Exoplanet Archive,https://exoplanetarchive.ipac.caltech.edu/TAP/sync,WASP-12 b,WASP-12,data/raw/nasa_exoplanet_archive/pscomppars/wasp_12_b/metadata.json,metadata.json,json,,collection_metadata,"SELECT pl_name, hostname, discoverymethod, disc_facility, pl_orbper, pl_orbpererr1, pl_orbpererr2, pl_tranmid, pl_tranmiderr1, pl_tranmiderr2, pl_trandur, pl_trandurerr1, pl_trandurerr2, pl_trandep, pl_trandeperr1, pl_trandeperr2, pl_rade, pl_radeerr1, pl_radeerr2, pl_radj, st_rad, st_raderr1, st_raderr2, st_teff, st_mass, sy_dist FROM pscomppars WHERE pl_name = 'WASP-12 b'",skipped_existing,,53cb21ad8a360c5a80468a6ab2f0aef41f6252a57257d28f72b776ee048aac43,666,
2026-06-13T21:14:40+00:00,NASA Exoplanet Archive,https://exoplanetarchive.ipac.caltech.edu/TAP/sync?query=SELECT+pl_name%2C+hostname%2C+discoverymethod%2C+disc_facility%2C+pl_orbper%2C+pl_orbpererr1%2C+pl_orbpererr2%2C+pl_tranmid%2C+pl_tranmiderr1%2C+pl_tranmiderr2%2C+pl_trandur%2C+pl_trandurerr1%2C+pl_trandurerr2%2C+pl_trandep%2C+pl_trandeperr1%2C+pl_trandeperr2%2C+pl_rade%2C+pl_radeerr1%2C+pl_radeerr2%2C+pl_radj%2C+st_rad%2C+st_raderr1%2C+st_raderr2%2C+st_teff%2C+st_mass%2C+sy_dist%2C+rowupdate%2C+releasedate+FROM+ps+WHERE+pl_name+%3D+%27WASP-12+b%27&format=csv,WASP-12 b,WASP-12,data/raw/nasa_exoplanet_archive/ps/wasp_12_b/response.csv,response.csv,csv,,ps,"SELECT pl_name, hostname, discoverymethod, disc_facility, pl_orbper, pl_orbpererr1, pl_orbpererr2, pl_tranmid, pl_tranmiderr1, pl_tranmiderr2, pl_trandur, pl_trandurerr1, pl_trandurerr2, pl_trandep, pl_trandeperr1, pl_trandeperr2, pl_rade, pl_radeerr1, pl_radeerr2, pl_radj, st_rad, st_raderr1, st_raderr2, st_teff, st_mass, sy_dist, rowupdate, releasedate FROM ps WHERE pl_name = 'WASP-12 b'",downloaded,,a0453e8338d689f5457a6571bb0369e84a5ac595a528b18729504a3c9b25c8a6,4666,Unmodified CSV response returned by the TAP sync endpoint.
2026-06-13T21:14:40+00:00,NASA Exoplanet Archive,https://exoplanetarchive.ipac.caltech.edu/TAP/sync,WASP-12 b,WASP-12,data/raw/nasa_exoplanet_archive/ps/wasp_12_b/query.sql,query.sql,sql,,tap_query,"SELECT pl_name, hostname, discoverymethod, disc_facility, pl_orbper, pl_orbpererr1, pl_orbpererr2, pl_tranmid, pl_tranmiderr1, pl_tranmiderr2, pl_trandur, pl_trandurerr1, pl_trandurerr2, pl_trandep, pl_trandeperr1, pl_trandeperr2, pl_rade, pl_radeerr1, pl_radeerr2, pl_radj, st_rad, st_raderr1, st_raderr2, st_teff, st_mass, sy_dist, rowupdate, releasedate FROM ps WHERE pl_name = 'WASP-12 b'",skipped_existing,,c522d9cb31f6fc506e19db21b6b8fbfa3e5581d6185a90972b60c1c90e2912c6,45,
2026-06-13T21:14:40+00:00,NASA Exoplanet Archive,https://exoplanetarchive.ipac.caltech.edu/TAP/sync,WASP-12 b,WASP-12,data/raw/nasa_exoplanet_archive/ps/wasp_12_b/metadata.json,metadata.json,json,,collection_metadata,"SELECT pl_name, hostname, discoverymethod, disc_facility, pl_orbper, pl_orbpererr1, pl_orbpererr2, pl_tranmid, pl_tranmiderr1, pl_tranmiderr2, pl_trandur, pl_trandurerr1, pl_trandurerr2, pl_trandep, pl_trandeperr1, pl_trandeperr2, pl_rade, pl_radeerr1, pl_radeerr2, pl_radj, st_rad, st_raderr1, st_raderr2, st_teff, st_mass, sy_dist, rowupdate, releasedate FROM ps WHERE pl_name = 'WASP-12 b'",skipped_existing,,fa6e2f1d9b061d0ca7e2deec05e167b99825fe9f555fb9ca03a3f3a50d3cb61d,642,
2026-06-13T21:14:41+00:00,NASA Exoplanet Archive,https://exoplanetarchive.ipac.caltech.edu/TAP/sync?query=SELECT+pl_name%2C+hostname%2C+discoverymethod%2C+disc_facility%2C+pl_orbper%2C+pl_orbpererr1%2C+pl_orbpererr2%2C+pl_tranmid%2C+pl_tranmiderr1%2C+pl_tranmiderr2%2C+pl_trandur%2C+pl_trandurerr1%2C+pl_trandurerr2%2C+pl_trandep%2C+pl_trandeperr1%2C+pl_trandeperr2%2C+pl_rade%2C+pl_radeerr1%2C+pl_radeerr2%2C+pl_radj%2C+st_rad%2C+st_raderr1%2C+st_raderr2%2C+st_teff%2C+st_mass%2C+sy_dist+FROM+pscomppars+WHERE+pl_name+%3D+%27WASP-10+b%27&format=csv,WASP-10 b,WASP-10,data/raw/nasa_exoplanet_archive/pscomppars/wasp_10_b/response.csv,response.csv,csv,,pscomppars,"SELECT pl_name, hostname, discoverymethod, disc_facility, pl_orbper, pl_orbpererr1, pl_orbpererr2, pl_tranmid, pl_tranmiderr1, pl_tranmiderr2, pl_trandur, pl_trandurerr1, pl_trandurerr2, pl_trandep, pl_trandeperr1, pl_trandeperr2, pl_rade, pl_radeerr1, pl_radeerr2, pl_radj, st_rad, st_raderr1, st_raderr2, st_teff, st_mass, sy_dist FROM pscomppars WHERE pl_name = 'WASP-10 b'",downloaded,,df056ff912e2c17ef727705441b897d346c14dff089b65b86e1b5ba1b3f4cd10,597,Unmodified CSV response returned by the TAP sync endpoint.
2026-06-13T21:14:41+00:00,NASA Exoplanet Archive,https://exoplanetarchive.ipac.caltech.edu/TAP/sync,WASP-10 b,WASP-10,data/raw/nasa_exoplanet_archive/pscomppars/wasp_10_b/query.sql,query.sql,sql,,tap_query,"SELECT pl_name, hostname, discoverymethod, disc_facility, pl_orbper, pl_orbpererr1, pl_orbpererr2, pl_tranmid, pl_tranmiderr1, pl_tranmiderr2, pl_trandur, pl_trandurerr1, pl_trandurerr2, pl_trandep, pl_trandeperr1, pl_trandeperr2, pl_rade, pl_radeerr1, pl_radeerr2, pl_radj, st_rad, st_raderr1, st_raderr2, st_teff, st_mass, sy_dist FROM pscomppars WHERE pl_name = 'WASP-10 b'",skipped_existing,,a4d20f94ae49fbf2a299e424647c6d8587e3fa75a31bec9de7f89095229af541,53,
2026-06-13T21:14:41+00:00,NASA Exoplanet Archive,https://exoplanetarchive.ipac.caltech.edu/TAP/sync,WASP-10 b,WASP-10,data/raw/nasa_exoplanet_archive/pscomppars/wasp_10_b/metadata.json,metadata.json,json,,collection_metadata,"SELECT pl_name, hostname, discoverymethod, disc_facility, pl_orbper, pl_orbpererr1, pl_orbpererr2, pl_tranmid, pl_tranmiderr1, pl_tranmiderr2, pl_trandur, pl_trandurerr1, pl_trandurerr2, pl_trandep, pl_trandeperr1, pl_trandeperr2, pl_rade, pl_radeerr1, pl_radeerr2, pl_radj, st_rad, st_raderr1, st_raderr2, st_teff, st_mass, sy_dist FROM pscomppars WHERE pl_name = 'WASP-10 b'",skipped_existing,,fa6e84c143ea241dd53f3532a464f66c6bcebfa4c317a1264c66e891b40ac1ce,666,
2026-06-13T21:14:43+00:00,NASA Exoplanet Archive,https://exoplanetarchive.ipac.caltech.edu/TAP/sync?query=SELECT+pl_name%2C+hostname%2C+discoverymethod%2C+disc_facility%2C+pl_orbper%2C+pl_orbpererr1%2C+pl_orbpererr2%2C+pl_tranmid%2C+pl_tranmiderr1%2C+pl_tranmiderr2%2C+pl_trandur%2C+pl_trandurerr1%2C+pl_trandurerr2%2C+pl_trandep%2C+pl_trandeperr1%2C+pl_trandeperr2%2C+pl_rade%2C+pl_radeerr1%2C+pl_radeerr2%2C+pl_radj%2C+st_rad%2C+st_raderr1%2C+st_raderr2%2C+st_teff%2C+st_mass%2C+sy_dist%2C+rowupdate%2C+releasedate+FROM+ps+WHERE+pl_name+%3D+%27WASP-10+b%27&format=csv,WASP-10 b,WASP-10,data/raw/nasa_exoplanet_archive/ps/wasp_10_b/response.csv,response.csv,csv,,ps,"SELECT pl_name, hostname, discoverymethod, disc_facility, pl_orbper, pl_orbpererr1, pl_orbpererr2, pl_tranmid, pl_tranmiderr1, pl_tranmiderr2, pl_trandur, pl_trandurerr1, pl_trandurerr2, pl_trandep, pl_trandeperr1, pl_trandeperr2, pl_rade, pl_radeerr1, pl_radeerr2, pl_radj, st_rad, st_raderr1, st_raderr2, st_teff, st_mass, sy_dist, rowupdate, releasedate FROM ps WHERE pl_name = 'WASP-10 b'",downloaded,,08bfdbfff4d515a8aed984aa65ed681cd6ed389698b02680d72c59de3ad5e960,2838,Unmodified CSV response returned by the TAP sync endpoint.
2026-06-13T21:14:43+00:00,NASA Exoplanet Archive,https://exoplanetarchive.ipac.caltech.edu/TAP/sync,WASP-10 b,WASP-10,data/raw/nasa_exoplanet_archive/ps/wasp_10_b/query.sql,query.sql,sql,,tap_query,"SELECT pl_name, hostname, discoverymethod, disc_facility, pl_orbper, pl_orbpererr1, pl_orbpererr2, pl_tranmid, pl_tranmiderr1, pl_tranmiderr2, pl_trandur, pl_trandurerr1, pl_trandurerr2, pl_trandep, pl_trandeperr1, pl_trandeperr2, pl_rade, pl_radeerr1, pl_radeerr2, pl_radj, st_rad, st_raderr1, st_raderr2, st_teff, st_mass, sy_dist, rowupdate, releasedate FROM ps WHERE pl_name = 'WASP-10 b'",skipped_existing,,39efc93bf7d8a4028a4f6e690030b3803fa4287211de24bb79d534d1278ac943,45,
2026-06-13T21:14:43+00:00,NASA Exoplanet Archive,https://exoplanetarchive.ipac.caltech.edu/TAP/sync,WASP-10 b,WASP-10,data/raw/nasa_exoplanet_archive/ps/wasp_10_b/metadata.json,metadata.json,json,,collection_metadata,"SELECT pl_name, hostname, discoverymethod, disc_facility, pl_orbper, pl_orbpererr1, pl_orbpererr2, pl_tranmid, pl_tranmiderr1, pl_tranmiderr2, pl_trandur, pl_trandurerr1, pl_trandurerr2, pl_trandep, pl_trandeperr1, pl_trandeperr2, pl_rade, pl_radeerr1, pl_radeerr2, pl_radj, st_rad, st_raderr1, st_raderr2, st_teff, st_mass, sy_dist, rowupdate, releasedate FROM ps WHERE pl_name = 'WASP-10 b'",skipped_existing,,d57dc678ed16cfc948af03d8f0036c78071f4dfc3a3cd838ef86edfd24b58b9a,642,
2026-06-13T21:14:44+00:00,NASA Exoplanet Archive,https://exoplanetarchive.ipac.caltech.edu/TAP/sync?query=SELECT+pl_name%2C+hostname%2C+discoverymethod%2C+disc_facility%2C+pl_orbper%2C+pl_orbpererr1%2C+pl_orbpererr2%2C+pl_tranmid%2C+pl_tranmiderr1%2C+pl_tranmiderr2%2C+pl_trandur%2C+pl_trandurerr1%2C+pl_trandurerr2%2C+pl_trandep%2C+pl_trandeperr1%2C+pl_trandeperr2%2C+pl_rade%2C+pl_radeerr1%2C+pl_radeerr2%2C+pl_radj%2C+st_rad%2C+st_raderr1%2C+st_raderr2%2C+st_teff%2C+st_mass%2C+sy_dist+FROM+pscomppars+WHERE+pl_name+%3D+%27WASP-4+b%27&format=csv,WASP-4 b,WASP-4,data/raw/nasa_exoplanet_archive/pscomppars/wasp_4_b/response.csv,response.csv,csv,,pscomppars,"SELECT pl_name, hostname, discoverymethod, disc_facility, pl_orbper, pl_orbpererr1, pl_orbpererr2, pl_tranmid, pl_tranmiderr1, pl_tranmiderr2, pl_trandur, pl_trandurerr1, pl_trandurerr2, pl_trandep, pl_trandeperr1, pl_trandeperr2, pl_rade, pl_radeerr1, pl_radeerr2, pl_radj, st_rad, st_raderr1, st_raderr2, st_teff, st_mass, sy_dist FROM pscomppars WHERE pl_name = 'WASP-4 b'",downloaded,,67f09289327ab177d1554443df18a80b5fefedaa80db1acc34b4ae1a2600fd53,595,Unmodified CSV response returned by the TAP sync endpoint.
2026-06-13T21:14:44+00:00,NASA Exoplanet Archive,https://exoplanetarchive.ipac.caltech.edu/TAP/sync,WASP-4 b,WASP-4,data/raw/nasa_exoplanet_archive/pscomppars/wasp_4_b/query.sql,query.sql,sql,,tap_query,"SELECT pl_name, hostname, discoverymethod, disc_facility, pl_orbper, pl_orbpererr1, pl_orbpererr2, pl_tranmid, pl_tranmiderr1, pl_tranmiderr2, pl_trandur, pl_trandurerr1, pl_trandurerr2, pl_trandep, pl_trandeperr1, pl_trandeperr2, pl_rade, pl_radeerr1, pl_radeerr2, pl_radj, st_rad, st_raderr1, st_raderr2, st_teff, st_mass, sy_dist FROM pscomppars WHERE pl_name = 'WASP-4 b'",skipped_existing,,007bed3eae6d519a0a86e3af54fe8970445b15059e9bc57daf172711fa624b7c,52,
2026-06-13T21:14:44+00:00,NASA Exoplanet Archive,https://exoplanetarchive.ipac.caltech.edu/TAP/sync,WASP-4 b,WASP-4,data/raw/nasa_exoplanet_archive/pscomppars/wasp_4_b/metadata.json,metadata.json,json,,collection_metadata,"SELECT pl_name, hostname, discoverymethod, disc_facility, pl_orbper, pl_orbpererr1, pl_orbpererr2, pl_tranmid, pl_tranmiderr1, pl_tranmiderr2, pl_trandur, pl_trandurerr1, pl_trandurerr2, pl_trandep, pl_trandeperr1, pl_trandeperr2, pl_rade, pl_radeerr1, pl_radeerr2, pl_radj, st_rad, st_raderr1, st_raderr2, st_teff, st_mass, sy_dist FROM pscomppars WHERE pl_name = 'WASP-4 b'",skipped_existing,,12a710f63db7f5b96131347cb6aad2cc8a3105ae0e0f7a6d482be03be0f39305,662,
2026-06-13T21:14:46+00:00,NASA Exoplanet Archive,https://exoplanetarchive.ipac.caltech.edu/TAP/sync?query=SELECT+pl_name%2C+hostname%2C+discoverymethod%2C+disc_facility%2C+pl_orbper%2C+pl_orbpererr1%2C+pl_orbpererr2%2C+pl_tranmid%2C+pl_tranmiderr1%2C+pl_tranmiderr2%2C+pl_trandur%2C+pl_trandurerr1%2C+pl_trandurerr2%2C+pl_trandep%2C+pl_trandeperr1%2C+pl_trandeperr2%2C+pl_rade%2C+pl_radeerr1%2C+pl_radeerr2%2C+pl_radj%2C+st_rad%2C+st_raderr1%2C+st_raderr2%2C+st_teff%2C+st_mass%2C+sy_dist%2C+rowupdate%2C+releasedate+FROM+ps+WHERE+pl_name+%3D+%27WASP-4+b%27&format=csv,WASP-4 b,WASP-4,data/raw/nasa_exoplanet_archive/ps/wasp_4_b/response.csv,response.csv,csv,,ps,"SELECT pl_name, hostname, discoverymethod, disc_facility, pl_orbper, pl_orbpererr1, pl_orbpererr2, pl_tranmid, pl_tranmiderr1, pl_tranmiderr2, pl_trandur, pl_trandurerr1, pl_trandurerr2, pl_trandep, pl_trandeperr1, pl_trandeperr2, pl_rade, pl_radeerr1, pl_radeerr2, pl_radj, st_rad, st_raderr1, st_raderr2, st_teff, st_mass, sy_dist, rowupdate, releasedate FROM ps WHERE pl_name = 'WASP-4 b'",downloaded,,4c673bc978700bc743206696a4f12d2198232d508edfb2dd03b42e171779575e,5460,Unmodified CSV response returned by the TAP sync endpoint.
2026-06-13T21:14:46+00:00,NASA Exoplanet Archive,https://exoplanetarchive.ipac.caltech.edu/TAP/sync,WASP-4 b,WASP-4,data/raw/nasa_exoplanet_archive/ps/wasp_4_b/query.sql,query.sql,sql,,tap_query,"SELECT pl_name, hostname, discoverymethod, disc_facility, pl_orbper, pl_orbpererr1, pl_orbpererr2, pl_tranmid, pl_tranmiderr1, pl_tranmiderr2, pl_trandur, pl_trandurerr1, pl_trandurerr2, pl_trandep, pl_trandeperr1, pl_trandeperr2, pl_rade, pl_radeerr1, pl_radeerr2, pl_radj, st_rad, st_raderr1, st_raderr2, st_teff, st_mass, sy_dist, rowupdate, releasedate FROM ps WHERE pl_name = 'WASP-4 b'",skipped_existing,,1be8f5cf75f5b05bc2b20de7cf8a839b68da6c7d6ce20a0082e6cbfa56551b9e,44,
2026-06-13T21:14:46+00:00,NASA Exoplanet Archive,https://exoplanetarchive.ipac.caltech.edu/TAP/sync,WASP-4 b,WASP-4,data/raw/nasa_exoplanet_archive/ps/wasp_4_b/metadata.json,metadata.json,json,,collection_metadata,"SELECT pl_name, hostname, discoverymethod, disc_facility, pl_orbper, pl_orbpererr1, pl_orbpererr2, pl_tranmid, pl_tranmiderr1, pl_tranmiderr2, pl_trandur, pl_trandurerr1, pl_trandurerr2, pl_trandep, pl_trandeperr1, pl_trandeperr2, pl_rade, pl_radeerr1, pl_radeerr2, pl_radj, st_rad, st_raderr1, st_raderr2, st_teff, st_mass, sy_dist, rowupdate, releasedate FROM ps WHERE pl_name = 'WASP-4 b'",skipped_existing,,b2e454026e8d42860166054e0db25b22f7de3492a41034a694d1f8672ab3aa25,638,
2026-06-13T21:14:47+00:00,NASA Exoplanet Archive,https://exoplanetarchive.ipac.caltech.edu/TAP/sync?query=SELECT+pl_name%2C+hostname%2C+discoverymethod%2C+disc_facility%2C+pl_orbper%2C+pl_orbpererr1%2C+pl_orbpererr2%2C+pl_tranmid%2C+pl_tranmiderr1%2C+pl_tranmiderr2%2C+pl_trandur%2C+pl_trandurerr1%2C+pl_trandurerr2%2C+pl_trandep%2C+pl_trandeperr1%2C+pl_trandeperr2%2C+pl_rade%2C+pl_radeerr1%2C+pl_radeerr2%2C+pl_radj%2C+st_rad%2C+st_raderr1%2C+st_raderr2%2C+st_teff%2C+st_mass%2C+sy_dist+FROM+pscomppars+WHERE+pl_name+%3D+%27HAT-P-32+b%27&format=csv,HAT-P-32 b,HAT-P-32,data/raw/nasa_exoplanet_archive/pscomppars/hat_p_32_b/response.csv,response.csv,csv,,pscomppars,"SELECT pl_name, hostname, discoverymethod, disc_facility, pl_orbper, pl_orbpererr1, pl_orbpererr2, pl_tranmid, pl_tranmiderr1, pl_tranmiderr2, pl_trandur, pl_trandurerr1, pl_trandurerr2, pl_trandep, pl_trandeperr1, pl_trandeperr2, pl_rade, pl_radeerr1, pl_radeerr2, pl_radj, st_rad, st_raderr1, st_raderr2, st_teff, st_mass, sy_dist FROM pscomppars WHERE pl_name = 'HAT-P-32 b'",downloaded,,438bb67d50bf204eaa5f29452a72e02d349aa95aa82f6a05bd3d0c70232fc028,596,Unmodified CSV response returned by the TAP sync endpoint.
2026-06-13T21:14:47+00:00,NASA Exoplanet Archive,https://exoplanetarchive.ipac.caltech.edu/TAP/sync,HAT-P-32 b,HAT-P-32,data/raw/nasa_exoplanet_archive/pscomppars/hat_p_32_b/query.sql,query.sql,sql,,tap_query,"SELECT pl_name, hostname, discoverymethod, disc_facility, pl_orbper, pl_orbpererr1, pl_orbpererr2, pl_tranmid, pl_tranmiderr1, pl_tranmiderr2, pl_trandur, pl_trandurerr1, pl_trandurerr2, pl_trandep, pl_trandeperr1, pl_trandeperr2, pl_rade, pl_radeerr1, pl_radeerr2, pl_radj, st_rad, st_raderr1, st_raderr2, st_teff, st_mass, sy_dist FROM pscomppars WHERE pl_name = 'HAT-P-32 b'",skipped_existing,,e38fa2c71e04e8fd3922667ca1aa8821b3f595a1b502f2878dad2f7dc6edc2bd,54,
2026-06-13T21:14:47+00:00,NASA Exoplanet Archive,https://exoplanetarchive.ipac.caltech.edu/TAP/sync,HAT-P-32 b,HAT-P-32,data/raw/nasa_exoplanet_archive/pscomppars/hat_p_32_b/metadata.json,metadata.json,json,,collection_metadata,"SELECT pl_name, hostname, discoverymethod, disc_facility, pl_orbper, pl_orbpererr1, pl_orbpererr2, pl_tranmid, pl_tranmiderr1, pl_tranmiderr2, pl_trandur, pl_trandurerr1, pl_trandurerr2, pl_trandep, pl_trandeperr1, pl_trandeperr2, pl_rade, pl_radeerr1, pl_radeerr2, pl_radj, st_rad, st_raderr1, st_raderr2, st_teff, st_mass, sy_dist FROM pscomppars WHERE pl_name = 'HAT-P-32 b'",skipped_existing,,f250ac1f9c9801714dd3836bd6d949ce82237941061eca35ed2d7c602fa29a7b,670,
2026-06-13T21:14:47+00:00,NASA Exoplanet Archive,https://exoplanetarchive.ipac.caltech.edu/TAP/sync?query=SELECT+pl_name%2C+hostname%2C+discoverymethod%2C+disc_facility%2C+pl_orbper%2C+pl_orbpererr1%2C+pl_orbpererr2%2C+pl_tranmid%2C+pl_tranmiderr1%2C+pl_tranmiderr2%2C+pl_trandur%2C+pl_trandurerr1%2C+pl_trandurerr2%2C+pl_trandep%2C+pl_trandeperr1%2C+pl_trandeperr2%2C+pl_rade%2C+pl_radeerr1%2C+pl_radeerr2%2C+pl_radj%2C+st_rad%2C+st_raderr1%2C+st_raderr2%2C+st_teff%2C+st_mass%2C+sy_dist%2C+rowupdate%2C+releasedate+FROM+ps+WHERE+pl_name+%3D+%27HAT-P-32+b%27&format=csv,HAT-P-32 b,HAT-P-32,data/raw/nasa_exoplanet_archive/ps/hat_p_32_b/response.csv,response.csv,csv,,ps,"SELECT pl_name, hostname, discoverymethod, disc_facility, pl_orbper, pl_orbpererr1, pl_orbpererr2, pl_tranmid, pl_tranmiderr1, pl_tranmiderr2, pl_trandur, pl_trandurerr1, pl_trandurerr2, pl_trandep, pl_trandeperr1, pl_trandeperr2, pl_rade, pl_radeerr1, pl_radeerr2, pl_radj, st_rad, st_raderr1, st_raderr2, st_teff, st_mass, sy_dist, rowupdate, releasedate FROM ps WHERE pl_name = 'HAT-P-32 b'",downloaded,,c62bae6c5ee8cfa6d0dffbd7ac5019f1d8e1e5a6616192894f4e887e374e1814,3344,Unmodified CSV response returned by the TAP sync endpoint.
2026-06-13T21:14:47+00:00,NASA Exoplanet Archive,https://exoplanetarchive.ipac.caltech.edu/TAP/sync,HAT-P-32 b,HAT-P-32,data/raw/nasa_exoplanet_archive/ps/hat_p_32_b/query.sql,query.sql,sql,,tap_query,"SELECT pl_name, hostname, discoverymethod, disc_facility, pl_orbper, pl_orbpererr1, pl_orbpererr2, pl_tranmid, pl_tranmiderr1, pl_tranmiderr2, pl_trandur, pl_trandurerr1, pl_trandurerr2, pl_trandep, pl_trandeperr1, pl_trandeperr2, pl_rade, pl_radeerr1, pl_radeerr2, pl_radj, st_rad, st_raderr1, st_raderr2, st_teff, st_mass, sy_dist, rowupdate, releasedate FROM ps WHERE pl_name = 'HAT-P-32 b'",skipped_existing,,a51de992bcfdbec9db0f24cf4e293f0cbb1851c6e3fe931c45dfbd30b6b2aaa4,46,
2026-06-13T21:14:47+00:00,NASA Exoplanet Archive,https://exoplanetarchive.ipac.caltech.edu/TAP/sync,HAT-P-32 b,HAT-P-32,data/raw/nasa_exoplanet_archive/ps/hat_p_32_b/metadata.json,metadata.json,json,,collection_metadata,"SELECT pl_name, hostname, discoverymethod, disc_facility, pl_orbper, pl_orbpererr1, pl_orbpererr2, pl_tranmid, pl_tranmiderr1, pl_tranmiderr2, pl_trandur, pl_trandurerr1, pl_trandurerr2, pl_trandep, pl_trandeperr1, pl_trandeperr2, pl_rade, pl_radeerr1, pl_radeerr2, pl_radj, st_rad, st_raderr1, st_raderr2, st_teff, st_mass, sy_dist, rowupdate, releasedate FROM ps WHERE pl_name = 'HAT-P-32 b'",skipped_existing,,6151bf132ca352ec94724bd7c38daaeac8e1d0a5c0590eaea2f62346fa946e9c,646,
2026-06-13T21:14:47+00:00,NASA Exoplanet Archive,https://exoplanetarchive.ipac.caltech.edu/TAP/sync,,,data/raw/nasa_exoplanet_archive/pscomppars/all_transiting_planets_snapshot.query.sql,all_transiting_planets_snapshot.query.sql,sql,,tap_query,"SELECT pl_name, hostname, discoverymethod, disc_facility, pl_orbper, pl_orbpererr1, pl_orbpererr2, pl_tranmid, pl_tranmiderr1, pl_tranmiderr2, pl_trandur, pl_trandurerr1, pl_trandurerr2, pl_trandep, pl_trandeperr1, pl_trandeperr2, pl_rade, pl_radeerr1, pl_radeerr2, pl_radj, st_rad, st_raderr1, st_raderr2, st_teff, st_mass, sy_dist FROM pscomppars WHERE discoverymethod = 'Transit' AND pl_orbper IS NOT NULL AND (pl_rade IS NOT NULL OR pl_trandep IS NOT NULL) ORDER BY pl_name",skipped_existing,,fa9a54d3a37195cf4058a9a65327b4dfd7b1151f03540566bbca30d340329be1,154,
2026-06-13T21:14:50+00:00,NASA Exoplanet Archive,https://exoplanetarchive.ipac.caltech.edu/TAP/sync?query=SELECT+pl_name%2C+hostname%2C+discoverymethod%2C+disc_facility%2C+pl_orbper%2C+pl_orbpererr1%2C+pl_orbpererr2%2C+pl_tranmid%2C+pl_tranmiderr1%2C+pl_tranmiderr2%2C+pl_trandur%2C+pl_trandurerr1%2C+pl_trandurerr2%2C+pl_trandep%2C+pl_trandeperr1%2C+pl_trandeperr2%2C+pl_rade%2C+pl_radeerr1%2C+pl_radeerr2%2C+pl_radj%2C+st_rad%2C+st_raderr1%2C+st_raderr2%2C+st_teff%2C+st_mass%2C+sy_dist+FROM+pscomppars+WHERE+discoverymethod+%3D+%27Transit%27+AND+pl_orbper+IS+NOT+NULL+AND+%28pl_rade+IS+NOT+NULL+OR+pl_trandep+IS+NOT+NULL%29+ORDER+BY+pl_name&format=csv,,,data/raw/nasa_exoplanet_archive/pscomppars/all_transiting_planets_snapshot.csv,all_transiting_planets_snapshot.csv,csv,,pscomppars_transiting_snapshot,"SELECT pl_name, hostname, discoverymethod, disc_facility, pl_orbper, pl_orbpererr1, pl_orbpererr2, pl_tranmid, pl_tranmiderr1, pl_tranmiderr2, pl_trandur, pl_trandurerr1, pl_trandurerr2, pl_trandep, pl_trandeperr1, pl_trandeperr2, pl_rade, pl_radeerr1, pl_radeerr2, pl_radj, st_rad, st_raderr1, st_raderr2, st_teff, st_mass, sy_dist FROM pscomppars WHERE discoverymethod = 'Transit' AND pl_orbper IS NOT NULL AND (pl_rade IS NOT NULL OR pl_trandep IS NOT NULL) ORDER BY pl_name",downloaded,,0e5a0372c7c56b21fcffdc6b44756109ab6e00b09e6908c853e8e9127409aed3,1378438,Unmodified CSV response returned by the TAP sync endpoint.
2026-06-13T21:14:50+00:00,NASA Exoplanet Archive,https://exoplanetarchive.ipac.caltech.edu/TAP/sync?query=SELECT+pl_name%2C+hostname%2C+discoverymethod%2C+disc_facility%2C+pl_orbper%2C+pl_orbpererr1%2C+pl_orbpererr2%2C+pl_tranmid%2C+pl_tranmiderr1%2C+pl_tranmiderr2%2C+pl_trandur%2C+pl_trandurerr1%2C+pl_trandurerr2%2C+pl_trandep%2C+pl_trandeperr1%2C+pl_trandeperr2%2C+pl_rade%2C+pl_radeerr1%2C+pl_radeerr2%2C+pl_radj%2C+st_rad%2C+st_raderr1%2C+st_raderr2%2C+st_teff%2C+st_mass%2C+sy_dist+FROM+pscomppars+WHERE+discoverymethod+%3D+%27Transit%27+AND+pl_orbper+IS+NOT+NULL+AND+%28pl_rade+IS+NOT+NULL+OR+pl_trandep+IS+NOT+NULL%29+ORDER+BY+pl_name&format=csv,,,data/raw/nasa_exoplanet_archive/pscomppars/all_transiting_planets_snapshot.metadata.json,all_transiting_planets_snapshot.metadata.json,json,,collection_metadata,"SELECT pl_name, hostname, discoverymethod, disc_facility, pl_orbper, pl_orbpererr1, pl_orbpererr2, pl_tranmid, pl_tranmiderr1, pl_tranmiderr2, pl_trandur, pl_trandurerr1, pl_trandurerr2, pl_trandep, pl_trandeperr1, pl_trandeperr2, pl_rade, pl_radeerr1, pl_radeerr2, pl_radj, st_rad, st_raderr1, st_raderr2, st_teff, st_mass, sy_dist FROM pscomppars WHERE discoverymethod = 'Transit' AND pl_orbper IS NOT NULL AND (pl_rade IS NOT NULL OR pl_trandep IS NOT NULL) ORDER BY pl_name",skipped_existing,,b0bbffa1f4a47946befb629475fc99889117f3fa8bd6b5adf64b39d92dcad62e,1038,
2026-06-13T21:15:37+00:00,MAST / Lightkurve,https://mast.stsci.edu/,HAT-P-7 b,HAT-P-7,data/raw/mast/lightkurve/hat_p_7_b/kepler/search_results.csv,search_results.csv,csv,Kepler,search_results,"target=""HAT-P-7"", mission=""Kepler""",downloaded,,7d222e9fc47f3238dff544c1fa0d39de3bdcf375c0dc46ccc3c44ca3d242cc18,67702,Full Lightkurve search result table; no analytical processing applied.
2026-06-13T21:15:38+00:00,MAST / Lightkurve,https://mast.stsci.edu/api/v0.1/Download/file?uri=mast:KEPLER/url/missions/kepler/lightcurves/0106/010666592/kplr010666592-2009131105131_llc.fits,HAT-P-7 b,HAT-P-7,data/raw/mast/lightkurve/hat_p_7_b/kepler/mastDownload/Kepler/kplr010666592_lc_Q111111111111111111/kplr010666592-2009131105131_llc.fits,kplr010666592-2009131105131_llc.fits,fits,Kepler,light_curve,"target=""HAT-P-7"", mission=""Kepler""",downloaded_or_cached,,76fd5040e34fdb191927d8cd0a5c03ca1f621a12cc43111047df66acba6472f9,77760,MAST author=Kepler; original archive FITS product.
2026-06-13T21:15:40+00:00,MAST / Lightkurve,https://mast.stsci.edu/api/v0.1/Download/file?uri=mast:KEPLER/url/missions/kepler/lightcurves/0106/010666592/kplr010666592-2009166043257_llc.fits,HAT-P-7 b,HAT-P-7,data/raw/mast/lightkurve/hat_p_7_b/kepler/mastDownload/Kepler/kplr010666592_lc_Q111111111111111111/kplr010666592-2009166043257_llc.fits,kplr010666592-2009166043257_llc.fits,fits,Kepler,light_curve,"target=""HAT-P-7"", mission=""Kepler""",downloaded_or_cached,,37faa7dc82fa5d9ec6d794369d93def0d78a49c91e61cf19bb4cafe571bb8f6c,192960,MAST author=Kepler; original archive FITS product.
2026-06-13T21:15:41+00:00,MAST / Lightkurve,https://mast.stsci.edu/api/v0.1/Download/file?uri=mast:KEPLER/url/missions/kepler/lightcurves/0106/010666592/kplr010666592-2009259160929_llc.fits,HAT-P-7 b,HAT-P-7,data/raw/mast/lightkurve/hat_p_7_b/kepler/mastDownload/Kepler/kplr010666592_lc_Q111111111111111111/kplr010666592-2009259160929_llc.fits,kplr010666592-2009259160929_llc.fits,fits,Kepler,light_curve,"target=""HAT-P-7"", mission=""Kepler""",downloaded_or_cached,,2a10ce0fa87e8a757e6d66a740669bcf94a704eecf0646bbf898ad91b402fc08,466560,MAST author=Kepler; original archive FITS product.
2026-06-13T21:15:41+00:00,MAST / Lightkurve,https://mast.stsci.edu/,HAT-P-7 b,HAT-P-7,data/raw/mast/lightkurve/hat_p_7_b/kepler/download_manifest.csv,download_manifest.csv,csv,Kepler,download_manifest,"target=""HAT-P-7"", mission=""Kepler""",downloaded,,ecbb4ab7831874a6956282fe690db84330550baac3f944419de452d0928aa8d6,1455,
2026-06-13T21:15:41+00:00,MAST / Lightkurve,https://mast.stsci.edu/,HAT-P-7 b,HAT-P-7,data/raw/mast/lightkurve/hat_p_7_b/kepler/metadata.json,metadata.json,json,Kepler,search_metadata,"target=""HAT-P-7"", mission=""Kepler""",downloaded,,bce95f0a858b99fb42814e6fbdaf9adc10dc1604a6d3e2129d7e50f1ae0176c8,483,
2026-06-13T21:15:48+00:00,MAST / Lightkurve,https://mast.stsci.edu/,HAT-P-7 b,HAT-P-7,data/raw/mast/lightkurve/hat_p_7_b/k2/search_results.csv,search_results.csv,csv,K2,search_results,"target=""HAT-P-7"", mission=""K2""",downloaded,,01ba4719c80b6fe911b091a7c05124b64eeece964e09c058ef8f9805daca546b,1,Full Lightkurve search result table; no analytical processing applied.
2026-06-13T21:15:48+00:00,MAST / Lightkurve,https://mast.stsci.edu/,HAT-P-7 b,HAT-P-7,data/raw/mast/lightkurve/hat_p_7_b/k2/download_manifest.csv,download_manifest.csv,csv,K2,download_manifest,"target=""HAT-P-7"", mission=""K2""",downloaded,,d2beded780385a1c609014b0156b0b4f516e06b8634e1ffdb5bbbdb398cad513,148,
2026-06-13T21:15:48+00:00,MAST / Lightkurve,https://mast.stsci.edu/,HAT-P-7 b,HAT-P-7,data/raw/mast/lightkurve/hat_p_7_b/k2/metadata.json,metadata.json,json,K2,search_metadata,"target=""HAT-P-7"", mission=""K2""",downloaded,,7ac4aa859b3a74b7a5cf6ab760100e6073e0bce499202007d93eeec294549a9f,475,
2026-06-13T21:15:59+00:00,MAST / Lightkurve,https://mast.stsci.edu/,HAT-P-7 b,HAT-P-7,data/raw/mast/lightkurve/hat_p_7_b/tess/search_results.csv,search_results.csv,csv,TESS,search_results,"target=""HAT-P-7"", mission=""TESS""",downloaded,,0a48ff711e3ed966daa7b4ddaa8d70f12360e73ac79d3e0abbe5c3f46f500c36,40712,Full Lightkurve search result table; no analytical processing applied.
2026-06-13T21:16:03+00:00,MAST / Lightkurve,https://mast.stsci.edu/api/v0.1/Download/file?uri=mast:TESS/product/tess2019198215352-s0014-0000000424865156-0150-s_lc.fits,HAT-P-7 b,HAT-P-7,data/raw/mast/lightkurve/hat_p_7_b/tess/mastDownload/TESS/tess2019198215352-s0014-0000000424865156-0150-s/tess2019198215352-s0014-0000000424865156-0150-s_lc.fits,tess2019198215352-s0014-0000000424865156-0150-s_lc.fits,fits,TESS,light_curve,"target=""HAT-P-7"", mission=""TESS""",downloaded_or_cached,,b6ae63d5bd3d66274c47d9f74236be2430a3c143b56468457c8c0cda195e3a89,1964160,MAST author=SPOC; original archive FITS product.
2026-06-13T21:16:05+00:00,MAST / Lightkurve,https://mast.stsci.edu/api/v0.1/Download/file?uri=mast:TESS/product/tess2019226182529-s0015-0000000424865156-0151-s_lc.fits,HAT-P-7 b,HAT-P-7,data/raw/mast/lightkurve/hat_p_7_b/tess/mastDownload/TESS/tess2019226182529-s0015-0000000424865156-0151-s/tess2019226182529-s0015-0000000424865156-0151-s_lc.fits,tess2019226182529-s0015-0000000424865156-0151-s_lc.fits,fits,TESS,light_curve,"target=""HAT-P-7"", mission=""TESS""",downloaded_or_cached,,29558f1bb8db6c8d29d437d57957609762d4a8773e1cb33017ac9cadd15bdb47,1906560,MAST author=SPOC; original archive FITS product.
2026-06-13T21:16:07+00:00,MAST / Lightkurve,https://mast.stsci.edu/api/v0.1/Download/file?uri=mast:TESS/product/tess2021175071901-s0040-0000000424865156-0211-s_lc.fits,HAT-P-7 b,HAT-P-7,data/raw/mast/lightkurve/hat_p_7_b/tess/mastDownload/TESS/tess2021175071901-s0040-0000000424865156-0211-s/tess2021175071901-s0040-0000000424865156-0211-s_lc.fits,tess2021175071901-s0040-0000000424865156-0211-s_lc.fits,fits,TESS,light_curve,"target=""HAT-P-7"", mission=""TESS""",downloaded_or_cached,,cf0bccc029dffa927cf5e0db264f94f7b632232651020141ad433c91bba79656,2062080,MAST author=SPOC; original archive FITS product.
2026-06-13T21:16:07+00:00,MAST / Lightkurve,https://mast.stsci.edu/,HAT-P-7 b,HAT-P-7,data/raw/mast/lightkurve/hat_p_7_b/tess/download_manifest.csv,download_manifest.csv,csv,TESS,download_manifest,"target=""HAT-P-7"", mission=""TESS""",downloaded,,01f2eec5e12a7621b2f280249a027a267527862365de61ff36770bd361bd9291,1504,
2026-06-13T21:16:07+00:00,MAST / Lightkurve,https://mast.stsci.edu/,HAT-P-7 b,HAT-P-7,data/raw/mast/lightkurve/hat_p_7_b/tess/metadata.json,metadata.json,json,TESS,search_metadata,"target=""HAT-P-7"", mission=""TESS""",downloaded,,a7de7ef037ffec947cf38cb2f5b043efde354d8a5e0f1801caa33b6102db8fb0,479,
2026-06-13T21:16:17+00:00,MAST / Lightkurve,https://mast.stsci.edu/,TrES-2 b,TrES-2,data/raw/mast/lightkurve/tres_2_b/kepler/search_results.csv,search_results.csv,csv,Kepler,search_results,"target=""TrES-2"", mission=""Kepler""",downloaded,,6c501435e16bd97c810af402967a610728d355f93aa1855c25296d04fcd2a071,53030,Full Lightkurve search result table; no analytical processing applied.
2026-06-13T21:16:18+00:00,MAST / Lightkurve,https://mast.stsci.edu/api/v0.1/Download/file?uri=mast:KEPLER/url/missions/kepler/lightcurves/0114/011446443/kplr011446443-2009131105131_llc.fits,TrES-2 b,TrES-2,data/raw/mast/lightkurve/tres_2_b/kepler/mastDownload/Kepler/kplr011446443_lc_Q111111110111011101/kplr011446443-2009131105131_llc.fits,kplr011446443-2009131105131_llc.fits,fits,Kepler,light_curve,"target=""TrES-2"", mission=""Kepler""",downloaded_or_cached,,e1699c5dd0089c35d908b711b302f72ba974edc68e030dae3e9a65d5065f7d0c,77760,MAST author=Kepler; original archive FITS product.
2026-06-13T21:16:17+00:00,MAST / Lightkurve,https://mast.stsci.edu/api/v0.1/Download/file?uri=mast:KEPLER/url/missions/kepler/lightcurves/0114/011446443/kplr011446443-2009166043257_llc.fits,TrES-2 b,TrES-2,data/raw/mast/lightkurve/tres_2_b/kepler/mastDownload/Kepler/kplr011446443_lc_Q111111110111011101/kplr011446443-2009166043257_llc.fits,kplr011446443-2009166043257_llc.fits,fits,Kepler,light_curve,"target=""TrES-2"", mission=""Kepler""",downloaded_or_cached,,10bfca91bdd928deda2e638de7a27cdc940b879452408a96b5be6146944639e9,192960,MAST author=Kepler; original archive FITS product.
2026-06-13T21:16:19+00:00,MAST / Lightkurve,https://mast.stsci.edu/api/v0.1/Download/file?uri=mast:KEPLER/url/missions/kepler/lightcurves/0114/011446443/kplr011446443-2009259160929_llc.fits,TrES-2 b,TrES-2,data/raw/mast/lightkurve/tres_2_b/kepler/mastDownload/Kepler/kplr011446443_lc_Q111111110111011101/kplr011446443-2009259160929_llc.fits,kplr011446443-2009259160929_llc.fits,fits,Kepler,light_curve,"target=""TrES-2"", mission=""Kepler""",downloaded_or_cached,,6d41c0b2a8784c922789c5ceb53258b795d7b220c6026ff514d86c81dde65e83,466560,MAST author=Kepler; original archive FITS product.
2026-06-13T21:16:19+00:00,MAST / Lightkurve,https://mast.stsci.edu/,TrES-2 b,TrES-2,data/raw/mast/lightkurve/tres_2_b/kepler/download_manifest.csv,download_manifest.csv,csv,Kepler,download_manifest,"target=""TrES-2"", mission=""Kepler""",downloaded,,f6fdc7a10e709a1b81e1102b6e784c2f8a532ccc8bc1c6176c5c179f24f6569a,1446,
2026-06-13T21:16:19+00:00,MAST / Lightkurve,https://mast.stsci.edu/,TrES-2 b,TrES-2,data/raw/mast/lightkurve/tres_2_b/kepler/metadata.json,metadata.json,json,Kepler,search_metadata,"target=""TrES-2"", mission=""Kepler""",downloaded,,366226648e166a7236b46b9b9d9c1ce7c433e4d2f4b1bcecb4a0b96d306df478,480,
2026-06-13T21:16:37+00:00,MAST / Lightkurve,https://mast.stsci.edu/,TrES-2 b,TrES-2,data/raw/mast/lightkurve/tres_2_b/k2/search_results.csv,search_results.csv,csv,K2,search_results,"target=""TrES-2"", mission=""K2""",downloaded,,01ba4719c80b6fe911b091a7c05124b64eeece964e09c058ef8f9805daca546b,1,Full Lightkurve search result table; no analytical processing applied.
2026-06-13T21:16:37+00:00,MAST / Lightkurve,https://mast.stsci.edu/,TrES-2 b,TrES-2,data/raw/mast/lightkurve/tres_2_b/k2/download_manifest.csv,download_manifest.csv,csv,K2,download_manifest,"target=""TrES-2"", mission=""K2""",downloaded,,d2beded780385a1c609014b0156b0b4f516e06b8634e1ffdb5bbbdb398cad513,148,
2026-06-13T21:16:37+00:00,MAST / Lightkurve,https://mast.stsci.edu/,TrES-2 b,TrES-2,data/raw/mast/lightkurve/tres_2_b/k2/metadata.json,metadata.json,json,K2,search_metadata,"target=""TrES-2"", mission=""K2""",downloaded,,d958904e423929001b85469916b0b58ea65958ac552eb1932fd1e8c8da333650,472,
2026-06-13T21:16:47+00:00,MAST / Lightkurve,https://mast.stsci.edu/,TrES-2 b,TrES-2,data/raw/mast/lightkurve/tres_2_b/tess/search_results.csv,search_results.csv,csv,TESS,search_results,"target=""TrES-2"", mission=""TESS""",downloaded,,ee01e9fc943e987e396a8b8acc8ecbe9ccf9ba4cc0ee21e39bb145b5b62c93ca,41505,Full Lightkurve search result table; no analytical processing applied.
2026-06-13T21:16:50+00:00,MAST / Lightkurve,https://mast.stsci.edu/api/v0.1/Download/file?uri=mast:TESS/product/tess2020160202036-s0026-0000000399860444-0188-s_lc.fits,TrES-2 b,TrES-2,data/raw/mast/lightkurve/tres_2_b/tess/mastDownload/TESS/tess2020160202036-s0026-0000000399860444-0188-s/tess2020160202036-s0026-0000000399860444-0188-s_lc.fits,tess2020160202036-s0026-0000000399860444-0188-s_lc.fits,fits,TESS,light_curve,"target=""TrES-2"", mission=""TESS""",downloaded_or_cached,,29dbff58f624643c2f8d5803bc3e996b8015d220b7750e88c84eb898d777f827,1820160,MAST author=SPOC; original archive FITS product.
2026-06-13T21:16:51+00:00,MAST / Lightkurve,https://mast.stsci.edu/api/v0.1/Download/file?uri=mast:TESS/product/tess2021175071901-s0040-0000000399860444-0211-s_lc.fits,TrES-2 b,TrES-2,data/raw/mast/lightkurve/tres_2_b/tess/mastDownload/TESS/tess2021175071901-s0040-0000000399860444-0211-s/tess2021175071901-s0040-0000000399860444-0211-s_lc.fits,tess2021175071901-s0040-0000000399860444-0211-s_lc.fits,fits,TESS,light_curve,"target=""TrES-2"", mission=""TESS""",downloaded_or_cached,,6396c2647f3367fbb32d08f179b3a74429d1bd45b377f857f17d4d3d5eaa6543,2062080,MAST author=SPOC; original archive FITS product.
2026-06-13T21:16:53+00:00,MAST / Lightkurve,https://mast.stsci.edu/api/v0.1/Download/file?uri=mast:TESS/product/tess2021204101404-s0041-0000000399860444-0212-s_lc.fits,TrES-2 b,TrES-2,data/raw/mast/lightkurve/tres_2_b/tess/mastDownload/TESS/tess2021204101404-s0041-0000000399860444-0212-s/tess2021204101404-s0041-0000000399860444-0212-s_lc.fits,tess2021204101404-s0041-0000000399860444-0212-s_lc.fits,fits,TESS,light_curve,"target=""TrES-2"", mission=""TESS""",downloaded_or_cached,,d708b3ee8b9fde423a3f34190295418aac75d261cbb69c02335227c1a7d52bac,1944000,MAST author=SPOC; original archive FITS product.
2026-06-13T21:16:54+00:00,MAST / Lightkurve,https://mast.stsci.edu/,TrES-2 b,TrES-2,data/raw/mast/lightkurve/tres_2_b/tess/download_manifest.csv,download_manifest.csv,csv,TESS,download_manifest,"target=""TrES-2"", mission=""TESS""",downloaded,,6e945123424cc89469a90678589758a94f43ae930b87db080dd47825a17719ab,1495,
2026-06-13T21:16:54+00:00,MAST / Lightkurve,https://mast.stsci.edu/,TrES-2 b,TrES-2,data/raw/mast/lightkurve/tres_2_b/tess/metadata.json,metadata.json,json,TESS,search_metadata,"target=""TrES-2"", mission=""TESS""",downloaded,,f866fb7a36d5611838c88c5a66ccf27c34034ed70f806c8af129171b1d5a032b,476,
2026-06-13T21:17:00+00:00,MAST / Lightkurve,https://mast.stsci.edu/,HD 189733 b,HD 189733,data/raw/mast/lightkurve/hd_189733_b/kepler/search_results.csv,search_results.csv,csv,Kepler,search_results,"target=""HD 189733"", mission=""Kepler""",downloaded,,01ba4719c80b6fe911b091a7c05124b64eeece964e09c058ef8f9805daca546b,1,Full Lightkurve search result table; no analytical processing applied.
2026-06-13T21:17:00+00:00,MAST / Lightkurve,https://mast.stsci.edu/,HD 189733 b,HD 189733,data/raw/mast/lightkurve/hd_189733_b/kepler/download_manifest.csv,download_manifest.csv,csv,Kepler,download_manifest,"target=""HD 189733"", mission=""Kepler""",downloaded,,d2beded780385a1c609014b0156b0b4f516e06b8634e1ffdb5bbbdb398cad513,148,
2026-06-13T21:17:00+00:00,MAST / Lightkurve,https://mast.stsci.edu/,HD 189733 b,HD 189733,data/raw/mast/lightkurve/hd_189733_b/kepler/metadata.json,metadata.json,json,Kepler,search_metadata,"target=""HD 189733"", mission=""Kepler""",downloaded,,9cbf4ae471d09452fae31700514f1c75a3caf1fb4deb5ccdb9a36ac5797c3ea6,489,
2026-06-13T21:17:07+00:00,MAST / Lightkurve,https://mast.stsci.edu/,HD 189733 b,HD 189733,data/raw/mast/lightkurve/hd_189733_b/k2/search_results.csv,search_results.csv,csv,K2,search_results,"target=""HD 189733"", mission=""K2""",downloaded,,01ba4719c80b6fe911b091a7c05124b64eeece964e09c058ef8f9805daca546b,1,Full Lightkurve search result table; no analytical processing applied.
2026-06-13T21:17:07+00:00,MAST / Lightkurve,https://mast.stsci.edu/,HD 189733 b,HD 189733,data/raw/mast/lightkurve/hd_189733_b/k2/download_manifest.csv,download_manifest.csv,csv,K2,download_manifest,"target=""HD 189733"", mission=""K2""",downloaded,,d2beded780385a1c609014b0156b0b4f516e06b8634e1ffdb5bbbdb398cad513,148,
2026-06-13T21:17:07+00:00,MAST / Lightkurve,https://mast.stsci.edu/,HD 189733 b,HD 189733,data/raw/mast/lightkurve/hd_189733_b/k2/metadata.json,metadata.json,json,K2,search_metadata,"target=""HD 189733"", mission=""K2""",downloaded,,82b134822d61bc6b41f6b0c2e9329b202dcbbc11d710f193f3e966465fb355c7,481,
2026-06-13T21:17:12+00:00,MAST / Lightkurve,https://mast.stsci.edu/,HD 189733 b,HD 189733,data/raw/mast/lightkurve/hd_189733_b/tess/search_results.csv,search_results.csv,csv,TESS,search_results,"target=""HD 189733"", mission=""TESS""",downloaded,,54a70794f47bf7f5860e6599796987b6fc3180d7f6cc3b2987082081fe0ea6d9,12269,Full Lightkurve search result table; no analytical processing applied.
2026-06-13T21:17:14+00:00,MAST / Lightkurve,https://mast.stsci.edu/api/v0.1/Download/file?uri=mast:TESS/product/tess2021204101404-s0041-0000000256364928-0212-s_lc.fits,HD 189733 b,HD 189733,data/raw/mast/lightkurve/hd_189733_b/tess/mastDownload/TESS/tess2021204101404-s0041-0000000256364928-0212-s/tess2021204101404-s0041-0000000256364928-0212-s_lc.fits,tess2021204101404-s0041-0000000256364928-0212-s_lc.fits,fits,TESS,light_curve,"target=""HD 189733"", mission=""TESS""",downloaded_or_cached,,442c1d97c549019f46b98026a6b74cd380112722e3e230e79203559f67cc326b,1944000,MAST author=SPOC; original archive FITS product.
2026-06-13T21:17:16+00:00,MAST / Lightkurve,https://mast.stsci.edu/api/v0.1/Download/file?uri=mast:TESS/product/tess2022190063128-s0054-0000000256364928-0227-s_lc.fits,HD 189733 b,HD 189733,data/raw/mast/lightkurve/hd_189733_b/tess/mastDownload/TESS/tess2022190063128-s0054-0000000256364928-0227-s/tess2022190063128-s0054-0000000256364928-0227-s_lc.fits,tess2022190063128-s0054-0000000256364928-0227-s_lc.fits,fits,TESS,light_curve,"target=""HD 189733"", mission=""TESS""",downloaded_or_cached,,5d0423dae1340eea6a8ebaafa5dede4ce3d551d94b43a1a1b5f9ddc9f1e5c963,1918080,MAST author=SPOC; original archive FITS product.
2026-06-13T21:17:18+00:00,MAST / Lightkurve,https://mast.stsci.edu/api/v0.1/Download/file?uri=mast:TESS/product/tess2024196212429-s0081-0000000256364928-0276-s_lc.fits,HD 189733 b,HD 189733,data/raw/mast/lightkurve/hd_189733_b/tess/mastDownload/TESS/tess2024196212429-s0081-0000000256364928-0276-s/tess2024196212429-s0081-0000000256364928-0276-s_lc.fits,tess2024196212429-s0081-0000000256364928-0276-s_lc.fits,fits,TESS,light_curve,"target=""HD 189733"", mission=""TESS""",downloaded_or_cached,,52923df5f5ca44f4eabb69db62385d44da6bb1f63e73c136b847fe3fa5451c77,1946880,MAST author=SPOC; original archive FITS product.
2026-06-13T21:17:18+00:00,MAST / Lightkurve,https://mast.stsci.edu/,HD 189733 b,HD 189733,data/raw/mast/lightkurve/hd_189733_b/tess/download_manifest.csv,download_manifest.csv,csv,TESS,download_manifest,"target=""HD 189733"", mission=""TESS""",downloaded,,bc74bab066a64df0626da049bc724c0ec5d094597cba00cea007664418ac5370,1522,
2026-06-13T21:17:18+00:00,MAST / Lightkurve,https://mast.stsci.edu/,HD 189733 b,HD 189733,data/raw/mast/lightkurve/hd_189733_b/tess/metadata.json,metadata.json,json,TESS,search_metadata,"target=""HD 189733"", mission=""TESS""",downloaded,,ab1c51314664599ab1010d9aa31e124cfd28cf8aa2038e023f3dab2a6d908c34,485,
2026-06-13T21:17:22+00:00,MAST / Lightkurve,https://mast.stsci.edu/,HD 209458 b,HD 209458,data/raw/mast/lightkurve/hd_209458_b/kepler/search_results.csv,search_results.csv,csv,Kepler,search_results,"target=""HD 209458"", mission=""Kepler""",downloaded,,01ba4719c80b6fe911b091a7c05124b64eeece964e09c058ef8f9805daca546b,1,Full Lightkurve search result table; no analytical processing applied.
2026-06-13T21:17:22+00:00,MAST / Lightkurve,https://mast.stsci.edu/,HD 209458 b,HD 209458,data/raw/mast/lightkurve/hd_209458_b/kepler/download_manifest.csv,download_manifest.csv,csv,Kepler,download_manifest,"target=""HD 209458"", mission=""Kepler""",downloaded,,d2beded780385a1c609014b0156b0b4f516e06b8634e1ffdb5bbbdb398cad513,148,
2026-06-13T21:17:22+00:00,MAST / Lightkurve,https://mast.stsci.edu/,HD 209458 b,HD 209458,data/raw/mast/lightkurve/hd_209458_b/kepler/metadata.json,metadata.json,json,Kepler,search_metadata,"target=""HD 209458"", mission=""Kepler""",downloaded,,e67b0186c7262cbb48f30a814a1e78b3fc105f311c404e789c5ce1e82d0707f3,489,
2026-06-13T21:17:29+00:00,MAST / Lightkurve,https://mast.stsci.edu/,HD 209458 b,HD 209458,data/raw/mast/lightkurve/hd_209458_b/k2/search_results.csv,search_results.csv,csv,K2,search_results,"target=""HD 209458"", mission=""K2""",downloaded,,01ba4719c80b6fe911b091a7c05124b64eeece964e09c058ef8f9805daca546b,1,Full Lightkurve search result table; no analytical processing applied.
2026-06-13T21:17:29+00:00,MAST / Lightkurve,https://mast.stsci.edu/,HD 209458 b,HD 209458,data/raw/mast/lightkurve/hd_209458_b/k2/download_manifest.csv,download_manifest.csv,csv,K2,download_manifest,"target=""HD 209458"", mission=""K2""",downloaded,,d2beded780385a1c609014b0156b0b4f516e06b8634e1ffdb5bbbdb398cad513,148,
2026-06-13T21:17:29+00:00,MAST / Lightkurve,https://mast.stsci.edu/,HD 209458 b,HD 209458,data/raw/mast/lightkurve/hd_209458_b/k2/metadata.json,metadata.json,json,K2,search_metadata,"target=""HD 209458"", mission=""K2""",downloaded,,46d4820e9a4cad581d4e283acaef7838fceb1317d40465d95d308a094af2714d,481,
2026-06-13T21:17:33+00:00,MAST / Lightkurve,https://mast.stsci.edu/,HD 209458 b,HD 209458,data/raw/mast/lightkurve/hd_209458_b/tess/search_results.csv,search_results.csv,csv,TESS,search_results,"target=""HD 209458"", mission=""TESS""",downloaded,,06c997af68fa976103e5d9d09d394c594659824553994e6c48b981aeac3edb6a,7282,Full Lightkurve search result table; no analytical processing applied.
2026-06-13T21:17:36+00:00,MAST / Lightkurve,https://mast.stsci.edu/api/v0.1/Download/file?uri=mast:TESS/product/tess2022244194134-s0056-0000000420814525-0243-s_lc.fits,HD 209458 b,HD 209458,data/raw/mast/lightkurve/hd_209458_b/tess/mastDownload/TESS/tess2022244194134-s0056-0000000420814525-0243-s/tess2022244194134-s0056-0000000420814525-0243-s_lc.fits,tess2022244194134-s0056-0000000420814525-0243-s_lc.fits,fits,TESS,light_curve,"target=""HD 209458"", mission=""TESS""",downloaded_or_cached,,1b76b4a4b73e24954fa6e29a7e28a174685113ecdbad1bf10ef0e7b766ce99e9,2039040,MAST author=SPOC; original archive FITS product.
2026-06-13T21:17:38+00:00,MAST / Lightkurve,https://mast.stsci.edu/api/v0.1/Download/file?uri=mast:TESS/product/tess2024223182411-s0082-0000000420814525-0278-s_lc.fits,HD 209458 b,HD 209458,data/raw/mast/lightkurve/hd_209458_b/tess/mastDownload/TESS/tess2024223182411-s0082-0000000420814525-0278-s/tess2024223182411-s0082-0000000420814525-0278-s_lc.fits,tess2024223182411-s0082-0000000420814525-0278-s_lc.fits,fits,TESS,light_curve,"target=""HD 209458"", mission=""TESS""",downloaded_or_cached,,b52cc91c245c66402f996cedc9209da2b1558d52efbf2e743904f1b8b9e27c83,1892160,MAST author=SPOC; original archive FITS product.
2026-06-13T21:17:41+00:00,MAST / Lightkurve,https://mast.stsci.edu/api/v0.1/Download/file?uri=mast:TESS/product/tess2022244194134-s0056-0000000420814525-0243-a_fast-lc.fits,HD 209458 b,HD 209458,data/raw/mast/lightkurve/hd_209458_b/tess/mastDownload/TESS/tess2022244194134-s0056-0000000420814525-0243-a_fast/tess2022244194134-s0056-0000000420814525-0243-a_fast-lc.fits,tess2022244194134-s0056-0000000420814525-0243-a_fast-lc.fits,fits,TESS,light_curve,"target=""HD 209458"", mission=""TESS""",downloaded_or_cached,,553457afa7afcd8f8a1b69407bd514608a56d0609a42610c0153d9e71890879f,12078720,MAST author=SPOC; original archive FITS product.
2026-06-13T21:17:41+00:00,MAST / Lightkurve,https://mast.stsci.edu/,HD 209458 b,HD 209458,data/raw/mast/lightkurve/hd_209458_b/tess/download_manifest.csv,download_manifest.csv,csv,TESS,download_manifest,"target=""HD 209458"", mission=""TESS""",downloaded,,e8905c73bb55f7aae90be2081dabcaa85fd11759961f902bea492f0e71c576a4,1543,
2026-06-13T21:17:41+00:00,MAST / Lightkurve,https://mast.stsci.edu/,HD 209458 b,HD 209458,data/raw/mast/lightkurve/hd_209458_b/tess/metadata.json,metadata.json,json,TESS,search_metadata,"target=""HD 209458"", mission=""TESS""",downloaded,,842bd61c986f2d302700865b213f4bca66e305268977f9dc57e60db4826c7e94,484,
2026-06-13T21:17:46+00:00,MAST / Lightkurve,https://mast.stsci.edu/,WASP-12 b,WASP-12,data/raw/mast/lightkurve/wasp_12_b/kepler/search_results.csv,search_results.csv,csv,Kepler,search_results,"target=""WASP-12"", mission=""Kepler""",downloaded,,01ba4719c80b6fe911b091a7c05124b64eeece964e09c058ef8f9805daca546b,1,Full Lightkurve search result table; no analytical processing applied.
2026-06-13T21:17:46+00:00,MAST / Lightkurve,https://mast.stsci.edu/,WASP-12 b,WASP-12,data/raw/mast/lightkurve/wasp_12_b/kepler/download_manifest.csv,download_manifest.csv,csv,Kepler,download_manifest,"target=""WASP-12"", mission=""Kepler""",downloaded,,d2beded780385a1c609014b0156b0b4f516e06b8634e1ffdb5bbbdb398cad513,148,
2026-06-13T21:17:46+00:00,MAST / Lightkurve,https://mast.stsci.edu/,WASP-12 b,WASP-12,data/raw/mast/lightkurve/wasp_12_b/kepler/metadata.json,metadata.json,json,Kepler,search_metadata,"target=""WASP-12"", mission=""Kepler""",downloaded,,9e6f1b7274de77fe947fedcaf3529d7d8f46ee9db369a5155e7c32af1b971ac3,483,
2026-06-13T21:17:48+00:00,MAST / Lightkurve,https://mast.stsci.edu/,WASP-12 b,WASP-12,data/raw/mast/lightkurve/wasp_12_b/k2/search_results.csv,search_results.csv,csv,K2,search_results,"target=""WASP-12"", mission=""K2""",downloaded,,01ba4719c80b6fe911b091a7c05124b64eeece964e09c058ef8f9805daca546b,1,Full Lightkurve search result table; no analytical processing applied.
2026-06-13T21:17:48+00:00,MAST / Lightkurve,https://mast.stsci.edu/,WASP-12 b,WASP-12,data/raw/mast/lightkurve/wasp_12_b/k2/download_manifest.csv,download_manifest.csv,csv,K2,download_manifest,"target=""WASP-12"", mission=""K2""",downloaded,,d2beded780385a1c609014b0156b0b4f516e06b8634e1ffdb5bbbdb398cad513,148,
2026-06-13T21:17:48+00:00,MAST / Lightkurve,https://mast.stsci.edu/,WASP-12 b,WASP-12,data/raw/mast/lightkurve/wasp_12_b/k2/metadata.json,metadata.json,json,K2,search_metadata,"target=""WASP-12"", mission=""K2""",downloaded,,6331a7251aece1fcf9cf77d0a5b392287e78e6e6fa6197870ca18644fdd2b6b7,475,
2026-06-13T21:17:53+00:00,MAST / Lightkurve,https://mast.stsci.edu/,WASP-12 b,WASP-12,data/raw/mast/lightkurve/wasp_12_b/tess/search_results.csv,search_results.csv,csv,TESS,search_results,"target=""WASP-12"", mission=""TESS""",downloaded,,51cb8c9382a6b004b2febc1798026d575eb4435f777f8d445d64498297b0b62d,22014,Full Lightkurve search result table; no analytical processing applied.
2026-06-13T21:17:55+00:00,MAST / Lightkurve,https://mast.stsci.edu/api/v0.1/Download/file?uri=mast:TESS/product/tess2019357164649-s0020-0000000086396382-0165-s_lc.fits,WASP-12 b,WASP-12,data/raw/mast/lightkurve/wasp_12_b/tess/mastDownload/TESS/tess2019357164649-s0020-0000000086396382-0165-s/tess2019357164649-s0020-0000000086396382-0165-s_lc.fits,tess2019357164649-s0020-0000000086396382-0165-s_lc.fits,fits,TESS,light_curve,"target=""WASP-12"", mission=""TESS""",downloaded_or_cached,,497b2e27ffc8f6a2f1c76b388d7a5f4943ecd4e48b89c3882e7d014be91857b7,1926720,MAST author=SPOC; original archive FITS product.
2026-06-13T21:17:57+00:00,MAST / Lightkurve,https://mast.stsci.edu/api/v0.1/Download/file?uri=mast:TESS/product/tess2021258175143-s0043-0000000086396382-0214-s_lc.fits,WASP-12 b,WASP-12,data/raw/mast/lightkurve/wasp_12_b/tess/mastDownload/TESS/tess2021258175143-s0043-0000000086396382-0214-s/tess2021258175143-s0043-0000000086396382-0214-s_lc.fits,tess2021258175143-s0043-0000000086396382-0214-s_lc.fits,fits,TESS,light_curve,"target=""WASP-12"", mission=""TESS""",downloaded_or_cached,,e3d5c6f76884014ec1dec1eb60f04eaf734330a7abd8eef99141f49df03b2493,1811520,MAST author=SPOC; original archive FITS product.
2026-06-13T21:18:00+00:00,MAST / Lightkurve,https://mast.stsci.edu/api/v0.1/Download/file?uri=mast:TESS/product/tess2021284114741-s0044-0000000086396382-0215-s_lc.fits,WASP-12 b,WASP-12,data/raw/mast/lightkurve/wasp_12_b/tess/mastDownload/TESS/tess2021284114741-s0044-0000000086396382-0215-s/tess2021284114741-s0044-0000000086396382-0215-s_lc.fits,tess2021284114741-s0044-0000000086396382-0215-s_lc.fits,fits,TESS,light_curve,"target=""WASP-12"", mission=""TESS""",downloaded_or_cached,,fab2038adf1134d3d5069c2dc5e01f2bcd17a7d524629edb669118a11b204e0a,1776960,MAST author=SPOC; original archive FITS product.
2026-06-13T21:18:00+00:00,MAST / Lightkurve,https://mast.stsci.edu/,WASP-12 b,WASP-12,data/raw/mast/lightkurve/wasp_12_b/tess/download_manifest.csv,download_manifest.csv,csv,TESS,download_manifest,"target=""WASP-12"", mission=""TESS""",downloaded,,aff086513628e9cee6f0d18713a1ece48b0a1692325c947f6d3b5d9bd2be4ff5,1501,
2026-06-13T21:18:00+00:00,MAST / Lightkurve,https://mast.stsci.edu/,WASP-12 b,WASP-12,data/raw/mast/lightkurve/wasp_12_b/tess/metadata.json,metadata.json,json,TESS,search_metadata,"target=""WASP-12"", mission=""TESS""",downloaded,,e9e2fedd54f985f93c36e4b28da918ef15b395e83a564434fc68dc28edf86c0a,479,
2026-06-13T21:18:04+00:00,MAST / Lightkurve,https://mast.stsci.edu/,WASP-10 b,WASP-10,data/raw/mast/lightkurve/wasp_10_b/kepler/search_results.csv,search_results.csv,csv,Kepler,search_results,"target=""WASP-10"", mission=""Kepler""",downloaded,,01ba4719c80b6fe911b091a7c05124b64eeece964e09c058ef8f9805daca546b,1,Full Lightkurve search result table; no analytical processing applied.
2026-06-13T21:18:04+00:00,MAST / Lightkurve,https://mast.stsci.edu/,WASP-10 b,WASP-10,data/raw/mast/lightkurve/wasp_10_b/kepler/download_manifest.csv,download_manifest.csv,csv,Kepler,download_manifest,"target=""WASP-10"", mission=""Kepler""",downloaded,,d2beded780385a1c609014b0156b0b4f516e06b8634e1ffdb5bbbdb398cad513,148,
2026-06-13T21:18:04+00:00,MAST / Lightkurve,https://mast.stsci.edu/,WASP-10 b,WASP-10,data/raw/mast/lightkurve/wasp_10_b/kepler/metadata.json,metadata.json,json,Kepler,search_metadata,"target=""WASP-10"", mission=""Kepler""",downloaded,,435a9c1c218ea5991be186d1afdfdf70bac0c71849a6f5797f8b76f0498be8e7,483,
2026-06-13T21:18:09+00:00,MAST / Lightkurve,https://mast.stsci.edu/,WASP-10 b,WASP-10,data/raw/mast/lightkurve/wasp_10_b/k2/search_results.csv,search_results.csv,csv,K2,search_results,"target=""WASP-10"", mission=""K2""",downloaded,,01ba4719c80b6fe911b091a7c05124b64eeece964e09c058ef8f9805daca546b,1,Full Lightkurve search result table; no analytical processing applied.
2026-06-13T21:18:09+00:00,MAST / Lightkurve,https://mast.stsci.edu/,WASP-10 b,WASP-10,data/raw/mast/lightkurve/wasp_10_b/k2/download_manifest.csv,download_manifest.csv,csv,K2,download_manifest,"target=""WASP-10"", mission=""K2""",downloaded,,d2beded780385a1c609014b0156b0b4f516e06b8634e1ffdb5bbbdb398cad513,148,
2026-06-13T21:18:09+00:00,MAST / Lightkurve,https://mast.stsci.edu/,WASP-10 b,WASP-10,data/raw/mast/lightkurve/wasp_10_b/k2/metadata.json,metadata.json,json,K2,search_metadata,"target=""WASP-10"", mission=""K2""",downloaded,,e5fc16149e0d5042b2276be1501f1bb97d129b0b81256fcf96f57ebb8afc9f63,475,
2026-06-13T21:18:12+00:00,MAST / Lightkurve,https://mast.stsci.edu/,WASP-10 b,WASP-10,data/raw/mast/lightkurve/wasp_10_b/tess/search_results.csv,search_results.csv,csv,TESS,search_results,"target=""WASP-10"", mission=""TESS""",downloaded,,316751c73d4a5919b6b8ce45b73dd129b7c84a5553c7cd46ee0952be546afe41,6375,Full Lightkurve search result table; no analytical processing applied.
2026-06-13T21:18:14+00:00,MAST / Lightkurve,https://mast.stsci.edu/api/v0.1/Download/file?uri=mast:TESS/product/tess2022244194134-s0056-0000000431701493-0243-s_lc.fits,WASP-10 b,WASP-10,data/raw/mast/lightkurve/wasp_10_b/tess/mastDownload/TESS/tess2022244194134-s0056-0000000431701493-0243-s/tess2022244194134-s0056-0000000431701493-0243-s_lc.fits,tess2022244194134-s0056-0000000431701493-0243-s_lc.fits,fits,TESS,light_curve,"target=""WASP-10"", mission=""TESS""",downloaded_or_cached,,9a48cfeb8e34dda9484f6b566cc266fb4e1d0620c34259e5bdaf35f3b670a1d7,2039040,MAST author=SPOC; original archive FITS product.
2026-06-13T21:18:16+00:00,MAST / Lightkurve,https://mast.stsci.edu/api/v0.1/Download/file?uri=mast:TESS/product/tess2024249191853-s0083-0000000431701493-0280-s_lc.fits,WASP-10 b,WASP-10,data/raw/mast/lightkurve/wasp_10_b/tess/mastDownload/TESS/tess2024249191853-s0083-0000000431701493-0280-s/tess2024249191853-s0083-0000000431701493-0280-s_lc.fits,tess2024249191853-s0083-0000000431701493-0280-s_lc.fits,fits,TESS,light_curve,"target=""WASP-10"", mission=""TESS""",downloaded_or_cached,,cfdaae645a7867ca4867da75fe9b85a47b7dbc1fa27ffdc12cabca4f92884360,1825920,MAST author=SPOC; original archive FITS product.
2026-06-13T21:18:18+00:00,MAST / Lightkurve,https://mast.stsci.edu/api/v0.1/Download/file?uri=mast:TESS/product/tess2024249191853-s0083-0000000431701493-0280-a_fast-lc.fits,WASP-10 b,WASP-10,data/raw/mast/lightkurve/wasp_10_b/tess/mastDownload/TESS/tess2024249191853-s0083-0000000431701493-0280-a_fast/tess2024249191853-s0083-0000000431701493-0280-a_fast-lc.fits,tess2024249191853-s0083-0000000431701493-0280-a_fast-lc.fits,fits,TESS,light_curve,"target=""WASP-10"", mission=""TESS""",downloaded_or_cached,,96728f1f8c59b417edfed7efbe87dde31b3880037e14c0883746367db7b945a1,10811520,MAST author=SPOC; original archive FITS product.
2026-06-13T21:18:18+00:00,MAST / Lightkurve,https://mast.stsci.edu/,WASP-10 b,WASP-10,data/raw/mast/lightkurve/wasp_10_b/tess/download_manifest.csv,download_manifest.csv,csv,TESS,download_manifest,"target=""WASP-10"", mission=""TESS""",downloaded,,fa7be24421ef6ad35e09879e6bc5aff9d825cc50904268169db2a77dcbccfa3d,1525,
2026-06-13T21:18:18+00:00,MAST / Lightkurve,https://mast.stsci.edu/,WASP-10 b,WASP-10,data/raw/mast/lightkurve/wasp_10_b/tess/metadata.json,metadata.json,json,TESS,search_metadata,"target=""WASP-10"", mission=""TESS""",downloaded,,bbc823205c607a4e01b5b838310f10731d852cb56b6190921ce1daaf4b9c5f41,478,
2026-06-13T21:18:21+00:00,MAST / Lightkurve,https://mast.stsci.edu/,WASP-4 b,WASP-4,data/raw/mast/lightkurve/wasp_4_b/kepler/search_results.csv,search_results.csv,csv,Kepler,search_results,"target=""WASP-4"", mission=""Kepler""",downloaded,,01ba4719c80b6fe911b091a7c05124b64eeece964e09c058ef8f9805daca546b,1,Full Lightkurve search result table; no analytical processing applied.
2026-06-13T21:18:21+00:00,MAST / Lightkurve,https://mast.stsci.edu/,WASP-4 b,WASP-4,data/raw/mast/lightkurve/wasp_4_b/kepler/download_manifest.csv,download_manifest.csv,csv,Kepler,download_manifest,"target=""WASP-4"", mission=""Kepler""",downloaded,,d2beded780385a1c609014b0156b0b4f516e06b8634e1ffdb5bbbdb398cad513,148,
2026-06-13T21:18:21+00:00,MAST / Lightkurve,https://mast.stsci.edu/,WASP-4 b,WASP-4,data/raw/mast/lightkurve/wasp_4_b/kepler/metadata.json,metadata.json,json,Kepler,search_metadata,"target=""WASP-4"", mission=""Kepler""",downloaded,,621f6f6a2efeb7b83ccb313c080e975358b380eae953009cf6e3c6ede278b4e3,480,
2026-06-13T21:18:25+00:00,MAST / Lightkurve,https://mast.stsci.edu/,WASP-4 b,WASP-4,data/raw/mast/lightkurve/wasp_4_b/k2/search_results.csv,search_results.csv,csv,K2,search_results,"target=""WASP-4"", mission=""K2""",downloaded,,01ba4719c80b6fe911b091a7c05124b64eeece964e09c058ef8f9805daca546b,1,Full Lightkurve search result table; no analytical processing applied.
2026-06-13T21:18:25+00:00,MAST / Lightkurve,https://mast.stsci.edu/,WASP-4 b,WASP-4,data/raw/mast/lightkurve/wasp_4_b/k2/download_manifest.csv,download_manifest.csv,csv,K2,download_manifest,"target=""WASP-4"", mission=""K2""",downloaded,,d2beded780385a1c609014b0156b0b4f516e06b8634e1ffdb5bbbdb398cad513,148,
2026-06-13T21:18:25+00:00,MAST / Lightkurve,https://mast.stsci.edu/,WASP-4 b,WASP-4,data/raw/mast/lightkurve/wasp_4_b/k2/metadata.json,metadata.json,json,K2,search_metadata,"target=""WASP-4"", mission=""K2""",downloaded,,c58baa2913da0a4dec9e6c41408dc7b94ba4328321e21bda72c7049632d7b855,472,
2026-06-13T21:18:32+00:00,MAST / Lightkurve,https://mast.stsci.edu/,WASP-4 b,WASP-4,data/raw/mast/lightkurve/wasp_4_b/tess/search_results.csv,search_results.csv,csv,TESS,search_results,"target=""WASP-4"", mission=""TESS""",downloaded,,dbec2d1d48a1b1e939727c147681f7fd96a0278583eae5323888895475433739,24763,Full Lightkurve search result table; no analytical processing applied.
2026-06-13T21:18:35+00:00,MAST / Lightkurve,https://mast.stsci.edu/api/v0.1/Download/file?uri=mast:TESS/product/tess2018234235059-s0002-0000000402026209-0121-s_lc.fits,WASP-4 b,WASP-4,data/raw/mast/lightkurve/wasp_4_b/tess/mastDownload/TESS/tess2018234235059-s0002-0000000402026209-0121-s/tess2018234235059-s0002-0000000402026209-0121-s_lc.fits,tess2018234235059-s0002-0000000402026209-0121-s_lc.fits,fits,TESS,light_curve,"target=""WASP-4"", mission=""TESS""",downloaded_or_cached,,5fa487ee43dba32c196901277234570f781e3d6ff82b8b1cab777617e3f6a783,2004480,MAST author=SPOC; original archive FITS product.
2026-06-13T21:18:37+00:00,MAST / Lightkurve,https://mast.stsci.edu/api/v0.1/Download/file?uri=mast:TESS/product/tess2020212050318-s0028-0000000402026209-0190-s_lc.fits,WASP-4 b,WASP-4,data/raw/mast/lightkurve/wasp_4_b/tess/mastDownload/TESS/tess2020212050318-s0028-0000000402026209-0190-s/tess2020212050318-s0028-0000000402026209-0190-s_lc.fits,tess2020212050318-s0028-0000000402026209-0190-s_lc.fits,fits,TESS,light_curve,"target=""WASP-4"", mission=""TESS""",downloaded_or_cached,,38d6cc7826e61450ddb7c1f9330d398c6910a11d2647fc6bf529aea0ea731fc4,1848960,MAST author=SPOC; original archive FITS product.
2026-06-13T21:18:39+00:00,MAST / Lightkurve,https://mast.stsci.edu/api/v0.1/Download/file?uri=mast:TESS/product/tess2020238165205-s0029-0000000402026209-0193-s_lc.fits,WASP-4 b,WASP-4,data/raw/mast/lightkurve/wasp_4_b/tess/mastDownload/TESS/tess2020238165205-s0029-0000000402026209-0193-s/tess2020238165205-s0029-0000000402026209-0193-s_lc.fits,tess2020238165205-s0029-0000000402026209-0193-s_lc.fits,fits,TESS,light_curve,"target=""WASP-4"", mission=""TESS""",downloaded_or_cached,,96b0306bd6ffdc043882633da1a21d0d9f425d13eacda32cb0dd86cf0662fc53,1915200,MAST author=SPOC; original archive FITS product.
2026-06-13T21:18:39+00:00,MAST / Lightkurve,https://mast.stsci.edu/,WASP-4 b,WASP-4,data/raw/mast/lightkurve/wasp_4_b/tess/download_manifest.csv,download_manifest.csv,csv,TESS,download_manifest,"target=""WASP-4"", mission=""TESS""",downloaded,,fcbc9f12ba83bdcc8a3434648c9b1d88f86a383336c4df4802a7e9b95bb7d946,1495,
2026-06-13T21:18:39+00:00,MAST / Lightkurve,https://mast.stsci.edu/,WASP-4 b,WASP-4,data/raw/mast/lightkurve/wasp_4_b/tess/metadata.json,metadata.json,json,TESS,search_metadata,"target=""WASP-4"", mission=""TESS""",downloaded,,dc476bf8465221a2ca61c26bb7b4767e83cd6d4bb0ecda8127b9f31cdd88b0e4,476,
2026-06-13T21:18:42+00:00,MAST / Lightkurve,https://mast.stsci.edu/,HAT-P-32 b,HAT-P-32,data/raw/mast/lightkurve/hat_p_32_b/kepler/search_results.csv,search_results.csv,csv,Kepler,search_results,"target=""HAT-P-32"", mission=""Kepler""",downloaded,,01ba4719c80b6fe911b091a7c05124b64eeece964e09c058ef8f9805daca546b,1,Full Lightkurve search result table; no analytical processing applied.
2026-06-13T21:18:42+00:00,MAST / Lightkurve,https://mast.stsci.edu/,HAT-P-32 b,HAT-P-32,data/raw/mast/lightkurve/hat_p_32_b/kepler/download_manifest.csv,download_manifest.csv,csv,Kepler,download_manifest,"target=""HAT-P-32"", mission=""Kepler""",downloaded,,d2beded780385a1c609014b0156b0b4f516e06b8634e1ffdb5bbbdb398cad513,148,
2026-06-13T21:18:42+00:00,MAST / Lightkurve,https://mast.stsci.edu/,HAT-P-32 b,HAT-P-32,data/raw/mast/lightkurve/hat_p_32_b/kepler/metadata.json,metadata.json,json,Kepler,search_metadata,"target=""HAT-P-32"", mission=""Kepler""",downloaded,,52b56838bade05efbe4b39f89fe1f00c2a9a26882ed71dfac1f11bb0c1ca9a71,486,
2026-06-13T21:18:47+00:00,MAST / Lightkurve,https://mast.stsci.edu/,HAT-P-32 b,HAT-P-32,data/raw/mast/lightkurve/hat_p_32_b/k2/search_results.csv,search_results.csv,csv,K2,search_results,"target=""HAT-P-32"", mission=""K2""",downloaded,,01ba4719c80b6fe911b091a7c05124b64eeece964e09c058ef8f9805daca546b,1,Full Lightkurve search result table; no analytical processing applied.
2026-06-13T21:18:47+00:00,MAST / Lightkurve,https://mast.stsci.edu/,HAT-P-32 b,HAT-P-32,data/raw/mast/lightkurve/hat_p_32_b/k2/download_manifest.csv,download_manifest.csv,csv,K2,download_manifest,"target=""HAT-P-32"", mission=""K2""",downloaded,,d2beded780385a1c609014b0156b0b4f516e06b8634e1ffdb5bbbdb398cad513,148,
2026-06-13T21:18:47+00:00,MAST / Lightkurve,https://mast.stsci.edu/,HAT-P-32 b,HAT-P-32,data/raw/mast/lightkurve/hat_p_32_b/k2/metadata.json,metadata.json,json,K2,search_metadata,"target=""HAT-P-32"", mission=""K2""",downloaded,,5f86907be2277c356b1504691bc0cb810f76e194fa8ef4a70cdb19b8cbdaa976,478,
2026-06-13T21:18:49+00:00,MAST / Lightkurve,https://mast.stsci.edu/,HAT-P-32 b,HAT-P-32,data/raw/mast/lightkurve/hat_p_32_b/tess/search_results.csv,search_results.csv,csv,TESS,search_results,"target=""HAT-P-32"", mission=""TESS""",downloaded,,8f428ed391c450b95487f5f4c8b7c798243d9231925888e7983e8ac22d45f92c,8121,Full Lightkurve search result table; no analytical processing applied.
2026-06-13T21:18:51+00:00,MAST / Lightkurve,https://mast.stsci.edu/api/v0.1/Download/file?uri=mast:TESS/product/tess2022302161335-s0058-0000000292152376-0247-s_lc.fits,HAT-P-32 b,HAT-P-32,data/raw/mast/lightkurve/hat_p_32_b/tess/mastDownload/TESS/tess2022302161335-s0058-0000000292152376-0247-s/tess2022302161335-s0058-0000000292152376-0247-s_lc.fits,tess2022302161335-s0058-0000000292152376-0247-s_lc.fits,fits,TESS,light_curve,"target=""HAT-P-32"", mission=""TESS""",downloaded_or_cached,,808d5c6fa9608095cc7638e91424fefac5232af2c2b0df3ee5b4766c6f5ebc69,2027520,MAST author=SPOC; original archive FITS product.
2026-06-13T21:18:54+00:00,MAST / Lightkurve,https://mast.stsci.edu/api/v0.1/Download/file?uri=mast:TESS/product/tess2022302161335-s0058-0000000292152376-0247-a_fast-lc.fits,HAT-P-32 b,HAT-P-32,data/raw/mast/lightkurve/hat_p_32_b/tess/mastDownload/TESS/tess2022302161335-s0058-0000000292152376-0247-a_fast/tess2022302161335-s0058-0000000292152376-0247-a_fast-lc.fits,tess2022302161335-s0058-0000000292152376-0247-a_fast-lc.fits,fits,TESS,light_curve,"target=""HAT-P-32"", mission=""TESS""",downloaded_or_cached,,e052ee2bbefb925cbd78c8c8f87ffef1fb5a2b2e0e766323b86144f4b8800c90,12006720,MAST author=SPOC; original archive FITS product.
2026-06-13T21:18:55+00:00,MAST / Lightkurve,https://mast.stsci.edu/api/v0.1/Download/file?uri=mast:HLSP/tess-spoc/s0018/target/0000/0002/9215/2376/hlsp_tess-spoc_tess_phot_0000000292152376-s0018_tess_v1_lc.fits,HAT-P-32 b,HAT-P-32,data/raw/mast/lightkurve/hat_p_32_b/tess/mastDownload/HLSP/hlsp_tess-spoc_tess_phot_0000000292152376-s0018_tess_v1_tp/hlsp_tess-spoc_tess_phot_0000000292152376-s0018_tess_v1_lc.fits,hlsp_tess-spoc_tess_phot_0000000292152376-s0018_tess_v1_lc.fits,fits,TESS,light_curve,"target=""HAT-P-32"", mission=""TESS""",downloaded_or_cached,,eecca928d21d73ca762fddee7060241a6f7cd67280030dd9ed51c834957fb15c,146880,MAST author=TESS-SPOC; original archive FITS product.
2026-06-13T21:18:55+00:00,MAST / Lightkurve,https://mast.stsci.edu/,HAT-P-32 b,HAT-P-32,data/raw/mast/lightkurve/hat_p_32_b/tess/download_manifest.csv,download_manifest.csv,csv,TESS,download_manifest,"target=""HAT-P-32"", mission=""TESS""",downloaded,,4b252e2c95855312f21a622da1ea2ff7d7f3612e2b293e0c7f018a8579ffa5db,1608,
2026-06-13T21:18:55+00:00,MAST / Lightkurve,https://mast.stsci.edu/,HAT-P-32 b,HAT-P-32,data/raw/mast/lightkurve/hat_p_32_b/tess/metadata.json,metadata.json,json,TESS,search_metadata,"target=""HAT-P-32"", mission=""TESS""",downloaded,,b9b04feba10795fa33554aac7558998496f3d96c55eede81b3a31897173ce8cf,481,
2026-06-13T21:18:56+00:00,Exo.MAST,https://exo.mast.stsci.edu/api/v0.1/exoplanets/identifiers/?name=HAT-P-7+b,HAT-P-7 b,HAT-P-7,data/raw/exomast/hat_p_7_b/identifiers.json,identifiers.json,json,,planet_identifiers,HAT-P-7 b,downloaded,,60ee5d3950dd4e0c42319b4d7acc6317601380718822837f4b41afa3ea713330,388,Unmodified JSON response returned by the public Exo.MAST API.
2026-06-13T21:18:57+00:00,Exo.MAST,https://exo.mast.stsci.edu/api/v0.1/exoplanets/HAT-P-7%20b/properties,HAT-P-7 b,HAT-P-7,data/raw/exomast/hat_p_7_b/properties.json,properties.json,json,,planet_properties,HAT-P-7 b,downloaded,,98725e234c2b00fb953593fe3cac8c7ea556214c5a99e0dd00489b7cf6a109b7,28927,Unmodified JSON response returned by the public Exo.MAST API.
2026-06-13T21:18:58+00:00,Exo.MAST,https://exo.mast.stsci.edu/api/v0.1/dvdata/kepler/10666592/tces/,HAT-P-7 b,HAT-P-7,data/raw/exomast/hat_p_7_b/kepler_tces.json,kepler_tces.json,json,,tce_list,10666592,downloaded,,45f6bc0c410e63fca50a2d0e1154232241a73ff37c02d1a16da5e28153a3b6e2,65,Unmodified JSON response returned by the public Exo.MAST API.
2026-06-13T21:18:58+00:00,Exo.MAST,https://exo.mast.stsci.edu/api/v0.1/dvdata/tess/424865156/tces/,HAT-P-7 b,HAT-P-7,data/raw/exomast/hat_p_7_b/tess_tces.json,tess_tces.json,json,,tce_list,424865156,downloaded,,34ed4f98ea8991af92f96c8e8399d130ea14ad7c83e24e8383880b98654e1e95,329,Unmodified JSON response returned by the public Exo.MAST API.
2026-06-13T21:18:58+00:00,Exo.MAST,https://exo.mast.stsci.edu/docs/,HAT-P-7 b,HAT-P-7,data/raw/exomast/hat_p_7_b/notes.md,notes.md,md,,collection_notes,HAT-P-7 b,downloaded,,6ae7ca151f2e7b70af0d61a6e926f4aaf94e54be96f16b738e349033a6721c84,426,
2026-06-13T21:18:58+00:00,Exo.MAST,https://exo.mast.stsci.edu/api/v0.1/exoplanets/identifiers/?name=TrES-2+b,TrES-2 b,TrES-2,data/raw/exomast/tres_2_b/identifiers.json,identifiers.json,json,,planet_identifiers,TrES-2 b,downloaded,,30b7e8b1924642c0d9839b9573993699e89f4fc1942e81e469e3639a6957f107,262,Unmodified JSON response returned by the public Exo.MAST API.
2026-06-13T21:18:59+00:00,Exo.MAST,https://exo.mast.stsci.edu/api/v0.1/exoplanets/TrES-2%20b/properties,TrES-2 b,TrES-2,data/raw/exomast/tres_2_b/properties.json,properties.json,json,,planet_properties,TrES-2 b,downloaded,,934c5e408bded5d3f5945d510cca1f198cf0ab4daa450c4d3afbf0fe3b1a73d1,28842,Unmodified JSON response returned by the public Exo.MAST API.
2026-06-13T21:18:59+00:00,Exo.MAST,https://exo.mast.stsci.edu/api/v0.1/dvdata/kepler/11446443/tces/,TrES-2 b,TrES-2,data/raw/exomast/tres_2_b/kepler_tces.json,kepler_tces.json,json,,tce_list,11446443,downloaded,,90d6962eb48821ab59ff74a186edf954bc5d489d563409ada8b4fa02c84e2dd7,17,Unmodified JSON response returned by the public Exo.MAST API.
2026-06-13T21:19:00+00:00,Exo.MAST,https://exo.mast.stsci.edu/api/v0.1/dvdata/tess/399860444/tces/,TrES-2 b,TrES-2,data/raw/exomast/tres_2_b/tess_tces.json,tess_tces.json,json,,tce_list,399860444,downloaded,,36117bc6f227e7a1e7801f5f58d488b565fe7300d40b147413cc86f48adddfe7,289,Unmodified JSON response returned by the public Exo.MAST API.
2026-06-13T21:19:00+00:00,Exo.MAST,https://exo.mast.stsci.edu/docs/,TrES-2 b,TrES-2,data/raw/exomast/tres_2_b/notes.md,notes.md,md,,collection_notes,TrES-2 b,downloaded,,ca89d362a732d27e775be825839e487d16878e92f3e2559cac7d68961a06c756,425,
2026-06-13T21:19:00+00:00,Exo.MAST,https://exo.mast.stsci.edu/api/v0.1/exoplanets/identifiers/?name=HD+189733+b,HD 189733 b,HD 189733,data/raw/exomast/hd_189733_b/identifiers.json,identifiers.json,json,,planet_identifiers,HD 189733 b,downloaded,,07ecbc926fa436e7840958ad44c3fd8d918b8bdda74a088fff6266d6448dcfef,652,Unmodified JSON response returned by the public Exo.MAST API.
2026-06-13T21:19:01+00:00,Exo.MAST,https://exo.mast.stsci.edu/api/v0.1/exoplanets/HD%20189733%20b/properties,HD 189733 b,HD 189733,data/raw/exomast/hd_189733_b/properties.json,properties.json,json,,planet_properties,HD 189733 b,downloaded,,4c0fd76427f6448da2452c4b56570547668cc6028c11342a1255624dc99fac34,22902,Unmodified JSON response returned by the public Exo.MAST API.
2026-06-13T21:19:01+00:00,Exo.MAST,https://exo.mast.stsci.edu/api/v0.1/dvdata/tess/256364928/tces/,HD 189733 b,HD 189733,data/raw/exomast/hd_189733_b/tess_tces.json,tess_tces.json,json,,tce_list,256364928,downloaded,,d4373bbfaed947316e3e8e83b504f2a8b6a7811e93f0187ec59436eb27b6113e,109,Unmodified JSON response returned by the public Exo.MAST API.
2026-06-13T21:19:01+00:00,Exo.MAST,https://exo.mast.stsci.edu/docs/,HD 189733 b,HD 189733,data/raw/exomast/hd_189733_b/notes.md,notes.md,md,,collection_notes,HD 189733 b,downloaded,,0f6e5ccbd0fec35bfec1a570de3ab63b4ccfa8d511702902b4b1676a2c8625fb,403,
2026-06-13T21:19:02+00:00,Exo.MAST,https://exo.mast.stsci.edu/api/v0.1/exoplanets/identifiers/?name=HD+209458+b,HD 209458 b,HD 209458,data/raw/exomast/hd_209458_b/identifiers.json,identifiers.json,json,,planet_identifiers,HD 209458 b,downloaded,,e01fc60db8e54169e0cafef6aa1ded518a6df626680a9d098c9bae20c9d0eaee,507,Unmodified JSON response returned by the public Exo.MAST API.
2026-06-13T21:19:03+00:00,Exo.MAST,https://exo.mast.stsci.edu/api/v0.1/exoplanets/HD%20209458%20b/properties,HD 209458 b,HD 209458,data/raw/exomast/hd_209458_b/properties.json,properties.json,json,,planet_properties,HD 209458 b,downloaded,,c0b628e79ec46163f990242332ac0de6a114a5af846e08087e3f267ef234678c,22812,Unmodified JSON response returned by the public Exo.MAST API.
2026-06-13T21:19:03+00:00,Exo.MAST,https://exo.mast.stsci.edu/api/v0.1/dvdata/tess/420814525/tces/,HD 209458 b,HD 209458,data/raw/exomast/hd_209458_b/tess_tces.json,tess_tces.json,json,,tce_list,420814525,downloaded,,ce065663320b197feaf720a46c72da52a65559d5e463583c7c86e1056f0ee235,69,Unmodified JSON response returned by the public Exo.MAST API.
2026-06-13T21:19:03+00:00,Exo.MAST,https://exo.mast.stsci.edu/docs/,HD 209458 b,HD 209458,data/raw/exomast/hd_209458_b/notes.md,notes.md,md,,collection_notes,HD 209458 b,downloaded,,fffa9c4e3f8bc9b79777c2a899b759a67eca9b341e15186857dbc62d8934e7ac,403,
2026-06-13T21:19:03+00:00,Exo.MAST,https://exo.mast.stsci.edu/api/v0.1/exoplanets/identifiers/?name=WASP-12+b,WASP-12 b,WASP-12,data/raw/exomast/wasp_12_b/identifiers.json,identifiers.json,json,,planet_identifiers,WASP-12 b,downloaded,,729b890ea4246514b303f5f44e97a9ac40cfec0fe29dddcd31422a9a57a1457c,339,Unmodified JSON response returned by the public Exo.MAST API.
2026-06-13T21:19:04+00:00,Exo.MAST,https://exo.mast.stsci.edu/api/v0.1/exoplanets/WASP-12%20b/properties,WASP-12 b,WASP-12,data/raw/exomast/wasp_12_b/properties.json,properties.json,json,,planet_properties,WASP-12 b,downloaded,,d90ce9dd15c45b5bf9743efcb3a5fe8db9d189627492d8d2650f146b48840d39,22967,Unmodified JSON response returned by the public Exo.MAST API.
2026-06-13T21:19:05+00:00,Exo.MAST,https://exo.mast.stsci.edu/api/v0.1/dvdata/tess/86396382/tces/,WASP-12 b,WASP-12,data/raw/exomast/wasp_12_b/tess_tces.json,tess_tces.json,json,,tce_list,86396382,downloaded,,62a98b2b32e0b60ac34a6326032eea1386c63c0c5771ff2dcb04654d081e8308,249,Unmodified JSON response returned by the public Exo.MAST API.
2026-06-13T21:19:05+00:00,Exo.MAST,https://exo.mast.stsci.edu/docs/,WASP-12 b,WASP-12,data/raw/exomast/wasp_12_b/notes.md,notes.md,md,,collection_notes,WASP-12 b,downloaded,,c793a8629dd07237796c9a874c6ebbb437e12f63181ad562b127f039bcb420bc,401,
2026-06-13T21:19:05+00:00,Exo.MAST,https://exo.mast.stsci.edu/api/v0.1/exoplanets/identifiers/?name=WASP-10+b,WASP-10 b,WASP-10,data/raw/exomast/wasp_10_b/identifiers.json,identifiers.json,json,,planet_identifiers,WASP-10 b,downloaded,,b47928853b51594569a1b3a1be68fe6af4bfeefd90b1bab1da2fc2624003ff8c,362,Unmodified JSON response returned by the public Exo.MAST API.
2026-06-13T21:19:06+00:00,Exo.MAST,https://exo.mast.stsci.edu/api/v0.1/exoplanets/WASP-10%20b/properties,WASP-10 b,WASP-10,data/raw/exomast/wasp_10_b/properties.json,properties.json,json,,planet_properties,WASP-10 b,downloaded,,00acee021c86e2009c4f40aa2b4de59ebeb074534f49f6f70369505f0e91c110,23011,Unmodified JSON response returned by the public Exo.MAST API.
2026-06-13T21:19:06+00:00,Exo.MAST,https://exo.mast.stsci.edu/api/v0.1/dvdata/tess/431701493/tces/,WASP-10 b,WASP-10,data/raw/exomast/wasp_10_b/tess_tces.json,tess_tces.json,json,,tce_list,431701493,downloaded,,b816c5a182fcce48e93cfe2413773ec5f3623776f42e0dd1aaae9ad5339b5a42,69,Unmodified JSON response returned by the public Exo.MAST API.
2026-06-13T21:19:06+00:00,Exo.MAST,https://exo.mast.stsci.edu/docs/,WASP-10 b,WASP-10,data/raw/exomast/wasp_10_b/notes.md,notes.md,md,,collection_notes,WASP-10 b,downloaded,,7787a40c0a7e53420594abdad4e41a293f486833e57c976024d6b3fa76e4df25,401,
2026-06-13T21:19:07+00:00,Exo.MAST,https://exo.mast.stsci.edu/api/v0.1/exoplanets/identifiers/?name=WASP-4+b,WASP-4 b,WASP-4,data/raw/exomast/wasp_4_b/identifiers.json,identifiers.json,json,,planet_identifiers,WASP-4 b,downloaded,,472271582f09193bd288251bf0878cc34fc413678575a84a1eee5f7470c5efd9,398,Unmodified JSON response returned by the public Exo.MAST API.
2026-06-13T21:19:07+00:00,Exo.MAST,https://exo.mast.stsci.edu/api/v0.1/exoplanets/WASP-4%20b/properties,WASP-4 b,WASP-4,data/raw/exomast/wasp_4_b/properties.json,properties.json,json,,planet_properties,WASP-4 b,downloaded,,5dfc46394ccd111bd1cd2d5532a6d524a6bae3c99f406c288be836ab916ef2d2,23116,Unmodified JSON response returned by the public Exo.MAST API.
2026-06-13T21:19:08+00:00,Exo.MAST,https://exo.mast.stsci.edu/api/v0.1/dvdata/tess/402026209/tces/,WASP-4 b,WASP-4,data/raw/exomast/wasp_4_b/tess_tces.json,tess_tces.json,json,,tce_list,402026209,downloaded,,a874ee7ffc62f4111bdebfcc79973167edfdd80315c9242ee06a7d290ee3bbf7,149,Unmodified JSON response returned by the public Exo.MAST API.
2026-06-13T21:19:08+00:00,Exo.MAST,https://exo.mast.stsci.edu/docs/,WASP-4 b,WASP-4,data/raw/exomast/wasp_4_b/notes.md,notes.md,md,,collection_notes,WASP-4 b,downloaded,,1b107c6c8675d8c82d90cb25fef2de068cdca1930b33594751674e7dea0212ec,400,
2026-06-13T21:19:08+00:00,Exo.MAST,https://exo.mast.stsci.edu/api/v0.1/exoplanets/identifiers/?name=HAT-P-32+b,HAT-P-32 b,HAT-P-32,data/raw/exomast/hat_p_32_b/identifiers.json,identifiers.json,json,,planet_identifiers,HAT-P-32 b,downloaded,,b78df9a1fb0dc9348bacee013560a7c183f7d68fc71ee3e6cae42a2cd5aca234,337,Unmodified JSON response returned by the public Exo.MAST API.
2026-06-13T21:19:09+00:00,Exo.MAST,https://exo.mast.stsci.edu/api/v0.1/exoplanets/HAT-P-32%20b/properties,HAT-P-32 b,HAT-P-32,data/raw/exomast/hat_p_32_b/properties.json,properties.json,json,,planet_properties,HAT-P-32 b,downloaded,,422ede77ea7c7b6a4b739ff52c32c9d2ca22242dcfa92b5418a37fdbd6f790ac,22629,Unmodified JSON response returned by the public Exo.MAST API.
2026-06-13T21:19:09+00:00,Exo.MAST,https://exo.mast.stsci.edu/api/v0.1/dvdata/tess/292152376/tces/,HAT-P-32 b,HAT-P-32,data/raw/exomast/hat_p_32_b/tess_tces.json,tess_tces.json,json,,tce_list,292152376,downloaded,,5d4701591cf80a0df3442aa05001ce512067110c97a49501bdffca86c6ca4721,29,Unmodified JSON response returned by the public Exo.MAST API.
2026-06-13T21:19:10+00:00,Exo.MAST,https://exo.mast.stsci.edu/docs/,HAT-P-32 b,HAT-P-32,data/raw/exomast/hat_p_32_b/notes.md,notes.md,md,,collection_notes,HAT-P-32 b,downloaded,,c3aebdd583c6d4fe6bb1fb75854b6dba041531f4907a94d5eb01d1490cd7fe01,402,
2026-06-13T21:20:08+00:00,ETD / VarAstro,https://var.astro.cz/en/Exoplanets?name=HAT-P-7+b,HAT-P-7 b,HAT-P-7,data/raw/etd_varastro/html_snapshots/hat_p_7_b/catalog_search.html,catalog_search.html,html,,catalog_search_snapshot,HAT-P-7 b,downloaded,,f875c7f84b79bdd592aad25ba4ab92ea48096994348b03b5c79a6d64a213a927,26484,Unmodified public HTML response from VarAstro.
2026-06-13T21:20:08+00:00,ETD / VarAstro,https://var.astro.cz/en/Exoplanets?name=HAT-P-7+b,HAT-P-7 b,HAT-P-7,data/raw/etd_varastro/extracted_metadata/hat_p_7_b/observations.csv,observations.csv,csv,,extracted_public_metadata,HAT-P-7 b,downloaded,,b09a3f0ebc00787e4d513fd3173f80aa89f7a21c4bc284f377cdfbacd8de7538,137,Metadata extracted from public HTML tables. raw_metadata_json preserves each source row without inferred or estimated values.
2026-06-13T21:20:10+00:00,ETD / VarAstro,https://var.astro.cz/en/Projects/4,HAT-P-7 b,HAT-P-7,,,,,ground_based_light_curve,HAT-P-7 b,failed,Candidate download URL returned HTML instead of a data file,,,
2026-06-13T21:20:10+00:00,ETD / VarAstro,https://var.astro.cz/en/Exoplanets?name=HAT-P-7+b,HAT-P-7 b,HAT-P-7,data/raw/etd_varastro/extracted_metadata/hat_p_7_b/notes.md,notes.md,md,,collection_notes,HAT-P-7 b,downloaded,,2a6b15ae619879564864aeae4ea35614365cab5281ea4244a74f9f631f45dd6b,653,
2026-06-13T21:20:10+00:00,ETD / VarAstro,https://var.astro.cz/en/Exoplanets?name=HAT-P-7+b,HAT-P-7 b,HAT-P-7,data/raw/etd_varastro/manifests/hat_p_7_b_manifest.csv,hat_p_7_b_manifest.csv,csv,,source_manifest,HAT-P-7 b,downloaded,,e6e0bd9642cbd7748bafbe02a5ae1758d031a180a1ce082e120ea8642b34bb28,1147,
2026-06-13T21:20:12+00:00,ETD / VarAstro,https://var.astro.cz/en/Exoplanets?name=TrES-2+b,TrES-2 b,TrES-2,data/raw/etd_varastro/html_snapshots/tres_2_b/catalog_search.html,catalog_search.html,html,,catalog_search_snapshot,TrES-2 b,downloaded,,588c146de80c98712ea9cbf6b66d07b4fc883366d74879743b124d0006edb255,26479,Unmodified public HTML response from VarAstro.
2026-06-13T21:20:12+00:00,ETD / VarAstro,https://var.astro.cz/en/Exoplanets?name=TrES-2+b,TrES-2 b,TrES-2,data/raw/etd_varastro/extracted_metadata/tres_2_b/observations.csv,observations.csv,csv,,extracted_public_metadata,TrES-2 b,downloaded,,b09a3f0ebc00787e4d513fd3173f80aa89f7a21c4bc284f377cdfbacd8de7538,137,Metadata extracted from public HTML tables. raw_metadata_json preserves each source row without inferred or estimated values.
2026-06-13T21:20:15+00:00,ETD / VarAstro,https://var.astro.cz/en/Projects/4,TrES-2 b,TrES-2,,,,,ground_based_light_curve,TrES-2 b,failed,Candidate download URL returned HTML instead of a data file,,,
2026-06-13T21:20:15+00:00,ETD / VarAstro,https://var.astro.cz/en/Exoplanets?name=TrES-2+b,TrES-2 b,TrES-2,data/raw/etd_varastro/extracted_metadata/tres_2_b/notes.md,notes.md,md,,collection_notes,TrES-2 b,downloaded,,d5e3e10f38dd3c10e8f89d07e61872db79467164c0e4981345c32df996660ffb,649,
2026-06-13T21:20:15+00:00,ETD / VarAstro,https://var.astro.cz/en/Exoplanets?name=TrES-2+b,TrES-2 b,TrES-2,data/raw/etd_varastro/manifests/tres_2_b_manifest.csv,tres_2_b_manifest.csv,csv,,source_manifest,TrES-2 b,downloaded,,1d00a20d8f7463b95cbdc37d79ee90b030447da08027647f327198a206798d51,1133,
2026-06-13T21:20:17+00:00,ETD / VarAstro,https://var.astro.cz/en/Exoplanets?name=HD+189733+b,HD 189733 b,HD 189733,data/raw/etd_varastro/html_snapshots/hd_189733_b/catalog_search.html,catalog_search.html,html,,catalog_search_snapshot,HD 189733 b,downloaded,,c8a4b05e158c27cc614f3cb7270f9a84ef08e82aea186582146c0410a88c419d,26507,Unmodified public HTML response from VarAstro.
2026-06-13T21:20:17+00:00,ETD / VarAstro,https://var.astro.cz/en/Exoplanets?name=HD+189733+b,HD 189733 b,HD 189733,data/raw/etd_varastro/extracted_metadata/hd_189733_b/observations.csv,observations.csv,csv,,extracted_public_metadata,HD 189733 b,downloaded,,b09a3f0ebc00787e4d513fd3173f80aa89f7a21c4bc284f377cdfbacd8de7538,137,Metadata extracted from public HTML tables. raw_metadata_json preserves each source row without inferred or estimated values.
2026-06-13T21:20:17+00:00,ETD / VarAstro,https://var.astro.cz/en/Projects/4,HD 189733 b,HD 189733,,,,,ground_based_light_curve,HD 189733 b,failed,Candidate download URL returned HTML instead of a data file,,,
2026-06-13T21:20:17+00:00,ETD / VarAstro,https://var.astro.cz/en/Exoplanets?name=HD+189733+b,HD 189733 b,HD 189733,data/raw/etd_varastro/extracted_metadata/hd_189733_b/notes.md,notes.md,md,,collection_notes,HD 189733 b,downloaded,,7374fe9f19b0d2d289c8888fe168efb936948cfa2dba43790efaf02b7e4eb3ee,661,
2026-06-13T21:20:17+00:00,ETD / VarAstro,https://var.astro.cz/en/Exoplanets?name=HD+189733+b,HD 189733 b,HD 189733,data/raw/etd_varastro/manifests/hd_189733_b_manifest.csv,hd_189733_b_manifest.csv,csv,,source_manifest,HD 189733 b,downloaded,,52276f81e1baaacd9b1c9ba6046efc3465bc272e5ef216861fee8b9cf257940f,1175,
2026-06-13T21:20:19+00:00,ETD / VarAstro,https://var.astro.cz/en/Exoplanets?name=HD+209458+b,HD 209458 b,HD 209458,data/raw/etd_varastro/html_snapshots/hd_209458_b/catalog_search.html,catalog_search.html,html,,catalog_search_snapshot,HD 209458 b,downloaded,,f8ea48c389a1d56110bf6647e41708735d318e4df0db0cfed412a498d694bab9,26507,Unmodified public HTML response from VarAstro.
2026-06-13T21:20:19+00:00,ETD / VarAstro,https://var.astro.cz/en/Exoplanets?name=HD+209458+b,HD 209458 b,HD 209458,data/raw/etd_varastro/extracted_metadata/hd_209458_b/observations.csv,observations.csv,csv,,extracted_public_metadata,HD 209458 b,downloaded,,b09a3f0ebc00787e4d513fd3173f80aa89f7a21c4bc284f377cdfbacd8de7538,137,Metadata extracted from public HTML tables. raw_metadata_json preserves each source row without inferred or estimated values.
2026-06-13T21:20:21+00:00,ETD / VarAstro,https://var.astro.cz/en/Projects/4,HD 209458 b,HD 209458,,,,,ground_based_light_curve,HD 209458 b,failed,Candidate download URL returned HTML instead of a data file,,,
2026-06-13T21:20:21+00:00,ETD / VarAstro,https://var.astro.cz/en/Exoplanets?name=HD+209458+b,HD 209458 b,HD 209458,data/raw/etd_varastro/extracted_metadata/hd_209458_b/notes.md,notes.md,md,,collection_notes,HD 209458 b,downloaded,,8091a8d0432c7a6e41ca29385014c2a89dd86b4345ff8ae5de5e18909ccfa4bb,661,
2026-06-13T21:20:21+00:00,ETD / VarAstro,https://var.astro.cz/en/Exoplanets?name=HD+209458+b,HD 209458 b,HD 209458,data/raw/etd_varastro/manifests/hd_209458_b_manifest.csv,hd_209458_b_manifest.csv,csv,,source_manifest,HD 209458 b,downloaded,,6c79343d2c5f3e270901e8531935980bbc18b69400eab04603e35f6ee8e6606b,1175,
2026-06-13T21:20:24+00:00,ETD / VarAstro,https://var.astro.cz/en/Exoplanets?name=WASP-12+b,WASP-12 b,WASP-12,data/raw/etd_varastro/html_snapshots/wasp_12_b/catalog_search.html,catalog_search.html,html,,catalog_search_snapshot,WASP-12 b,downloaded,,b8882f8796e6eeec8311687ed4f7df8177715153ea785ab29db4eb7b330d9b79,26484,Unmodified public HTML response from VarAstro.
2026-06-13T21:20:24+00:00,ETD / VarAstro,https://var.astro.cz/en/Exoplanets?name=WASP-12+b,WASP-12 b,WASP-12,data/raw/etd_varastro/extracted_metadata/wasp_12_b/observations.csv,observations.csv,csv,,extracted_public_metadata,WASP-12 b,downloaded,,b09a3f0ebc00787e4d513fd3173f80aa89f7a21c4bc284f377cdfbacd8de7538,137,Metadata extracted from public HTML tables. raw_metadata_json preserves each source row without inferred or estimated values.
2026-06-13T21:20:26+00:00,ETD / VarAstro,https://var.astro.cz/en/Projects/4,WASP-12 b,WASP-12,,,,,ground_based_light_curve,WASP-12 b,failed,Candidate download URL returned HTML instead of a data file,,,
2026-06-13T21:20:26+00:00,ETD / VarAstro,https://var.astro.cz/en/Exoplanets?name=WASP-12+b,WASP-12 b,WASP-12,data/raw/etd_varastro/extracted_metadata/wasp_12_b/notes.md,notes.md,md,,collection_notes,WASP-12 b,downloaded,,0c78c3fc622b9cea5c15d8f1939171992b1dc2217631bf71eb652507ec5be6b6,653,
2026-06-13T21:20:26+00:00,ETD / VarAstro,https://var.astro.cz/en/Exoplanets?name=WASP-12+b,WASP-12 b,WASP-12,data/raw/etd_varastro/manifests/wasp_12_b_manifest.csv,wasp_12_b_manifest.csv,csv,,source_manifest,WASP-12 b,downloaded,,cb2449d25d0898ab306577741911b07d340b08563819dea0aff69b89dfd14dcb,1147,
2026-06-13T21:20:28+00:00,ETD / VarAstro,https://var.astro.cz/en/Exoplanets?name=WASP-10+b,WASP-10 b,WASP-10,data/raw/etd_varastro/html_snapshots/wasp_10_b/catalog_search.html,catalog_search.html,html,,catalog_search_snapshot,WASP-10 b,downloaded,,3c5c22d5c4925ddd6f9e324466eb73456a75c9a088474751324a2b4d4e73e0d7,26484,Unmodified public HTML response from VarAstro.
2026-06-13T21:20:28+00:00,ETD / VarAstro,https://var.astro.cz/en/Exoplanets?name=WASP-10+b,WASP-10 b,WASP-10,data/raw/etd_varastro/extracted_metadata/wasp_10_b/observations.csv,observations.csv,csv,,extracted_public_metadata,WASP-10 b,downloaded,,b09a3f0ebc00787e4d513fd3173f80aa89f7a21c4bc284f377cdfbacd8de7538,137,Metadata extracted from public HTML tables. raw_metadata_json preserves each source row without inferred or estimated values.
2026-06-13T21:20:31+00:00,ETD / VarAstro,https://var.astro.cz/en/Projects/4,WASP-10 b,WASP-10,,,,,ground_based_light_curve,WASP-10 b,failed,Candidate download URL returned HTML instead of a data file,,,
2026-06-13T21:20:31+00:00,ETD / VarAstro,https://var.astro.cz/en/Exoplanets?name=WASP-10+b,WASP-10 b,WASP-10,data/raw/etd_varastro/extracted_metadata/wasp_10_b/notes.md,notes.md,md,,collection_notes,WASP-10 b,downloaded,,3755066c7a7b12824e9ff21703967826a432b1abfebfbbbb5645c83f497e1133,653,
2026-06-13T21:20:31+00:00,ETD / VarAstro,https://var.astro.cz/en/Exoplanets?name=WASP-10+b,WASP-10 b,WASP-10,data/raw/etd_varastro/manifests/wasp_10_b_manifest.csv,wasp_10_b_manifest.csv,csv,,source_manifest,WASP-10 b,downloaded,,35545663a05bc07f37a8019f3b92bd5b558657cc9ff8bb098c43ba08df8db33c,1147,
2026-06-13T21:20:33+00:00,ETD / VarAstro,https://var.astro.cz/en/Exoplanets?name=WASP-4+b,WASP-4 b,WASP-4,data/raw/etd_varastro/html_snapshots/wasp_4_b/catalog_search.html,catalog_search.html,html,,catalog_search_snapshot,WASP-4 b,downloaded,,a1490b9431d54661669078e1dd7041e11c64782bc43f2d9703ede6b227e7fba7,26479,Unmodified public HTML response from VarAstro.
2026-06-13T21:20:33+00:00,ETD / VarAstro,https://var.astro.cz/en/Exoplanets?name=WASP-4+b,WASP-4 b,WASP-4,data/raw/etd_varastro/extracted_metadata/wasp_4_b/observations.csv,observations.csv,csv,,extracted_public_metadata,WASP-4 b,downloaded,,b09a3f0ebc00787e4d513fd3173f80aa89f7a21c4bc284f377cdfbacd8de7538,137,Metadata extracted from public HTML tables. raw_metadata_json preserves each source row without inferred or estimated values.
2026-06-13T21:20:35+00:00,ETD / VarAstro,https://var.astro.cz/en/Projects/4,WASP-4 b,WASP-4,,,,,ground_based_light_curve,WASP-4 b,failed,Candidate download URL returned HTML instead of a data file,,,
2026-06-13T21:20:35+00:00,ETD / VarAstro,https://var.astro.cz/en/Exoplanets?name=WASP-4+b,WASP-4 b,WASP-4,data/raw/etd_varastro/extracted_metadata/wasp_4_b/notes.md,notes.md,md,,collection_notes,WASP-4 b,downloaded,,d9db5d18bca6bf4e5ee5c79f2bc5121a3cbca770f264ec5c5abfe2fef272c3dc,649,
2026-06-13T21:20:35+00:00,ETD / VarAstro,https://var.astro.cz/en/Exoplanets?name=WASP-4+b,WASP-4 b,WASP-4,data/raw/etd_varastro/manifests/wasp_4_b_manifest.csv,wasp_4_b_manifest.csv,csv,,source_manifest,WASP-4 b,downloaded,,1b5f3e70fd147c84f8258e7f5c708fd43d9203de803b3fa69573a7960c6adb10,1133,
2026-06-13T21:20:38+00:00,ETD / VarAstro,https://var.astro.cz/en/Exoplanets?name=HAT-P-32+b,HAT-P-32 b,HAT-P-32,data/raw/etd_varastro/html_snapshots/hat_p_32_b/catalog_search.html,catalog_search.html,html,,catalog_search_snapshot,HAT-P-32 b,downloaded,,69e322bf9f565f6c481f6b17223c6c1abd7fa989e59b1b70fb903c2e1778e7b6,26489,Unmodified public HTML response from VarAstro.
2026-06-13T21:20:38+00:00,ETD / VarAstro,https://var.astro.cz/en/Exoplanets?name=HAT-P-32+b,HAT-P-32 b,HAT-P-32,data/raw/etd_varastro/extracted_metadata/hat_p_32_b/observations.csv,observations.csv,csv,,extracted_public_metadata,HAT-P-32 b,downloaded,,b09a3f0ebc00787e4d513fd3173f80aa89f7a21c4bc284f377cdfbacd8de7538,137,Metadata extracted from public HTML tables. raw_metadata_json preserves each source row without inferred or estimated values.
2026-06-13T21:20:40+00:00,ETD / VarAstro,https://var.astro.cz/en/Projects/4,HAT-P-32 b,HAT-P-32,,,,,ground_based_light_curve,HAT-P-32 b,failed,Candidate download URL returned HTML instead of a data file,,,
2026-06-13T21:20:40+00:00,ETD / VarAstro,https://var.astro.cz/en/Exoplanets?name=HAT-P-32+b,HAT-P-32 b,HAT-P-32,data/raw/etd_varastro/extracted_metadata/hat_p_32_b/notes.md,notes.md,md,,collection_notes,HAT-P-32 b,downloaded,,69ee808796cc4766bd3395753f2eb40bf6ad1700aeed04bbd3ab7696f009fe36,657,
2026-06-13T21:20:40+00:00,ETD / VarAstro,https://var.astro.cz/en/Exoplanets?name=HAT-P-32+b,HAT-P-32 b,HAT-P-32,data/raw/etd_varastro/manifests/hat_p_32_b_manifest.csv,hat_p_32_b_manifest.csv,csv,,source_manifest,HAT-P-32 b,downloaded,,4e94dec6c08a6c0e9786cb08f0c37d4b6f5a63bf2e234f54d5435577a443b6a7,1161,
2026-06-13T21:22:32+00:00,ETD / VarAstro,https://var.astro.cz/en/Exoplanets?name=HAT-P-7+b,HAT-P-7 b,HAT-P-7,data/raw/etd_varastro/html_snapshots/hat_p_7_b/catalog_search.html,catalog_search.html,html,,catalog_search_snapshot,HAT-P-7 b,skipped_existing,,f875c7f84b79bdd592aad25ba4ab92ea48096994348b03b5c79a6d64a213a927,26484,Unmodified public HTML response from VarAstro.
2026-06-13T21:22:35+00:00,ETD / VarAstro,https://var.astro.cz/en/Exoplanets,HAT-P-7 b,HAT-P-7,,,,,catalog_or_detail_snapshot,HAT-P-7 b,failed,401 Client Error: Unauthorized for url: https://var.astro.cz/api/Search/Exoplanets?pageId=1&pageSize=20&name=HAT-P-7+b,,,
2026-06-13T21:22:35+00:00,ETD / VarAstro,https://var.astro.cz/en/Exoplanets?name=HAT-P-7+b,HAT-P-7 b,HAT-P-7,data/raw/etd_varastro/extracted_metadata/hat_p_7_b/observations.csv,observations.csv,csv,,extracted_public_metadata,HAT-P-7 b,skipped_existing,,b09a3f0ebc00787e4d513fd3173f80aa89f7a21c4bc284f377cdfbacd8de7538,137,Metadata extracted from public HTML tables. raw_metadata_json preserves each source row without inferred or estimated values.
2026-06-13T21:22:35+00:00,ETD / VarAstro,https://var.astro.cz/en/Exoplanets?name=HAT-P-7+b,HAT-P-7 b,HAT-P-7,data/raw/etd_varastro/extracted_metadata/hat_p_7_b/notes_api.md,notes_api.md,md,,collection_notes,HAT-P-7 b,downloaded,,7a3522396488078463fc4a4e2a4431b757dfccc8ab53f9f95436e339b565e2a0,676,
2026-06-13T21:22:35+00:00,ETD / VarAstro,https://var.astro.cz/en/Exoplanets?name=HAT-P-7+b,HAT-P-7 b,HAT-P-7,data/raw/etd_varastro/manifests/hat_p_7_b_manifest_api.csv,hat_p_7_b_manifest_api.csv,csv,,source_manifest,HAT-P-7 b,downloaded,,1edda78a002ed1b0c63434be77011d5fa8db358ba94899f66a3d8723e6e7a9dd,1228,
2026-06-13T21:22:37+00:00,ETD / VarAstro,https://var.astro.cz/en/Exoplanets?name=TrES-2+b,TrES-2 b,TrES-2,data/raw/etd_varastro/html_snapshots/tres_2_b/catalog_search.html,catalog_search.html,html,,catalog_search_snapshot,TrES-2 b,skipped_existing,,588c146de80c98712ea9cbf6b66d07b4fc883366d74879743b124d0006edb255,26479,Unmodified public HTML response from VarAstro.
2026-06-13T21:22:39+00:00,ETD / VarAstro,https://var.astro.cz/en/Exoplanets,TrES-2 b,TrES-2,,,,,catalog_or_detail_snapshot,TrES-2 b,failed,401 Client Error: Unauthorized for url: https://var.astro.cz/api/Search/Exoplanets?pageId=1&pageSize=20&name=TrES-2+b,,,
2026-06-13T21:22:39+00:00,ETD / VarAstro,https://var.astro.cz/en/Exoplanets?name=TrES-2+b,TrES-2 b,TrES-2,data/raw/etd_varastro/extracted_metadata/tres_2_b/observations.csv,observations.csv,csv,,extracted_public_metadata,TrES-2 b,skipped_existing,,b09a3f0ebc00787e4d513fd3173f80aa89f7a21c4bc284f377cdfbacd8de7538,137,Metadata extracted from public HTML tables. raw_metadata_json preserves each source row without inferred or estimated values.
2026-06-13T21:22:39+00:00,ETD / VarAstro,https://var.astro.cz/en/Exoplanets?name=TrES-2+b,TrES-2 b,TrES-2,data/raw/etd_varastro/extracted_metadata/tres_2_b/notes_api.md,notes_api.md,md,,collection_notes,TrES-2 b,downloaded,,40766e10daf0d92bcdaeaf49fa358c4bd295ec76f6893e6053b128a9751d2074,671,
2026-06-13T21:22:39+00:00,ETD / VarAstro,https://var.astro.cz/en/Exoplanets?name=TrES-2+b,TrES-2 b,TrES-2,data/raw/etd_varastro/manifests/tres_2_b_manifest_api.csv,tres_2_b_manifest_api.csv,csv,,source_manifest,TrES-2 b,downloaded,,6cde11291c809b5e9a6cae93bce1b1d01997d3127ac11aff1d4b683885865d7f,1213,
2026-06-13T21:22:42+00:00,ETD / VarAstro,https://var.astro.cz/en/Exoplanets?name=HD+189733+b,HD 189733 b,HD 189733,data/raw/etd_varastro/html_snapshots/hd_189733_b/catalog_search.html,catalog_search.html,html,,catalog_search_snapshot,HD 189733 b,skipped_existing,,c8a4b05e158c27cc614f3cb7270f9a84ef08e82aea186582146c0410a88c419d,26507,Unmodified public HTML response from VarAstro.
2026-06-13T21:22:44+00:00,ETD / VarAstro,https://var.astro.cz/en/Exoplanets,HD 189733 b,HD 189733,,,,,catalog_or_detail_snapshot,HD 189733 b,failed,401 Client Error: Unauthorized for url: https://var.astro.cz/api/Search/Exoplanets?pageId=1&pageSize=20&name=HD+189733+b,,,
2026-06-13T21:22:44+00:00,ETD / VarAstro,https://var.astro.cz/en/Exoplanets?name=HD+189733+b,HD 189733 b,HD 189733,data/raw/etd_varastro/extracted_metadata/hd_189733_b/observations.csv,observations.csv,csv,,extracted_public_metadata,HD 189733 b,skipped_existing,,b09a3f0ebc00787e4d513fd3173f80aa89f7a21c4bc284f377cdfbacd8de7538,137,Metadata extracted from public HTML tables. raw_metadata_json preserves each source row without inferred or estimated values.
2026-06-13T21:22:44+00:00,ETD / VarAstro,https://var.astro.cz/en/Exoplanets?name=HD+189733+b,HD 189733 b,HD 189733,data/raw/etd_varastro/extracted_metadata/hd_189733_b/notes_api.md,notes_api.md,md,,collection_notes,HD 189733 b,downloaded,,1ddec874c90b1ea2c9fc2360e948a0c12243060cdedf69d64d51a299577a1bf7,686,
2026-06-13T21:22:44+00:00,ETD / VarAstro,https://var.astro.cz/en/Exoplanets?name=HD+189733+b,HD 189733 b,HD 189733,data/raw/etd_varastro/manifests/hd_189733_b_manifest_api.csv,hd_189733_b_manifest_api.csv,csv,,source_manifest,HD 189733 b,downloaded,,831272e937b6b85484a39460ed2e7c5da7ec0065c4c7c3471ebd05be0e3eec8c,1258,
2026-06-13T21:22:46+00:00,ETD / VarAstro,https://var.astro.cz/en/Exoplanets?name=HD+209458+b,HD 209458 b,HD 209458,data/raw/etd_varastro/html_snapshots/hd_209458_b/catalog_search.html,catalog_search.html,html,,catalog_search_snapshot,HD 209458 b,skipped_existing,,f8ea48c389a1d56110bf6647e41708735d318e4df0db0cfed412a498d694bab9,26507,Unmodified public HTML response from VarAstro.
2026-06-13T21:22:49+00:00,ETD / VarAstro,https://var.astro.cz/en/Exoplanets,HD 209458 b,HD 209458,,,,,catalog_or_detail_snapshot,HD 209458 b,failed,401 Client Error: Unauthorized for url: https://var.astro.cz/api/Search/Exoplanets?pageId=1&pageSize=20&name=HD+209458+b,,,
2026-06-13T21:22:49+00:00,ETD / VarAstro,https://var.astro.cz/en/Exoplanets?name=HD+209458+b,HD 209458 b,HD 209458,data/raw/etd_varastro/extracted_metadata/hd_209458_b/observations.csv,observations.csv,csv,,extracted_public_metadata,HD 209458 b,skipped_existing,,b09a3f0ebc00787e4d513fd3173f80aa89f7a21c4bc284f377cdfbacd8de7538,137,Metadata extracted from public HTML tables. raw_metadata_json preserves each source row without inferred or estimated values.
2026-06-13T21:22:49+00:00,ETD / VarAstro,https://var.astro.cz/en/Exoplanets?name=HD+209458+b,HD 209458 b,HD 209458,data/raw/etd_varastro/extracted_metadata/hd_209458_b/notes_api.md,notes_api.md,md,,collection_notes,HD 209458 b,downloaded,,2a864b717852f3047cab03714026af6adc7004e5747a9e0f9ee56ae831aa5db1,686,
2026-06-13T21:22:49+00:00,ETD / VarAstro,https://var.astro.cz/en/Exoplanets?name=HD+209458+b,HD 209458 b,HD 209458,data/raw/etd_varastro/manifests/hd_209458_b_manifest_api.csv,hd_209458_b_manifest_api.csv,csv,,source_manifest,HD 209458 b,downloaded,,89c0e852e22580b2e5f4798a72d2fec02c2cc973fa6922f24d4859af5c8dac51,1258,
2026-06-13T21:22:49+00:00,ETD / VarAstro,https://var.astro.cz/en/Exoplanets?name=WASP-12+b,WASP-12 b,WASP-12,data/raw/etd_varastro/html_snapshots/wasp_12_b/catalog_search.html,catalog_search.html,html,,catalog_search_snapshot,WASP-12 b,skipped_existing,,b8882f8796e6eeec8311687ed4f7df8177715153ea785ab29db4eb7b330d9b79,26484,Unmodified public HTML response from VarAstro.
2026-06-13T21:22:51+00:00,ETD / VarAstro,https://var.astro.cz/en/Exoplanets,WASP-12 b,WASP-12,,,,,catalog_or_detail_snapshot,WASP-12 b,failed,401 Client Error: Unauthorized for url: https://var.astro.cz/api/Search/Exoplanets?pageId=1&pageSize=20&name=WASP-12+b,,,
2026-06-13T21:22:51+00:00,ETD / VarAstro,https://var.astro.cz/en/Exoplanets?name=WASP-12+b,WASP-12 b,WASP-12,data/raw/etd_varastro/extracted_metadata/wasp_12_b/observations.csv,observations.csv,csv,,extracted_public_metadata,WASP-12 b,skipped_existing,,b09a3f0ebc00787e4d513fd3173f80aa89f7a21c4bc284f377cdfbacd8de7538,137,Metadata extracted from public HTML tables. raw_metadata_json preserves each source row without inferred or estimated values.
2026-06-13T21:22:51+00:00,ETD / VarAstro,https://var.astro.cz/en/Exoplanets?name=WASP-12+b,WASP-12 b,WASP-12,data/raw/etd_varastro/extracted_metadata/wasp_12_b/notes_api.md,notes_api.md,md,,collection_notes,WASP-12 b,downloaded,,4a5cf155b22ce677712bbd5cdd8666943811eeb36e6b8adc4e61c1d6135fe99f,676,
2026-06-13T21:22:51+00:00,ETD / VarAstro,https://var.astro.cz/en/Exoplanets?name=WASP-12+b,WASP-12 b,WASP-12,data/raw/etd_varastro/manifests/wasp_12_b_manifest_api.csv,wasp_12_b_manifest_api.csv,csv,,source_manifest,WASP-12 b,downloaded,,ab057d36b9188e51cb00ad54f92eef9fb1a608829a6887554fe19bd5a3fcdd06,1228,
2026-06-13T21:22:54+00:00,ETD / VarAstro,https://var.astro.cz/en/Exoplanets?name=WASP-10+b,WASP-10 b,WASP-10,data/raw/etd_varastro/html_snapshots/wasp_10_b/catalog_search.html,catalog_search.html,html,,catalog_search_snapshot,WASP-10 b,skipped_existing,,3c5c22d5c4925ddd6f9e324466eb73456a75c9a088474751324a2b4d4e73e0d7,26484,Unmodified public HTML response from VarAstro.
2026-06-13T21:22:56+00:00,ETD / VarAstro,https://var.astro.cz/en/Exoplanets,WASP-10 b,WASP-10,,,,,catalog_or_detail_snapshot,WASP-10 b,failed,401 Client Error: Unauthorized for url: https://var.astro.cz/api/Search/Exoplanets?pageId=1&pageSize=20&name=WASP-10+b,,,
2026-06-13T21:22:56+00:00,ETD / VarAstro,https://var.astro.cz/en/Exoplanets?name=WASP-10+b,WASP-10 b,WASP-10,data/raw/etd_varastro/extracted_metadata/wasp_10_b/observations.csv,observations.csv,csv,,extracted_public_metadata,WASP-10 b,skipped_existing,,b09a3f0ebc00787e4d513fd3173f80aa89f7a21c4bc284f377cdfbacd8de7538,137,Metadata extracted from public HTML tables. raw_metadata_json preserves each source row without inferred or estimated values.
2026-06-13T21:22:56+00:00,ETD / VarAstro,https://var.astro.cz/en/Exoplanets?name=WASP-10+b,WASP-10 b,WASP-10,data/raw/etd_varastro/extracted_metadata/wasp_10_b/notes_api.md,notes_api.md,md,,collection_notes,WASP-10 b,downloaded,,38175ecc6d54c090c5407cda142a6dc49d3d3bc23a40b982f26a077d7a74630c,676,
2026-06-13T21:22:56+00:00,ETD / VarAstro,https://var.astro.cz/en/Exoplanets?name=WASP-10+b,WASP-10 b,WASP-10,data/raw/etd_varastro/manifests/wasp_10_b_manifest_api.csv,wasp_10_b_manifest_api.csv,csv,,source_manifest,WASP-10 b,downloaded,,3b5432ee6610a836d1c713d5d939be3469738d8a0247303b09cb7efa8a17f747,1228,
2026-06-13T21:22:58+00:00,ETD / VarAstro,https://var.astro.cz/en/Exoplanets?name=WASP-4+b,WASP-4 b,WASP-4,data/raw/etd_varastro/html_snapshots/wasp_4_b/catalog_search.html,catalog_search.html,html,,catalog_search_snapshot,WASP-4 b,skipped_existing,,a1490b9431d54661669078e1dd7041e11c64782bc43f2d9703ede6b227e7fba7,26479,Unmodified public HTML response from VarAstro.
2026-06-13T21:23:00+00:00,ETD / VarAstro,https://var.astro.cz/en/Exoplanets,WASP-4 b,WASP-4,,,,,catalog_or_detail_snapshot,WASP-4 b,failed,401 Client Error: Unauthorized for url: https://var.astro.cz/api/Search/Exoplanets?pageId=1&pageSize=20&name=WASP-4+b,,,
2026-06-13T21:23:00+00:00,ETD / VarAstro,https://var.astro.cz/en/Exoplanets?name=WASP-4+b,WASP-4 b,WASP-4,data/raw/etd_varastro/extracted_metadata/wasp_4_b/observations.csv,observations.csv,csv,,extracted_public_metadata,WASP-4 b,skipped_existing,,b09a3f0ebc00787e4d513fd3173f80aa89f7a21c4bc284f377cdfbacd8de7538,137,Metadata extracted from public HTML tables. raw_metadata_json preserves each source row without inferred or estimated values.
2026-06-13T21:23:00+00:00,ETD / VarAstro,https://var.astro.cz/en/Exoplanets?name=WASP-4+b,WASP-4 b,WASP-4,data/raw/etd_varastro/extracted_metadata/wasp_4_b/notes_api.md,notes_api.md,md,,collection_notes,WASP-4 b,downloaded,,201b70c2affaa3c734388ab854d3f1a87219a1e25ef5b7cc4ffaf1b5fed0dfe3,671,
2026-06-13T21:23:00+00:00,ETD / VarAstro,https://var.astro.cz/en/Exoplanets?name=WASP-4+b,WASP-4 b,WASP-4,data/raw/etd_varastro/manifests/wasp_4_b_manifest_api.csv,wasp_4_b_manifest_api.csv,csv,,source_manifest,WASP-4 b,downloaded,,374dab71eff4274e291aae64d9a836539a02d01d28dfe27b37f4a2afef06bdce,1213,
2026-06-13T21:23:03+00:00,ETD / VarAstro,https://var.astro.cz/en/Exoplanets?name=HAT-P-32+b,HAT-P-32 b,HAT-P-32,data/raw/etd_varastro/html_snapshots/hat_p_32_b/catalog_search.html,catalog_search.html,html,,catalog_search_snapshot,HAT-P-32 b,skipped_existing,,69e322bf9f565f6c481f6b17223c6c1abd7fa989e59b1b70fb903c2e1778e7b6,26489,Unmodified public HTML response from VarAstro.
2026-06-13T21:23:05+00:00,ETD / VarAstro,https://var.astro.cz/en/Exoplanets,HAT-P-32 b,HAT-P-32,,,,,catalog_or_detail_snapshot,HAT-P-32 b,failed,401 Client Error: Unauthorized for url: https://var.astro.cz/api/Search/Exoplanets?pageId=1&pageSize=20&name=HAT-P-32+b,,,
2026-06-13T21:23:05+00:00,ETD / VarAstro,https://var.astro.cz/en/Exoplanets?name=HAT-P-32+b,HAT-P-32 b,HAT-P-32,data/raw/etd_varastro/extracted_metadata/hat_p_32_b/observations.csv,observations.csv,csv,,extracted_public_metadata,HAT-P-32 b,skipped_existing,,b09a3f0ebc00787e4d513fd3173f80aa89f7a21c4bc284f377cdfbacd8de7538,137,Metadata extracted from public HTML tables. raw_metadata_json preserves each source row without inferred or estimated values.
2026-06-13T21:23:05+00:00,ETD / VarAstro,https://var.astro.cz/en/Exoplanets?name=HAT-P-32+b,HAT-P-32 b,HAT-P-32,data/raw/etd_varastro/extracted_metadata/hat_p_32_b/notes_api.md,notes_api.md,md,,collection_notes,HAT-P-32 b,downloaded,,b232c63fe9a5c706be821c7f9a7d78771bdaa2bd7d9ffb9c08d8ac054984e714,681,
2026-06-13T21:23:05+00:00,ETD / VarAstro,https://var.astro.cz/en/Exoplanets?name=HAT-P-32+b,HAT-P-32 b,HAT-P-32,data/raw/etd_varastro/manifests/hat_p_32_b_manifest_api.csv,hat_p_32_b_manifest_api.csv,csv,,source_manifest,HAT-P-32 b,downloaded,,5088819a37cb12a090e66861799e60ba6b95e224c52b49ce1e42321a33082199,1243,
2026-06-13T21:26:21+00:00,ETD / VarAstro,https://var.astro.cz/en/Exoplanets?name=HAT-P-7+b,HAT-P-7 b,HAT-P-7,data/raw/etd_varastro/html_snapshots/hat_p_7_b/catalog_search.html,catalog_search.html,html,,catalog_search_snapshot,HAT-P-7 b,skipped_existing,,f875c7f84b79bdd592aad25ba4ab92ea48096994348b03b5c79a6d64a213a927,26484,Unmodified public HTML response from VarAstro.
2026-06-13T21:26:23+00:00,ETD / VarAstro,https://var.astro.cz/api/Search/Exoplanets?pageId=1&pageSize=20&name=HAT-P-7+b,HAT-P-7 b,HAT-P-7,data/raw/etd_varastro/html_snapshots/hat_p_7_b/catalog_search_results.json,catalog_search_results.json,json,,catalog_search_api_response,HAT-P-7 b,downloaded,,0b3d57bfb4f1ef88d7268f6c9a4dd8e424558b4a74718a1d84be76acceebd89c,858,Unmodified JSON returned by the public endpoint used by the VarAstro exoplanet catalog DataTable.
2026-06-13T21:26:25+00:00,ETD / VarAstro,https://var.astro.cz/en/Exoplanets/174,HAT-P-7 b,HAT-P-7,data/raw/etd_varastro/html_snapshots/hat_p_7_b/planet_detail.html,planet_detail.html,html,,planet_detail_snapshot,HAT-P-7 b,downloaded,,badb88e404dfe5d7e88d3c3b96cb00e91da92a9623cc1ff242437f15cb6a33ed,37273,Unmodified public HTML response from VarAstro.
2026-06-13T21:26:25+00:00,ETD / VarAstro,https://var.astro.cz/en/Exoplanets/174,HAT-P-7 b,HAT-P-7,data/raw/etd_varastro/extracted_metadata/hat_p_7_b/observations_api_3f5c37e83179.csv,observations_api_3f5c37e83179.csv,csv,,extracted_public_metadata,HAT-P-7 b,downloaded,,3f5c37e83179e5f6da1ba3d62274c0da92fa9cd2cc21b74e58978be983f212e4,1081,Metadata extracted from public HTML tables. raw_metadata_json preserves each source row without inferred or estimated values.
2026-06-13T21:26:25+00:00,ETD / VarAstro,https://var.astro.cz/en/Exoplanets/174,HAT-P-7 b,HAT-P-7,data/raw/etd_varastro/extracted_metadata/hat_p_7_b/notes_api_ac5e86d3e2c2.md,notes_api_ac5e86d3e2c2.md,md,,collection_notes,HAT-P-7 b,downloaded,,ac5e86d3e2c24dff735164c21374aa83fb835fde61fc9b5c2962618c110e3f70,691,
2026-06-13T21:26:25+00:00,ETD / VarAstro,https://var.astro.cz/en/Exoplanets/174,HAT-P-7 b,HAT-P-7,data/raw/etd_varastro/manifests/hat_p_7_b_manifest_api_4bc008532926.csv,hat_p_7_b_manifest_api_4bc008532926.csv,csv,,source_manifest,HAT-P-7 b,downloaded,,4bc0085329269c2be115db1593cd90afc8afdbdbe2ca159caa889d79fcb9472a,1565,
2026-06-13T21:26:28+00:00,ETD / VarAstro,https://var.astro.cz/en/Exoplanets?name=TrES-2+b,TrES-2 b,TrES-2,data/raw/etd_varastro/html_snapshots/tres_2_b/catalog_search.html,catalog_search.html,html,,catalog_search_snapshot,TrES-2 b,skipped_existing,,588c146de80c98712ea9cbf6b66d07b4fc883366d74879743b124d0006edb255,26479,Unmodified public HTML response from VarAstro.
2026-06-13T21:26:30+00:00,ETD / VarAstro,https://var.astro.cz/api/Search/Exoplanets?pageId=1&pageSize=20&name=TrES-2+b,TrES-2 b,TrES-2,data/raw/etd_varastro/html_snapshots/tres_2_b/catalog_search_results.json,catalog_search_results.json,json,,catalog_search_api_response,TrES-2 b,downloaded,,f369af016a6490bddd0b5da559affe6ef476f0126fb18ba99fb868f3162b3ded,817,Unmodified JSON returned by the public endpoint used by the VarAstro exoplanet catalog DataTable.
2026-06-13T21:26:32+00:00,ETD / VarAstro,https://var.astro.cz/en/Exoplanets/8,TrES-2 b,TrES-2,data/raw/etd_varastro/html_snapshots/tres_2_b/planet_detail.html,planet_detail.html,html,,planet_detail_snapshot,TrES-2 b,downloaded,,c7af04028e2db2924033dc97ca423ba21ea01e37a8ae7b1ebb91383b2a9aec31,37323,Unmodified public HTML response from VarAstro.
2026-06-13T21:26:32+00:00,ETD / VarAstro,https://var.astro.cz/en/Exoplanets/8,TrES-2 b,TrES-2,data/raw/etd_varastro/extracted_metadata/tres_2_b/observations_api_2782eb146861.csv,observations_api_2782eb146861.csv,csv,,extracted_public_metadata,TrES-2 b,downloaded,,2782eb1468617baf038e50426cc110f6c387df465df37683f8095a004c3151c6,1047,Metadata extracted from public HTML tables. raw_metadata_json preserves each source row without inferred or estimated values.
2026-06-13T21:26:32+00:00,ETD / VarAstro,https://var.astro.cz/en/Exoplanets/8,TrES-2 b,TrES-2,data/raw/etd_varastro/extracted_metadata/tres_2_b/notes_api_3c51af537e61.md,notes_api_3c51af537e61.md,md,,collection_notes,TrES-2 b,downloaded,,3c51af537e61066ecef31a58b5ce604a23c6baad2e09e72566e7f2194de79d8e,684,
2026-06-13T21:26:33+00:00,ETD / VarAstro,https://var.astro.cz/en/Exoplanets/8,TrES-2 b,TrES-2,data/raw/etd_varastro/manifests/tres_2_b_manifest_api_61a1cd4f7a7d.csv,tres_2_b_manifest_api_61a1cd4f7a7d.csv,csv,,source_manifest,TrES-2 b,downloaded,,61a1cd4f7a7d8441ca57fc6d54198435e4e87cc421ea90f1ce95e02599488264,1542,
2026-06-13T21:26:35+00:00,ETD / VarAstro,https://var.astro.cz/en/Exoplanets?name=HD+189733+b,HD 189733 b,HD 189733,data/raw/etd_varastro/html_snapshots/hd_189733_b/catalog_search.html,catalog_search.html,html,,catalog_search_snapshot,HD 189733 b,skipped_existing,,c8a4b05e158c27cc614f3cb7270f9a84ef08e82aea186582146c0410a88c419d,26507,Unmodified public HTML response from VarAstro.
2026-06-13T21:26:38+00:00,ETD / VarAstro,https://var.astro.cz/api/Search/Exoplanets?pageId=1&pageSize=20&name=HD+189733+b,HD 189733 b,HD 189733,data/raw/etd_varastro/html_snapshots/hd_189733_b/catalog_search_results.json,catalog_search_results.json,json,,catalog_search_api_response,HD 189733 b,downloaded,,b9a2bc1af8bcdb2729d7c70c72180714b14203a9e188a2ad3c3b57c23e7dacac,824,Unmodified JSON returned by the public endpoint used by the VarAstro exoplanet catalog DataTable.
2026-06-13T21:26:40+00:00,ETD / VarAstro,https://var.astro.cz/en/Exoplanets/4096,HD 189733 b,HD 189733,data/raw/etd_varastro/html_snapshots/hd_189733_b/planet_detail.html,planet_detail.html,html,,planet_detail_snapshot,HD 189733 b,downloaded,,767c5404339e87e7ec633a7e4c00e73f2057ccfdf16ef57a7c420f279acbe52f,40122,Unmodified public HTML response from VarAstro.
2026-06-13T21:26:40+00:00,ETD / VarAstro,https://var.astro.cz/en/Exoplanets/4096,HD 189733 b,HD 189733,data/raw/etd_varastro/extracted_metadata/hd_189733_b/observations_api_977b123c827f.csv,observations_api_977b123c827f.csv,csv,,extracted_public_metadata,HD 189733 b,downloaded,,977b123c827f68f1744cac1ff57033d743d5062521fc3894c5905809d5dc0909,1109,Metadata extracted from public HTML tables. raw_metadata_json preserves each source row without inferred or estimated values.
2026-06-13T21:26:40+00:00,ETD / VarAstro,https://var.astro.cz/en/Exoplanets/4096,HD 189733 b,HD 189733,data/raw/etd_varastro/extracted_metadata/hd_189733_b/notes_api_b008583d8832.md,notes_api_b008583d8832.md,md,,collection_notes,HD 189733 b,downloaded,,b008583d8832567e2a928815c83e448c40fe1b88eafd30f9fc09242931d5766a,702,
2026-06-13T21:26:40+00:00,ETD / VarAstro,https://var.astro.cz/en/Exoplanets/4096,HD 189733 b,HD 189733,data/raw/etd_varastro/manifests/hd_189733_b_manifest_api_4e645d901f99.csv,hd_189733_b_manifest_api_4e645d901f99.csv,csv,,source_manifest,HD 189733 b,downloaded,,4e645d901f99e346b12d3394544e0d3c692427640ce5743b470f8da721b5992c,1602,
2026-06-13T21:26:43+00:00,ETD / VarAstro,https://var.astro.cz/en/Exoplanets?name=HD+209458+b,HD 209458 b,HD 209458,data/raw/etd_varastro/html_snapshots/hd_209458_b/catalog_search.html,catalog_search.html,html,,catalog_search_snapshot,HD 209458 b,skipped_existing,,f8ea48c389a1d56110bf6647e41708735d318e4df0db0cfed412a498d694bab9,26507,Unmodified public HTML response from VarAstro.
2026-06-13T21:26:45+00:00,ETD / VarAstro,https://var.astro.cz/api/Search/Exoplanets?pageId=1&pageSize=20&name=HD+209458+b,HD 209458 b,HD 209458,data/raw/etd_varastro/html_snapshots/hd_209458_b/catalog_search_results.json,catalog_search_results.json,json,,catalog_search_api_response,HD 209458 b,downloaded,,7732e3f9ce4c1653bb446f3a565af271f3e3609df206ce65058c3b8a16e12b6e,824,Unmodified JSON returned by the public endpoint used by the VarAstro exoplanet catalog DataTable.
2026-06-13T21:26:47+00:00,ETD / VarAstro,https://var.astro.cz/en/Exoplanets/31,HD 209458 b,HD 209458,data/raw/etd_varastro/html_snapshots/hd_209458_b/planet_detail.html,planet_detail.html,html,,planet_detail_snapshot,HD 209458 b,downloaded,,da5e5776f23a234017d40505395b81ecfde6c08b6b84fa9b609f33c750b53de8,37491,Unmodified public HTML response from VarAstro.
2026-06-13T21:26:47+00:00,ETD / VarAstro,https://var.astro.cz/en/Exoplanets/31,HD 209458 b,HD 209458,data/raw/etd_varastro/extracted_metadata/hd_209458_b/observations_api_d47cb482d274.csv,observations_api_d47cb482d274.csv,csv,,extracted_public_metadata,HD 209458 b,downloaded,,d47cb482d2746c2647e8311701f23425cf4ee37b33b3ebdb8903fa8b52241e48,1053,Metadata extracted from public HTML tables. raw_metadata_json preserves each source row without inferred or estimated values.
2026-06-13T21:26:47+00:00,ETD / VarAstro,https://var.astro.cz/en/Exoplanets/31,HD 209458 b,HD 209458,data/raw/etd_varastro/extracted_metadata/hd_209458_b/notes_api_e68726ee5944.md,notes_api_e68726ee5944.md,md,,collection_notes,HD 209458 b,downloaded,,e68726ee59446c20620a2f4571495913cfe0499dc48598486ff89cef0b5f4ca4,700,
2026-06-13T21:26:47+00:00,ETD / VarAstro,https://var.astro.cz/en/Exoplanets/31,HD 209458 b,HD 209458,data/raw/etd_varastro/manifests/hd_209458_b_manifest_api_e3a877e6d6a7.csv,hd_209458_b_manifest_api_e3a877e6d6a7.csv,csv,,source_manifest,HD 209458 b,downloaded,,e3a877e6d6a79d17c505f4e7227b128f71a39371a83e3de2695af5afad555dd6,1596,
2026-06-13T21:26:47+00:00,ETD / VarAstro,https://var.astro.cz/en/Exoplanets?name=WASP-12+b,WASP-12 b,WASP-12,data/raw/etd_varastro/html_snapshots/wasp_12_b/catalog_search.html,catalog_search.html,html,,catalog_search_snapshot,WASP-12 b,skipped_existing,,b8882f8796e6eeec8311687ed4f7df8177715153ea785ab29db4eb7b330d9b79,26484,Unmodified public HTML response from VarAstro.
2026-06-13T21:26:50+00:00,ETD / VarAstro,https://var.astro.cz/api/Search/Exoplanets?pageId=1&pageSize=20&name=WASP-12+b,WASP-12 b,WASP-12,data/raw/etd_varastro/html_snapshots/wasp_12_b/catalog_search_results.json,catalog_search_results.json,json,,catalog_search_api_response,WASP-12 b,downloaded,,2a995244d7165cdeab2bfce2ddc8c3713533c84ef318d6941e9a30bc56d6c2b2,922,Unmodified JSON returned by the public endpoint used by the VarAstro exoplanet catalog DataTable.
2026-06-13T21:26:52+00:00,ETD / VarAstro,https://var.astro.cz/en/Exoplanets/195,WASP-12 b,WASP-12,data/raw/etd_varastro/html_snapshots/wasp_12_b/planet_detail.html,planet_detail.html,html,,planet_detail_snapshot,WASP-12 b,downloaded,,62e489ce09ea89a97212d59cd682c60e389f98d848b976eb15db11f3f64c8943,37480,Unmodified public HTML response from VarAstro.
2026-06-13T21:26:52+00:00,ETD / VarAstro,https://var.astro.cz/en/Exoplanets/195,WASP-12 b,WASP-12,data/raw/etd_varastro/extracted_metadata/wasp_12_b/observations_api_d68786331694.csv,observations_api_d68786331694.csv,csv,,extracted_public_metadata,WASP-12 b,downloaded,,d68786331694826d169eb773dc2779c1f8f93298e89a91274d899f25d96e6c55,1151,Metadata extracted from public HTML tables. raw_metadata_json preserves each source row without inferred or estimated values.
2026-06-13T21:26:52+00:00,ETD / VarAstro,https://var.astro.cz/en/Exoplanets/195,WASP-12 b,WASP-12,data/raw/etd_varastro/extracted_metadata/wasp_12_b/notes_api_b77969c9ef95.md,notes_api_b77969c9ef95.md,md,,collection_notes,WASP-12 b,downloaded,,b77969c9ef953f504187c0f7aebe5337b64396fd1e22e04acab1b1eee5edde8b,691,
2026-06-13T21:26:52+00:00,ETD / VarAstro,https://var.astro.cz/en/Exoplanets/195,WASP-12 b,WASP-12,data/raw/etd_varastro/manifests/wasp_12_b_manifest_api_3cfc3735f95a.csv,wasp_12_b_manifest_api_3cfc3735f95a.csv,csv,,source_manifest,WASP-12 b,downloaded,,3cfc3735f95a88ddd0843255f86fe3c6b7b68cb6ba7df7b70133dd6d5a5ad1f6,1565,
2026-06-13T21:26:55+00:00,ETD / VarAstro,https://var.astro.cz/en/Exoplanets?name=WASP-10+b,WASP-10 b,WASP-10,data/raw/etd_varastro/html_snapshots/wasp_10_b/catalog_search.html,catalog_search.html,html,,catalog_search_snapshot,WASP-10 b,skipped_existing,,3c5c22d5c4925ddd6f9e324466eb73456a75c9a088474751324a2b4d4e73e0d7,26484,Unmodified public HTML response from VarAstro.
2026-06-13T21:26:57+00:00,ETD / VarAstro,https://var.astro.cz/api/Search/Exoplanets?pageId=1&pageSize=20&name=WASP-10+b,WASP-10 b,WASP-10,data/raw/etd_varastro/html_snapshots/wasp_10_b/catalog_search_results.json,catalog_search_results.json,json,,catalog_search_api_response,WASP-10 b,downloaded,,d2a2651fb3eef0cd69bec27f31ba192c8df7f6ffd6b3ba3d28bdb81e3cdce33e,823,Unmodified JSON returned by the public endpoint used by the VarAstro exoplanet catalog DataTable.
2026-06-13T21:26:59+00:00,ETD / VarAstro,https://var.astro.cz/en/Exoplanets/185,WASP-10 b,WASP-10,data/raw/etd_varastro/html_snapshots/wasp_10_b/planet_detail.html,planet_detail.html,html,,planet_detail_snapshot,WASP-10 b,downloaded,,470c0ce78b73869548fd1d30576ff8a685699004360f14baaf2e6d952bb3bd69,37228,Unmodified public HTML response from VarAstro.
2026-06-13T21:26:59+00:00,ETD / VarAstro,https://var.astro.cz/en/Exoplanets/185,WASP-10 b,WASP-10,data/raw/etd_varastro/extracted_metadata/wasp_10_b/observations_api_6e1b5601ec1e.csv,observations_api_6e1b5601ec1e.csv,csv,,extracted_public_metadata,WASP-10 b,downloaded,,6e1b5601ec1ef656448597d31640c940e2ba676765386580c5d7b81147e2f95f,1043,Metadata extracted from public HTML tables. raw_metadata_json preserves each source row without inferred or estimated values.
2026-06-13T21:26:59+00:00,ETD / VarAstro,https://var.astro.cz/en/Exoplanets/185,WASP-10 b,WASP-10,data/raw/etd_varastro/extracted_metadata/wasp_10_b/notes_api_1b568bd49efb.md,notes_api_1b568bd49efb.md,md,,collection_notes,WASP-10 b,downloaded,,1b568bd49efb4dff7411216cf05cb36a63fbae578f390d643b5695397e17ae12,691,
2026-06-13T21:26:59+00:00,ETD / VarAstro,https://var.astro.cz/en/Exoplanets/185,WASP-10 b,WASP-10,data/raw/etd_varastro/manifests/wasp_10_b_manifest_api_03012e19026e.csv,wasp_10_b_manifest_api_03012e19026e.csv,csv,,source_manifest,WASP-10 b,downloaded,,03012e19026ec4cd86fcf7ef76b0da561a71d50858ed84f65d29c28712e9e9b8,1565,
2026-06-13T21:27:02+00:00,ETD / VarAstro,https://var.astro.cz/en/Exoplanets?name=WASP-4+b,WASP-4 b,WASP-4,data/raw/etd_varastro/html_snapshots/wasp_4_b/catalog_search.html,catalog_search.html,html,,catalog_search_snapshot,WASP-4 b,skipped_existing,,a1490b9431d54661669078e1dd7041e11c64782bc43f2d9703ede6b227e7fba7,26479,Unmodified public HTML response from VarAstro.
2026-06-13T21:27:04+00:00,ETD / VarAstro,https://var.astro.cz/api/Search/Exoplanets?pageId=1&pageSize=20&name=WASP-4+b,WASP-4 b,WASP-4,data/raw/etd_varastro/html_snapshots/wasp_4_b/catalog_search_results.json,catalog_search_results.json,json,,catalog_search_api_response,WASP-4 b,downloaded,,55651cda7f00754dd0a8f60a56dfe2f151bc01215eedbe038fae6e606464b066,840,Unmodified JSON returned by the public endpoint used by the VarAstro exoplanet catalog DataTable.
2026-06-13T21:27:06+00:00,ETD / VarAstro,https://var.astro.cz/en/Exoplanets/163,WASP-4 b,WASP-4,data/raw/etd_varastro/html_snapshots/wasp_4_b/planet_detail.html,planet_detail.html,html,,planet_detail_snapshot,WASP-4 b,downloaded,,6fe0085bc68b901b5d6265ab7572beff17772144f5e0336504e7eff6a9ac88a5,37351,Unmodified public HTML response from VarAstro.
2026-06-13T21:27:06+00:00,ETD / VarAstro,https://var.astro.cz/en/Exoplanets/163,WASP-4 b,WASP-4,data/raw/etd_varastro/extracted_metadata/wasp_4_b/observations_api_a538ba4a159b.csv,observations_api_a538ba4a159b.csv,csv,,extracted_public_metadata,WASP-4 b,downloaded,,a538ba4a159b1ad2cf2156a6ba9d186007deae00df6a688c72f52c84579d7baf,1068,Metadata extracted from public HTML tables. raw_metadata_json preserves each source row without inferred or estimated values.
2026-06-13T21:27:06+00:00,ETD / VarAstro,https://var.astro.cz/en/Exoplanets/163,WASP-4 b,WASP-4,data/raw/etd_varastro/extracted_metadata/wasp_4_b/notes_api_4d10ff8014f0.md,notes_api_4d10ff8014f0.md,md,,collection_notes,WASP-4 b,downloaded,,4d10ff8014f0c282e2f13338b964d5023ee0dc902b9e2be79aec75448fb5b5df,686,
2026-06-13T21:27:06+00:00,ETD / VarAstro,https://var.astro.cz/en/Exoplanets/163,WASP-4 b,WASP-4,data/raw/etd_varastro/manifests/wasp_4_b_manifest_api_eac25e9cec40.csv,wasp_4_b_manifest_api_eac25e9cec40.csv,csv,,source_manifest,WASP-4 b,downloaded,,eac25e9cec40445c6d089ef31cc6eaf304117a26bfc45fbdf82c056e8cac477b,1548,
2026-06-13T21:27:09+00:00,ETD / VarAstro,https://var.astro.cz/en/Exoplanets?name=HAT-P-32+b,HAT-P-32 b,HAT-P-32,data/raw/etd_varastro/html_snapshots/hat_p_32_b/catalog_search.html,catalog_search.html,html,,catalog_search_snapshot,HAT-P-32 b,skipped_existing,,69e322bf9f565f6c481f6b17223c6c1abd7fa989e59b1b70fb903c2e1778e7b6,26489,Unmodified public HTML response from VarAstro.
2026-06-13T21:27:11+00:00,ETD / VarAstro,https://var.astro.cz/api/Search/Exoplanets?pageId=1&pageSize=20&name=HAT-P-32+b,HAT-P-32 b,HAT-P-32,data/raw/etd_varastro/html_snapshots/hat_p_32_b/catalog_search_results.json,catalog_search_results.json,json,,catalog_search_api_response,HAT-P-32 b,downloaded,,e1851dab60245eae1785c0f099f9064c6f1299789520d391d72d65cfd0502706,803,Unmodified JSON returned by the public endpoint used by the VarAstro exoplanet catalog DataTable.
2026-06-13T21:27:13+00:00,ETD / VarAstro,https://var.astro.cz/en/Exoplanets/348,HAT-P-32 b,HAT-P-32,data/raw/etd_varastro/html_snapshots/hat_p_32_b/planet_detail.html,planet_detail.html,html,,planet_detail_snapshot,HAT-P-32 b,downloaded,,b72b7dc3c5e7ec104507626e0056e77e8433bf376a2e424378c87ec0e011f836,37338,Unmodified public HTML response from VarAstro.
2026-06-13T21:27:13+00:00,ETD / VarAstro,https://var.astro.cz/en/Exoplanets/348,HAT-P-32 b,HAT-P-32,data/raw/etd_varastro/extracted_metadata/hat_p_32_b/observations_api_32e970e92f24.csv,observations_api_32e970e92f24.csv,csv,,extracted_public_metadata,HAT-P-32 b,downloaded,,32e970e92f2474fa5a21705d560ac9efdb0e0f20643479a8c9cba6526a5e5b6b,1038,Metadata extracted from public HTML tables. raw_metadata_json preserves each source row without inferred or estimated values.
2026-06-13T21:27:13+00:00,ETD / VarAstro,https://var.astro.cz/en/Exoplanets/348,HAT-P-32 b,HAT-P-32,data/raw/etd_varastro/extracted_metadata/hat_p_32_b/notes_api_49fe70386a50.md,notes_api_49fe70386a50.md,md,,collection_notes,HAT-P-32 b,downloaded,,49fe70386a50bf10678d4b48c7dc8f0f394a9ccabd57e0679a9cb3df48226263,696,
2026-06-13T21:27:13+00:00,ETD / VarAstro,https://var.astro.cz/en/Exoplanets/348,HAT-P-32 b,HAT-P-32,data/raw/etd_varastro/manifests/hat_p_32_b_manifest_api_0369f768f49c.csv,hat_p_32_b_manifest_api_0369f768f49c.csv,csv,,source_manifest,HAT-P-32 b,downloaded,,0369f768f49c756df90309b101ca488fe7a66be779875c6b620006c64860cda8,1582,
2026-06-13T21:32:45+00:00,ETD / VarAstro,https://var.astro.cz/en/Exoplanets?name=HAT-P-7+b,HAT-P-7 b,HAT-P-7,data/raw/etd_varastro/html_snapshots/hat_p_7_b/catalog_search.html,catalog_search.html,html,,catalog_search_snapshot,HAT-P-7 b,skipped_existing,,f875c7f84b79bdd592aad25ba4ab92ea48096994348b03b5c79a6d64a213a927,26484,Unmodified public HTML response from VarAstro.
2026-06-13T21:32:47+00:00,ETD / VarAstro,https://var.astro.cz/api/Search/Exoplanets?pageId=1&pageSize=20&name=HAT-P-7+b,HAT-P-7 b,HAT-P-7,data/raw/etd_varastro/html_snapshots/hat_p_7_b/catalog_search_results.json,catalog_search_results.json,json,,catalog_search_api_response,HAT-P-7 b,skipped_existing,,0b3d57bfb4f1ef88d7268f6c9a4dd8e424558b4a74718a1d84be76acceebd89c,858,Unmodified JSON returned by the public endpoint used by the VarAstro exoplanet catalog DataTable.
2026-06-13T21:32:49+00:00,ETD / VarAstro,https://var.astro.cz/en/Exoplanets/174,HAT-P-7 b,HAT-P-7,data/raw/etd_varastro/html_snapshots/hat_p_7_b/planet_detail.html,planet_detail.html,html,,planet_detail_snapshot,HAT-P-7 b,skipped_existing,,badb88e404dfe5d7e88d3c3b96cb00e91da92a9623cc1ff242437f15cb6a33ed,37273,Unmodified public HTML response from VarAstro.
2026-06-13T21:32:50+00:00,ETD / VarAstro,https://var.astro.cz/api/OcGate/Exoplanets/174,HAT-P-7 b,HAT-P-7,data/raw/etd_varastro/extracted_metadata/hat_p_7_b/observations_raw.json,observations_raw.json,json,,public_transit_observations_api_response,HAT-P-7 b,downloaded,,babe139311568d70d9434aee4511d9a523866093061f080ecf2a03cb1bea794d,26482,Unmodified JSON returned by the public observations endpoint used by the VarAstro detail page.
2026-06-13T21:32:50+00:00,ETD / VarAstro,https://var.astro.cz/en/Exoplanets/174,HAT-P-7 b,HAT-P-7,data/raw/etd_varastro/extracted_metadata/hat_p_7_b/observations_api_a469dcaa60ba.csv,observations_api_a469dcaa60ba.csv,csv,,extracted_public_metadata,HAT-P-7 b,downloaded,,a469dcaa60ba78122b8b0e29fda837d61b04a91f5a68a3c1367f1abc55429999,41143,Metadata extracted from public HTML tables. raw_metadata_json preserves each source row without inferred or estimated values.
2026-06-13T21:32:53+00:00,ETD / VarAstro,https://var.astro.cz/api/charts/observation/94348?origrawheader=true&airmass=true&v=&transid=12787,HAT-P-7 b,HAT-P-7,data/raw/etd_varastro/downloaded_lightcurves/hat_p_7_b/01_observation_94348_transit_12787.json,01_observation_94348_transit_12787.json,json,,ground_based_light_curve_api_json,HAT-P-7 b,downloaded,,362602b598afdff92b4d6cb238caeec51002b11495c80d916b886a83eaa85fad,61313,Unmodified public VarAstro chart API response; includes photometry and the uploaded raw header when the service provides it.
2026-06-13T21:32:56+00:00,ETD / VarAstro,https://var.astro.cz/api/charts/observation/93941?origrawheader=true&airmass=true&v=&transid=12377,HAT-P-7 b,HAT-P-7,data/raw/etd_varastro/downloaded_lightcurves/hat_p_7_b/02_observation_93941_transit_12377.json,02_observation_93941_transit_12377.json,json,,ground_based_light_curve_api_json,HAT-P-7 b,downloaded,,542ce2794af76f844ade3cfab9c6de802c406c5942a33e61dabd30e762305319,100922,Unmodified public VarAstro chart API response; includes photometry and the uploaded raw header when the service provides it.
2026-06-13T21:32:59+00:00,ETD / VarAstro,https://var.astro.cz/api/charts/observation/93940?origrawheader=true&airmass=true&v=&transid=12376,HAT-P-7 b,HAT-P-7,data/raw/etd_varastro/downloaded_lightcurves/hat_p_7_b/03_observation_93940_transit_12376.json,03_observation_93940_transit_12376.json,json,,ground_based_light_curve_api_json,HAT-P-7 b,downloaded,,97904b6f9af78f57715ef7e3cc66fbc167d85a88cd85d87edaec2aceb1d82174,48106,Unmodified public VarAstro chart API response; includes photometry and the uploaded raw header when the service provides it.
2026-06-13T21:33:02+00:00,ETD / VarAstro,https://var.astro.cz/api/charts/observation/106903?origrawheader=true&airmass=true&v=&transid=20350,HAT-P-7 b,HAT-P-7,data/raw/etd_varastro/downloaded_lightcurves/hat_p_7_b/04_observation_106903_transit_20350.json,04_observation_106903_transit_20350.json,json,,ground_based_light_curve_api_json,HAT-P-7 b,downloaded,,0b9b74fc5c731ef257980becc6f003b775516871a510de95fb1a6a2c6748ff2a,51509,Unmodified public VarAstro chart API response; includes photometry and the uploaded raw header when the service provides it.
2026-06-13T21:33:05+00:00,ETD / VarAstro,https://var.astro.cz/api/charts/observation/107381?origrawheader=true&airmass=true&v=&transid=20679,HAT-P-7 b,HAT-P-7,data/raw/etd_varastro/downloaded_lightcurves/hat_p_7_b/05_observation_107381_transit_20679.json,05_observation_107381_transit_20679.json,json,,ground_based_light_curve_api_json,HAT-P-7 b,downloaded,,bfc2ab968a31a9451ce1dbebdc5ae6776d727daab3c22a1e52718cfb79911b75,151855,Unmodified public VarAstro chart API response; includes photometry and the uploaded raw header when the service provides it.
2026-06-13T21:33:05+00:00,ETD / VarAstro,https://var.astro.cz/en/Exoplanets/174,HAT-P-7 b,HAT-P-7,data/raw/etd_varastro/extracted_metadata/hat_p_7_b/notes_api_5150a806f324.md,notes_api_5150a806f324.md,md,,collection_notes,HAT-P-7 b,downloaded,,5150a806f3244781567011bda90288d6d50b7dbcd324613ecafcd6179f446f33,871,
2026-06-13T21:33:05+00:00,ETD / VarAstro,https://var.astro.cz/en/Exoplanets/174,HAT-P-7 b,HAT-P-7,data/raw/etd_varastro/manifests/hat_p_7_b_manifest_api_5c1adb143217.csv,hat_p_7_b_manifest_api_5c1adb143217.csv,csv,,source_manifest,HAT-P-7 b,downloaded,,5c1adb143217e5db5472df5d9fdcf31b980de20e1b6cafa7311b0073eef86f45,4150,
2026-06-13T21:33:07+00:00,ETD / VarAstro,https://var.astro.cz/en/Exoplanets?name=TrES-2+b,TrES-2 b,TrES-2,data/raw/etd_varastro/html_snapshots/tres_2_b/catalog_search.html,catalog_search.html,html,,catalog_search_snapshot,TrES-2 b,skipped_existing,,588c146de80c98712ea9cbf6b66d07b4fc883366d74879743b124d0006edb255,26479,Unmodified public HTML response from VarAstro.
2026-06-13T21:33:10+00:00,ETD / VarAstro,https://var.astro.cz/api/Search/Exoplanets?pageId=1&pageSize=20&name=TrES-2+b,TrES-2 b,TrES-2,data/raw/etd_varastro/html_snapshots/tres_2_b/catalog_search_results.json,catalog_search_results.json,json,,catalog_search_api_response,TrES-2 b,skipped_existing,,f369af016a6490bddd0b5da559affe6ef476f0126fb18ba99fb868f3162b3ded,817,Unmodified JSON returned by the public endpoint used by the VarAstro exoplanet catalog DataTable.
2026-06-13T21:33:12+00:00,ETD / VarAstro,https://var.astro.cz/en/Exoplanets/8,TrES-2 b,TrES-2,data/raw/etd_varastro/html_snapshots/tres_2_b/planet_detail.html,planet_detail.html,html,,planet_detail_snapshot,TrES-2 b,skipped_existing,,c7af04028e2db2924033dc97ca423ba21ea01e37a8ae7b1ebb91383b2a9aec31,37323,Unmodified public HTML response from VarAstro.
2026-06-13T21:33:16+00:00,ETD / VarAstro,https://var.astro.cz/api/OcGate/Exoplanets/8,TrES-2 b,TrES-2,data/raw/etd_varastro/extracted_metadata/tres_2_b/observations_raw.json,observations_raw.json,json,,public_transit_observations_api_response,TrES-2 b,downloaded,,4cfb6459f2dfd9fc96b96c596842c4214c8b0a293b2fbd402da8cab2277d1c43,166339,Unmodified JSON returned by the public observations endpoint used by the VarAstro detail page.
2026-06-13T21:33:16+00:00,ETD / VarAstro,https://var.astro.cz/en/Exoplanets/8,TrES-2 b,TrES-2,data/raw/etd_varastro/extracted_metadata/tres_2_b/observations_api_a79a4a2862bf.csv,observations_api_a79a4a2862bf.csv,csv,,extracted_public_metadata,TrES-2 b,downloaded,,a79a4a2862bf3fee74daac88ac136cad9e1c5d3e72f9222e1d3fcaa072c3b523,258544,Metadata extracted from public HTML tables. raw_metadata_json preserves each source row without inferred or estimated values.
2026-06-13T21:33:19+00:00,ETD / VarAstro,https://var.astro.cz/api/charts/observation/109868?origrawheader=true&airmass=true&v=638922617210185130&transid=21839,TrES-2 b,TrES-2,data/raw/etd_varastro/downloaded_lightcurves/tres_2_b/01_observation_109868_transit_21839.json,01_observation_109868_transit_21839.json,json,,ground_based_light_curve_api_json,TrES-2 b,downloaded,,5ba6acb1f0d49583c04b1dcd2ce70e24e45cee7cef73f225d019c9ff727cc245,23640,Unmodified public VarAstro chart API response; includes photometry and the uploaded raw header when the service provides it.
2026-06-13T21:33:19+00:00,ETD / VarAstro,https://var.astro.cz/api/charts/observation/109743?origrawheader=true&airmass=true&v=638914956354998480&transid=21790,TrES-2 b,TrES-2,data/raw/etd_varastro/downloaded_lightcurves/tres_2_b/02_observation_109743_transit_21790.json,02_observation_109743_transit_21790.json,json,,ground_based_light_curve_api_json,TrES-2 b,downloaded,,f0794389d95c54302f87866d3e7be139cc8e489143094f479c5ef4e02ce29018,96802,Unmodified public VarAstro chart API response; includes photometry and the uploaded raw header when the service provides it.
2026-06-13T21:33:22+00:00,ETD / VarAstro,https://var.astro.cz/api/charts/observation/109559?origrawheader=true&airmass=true&v=&transid=21795,TrES-2 b,TrES-2,data/raw/etd_varastro/downloaded_lightcurves/tres_2_b/03_observation_109559_transit_21795.json,03_observation_109559_transit_21795.json,json,,ground_based_light_curve_api_json,TrES-2 b,downloaded,,d0d5cde4947adc0e5ead28b9dea3308e59a6ca06d3fba7fedcfb21dc866558dd,66191,Unmodified public VarAstro chart API response; includes photometry and the uploaded raw header when the service provides it.
2026-06-13T21:33:25+00:00,ETD / VarAstro,https://var.astro.cz/api/charts/observation/98495?origrawheader=true&airmass=true&v=&transid=20194,TrES-2 b,TrES-2,data/raw/etd_varastro/downloaded_lightcurves/tres_2_b/04_observation_98495_transit_20194.json,04_observation_98495_transit_20194.json,json,,ground_based_light_curve_api_json,TrES-2 b,downloaded,,bd9182e24879ac789e5243e298263da206b1b2ffa823f8b740e305dae2c8e750,60817,Unmodified public VarAstro chart API response; includes photometry and the uploaded raw header when the service provides it.
2026-06-13T21:33:28+00:00,ETD / VarAstro,https://var.astro.cz/api/charts/observation/94271?origrawheader=true&airmass=true&v=&transid=12710,TrES-2 b,TrES-2,data/raw/etd_varastro/downloaded_lightcurves/tres_2_b/05_observation_94271_transit_12710.json,05_observation_94271_transit_12710.json,json,,ground_based_light_curve_api_json,TrES-2 b,downloaded,,871edbbe7f925913cb01cec2355a19bdcddc7fae8d37e81865028b1c67a58c91,158135,Unmodified public VarAstro chart API response; includes photometry and the uploaded raw header when the service provides it.
2026-06-13T21:33:28+00:00,ETD / VarAstro,https://var.astro.cz/en/Exoplanets/8,TrES-2 b,TrES-2,data/raw/etd_varastro/extracted_metadata/tres_2_b/notes_api_f5c6fc247c6b.md,notes_api_f5c6fc247c6b.md,md,,collection_notes,TrES-2 b,downloaded,,f5c6fc247c6b9e6848e5796983c125d278108cfe3d75471f8339deee6237dca3,865,
2026-06-13T21:33:28+00:00,ETD / VarAstro,https://var.astro.cz/en/Exoplanets/8,TrES-2 b,TrES-2,data/raw/etd_varastro/manifests/tres_2_b_manifest_api_3acc611c33b3.csv,tres_2_b_manifest_api_3acc611c33b3.csv,csv,,source_manifest,TrES-2 b,downloaded,,3acc611c33b32ad2bad05b215aaba43faa44cee3ca0decdddeaf6054607ed5c4,4147,
2026-06-13T21:33:31+00:00,ETD / VarAstro,https://var.astro.cz/en/Exoplanets?name=HD+189733+b,HD 189733 b,HD 189733,data/raw/etd_varastro/html_snapshots/hd_189733_b/catalog_search.html,catalog_search.html,html,,catalog_search_snapshot,HD 189733 b,skipped_existing,,c8a4b05e158c27cc614f3cb7270f9a84ef08e82aea186582146c0410a88c419d,26507,Unmodified public HTML response from VarAstro.
2026-06-13T21:33:33+00:00,ETD / VarAstro,https://var.astro.cz/api/Search/Exoplanets?pageId=1&pageSize=20&name=HD+189733+b,HD 189733 b,HD 189733,data/raw/etd_varastro/html_snapshots/hd_189733_b/catalog_search_results.json,catalog_search_results.json,json,,catalog_search_api_response,HD 189733 b,skipped_existing,,b9a2bc1af8bcdb2729d7c70c72180714b14203a9e188a2ad3c3b57c23e7dacac,824,Unmodified JSON returned by the public endpoint used by the VarAstro exoplanet catalog DataTable.
2026-06-13T21:33:35+00:00,ETD / VarAstro,https://var.astro.cz/en/Exoplanets/4096,HD 189733 b,HD 189733,data/raw/etd_varastro/html_snapshots/hd_189733_b/planet_detail.html,planet_detail.html,html,,planet_detail_snapshot,HD 189733 b,skipped_existing,,767c5404339e87e7ec633a7e4c00e73f2057ccfdf16ef57a7c420f279acbe52f,40122,Unmodified public HTML response from VarAstro.
2026-06-13T21:33:39+00:00,ETD / VarAstro,https://var.astro.cz/api/OcGate/Exoplanets/4096,HD 189733 b,HD 189733,data/raw/etd_varastro/extracted_metadata/hd_189733_b/observations_raw.json,observations_raw.json,json,,public_transit_observations_api_response,HD 189733 b,downloaded,,b0e8f67aa53746fc1b02ca9812bd4506b06619b7c7717a0fdf4b8764220cec68,101294,Unmodified JSON returned by the public observations endpoint used by the VarAstro detail page.
2026-06-13T21:33:39+00:00,ETD / VarAstro,https://var.astro.cz/en/Exoplanets/4096,HD 189733 b,HD 189733,data/raw/etd_varastro/extracted_metadata/hd_189733_b/observations_api_53b182fe7c4e.csv,observations_api_53b182fe7c4e.csv,csv,,extracted_public_metadata,HD 189733 b,downloaded,,53b182fe7c4ee2454181fe1ecef3fc31071c6b3fcf1815ce8593a45a93971b8a,158759,Metadata extracted from public HTML tables. raw_metadata_json preserves each source row without inferred or estimated values.
2026-06-13T21:33:42+00:00,ETD / VarAstro,https://var.astro.cz/api/charts/observation/110560?origrawheader=true&airmass=true&v=638965644604815810&transid=22197,HD 189733 b,HD 189733,data/raw/etd_varastro/downloaded_lightcurves/hd_189733_b/01_observation_110560_transit_22197.json,01_observation_110560_transit_22197.json,json,,ground_based_light_curve_api_json,HD 189733 b,downloaded,,c4d13e5324796a0faf9a8f1508963fd8904dba42baee80674cf636c4e505a0c0,162375,Unmodified public VarAstro chart API response; includes photometry and the uploaded raw header when the service provides it.
2026-06-13T21:33:45+00:00,ETD / VarAstro,https://var.astro.cz/api/charts/observation/110000?origrawheader=true&airmass=true&v=&transid=21914,HD 189733 b,HD 189733,data/raw/etd_varastro/downloaded_lightcurves/hd_189733_b/02_observation_110000_transit_21914.json,02_observation_110000_transit_21914.json,json,,ground_based_light_curve_api_json,HD 189733 b,downloaded,,b08b2228d297fae564e015566e430e4c2a76110158f369166805c13d359b0f84,79864,Unmodified public VarAstro chart API response; includes photometry and the uploaded raw header when the service provides it.
2026-06-13T21:33:48+00:00,ETD / VarAstro,https://var.astro.cz/api/charts/observation/110069?origrawheader=true&airmass=true&v=&transid=21925,HD 189733 b,HD 189733,data/raw/etd_varastro/downloaded_lightcurves/hd_189733_b/03_observation_110069_transit_21925.json,03_observation_110069_transit_21925.json,json,,ground_based_light_curve_api_json,HD 189733 b,downloaded,,0fae7b87bc915a3a0ef981a177dae785aa47218e071aa16be2d3a388c298370a,39119,Unmodified public VarAstro chart API response; includes photometry and the uploaded raw header when the service provides it.
2026-06-13T21:33:49+00:00,ETD / VarAstro,https://var.astro.cz/api/charts/observation/109228?origrawheader=true&airmass=true&v=&transid=21560,HD 189733 b,HD 189733,data/raw/etd_varastro/downloaded_lightcurves/hd_189733_b/04_observation_109228_transit_21560.json,04_observation_109228_transit_21560.json,json,,ground_based_light_curve_api_json,HD 189733 b,downloaded,,c045a38e276e51c9e5aee96d753184ae34ef83b4c92a83db95bac992b6bc3af1,80327,Unmodified public VarAstro chart API response; includes photometry and the uploaded raw header when the service provides it.
2026-06-13T21:33:51+00:00,ETD / VarAstro,https://var.astro.cz/api/charts/observation/94274?origrawheader=true&airmass=true&v=&transid=12713,HD 189733 b,HD 189733,data/raw/etd_varastro/downloaded_lightcurves/hd_189733_b/05_observation_94274_transit_12713.json,05_observation_94274_transit_12713.json,json,,ground_based_light_curve_api_json,HD 189733 b,downloaded,,5ed7633d0bd145ab24a62b6146bf916e86fa1a739cd79508f62ef304ad6d0a08,74875,Unmodified public VarAstro chart API response; includes photometry and the uploaded raw header when the service provides it.
2026-06-13T21:33:52+00:00,ETD / VarAstro,https://var.astro.cz/en/Exoplanets/4096,HD 189733 b,HD 189733,data/raw/etd_varastro/extracted_metadata/hd_189733_b/notes_api_09d606e13463.md,notes_api_09d606e13463.md,md,,collection_notes,HD 189733 b,downloaded,,09d606e1346311ba7e85e46c8ef4d7dbaf152b9145669b572d6f500b4f0b468a,883,
2026-06-13T21:33:52+00:00,ETD / VarAstro,https://var.astro.cz/en/Exoplanets/4096,HD 189733 b,HD 189733,data/raw/etd_varastro/manifests/hd_189733_b_manifest_api_0751e93795ed.csv,hd_189733_b_manifest_api_0751e93795ed.csv,csv,,source_manifest,HD 189733 b,downloaded,,0751e93795ed94c5575940c6d7e1222c2904355d4670c685a1127215b0630a54,4248,
2026-06-13T21:33:54+00:00,ETD / VarAstro,https://var.astro.cz/en/Exoplanets?name=HD+209458+b,HD 209458 b,HD 209458,data/raw/etd_varastro/html_snapshots/hd_209458_b/catalog_search.html,catalog_search.html,html,,catalog_search_snapshot,HD 209458 b,skipped_existing,,f8ea48c389a1d56110bf6647e41708735d318e4df0db0cfed412a498d694bab9,26507,Unmodified public HTML response from VarAstro.
2026-06-13T21:33:56+00:00,ETD / VarAstro,https://var.astro.cz/api/Search/Exoplanets?pageId=1&pageSize=20&name=HD+209458+b,HD 209458 b,HD 209458,data/raw/etd_varastro/html_snapshots/hd_209458_b/catalog_search_results.json,catalog_search_results.json,json,,catalog_search_api_response,HD 209458 b,skipped_existing,,7732e3f9ce4c1653bb446f3a565af271f3e3609df206ce65058c3b8a16e12b6e,824,Unmodified JSON returned by the public endpoint used by the VarAstro exoplanet catalog DataTable.
2026-06-13T21:33:58+00:00,ETD / VarAstro,https://var.astro.cz/en/Exoplanets/31,HD 209458 b,HD 209458,data/raw/etd_varastro/html_snapshots/hd_209458_b/planet_detail.html,planet_detail.html,html,,planet_detail_snapshot,HD 209458 b,skipped_existing,,da5e5776f23a234017d40505395b81ecfde6c08b6b84fa9b609f33c750b53de8,37491,Unmodified public HTML response from VarAstro.
2026-06-13T21:34:02+00:00,ETD / VarAstro,https://var.astro.cz/api/OcGate/Exoplanets/31,HD 209458 b,HD 209458,data/raw/etd_varastro/extracted_metadata/hd_209458_b/observations_raw.json,observations_raw.json,json,,public_transit_observations_api_response,HD 209458 b,downloaded,,69f216e1e1b783d71df43fde9f54f1f57c3e4ff0112a1113d13a139eee999b78,39838,Unmodified JSON returned by the public observations endpoint used by the VarAstro detail page.
2026-06-13T21:34:02+00:00,ETD / VarAstro,https://var.astro.cz/en/Exoplanets/31,HD 209458 b,HD 209458,data/raw/etd_varastro/extracted_metadata/hd_209458_b/observations_api_95c8de518aeb.csv,observations_api_95c8de518aeb.csv,csv,,extracted_public_metadata,HD 209458 b,downloaded,,95c8de518aebc4b0e9d1c3dc007b274e6d560e11de41b71cb20cf96ea636a4bf,61981,Metadata extracted from public HTML tables. raw_metadata_json preserves each source row without inferred or estimated values.
2026-06-13T21:34:05+00:00,ETD / VarAstro,https://var.astro.cz/api/charts/observation/110656?origrawheader=true&airmass=true&v=&transid=22235,HD 209458 b,HD 209458,data/raw/etd_varastro/downloaded_lightcurves/hd_209458_b/01_observation_110656_transit_22235.json,01_observation_110656_transit_22235.json,json,,ground_based_light_curve_api_json,HD 209458 b,downloaded,,468c0c71086529b13bbb9396333a28477a90f1862d8879b5d759a62afd6c2035,75164,Unmodified public VarAstro chart API response; includes photometry and the uploaded raw header when the service provides it.
2026-06-13T21:34:08+00:00,ETD / VarAstro,https://var.astro.cz/api/charts/observation/94180?origrawheader=true&airmass=true&v=&transid=12619,HD 209458 b,HD 209458,data/raw/etd_varastro/downloaded_lightcurves/hd_209458_b/02_observation_94180_transit_12619.json,02_observation_94180_transit_12619.json,json,,ground_based_light_curve_api_json,HD 209458 b,downloaded,,16c3f322bdbf8754936e00359d1844dd6084c049b0b036ed38a4aad9eff1376c,278274,Unmodified public VarAstro chart API response; includes photometry and the uploaded raw header when the service provides it.
2026-06-13T21:34:11+00:00,ETD / VarAstro,https://var.astro.cz/api/charts/observation/93797?origrawheader=true&airmass=true&v=&transid=12233,HD 209458 b,HD 209458,data/raw/etd_varastro/downloaded_lightcurves/hd_209458_b/03_observation_93797_transit_12233.json,03_observation_93797_transit_12233.json,json,,ground_based_light_curve_api_json,HD 209458 b,downloaded,,7381ae5022efd5ae8faaa25275e72a93b599a96e8c46d81ad16369f1da351269,76014,Unmodified public VarAstro chart API response; includes photometry and the uploaded raw header when the service provides it.
2026-06-13T21:34:14+00:00,ETD / VarAstro,https://var.astro.cz/api/charts/observation/92401?origrawheader=true&airmass=true&v=&transid=10826,HD 209458 b,HD 209458,data/raw/etd_varastro/downloaded_lightcurves/hd_209458_b/04_observation_92401_transit_10826.json,04_observation_92401_transit_10826.json,json,,ground_based_light_curve_api_json,HD 209458 b,downloaded,,d0c4b57920381317236ff49398de2ff988b96d8bc30643b81894c9aacf7e0c20,44460,Unmodified public VarAstro chart API response; includes photometry and the uploaded raw header when the service provides it.
2026-06-13T21:34:17+00:00,ETD / VarAstro,https://var.astro.cz/api/charts/observation/93014?origrawheader=true&airmass=true&v=&transid=11445,HD 209458 b,HD 209458,data/raw/etd_varastro/downloaded_lightcurves/hd_209458_b/05_observation_93014_transit_11445.json,05_observation_93014_transit_11445.json,json,,ground_based_light_curve_api_json,HD 209458 b,downloaded,,87ed1d2e517bfb9f3f6616f386ef8bb54ae8a33b421eaac956c7d3fb6317c2d5,76167,Unmodified public VarAstro chart API response; includes photometry and the uploaded raw header when the service provides it.
2026-06-13T21:34:17+00:00,ETD / VarAstro,https://var.astro.cz/en/Exoplanets/31,HD 209458 b,HD 209458,data/raw/etd_varastro/extracted_metadata/hd_209458_b/notes_api_ecd085909633.md,notes_api_ecd085909633.md,md,,collection_notes,HD 209458 b,downloaded,,ecd085909633733dc416eb5272fc1440ae7f3cb3c3e9e189e506d9432cfce3e8,880,
2026-06-13T21:34:17+00:00,ETD / VarAstro,https://var.astro.cz/en/Exoplanets/31,HD 209458 b,HD 209458,data/raw/etd_varastro/manifests/hd_209458_b_manifest_api_1226aa15773e.csv,hd_209458_b_manifest_api_1226aa15773e.csv,csv,,source_manifest,HD 209458 b,downloaded,,1226aa15773e4565947a648b1bebf8ed894cdcbee666185a79bbf54b16e86270,4213,
2026-06-13T21:34:17+00:00,ETD / VarAstro,https://var.astro.cz/en/Exoplanets?name=WASP-12+b,WASP-12 b,WASP-12,data/raw/etd_varastro/html_snapshots/wasp_12_b/catalog_search.html,catalog_search.html,html,,catalog_search_snapshot,WASP-12 b,skipped_existing,,b8882f8796e6eeec8311687ed4f7df8177715153ea785ab29db4eb7b330d9b79,26484,Unmodified public HTML response from VarAstro.
2026-06-13T21:34:20+00:00,ETD / VarAstro,https://var.astro.cz/api/Search/Exoplanets?pageId=1&pageSize=20&name=WASP-12+b,WASP-12 b,WASP-12,data/raw/etd_varastro/html_snapshots/wasp_12_b/catalog_search_results.json,catalog_search_results.json,json,,catalog_search_api_response,WASP-12 b,skipped_existing,,2a995244d7165cdeab2bfce2ddc8c3713533c84ef318d6941e9a30bc56d6c2b2,922,Unmodified JSON returned by the public endpoint used by the VarAstro exoplanet catalog DataTable.
2026-06-13T21:34:22+00:00,ETD / VarAstro,https://var.astro.cz/en/Exoplanets/195,WASP-12 b,WASP-12,data/raw/etd_varastro/html_snapshots/wasp_12_b/planet_detail.html,planet_detail.html,html,,planet_detail_snapshot,WASP-12 b,skipped_existing,,62e489ce09ea89a97212d59cd682c60e389f98d848b976eb15db11f3f64c8943,37480,Unmodified public HTML response from VarAstro.
2026-06-13T21:34:26+00:00,ETD / VarAstro,https://var.astro.cz/api/OcGate/Exoplanets/195,WASP-12 b,WASP-12,data/raw/etd_varastro/extracted_metadata/wasp_12_b/observations_raw.json,observations_raw.json,json,,public_transit_observations_api_response,WASP-12 b,downloaded,,93a80c22660c9f73199236231696876f8e1eb679c2364133507426d75ced6a51,170181,Unmodified JSON returned by the public observations endpoint used by the VarAstro detail page.
2026-06-13T21:34:26+00:00,ETD / VarAstro,https://var.astro.cz/en/Exoplanets/195,WASP-12 b,WASP-12,data/raw/etd_varastro/extracted_metadata/wasp_12_b/observations_api_ab58b66f0ae9.csv,observations_api_ab58b66f0ae9.csv,csv,,extracted_public_metadata,WASP-12 b,downloaded,,ab58b66f0ae9e12554105e8140de07ac30f350c1dfbdfc123bf7e291b39f74aa,268672,Metadata extracted from public HTML tables. raw_metadata_json preserves each source row without inferred or estimated values.
2026-06-13T21:34:29+00:00,ETD / VarAstro,https://var.astro.cz/api/charts/observation/112362?origrawheader=true&airmass=true&v=&transid=23075,WASP-12 b,WASP-12,data/raw/etd_varastro/downloaded_lightcurves/wasp_12_b/01_observation_112362_transit_23075.json,01_observation_112362_transit_23075.json,json,,ground_based_light_curve_api_json,WASP-12 b,downloaded,,2c0619103306ad4d5e44d7a6f96c2d629c73bf5b82fda74f83d07e50fac33514,23370,Unmodified public VarAstro chart API response; includes photometry and the uploaded raw header when the service provides it.
2026-06-13T21:34:32+00:00,ETD / VarAstro,https://var.astro.cz/api/charts/observation/112218?origrawheader=true&airmass=true&v=&transid=23028,WASP-12 b,WASP-12,data/raw/etd_varastro/downloaded_lightcurves/wasp_12_b/02_observation_112218_transit_23028.json,02_observation_112218_transit_23028.json,json,,ground_based_light_curve_api_json,WASP-12 b,downloaded,,65eeb36edcb46c234f0b1f5e7dc81a0ce6ddd279d8bc16a4b13820f6b623e37c,48655,Unmodified public VarAstro chart API response; includes photometry and the uploaded raw header when the service provides it.
2026-06-13T21:34:34+00:00,ETD / VarAstro,https://var.astro.cz/api/charts/observation/112163?origrawheader=true&airmass=true&v=&transid=23006,WASP-12 b,WASP-12,data/raw/etd_varastro/downloaded_lightcurves/wasp_12_b/03_observation_112163_transit_23006.json,03_observation_112163_transit_23006.json,json,,ground_based_light_curve_api_json,WASP-12 b,downloaded,,e9e52156b4b47a41b9b3699eb21020dbaa63b0a0e55b85f428a2c95b476e25cd,92439,Unmodified public VarAstro chart API response; includes photometry and the uploaded raw header when the service provides it.
2026-06-13T21:34:37+00:00,ETD / VarAstro,https://var.astro.cz/api/charts/observation/111853?origrawheader=true&airmass=true&v=&transid=22830,WASP-12 b,WASP-12,data/raw/etd_varastro/downloaded_lightcurves/wasp_12_b/04_observation_111853_transit_22830.json,04_observation_111853_transit_22830.json,json,,ground_based_light_curve_api_json,WASP-12 b,downloaded,,b2ef2b0c9a17814e4e2d53846716b648908072edfaef986f912233cb29abb44c,61875,Unmodified public VarAstro chart API response; includes photometry and the uploaded raw header when the service provides it.
2026-06-13T21:34:40+00:00,ETD / VarAstro,https://var.astro.cz/api/charts/observation/111766?origrawheader=true&airmass=true&v=639038615090831170&transid=22790,WASP-12 b,WASP-12,data/raw/etd_varastro/downloaded_lightcurves/wasp_12_b/05_observation_111766_transit_22790.json,05_observation_111766_transit_22790.json,json,,ground_based_light_curve_api_json,WASP-12 b,downloaded,,f52d099476ff00ca73085153f11cc2e03f5b45aac60f5d3711e3867f836e67fa,63316,Unmodified public VarAstro chart API response; includes photometry and the uploaded raw header when the service provides it.
2026-06-13T21:34:40+00:00,ETD / VarAstro,https://var.astro.cz/en/Exoplanets/195,WASP-12 b,WASP-12,data/raw/etd_varastro/extracted_metadata/wasp_12_b/notes_api_ceb20a59a2ec.md,notes_api_ceb20a59a2ec.md,md,,collection_notes,WASP-12 b,downloaded,,ceb20a59a2ec99d82912c76648339c5b180b732608cfb7611010dddde32f8db7,872,
2026-06-13T21:34:40+00:00,ETD / VarAstro,https://var.astro.cz/en/Exoplanets/195,WASP-12 b,WASP-12,data/raw/etd_varastro/manifests/wasp_12_b_manifest_api_8a8c97db50e6.csv,wasp_12_b_manifest_api_8a8c97db50e6.csv,csv,,source_manifest,WASP-12 b,downloaded,,8a8c97db50e668b5ec9b533cb5d39764f1c20108eda9d437e46d3a6535342e9f,4175,
2026-06-13T21:34:43+00:00,ETD / VarAstro,https://var.astro.cz/en/Exoplanets?name=WASP-10+b,WASP-10 b,WASP-10,data/raw/etd_varastro/html_snapshots/wasp_10_b/catalog_search.html,catalog_search.html,html,,catalog_search_snapshot,WASP-10 b,skipped_existing,,3c5c22d5c4925ddd6f9e324466eb73456a75c9a088474751324a2b4d4e73e0d7,26484,Unmodified public HTML response from VarAstro.
2026-06-13T21:34:45+00:00,ETD / VarAstro,https://var.astro.cz/api/Search/Exoplanets?pageId=1&pageSize=20&name=WASP-10+b,WASP-10 b,WASP-10,data/raw/etd_varastro/html_snapshots/wasp_10_b/catalog_search_results.json,catalog_search_results.json,json,,catalog_search_api_response,WASP-10 b,skipped_existing,,d2a2651fb3eef0cd69bec27f31ba192c8df7f6ffd6b3ba3d28bdb81e3cdce33e,823,Unmodified JSON returned by the public endpoint used by the VarAstro exoplanet catalog DataTable.
2026-06-13T21:34:47+00:00,ETD / VarAstro,https://var.astro.cz/en/Exoplanets/185,WASP-10 b,WASP-10,data/raw/etd_varastro/html_snapshots/wasp_10_b/planet_detail.html,planet_detail.html,html,,planet_detail_snapshot,WASP-10 b,skipped_existing,,470c0ce78b73869548fd1d30576ff8a685699004360f14baaf2e6d952bb3bd69,37228,Unmodified public HTML response from VarAstro.
2026-06-13T21:34:49+00:00,ETD / VarAstro,https://var.astro.cz/api/OcGate/Exoplanets/185,WASP-10 b,WASP-10,data/raw/etd_varastro/extracted_metadata/wasp_10_b/observations_raw.json,observations_raw.json,json,,public_transit_observations_api_response,WASP-10 b,downloaded,,624c8f01ad0a4f19dcc29cc575ec952f3a3aeecb7450661c471eef8e6a872aaa,106295,Unmodified JSON returned by the public observations endpoint used by the VarAstro detail page.
2026-06-13T21:34:49+00:00,ETD / VarAstro,https://var.astro.cz/en/Exoplanets/185,WASP-10 b,WASP-10,data/raw/etd_varastro/extracted_metadata/wasp_10_b/observations_api_684aa7540ad1.csv,observations_api_684aa7540ad1.csv,csv,,extracted_public_metadata,WASP-10 b,downloaded,,684aa7540ad12997c774002ecb52ff219b72042ed03676d9f608b833aafc5db6,167449,Metadata extracted from public HTML tables. raw_metadata_json preserves each source row without inferred or estimated values.
2026-06-13T21:34:52+00:00,ETD / VarAstro,https://var.astro.cz/api/charts/observation/111532?origrawheader=true&airmass=true&v=&transid=22675,WASP-10 b,WASP-10,data/raw/etd_varastro/downloaded_lightcurves/wasp_10_b/01_observation_111532_transit_22675.json,01_observation_111532_transit_22675.json,json,,ground_based_light_curve_api_json,WASP-10 b,downloaded,,accfbee26824a4216c431ab0ebb338f857889423b853a84d9b3607206aaeee66,16061,Unmodified public VarAstro chart API response; includes photometry and the uploaded raw header when the service provides it.
2026-06-13T21:34:54+00:00,ETD / VarAstro,https://var.astro.cz/api/charts/observation/110182?origrawheader=true&airmass=true&v=&transid=21989,WASP-10 b,WASP-10,data/raw/etd_varastro/downloaded_lightcurves/wasp_10_b/02_observation_110182_transit_21989.json,02_observation_110182_transit_21989.json,json,,ground_based_light_curve_api_json,WASP-10 b,downloaded,,ddd50eb73ee80b8e4f4953b4cd449dd4a6d0b81ef7d8b79405cc95919fe6a4bf,24989,Unmodified public VarAstro chart API response; includes photometry and the uploaded raw header when the service provides it.
2026-06-13T21:34:57+00:00,ETD / VarAstro,https://var.astro.cz/api/charts/observation/107114?origrawheader=true&airmass=true&v=&transid=20495,WASP-10 b,WASP-10,data/raw/etd_varastro/downloaded_lightcurves/wasp_10_b/03_observation_107114_transit_20495.json,03_observation_107114_transit_20495.json,json,,ground_based_light_curve_api_json,WASP-10 b,downloaded,,d1d01baf09da02cfeaf2fe4fe21e77f25ee4e02708ff18ffc9d4a69efd0e649c,32045,Unmodified public VarAstro chart API response; includes photometry and the uploaded raw header when the service provides it.
2026-06-13T21:34:59+00:00,ETD / VarAstro,https://var.astro.cz/api/charts/observation/98654?origrawheader=true&airmass=true&v=&transid=20318,WASP-10 b,WASP-10,data/raw/etd_varastro/downloaded_lightcurves/wasp_10_b/04_observation_98654_transit_20318.json,04_observation_98654_transit_20318.json,json,,ground_based_light_curve_api_json,WASP-10 b,downloaded,,0f3a536f294fdda0827265650b02ebbb80fa99c4d30319e20ec09b799814bebd,28422,Unmodified public VarAstro chart API response; includes photometry and the uploaded raw header when the service provides it.
2026-06-13T21:35:02+00:00,ETD / VarAstro,https://var.astro.cz/api/charts/observation/98657?origrawheader=true&airmass=true&v=&transid=20311,WASP-10 b,WASP-10,data/raw/etd_varastro/downloaded_lightcurves/wasp_10_b/05_observation_98657_transit_20311.json,05_observation_98657_transit_20311.json,json,,ground_based_light_curve_api_json,WASP-10 b,downloaded,,be9662188698f95bce11f083623102976dd0321f1f368bd7ba47011e4149c8f8,10974,Unmodified public VarAstro chart API response; includes photometry and the uploaded raw header when the service provides it.
2026-06-13T21:35:02+00:00,ETD / VarAstro,https://var.astro.cz/en/Exoplanets/185,WASP-10 b,WASP-10,data/raw/etd_varastro/extracted_metadata/wasp_10_b/notes_api_9fc58ab6851d.md,notes_api_9fc58ab6851d.md,md,,collection_notes,WASP-10 b,downloaded,,9fc58ab6851d9e042933f597315dd371906898b83093259b8eecaa873cccbe7f,872,
2026-06-13T21:35:02+00:00,ETD / VarAstro,https://var.astro.cz/en/Exoplanets/185,WASP-10 b,WASP-10,data/raw/etd_varastro/manifests/wasp_10_b_manifest_api_84db78acef86.csv,wasp_10_b_manifest_api_84db78acef86.csv,csv,,source_manifest,WASP-10 b,downloaded,,84db78acef863f560ab6a716955d210a94ddbd3ce653a21a743cb9db34de632a,4153,
2026-06-13T21:35:04+00:00,ETD / VarAstro,https://var.astro.cz/en/Exoplanets?name=WASP-4+b,WASP-4 b,WASP-4,data/raw/etd_varastro/html_snapshots/wasp_4_b/catalog_search.html,catalog_search.html,html,,catalog_search_snapshot,WASP-4 b,skipped_existing,,a1490b9431d54661669078e1dd7041e11c64782bc43f2d9703ede6b227e7fba7,26479,Unmodified public HTML response from VarAstro.
2026-06-13T21:35:07+00:00,ETD / VarAstro,https://var.astro.cz/api/Search/Exoplanets?pageId=1&pageSize=20&name=WASP-4+b,WASP-4 b,WASP-4,data/raw/etd_varastro/html_snapshots/wasp_4_b/catalog_search_results.json,catalog_search_results.json,json,,catalog_search_api_response,WASP-4 b,skipped_existing,,55651cda7f00754dd0a8f60a56dfe2f151bc01215eedbe038fae6e606464b066,840,Unmodified JSON returned by the public endpoint used by the VarAstro exoplanet catalog DataTable.
2026-06-13T21:35:09+00:00,ETD / VarAstro,https://var.astro.cz/en/Exoplanets/163,WASP-4 b,WASP-4,data/raw/etd_varastro/html_snapshots/wasp_4_b/planet_detail.html,planet_detail.html,html,,planet_detail_snapshot,WASP-4 b,skipped_existing,,6fe0085bc68b901b5d6265ab7572beff17772144f5e0336504e7eff6a9ac88a5,37351,Unmodified public HTML response from VarAstro.
2026-06-13T21:35:12+00:00,ETD / VarAstro,https://var.astro.cz/api/OcGate/Exoplanets/163,WASP-4 b,WASP-4,data/raw/etd_varastro/extracted_metadata/wasp_4_b/observations_raw.json,observations_raw.json,json,,public_transit_observations_api_response,WASP-4 b,downloaded,,bcb12073647ff51e9a7197294822051a3d5a904771aed4ec87b90662c61d5c98,34735,Unmodified JSON returned by the public observations endpoint used by the VarAstro detail page.
2026-06-13T21:35:12+00:00,ETD / VarAstro,https://var.astro.cz/en/Exoplanets/163,WASP-4 b,WASP-4,data/raw/etd_varastro/extracted_metadata/wasp_4_b/observations_api_7660b4303337.csv,observations_api_7660b4303337.csv,csv,,extracted_public_metadata,WASP-4 b,downloaded,,7660b4303337517aa49eb148c20946b4d55f93f2fb55b1a5a463dd591a7c8156,54962,Metadata extracted from public HTML tables. raw_metadata_json preserves each source row without inferred or estimated values.
2026-06-13T21:35:14+00:00,ETD / VarAstro,https://var.astro.cz/api/charts/observation/106863?origrawheader=true&airmass=true&v=&transid=20322,WASP-4 b,WASP-4,data/raw/etd_varastro/downloaded_lightcurves/wasp_4_b/01_observation_106863_transit_20322.json,01_observation_106863_transit_20322.json,json,,ground_based_light_curve_api_json,WASP-4 b,downloaded,,1446fefacbe2eb3a7a4b80d16c8c7138d68383d8f8ce869e25c9f096ff3a1ba0,33948,Unmodified public VarAstro chart API response; includes photometry and the uploaded raw header when the service provides it.
2026-06-13T21:35:17+00:00,ETD / VarAstro,https://var.astro.cz/api/charts/observation/111591?origrawheader=true&airmass=true&v=&transid=22705,WASP-4 b,WASP-4,data/raw/etd_varastro/downloaded_lightcurves/wasp_4_b/02_observation_111591_transit_22705.json,02_observation_111591_transit_22705.json,json,,ground_based_light_curve_api_json,WASP-4 b,downloaded,,744067b541c5819e679daf3fa54872508d638116ad65836fb01998e2b5e40e38,146804,Unmodified public VarAstro chart API response; includes photometry and the uploaded raw header when the service provides it.
2026-06-13T21:35:18+00:00,ETD / VarAstro,https://var.astro.cz/api/charts/observation/94145?origrawheader=true&airmass=true&v=&transid=12583,WASP-4 b,WASP-4,data/raw/etd_varastro/downloaded_lightcurves/wasp_4_b/03_observation_94145_transit_12583.json,03_observation_94145_transit_12583.json,json,,ground_based_light_curve_api_json,WASP-4 b,downloaded,,291bd65710a8bc7bf721891df1a27f1aca2a2b9b9f8e96d56cfb1ae431252f1c,128457,Unmodified public VarAstro chart API response; includes photometry and the uploaded raw header when the service provides it.
2026-06-13T21:35:21+00:00,ETD / VarAstro,https://var.astro.cz/api/charts/observation/92847?origrawheader=true&airmass=true&v=&transid=11278,WASP-4 b,WASP-4,data/raw/etd_varastro/downloaded_lightcurves/wasp_4_b/04_observation_92847_transit_11278.json,04_observation_92847_transit_11278.json,json,,ground_based_light_curve_api_json,WASP-4 b,downloaded,,24f6a40fa682604d2a8fd8d4d9700b066fcdf29ccebd53077b6a2b91b05d029f,16778,Unmodified public VarAstro chart API response; includes photometry and the uploaded raw header when the service provides it.
2026-06-13T21:35:24+00:00,ETD / VarAstro,https://var.astro.cz/api/charts/observation/92260?origrawheader=true&airmass=true&v=&transid=10684,WASP-4 b,WASP-4,data/raw/etd_varastro/downloaded_lightcurves/wasp_4_b/05_observation_92260_transit_10684.json,05_observation_92260_transit_10684.json,json,,ground_based_light_curve_api_json,WASP-4 b,downloaded,,811694b0b147cc12d5635c25de32f1fb1db95f25f2916d66ae5ea424fde319b4,42315,Unmodified public VarAstro chart API response; includes photometry and the uploaded raw header when the service provides it.
2026-06-13T21:35:24+00:00,ETD / VarAstro,https://var.astro.cz/en/Exoplanets/163,WASP-4 b,WASP-4,data/raw/etd_varastro/extracted_metadata/wasp_4_b/notes_api_bba54a407cdc.md,notes_api_bba54a407cdc.md,md,,collection_notes,WASP-4 b,downloaded,,bba54a407cdceb44e5cb89a69f68c9b1fa44a51751e4909f21af834786321bc2,866,
2026-06-13T21:35:24+00:00,ETD / VarAstro,https://var.astro.cz/en/Exoplanets/163,WASP-4 b,WASP-4,data/raw/etd_varastro/manifests/wasp_4_b_manifest_api_9742a3859b8d.csv,wasp_4_b_manifest_api_9742a3859b8d.csv,csv,,source_manifest,WASP-4 b,downloaded,,9742a3859b8d134f62e2924f4636cb2aceda5d381e302486ba5a740e56a9bebc,4115,
2026-06-13T21:35:26+00:00,ETD / VarAstro,https://var.astro.cz/en/Exoplanets?name=HAT-P-32+b,HAT-P-32 b,HAT-P-32,data/raw/etd_varastro/html_snapshots/hat_p_32_b/catalog_search.html,catalog_search.html,html,,catalog_search_snapshot,HAT-P-32 b,skipped_existing,,69e322bf9f565f6c481f6b17223c6c1abd7fa989e59b1b70fb903c2e1778e7b6,26489,Unmodified public HTML response from VarAstro.
2026-06-13T21:35:29+00:00,ETD / VarAstro,https://var.astro.cz/api/Search/Exoplanets?pageId=1&pageSize=20&name=HAT-P-32+b,HAT-P-32 b,HAT-P-32,data/raw/etd_varastro/html_snapshots/hat_p_32_b/catalog_search_results.json,catalog_search_results.json,json,,catalog_search_api_response,HAT-P-32 b,skipped_existing,,e1851dab60245eae1785c0f099f9064c6f1299789520d391d72d65cfd0502706,803,Unmodified JSON returned by the public endpoint used by the VarAstro exoplanet catalog DataTable.
2026-06-13T21:35:31+00:00,ETD / VarAstro,https://var.astro.cz/en/Exoplanets/348,HAT-P-32 b,HAT-P-32,data/raw/etd_varastro/html_snapshots/hat_p_32_b/planet_detail.html,planet_detail.html,html,,planet_detail_snapshot,HAT-P-32 b,skipped_existing,,b72b7dc3c5e7ec104507626e0056e77e8433bf376a2e424378c87ec0e011f836,37338,Unmodified public HTML response from VarAstro.
2026-06-13T21:35:35+00:00,ETD / VarAstro,https://var.astro.cz/api/OcGate/Exoplanets/348,HAT-P-32 b,HAT-P-32,data/raw/etd_varastro/extracted_metadata/hat_p_32_b/observations_raw.json,observations_raw.json,json,,public_transit_observations_api_response,HAT-P-32 b,downloaded,,6eb3d9ce9f7ea8c5080b4604aa5e4c55e0ead45068113de49768d03d3d24135e,96433,Unmodified JSON returned by the public observations endpoint used by the VarAstro detail page.
2026-06-13T21:35:35+00:00,ETD / VarAstro,https://var.astro.cz/en/Exoplanets/348,HAT-P-32 b,HAT-P-32,data/raw/etd_varastro/extracted_metadata/hat_p_32_b/observations_api_181bc6ffcd20.csv,observations_api_181bc6ffcd20.csv,csv,,extracted_public_metadata,HAT-P-32 b,downloaded,,181bc6ffcd20ae908659a3cf9ade1cd8207266aae82ce3fdb185060236ebc8f6,152172,Metadata extracted from public HTML tables. raw_metadata_json preserves each source row without inferred or estimated values.
2026-06-13T21:35:38+00:00,ETD / VarAstro,https://var.astro.cz/api/charts/observation/111341?origrawheader=true&airmass=true&v=639003161440565230&transid=22572,HAT-P-32 b,HAT-P-32,data/raw/etd_varastro/downloaded_lightcurves/hat_p_32_b/01_observation_111341_transit_22572.json,01_observation_111341_transit_22572.json,json,,ground_based_light_curve_api_json,HAT-P-32 b,downloaded,,e0179bff5305390879b178ca35973a3a9100165a9c595b1529cd8e124eb23164,47539,Unmodified public VarAstro chart API response; includes photometry and the uploaded raw header when the service provides it.
2026-06-13T21:35:41+00:00,ETD / VarAstro,https://var.astro.cz/api/charts/observation/111051?origrawheader=true&airmass=true&v=&transid=22462,HAT-P-32 b,HAT-P-32,data/raw/etd_varastro/downloaded_lightcurves/hat_p_32_b/02_observation_111051_transit_22462.json,02_observation_111051_transit_22462.json,json,,ground_based_light_curve_api_json,HAT-P-32 b,downloaded,,c0b6ad69e73a3d75215426a1409a2396b1459bfeec2249e718564a99af1c7074,103637,Unmodified public VarAstro chart API response; includes photometry and the uploaded raw header when the service provides it.
2026-06-13T21:35:44+00:00,ETD / VarAstro,https://var.astro.cz/api/charts/observation/110849?origrawheader=true&airmass=true&v=&transid=22316,HAT-P-32 b,HAT-P-32,data/raw/etd_varastro/downloaded_lightcurves/hat_p_32_b/03_observation_110849_transit_22316.json,03_observation_110849_transit_22316.json,json,,ground_based_light_curve_api_json,HAT-P-32 b,downloaded,,474b6e85e23ce7346feeb44198f6a4970bae133320ccb58363c66db95e9380d0,78340,Unmodified public VarAstro chart API response; includes photometry and the uploaded raw header when the service provides it.
2026-06-13T21:35:47+00:00,ETD / VarAstro,https://var.astro.cz/api/charts/observation/107460?origrawheader=true&airmass=true&v=&transid=20719,HAT-P-32 b,HAT-P-32,data/raw/etd_varastro/downloaded_lightcurves/hat_p_32_b/04_observation_107460_transit_20719.json,04_observation_107460_transit_20719.json,json,,ground_based_light_curve_api_json,HAT-P-32 b,downloaded,,a1ae40c82b10fc9d9326db259bd309a9a95741cadaebde39e5d18a87ebcb8b2d,184791,Unmodified public VarAstro chart API response; includes photometry and the uploaded raw header when the service provides it.
2026-06-13T21:35:48+00:00,ETD / VarAstro,https://var.astro.cz/api/charts/observation/107204?origrawheader=true&airmass=true&v=&transid=20550,HAT-P-32 b,HAT-P-32,data/raw/etd_varastro/downloaded_lightcurves/hat_p_32_b/05_observation_107204_transit_20550.json,05_observation_107204_transit_20550.json,json,,ground_based_light_curve_api_json,HAT-P-32 b,downloaded,,19ba16d5c2caf304e03250876e1cf6ef1cdf8f06a96cfec80a0adfb730f6a736,48219,Unmodified public VarAstro chart API response; includes photometry and the uploaded raw header when the service provides it.
2026-06-13T21:35:48+00:00,ETD / VarAstro,https://var.astro.cz/en/Exoplanets/348,HAT-P-32 b,HAT-P-32,data/raw/etd_varastro/extracted_metadata/hat_p_32_b/notes_api_d275db8aede2.md,notes_api_d275db8aede2.md,md,,collection_notes,HAT-P-32 b,downloaded,,d275db8aede2eb42fa307f49155c15fb7730a17201ef73ac9fe70d5393fb067e,877,
2026-06-13T21:35:48+00:00,ETD / VarAstro,https://var.astro.cz/en/Exoplanets/348,HAT-P-32 b,HAT-P-32,data/raw/etd_varastro/manifests/hat_p_32_b_manifest_api_1447b824b80a.csv,hat_p_32_b_manifest_api_1447b824b80a.csv,csv,,source_manifest,HAT-P-32 b,downloaded,,1447b824b80a48e115d2509d5507d7c77e9ef605b5cc765bacbb8bca4856f9c0,4211,
2026-06-13T21:38:37+00:00,NASA Exoplanet Archive,https://exoplanetarchive.ipac.caltech.edu/TAP/sync,,,data/raw/nasa_exoplanet_archive/manifests/pscomppars_schema.csv,pscomppars_schema.csv,csv,,tap_schema,SELECT column_name FROM TAP_SCHEMA.columns WHERE table_name = 'pscomppars',skipped_existing,,18219d2b3996d9e0c48b552d4f759605fb50297935ccaf34f4857c04b4cb8b1b,5442,
2026-06-13T21:38:37+00:00,NASA Exoplanet Archive,https://exoplanetarchive.ipac.caltech.edu/TAP/sync,,,data/raw/nasa_exoplanet_archive/manifests/ps_schema.csv,ps_schema.csv,csv,,tap_schema,SELECT column_name FROM TAP_SCHEMA.columns WHERE table_name = 'ps',skipped_existing,,b72c73351b20865dca29cfbb9548a81eb957765d120a26228b3749a0bd241a7c,4777,
2026-06-13T21:38:37+00:00,NASA Exoplanet Archive,https://exoplanetarchive.ipac.caltech.edu/TAP/sync,HAT-P-7 b,HAT-P-7,data/raw/nasa_exoplanet_archive/pscomppars/hat_p_7_b/response.csv,response.csv,csv,,pscomppars,"SELECT pl_name, hostname, discoverymethod, disc_facility, pl_orbper, pl_orbpererr1, pl_orbpererr2, pl_tranmid, pl_tranmiderr1, pl_tranmiderr2, pl_trandur, pl_trandurerr1, pl_trandurerr2, pl_trandep, pl_trandeperr1, pl_trandeperr2, pl_rade, pl_radeerr1, pl_radeerr2, pl_radj, st_rad, st_raderr1, st_raderr2, st_teff, st_mass, sy_dist FROM pscomppars WHERE pl_name = 'HAT-P-7 b'",skipped_existing,,d27b1c3837d52341a6adb25731daa9783d14ab5dbc9c164f0395af3aedfe4724,594,
2026-06-13T21:38:37+00:00,NASA Exoplanet Archive,https://exoplanetarchive.ipac.caltech.edu/TAP/sync,HAT-P-7 b,HAT-P-7,data/raw/nasa_exoplanet_archive/pscomppars/hat_p_7_b/query_query_b819ea7b4acd.sql,query_query_b819ea7b4acd.sql,sql,,tap_query,"SELECT pl_name, hostname, discoverymethod, disc_facility, pl_orbper, pl_orbpererr1, pl_orbpererr2, pl_tranmid, pl_tranmiderr1, pl_tranmiderr2, pl_trandur, pl_trandurerr1, pl_trandurerr2, pl_trandep, pl_trandeperr1, pl_trandeperr2, pl_rade, pl_radeerr1, pl_radeerr2, pl_radj, st_rad, st_raderr1, st_raderr2, st_teff, st_mass, sy_dist FROM pscomppars WHERE pl_name = 'HAT-P-7 b'",downloaded,,b819ea7b4acdd41d37e37fb3ea1604f1629a67532a408727bc79ade14ae0374d,377,
2026-06-13T21:38:37+00:00,NASA Exoplanet Archive,https://exoplanetarchive.ipac.caltech.edu/TAP/sync,HAT-P-7 b,HAT-P-7,data/raw/nasa_exoplanet_archive/pscomppars/hat_p_7_b/metadata_query_6a5ddfbed4d8.json,metadata_query_6a5ddfbed4d8.json,json,,collection_metadata,"SELECT pl_name, hostname, discoverymethod, disc_facility, pl_orbper, pl_orbpererr1, pl_orbpererr2, pl_tranmid, pl_tranmiderr1, pl_tranmiderr2, pl_trandur, pl_trandurerr1, pl_trandurerr2, pl_trandep, pl_trandeperr1, pl_trandeperr2, pl_rade, pl_radeerr1, pl_radeerr2, pl_radj, st_rad, st_raderr1, st_raderr2, st_teff, st_mass, sy_dist FROM pscomppars WHERE pl_name = 'HAT-P-7 b'",downloaded,,63d220cd3201f1b0cc873336e42dd0a2ba0e205c7614f35ece7ff7ab8ee3d5ed,1069,
2026-06-13T21:38:37+00:00,NASA Exoplanet Archive,https://exoplanetarchive.ipac.caltech.edu/TAP/sync,HAT-P-7 b,HAT-P-7,data/raw/nasa_exoplanet_archive/ps/hat_p_7_b/response.csv,response.csv,csv,,ps,"SELECT pl_name, hostname, discoverymethod, disc_facility, pl_orbper, pl_orbpererr1, pl_orbpererr2, pl_tranmid, pl_tranmiderr1, pl_tranmiderr2, pl_trandur, pl_trandurerr1, pl_trandurerr2, pl_trandep, pl_trandeperr1, pl_trandeperr2, pl_rade, pl_radeerr1, pl_radeerr2, pl_radj, st_rad, st_raderr1, st_raderr2, st_teff, st_mass, sy_dist, rowupdate, releasedate FROM ps WHERE pl_name = 'HAT-P-7 b'",skipped_existing,,aec59b0d6afc6e4576d0a2bb6ecd15a49650b453d104b797fbeaa86090ba766b,6151,
2026-06-13T21:38:38+00:00,NASA Exoplanet Archive,https://exoplanetarchive.ipac.caltech.edu/TAP/sync,HAT-P-7 b,HAT-P-7,data/raw/nasa_exoplanet_archive/ps/hat_p_7_b/query_query_2d7d536780ce.sql,query_query_2d7d536780ce.sql,sql,,tap_query,"SELECT pl_name, hostname, discoverymethod, disc_facility, pl_orbper, pl_orbpererr1, pl_orbpererr2, pl_tranmid, pl_tranmiderr1, pl_tranmiderr2, pl_trandur, pl_trandurerr1, pl_trandurerr2, pl_trandep, pl_trandeperr1, pl_trandeperr2, pl_rade, pl_radeerr1, pl_radeerr2, pl_radj, st_rad, st_raderr1, st_raderr2, st_teff, st_mass, sy_dist, rowupdate, releasedate FROM ps WHERE pl_name = 'HAT-P-7 b'",downloaded,,2d7d536780cef88d8826adf6f336146e5ebabd8607832b36bb13dc26fb6d4161,393,
2026-06-13T21:38:38+00:00,NASA Exoplanet Archive,https://exoplanetarchive.ipac.caltech.edu/TAP/sync,HAT-P-7 b,HAT-P-7,data/raw/nasa_exoplanet_archive/ps/hat_p_7_b/metadata_query_a7bb6f6587c0.json,metadata_query_a7bb6f6587c0.json,json,,collection_metadata,"SELECT pl_name, hostname, discoverymethod, disc_facility, pl_orbper, pl_orbpererr1, pl_orbpererr2, pl_tranmid, pl_tranmiderr1, pl_tranmiderr2, pl_trandur, pl_trandurerr1, pl_trandurerr2, pl_trandep, pl_trandeperr1, pl_trandeperr2, pl_rade, pl_radeerr1, pl_radeerr2, pl_radj, st_rad, st_raderr1, st_raderr2, st_teff, st_mass, sy_dist, rowupdate, releasedate FROM ps WHERE pl_name = 'HAT-P-7 b'",downloaded,,b2fb5edc0c58bd87fb0a3d6d39bc87cdbf26903c5bbcd8ff06724882c19366fc,1113,
2026-06-13T21:38:38+00:00,NASA Exoplanet Archive,https://exoplanetarchive.ipac.caltech.edu/TAP/sync,TrES-2 b,TrES-2,data/raw/nasa_exoplanet_archive/pscomppars/tres_2_b/response.csv,response.csv,csv,,pscomppars,"SELECT pl_name, hostname, discoverymethod, disc_facility, pl_orbper, pl_orbpererr1, pl_orbpererr2, pl_tranmid, pl_tranmiderr1, pl_tranmiderr2, pl_trandur, pl_trandurerr1, pl_trandurerr2, pl_trandep, pl_trandeperr1, pl_trandeperr2, pl_rade, pl_radeerr1, pl_radeerr2, pl_radj, st_rad, st_raderr1, st_raderr2, st_teff, st_mass, sy_dist FROM pscomppars WHERE pl_name = 'TrES-2 b'",skipped_existing,,f039af39c14baa28189e1b1798fdbbb479036221af971e014fc130c32e1ee3ca,590,
2026-06-13T21:38:38+00:00,NASA Exoplanet Archive,https://exoplanetarchive.ipac.caltech.edu/TAP/sync,TrES-2 b,TrES-2,data/raw/nasa_exoplanet_archive/pscomppars/tres_2_b/query_query_681ff3e25fab.sql,query_query_681ff3e25fab.sql,sql,,tap_query,"SELECT pl_name, hostname, discoverymethod, disc_facility, pl_orbper, pl_orbpererr1, pl_orbpererr2, pl_tranmid, pl_tranmiderr1, pl_tranmiderr2, pl_trandur, pl_trandurerr1, pl_trandurerr2, pl_trandep, pl_trandeperr1, pl_trandeperr2, pl_rade, pl_radeerr1, pl_radeerr2, pl_radj, st_rad, st_raderr1, st_raderr2, st_teff, st_mass, sy_dist FROM pscomppars WHERE pl_name = 'TrES-2 b'",downloaded,,681ff3e25fabc4af8965f704f0dc471b50e124e02df8b8a369580086fc6a4e51,376,
2026-06-13T21:38:38+00:00,NASA Exoplanet Archive,https://exoplanetarchive.ipac.caltech.edu/TAP/sync,TrES-2 b,TrES-2,data/raw/nasa_exoplanet_archive/pscomppars/tres_2_b/metadata_query_8642a745f479.json,metadata_query_8642a745f479.json,json,,collection_metadata,"SELECT pl_name, hostname, discoverymethod, disc_facility, pl_orbper, pl_orbpererr1, pl_orbpererr2, pl_tranmid, pl_tranmiderr1, pl_tranmiderr2, pl_trandur, pl_trandurerr1, pl_trandurerr2, pl_trandep, pl_trandeperr1, pl_trandeperr2, pl_rade, pl_radeerr1, pl_radeerr2, pl_radj, st_rad, st_raderr1, st_raderr2, st_teff, st_mass, sy_dist FROM pscomppars WHERE pl_name = 'TrES-2 b'",downloaded,,20de55402d8831a62c959d5518846c9f7482fe0543011139d327c049f7539916,1066,
2026-06-13T21:38:38+00:00,NASA Exoplanet Archive,https://exoplanetarchive.ipac.caltech.edu/TAP/sync,TrES-2 b,TrES-2,data/raw/nasa_exoplanet_archive/ps/tres_2_b/response.csv,response.csv,csv,,ps,"SELECT pl_name, hostname, discoverymethod, disc_facility, pl_orbper, pl_orbpererr1, pl_orbpererr2, pl_tranmid, pl_tranmiderr1, pl_tranmiderr2, pl_trandur, pl_trandurerr1, pl_trandurerr2, pl_trandep, pl_trandeperr1, pl_trandeperr2, pl_rade, pl_radeerr1, pl_radeerr2, pl_radj, st_rad, st_raderr1, st_raderr2, st_teff, st_mass, sy_dist, rowupdate, releasedate FROM ps WHERE pl_name = 'TrES-2 b'",skipped_existing,,89db41589ca60978ae55a33089b2190b5cea00b437eece65bceef62ab78ce182,8603,
2026-06-13T21:38:38+00:00,NASA Exoplanet Archive,https://exoplanetarchive.ipac.caltech.edu/TAP/sync,TrES-2 b,TrES-2,data/raw/nasa_exoplanet_archive/ps/tres_2_b/query_query_1dfccb533bd7.sql,query_query_1dfccb533bd7.sql,sql,,tap_query,"SELECT pl_name, hostname, discoverymethod, disc_facility, pl_orbper, pl_orbpererr1, pl_orbpererr2, pl_tranmid, pl_tranmiderr1, pl_tranmiderr2, pl_trandur, pl_trandurerr1, pl_trandurerr2, pl_trandep, pl_trandeperr1, pl_trandeperr2, pl_rade, pl_radeerr1, pl_radeerr2, pl_radj, st_rad, st_raderr1, st_raderr2, st_teff, st_mass, sy_dist, rowupdate, releasedate FROM ps WHERE pl_name = 'TrES-2 b'",downloaded,,1dfccb533bd7e34eea80e8091641e9e2ccabbf88d916b52aa18d21d057e0903d,392,
2026-06-13T21:38:38+00:00,NASA Exoplanet Archive,https://exoplanetarchive.ipac.caltech.edu/TAP/sync,TrES-2 b,TrES-2,data/raw/nasa_exoplanet_archive/ps/tres_2_b/metadata_query_f3cd9e55759d.json,metadata_query_f3cd9e55759d.json,json,,collection_metadata,"SELECT pl_name, hostname, discoverymethod, disc_facility, pl_orbper, pl_orbpererr1, pl_orbpererr2, pl_tranmid, pl_tranmiderr1, pl_tranmiderr2, pl_trandur, pl_trandurerr1, pl_trandurerr2, pl_trandep, pl_trandeperr1, pl_trandeperr2, pl_rade, pl_radeerr1, pl_radeerr2, pl_radj, st_rad, st_raderr1, st_raderr2, st_teff, st_mass, sy_dist, rowupdate, releasedate FROM ps WHERE pl_name = 'TrES-2 b'",downloaded,,df2054de0fc413cc2ba40bf479d8fd5fdaa6c9e4db9d8525b936458dc07dfa73,1110,
2026-06-13T21:38:38+00:00,NASA Exoplanet Archive,https://exoplanetarchive.ipac.caltech.edu/TAP/sync,HD 189733 b,HD 189733,data/raw/nasa_exoplanet_archive/pscomppars/hd_189733_b/response.csv,response.csv,csv,,pscomppars,"SELECT pl_name, hostname, discoverymethod, disc_facility, pl_orbper, pl_orbpererr1, pl_orbpererr2, pl_tranmid, pl_tranmiderr1, pl_tranmiderr2, pl_trandur, pl_trandurerr1, pl_trandurerr2, pl_trandep, pl_trandeperr1, pl_trandeperr2, pl_rade, pl_radeerr1, pl_radeerr2, pl_radj, st_rad, st_raderr1, st_raderr2, st_teff, st_mass, sy_dist FROM pscomppars WHERE pl_name = 'HD 189733 b'",skipped_existing,,bddd911280b9b1e8ab825e3ab1ad78c97f907f623eeaff6982200df273183863,625,
2026-06-13T21:38:38+00:00,NASA Exoplanet Archive,https://exoplanetarchive.ipac.caltech.edu/TAP/sync,HD 189733 b,HD 189733,data/raw/nasa_exoplanet_archive/pscomppars/hd_189733_b/query_query_b46f75fa9e99.sql,query_query_b46f75fa9e99.sql,sql,,tap_query,"SELECT pl_name, hostname, discoverymethod, disc_facility, pl_orbper, pl_orbpererr1, pl_orbpererr2, pl_tranmid, pl_tranmiderr1, pl_tranmiderr2, pl_trandur, pl_trandurerr1, pl_trandurerr2, pl_trandep, pl_trandeperr1, pl_trandeperr2, pl_rade, pl_radeerr1, pl_radeerr2, pl_radj, st_rad, st_raderr1, st_raderr2, st_teff, st_mass, sy_dist FROM pscomppars WHERE pl_name = 'HD 189733 b'",downloaded,,b46f75fa9e9970b4e103f7663300f8b3ac0b308800ef09ac840ed49f779c8e17,379,
2026-06-13T21:38:38+00:00,NASA Exoplanet Archive,https://exoplanetarchive.ipac.caltech.edu/TAP/sync,HD 189733 b,HD 189733,data/raw/nasa_exoplanet_archive/pscomppars/hd_189733_b/metadata_query_91fdde0b8ec1.json,metadata_query_91fdde0b8ec1.json,json,,collection_metadata,"SELECT pl_name, hostname, discoverymethod, disc_facility, pl_orbper, pl_orbpererr1, pl_orbpererr2, pl_tranmid, pl_tranmiderr1, pl_tranmiderr2, pl_trandur, pl_trandurerr1, pl_trandurerr2, pl_trandep, pl_trandeperr1, pl_trandeperr2, pl_rade, pl_radeerr1, pl_radeerr2, pl_radj, st_rad, st_raderr1, st_raderr2, st_teff, st_mass, sy_dist FROM pscomppars WHERE pl_name = 'HD 189733 b'",downloaded,,8e934e097bdf33537c9becc414eacf0309ccd01b00245a5e8dc53dd02440d78d,1075,
2026-06-13T21:38:38+00:00,NASA Exoplanet Archive,https://exoplanetarchive.ipac.caltech.edu/TAP/sync,HD 189733 b,HD 189733,data/raw/nasa_exoplanet_archive/ps/hd_189733_b/response.csv,response.csv,csv,,ps,"SELECT pl_name, hostname, discoverymethod, disc_facility, pl_orbper, pl_orbpererr1, pl_orbpererr2, pl_tranmid, pl_tranmiderr1, pl_tranmiderr2, pl_trandur, pl_trandurerr1, pl_trandurerr2, pl_trandep, pl_trandeperr1, pl_trandeperr2, pl_rade, pl_radeerr1, pl_radeerr2, pl_radj, st_rad, st_raderr1, st_raderr2, st_teff, st_mass, sy_dist, rowupdate, releasedate FROM ps WHERE pl_name = 'HD 189733 b'",skipped_existing,,8c64e5ad59c3ffa0eaf7e68d06be51b48732b0d52b9cff3cb4520ab0ee2c34f7,5387,
2026-06-13T21:38:38+00:00,NASA Exoplanet Archive,https://exoplanetarchive.ipac.caltech.edu/TAP/sync,HD 189733 b,HD 189733,data/raw/nasa_exoplanet_archive/ps/hd_189733_b/query_query_d18443291809.sql,query_query_d18443291809.sql,sql,,tap_query,"SELECT pl_name, hostname, discoverymethod, disc_facility, pl_orbper, pl_orbpererr1, pl_orbpererr2, pl_tranmid, pl_tranmiderr1, pl_tranmiderr2, pl_trandur, pl_trandurerr1, pl_trandurerr2, pl_trandep, pl_trandeperr1, pl_trandeperr2, pl_rade, pl_radeerr1, pl_radeerr2, pl_radj, st_rad, st_raderr1, st_raderr2, st_teff, st_mass, sy_dist, rowupdate, releasedate FROM ps WHERE pl_name = 'HD 189733 b'",downloaded,,d18443291809da21cab424e398233d8f80e94c3f23b93d57834aae39a019a1c5,395,
2026-06-13T21:38:38+00:00,NASA Exoplanet Archive,https://exoplanetarchive.ipac.caltech.edu/TAP/sync,HD 189733 b,HD 189733,data/raw/nasa_exoplanet_archive/ps/hd_189733_b/metadata_query_9da1fe103f2c.json,metadata_query_9da1fe103f2c.json,json,,collection_metadata,"SELECT pl_name, hostname, discoverymethod, disc_facility, pl_orbper, pl_orbpererr1, pl_orbpererr2, pl_tranmid, pl_tranmiderr1, pl_tranmiderr2, pl_trandur, pl_trandurerr1, pl_trandurerr2, pl_trandep, pl_trandeperr1, pl_trandeperr2, pl_rade, pl_radeerr1, pl_radeerr2, pl_radj, st_rad, st_raderr1, st_raderr2, st_teff, st_mass, sy_dist, rowupdate, releasedate FROM ps WHERE pl_name = 'HD 189733 b'",downloaded,,9967c5fbb2333a4666a202e1dadd62ccf9aeb74a866f885cba7ee789637faf85,1119,
2026-06-13T21:38:38+00:00,NASA Exoplanet Archive,https://exoplanetarchive.ipac.caltech.edu/TAP/sync,HD 209458 b,HD 209458,data/raw/nasa_exoplanet_archive/pscomppars/hd_209458_b/response.csv,response.csv,csv,,pscomppars,"SELECT pl_name, hostname, discoverymethod, disc_facility, pl_orbper, pl_orbpererr1, pl_orbpererr2, pl_tranmid, pl_tranmiderr1, pl_tranmiderr2, pl_trandur, pl_trandurerr1, pl_trandurerr2, pl_trandep, pl_trandeperr1, pl_trandeperr2, pl_rade, pl_radeerr1, pl_radeerr2, pl_radj, st_rad, st_raderr1, st_raderr2, st_teff, st_mass, sy_dist FROM pscomppars WHERE pl_name = 'HD 209458 b'",skipped_existing,,0c31b706d3ec26c90c040d0871784bc9cd87a2650fd289237bb8725d589284ea,621,
2026-06-13T21:38:38+00:00,NASA Exoplanet Archive,https://exoplanetarchive.ipac.caltech.edu/TAP/sync,HD 209458 b,HD 209458,data/raw/nasa_exoplanet_archive/pscomppars/hd_209458_b/query_query_281eba65064a.sql,query_query_281eba65064a.sql,sql,,tap_query,"SELECT pl_name, hostname, discoverymethod, disc_facility, pl_orbper, pl_orbpererr1, pl_orbpererr2, pl_tranmid, pl_tranmiderr1, pl_tranmiderr2, pl_trandur, pl_trandurerr1, pl_trandurerr2, pl_trandep, pl_trandeperr1, pl_trandeperr2, pl_rade, pl_radeerr1, pl_radeerr2, pl_radj, st_rad, st_raderr1, st_raderr2, st_teff, st_mass, sy_dist FROM pscomppars WHERE pl_name = 'HD 209458 b'",downloaded,,281eba65064a691db8777345eb881302f4e395bbc140f65bce99d22ced033752,379,
2026-06-13T21:38:38+00:00,NASA Exoplanet Archive,https://exoplanetarchive.ipac.caltech.edu/TAP/sync,HD 209458 b,HD 209458,data/raw/nasa_exoplanet_archive/pscomppars/hd_209458_b/metadata_query_add08f4f05e1.json,metadata_query_add08f4f05e1.json,json,,collection_metadata,"SELECT pl_name, hostname, discoverymethod, disc_facility, pl_orbper, pl_orbpererr1, pl_orbpererr2, pl_tranmid, pl_tranmiderr1, pl_tranmiderr2, pl_trandur, pl_trandurerr1, pl_trandurerr2, pl_trandep, pl_trandeperr1, pl_trandeperr2, pl_rade, pl_radeerr1, pl_radeerr2, pl_radj, st_rad, st_raderr1, st_raderr2, st_teff, st_mass, sy_dist FROM pscomppars WHERE pl_name = 'HD 209458 b'",downloaded,,dd9f219dd269ad704d4224c217135a9f4e368b0d03f06c87166d387ebf011074,1075,
2026-06-13T21:38:38+00:00,NASA Exoplanet Archive,https://exoplanetarchive.ipac.caltech.edu/TAP/sync,HD 209458 b,HD 209458,data/raw/nasa_exoplanet_archive/ps/hd_209458_b/response.csv,response.csv,csv,,ps,"SELECT pl_name, hostname, discoverymethod, disc_facility, pl_orbper, pl_orbpererr1, pl_orbpererr2, pl_tranmid, pl_tranmiderr1, pl_tranmiderr2, pl_trandur, pl_trandurerr1, pl_trandurerr2, pl_trandep, pl_trandeperr1, pl_trandeperr2, pl_rade, pl_radeerr1, pl_radeerr2, pl_radj, st_rad, st_raderr1, st_raderr2, st_teff, st_mass, sy_dist, rowupdate, releasedate FROM ps WHERE pl_name = 'HD 209458 b'",skipped_existing,,1e9efd784d4ce5a2ae8654b4cbb2315a16014f18aead328981567db2f3240e36,5614,
2026-06-13T21:38:38+00:00,NASA Exoplanet Archive,https://exoplanetarchive.ipac.caltech.edu/TAP/sync,HD 209458 b,HD 209458,data/raw/nasa_exoplanet_archive/ps/hd_209458_b/query_query_b94d138f31a3.sql,query_query_b94d138f31a3.sql,sql,,tap_query,"SELECT pl_name, hostname, discoverymethod, disc_facility, pl_orbper, pl_orbpererr1, pl_orbpererr2, pl_tranmid, pl_tranmiderr1, pl_tranmiderr2, pl_trandur, pl_trandurerr1, pl_trandurerr2, pl_trandep, pl_trandeperr1, pl_trandeperr2, pl_rade, pl_radeerr1, pl_radeerr2, pl_radj, st_rad, st_raderr1, st_raderr2, st_teff, st_mass, sy_dist, rowupdate, releasedate FROM ps WHERE pl_name = 'HD 209458 b'",downloaded,,b94d138f31a3b6097f4c874ce5e9655544085a59710bc5055579e6ee55205331,395,
2026-06-13T21:38:38+00:00,NASA Exoplanet Archive,https://exoplanetarchive.ipac.caltech.edu/TAP/sync,HD 209458 b,HD 209458,data/raw/nasa_exoplanet_archive/ps/hd_209458_b/metadata_query_d0159d683af3.json,metadata_query_d0159d683af3.json,json,,collection_metadata,"SELECT pl_name, hostname, discoverymethod, disc_facility, pl_orbper, pl_orbpererr1, pl_orbpererr2, pl_tranmid, pl_tranmiderr1, pl_tranmiderr2, pl_trandur, pl_trandurerr1, pl_trandurerr2, pl_trandep, pl_trandeperr1, pl_trandeperr2, pl_rade, pl_radeerr1, pl_radeerr2, pl_radj, st_rad, st_raderr1, st_raderr2, st_teff, st_mass, sy_dist, rowupdate, releasedate FROM ps WHERE pl_name = 'HD 209458 b'",downloaded,,a568e2976b4cd72cedbae9e2f28e50f4d4129f5becee2293d05a4314b4081fa0,1119,
2026-06-13T21:38:38+00:00,NASA Exoplanet Archive,https://exoplanetarchive.ipac.caltech.edu/TAP/sync,WASP-12 b,WASP-12,data/raw/nasa_exoplanet_archive/pscomppars/wasp_12_b/response.csv,response.csv,csv,,pscomppars,"SELECT pl_name, hostname, discoverymethod, disc_facility, pl_orbper, pl_orbpererr1, pl_orbpererr2, pl_tranmid, pl_tranmiderr1, pl_tranmiderr2, pl_trandur, pl_trandurerr1, pl_trandurerr2, pl_trandep, pl_trandeperr1, pl_trandeperr2, pl_rade, pl_radeerr1, pl_radeerr2, pl_radj, st_rad, st_raderr1, st_raderr2, st_teff, st_mass, sy_dist FROM pscomppars WHERE pl_name = 'WASP-12 b'",skipped_existing,,4953405aa942f142ed327fa6c970ce7bdb28f18f16ba0f784c6d4a357bb88383,597,
2026-06-13T21:38:38+00:00,NASA Exoplanet Archive,https://exoplanetarchive.ipac.caltech.edu/TAP/sync,WASP-12 b,WASP-12,data/raw/nasa_exoplanet_archive/pscomppars/wasp_12_b/query_query_f1265798d14f.sql,query_query_f1265798d14f.sql,sql,,tap_query,"SELECT pl_name, hostname, discoverymethod, disc_facility, pl_orbper, pl_orbpererr1, pl_orbpererr2, pl_tranmid, pl_tranmiderr1, pl_tranmiderr2, pl_trandur, pl_trandurerr1, pl_trandurerr2, pl_trandep, pl_trandeperr1, pl_trandeperr2, pl_rade, pl_radeerr1, pl_radeerr2, pl_radj, st_rad, st_raderr1, st_raderr2, st_teff, st_mass, sy_dist FROM pscomppars WHERE pl_name = 'WASP-12 b'",downloaded,,f1265798d14f172f43ffc01b3fb047becafe0d3fb551c41655c4edb2384c25f3,377,
2026-06-13T21:38:38+00:00,NASA Exoplanet Archive,https://exoplanetarchive.ipac.caltech.edu/TAP/sync,WASP-12 b,WASP-12,data/raw/nasa_exoplanet_archive/pscomppars/wasp_12_b/metadata_query_39f29cd77653.json,metadata_query_39f29cd77653.json,json,,collection_metadata,"SELECT pl_name, hostname, discoverymethod, disc_facility, pl_orbper, pl_orbpererr1, pl_orbpererr2, pl_tranmid, pl_tranmiderr1, pl_tranmiderr2, pl_trandur, pl_trandurerr1, pl_trandurerr2, pl_trandep, pl_trandeperr1, pl_trandeperr2, pl_rade, pl_radeerr1, pl_radeerr2, pl_radj, st_rad, st_raderr1, st_raderr2, st_teff, st_mass, sy_dist FROM pscomppars WHERE pl_name = 'WASP-12 b'",downloaded,,2f18e0bc4f6fde6f1a20df864f9f67a7f00a15be38ff19fab82cb216425dc6cd,1069,
2026-06-13T21:38:38+00:00,NASA Exoplanet Archive,https://exoplanetarchive.ipac.caltech.edu/TAP/sync,WASP-12 b,WASP-12,data/raw/nasa_exoplanet_archive/ps/wasp_12_b/response.csv,response.csv,csv,,ps,"SELECT pl_name, hostname, discoverymethod, disc_facility, pl_orbper, pl_orbpererr1, pl_orbpererr2, pl_tranmid, pl_tranmiderr1, pl_tranmiderr2, pl_trandur, pl_trandurerr1, pl_trandurerr2, pl_trandep, pl_trandeperr1, pl_trandeperr2, pl_rade, pl_radeerr1, pl_radeerr2, pl_radj, st_rad, st_raderr1, st_raderr2, st_teff, st_mass, sy_dist, rowupdate, releasedate FROM ps WHERE pl_name = 'WASP-12 b'",skipped_existing,,a0453e8338d689f5457a6571bb0369e84a5ac595a528b18729504a3c9b25c8a6,4666,
2026-06-13T21:38:38+00:00,NASA Exoplanet Archive,https://exoplanetarchive.ipac.caltech.edu/TAP/sync,WASP-12 b,WASP-12,data/raw/nasa_exoplanet_archive/ps/wasp_12_b/query_query_63239ff97c93.sql,query_query_63239ff97c93.sql,sql,,tap_query,"SELECT pl_name, hostname, discoverymethod, disc_facility, pl_orbper, pl_orbpererr1, pl_orbpererr2, pl_tranmid, pl_tranmiderr1, pl_tranmiderr2, pl_trandur, pl_trandurerr1, pl_trandurerr2, pl_trandep, pl_trandeperr1, pl_trandeperr2, pl_rade, pl_radeerr1, pl_radeerr2, pl_radj, st_rad, st_raderr1, st_raderr2, st_teff, st_mass, sy_dist, rowupdate, releasedate FROM ps WHERE pl_name = 'WASP-12 b'",downloaded,,63239ff97c936de13b9c39f53db046d40010a6d9ef364cdcd0d55e19f9225163,393,
2026-06-13T21:38:38+00:00,NASA Exoplanet Archive,https://exoplanetarchive.ipac.caltech.edu/TAP/sync,WASP-12 b,WASP-12,data/raw/nasa_exoplanet_archive/ps/wasp_12_b/metadata_query_3c78a9cc4f69.json,metadata_query_3c78a9cc4f69.json,json,,collection_metadata,"SELECT pl_name, hostname, discoverymethod, disc_facility, pl_orbper, pl_orbpererr1, pl_orbpererr2, pl_tranmid, pl_tranmiderr1, pl_tranmiderr2, pl_trandur, pl_trandurerr1, pl_trandurerr2, pl_trandep, pl_trandeperr1, pl_trandeperr2, pl_rade, pl_radeerr1, pl_radeerr2, pl_radj, st_rad, st_raderr1, st_raderr2, st_teff, st_mass, sy_dist, rowupdate, releasedate FROM ps WHERE pl_name = 'WASP-12 b'",downloaded,,056c537738d2e772fbedd2904edde10534d696aeb6c4e4db1d3de7a5507128e6,1113,
2026-06-13T21:38:38+00:00,NASA Exoplanet Archive,https://exoplanetarchive.ipac.caltech.edu/TAP/sync,WASP-10 b,WASP-10,data/raw/nasa_exoplanet_archive/pscomppars/wasp_10_b/response.csv,response.csv,csv,,pscomppars,"SELECT pl_name, hostname, discoverymethod, disc_facility, pl_orbper, pl_orbpererr1, pl_orbpererr2, pl_tranmid, pl_tranmiderr1, pl_tranmiderr2, pl_trandur, pl_trandurerr1, pl_trandurerr2, pl_trandep, pl_trandeperr1, pl_trandeperr2, pl_rade, pl_radeerr1, pl_radeerr2, pl_radj, st_rad, st_raderr1, st_raderr2, st_teff, st_mass, sy_dist FROM pscomppars WHERE pl_name = 'WASP-10 b'",skipped_existing,,df056ff912e2c17ef727705441b897d346c14dff089b65b86e1b5ba1b3f4cd10,597,
2026-06-13T21:38:38+00:00,NASA Exoplanet Archive,https://exoplanetarchive.ipac.caltech.edu/TAP/sync,WASP-10 b,WASP-10,data/raw/nasa_exoplanet_archive/pscomppars/wasp_10_b/query_query_f60709afc569.sql,query_query_f60709afc569.sql,sql,,tap_query,"SELECT pl_name, hostname, discoverymethod, disc_facility, pl_orbper, pl_orbpererr1, pl_orbpererr2, pl_tranmid, pl_tranmiderr1, pl_tranmiderr2, pl_trandur, pl_trandurerr1, pl_trandurerr2, pl_trandep, pl_trandeperr1, pl_trandeperr2, pl_rade, pl_radeerr1, pl_radeerr2, pl_radj, st_rad, st_raderr1, st_raderr2, st_teff, st_mass, sy_dist FROM pscomppars WHERE pl_name = 'WASP-10 b'",downloaded,,f60709afc569e0d4cb6deb5a1c92be19a76f0c0cd70d1f4830c35459581bffea,377,
2026-06-13T21:38:38+00:00,NASA Exoplanet Archive,https://exoplanetarchive.ipac.caltech.edu/TAP/sync,WASP-10 b,WASP-10,data/raw/nasa_exoplanet_archive/pscomppars/wasp_10_b/metadata_query_3b17b80cc746.json,metadata_query_3b17b80cc746.json,json,,collection_metadata,"SELECT pl_name, hostname, discoverymethod, disc_facility, pl_orbper, pl_orbpererr1, pl_orbpererr2, pl_tranmid, pl_tranmiderr1, pl_tranmiderr2, pl_trandur, pl_trandurerr1, pl_trandurerr2, pl_trandep, pl_trandeperr1, pl_trandeperr2, pl_rade, pl_radeerr1, pl_radeerr2, pl_radj, st_rad, st_raderr1, st_raderr2, st_teff, st_mass, sy_dist FROM pscomppars WHERE pl_name = 'WASP-10 b'",downloaded,,412a5e925300382ea3b2fa3c4619296b1de66b84936c9e4590240d6a9b733197,1069,
2026-06-13T21:38:38+00:00,NASA Exoplanet Archive,https://exoplanetarchive.ipac.caltech.edu/TAP/sync,WASP-10 b,WASP-10,data/raw/nasa_exoplanet_archive/ps/wasp_10_b/response.csv,response.csv,csv,,ps,"SELECT pl_name, hostname, discoverymethod, disc_facility, pl_orbper, pl_orbpererr1, pl_orbpererr2, pl_tranmid, pl_tranmiderr1, pl_tranmiderr2, pl_trandur, pl_trandurerr1, pl_trandurerr2, pl_trandep, pl_trandeperr1, pl_trandeperr2, pl_rade, pl_radeerr1, pl_radeerr2, pl_radj, st_rad, st_raderr1, st_raderr2, st_teff, st_mass, sy_dist, rowupdate, releasedate FROM ps WHERE pl_name = 'WASP-10 b'",skipped_existing,,08bfdbfff4d515a8aed984aa65ed681cd6ed389698b02680d72c59de3ad5e960,2838,
2026-06-13T21:38:38+00:00,NASA Exoplanet Archive,https://exoplanetarchive.ipac.caltech.edu/TAP/sync,WASP-10 b,WASP-10,data/raw/nasa_exoplanet_archive/ps/wasp_10_b/query_query_183c7cd694d8.sql,query_query_183c7cd694d8.sql,sql,,tap_query,"SELECT pl_name, hostname, discoverymethod, disc_facility, pl_orbper, pl_orbpererr1, pl_orbpererr2, pl_tranmid, pl_tranmiderr1, pl_tranmiderr2, pl_trandur, pl_trandurerr1, pl_trandurerr2, pl_trandep, pl_trandeperr1, pl_trandeperr2, pl_rade, pl_radeerr1, pl_radeerr2, pl_radj, st_rad, st_raderr1, st_raderr2, st_teff, st_mass, sy_dist, rowupdate, releasedate FROM ps WHERE pl_name = 'WASP-10 b'",downloaded,,183c7cd694d8eb7b1b0e037c337f4e46065c3bdb7224f3e5671301bcee9a4d7a,393,
2026-06-13T21:38:38+00:00,NASA Exoplanet Archive,https://exoplanetarchive.ipac.caltech.edu/TAP/sync,WASP-10 b,WASP-10,data/raw/nasa_exoplanet_archive/ps/wasp_10_b/metadata_query_5e759cac6fdc.json,metadata_query_5e759cac6fdc.json,json,,collection_metadata,"SELECT pl_name, hostname, discoverymethod, disc_facility, pl_orbper, pl_orbpererr1, pl_orbpererr2, pl_tranmid, pl_tranmiderr1, pl_tranmiderr2, pl_trandur, pl_trandurerr1, pl_trandurerr2, pl_trandep, pl_trandeperr1, pl_trandeperr2, pl_rade, pl_radeerr1, pl_radeerr2, pl_radj, st_rad, st_raderr1, st_raderr2, st_teff, st_mass, sy_dist, rowupdate, releasedate FROM ps WHERE pl_name = 'WASP-10 b'",downloaded,,513abb3f4b088c315273b251a04c852fb4170a133064da3387b679ec7ab26b1d,1113,
2026-06-13T21:38:38+00:00,NASA Exoplanet Archive,https://exoplanetarchive.ipac.caltech.edu/TAP/sync,WASP-4 b,WASP-4,data/raw/nasa_exoplanet_archive/pscomppars/wasp_4_b/response.csv,response.csv,csv,,pscomppars,"SELECT pl_name, hostname, discoverymethod, disc_facility, pl_orbper, pl_orbpererr1, pl_orbpererr2, pl_tranmid, pl_tranmiderr1, pl_tranmiderr2, pl_trandur, pl_trandurerr1, pl_trandurerr2, pl_trandep, pl_trandeperr1, pl_trandeperr2, pl_rade, pl_radeerr1, pl_radeerr2, pl_radj, st_rad, st_raderr1, st_raderr2, st_teff, st_mass, sy_dist FROM pscomppars WHERE pl_name = 'WASP-4 b'",skipped_existing,,67f09289327ab177d1554443df18a80b5fefedaa80db1acc34b4ae1a2600fd53,595,
2026-06-13T21:38:38+00:00,NASA Exoplanet Archive,https://exoplanetarchive.ipac.caltech.edu/TAP/sync,WASP-4 b,WASP-4,data/raw/nasa_exoplanet_archive/pscomppars/wasp_4_b/query_query_f5805881c45a.sql,query_query_f5805881c45a.sql,sql,,tap_query,"SELECT pl_name, hostname, discoverymethod, disc_facility, pl_orbper, pl_orbpererr1, pl_orbpererr2, pl_tranmid, pl_tranmiderr1, pl_tranmiderr2, pl_trandur, pl_trandurerr1, pl_trandurerr2, pl_trandep, pl_trandeperr1, pl_trandeperr2, pl_rade, pl_radeerr1, pl_radeerr2, pl_radj, st_rad, st_raderr1, st_raderr2, st_teff, st_mass, sy_dist FROM pscomppars WHERE pl_name = 'WASP-4 b'",downloaded,,f5805881c45ad4ef2cee57798fcaf9d14c1e9098675229d44438136b06b93dfb,376,
2026-06-13T21:38:38+00:00,NASA Exoplanet Archive,https://exoplanetarchive.ipac.caltech.edu/TAP/sync,WASP-4 b,WASP-4,data/raw/nasa_exoplanet_archive/pscomppars/wasp_4_b/metadata_query_5242dac16298.json,metadata_query_5242dac16298.json,json,,collection_metadata,"SELECT pl_name, hostname, discoverymethod, disc_facility, pl_orbper, pl_orbpererr1, pl_orbpererr2, pl_tranmid, pl_tranmiderr1, pl_tranmiderr2, pl_trandur, pl_trandurerr1, pl_trandurerr2, pl_trandep, pl_trandeperr1, pl_trandeperr2, pl_rade, pl_radeerr1, pl_radeerr2, pl_radj, st_rad, st_raderr1, st_raderr2, st_teff, st_mass, sy_dist FROM pscomppars WHERE pl_name = 'WASP-4 b'",downloaded,,1affc2449bdd75e1aa024d2951e85b670411161c4c479afdab51b7ad9c223df2,1066,
2026-06-13T21:38:38+00:00,NASA Exoplanet Archive,https://exoplanetarchive.ipac.caltech.edu/TAP/sync,WASP-4 b,WASP-4,data/raw/nasa_exoplanet_archive/ps/wasp_4_b/response.csv,response.csv,csv,,ps,"SELECT pl_name, hostname, discoverymethod, disc_facility, pl_orbper, pl_orbpererr1, pl_orbpererr2, pl_tranmid, pl_tranmiderr1, pl_tranmiderr2, pl_trandur, pl_trandurerr1, pl_trandurerr2, pl_trandep, pl_trandeperr1, pl_trandeperr2, pl_rade, pl_radeerr1, pl_radeerr2, pl_radj, st_rad, st_raderr1, st_raderr2, st_teff, st_mass, sy_dist, rowupdate, releasedate FROM ps WHERE pl_name = 'WASP-4 b'",skipped_existing,,4c673bc978700bc743206696a4f12d2198232d508edfb2dd03b42e171779575e,5460,
2026-06-13T21:38:38+00:00,NASA Exoplanet Archive,https://exoplanetarchive.ipac.caltech.edu/TAP/sync,WASP-4 b,WASP-4,data/raw/nasa_exoplanet_archive/ps/wasp_4_b/query_query_59b1001dd2a3.sql,query_query_59b1001dd2a3.sql,sql,,tap_query,"SELECT pl_name, hostname, discoverymethod, disc_facility, pl_orbper, pl_orbpererr1, pl_orbpererr2, pl_tranmid, pl_tranmiderr1, pl_tranmiderr2, pl_trandur, pl_trandurerr1, pl_trandurerr2, pl_trandep, pl_trandeperr1, pl_trandeperr2, pl_rade, pl_radeerr1, pl_radeerr2, pl_radj, st_rad, st_raderr1, st_raderr2, st_teff, st_mass, sy_dist, rowupdate, releasedate FROM ps WHERE pl_name = 'WASP-4 b'",downloaded,,59b1001dd2a38da87cba231aae3416a1e33c487e6379357baf39e17b4f3dc1f3,392,
2026-06-13T21:38:38+00:00,NASA Exoplanet Archive,https://exoplanetarchive.ipac.caltech.edu/TAP/sync,WASP-4 b,WASP-4,data/raw/nasa_exoplanet_archive/ps/wasp_4_b/metadata_query_d8295e034a85.json,metadata_query_d8295e034a85.json,json,,collection_metadata,"SELECT pl_name, hostname, discoverymethod, disc_facility, pl_orbper, pl_orbpererr1, pl_orbpererr2, pl_tranmid, pl_tranmiderr1, pl_tranmiderr2, pl_trandur, pl_trandurerr1, pl_trandurerr2, pl_trandep, pl_trandeperr1, pl_trandeperr2, pl_rade, pl_radeerr1, pl_radeerr2, pl_radj, st_rad, st_raderr1, st_raderr2, st_teff, st_mass, sy_dist, rowupdate, releasedate FROM ps WHERE pl_name = 'WASP-4 b'",downloaded,,700f53080c5362e61ba799c351ac3a11f936174bbb5c2081892b0a37fbaac2c5,1110,
2026-06-13T21:38:38+00:00,NASA Exoplanet Archive,https://exoplanetarchive.ipac.caltech.edu/TAP/sync,HAT-P-32 b,HAT-P-32,data/raw/nasa_exoplanet_archive/pscomppars/hat_p_32_b/response.csv,response.csv,csv,,pscomppars,"SELECT pl_name, hostname, discoverymethod, disc_facility, pl_orbper, pl_orbpererr1, pl_orbpererr2, pl_tranmid, pl_tranmiderr1, pl_tranmiderr2, pl_trandur, pl_trandurerr1, pl_trandurerr2, pl_trandep, pl_trandeperr1, pl_trandeperr2, pl_rade, pl_radeerr1, pl_radeerr2, pl_radj, st_rad, st_raderr1, st_raderr2, st_teff, st_mass, sy_dist FROM pscomppars WHERE pl_name = 'HAT-P-32 b'",skipped_existing,,438bb67d50bf204eaa5f29452a72e02d349aa95aa82f6a05bd3d0c70232fc028,596,
2026-06-13T21:38:38+00:00,NASA Exoplanet Archive,https://exoplanetarchive.ipac.caltech.edu/TAP/sync,HAT-P-32 b,HAT-P-32,data/raw/nasa_exoplanet_archive/pscomppars/hat_p_32_b/query_query_270f7f6a1897.sql,query_query_270f7f6a1897.sql,sql,,tap_query,"SELECT pl_name, hostname, discoverymethod, disc_facility, pl_orbper, pl_orbpererr1, pl_orbpererr2, pl_tranmid, pl_tranmiderr1, pl_tranmiderr2, pl_trandur, pl_trandurerr1, pl_trandurerr2, pl_trandep, pl_trandeperr1, pl_trandeperr2, pl_rade, pl_radeerr1, pl_radeerr2, pl_radj, st_rad, st_raderr1, st_raderr2, st_teff, st_mass, sy_dist FROM pscomppars WHERE pl_name = 'HAT-P-32 b'",downloaded,,270f7f6a1897c61d77983cecba6444f2b81d782487619a05143e88d3656e1068,378,
2026-06-13T21:38:38+00:00,NASA Exoplanet Archive,https://exoplanetarchive.ipac.caltech.edu/TAP/sync,HAT-P-32 b,HAT-P-32,data/raw/nasa_exoplanet_archive/pscomppars/hat_p_32_b/metadata_query_c87fb71f3fe3.json,metadata_query_c87fb71f3fe3.json,json,,collection_metadata,"SELECT pl_name, hostname, discoverymethod, disc_facility, pl_orbper, pl_orbpererr1, pl_orbpererr2, pl_tranmid, pl_tranmiderr1, pl_tranmiderr2, pl_trandur, pl_trandurerr1, pl_trandurerr2, pl_trandep, pl_trandeperr1, pl_trandeperr2, pl_rade, pl_radeerr1, pl_radeerr2, pl_radj, st_rad, st_raderr1, st_raderr2, st_teff, st_mass, sy_dist FROM pscomppars WHERE pl_name = 'HAT-P-32 b'",downloaded,,d542c352dd8311c257dbf31a4b6cc5091001c4ede26375681f883dafdee75687,1072,
2026-06-13T21:38:38+00:00,NASA Exoplanet Archive,https://exoplanetarchive.ipac.caltech.edu/TAP/sync,HAT-P-32 b,HAT-P-32,data/raw/nasa_exoplanet_archive/ps/hat_p_32_b/response.csv,response.csv,csv,,ps,"SELECT pl_name, hostname, discoverymethod, disc_facility, pl_orbper, pl_orbpererr1, pl_orbpererr2, pl_tranmid, pl_tranmiderr1, pl_tranmiderr2, pl_trandur, pl_trandurerr1, pl_trandurerr2, pl_trandep, pl_trandeperr1, pl_trandeperr2, pl_rade, pl_radeerr1, pl_radeerr2, pl_radj, st_rad, st_raderr1, st_raderr2, st_teff, st_mass, sy_dist, rowupdate, releasedate FROM ps WHERE pl_name = 'HAT-P-32 b'",skipped_existing,,c62bae6c5ee8cfa6d0dffbd7ac5019f1d8e1e5a6616192894f4e887e374e1814,3344,
2026-06-13T21:38:38+00:00,NASA Exoplanet Archive,https://exoplanetarchive.ipac.caltech.edu/TAP/sync,HAT-P-32 b,HAT-P-32,data/raw/nasa_exoplanet_archive/ps/hat_p_32_b/query_query_10e464735777.sql,query_query_10e464735777.sql,sql,,tap_query,"SELECT pl_name, hostname, discoverymethod, disc_facility, pl_orbper, pl_orbpererr1, pl_orbpererr2, pl_tranmid, pl_tranmiderr1, pl_tranmiderr2, pl_trandur, pl_trandurerr1, pl_trandurerr2, pl_trandep, pl_trandeperr1, pl_trandeperr2, pl_rade, pl_radeerr1, pl_radeerr2, pl_radj, st_rad, st_raderr1, st_raderr2, st_teff, st_mass, sy_dist, rowupdate, releasedate FROM ps WHERE pl_name = 'HAT-P-32 b'",downloaded,,10e4647357771efa8aae685c8aa7efd7e09bf3d0c6c7ab81df259edbe5936565,394,
2026-06-13T21:38:38+00:00,NASA Exoplanet Archive,https://exoplanetarchive.ipac.caltech.edu/TAP/sync,HAT-P-32 b,HAT-P-32,data/raw/nasa_exoplanet_archive/ps/hat_p_32_b/metadata_query_e133afa23e8f.json,metadata_query_e133afa23e8f.json,json,,collection_metadata,"SELECT pl_name, hostname, discoverymethod, disc_facility, pl_orbper, pl_orbpererr1, pl_orbpererr2, pl_tranmid, pl_tranmiderr1, pl_tranmiderr2, pl_trandur, pl_trandurerr1, pl_trandurerr2, pl_trandep, pl_trandeperr1, pl_trandeperr2, pl_rade, pl_radeerr1, pl_radeerr2, pl_radj, st_rad, st_raderr1, st_raderr2, st_teff, st_mass, sy_dist, rowupdate, releasedate FROM ps WHERE pl_name = 'HAT-P-32 b'",downloaded,,5203212c17325c34ef5b0a89f166d5a04ad54e6c56c637cdfe1c56591b26dce1,1116,
2026-06-13T21:38:38+00:00,NASA Exoplanet Archive,https://exoplanetarchive.ipac.caltech.edu/TAP/sync,,,data/raw/nasa_exoplanet_archive/pscomppars/all_transiting_planets_snapshot.query_query_0935d0e59e4d.sql,all_transiting_planets_snapshot.query_query_0935d0e59e4d.sql,sql,,tap_query,"SELECT pl_name, hostname, discoverymethod, disc_facility, pl_orbper, pl_orbpererr1, pl_orbpererr2, pl_tranmid, pl_tranmiderr1, pl_tranmiderr2, pl_trandur, pl_trandurerr1, pl_trandurerr2, pl_trandep, pl_trandeperr1, pl_trandeperr2, pl_rade, pl_radeerr1, pl_radeerr2, pl_radj, st_rad, st_raderr1, st_raderr2, st_teff, st_mass, sy_dist FROM pscomppars WHERE discoverymethod = 'Transit' AND pl_orbper IS NOT NULL AND (pl_rade IS NOT NULL OR pl_trandep IS NOT NULL) ORDER BY pl_name",downloaded,,0935d0e59e4da8a1ada20070a8275a4f4d49d3544248af14e814d7b104c96ef3,478,
2026-06-13T21:38:38+00:00,NASA Exoplanet Archive,https://exoplanetarchive.ipac.caltech.edu/TAP/sync,,,data/raw/nasa_exoplanet_archive/pscomppars/all_transiting_planets_snapshot.csv,all_transiting_planets_snapshot.csv,csv,,pscomppars_transiting_snapshot,"SELECT pl_name, hostname, discoverymethod, disc_facility, pl_orbper, pl_orbpererr1, pl_orbpererr2, pl_tranmid, pl_tranmiderr1, pl_tranmiderr2, pl_trandur, pl_trandurerr1, pl_trandurerr2, pl_trandep, pl_trandeperr1, pl_trandeperr2, pl_rade, pl_radeerr1, pl_radeerr2, pl_radj, st_rad, st_raderr1, st_raderr2, st_teff, st_mass, sy_dist FROM pscomppars WHERE discoverymethod = 'Transit' AND pl_orbper IS NOT NULL AND (pl_rade IS NOT NULL OR pl_trandep IS NOT NULL) ORDER BY pl_name",skipped_existing,,0e5a0372c7c56b21fcffdc6b44756109ab6e00b09e6908c853e8e9127409aed3,1378438,
2026-06-13T21:38:38+00:00,NASA Exoplanet Archive,https://exoplanetarchive.ipac.caltech.edu/TAP/sync,,,data/raw/nasa_exoplanet_archive/pscomppars/all_transiting_planets_snapshot.metadata_query_98fae83e40c2.json,all_transiting_planets_snapshot.metadata_query_98fae83e40c2.json,json,,collection_metadata,"SELECT pl_name, hostname, discoverymethod, disc_facility, pl_orbper, pl_orbpererr1, pl_orbpererr2, pl_tranmid, pl_tranmiderr1, pl_tranmiderr2, pl_trandur, pl_trandurerr1, pl_trandurerr2, pl_trandep, pl_trandeperr1, pl_trandeperr2, pl_rade, pl_radeerr1, pl_radeerr2, pl_radj, st_rad, st_raderr1, st_raderr2, st_teff, st_mass, sy_dist FROM pscomppars WHERE discoverymethod = 'Transit' AND pl_orbper IS NOT NULL AND (pl_rade IS NOT NULL OR pl_trandep IS NOT NULL) ORDER BY pl_name",downloaded,,14eb8e17731a1cd88dd118ad1a36e4d5e692eb65cd78cbcf6338491ea93c3d91,1351,
2026-06-13T21:38:38+00:00,MAST / Lightkurve,https://mast.stsci.edu/,HAT-P-7 b,HAT-P-7,data/raw/mast/lightkurve/hat_p_7_b/kepler/search_results.csv,search_results.csv,csv,Kepler,search_results,"target=""HAT-P-7"", mission=""Kepler""",skipped_existing,,7d222e9fc47f3238dff544c1fa0d39de3bdcf375c0dc46ccc3c44ca3d242cc18,67702,
2026-06-13T21:38:38+00:00,MAST / Lightkurve,https://mast.stsci.edu/,HAT-P-7 b,HAT-P-7,data/raw/mast/lightkurve/hat_p_7_b/kepler/download_manifest.csv,download_manifest.csv,csv,Kepler,download_manifest,"target=""HAT-P-7"", mission=""Kepler""",skipped_existing,,ecbb4ab7831874a6956282fe690db84330550baac3f944419de452d0928aa8d6,1455,
2026-06-13T21:38:38+00:00,MAST / Lightkurve,https://mast.stsci.edu/,HAT-P-7 b,HAT-P-7,data/raw/mast/lightkurve/hat_p_7_b/kepler/metadata.json,metadata.json,json,Kepler,search_metadata,"target=""HAT-P-7"", mission=""Kepler""",skipped_existing,,bce95f0a858b99fb42814e6fbdaf9adc10dc1604a6d3e2129d7e50f1ae0176c8,483,
2026-06-13T21:38:38+00:00,MAST / Lightkurve,https://mast.stsci.edu/,HAT-P-7 b,HAT-P-7,data/raw/mast/lightkurve/hat_p_7_b/kepler/mastDownload/Kepler/kplr010666592_lc_Q111111111111111111/kplr010666592-2009166043257_llc.fits,kplr010666592-2009166043257_llc.fits,fits,Kepler,light_curve,"target=""HAT-P-7"", mission=""Kepler""",skipped_existing,,37faa7dc82fa5d9ec6d794369d93def0d78a49c91e61cf19bb4cafe571bb8f6c,192960,
2026-06-13T21:38:38+00:00,MAST / Lightkurve,https://mast.stsci.edu/,HAT-P-7 b,HAT-P-7,data/raw/mast/lightkurve/hat_p_7_b/kepler/mastDownload/Kepler/kplr010666592_lc_Q111111111111111111/kplr010666592-2009131105131_llc.fits,kplr010666592-2009131105131_llc.fits,fits,Kepler,light_curve,"target=""HAT-P-7"", mission=""Kepler""",skipped_existing,,76fd5040e34fdb191927d8cd0a5c03ca1f621a12cc43111047df66acba6472f9,77760,
2026-06-13T21:38:38+00:00,MAST / Lightkurve,https://mast.stsci.edu/,HAT-P-7 b,HAT-P-7,data/raw/mast/lightkurve/hat_p_7_b/kepler/mastDownload/Kepler/kplr010666592_lc_Q111111111111111111/kplr010666592-2009259160929_llc.fits,kplr010666592-2009259160929_llc.fits,fits,Kepler,light_curve,"target=""HAT-P-7"", mission=""Kepler""",skipped_existing,,2a10ce0fa87e8a757e6d66a740669bcf94a704eecf0646bbf898ad91b402fc08,466560,
2026-06-13T21:38:38+00:00,MAST / Lightkurve,https://mast.stsci.edu/,HAT-P-7 b,HAT-P-7,data/raw/mast/lightkurve/hat_p_7_b/k2/search_results.csv,search_results.csv,csv,K2,search_results,"target=""HAT-P-7"", mission=""K2""",skipped_existing,,01ba4719c80b6fe911b091a7c05124b64eeece964e09c058ef8f9805daca546b,1,
2026-06-13T21:38:38+00:00,MAST / Lightkurve,https://mast.stsci.edu/,HAT-P-7 b,HAT-P-7,data/raw/mast/lightkurve/hat_p_7_b/k2/download_manifest.csv,download_manifest.csv,csv,K2,download_manifest,"target=""HAT-P-7"", mission=""K2""",skipped_existing,,d2beded780385a1c609014b0156b0b4f516e06b8634e1ffdb5bbbdb398cad513,148,
2026-06-13T21:38:38+00:00,MAST / Lightkurve,https://mast.stsci.edu/,HAT-P-7 b,HAT-P-7,data/raw/mast/lightkurve/hat_p_7_b/k2/metadata.json,metadata.json,json,K2,search_metadata,"target=""HAT-P-7"", mission=""K2""",skipped_existing,,7ac4aa859b3a74b7a5cf6ab760100e6073e0bce499202007d93eeec294549a9f,475,
2026-06-13T21:38:38+00:00,MAST / Lightkurve,https://mast.stsci.edu/,HAT-P-7 b,HAT-P-7,data/raw/mast/lightkurve/hat_p_7_b/tess/search_results.csv,search_results.csv,csv,TESS,search_results,"target=""HAT-P-7"", mission=""TESS""",skipped_existing,,0a48ff711e3ed966daa7b4ddaa8d70f12360e73ac79d3e0abbe5c3f46f500c36,40712,
2026-06-13T21:38:38+00:00,MAST / Lightkurve,https://mast.stsci.edu/,HAT-P-7 b,HAT-P-7,data/raw/mast/lightkurve/hat_p_7_b/tess/download_manifest.csv,download_manifest.csv,csv,TESS,download_manifest,"target=""HAT-P-7"", mission=""TESS""",skipped_existing,,01f2eec5e12a7621b2f280249a027a267527862365de61ff36770bd361bd9291,1504,
2026-06-13T21:38:38+00:00,MAST / Lightkurve,https://mast.stsci.edu/,HAT-P-7 b,HAT-P-7,data/raw/mast/lightkurve/hat_p_7_b/tess/metadata.json,metadata.json,json,TESS,search_metadata,"target=""HAT-P-7"", mission=""TESS""",skipped_existing,,a7de7ef037ffec947cf38cb2f5b043efde354d8a5e0f1801caa33b6102db8fb0,479,
2026-06-13T21:38:38+00:00,MAST / Lightkurve,https://mast.stsci.edu/,HAT-P-7 b,HAT-P-7,data/raw/mast/lightkurve/hat_p_7_b/tess/mastDownload/TESS/tess2019198215352-s0014-0000000424865156-0150-s/tess2019198215352-s0014-0000000424865156-0150-s_lc.fits,tess2019198215352-s0014-0000000424865156-0150-s_lc.fits,fits,TESS,light_curve,"target=""HAT-P-7"", mission=""TESS""",skipped_existing,,b6ae63d5bd3d66274c47d9f74236be2430a3c143b56468457c8c0cda195e3a89,1964160,
2026-06-13T21:38:38+00:00,MAST / Lightkurve,https://mast.stsci.edu/,HAT-P-7 b,HAT-P-7,data/raw/mast/lightkurve/hat_p_7_b/tess/mastDownload/TESS/tess2021175071901-s0040-0000000424865156-0211-s/tess2021175071901-s0040-0000000424865156-0211-s_lc.fits,tess2021175071901-s0040-0000000424865156-0211-s_lc.fits,fits,TESS,light_curve,"target=""HAT-P-7"", mission=""TESS""",skipped_existing,,cf0bccc029dffa927cf5e0db264f94f7b632232651020141ad433c91bba79656,2062080,
2026-06-13T21:38:38+00:00,MAST / Lightkurve,https://mast.stsci.edu/,HAT-P-7 b,HAT-P-7,data/raw/mast/lightkurve/hat_p_7_b/tess/mastDownload/TESS/tess2019226182529-s0015-0000000424865156-0151-s/tess2019226182529-s0015-0000000424865156-0151-s_lc.fits,tess2019226182529-s0015-0000000424865156-0151-s_lc.fits,fits,TESS,light_curve,"target=""HAT-P-7"", mission=""TESS""",skipped_existing,,29558f1bb8db6c8d29d437d57957609762d4a8773e1cb33017ac9cadd15bdb47,1906560,
2026-06-13T21:38:38+00:00,MAST / Lightkurve,https://mast.stsci.edu/,TrES-2 b,TrES-2,data/raw/mast/lightkurve/tres_2_b/kepler/search_results.csv,search_results.csv,csv,Kepler,search_results,"target=""TrES-2"", mission=""Kepler""",skipped_existing,,6c501435e16bd97c810af402967a610728d355f93aa1855c25296d04fcd2a071,53030,
2026-06-13T21:38:38+00:00,MAST / Lightkurve,https://mast.stsci.edu/,TrES-2 b,TrES-2,data/raw/mast/lightkurve/tres_2_b/kepler/download_manifest.csv,download_manifest.csv,csv,Kepler,download_manifest,"target=""TrES-2"", mission=""Kepler""",skipped_existing,,f6fdc7a10e709a1b81e1102b6e784c2f8a532ccc8bc1c6176c5c179f24f6569a,1446,
2026-06-13T21:38:38+00:00,MAST / Lightkurve,https://mast.stsci.edu/,TrES-2 b,TrES-2,data/raw/mast/lightkurve/tres_2_b/kepler/metadata.json,metadata.json,json,Kepler,search_metadata,"target=""TrES-2"", mission=""Kepler""",skipped_existing,,366226648e166a7236b46b9b9d9c1ce7c433e4d2f4b1bcecb4a0b96d306df478,480,
2026-06-13T21:38:38+00:00,MAST / Lightkurve,https://mast.stsci.edu/,TrES-2 b,TrES-2,data/raw/mast/lightkurve/tres_2_b/kepler/mastDownload/Kepler/kplr011446443_lc_Q111111110111011101/kplr011446443-2009259160929_llc.fits,kplr011446443-2009259160929_llc.fits,fits,Kepler,light_curve,"target=""TrES-2"", mission=""Kepler""",skipped_existing,,6d41c0b2a8784c922789c5ceb53258b795d7b220c6026ff514d86c81dde65e83,466560,
2026-06-13T21:38:38+00:00,MAST / Lightkurve,https://mast.stsci.edu/,TrES-2 b,TrES-2,data/raw/mast/lightkurve/tres_2_b/kepler/mastDownload/Kepler/kplr011446443_lc_Q111111110111011101/kplr011446443-2009166043257_llc.fits,kplr011446443-2009166043257_llc.fits,fits,Kepler,light_curve,"target=""TrES-2"", mission=""Kepler""",skipped_existing,,10bfca91bdd928deda2e638de7a27cdc940b879452408a96b5be6146944639e9,192960,
2026-06-13T21:38:38+00:00,MAST / Lightkurve,https://mast.stsci.edu/,TrES-2 b,TrES-2,data/raw/mast/lightkurve/tres_2_b/kepler/mastDownload/Kepler/kplr011446443_lc_Q111111110111011101/kplr011446443-2009131105131_llc.fits,kplr011446443-2009131105131_llc.fits,fits,Kepler,light_curve,"target=""TrES-2"", mission=""Kepler""",skipped_existing,,e1699c5dd0089c35d908b711b302f72ba974edc68e030dae3e9a65d5065f7d0c,77760,
2026-06-13T21:38:38+00:00,MAST / Lightkurve,https://mast.stsci.edu/,TrES-2 b,TrES-2,data/raw/mast/lightkurve/tres_2_b/k2/search_results.csv,search_results.csv,csv,K2,search_results,"target=""TrES-2"", mission=""K2""",skipped_existing,,01ba4719c80b6fe911b091a7c05124b64eeece964e09c058ef8f9805daca546b,1,
2026-06-13T21:38:38+00:00,MAST / Lightkurve,https://mast.stsci.edu/,TrES-2 b,TrES-2,data/raw/mast/lightkurve/tres_2_b/k2/download_manifest.csv,download_manifest.csv,csv,K2,download_manifest,"target=""TrES-2"", mission=""K2""",skipped_existing,,d2beded780385a1c609014b0156b0b4f516e06b8634e1ffdb5bbbdb398cad513,148,
2026-06-13T21:38:38+00:00,MAST / Lightkurve,https://mast.stsci.edu/,TrES-2 b,TrES-2,data/raw/mast/lightkurve/tres_2_b/k2/metadata.json,metadata.json,json,K2,search_metadata,"target=""TrES-2"", mission=""K2""",skipped_existing,,d958904e423929001b85469916b0b58ea65958ac552eb1932fd1e8c8da333650,472,
2026-06-13T21:38:38+00:00,MAST / Lightkurve,https://mast.stsci.edu/,TrES-2 b,TrES-2,data/raw/mast/lightkurve/tres_2_b/tess/search_results.csv,search_results.csv,csv,TESS,search_results,"target=""TrES-2"", mission=""TESS""",skipped_existing,,ee01e9fc943e987e396a8b8acc8ecbe9ccf9ba4cc0ee21e39bb145b5b62c93ca,41505,
2026-06-13T21:38:38+00:00,MAST / Lightkurve,https://mast.stsci.edu/,TrES-2 b,TrES-2,data/raw/mast/lightkurve/tres_2_b/tess/download_manifest.csv,download_manifest.csv,csv,TESS,download_manifest,"target=""TrES-2"", mission=""TESS""",skipped_existing,,6e945123424cc89469a90678589758a94f43ae930b87db080dd47825a17719ab,1495,
2026-06-13T21:38:38+00:00,MAST / Lightkurve,https://mast.stsci.edu/,TrES-2 b,TrES-2,data/raw/mast/lightkurve/tres_2_b/tess/metadata.json,metadata.json,json,TESS,search_metadata,"target=""TrES-2"", mission=""TESS""",skipped_existing,,f866fb7a36d5611838c88c5a66ccf27c34034ed70f806c8af129171b1d5a032b,476,
2026-06-13T21:38:38+00:00,MAST / Lightkurve,https://mast.stsci.edu/,TrES-2 b,TrES-2,data/raw/mast/lightkurve/tres_2_b/tess/mastDownload/TESS/tess2020160202036-s0026-0000000399860444-0188-s/tess2020160202036-s0026-0000000399860444-0188-s_lc.fits,tess2020160202036-s0026-0000000399860444-0188-s_lc.fits,fits,TESS,light_curve,"target=""TrES-2"", mission=""TESS""",skipped_existing,,29dbff58f624643c2f8d5803bc3e996b8015d220b7750e88c84eb898d777f827,1820160,
2026-06-13T21:38:38+00:00,MAST / Lightkurve,https://mast.stsci.edu/,TrES-2 b,TrES-2,data/raw/mast/lightkurve/tres_2_b/tess/mastDownload/TESS/tess2021175071901-s0040-0000000399860444-0211-s/tess2021175071901-s0040-0000000399860444-0211-s_lc.fits,tess2021175071901-s0040-0000000399860444-0211-s_lc.fits,fits,TESS,light_curve,"target=""TrES-2"", mission=""TESS""",skipped_existing,,6396c2647f3367fbb32d08f179b3a74429d1bd45b377f857f17d4d3d5eaa6543,2062080,
2026-06-13T21:38:38+00:00,MAST / Lightkurve,https://mast.stsci.edu/,TrES-2 b,TrES-2,data/raw/mast/lightkurve/tres_2_b/tess/mastDownload/TESS/tess2021204101404-s0041-0000000399860444-0212-s/tess2021204101404-s0041-0000000399860444-0212-s_lc.fits,tess2021204101404-s0041-0000000399860444-0212-s_lc.fits,fits,TESS,light_curve,"target=""TrES-2"", mission=""TESS""",skipped_existing,,d708b3ee8b9fde423a3f34190295418aac75d261cbb69c02335227c1a7d52bac,1944000,
2026-06-13T21:38:38+00:00,MAST / Lightkurve,https://mast.stsci.edu/,HD 189733 b,HD 189733,data/raw/mast/lightkurve/hd_189733_b/kepler/search_results.csv,search_results.csv,csv,Kepler,search_results,"target=""HD 189733"", mission=""Kepler""",skipped_existing,,01ba4719c80b6fe911b091a7c05124b64eeece964e09c058ef8f9805daca546b,1,
2026-06-13T21:38:38+00:00,MAST / Lightkurve,https://mast.stsci.edu/,HD 189733 b,HD 189733,data/raw/mast/lightkurve/hd_189733_b/kepler/download_manifest.csv,download_manifest.csv,csv,Kepler,download_manifest,"target=""HD 189733"", mission=""Kepler""",skipped_existing,,d2beded780385a1c609014b0156b0b4f516e06b8634e1ffdb5bbbdb398cad513,148,
2026-06-13T21:38:38+00:00,MAST / Lightkurve,https://mast.stsci.edu/,HD 189733 b,HD 189733,data/raw/mast/lightkurve/hd_189733_b/kepler/metadata.json,metadata.json,json,Kepler,search_metadata,"target=""HD 189733"", mission=""Kepler""",skipped_existing,,9cbf4ae471d09452fae31700514f1c75a3caf1fb4deb5ccdb9a36ac5797c3ea6,489,
2026-06-13T21:38:38+00:00,MAST / Lightkurve,https://mast.stsci.edu/,HD 189733 b,HD 189733,data/raw/mast/lightkurve/hd_189733_b/k2/search_results.csv,search_results.csv,csv,K2,search_results,"target=""HD 189733"", mission=""K2""",skipped_existing,,01ba4719c80b6fe911b091a7c05124b64eeece964e09c058ef8f9805daca546b,1,
2026-06-13T21:38:38+00:00,MAST / Lightkurve,https://mast.stsci.edu/,HD 189733 b,HD 189733,data/raw/mast/lightkurve/hd_189733_b/k2/download_manifest.csv,download_manifest.csv,csv,K2,download_manifest,"target=""HD 189733"", mission=""K2""",skipped_existing,,d2beded780385a1c609014b0156b0b4f516e06b8634e1ffdb5bbbdb398cad513,148,
2026-06-13T21:38:38+00:00,MAST / Lightkurve,https://mast.stsci.edu/,HD 189733 b,HD 189733,data/raw/mast/lightkurve/hd_189733_b/k2/metadata.json,metadata.json,json,K2,search_metadata,"target=""HD 189733"", mission=""K2""",skipped_existing,,82b134822d61bc6b41f6b0c2e9329b202dcbbc11d710f193f3e966465fb355c7,481,
2026-06-13T21:38:38+00:00,MAST / Lightkurve,https://mast.stsci.edu/,HD 189733 b,HD 189733,data/raw/mast/lightkurve/hd_189733_b/tess/search_results.csv,search_results.csv,csv,TESS,search_results,"target=""HD 189733"", mission=""TESS""",skipped_existing,,54a70794f47bf7f5860e6599796987b6fc3180d7f6cc3b2987082081fe0ea6d9,12269,
2026-06-13T21:38:38+00:00,MAST / Lightkurve,https://mast.stsci.edu/,HD 189733 b,HD 189733,data/raw/mast/lightkurve/hd_189733_b/tess/download_manifest.csv,download_manifest.csv,csv,TESS,download_manifest,"target=""HD 189733"", mission=""TESS""",skipped_existing,,bc74bab066a64df0626da049bc724c0ec5d094597cba00cea007664418ac5370,1522,
2026-06-13T21:38:38+00:00,MAST / Lightkurve,https://mast.stsci.edu/,HD 189733 b,HD 189733,data/raw/mast/lightkurve/hd_189733_b/tess/metadata.json,metadata.json,json,TESS,search_metadata,"target=""HD 189733"", mission=""TESS""",skipped_existing,,ab1c51314664599ab1010d9aa31e124cfd28cf8aa2038e023f3dab2a6d908c34,485,
2026-06-13T21:38:38+00:00,MAST / Lightkurve,https://mast.stsci.edu/,HD 189733 b,HD 189733,data/raw/mast/lightkurve/hd_189733_b/tess/mastDownload/TESS/tess2022190063128-s0054-0000000256364928-0227-s/tess2022190063128-s0054-0000000256364928-0227-s_lc.fits,tess2022190063128-s0054-0000000256364928-0227-s_lc.fits,fits,TESS,light_curve,"target=""HD 189733"", mission=""TESS""",skipped_existing,,5d0423dae1340eea6a8ebaafa5dede4ce3d551d94b43a1a1b5f9ddc9f1e5c963,1918080,
2026-06-13T21:38:38+00:00,MAST / Lightkurve,https://mast.stsci.edu/,HD 189733 b,HD 189733,data/raw/mast/lightkurve/hd_189733_b/tess/mastDownload/TESS/tess2024196212429-s0081-0000000256364928-0276-s/tess2024196212429-s0081-0000000256364928-0276-s_lc.fits,tess2024196212429-s0081-0000000256364928-0276-s_lc.fits,fits,TESS,light_curve,"target=""HD 189733"", mission=""TESS""",skipped_existing,,52923df5f5ca44f4eabb69db62385d44da6bb1f63e73c136b847fe3fa5451c77,1946880,
2026-06-13T21:38:38+00:00,MAST / Lightkurve,https://mast.stsci.edu/,HD 189733 b,HD 189733,data/raw/mast/lightkurve/hd_189733_b/tess/mastDownload/TESS/tess2021204101404-s0041-0000000256364928-0212-s/tess2021204101404-s0041-0000000256364928-0212-s_lc.fits,tess2021204101404-s0041-0000000256364928-0212-s_lc.fits,fits,TESS,light_curve,"target=""HD 189733"", mission=""TESS""",skipped_existing,,442c1d97c549019f46b98026a6b74cd380112722e3e230e79203559f67cc326b,1944000,
2026-06-13T21:38:38+00:00,MAST / Lightkurve,https://mast.stsci.edu/,HD 209458 b,HD 209458,data/raw/mast/lightkurve/hd_209458_b/kepler/search_results.csv,search_results.csv,csv,Kepler,search_results,"target=""HD 209458"", mission=""Kepler""",skipped_existing,,01ba4719c80b6fe911b091a7c05124b64eeece964e09c058ef8f9805daca546b,1,
2026-06-13T21:38:38+00:00,MAST / Lightkurve,https://mast.stsci.edu/,HD 209458 b,HD 209458,data/raw/mast/lightkurve/hd_209458_b/kepler/download_manifest.csv,download_manifest.csv,csv,Kepler,download_manifest,"target=""HD 209458"", mission=""Kepler""",skipped_existing,,d2beded780385a1c609014b0156b0b4f516e06b8634e1ffdb5bbbdb398cad513,148,
2026-06-13T21:38:38+00:00,MAST / Lightkurve,https://mast.stsci.edu/,HD 209458 b,HD 209458,data/raw/mast/lightkurve/hd_209458_b/kepler/metadata.json,metadata.json,json,Kepler,search_metadata,"target=""HD 209458"", mission=""Kepler""",skipped_existing,,e67b0186c7262cbb48f30a814a1e78b3fc105f311c404e789c5ce1e82d0707f3,489,
2026-06-13T21:38:38+00:00,MAST / Lightkurve,https://mast.stsci.edu/,HD 209458 b,HD 209458,data/raw/mast/lightkurve/hd_209458_b/k2/search_results.csv,search_results.csv,csv,K2,search_results,"target=""HD 209458"", mission=""K2""",skipped_existing,,01ba4719c80b6fe911b091a7c05124b64eeece964e09c058ef8f9805daca546b,1,
2026-06-13T21:38:38+00:00,MAST / Lightkurve,https://mast.stsci.edu/,HD 209458 b,HD 209458,data/raw/mast/lightkurve/hd_209458_b/k2/download_manifest.csv,download_manifest.csv,csv,K2,download_manifest,"target=""HD 209458"", mission=""K2""",skipped_existing,,d2beded780385a1c609014b0156b0b4f516e06b8634e1ffdb5bbbdb398cad513,148,
2026-06-13T21:38:38+00:00,MAST / Lightkurve,https://mast.stsci.edu/,HD 209458 b,HD 209458,data/raw/mast/lightkurve/hd_209458_b/k2/metadata.json,metadata.json,json,K2,search_metadata,"target=""HD 209458"", mission=""K2""",skipped_existing,,46d4820e9a4cad581d4e283acaef7838fceb1317d40465d95d308a094af2714d,481,
2026-06-13T21:38:38+00:00,MAST / Lightkurve,https://mast.stsci.edu/,HD 209458 b,HD 209458,data/raw/mast/lightkurve/hd_209458_b/tess/search_results.csv,search_results.csv,csv,TESS,search_results,"target=""HD 209458"", mission=""TESS""",skipped_existing,,06c997af68fa976103e5d9d09d394c594659824553994e6c48b981aeac3edb6a,7282,
2026-06-13T21:38:38+00:00,MAST / Lightkurve,https://mast.stsci.edu/,HD 209458 b,HD 209458,data/raw/mast/lightkurve/hd_209458_b/tess/download_manifest.csv,download_manifest.csv,csv,TESS,download_manifest,"target=""HD 209458"", mission=""TESS""",skipped_existing,,e8905c73bb55f7aae90be2081dabcaa85fd11759961f902bea492f0e71c576a4,1543,
2026-06-13T21:38:38+00:00,MAST / Lightkurve,https://mast.stsci.edu/,HD 209458 b,HD 209458,data/raw/mast/lightkurve/hd_209458_b/tess/metadata.json,metadata.json,json,TESS,search_metadata,"target=""HD 209458"", mission=""TESS""",skipped_existing,,842bd61c986f2d302700865b213f4bca66e305268977f9dc57e60db4826c7e94,484,
2026-06-13T21:38:38+00:00,MAST / Lightkurve,https://mast.stsci.edu/,HD 209458 b,HD 209458,data/raw/mast/lightkurve/hd_209458_b/tess/mastDownload/TESS/tess2024223182411-s0082-0000000420814525-0278-s/tess2024223182411-s0082-0000000420814525-0278-s_lc.fits,tess2024223182411-s0082-0000000420814525-0278-s_lc.fits,fits,TESS,light_curve,"target=""HD 209458"", mission=""TESS""",skipped_existing,,b52cc91c245c66402f996cedc9209da2b1558d52efbf2e743904f1b8b9e27c83,1892160,
2026-06-13T21:38:38+00:00,MAST / Lightkurve,https://mast.stsci.edu/,HD 209458 b,HD 209458,data/raw/mast/lightkurve/hd_209458_b/tess/mastDownload/TESS/tess2022244194134-s0056-0000000420814525-0243-a_fast/tess2022244194134-s0056-0000000420814525-0243-a_fast-lc.fits,tess2022244194134-s0056-0000000420814525-0243-a_fast-lc.fits,fits,TESS,light_curve,"target=""HD 209458"", mission=""TESS""",skipped_existing,,553457afa7afcd8f8a1b69407bd514608a56d0609a42610c0153d9e71890879f,12078720,
2026-06-13T21:38:38+00:00,MAST / Lightkurve,https://mast.stsci.edu/,HD 209458 b,HD 209458,data/raw/mast/lightkurve/hd_209458_b/tess/mastDownload/TESS/tess2022244194134-s0056-0000000420814525-0243-s/tess2022244194134-s0056-0000000420814525-0243-s_lc.fits,tess2022244194134-s0056-0000000420814525-0243-s_lc.fits,fits,TESS,light_curve,"target=""HD 209458"", mission=""TESS""",skipped_existing,,1b76b4a4b73e24954fa6e29a7e28a174685113ecdbad1bf10ef0e7b766ce99e9,2039040,
2026-06-13T21:38:38+00:00,MAST / Lightkurve,https://mast.stsci.edu/,WASP-12 b,WASP-12,data/raw/mast/lightkurve/wasp_12_b/kepler/search_results.csv,search_results.csv,csv,Kepler,search_results,"target=""WASP-12"", mission=""Kepler""",skipped_existing,,01ba4719c80b6fe911b091a7c05124b64eeece964e09c058ef8f9805daca546b,1,
2026-06-13T21:38:38+00:00,MAST / Lightkurve,https://mast.stsci.edu/,WASP-12 b,WASP-12,data/raw/mast/lightkurve/wasp_12_b/kepler/download_manifest.csv,download_manifest.csv,csv,Kepler,download_manifest,"target=""WASP-12"", mission=""Kepler""",skipped_existing,,d2beded780385a1c609014b0156b0b4f516e06b8634e1ffdb5bbbdb398cad513,148,
2026-06-13T21:38:38+00:00,MAST / Lightkurve,https://mast.stsci.edu/,WASP-12 b,WASP-12,data/raw/mast/lightkurve/wasp_12_b/kepler/metadata.json,metadata.json,json,Kepler,search_metadata,"target=""WASP-12"", mission=""Kepler""",skipped_existing,,9e6f1b7274de77fe947fedcaf3529d7d8f46ee9db369a5155e7c32af1b971ac3,483,
2026-06-13T21:38:38+00:00,MAST / Lightkurve,https://mast.stsci.edu/,WASP-12 b,WASP-12,data/raw/mast/lightkurve/wasp_12_b/k2/search_results.csv,search_results.csv,csv,K2,search_results,"target=""WASP-12"", mission=""K2""",skipped_existing,,01ba4719c80b6fe911b091a7c05124b64eeece964e09c058ef8f9805daca546b,1,
2026-06-13T21:38:38+00:00,MAST / Lightkurve,https://mast.stsci.edu/,WASP-12 b,WASP-12,data/raw/mast/lightkurve/wasp_12_b/k2/download_manifest.csv,download_manifest.csv,csv,K2,download_manifest,"target=""WASP-12"", mission=""K2""",skipped_existing,,d2beded780385a1c609014b0156b0b4f516e06b8634e1ffdb5bbbdb398cad513,148,
2026-06-13T21:38:38+00:00,MAST / Lightkurve,https://mast.stsci.edu/,WASP-12 b,WASP-12,data/raw/mast/lightkurve/wasp_12_b/k2/metadata.json,metadata.json,json,K2,search_metadata,"target=""WASP-12"", mission=""K2""",skipped_existing,,6331a7251aece1fcf9cf77d0a5b392287e78e6e6fa6197870ca18644fdd2b6b7,475,
2026-06-13T21:38:38+00:00,MAST / Lightkurve,https://mast.stsci.edu/,WASP-12 b,WASP-12,data/raw/mast/lightkurve/wasp_12_b/tess/search_results.csv,search_results.csv,csv,TESS,search_results,"target=""WASP-12"", mission=""TESS""",skipped_existing,,51cb8c9382a6b004b2febc1798026d575eb4435f777f8d445d64498297b0b62d,22014,
2026-06-13T21:38:38+00:00,MAST / Lightkurve,https://mast.stsci.edu/,WASP-12 b,WASP-12,data/raw/mast/lightkurve/wasp_12_b/tess/download_manifest.csv,download_manifest.csv,csv,TESS,download_manifest,"target=""WASP-12"", mission=""TESS""",skipped_existing,,aff086513628e9cee6f0d18713a1ece48b0a1692325c947f6d3b5d9bd2be4ff5,1501,
2026-06-13T21:38:38+00:00,MAST / Lightkurve,https://mast.stsci.edu/,WASP-12 b,WASP-12,data/raw/mast/lightkurve/wasp_12_b/tess/metadata.json,metadata.json,json,TESS,search_metadata,"target=""WASP-12"", mission=""TESS""",skipped_existing,,e9e2fedd54f985f93c36e4b28da918ef15b395e83a564434fc68dc28edf86c0a,479,
2026-06-13T21:38:38+00:00,MAST / Lightkurve,https://mast.stsci.edu/,WASP-12 b,WASP-12,data/raw/mast/lightkurve/wasp_12_b/tess/mastDownload/TESS/tess2019357164649-s0020-0000000086396382-0165-s/tess2019357164649-s0020-0000000086396382-0165-s_lc.fits,tess2019357164649-s0020-0000000086396382-0165-s_lc.fits,fits,TESS,light_curve,"target=""WASP-12"", mission=""TESS""",skipped_existing,,497b2e27ffc8f6a2f1c76b388d7a5f4943ecd4e48b89c3882e7d014be91857b7,1926720,
2026-06-13T21:38:38+00:00,MAST / Lightkurve,https://mast.stsci.edu/,WASP-12 b,WASP-12,data/raw/mast/lightkurve/wasp_12_b/tess/mastDownload/TESS/tess2021284114741-s0044-0000000086396382-0215-s/tess2021284114741-s0044-0000000086396382-0215-s_lc.fits,tess2021284114741-s0044-0000000086396382-0215-s_lc.fits,fits,TESS,light_curve,"target=""WASP-12"", mission=""TESS""",skipped_existing,,fab2038adf1134d3d5069c2dc5e01f2bcd17a7d524629edb669118a11b204e0a,1776960,
2026-06-13T21:38:38+00:00,MAST / Lightkurve,https://mast.stsci.edu/,WASP-12 b,WASP-12,data/raw/mast/lightkurve/wasp_12_b/tess/mastDownload/TESS/tess2021258175143-s0043-0000000086396382-0214-s/tess2021258175143-s0043-0000000086396382-0214-s_lc.fits,tess2021258175143-s0043-0000000086396382-0214-s_lc.fits,fits,TESS,light_curve,"target=""WASP-12"", mission=""TESS""",skipped_existing,,e3d5c6f76884014ec1dec1eb60f04eaf734330a7abd8eef99141f49df03b2493,1811520,
2026-06-13T21:38:38+00:00,MAST / Lightkurve,https://mast.stsci.edu/,WASP-10 b,WASP-10,data/raw/mast/lightkurve/wasp_10_b/kepler/search_results.csv,search_results.csv,csv,Kepler,search_results,"target=""WASP-10"", mission=""Kepler""",skipped_existing,,01ba4719c80b6fe911b091a7c05124b64eeece964e09c058ef8f9805daca546b,1,
2026-06-13T21:38:38+00:00,MAST / Lightkurve,https://mast.stsci.edu/,WASP-10 b,WASP-10,data/raw/mast/lightkurve/wasp_10_b/kepler/download_manifest.csv,download_manifest.csv,csv,Kepler,download_manifest,"target=""WASP-10"", mission=""Kepler""",skipped_existing,,d2beded780385a1c609014b0156b0b4f516e06b8634e1ffdb5bbbdb398cad513,148,
2026-06-13T21:38:38+00:00,MAST / Lightkurve,https://mast.stsci.edu/,WASP-10 b,WASP-10,data/raw/mast/lightkurve/wasp_10_b/kepler/metadata.json,metadata.json,json,Kepler,search_metadata,"target=""WASP-10"", mission=""Kepler""",skipped_existing,,435a9c1c218ea5991be186d1afdfdf70bac0c71849a6f5797f8b76f0498be8e7,483,
2026-06-13T21:38:38+00:00,MAST / Lightkurve,https://mast.stsci.edu/,WASP-10 b,WASP-10,data/raw/mast/lightkurve/wasp_10_b/k2/search_results.csv,search_results.csv,csv,K2,search_results,"target=""WASP-10"", mission=""K2""",skipped_existing,,01ba4719c80b6fe911b091a7c05124b64eeece964e09c058ef8f9805daca546b,1,
2026-06-13T21:38:38+00:00,MAST / Lightkurve,https://mast.stsci.edu/,WASP-10 b,WASP-10,data/raw/mast/lightkurve/wasp_10_b/k2/download_manifest.csv,download_manifest.csv,csv,K2,download_manifest,"target=""WASP-10"", mission=""K2""",skipped_existing,,d2beded780385a1c609014b0156b0b4f516e06b8634e1ffdb5bbbdb398cad513,148,
2026-06-13T21:38:38+00:00,MAST / Lightkurve,https://mast.stsci.edu/,WASP-10 b,WASP-10,data/raw/mast/lightkurve/wasp_10_b/k2/metadata.json,metadata.json,json,K2,search_metadata,"target=""WASP-10"", mission=""K2""",skipped_existing,,e5fc16149e0d5042b2276be1501f1bb97d129b0b81256fcf96f57ebb8afc9f63,475,
2026-06-13T21:38:38+00:00,MAST / Lightkurve,https://mast.stsci.edu/,WASP-10 b,WASP-10,data/raw/mast/lightkurve/wasp_10_b/tess/search_results.csv,search_results.csv,csv,TESS,search_results,"target=""WASP-10"", mission=""TESS""",skipped_existing,,316751c73d4a5919b6b8ce45b73dd129b7c84a5553c7cd46ee0952be546afe41,6375,
2026-06-13T21:38:38+00:00,MAST / Lightkurve,https://mast.stsci.edu/,WASP-10 b,WASP-10,data/raw/mast/lightkurve/wasp_10_b/tess/download_manifest.csv,download_manifest.csv,csv,TESS,download_manifest,"target=""WASP-10"", mission=""TESS""",skipped_existing,,fa7be24421ef6ad35e09879e6bc5aff9d825cc50904268169db2a77dcbccfa3d,1525,
2026-06-13T21:38:38+00:00,MAST / Lightkurve,https://mast.stsci.edu/,WASP-10 b,WASP-10,data/raw/mast/lightkurve/wasp_10_b/tess/metadata.json,metadata.json,json,TESS,search_metadata,"target=""WASP-10"", mission=""TESS""",skipped_existing,,bbc823205c607a4e01b5b838310f10731d852cb56b6190921ce1daaf4b9c5f41,478,
2026-06-13T21:38:38+00:00,MAST / Lightkurve,https://mast.stsci.edu/,WASP-10 b,WASP-10,data/raw/mast/lightkurve/wasp_10_b/tess/mastDownload/TESS/tess2022244194134-s0056-0000000431701493-0243-s/tess2022244194134-s0056-0000000431701493-0243-s_lc.fits,tess2022244194134-s0056-0000000431701493-0243-s_lc.fits,fits,TESS,light_curve,"target=""WASP-10"", mission=""TESS""",skipped_existing,,9a48cfeb8e34dda9484f6b566cc266fb4e1d0620c34259e5bdaf35f3b670a1d7,2039040,
2026-06-13T21:38:38+00:00,MAST / Lightkurve,https://mast.stsci.edu/,WASP-10 b,WASP-10,data/raw/mast/lightkurve/wasp_10_b/tess/mastDownload/TESS/tess2024249191853-s0083-0000000431701493-0280-s/tess2024249191853-s0083-0000000431701493-0280-s_lc.fits,tess2024249191853-s0083-0000000431701493-0280-s_lc.fits,fits,TESS,light_curve,"target=""WASP-10"", mission=""TESS""",skipped_existing,,cfdaae645a7867ca4867da75fe9b85a47b7dbc1fa27ffdc12cabca4f92884360,1825920,
2026-06-13T21:38:38+00:00,MAST / Lightkurve,https://mast.stsci.edu/,WASP-10 b,WASP-10,data/raw/mast/lightkurve/wasp_10_b/tess/mastDownload/TESS/tess2024249191853-s0083-0000000431701493-0280-a_fast/tess2024249191853-s0083-0000000431701493-0280-a_fast-lc.fits,tess2024249191853-s0083-0000000431701493-0280-a_fast-lc.fits,fits,TESS,light_curve,"target=""WASP-10"", mission=""TESS""",skipped_existing,,96728f1f8c59b417edfed7efbe87dde31b3880037e14c0883746367db7b945a1,10811520,
2026-06-13T21:38:38+00:00,MAST / Lightkurve,https://mast.stsci.edu/,WASP-4 b,WASP-4,data/raw/mast/lightkurve/wasp_4_b/kepler/search_results.csv,search_results.csv,csv,Kepler,search_results,"target=""WASP-4"", mission=""Kepler""",skipped_existing,,01ba4719c80b6fe911b091a7c05124b64eeece964e09c058ef8f9805daca546b,1,
2026-06-13T21:38:38+00:00,MAST / Lightkurve,https://mast.stsci.edu/,WASP-4 b,WASP-4,data/raw/mast/lightkurve/wasp_4_b/kepler/download_manifest.csv,download_manifest.csv,csv,Kepler,download_manifest,"target=""WASP-4"", mission=""Kepler""",skipped_existing,,d2beded780385a1c609014b0156b0b4f516e06b8634e1ffdb5bbbdb398cad513,148,
2026-06-13T21:38:38+00:00,MAST / Lightkurve,https://mast.stsci.edu/,WASP-4 b,WASP-4,data/raw/mast/lightkurve/wasp_4_b/kepler/metadata.json,metadata.json,json,Kepler,search_metadata,"target=""WASP-4"", mission=""Kepler""",skipped_existing,,621f6f6a2efeb7b83ccb313c080e975358b380eae953009cf6e3c6ede278b4e3,480,
2026-06-13T21:38:38+00:00,MAST / Lightkurve,https://mast.stsci.edu/,WASP-4 b,WASP-4,data/raw/mast/lightkurve/wasp_4_b/k2/search_results.csv,search_results.csv,csv,K2,search_results,"target=""WASP-4"", mission=""K2""",skipped_existing,,01ba4719c80b6fe911b091a7c05124b64eeece964e09c058ef8f9805daca546b,1,
2026-06-13T21:38:38+00:00,MAST / Lightkurve,https://mast.stsci.edu/,WASP-4 b,WASP-4,data/raw/mast/lightkurve/wasp_4_b/k2/download_manifest.csv,download_manifest.csv,csv,K2,download_manifest,"target=""WASP-4"", mission=""K2""",skipped_existing,,d2beded780385a1c609014b0156b0b4f516e06b8634e1ffdb5bbbdb398cad513,148,
2026-06-13T21:38:38+00:00,MAST / Lightkurve,https://mast.stsci.edu/,WASP-4 b,WASP-4,data/raw/mast/lightkurve/wasp_4_b/k2/metadata.json,metadata.json,json,K2,search_metadata,"target=""WASP-4"", mission=""K2""",skipped_existing,,c58baa2913da0a4dec9e6c41408dc7b94ba4328321e21bda72c7049632d7b855,472,
2026-06-13T21:38:38+00:00,MAST / Lightkurve,https://mast.stsci.edu/,WASP-4 b,WASP-4,data/raw/mast/lightkurve/wasp_4_b/tess/search_results.csv,search_results.csv,csv,TESS,search_results,"target=""WASP-4"", mission=""TESS""",skipped_existing,,dbec2d1d48a1b1e939727c147681f7fd96a0278583eae5323888895475433739,24763,
2026-06-13T21:38:38+00:00,MAST / Lightkurve,https://mast.stsci.edu/,WASP-4 b,WASP-4,data/raw/mast/lightkurve/wasp_4_b/tess/download_manifest.csv,download_manifest.csv,csv,TESS,download_manifest,"target=""WASP-4"", mission=""TESS""",skipped_existing,,fcbc9f12ba83bdcc8a3434648c9b1d88f86a383336c4df4802a7e9b95bb7d946,1495,
2026-06-13T21:38:38+00:00,MAST / Lightkurve,https://mast.stsci.edu/,WASP-4 b,WASP-4,data/raw/mast/lightkurve/wasp_4_b/tess/metadata.json,metadata.json,json,TESS,search_metadata,"target=""WASP-4"", mission=""TESS""",skipped_existing,,dc476bf8465221a2ca61c26bb7b4767e83cd6d4bb0ecda8127b9f31cdd88b0e4,476,
2026-06-13T21:38:38+00:00,MAST / Lightkurve,https://mast.stsci.edu/,WASP-4 b,WASP-4,data/raw/mast/lightkurve/wasp_4_b/tess/mastDownload/TESS/tess2020212050318-s0028-0000000402026209-0190-s/tess2020212050318-s0028-0000000402026209-0190-s_lc.fits,tess2020212050318-s0028-0000000402026209-0190-s_lc.fits,fits,TESS,light_curve,"target=""WASP-4"", mission=""TESS""",skipped_existing,,38d6cc7826e61450ddb7c1f9330d398c6910a11d2647fc6bf529aea0ea731fc4,1848960,
2026-06-13T21:38:38+00:00,MAST / Lightkurve,https://mast.stsci.edu/,WASP-4 b,WASP-4,data/raw/mast/lightkurve/wasp_4_b/tess/mastDownload/TESS/tess2020238165205-s0029-0000000402026209-0193-s/tess2020238165205-s0029-0000000402026209-0193-s_lc.fits,tess2020238165205-s0029-0000000402026209-0193-s_lc.fits,fits,TESS,light_curve,"target=""WASP-4"", mission=""TESS""",skipped_existing,,96b0306bd6ffdc043882633da1a21d0d9f425d13eacda32cb0dd86cf0662fc53,1915200,
2026-06-13T21:38:38+00:00,MAST / Lightkurve,https://mast.stsci.edu/,WASP-4 b,WASP-4,data/raw/mast/lightkurve/wasp_4_b/tess/mastDownload/TESS/tess2018234235059-s0002-0000000402026209-0121-s/tess2018234235059-s0002-0000000402026209-0121-s_lc.fits,tess2018234235059-s0002-0000000402026209-0121-s_lc.fits,fits,TESS,light_curve,"target=""WASP-4"", mission=""TESS""",skipped_existing,,5fa487ee43dba32c196901277234570f781e3d6ff82b8b1cab777617e3f6a783,2004480,
2026-06-13T21:38:38+00:00,MAST / Lightkurve,https://mast.stsci.edu/,HAT-P-32 b,HAT-P-32,data/raw/mast/lightkurve/hat_p_32_b/kepler/search_results.csv,search_results.csv,csv,Kepler,search_results,"target=""HAT-P-32"", mission=""Kepler""",skipped_existing,,01ba4719c80b6fe911b091a7c05124b64eeece964e09c058ef8f9805daca546b,1,
2026-06-13T21:38:38+00:00,MAST / Lightkurve,https://mast.stsci.edu/,HAT-P-32 b,HAT-P-32,data/raw/mast/lightkurve/hat_p_32_b/kepler/download_manifest.csv,download_manifest.csv,csv,Kepler,download_manifest,"target=""HAT-P-32"", mission=""Kepler""",skipped_existing,,d2beded780385a1c609014b0156b0b4f516e06b8634e1ffdb5bbbdb398cad513,148,
2026-06-13T21:38:38+00:00,MAST / Lightkurve,https://mast.stsci.edu/,HAT-P-32 b,HAT-P-32,data/raw/mast/lightkurve/hat_p_32_b/kepler/metadata.json,metadata.json,json,Kepler,search_metadata,"target=""HAT-P-32"", mission=""Kepler""",skipped_existing,,52b56838bade05efbe4b39f89fe1f00c2a9a26882ed71dfac1f11bb0c1ca9a71,486,
2026-06-13T21:38:38+00:00,MAST / Lightkurve,https://mast.stsci.edu/,HAT-P-32 b,HAT-P-32,data/raw/mast/lightkurve/hat_p_32_b/k2/search_results.csv,search_results.csv,csv,K2,search_results,"target=""HAT-P-32"", mission=""K2""",skipped_existing,,01ba4719c80b6fe911b091a7c05124b64eeece964e09c058ef8f9805daca546b,1,
2026-06-13T21:38:38+00:00,MAST / Lightkurve,https://mast.stsci.edu/,HAT-P-32 b,HAT-P-32,data/raw/mast/lightkurve/hat_p_32_b/k2/download_manifest.csv,download_manifest.csv,csv,K2,download_manifest,"target=""HAT-P-32"", mission=""K2""",skipped_existing,,d2beded780385a1c609014b0156b0b4f516e06b8634e1ffdb5bbbdb398cad513,148,
2026-06-13T21:38:38+00:00,MAST / Lightkurve,https://mast.stsci.edu/,HAT-P-32 b,HAT-P-32,data/raw/mast/lightkurve/hat_p_32_b/k2/metadata.json,metadata.json,json,K2,search_metadata,"target=""HAT-P-32"", mission=""K2""",skipped_existing,,5f86907be2277c356b1504691bc0cb810f76e194fa8ef4a70cdb19b8cbdaa976,478,
2026-06-13T21:38:38+00:00,MAST / Lightkurve,https://mast.stsci.edu/,HAT-P-32 b,HAT-P-32,data/raw/mast/lightkurve/hat_p_32_b/tess/search_results.csv,search_results.csv,csv,TESS,search_results,"target=""HAT-P-32"", mission=""TESS""",skipped_existing,,8f428ed391c450b95487f5f4c8b7c798243d9231925888e7983e8ac22d45f92c,8121,
2026-06-13T21:38:38+00:00,MAST / Lightkurve,https://mast.stsci.edu/,HAT-P-32 b,HAT-P-32,data/raw/mast/lightkurve/hat_p_32_b/tess/download_manifest.csv,download_manifest.csv,csv,TESS,download_manifest,"target=""HAT-P-32"", mission=""TESS""",skipped_existing,,4b252e2c95855312f21a622da1ea2ff7d7f3612e2b293e0c7f018a8579ffa5db,1608,
2026-06-13T21:38:38+00:00,MAST / Lightkurve,https://mast.stsci.edu/,HAT-P-32 b,HAT-P-32,data/raw/mast/lightkurve/hat_p_32_b/tess/metadata.json,metadata.json,json,TESS,search_metadata,"target=""HAT-P-32"", mission=""TESS""",skipped_existing,,b9b04feba10795fa33554aac7558998496f3d96c55eede81b3a31897173ce8cf,481,
2026-06-13T21:38:38+00:00,MAST / Lightkurve,https://mast.stsci.edu/,HAT-P-32 b,HAT-P-32,data/raw/mast/lightkurve/hat_p_32_b/tess/mastDownload/HLSP/hlsp_tess-spoc_tess_phot_0000000292152376-s0018_tess_v1_tp/hlsp_tess-spoc_tess_phot_0000000292152376-s0018_tess_v1_lc.fits,hlsp_tess-spoc_tess_phot_0000000292152376-s0018_tess_v1_lc.fits,fits,TESS,light_curve,"target=""HAT-P-32"", mission=""TESS""",skipped_existing,,eecca928d21d73ca762fddee7060241a6f7cd67280030dd9ed51c834957fb15c,146880,
2026-06-13T21:38:38+00:00,MAST / Lightkurve,https://mast.stsci.edu/,HAT-P-32 b,HAT-P-32,data/raw/mast/lightkurve/hat_p_32_b/tess/mastDownload/TESS/tess2022302161335-s0058-0000000292152376-0247-a_fast/tess2022302161335-s0058-0000000292152376-0247-a_fast-lc.fits,tess2022302161335-s0058-0000000292152376-0247-a_fast-lc.fits,fits,TESS,light_curve,"target=""HAT-P-32"", mission=""TESS""",skipped_existing,,e052ee2bbefb925cbd78c8c8f87ffef1fb5a2b2e0e766323b86144f4b8800c90,12006720,
2026-06-13T21:38:38+00:00,MAST / Lightkurve,https://mast.stsci.edu/,HAT-P-32 b,HAT-P-32,data/raw/mast/lightkurve/hat_p_32_b/tess/mastDownload/TESS/tess2022302161335-s0058-0000000292152376-0247-s/tess2022302161335-s0058-0000000292152376-0247-s_lc.fits,tess2022302161335-s0058-0000000292152376-0247-s_lc.fits,fits,TESS,light_curve,"target=""HAT-P-32"", mission=""TESS""",skipped_existing,,808d5c6fa9608095cc7638e91424fefac5232af2c2b0df3ee5b4766c6f5ebc69,2027520,
2026-06-13T21:38:38+00:00,Exo.MAST,https://exo.mast.stsci.edu/api/v0.1/exoplanets/identifiers/,HAT-P-7 b,HAT-P-7,data/raw/exomast/hat_p_7_b/identifiers.json,identifiers.json,json,,planet_identifiers,HAT-P-7 b,skipped_existing,,60ee5d3950dd4e0c42319b4d7acc6317601380718822837f4b41afa3ea713330,388,
2026-06-13T21:38:38+00:00,Exo.MAST,https://exo.mast.stsci.edu/api/v0.1/exoplanets/HAT-P-7%20b/properties,HAT-P-7 b,HAT-P-7,data/raw/exomast/hat_p_7_b/properties.json,properties.json,json,,planet_properties,HAT-P-7 b,skipped_existing,,98725e234c2b00fb953593fe3cac8c7ea556214c5a99e0dd00489b7cf6a109b7,28927,
2026-06-13T21:38:38+00:00,Exo.MAST,https://exo.mast.stsci.edu/api/v0.1/dvdata/kepler/10666592/tces/,HAT-P-7 b,HAT-P-7,data/raw/exomast/hat_p_7_b/kepler_tces.json,kepler_tces.json,json,KEPLER,tce_list,10666592,skipped_existing,,45f6bc0c410e63fca50a2d0e1154232241a73ff37c02d1a16da5e28153a3b6e2,65,
2026-06-13T21:38:38+00:00,Exo.MAST,https://exo.mast.stsci.edu/api/v0.1/dvdata/tess/424865156/tces/,HAT-P-7 b,HAT-P-7,data/raw/exomast/hat_p_7_b/tess_tces.json,tess_tces.json,json,TESS,tce_list,424865156,skipped_existing,,34ed4f98ea8991af92f96c8e8399d130ea14ad7c83e24e8383880b98654e1e95,329,
2026-06-13T21:38:38+00:00,Exo.MAST,https://exo.mast.stsci.edu/docs/,HAT-P-7 b,HAT-P-7,data/raw/exomast/hat_p_7_b/notes.md,notes.md,md,,collection_notes,HAT-P-7 b,skipped_existing,,6ae7ca151f2e7b70af0d61a6e926f4aaf94e54be96f16b738e349033a6721c84,426,
2026-06-13T21:38:38+00:00,Exo.MAST,https://exo.mast.stsci.edu/api/v0.1/exoplanets/identifiers/,TrES-2 b,TrES-2,data/raw/exomast/tres_2_b/identifiers.json,identifiers.json,json,,planet_identifiers,TrES-2 b,skipped_existing,,30b7e8b1924642c0d9839b9573993699e89f4fc1942e81e469e3639a6957f107,262,
2026-06-13T21:38:38+00:00,Exo.MAST,https://exo.mast.stsci.edu/api/v0.1/exoplanets/TrES-2%20b/properties,TrES-2 b,TrES-2,data/raw/exomast/tres_2_b/properties.json,properties.json,json,,planet_properties,TrES-2 b,skipped_existing,,934c5e408bded5d3f5945d510cca1f198cf0ab4daa450c4d3afbf0fe3b1a73d1,28842,
2026-06-13T21:38:38+00:00,Exo.MAST,https://exo.mast.stsci.edu/api/v0.1/dvdata/kepler/11446443/tces/,TrES-2 b,TrES-2,data/raw/exomast/tres_2_b/kepler_tces.json,kepler_tces.json,json,KEPLER,tce_list,11446443,skipped_existing,,90d6962eb48821ab59ff74a186edf954bc5d489d563409ada8b4fa02c84e2dd7,17,
2026-06-13T21:38:38+00:00,Exo.MAST,https://exo.mast.stsci.edu/api/v0.1/dvdata/tess/399860444/tces/,TrES-2 b,TrES-2,data/raw/exomast/tres_2_b/tess_tces.json,tess_tces.json,json,TESS,tce_list,399860444,skipped_existing,,36117bc6f227e7a1e7801f5f58d488b565fe7300d40b147413cc86f48adddfe7,289,
2026-06-13T21:38:38+00:00,Exo.MAST,https://exo.mast.stsci.edu/docs/,TrES-2 b,TrES-2,data/raw/exomast/tres_2_b/notes.md,notes.md,md,,collection_notes,TrES-2 b,skipped_existing,,ca89d362a732d27e775be825839e487d16878e92f3e2559cac7d68961a06c756,425,
2026-06-13T21:38:38+00:00,Exo.MAST,https://exo.mast.stsci.edu/api/v0.1/exoplanets/identifiers/,HD 189733 b,HD 189733,data/raw/exomast/hd_189733_b/identifiers.json,identifiers.json,json,,planet_identifiers,HD 189733 b,skipped_existing,,07ecbc926fa436e7840958ad44c3fd8d918b8bdda74a088fff6266d6448dcfef,652,
2026-06-13T21:38:38+00:00,Exo.MAST,https://exo.mast.stsci.edu/api/v0.1/exoplanets/HD%20189733%20b/properties,HD 189733 b,HD 189733,data/raw/exomast/hd_189733_b/properties.json,properties.json,json,,planet_properties,HD 189733 b,skipped_existing,,4c0fd76427f6448da2452c4b56570547668cc6028c11342a1255624dc99fac34,22902,
2026-06-13T21:38:38+00:00,Exo.MAST,https://exo.mast.stsci.edu/api/v0.1/dvdata/tess/256364928/tces/,HD 189733 b,HD 189733,data/raw/exomast/hd_189733_b/tess_tces.json,tess_tces.json,json,TESS,tce_list,256364928,skipped_existing,,d4373bbfaed947316e3e8e83b504f2a8b6a7811e93f0187ec59436eb27b6113e,109,
2026-06-13T21:38:38+00:00,Exo.MAST,https://exo.mast.stsci.edu/docs/,HD 189733 b,HD 189733,data/raw/exomast/hd_189733_b/notes.md,notes.md,md,,collection_notes,HD 189733 b,skipped_existing,,0f6e5ccbd0fec35bfec1a570de3ab63b4ccfa8d511702902b4b1676a2c8625fb,403,
2026-06-13T21:38:38+00:00,Exo.MAST,https://exo.mast.stsci.edu/api/v0.1/exoplanets/identifiers/,HD 209458 b,HD 209458,data/raw/exomast/hd_209458_b/identifiers.json,identifiers.json,json,,planet_identifiers,HD 209458 b,skipped_existing,,e01fc60db8e54169e0cafef6aa1ded518a6df626680a9d098c9bae20c9d0eaee,507,
2026-06-13T21:38:38+00:00,Exo.MAST,https://exo.mast.stsci.edu/api/v0.1/exoplanets/HD%20209458%20b/properties,HD 209458 b,HD 209458,data/raw/exomast/hd_209458_b/properties.json,properties.json,json,,planet_properties,HD 209458 b,skipped_existing,,c0b628e79ec46163f990242332ac0de6a114a5af846e08087e3f267ef234678c,22812,
2026-06-13T21:38:38+00:00,Exo.MAST,https://exo.mast.stsci.edu/api/v0.1/dvdata/tess/420814525/tces/,HD 209458 b,HD 209458,data/raw/exomast/hd_209458_b/tess_tces.json,tess_tces.json,json,TESS,tce_list,420814525,skipped_existing,,ce065663320b197feaf720a46c72da52a65559d5e463583c7c86e1056f0ee235,69,
2026-06-13T21:38:38+00:00,Exo.MAST,https://exo.mast.stsci.edu/docs/,HD 209458 b,HD 209458,data/raw/exomast/hd_209458_b/notes.md,notes.md,md,,collection_notes,HD 209458 b,skipped_existing,,fffa9c4e3f8bc9b79777c2a899b759a67eca9b341e15186857dbc62d8934e7ac,403,
2026-06-13T21:38:38+00:00,Exo.MAST,https://exo.mast.stsci.edu/api/v0.1/exoplanets/identifiers/,WASP-12 b,WASP-12,data/raw/exomast/wasp_12_b/identifiers.json,identifiers.json,json,,planet_identifiers,WASP-12 b,skipped_existing,,729b890ea4246514b303f5f44e97a9ac40cfec0fe29dddcd31422a9a57a1457c,339,
2026-06-13T21:38:38+00:00,Exo.MAST,https://exo.mast.stsci.edu/api/v0.1/exoplanets/WASP-12%20b/properties,WASP-12 b,WASP-12,data/raw/exomast/wasp_12_b/properties.json,properties.json,json,,planet_properties,WASP-12 b,skipped_existing,,d90ce9dd15c45b5bf9743efcb3a5fe8db9d189627492d8d2650f146b48840d39,22967,
2026-06-13T21:38:38+00:00,Exo.MAST,https://exo.mast.stsci.edu/api/v0.1/dvdata/tess/86396382/tces/,WASP-12 b,WASP-12,data/raw/exomast/wasp_12_b/tess_tces.json,tess_tces.json,json,TESS,tce_list,86396382,skipped_existing,,62a98b2b32e0b60ac34a6326032eea1386c63c0c5771ff2dcb04654d081e8308,249,
2026-06-13T21:38:38+00:00,Exo.MAST,https://exo.mast.stsci.edu/docs/,WASP-12 b,WASP-12,data/raw/exomast/wasp_12_b/notes.md,notes.md,md,,collection_notes,WASP-12 b,skipped_existing,,c793a8629dd07237796c9a874c6ebbb437e12f63181ad562b127f039bcb420bc,401,
2026-06-13T21:38:38+00:00,Exo.MAST,https://exo.mast.stsci.edu/api/v0.1/exoplanets/identifiers/,WASP-10 b,WASP-10,data/raw/exomast/wasp_10_b/identifiers.json,identifiers.json,json,,planet_identifiers,WASP-10 b,skipped_existing,,b47928853b51594569a1b3a1be68fe6af4bfeefd90b1bab1da2fc2624003ff8c,362,
2026-06-13T21:38:38+00:00,Exo.MAST,https://exo.mast.stsci.edu/api/v0.1/exoplanets/WASP-10%20b/properties,WASP-10 b,WASP-10,data/raw/exomast/wasp_10_b/properties.json,properties.json,json,,planet_properties,WASP-10 b,skipped_existing,,00acee021c86e2009c4f40aa2b4de59ebeb074534f49f6f70369505f0e91c110,23011,
2026-06-13T21:38:38+00:00,Exo.MAST,https://exo.mast.stsci.edu/api/v0.1/dvdata/tess/431701493/tces/,WASP-10 b,WASP-10,data/raw/exomast/wasp_10_b/tess_tces.json,tess_tces.json,json,TESS,tce_list,431701493,skipped_existing,,b816c5a182fcce48e93cfe2413773ec5f3623776f42e0dd1aaae9ad5339b5a42,69,
2026-06-13T21:38:38+00:00,Exo.MAST,https://exo.mast.stsci.edu/docs/,WASP-10 b,WASP-10,data/raw/exomast/wasp_10_b/notes.md,notes.md,md,,collection_notes,WASP-10 b,skipped_existing,,7787a40c0a7e53420594abdad4e41a293f486833e57c976024d6b3fa76e4df25,401,
2026-06-13T21:38:38+00:00,Exo.MAST,https://exo.mast.stsci.edu/api/v0.1/exoplanets/identifiers/,WASP-4 b,WASP-4,data/raw/exomast/wasp_4_b/identifiers.json,identifiers.json,json,,planet_identifiers,WASP-4 b,skipped_existing,,472271582f09193bd288251bf0878cc34fc413678575a84a1eee5f7470c5efd9,398,
2026-06-13T21:38:38+00:00,Exo.MAST,https://exo.mast.stsci.edu/api/v0.1/exoplanets/WASP-4%20b/properties,WASP-4 b,WASP-4,data/raw/exomast/wasp_4_b/properties.json,properties.json,json,,planet_properties,WASP-4 b,skipped_existing,,5dfc46394ccd111bd1cd2d5532a6d524a6bae3c99f406c288be836ab916ef2d2,23116,
2026-06-13T21:38:38+00:00,Exo.MAST,https://exo.mast.stsci.edu/api/v0.1/dvdata/tess/402026209/tces/,WASP-4 b,WASP-4,data/raw/exomast/wasp_4_b/tess_tces.json,tess_tces.json,json,TESS,tce_list,402026209,skipped_existing,,a874ee7ffc62f4111bdebfcc79973167edfdd80315c9242ee06a7d290ee3bbf7,149,
2026-06-13T21:38:38+00:00,Exo.MAST,https://exo.mast.stsci.edu/docs/,WASP-4 b,WASP-4,data/raw/exomast/wasp_4_b/notes.md,notes.md,md,,collection_notes,WASP-4 b,skipped_existing,,1b107c6c8675d8c82d90cb25fef2de068cdca1930b33594751674e7dea0212ec,400,
2026-06-13T21:38:38+00:00,Exo.MAST,https://exo.mast.stsci.edu/api/v0.1/exoplanets/identifiers/,HAT-P-32 b,HAT-P-32,data/raw/exomast/hat_p_32_b/identifiers.json,identifiers.json,json,,planet_identifiers,HAT-P-32 b,skipped_existing,,b78df9a1fb0dc9348bacee013560a7c183f7d68fc71ee3e6cae42a2cd5aca234,337,
2026-06-13T21:38:38+00:00,Exo.MAST,https://exo.mast.stsci.edu/api/v0.1/exoplanets/HAT-P-32%20b/properties,HAT-P-32 b,HAT-P-32,data/raw/exomast/hat_p_32_b/properties.json,properties.json,json,,planet_properties,HAT-P-32 b,skipped_existing,,422ede77ea7c7b6a4b739ff52c32c9d2ca22242dcfa92b5418a37fdbd6f790ac,22629,
2026-06-13T21:38:38+00:00,Exo.MAST,https://exo.mast.stsci.edu/api/v0.1/dvdata/tess/292152376/tces/,HAT-P-32 b,HAT-P-32,data/raw/exomast/hat_p_32_b/tess_tces.json,tess_tces.json,json,TESS,tce_list,292152376,skipped_existing,,5d4701591cf80a0df3442aa05001ce512067110c97a49501bdffca86c6ca4721,29,
2026-06-13T21:38:38+00:00,Exo.MAST,https://exo.mast.stsci.edu/docs/,HAT-P-32 b,HAT-P-32,data/raw/exomast/hat_p_32_b/notes.md,notes.md,md,,collection_notes,HAT-P-32 b,skipped_existing,,c3aebdd583c6d4fe6bb1fb75854b6dba041531f4907a94d5eb01d1490cd7fe01,402,
2026-06-13T21:38:41+00:00,ETD / VarAstro,https://var.astro.cz/en/Exoplanets?name=HAT-P-7+b,HAT-P-7 b,HAT-P-7,data/raw/etd_varastro/html_snapshots/hat_p_7_b/catalog_search.html,catalog_search.html,html,,catalog_search_snapshot,HAT-P-7 b,skipped_existing,,f875c7f84b79bdd592aad25ba4ab92ea48096994348b03b5c79a6d64a213a927,26484,Unmodified public HTML response from VarAstro.
2026-06-13T21:38:44+00:00,ETD / VarAstro,https://var.astro.cz/api/Search/Exoplanets?pageId=1&pageSize=20&name=HAT-P-7+b,HAT-P-7 b,HAT-P-7,data/raw/etd_varastro/html_snapshots/hat_p_7_b/catalog_search_results.json,catalog_search_results.json,json,,catalog_search_api_response,HAT-P-7 b,skipped_existing,,0b3d57bfb4f1ef88d7268f6c9a4dd8e424558b4a74718a1d84be76acceebd89c,858,Unmodified JSON returned by the public endpoint used by the VarAstro exoplanet catalog DataTable.
2026-06-13T21:38:46+00:00,ETD / VarAstro,https://var.astro.cz/en/Exoplanets/174,HAT-P-7 b,HAT-P-7,data/raw/etd_varastro/html_snapshots/hat_p_7_b/planet_detail.html,planet_detail.html,html,,planet_detail_snapshot,HAT-P-7 b,skipped_existing,,badb88e404dfe5d7e88d3c3b96cb00e91da92a9623cc1ff242437f15cb6a33ed,37273,Unmodified public HTML response from VarAstro.
2026-06-13T21:38:49+00:00,ETD / VarAstro,https://var.astro.cz/api/OcGate/Exoplanets/174,HAT-P-7 b,HAT-P-7,data/raw/etd_varastro/extracted_metadata/hat_p_7_b/observations_raw.json,observations_raw.json,json,,public_transit_observations_api_response,HAT-P-7 b,skipped_existing,,babe139311568d70d9434aee4511d9a523866093061f080ecf2a03cb1bea794d,26482,Unmodified JSON returned by the public observations endpoint used by the VarAstro detail page.
2026-06-13T21:38:49+00:00,ETD / VarAstro,https://var.astro.cz/en/Exoplanets/174,HAT-P-7 b,HAT-P-7,data/raw/etd_varastro/extracted_metadata/hat_p_7_b/observations_api_a469dcaa60ba.csv,observations_api_a469dcaa60ba.csv,csv,,extracted_public_metadata,HAT-P-7 b,skipped_existing,,a469dcaa60ba78122b8b0e29fda837d61b04a91f5a68a3c1367f1abc55429999,41143,Metadata extracted from public HTML tables. raw_metadata_json preserves each source row without inferred or estimated values.
2026-06-13T21:38:49+00:00,ETD / VarAstro,https://var.astro.cz/api/charts/observation/94348,HAT-P-7 b,HAT-P-7,data/raw/etd_varastro/downloaded_lightcurves/hat_p_7_b/01_observation_94348_transit_12787.json,01_observation_94348_transit_12787.json,json,,ground_based_light_curve_api_json,HAT-P-7 b,skipped_existing,,362602b598afdff92b4d6cb238caeec51002b11495c80d916b886a83eaa85fad,61313,
2026-06-13T21:38:49+00:00,ETD / VarAstro,https://var.astro.cz/api/charts/observation/93941,HAT-P-7 b,HAT-P-7,data/raw/etd_varastro/downloaded_lightcurves/hat_p_7_b/02_observation_93941_transit_12377.json,02_observation_93941_transit_12377.json,json,,ground_based_light_curve_api_json,HAT-P-7 b,skipped_existing,,542ce2794af76f844ade3cfab9c6de802c406c5942a33e61dabd30e762305319,100922,
2026-06-13T21:38:49+00:00,ETD / VarAstro,https://var.astro.cz/api/charts/observation/93940,HAT-P-7 b,HAT-P-7,data/raw/etd_varastro/downloaded_lightcurves/hat_p_7_b/03_observation_93940_transit_12376.json,03_observation_93940_transit_12376.json,json,,ground_based_light_curve_api_json,HAT-P-7 b,skipped_existing,,97904b6f9af78f57715ef7e3cc66fbc167d85a88cd85d87edaec2aceb1d82174,48106,
2026-06-13T21:38:49+00:00,ETD / VarAstro,https://var.astro.cz/api/charts/observation/106903,HAT-P-7 b,HAT-P-7,data/raw/etd_varastro/downloaded_lightcurves/hat_p_7_b/04_observation_106903_transit_20350.json,04_observation_106903_transit_20350.json,json,,ground_based_light_curve_api_json,HAT-P-7 b,skipped_existing,,0b9b74fc5c731ef257980becc6f003b775516871a510de95fb1a6a2c6748ff2a,51509,
2026-06-13T21:38:49+00:00,ETD / VarAstro,https://var.astro.cz/api/charts/observation/107381,HAT-P-7 b,HAT-P-7,data/raw/etd_varastro/downloaded_lightcurves/hat_p_7_b/05_observation_107381_transit_20679.json,05_observation_107381_transit_20679.json,json,,ground_based_light_curve_api_json,HAT-P-7 b,skipped_existing,,bfc2ab968a31a9451ce1dbebdc5ae6776d727daab3c22a1e52718cfb79911b75,151855,
2026-06-13T21:38:49+00:00,ETD / VarAstro,https://var.astro.cz/en/Exoplanets/174,HAT-P-7 b,HAT-P-7,data/raw/etd_varastro/extracted_metadata/hat_p_7_b/notes_api_9eb47901889c.md,notes_api_9eb47901889c.md,md,,collection_notes,HAT-P-7 b,downloaded,,9eb47901889c7acaa093bf9823a78c8808759bb65e95815e2bacb43843611dda,823,
2026-06-13T21:38:49+00:00,ETD / VarAstro,https://var.astro.cz/en/Exoplanets/174,HAT-P-7 b,HAT-P-7,data/raw/etd_varastro/manifests/hat_p_7_b_manifest_api_a64f8082580a.csv,hat_p_7_b_manifest_api_a64f8082580a.csv,csv,,source_manifest,HAT-P-7 b,downloaded,,a64f8082580a7e1fbd344e76391fa7c98d5bd184517d70f4c3e7d775cfadafe1,3947,
2026-06-13T21:38:51+00:00,ETD / VarAstro,https://var.astro.cz/en/Exoplanets?name=TrES-2+b,TrES-2 b,TrES-2,data/raw/etd_varastro/html_snapshots/tres_2_b/catalog_search.html,catalog_search.html,html,,catalog_search_snapshot,TrES-2 b,skipped_existing,,588c146de80c98712ea9cbf6b66d07b4fc883366d74879743b124d0006edb255,26479,Unmodified public HTML response from VarAstro.
2026-06-13T21:38:51+00:00,ETD / VarAstro,https://var.astro.cz/api/Search/Exoplanets?pageId=1&pageSize=20&name=TrES-2+b,TrES-2 b,TrES-2,data/raw/etd_varastro/html_snapshots/tres_2_b/catalog_search_results.json,catalog_search_results.json,json,,catalog_search_api_response,TrES-2 b,skipped_existing,,f369af016a6490bddd0b5da559affe6ef476f0126fb18ba99fb868f3162b3ded,817,Unmodified JSON returned by the public endpoint used by the VarAstro exoplanet catalog DataTable.
2026-06-13T21:38:54+00:00,ETD / VarAstro,https://var.astro.cz/en/Exoplanets/8,TrES-2 b,TrES-2,data/raw/etd_varastro/html_snapshots/tres_2_b/planet_detail.html,planet_detail.html,html,,planet_detail_snapshot,TrES-2 b,skipped_existing,,c7af04028e2db2924033dc97ca423ba21ea01e37a8ae7b1ebb91383b2a9aec31,37323,Unmodified public HTML response from VarAstro.
2026-06-13T21:38:58+00:00,ETD / VarAstro,https://var.astro.cz/api/OcGate/Exoplanets/8,TrES-2 b,TrES-2,data/raw/etd_varastro/extracted_metadata/tres_2_b/observations_raw.json,observations_raw.json,json,,public_transit_observations_api_response,TrES-2 b,skipped_existing,,4cfb6459f2dfd9fc96b96c596842c4214c8b0a293b2fbd402da8cab2277d1c43,166339,Unmodified JSON returned by the public observations endpoint used by the VarAstro detail page.
2026-06-13T21:38:58+00:00,ETD / VarAstro,https://var.astro.cz/en/Exoplanets/8,TrES-2 b,TrES-2,data/raw/etd_varastro/extracted_metadata/tres_2_b/observations_api_a79a4a2862bf.csv,observations_api_a79a4a2862bf.csv,csv,,extracted_public_metadata,TrES-2 b,skipped_existing,,a79a4a2862bf3fee74daac88ac136cad9e1c5d3e72f9222e1d3fcaa072c3b523,258544,Metadata extracted from public HTML tables. raw_metadata_json preserves each source row without inferred or estimated values.
2026-06-13T21:38:58+00:00,ETD / VarAstro,https://var.astro.cz/api/charts/observation/109868,TrES-2 b,TrES-2,data/raw/etd_varastro/downloaded_lightcurves/tres_2_b/01_observation_109868_transit_21839.json,01_observation_109868_transit_21839.json,json,,ground_based_light_curve_api_json,TrES-2 b,skipped_existing,,5ba6acb1f0d49583c04b1dcd2ce70e24e45cee7cef73f225d019c9ff727cc245,23640,
2026-06-13T21:38:58+00:00,ETD / VarAstro,https://var.astro.cz/api/charts/observation/109743,TrES-2 b,TrES-2,data/raw/etd_varastro/downloaded_lightcurves/tres_2_b/02_observation_109743_transit_21790.json,02_observation_109743_transit_21790.json,json,,ground_based_light_curve_api_json,TrES-2 b,skipped_existing,,f0794389d95c54302f87866d3e7be139cc8e489143094f479c5ef4e02ce29018,96802,
2026-06-13T21:38:58+00:00,ETD / VarAstro,https://var.astro.cz/api/charts/observation/109559,TrES-2 b,TrES-2,data/raw/etd_varastro/downloaded_lightcurves/tres_2_b/03_observation_109559_transit_21795.json,03_observation_109559_transit_21795.json,json,,ground_based_light_curve_api_json,TrES-2 b,skipped_existing,,d0d5cde4947adc0e5ead28b9dea3308e59a6ca06d3fba7fedcfb21dc866558dd,66191,
2026-06-13T21:38:58+00:00,ETD / VarAstro,https://var.astro.cz/api/charts/observation/98495,TrES-2 b,TrES-2,data/raw/etd_varastro/downloaded_lightcurves/tres_2_b/04_observation_98495_transit_20194.json,04_observation_98495_transit_20194.json,json,,ground_based_light_curve_api_json,TrES-2 b,skipped_existing,,bd9182e24879ac789e5243e298263da206b1b2ffa823f8b740e305dae2c8e750,60817,
2026-06-13T21:38:58+00:00,ETD / VarAstro,https://var.astro.cz/api/charts/observation/94271,TrES-2 b,TrES-2,data/raw/etd_varastro/downloaded_lightcurves/tres_2_b/05_observation_94271_transit_12710.json,05_observation_94271_transit_12710.json,json,,ground_based_light_curve_api_json,TrES-2 b,skipped_existing,,871edbbe7f925913cb01cec2355a19bdcddc7fae8d37e81865028b1c67a58c91,158135,
2026-06-13T21:38:58+00:00,ETD / VarAstro,https://var.astro.cz/en/Exoplanets/8,TrES-2 b,TrES-2,data/raw/etd_varastro/extracted_metadata/tres_2_b/notes_api_18a1d3c980e3.md,notes_api_18a1d3c980e3.md,md,,collection_notes,TrES-2 b,downloaded,,18a1d3c980e36d28bc173d5c826ef3c690a417b71fd93d3110a790c7d10582b2,817,
2026-06-13T21:38:58+00:00,ETD / VarAstro,https://var.astro.cz/en/Exoplanets/8,TrES-2 b,TrES-2,data/raw/etd_varastro/manifests/tres_2_b_manifest_api_1e1a32012442.csv,tres_2_b_manifest_api_1e1a32012442.csv,csv,,source_manifest,TrES-2 b,downloaded,,1e1a320124420faceb09cb971a7222a9be718e3d628c119f8d7c115cd57b6ba0,3908,
2026-06-13T21:39:00+00:00,ETD / VarAstro,https://var.astro.cz/en/Exoplanets?name=HD+189733+b,HD 189733 b,HD 189733,data/raw/etd_varastro/html_snapshots/hd_189733_b/catalog_search.html,catalog_search.html,html,,catalog_search_snapshot,HD 189733 b,skipped_existing,,c8a4b05e158c27cc614f3cb7270f9a84ef08e82aea186582146c0410a88c419d,26507,Unmodified public HTML response from VarAstro.
2026-06-13T21:39:03+00:00,ETD / VarAstro,https://var.astro.cz/api/Search/Exoplanets?pageId=1&pageSize=20&name=HD+189733+b,HD 189733 b,HD 189733,data/raw/etd_varastro/html_snapshots/hd_189733_b/catalog_search_results.json,catalog_search_results.json,json,,catalog_search_api_response,HD 189733 b,skipped_existing,,b9a2bc1af8bcdb2729d7c70c72180714b14203a9e188a2ad3c3b57c23e7dacac,824,Unmodified JSON returned by the public endpoint used by the VarAstro exoplanet catalog DataTable.
2026-06-13T21:39:05+00:00,ETD / VarAstro,https://var.astro.cz/en/Exoplanets/4096,HD 189733 b,HD 189733,data/raw/etd_varastro/html_snapshots/hd_189733_b/planet_detail.html,planet_detail.html,html,,planet_detail_snapshot,HD 189733 b,skipped_existing,,767c5404339e87e7ec633a7e4c00e73f2057ccfdf16ef57a7c420f279acbe52f,40122,Unmodified public HTML response from VarAstro.
2026-06-13T21:39:09+00:00,ETD / VarAstro,https://var.astro.cz/api/OcGate/Exoplanets/4096,HD 189733 b,HD 189733,data/raw/etd_varastro/extracted_metadata/hd_189733_b/observations_raw.json,observations_raw.json,json,,public_transit_observations_api_response,HD 189733 b,skipped_existing,,b0e8f67aa53746fc1b02ca9812bd4506b06619b7c7717a0fdf4b8764220cec68,101294,Unmodified JSON returned by the public observations endpoint used by the VarAstro detail page.
2026-06-13T21:39:09+00:00,ETD / VarAstro,https://var.astro.cz/en/Exoplanets/4096,HD 189733 b,HD 189733,data/raw/etd_varastro/extracted_metadata/hd_189733_b/observations_api_53b182fe7c4e.csv,observations_api_53b182fe7c4e.csv,csv,,extracted_public_metadata,HD 189733 b,skipped_existing,,53b182fe7c4ee2454181fe1ecef3fc31071c6b3fcf1815ce8593a45a93971b8a,158759,Metadata extracted from public HTML tables. raw_metadata_json preserves each source row without inferred or estimated values.
2026-06-13T21:39:09+00:00,ETD / VarAstro,https://var.astro.cz/api/charts/observation/110560,HD 189733 b,HD 189733,data/raw/etd_varastro/downloaded_lightcurves/hd_189733_b/01_observation_110560_transit_22197.json,01_observation_110560_transit_22197.json,json,,ground_based_light_curve_api_json,HD 189733 b,skipped_existing,,c4d13e5324796a0faf9a8f1508963fd8904dba42baee80674cf636c4e505a0c0,162375,
2026-06-13T21:39:09+00:00,ETD / VarAstro,https://var.astro.cz/api/charts/observation/110000,HD 189733 b,HD 189733,data/raw/etd_varastro/downloaded_lightcurves/hd_189733_b/02_observation_110000_transit_21914.json,02_observation_110000_transit_21914.json,json,,ground_based_light_curve_api_json,HD 189733 b,skipped_existing,,b08b2228d297fae564e015566e430e4c2a76110158f369166805c13d359b0f84,79864,
2026-06-13T21:39:09+00:00,ETD / VarAstro,https://var.astro.cz/api/charts/observation/110069,HD 189733 b,HD 189733,data/raw/etd_varastro/downloaded_lightcurves/hd_189733_b/03_observation_110069_transit_21925.json,03_observation_110069_transit_21925.json,json,,ground_based_light_curve_api_json,HD 189733 b,skipped_existing,,0fae7b87bc915a3a0ef981a177dae785aa47218e071aa16be2d3a388c298370a,39119,
2026-06-13T21:39:09+00:00,ETD / VarAstro,https://var.astro.cz/api/charts/observation/109228,HD 189733 b,HD 189733,data/raw/etd_varastro/downloaded_lightcurves/hd_189733_b/04_observation_109228_transit_21560.json,04_observation_109228_transit_21560.json,json,,ground_based_light_curve_api_json,HD 189733 b,skipped_existing,,c045a38e276e51c9e5aee96d753184ae34ef83b4c92a83db95bac992b6bc3af1,80327,
2026-06-13T21:39:09+00:00,ETD / VarAstro,https://var.astro.cz/api/charts/observation/94274,HD 189733 b,HD 189733,data/raw/etd_varastro/downloaded_lightcurves/hd_189733_b/05_observation_94274_transit_12713.json,05_observation_94274_transit_12713.json,json,,ground_based_light_curve_api_json,HD 189733 b,skipped_existing,,5ed7633d0bd145ab24a62b6146bf916e86fa1a739cd79508f62ef304ad6d0a08,74875,
2026-06-13T21:39:09+00:00,ETD / VarAstro,https://var.astro.cz/en/Exoplanets/4096,HD 189733 b,HD 189733,data/raw/etd_varastro/extracted_metadata/hd_189733_b/notes_api_e933c74a8e48.md,notes_api_e933c74a8e48.md,md,,collection_notes,HD 189733 b,downloaded,,e933c74a8e4881b1f907e14ee224e6ddbf6055e492f761248ea94f46b911179f,835,
2026-06-13T21:39:09+00:00,ETD / VarAstro,https://var.astro.cz/en/Exoplanets/4096,HD 189733 b,HD 189733,data/raw/etd_varastro/manifests/hd_189733_b_manifest_api_a8a809692b1f.csv,hd_189733_b_manifest_api_a8a809692b1f.csv,csv,,source_manifest,HD 189733 b,downloaded,,a8a809692b1fb9191aed0a357be7c0d8e1c45912bd33b9628411bea89d8b336f,4027,
2026-06-13T21:39:11+00:00,ETD / VarAstro,https://var.astro.cz/en/Exoplanets?name=HD+209458+b,HD 209458 b,HD 209458,data/raw/etd_varastro/html_snapshots/hd_209458_b/catalog_search.html,catalog_search.html,html,,catalog_search_snapshot,HD 209458 b,skipped_existing,,f8ea48c389a1d56110bf6647e41708735d318e4df0db0cfed412a498d694bab9,26507,Unmodified public HTML response from VarAstro.
2026-06-13T21:39:13+00:00,ETD / VarAstro,https://var.astro.cz/api/Search/Exoplanets?pageId=1&pageSize=20&name=HD+209458+b,HD 209458 b,HD 209458,data/raw/etd_varastro/html_snapshots/hd_209458_b/catalog_search_results.json,catalog_search_results.json,json,,catalog_search_api_response,HD 209458 b,skipped_existing,,7732e3f9ce4c1653bb446f3a565af271f3e3609df206ce65058c3b8a16e12b6e,824,Unmodified JSON returned by the public endpoint used by the VarAstro exoplanet catalog DataTable.
2026-06-13T21:39:16+00:00,ETD / VarAstro,https://var.astro.cz/en/Exoplanets/31,HD 209458 b,HD 209458,data/raw/etd_varastro/html_snapshots/hd_209458_b/planet_detail.html,planet_detail.html,html,,planet_detail_snapshot,HD 209458 b,skipped_existing,,da5e5776f23a234017d40505395b81ecfde6c08b6b84fa9b609f33c750b53de8,37491,Unmodified public HTML response from VarAstro.
2026-06-13T21:39:19+00:00,ETD / VarAstro,https://var.astro.cz/api/OcGate/Exoplanets/31,HD 209458 b,HD 209458,data/raw/etd_varastro/extracted_metadata/hd_209458_b/observations_raw.json,observations_raw.json,json,,public_transit_observations_api_response,HD 209458 b,skipped_existing,,69f216e1e1b783d71df43fde9f54f1f57c3e4ff0112a1113d13a139eee999b78,39838,Unmodified JSON returned by the public observations endpoint used by the VarAstro detail page.
2026-06-13T21:39:19+00:00,ETD / VarAstro,https://var.astro.cz/en/Exoplanets/31,HD 209458 b,HD 209458,data/raw/etd_varastro/extracted_metadata/hd_209458_b/observations_api_95c8de518aeb.csv,observations_api_95c8de518aeb.csv,csv,,extracted_public_metadata,HD 209458 b,skipped_existing,,95c8de518aebc4b0e9d1c3dc007b274e6d560e11de41b71cb20cf96ea636a4bf,61981,Metadata extracted from public HTML tables. raw_metadata_json preserves each source row without inferred or estimated values.
2026-06-13T21:39:19+00:00,ETD / VarAstro,https://var.astro.cz/api/charts/observation/110656,HD 209458 b,HD 209458,data/raw/etd_varastro/downloaded_lightcurves/hd_209458_b/01_observation_110656_transit_22235.json,01_observation_110656_transit_22235.json,json,,ground_based_light_curve_api_json,HD 209458 b,skipped_existing,,468c0c71086529b13bbb9396333a28477a90f1862d8879b5d759a62afd6c2035,75164,
2026-06-13T21:39:19+00:00,ETD / VarAstro,https://var.astro.cz/api/charts/observation/94180,HD 209458 b,HD 209458,data/raw/etd_varastro/downloaded_lightcurves/hd_209458_b/02_observation_94180_transit_12619.json,02_observation_94180_transit_12619.json,json,,ground_based_light_curve_api_json,HD 209458 b,skipped_existing,,16c3f322bdbf8754936e00359d1844dd6084c049b0b036ed38a4aad9eff1376c,278274,
2026-06-13T21:39:19+00:00,ETD / VarAstro,https://var.astro.cz/api/charts/observation/93797,HD 209458 b,HD 209458,data/raw/etd_varastro/downloaded_lightcurves/hd_209458_b/03_observation_93797_transit_12233.json,03_observation_93797_transit_12233.json,json,,ground_based_light_curve_api_json,HD 209458 b,skipped_existing,,7381ae5022efd5ae8faaa25275e72a93b599a96e8c46d81ad16369f1da351269,76014,
2026-06-13T21:39:19+00:00,ETD / VarAstro,https://var.astro.cz/api/charts/observation/92401,HD 209458 b,HD 209458,data/raw/etd_varastro/downloaded_lightcurves/hd_209458_b/04_observation_92401_transit_10826.json,04_observation_92401_transit_10826.json,json,,ground_based_light_curve_api_json,HD 209458 b,skipped_existing,,d0c4b57920381317236ff49398de2ff988b96d8bc30643b81894c9aacf7e0c20,44460,
2026-06-13T21:39:19+00:00,ETD / VarAstro,https://var.astro.cz/api/charts/observation/93014,HD 209458 b,HD 209458,data/raw/etd_varastro/downloaded_lightcurves/hd_209458_b/05_observation_93014_transit_11445.json,05_observation_93014_transit_11445.json,json,,ground_based_light_curve_api_json,HD 209458 b,skipped_existing,,87ed1d2e517bfb9f3f6616f386ef8bb54ae8a33b421eaac956c7d3fb6317c2d5,76167,
2026-06-13T21:39:19+00:00,ETD / VarAstro,https://var.astro.cz/en/Exoplanets/31,HD 209458 b,HD 209458,data/raw/etd_varastro/extracted_metadata/hd_209458_b/notes_api_32a9a7bca5d6.md,notes_api_32a9a7bca5d6.md,md,,collection_notes,HD 209458 b,downloaded,,32a9a7bca5d6b4aca8d983241c86bafda4fbb257590514626561d3374e01d3f3,832,
2026-06-13T21:39:19+00:00,ETD / VarAstro,https://var.astro.cz/en/Exoplanets/31,HD 209458 b,HD 209458,data/raw/etd_varastro/manifests/hd_209458_b_manifest_api_053b58fd204d.csv,hd_209458_b_manifest_api_053b58fd204d.csv,csv,,source_manifest,HD 209458 b,downloaded,,053b58fd204dde44d02b62df7ddf8fd1f9aefbd83a269c573d6759a60c8b6b45,4010,
2026-06-13T21:39:21+00:00,ETD / VarAstro,https://var.astro.cz/en/Exoplanets?name=WASP-12+b,WASP-12 b,WASP-12,data/raw/etd_varastro/html_snapshots/wasp_12_b/catalog_search.html,catalog_search.html,html,,catalog_search_snapshot,WASP-12 b,skipped_existing,,b8882f8796e6eeec8311687ed4f7df8177715153ea785ab29db4eb7b330d9b79,26484,Unmodified public HTML response from VarAstro.
2026-06-13T21:39:21+00:00,ETD / VarAstro,https://var.astro.cz/api/Search/Exoplanets?pageId=1&pageSize=20&name=WASP-12+b,WASP-12 b,WASP-12,data/raw/etd_varastro/html_snapshots/wasp_12_b/catalog_search_results.json,catalog_search_results.json,json,,catalog_search_api_response,WASP-12 b,skipped_existing,,2a995244d7165cdeab2bfce2ddc8c3713533c84ef318d6941e9a30bc56d6c2b2,922,Unmodified JSON returned by the public endpoint used by the VarAstro exoplanet catalog DataTable.
2026-06-13T21:39:24+00:00,ETD / VarAstro,https://var.astro.cz/en/Exoplanets/195,WASP-12 b,WASP-12,data/raw/etd_varastro/html_snapshots/wasp_12_b/planet_detail.html,planet_detail.html,html,,planet_detail_snapshot,WASP-12 b,skipped_existing,,62e489ce09ea89a97212d59cd682c60e389f98d848b976eb15db11f3f64c8943,37480,Unmodified public HTML response from VarAstro.
2026-06-13T21:39:28+00:00,ETD / VarAstro,https://var.astro.cz/api/OcGate/Exoplanets/195,WASP-12 b,WASP-12,data/raw/etd_varastro/extracted_metadata/wasp_12_b/observations_raw.json,observations_raw.json,json,,public_transit_observations_api_response,WASP-12 b,skipped_existing,,93a80c22660c9f73199236231696876f8e1eb679c2364133507426d75ced6a51,170181,Unmodified JSON returned by the public observations endpoint used by the VarAstro detail page.
2026-06-13T21:39:28+00:00,ETD / VarAstro,https://var.astro.cz/en/Exoplanets/195,WASP-12 b,WASP-12,data/raw/etd_varastro/extracted_metadata/wasp_12_b/observations_api_ab58b66f0ae9.csv,observations_api_ab58b66f0ae9.csv,csv,,extracted_public_metadata,WASP-12 b,skipped_existing,,ab58b66f0ae9e12554105e8140de07ac30f350c1dfbdfc123bf7e291b39f74aa,268672,Metadata extracted from public HTML tables. raw_metadata_json preserves each source row without inferred or estimated values.
2026-06-13T21:39:28+00:00,ETD / VarAstro,https://var.astro.cz/api/charts/observation/112362,WASP-12 b,WASP-12,data/raw/etd_varastro/downloaded_lightcurves/wasp_12_b/01_observation_112362_transit_23075.json,01_observation_112362_transit_23075.json,json,,ground_based_light_curve_api_json,WASP-12 b,skipped_existing,,2c0619103306ad4d5e44d7a6f96c2d629c73bf5b82fda74f83d07e50fac33514,23370,
2026-06-13T21:39:28+00:00,ETD / VarAstro,https://var.astro.cz/api/charts/observation/112218,WASP-12 b,WASP-12,data/raw/etd_varastro/downloaded_lightcurves/wasp_12_b/02_observation_112218_transit_23028.json,02_observation_112218_transit_23028.json,json,,ground_based_light_curve_api_json,WASP-12 b,skipped_existing,,65eeb36edcb46c234f0b1f5e7dc81a0ce6ddd279d8bc16a4b13820f6b623e37c,48655,
2026-06-13T21:39:28+00:00,ETD / VarAstro,https://var.astro.cz/api/charts/observation/112163,WASP-12 b,WASP-12,data/raw/etd_varastro/downloaded_lightcurves/wasp_12_b/03_observation_112163_transit_23006.json,03_observation_112163_transit_23006.json,json,,ground_based_light_curve_api_json,WASP-12 b,skipped_existing,,e9e52156b4b47a41b9b3699eb21020dbaa63b0a0e55b85f428a2c95b476e25cd,92439,
2026-06-13T21:39:28+00:00,ETD / VarAstro,https://var.astro.cz/api/charts/observation/111853,WASP-12 b,WASP-12,data/raw/etd_varastro/downloaded_lightcurves/wasp_12_b/04_observation_111853_transit_22830.json,04_observation_111853_transit_22830.json,json,,ground_based_light_curve_api_json,WASP-12 b,skipped_existing,,b2ef2b0c9a17814e4e2d53846716b648908072edfaef986f912233cb29abb44c,61875,
2026-06-13T21:39:28+00:00,ETD / VarAstro,https://var.astro.cz/api/charts/observation/111766,WASP-12 b,WASP-12,data/raw/etd_varastro/downloaded_lightcurves/wasp_12_b/05_observation_111766_transit_22790.json,05_observation_111766_transit_22790.json,json,,ground_based_light_curve_api_json,WASP-12 b,skipped_existing,,f52d099476ff00ca73085153f11cc2e03f5b45aac60f5d3711e3867f836e67fa,63316,
2026-06-13T21:39:28+00:00,ETD / VarAstro,https://var.astro.cz/en/Exoplanets/195,WASP-12 b,WASP-12,data/raw/etd_varastro/extracted_metadata/wasp_12_b/notes_api_8880f7552601.md,notes_api_8880f7552601.md,md,,collection_notes,WASP-12 b,downloaded,,8880f75526017d46ae53a28913995e26b6cbef77ce35d07de461925d3bcb2d4d,824,
2026-06-13T21:39:28+00:00,ETD / VarAstro,https://var.astro.cz/en/Exoplanets/195,WASP-12 b,WASP-12,data/raw/etd_varastro/manifests/wasp_12_b_manifest_api_5eb7becf4e62.csv,wasp_12_b_manifest_api_5eb7becf4e62.csv,csv,,source_manifest,WASP-12 b,downloaded,,5eb7becf4e62a9f3add00dcee4ba6892336f3ef395963e90b1a86ef1713cf9ce,3954,
2026-06-13T21:39:30+00:00,ETD / VarAstro,https://var.astro.cz/en/Exoplanets?name=WASP-10+b,WASP-10 b,WASP-10,data/raw/etd_varastro/html_snapshots/wasp_10_b/catalog_search.html,catalog_search.html,html,,catalog_search_snapshot,WASP-10 b,skipped_existing,,3c5c22d5c4925ddd6f9e324466eb73456a75c9a088474751324a2b4d4e73e0d7,26484,Unmodified public HTML response from VarAstro.
2026-06-13T21:39:33+00:00,ETD / VarAstro,https://var.astro.cz/api/Search/Exoplanets?pageId=1&pageSize=20&name=WASP-10+b,WASP-10 b,WASP-10,data/raw/etd_varastro/html_snapshots/wasp_10_b/catalog_search_results.json,catalog_search_results.json,json,,catalog_search_api_response,WASP-10 b,skipped_existing,,d2a2651fb3eef0cd69bec27f31ba192c8df7f6ffd6b3ba3d28bdb81e3cdce33e,823,Unmodified JSON returned by the public endpoint used by the VarAstro exoplanet catalog DataTable.
2026-06-13T21:39:35+00:00,ETD / VarAstro,https://var.astro.cz/en/Exoplanets/185,WASP-10 b,WASP-10,data/raw/etd_varastro/html_snapshots/wasp_10_b/planet_detail.html,planet_detail.html,html,,planet_detail_snapshot,WASP-10 b,skipped_existing,,470c0ce78b73869548fd1d30576ff8a685699004360f14baaf2e6d952bb3bd69,37228,Unmodified public HTML response from VarAstro.
2026-06-13T21:39:39+00:00,ETD / VarAstro,https://var.astro.cz/api/OcGate/Exoplanets/185,WASP-10 b,WASP-10,data/raw/etd_varastro/extracted_metadata/wasp_10_b/observations_raw.json,observations_raw.json,json,,public_transit_observations_api_response,WASP-10 b,skipped_existing,,624c8f01ad0a4f19dcc29cc575ec952f3a3aeecb7450661c471eef8e6a872aaa,106295,Unmodified JSON returned by the public observations endpoint used by the VarAstro detail page.
2026-06-13T21:39:39+00:00,ETD / VarAstro,https://var.astro.cz/en/Exoplanets/185,WASP-10 b,WASP-10,data/raw/etd_varastro/extracted_metadata/wasp_10_b/observations_api_684aa7540ad1.csv,observations_api_684aa7540ad1.csv,csv,,extracted_public_metadata,WASP-10 b,skipped_existing,,684aa7540ad12997c774002ecb52ff219b72042ed03676d9f608b833aafc5db6,167449,Metadata extracted from public HTML tables. raw_metadata_json preserves each source row without inferred or estimated values.
2026-06-13T21:39:39+00:00,ETD / VarAstro,https://var.astro.cz/api/charts/observation/111532,WASP-10 b,WASP-10,data/raw/etd_varastro/downloaded_lightcurves/wasp_10_b/01_observation_111532_transit_22675.json,01_observation_111532_transit_22675.json,json,,ground_based_light_curve_api_json,WASP-10 b,skipped_existing,,accfbee26824a4216c431ab0ebb338f857889423b853a84d9b3607206aaeee66,16061,
2026-06-13T21:39:39+00:00,ETD / VarAstro,https://var.astro.cz/api/charts/observation/110182,WASP-10 b,WASP-10,data/raw/etd_varastro/downloaded_lightcurves/wasp_10_b/02_observation_110182_transit_21989.json,02_observation_110182_transit_21989.json,json,,ground_based_light_curve_api_json,WASP-10 b,skipped_existing,,ddd50eb73ee80b8e4f4953b4cd449dd4a6d0b81ef7d8b79405cc95919fe6a4bf,24989,
2026-06-13T21:39:39+00:00,ETD / VarAstro,https://var.astro.cz/api/charts/observation/107114,WASP-10 b,WASP-10,data/raw/etd_varastro/downloaded_lightcurves/wasp_10_b/03_observation_107114_transit_20495.json,03_observation_107114_transit_20495.json,json,,ground_based_light_curve_api_json,WASP-10 b,skipped_existing,,d1d01baf09da02cfeaf2fe4fe21e77f25ee4e02708ff18ffc9d4a69efd0e649c,32045,
2026-06-13T21:39:39+00:00,ETD / VarAstro,https://var.astro.cz/api/charts/observation/98654,WASP-10 b,WASP-10,data/raw/etd_varastro/downloaded_lightcurves/wasp_10_b/04_observation_98654_transit_20318.json,04_observation_98654_transit_20318.json,json,,ground_based_light_curve_api_json,WASP-10 b,skipped_existing,,0f3a536f294fdda0827265650b02ebbb80fa99c4d30319e20ec09b799814bebd,28422,
2026-06-13T21:39:39+00:00,ETD / VarAstro,https://var.astro.cz/api/charts/observation/98657,WASP-10 b,WASP-10,data/raw/etd_varastro/downloaded_lightcurves/wasp_10_b/05_observation_98657_transit_20311.json,05_observation_98657_transit_20311.json,json,,ground_based_light_curve_api_json,WASP-10 b,skipped_existing,,be9662188698f95bce11f083623102976dd0321f1f368bd7ba47011e4149c8f8,10974,
2026-06-13T21:39:39+00:00,ETD / VarAstro,https://var.astro.cz/en/Exoplanets/185,WASP-10 b,WASP-10,data/raw/etd_varastro/extracted_metadata/wasp_10_b/notes_api_045f532fd7ee.md,notes_api_045f532fd7ee.md,md,,collection_notes,WASP-10 b,downloaded,,045f532fd7ee2c16445a60cbff6d32230c84250c0a5000437fa7b5b61a5aecb9,824,
2026-06-13T21:39:39+00:00,ETD / VarAstro,https://var.astro.cz/en/Exoplanets/185,WASP-10 b,WASP-10,data/raw/etd_varastro/manifests/wasp_10_b_manifest_api_471b9a480750.csv,wasp_10_b_manifest_api_471b9a480750.csv,csv,,source_manifest,WASP-10 b,downloaded,,471b9a4807503963c8118b5c856393fbef063b66769b430f33dc38da456af552,3950,
2026-06-13T21:39:41+00:00,ETD / VarAstro,https://var.astro.cz/en/Exoplanets?name=WASP-4+b,WASP-4 b,WASP-4,data/raw/etd_varastro/html_snapshots/wasp_4_b/catalog_search.html,catalog_search.html,html,,catalog_search_snapshot,WASP-4 b,skipped_existing,,a1490b9431d54661669078e1dd7041e11c64782bc43f2d9703ede6b227e7fba7,26479,Unmodified public HTML response from VarAstro.
2026-06-13T21:39:44+00:00,ETD / VarAstro,https://var.astro.cz/api/Search/Exoplanets?pageId=1&pageSize=20&name=WASP-4+b,WASP-4 b,WASP-4,data/raw/etd_varastro/html_snapshots/wasp_4_b/catalog_search_results.json,catalog_search_results.json,json,,catalog_search_api_response,WASP-4 b,skipped_existing,,55651cda7f00754dd0a8f60a56dfe2f151bc01215eedbe038fae6e606464b066,840,Unmodified JSON returned by the public endpoint used by the VarAstro exoplanet catalog DataTable.
2026-06-13T21:39:46+00:00,ETD / VarAstro,https://var.astro.cz/en/Exoplanets/163,WASP-4 b,WASP-4,data/raw/etd_varastro/html_snapshots/wasp_4_b/planet_detail.html,planet_detail.html,html,,planet_detail_snapshot,WASP-4 b,skipped_existing,,6fe0085bc68b901b5d6265ab7572beff17772144f5e0336504e7eff6a9ac88a5,37351,Unmodified public HTML response from VarAstro.
2026-06-13T21:39:49+00:00,ETD / VarAstro,https://var.astro.cz/api/OcGate/Exoplanets/163,WASP-4 b,WASP-4,data/raw/etd_varastro/extracted_metadata/wasp_4_b/observations_raw.json,observations_raw.json,json,,public_transit_observations_api_response,WASP-4 b,skipped_existing,,bcb12073647ff51e9a7197294822051a3d5a904771aed4ec87b90662c61d5c98,34735,Unmodified JSON returned by the public observations endpoint used by the VarAstro detail page.
2026-06-13T21:39:49+00:00,ETD / VarAstro,https://var.astro.cz/en/Exoplanets/163,WASP-4 b,WASP-4,data/raw/etd_varastro/extracted_metadata/wasp_4_b/observations_api_7660b4303337.csv,observations_api_7660b4303337.csv,csv,,extracted_public_metadata,WASP-4 b,skipped_existing,,7660b4303337517aa49eb148c20946b4d55f93f2fb55b1a5a463dd591a7c8156,54962,Metadata extracted from public HTML tables. raw_metadata_json preserves each source row without inferred or estimated values.
2026-06-13T21:39:49+00:00,ETD / VarAstro,https://var.astro.cz/api/charts/observation/106863,WASP-4 b,WASP-4,data/raw/etd_varastro/downloaded_lightcurves/wasp_4_b/01_observation_106863_transit_20322.json,01_observation_106863_transit_20322.json,json,,ground_based_light_curve_api_json,WASP-4 b,skipped_existing,,1446fefacbe2eb3a7a4b80d16c8c7138d68383d8f8ce869e25c9f096ff3a1ba0,33948,
2026-06-13T21:39:49+00:00,ETD / VarAstro,https://var.astro.cz/api/charts/observation/111591,WASP-4 b,WASP-4,data/raw/etd_varastro/downloaded_lightcurves/wasp_4_b/02_observation_111591_transit_22705.json,02_observation_111591_transit_22705.json,json,,ground_based_light_curve_api_json,WASP-4 b,skipped_existing,,744067b541c5819e679daf3fa54872508d638116ad65836fb01998e2b5e40e38,146804,
2026-06-13T21:39:49+00:00,ETD / VarAstro,https://var.astro.cz/api/charts/observation/94145,WASP-4 b,WASP-4,data/raw/etd_varastro/downloaded_lightcurves/wasp_4_b/03_observation_94145_transit_12583.json,03_observation_94145_transit_12583.json,json,,ground_based_light_curve_api_json,WASP-4 b,skipped_existing,,291bd65710a8bc7bf721891df1a27f1aca2a2b9b9f8e96d56cfb1ae431252f1c,128457,
2026-06-13T21:39:49+00:00,ETD / VarAstro,https://var.astro.cz/api/charts/observation/92847,WASP-4 b,WASP-4,data/raw/etd_varastro/downloaded_lightcurves/wasp_4_b/04_observation_92847_transit_11278.json,04_observation_92847_transit_11278.json,json,,ground_based_light_curve_api_json,WASP-4 b,skipped_existing,,24f6a40fa682604d2a8fd8d4d9700b066fcdf29ccebd53077b6a2b91b05d029f,16778,
2026-06-13T21:39:49+00:00,ETD / VarAstro,https://var.astro.cz/api/charts/observation/92260,WASP-4 b,WASP-4,data/raw/etd_varastro/downloaded_lightcurves/wasp_4_b/05_observation_92260_transit_10684.json,05_observation_92260_transit_10684.json,json,,ground_based_light_curve_api_json,WASP-4 b,skipped_existing,,811694b0b147cc12d5635c25de32f1fb1db95f25f2916d66ae5ea424fde319b4,42315,
2026-06-13T21:39:49+00:00,ETD / VarAstro,https://var.astro.cz/en/Exoplanets/163,WASP-4 b,WASP-4,data/raw/etd_varastro/extracted_metadata/wasp_4_b/notes_api_e9fbe656597d.md,notes_api_e9fbe656597d.md,md,,collection_notes,WASP-4 b,downloaded,,e9fbe656597db3e44fdbc1a6a0fbbe2dc4f74dbcc2d8e664a416c1113bfbabe3,818,
2026-06-13T21:39:49+00:00,ETD / VarAstro,https://var.astro.cz/en/Exoplanets/163,WASP-4 b,WASP-4,data/raw/etd_varastro/manifests/wasp_4_b_manifest_api_895785bb5bbe.csv,wasp_4_b_manifest_api_895785bb5bbe.csv,csv,,source_manifest,WASP-4 b,downloaded,,895785bb5bbe2a36460dc6006d426a529a172e6ec8ed93b63dbe3fe9c0ac42f1,3912,
2026-06-13T21:39:51+00:00,ETD / VarAstro,https://var.astro.cz/en/Exoplanets?name=HAT-P-32+b,HAT-P-32 b,HAT-P-32,data/raw/etd_varastro/html_snapshots/hat_p_32_b/catalog_search.html,catalog_search.html,html,,catalog_search_snapshot,HAT-P-32 b,skipped_existing,,69e322bf9f565f6c481f6b17223c6c1abd7fa989e59b1b70fb903c2e1778e7b6,26489,Unmodified public HTML response from VarAstro.
2026-06-13T21:39:51+00:00,ETD / VarAstro,https://var.astro.cz/api/Search/Exoplanets?pageId=1&pageSize=20&name=HAT-P-32+b,HAT-P-32 b,HAT-P-32,data/raw/etd_varastro/html_snapshots/hat_p_32_b/catalog_search_results.json,catalog_search_results.json,json,,catalog_search_api_response,HAT-P-32 b,skipped_existing,,e1851dab60245eae1785c0f099f9064c6f1299789520d391d72d65cfd0502706,803,Unmodified JSON returned by the public endpoint used by the VarAstro exoplanet catalog DataTable.
2026-06-13T21:39:54+00:00,ETD / VarAstro,https://var.astro.cz/en/Exoplanets/348,HAT-P-32 b,HAT-P-32,data/raw/etd_varastro/html_snapshots/hat_p_32_b/planet_detail.html,planet_detail.html,html,,planet_detail_snapshot,HAT-P-32 b,skipped_existing,,b72b7dc3c5e7ec104507626e0056e77e8433bf376a2e424378c87ec0e011f836,37338,Unmodified public HTML response from VarAstro.
2026-06-13T21:39:58+00:00,ETD / VarAstro,https://var.astro.cz/api/OcGate/Exoplanets/348,HAT-P-32 b,HAT-P-32,data/raw/etd_varastro/extracted_metadata/hat_p_32_b/observations_raw.json,observations_raw.json,json,,public_transit_observations_api_response,HAT-P-32 b,skipped_existing,,6eb3d9ce9f7ea8c5080b4604aa5e4c55e0ead45068113de49768d03d3d24135e,96433,Unmodified JSON returned by the public observations endpoint used by the VarAstro detail page.
2026-06-13T21:39:58+00:00,ETD / VarAstro,https://var.astro.cz/en/Exoplanets/348,HAT-P-32 b,HAT-P-32,data/raw/etd_varastro/extracted_metadata/hat_p_32_b/observations_api_181bc6ffcd20.csv,observations_api_181bc6ffcd20.csv,csv,,extracted_public_metadata,HAT-P-32 b,skipped_existing,,181bc6ffcd20ae908659a3cf9ade1cd8207266aae82ce3fdb185060236ebc8f6,152172,Metadata extracted from public HTML tables. raw_metadata_json preserves each source row without inferred or estimated values.
2026-06-13T21:39:58+00:00,ETD / VarAstro,https://var.astro.cz/api/charts/observation/111341,HAT-P-32 b,HAT-P-32,data/raw/etd_varastro/downloaded_lightcurves/hat_p_32_b/01_observation_111341_transit_22572.json,01_observation_111341_transit_22572.json,json,,ground_based_light_curve_api_json,HAT-P-32 b,skipped_existing,,e0179bff5305390879b178ca35973a3a9100165a9c595b1529cd8e124eb23164,47539,
2026-06-13T21:39:58+00:00,ETD / VarAstro,https://var.astro.cz/api/charts/observation/111051,HAT-P-32 b,HAT-P-32,data/raw/etd_varastro/downloaded_lightcurves/hat_p_32_b/02_observation_111051_transit_22462.json,02_observation_111051_transit_22462.json,json,,ground_based_light_curve_api_json,HAT-P-32 b,skipped_existing,,c0b6ad69e73a3d75215426a1409a2396b1459bfeec2249e718564a99af1c7074,103637,
2026-06-13T21:39:58+00:00,ETD / VarAstro,https://var.astro.cz/api/charts/observation/110849,HAT-P-32 b,HAT-P-32,data/raw/etd_varastro/downloaded_lightcurves/hat_p_32_b/03_observation_110849_transit_22316.json,03_observation_110849_transit_22316.json,json,,ground_based_light_curve_api_json,HAT-P-32 b,skipped_existing,,474b6e85e23ce7346feeb44198f6a4970bae133320ccb58363c66db95e9380d0,78340,
2026-06-13T21:39:58+00:00,ETD / VarAstro,https://var.astro.cz/api/charts/observation/107460,HAT-P-32 b,HAT-P-32,data/raw/etd_varastro/downloaded_lightcurves/hat_p_32_b/04_observation_107460_transit_20719.json,04_observation_107460_transit_20719.json,json,,ground_based_light_curve_api_json,HAT-P-32 b,skipped_existing,,a1ae40c82b10fc9d9326db259bd309a9a95741cadaebde39e5d18a87ebcb8b2d,184791,
2026-06-13T21:39:58+00:00,ETD / VarAstro,https://var.astro.cz/api/charts/observation/107204,HAT-P-32 b,HAT-P-32,data/raw/etd_varastro/downloaded_lightcurves/hat_p_32_b/05_observation_107204_transit_20550.json,05_observation_107204_transit_20550.json,json,,ground_based_light_curve_api_json,HAT-P-32 b,skipped_existing,,19ba16d5c2caf304e03250876e1cf6ef1cdf8f06a96cfec80a0adfb730f6a736,48219,
2026-06-13T21:39:58+00:00,ETD / VarAstro,https://var.astro.cz/en/Exoplanets/348,HAT-P-32 b,HAT-P-32,data/raw/etd_varastro/extracted_metadata/hat_p_32_b/notes_api_6ff24b1b8dc8.md,notes_api_6ff24b1b8dc8.md,md,,collection_notes,HAT-P-32 b,downloaded,,6ff24b1b8dc885cfb0f1650a0b8ae798e26d82d03b5845d5d88ca6e916690a01,829,
2026-06-13T21:39:58+00:00,ETD / VarAstro,https://var.astro.cz/en/Exoplanets/348,HAT-P-32 b,HAT-P-32,data/raw/etd_varastro/manifests/hat_p_32_b_manifest_api_2dbe93076aae.csv,hat_p_32_b_manifest_api_2dbe93076aae.csv,csv,,source_manifest,HAT-P-32 b,downloaded,,2dbe93076aae2635a9be1accf3b962fa229a65398bd826463fd7f1bc8bf291c4,3990,
