phase,time,exposure_time_seconds,segment_id,normalized_flux,normalized_flux_err,raw_flux,raw_flux_err
-0.15000000000000002,-0.14999999999999999,120,synthetic_segment_000,0.99852570777279681,0.00016001775418857014,0.97844662158093243,0.00015680000000000002
-0.1479166666666667,-0.14791666666666667,120,synthetic_segment_000,1.0000485922300288,0.0001602946015141559,0.97993888276222973,0.00015707128027681662
-0.14583333333333331,-0.14583333333333331,120,synthetic_segment_000,0.99968797012552435,0.00016057144883974169,0.97958551231110058,0.00015734256055363325
-0.14374999999999999,-0.14374999999999999,120,synthetic_segment_000,0.9991526933150614,0.0001608482961653274,0.97906099923874679,0.00015761384083044983
-0.14166666666666666,-0.14166666666666666,120,synthetic_segment_000,1.0009349038667075,0.00016112514349091316,0.98080737179543698,0.00015788512110726644
-0.13958333333333334,-0.13958333333333334,120,synthetic_segment_000,0.99957156522340918,0.00016140199081649892,0.979471448164005,0.00015815640138408304
-0.13749999999999996,-0.13749999999999998,120,synthetic_segment_000,0.9983032354169763,0.00016167883814208471,0.97822862286216816,0.00015842768166089968
-0.13541666666666663,-0.13541666666666666,120,synthetic_segment_000,0.99971183250732931,0.0001619556854676705,0.97960889485065683,0.00015869896193771631
-0.1333333333333333,-0.13333333333333333,120,synthetic_segment_000,0.99947495569082401,0.00016223253279325621,0.97937678132665207,0.00015897024221453286
-0.13124999999999998,-0.13125000000000001,120,synthetic_segment_000,0.99991428790532388,0.00016250938011884197,0.97980727912724241,0.00015924152249134949
-0.12916666666666665,-0.12916666666666665,120,synthetic_segment_000,0.99945130677662641,0.00016278622744442774,0.97935360796214022,0.0001595128027681661
-0.12708333333333333,-0.12708333333333333,120,synthetic_segment_000,0.99850696800786176,0.00016306307477001353,0.97842825864891458,0.00015978408304498273
-0.125,-0.125,120,synthetic_segment_000,0.99978959147578073,0.00016333992209559926,0.97968509018482464,0.00016005536332179931
-0.12291666666666667,-0.12291666666666666,120,synthetic_segment_000,0.99983615314516949,0.00016361676942118505,0.97973071555806635,0.00016032664359861594
-0.12083333333333335,-0.12083333333333332,120,synthetic_segment_000,1.0008819759790504,0.00016389361674677078,0.98075550822050606,0.00016059792387543252
-0.11875000000000002,-0.11874999999999999,120,synthetic_segment_000,1.0000796808559735,0.00016417046407235655,0.97996934623531651,0.00016086920415224915
-0.1166666666666667,-0.11666666666666667,120,synthetic_segment_000,1.0010336208334032,0.00016444731139794234,0.98090410368907199,0.00016114048442906578
-0.11458333333333331,-0.11458333333333333,120,synthetic_segment_000,1.0004795334729031,0.00016472415872352807,0.98036115832299697,0.00016141176470588236
-0.11249999999999999,-0.11249999999999999,120,synthetic_segment_000,1.0010529794550782,0.00016500100604911386,0.98092307303340531,0.00016168304498269899
-0.11041666666666666,-0.11041666666666666,120,synthetic_segment_000,1.0015562835541179,0.0001652778533746996,0.98141625632503182,0.00016195432525951557
-0.10833333333333334,-0.10833333333333334,120,synthetic_segment_000,1.0009022926014715,0.00016555470070028539,0.98077541630140475,0.0001622256055363322
-0.10625000000000001,-0.10625,120,synthetic_segment_000,1.000809180962005,0.00016583154802587112,0.98068417701897403,0.00016249688581314881
-0.10416666666666663,-0.10416666666666666,120,synthetic_segment_000,1.0004750938752984,0.00016610839535145688,0.98035680800007219,0.00016276816608996541
-0.1020833333333333,-0.10208333333333333,120,synthetic_segment_000,1.0004256334311006,0.00016638524267704265,0.98030834214270823,0.00016303944636678202
-0.099999999999999978,-0.099999999999999992,120,synthetic_segment_000,1.0003900445305847,0.00016666209000262841,0.98027346888986688,0.00016331072664359862
-0.097916666666666652,-0.097916666666666652,120,synthetic_segment_000,1.000774441895963,0.00016693893732821417,0.98065013651151278,0.00016358200692041523
-0.095833333333333326,-0.095833333333333326,120,synthetic_segment_000,1.0012472989609513,0.00016721578465379993,0.98111348502034645,0.00016385328719723184
-0.09375,-0.09375,120,synthetic_segment_000,1.0003773388299835,0.0001674926319793857,0.98026101868479842,0.00016412456747404847
-0.091666666666666674,-0.09166666666666666,120,synthetic_segment_000,1.0001743183284693,0.00016776947930497146,0.98006208066820866,0.00016439584775086507
-0.089583333333333348,-0.08958333333333332,120,synthetic_segment_000,0.99906637951243271,0.00016804632663055722,0.97897642109727245,0.00016466712802768168
-0.087500000000000022,-0.087499999999999994,120,synthetic_segment_000,0.99898500373422428,0.00016832317395614298,0.97889668168280686,0.00016493840830449828
-0.085416666666666696,-0.085416666666666669,120,synthetic_segment_000,0.99917212270152034,0.00016860002128172874,0.97908003792487397,0.00016520968858131489
-0.083333333333333315,-0.083333333333333329,120,synthetic_segment_000,0.99988277240289758,0.00016887686860731448,0.97977639736161892,0.00016548096885813149
-0.081249999999999989,-0.081249999999999989,120,synthetic_segment_000,0.99911432262078537,0.00016915371593290027,0.97902340013049172,0.00016575224913494813
-0.079166666666666663,-0.079166666666666663,120,synthetic_segment_000,0.99995312479020459,0.000169430563258486,0.9798453350516001,0.0001660235294117647
-0.077083333333333337,-0.077083333333333323,120,synthetic_segment_000,0.99954787008485257,0.00016970741058407179,0.97944822950464738,0.00016629480968858134
-0.075000000000000011,-0.074999999999999997,120,synthetic_segment_000,0.99978234346507,0.00016998425790965753,0.97967798792242133,0.00016656608996539791
-0.07291666666666663,-0.072916666666666657,120,synthetic_segment_000,0.99828338202038713,0.00017026110523524332,0.97820916869221697,0.00016683737024221455
-0.070833333333333304,-0.070833333333333331,120,synthetic_segment_000,0.99931669129859091,0.00017053795256082911,0.97922169943072135,0.00016710865051903118
-0.068749999999999978,-0.068749999999999992,120,synthetic_segment_000,1.0000222239804222,0.00017081479988641482,0.97991304474469665,0.00016737993079584776
-0.066666666666666652,-0.066666666666666666,120,synthetic_segment_000,0.99937911703333082,0.00017109164721200058,0.97928286986307023,0.00016765121107266436
-0.064583333333333326,-0.064583333333333326,120,synthetic_segment_000,1.0002949107476704,0.00017136849453758634,0.98018024812672977,0.00016792249134948097
-0.0625,-0.0625,120,synthetic_segment_000,1.000385274991775,0.00017164534186317213,0.98026879526043653,0.0001681937716262976
-0.060416666666666674,-0.06041666666666666,120,synthetic_segment_000,1.0013600655131463,0.00017192218918875789,0.98122398398012645,0.00016846505190311421
-0.058333333333333348,-0.058333333333333334,120,synthetic_segment_000,1.0014132332579306,0.00017219903651434363,0.98127608258896182,0.00016873633217993081
-0.056250000000000022,-0.056249999999999994,120,synthetic_segment_000,1.0000165244703361,0.00017247588383992936,0.97990745984453342,0.00016900761245674739
-0.054166666666666696,-0.054166666666666669,120,synthetic_segment_000,1.000695508907139,0.00017275273116551515,0.98057279076503379,0.00016927889273356402
-0.052083333333333315,-0.052083333333333329,120,synthetic_segment_000,1.0015973500519344,0.00017302957849110094,0.98145649702763582,0.00016955017301038065
-0.049999999999999989,-0.049999999999999989,120,synthetic_segment_000,1.0011592091786401,0.0001733064258166867,0.9810271666118896,0.00016982145328719726
-0.047916666666666663,-0.047916666666666663,120,synthetic_segment_000,1.0014405350030366,0.00017358327314227244,0.98130283533058305,0.00017009273356401384
-0.045833333333333337,-0.045833333333333323,120,synthetic_segment_000,1.0011001599558806,0.00017386012046785817,0.98096930479414546,0.00017036401384083044
-0.043750000000000011,-0.043749999999999997,120,synthetic_segment_000,1.0007295990992409,0.00017413696779344396,0.98060619544658734,0.00017063529411764708
-0.04166666666666663,-0.041666666666666657,120,synthetic_segment_000,1.0005776635649395,0.00017441381511902973,0.98045731514327816,0.00017090657439446368
-0.039583333333333304,-0.039583333333333331,120,synthetic_segment_000,1.0005981459398396,0.00017469066244461549,0.98047738564358378,0.00017117785467128029
-0.037499999999999978,-0.037499999999999992,120,synthetic_segment_000,1.0011101686743249,0.00017496750977020125,0.98097911224994938,0.00017144913494809689
-0.035416666666666652,-0.035416666666666666,120,synthetic_segment_000,1.0005134909818552,0.00017524435709578701,0.98039443298949069,0.0001717204152249135
-0.033333333333333326,-0.033333333333333326,120,synthetic_segment_000,0.99979326740215857,0.00017552120442137275,0.97968869219298282,0.0001719916955017301
-0.03125,-0.03125,120,synthetic_segment_000,1.0004036063248398,0.00017579805174695854,0.98028675797363141,0.00017226297577854673
-0.029166666666666674,-0.02916666666666666,120,synthetic_segment_000,0.99970872527946686,0.0001760748990725443,0.97960585010520773,0.00017253425605536334
-0.027083333333333348,-0.027083333333333334,120,synthetic_segment_000,0.99917814472709332,0.00017635174639813006,0.9790859388551465,0.00017280553633217994
-0.025000000000000022,-0.024999999999999994,120,synthetic_segment_000,0.99959082614041583,0.00017662859372371583,0.97949032176838702,0.00017307681660899655
-0.022916666666666696,-0.022916666666666669,120,synthetic_segment_000,1.0004252861100202,0.00017690544104930159,0.98030800180581446,0.00017334809688581316
-0.02083333333333337,-0.020833333333333343,120,synthetic_segment_000,0.99729348568909582,0.00017718228837488735,0.97723917792129567,0.00017361937716262979
-0.018749999999999989,-0.018749999999999989,120,synthetic_segment_000,0.99470549501590488,0.00017745913570047308,0.97470322845984936,0.00017389065743944637
-0.016666666666666663,-0.016666666666666663,120,synthetic_segment_000,0.99414233830811705,0.00017773598302605887,0.9741513961195637,0.000174161937716263
-0.014583333333333337,-0.014583333333333337,120,synthetic_segment_000,0.99346035326570392,0.00017801283035164461,0.9734831249318282,0.00017443321799307958
-0.012499999999999956,-0.012499999999999983,120,synthetic_segment_000,0.99355346542393719,0.0001782896776772304,0.97357436472259395,0.00017470449826989621
-0.01041666666666663,-0.010416666666666657,120,synthetic_segment_000,0.99402738605823415,0.00017856652500281613,0.97403875541370555,0.00017497577854671279
-0.0083333333333333037,-0.0083333333333333315,120,synthetic_segment_000,0.99368937947276259,0.0001788433723284019,0.97370754571219031,0.00017524705882352942
-0.0062499999999999778,-0.0062500000000000056,120,synthetic_segment_000,0.99422378267796319,0.00017912021965398769,0.97423120274637609,0.00017551833910034605
-0.0041666666666666519,-0.0041666666666666519,120,synthetic_segment_000,0.99447965031591101,0.00017939706697957342,0.97448192521047805,0.00017578961937716263
-0.0020833333333333259,-0.0020833333333333259,120,synthetic_segment_000,0.99545289275884719,0.00017967391430515921,0.97543559698162763,0.00017606089965397926
0,0,120,synthetic_segment_000,0.99517886883966189,0.00017995076163074495,0.97516708333608793,0.00017633217993079584
0.0020833333333333259,0.0020833333333333259,120,synthetic_segment_000,0.99520640458299892,0.00018022760895633074,0.97519406537053233,0.00017660346020761247
0.0041666666666666519,0.0041666666666666796,120,synthetic_segment_000,0.9953624637551447,0.00018050445628191647,0.97534698639055628,0.00017687474048442908
0.0062499999999999778,0.0062500000000000056,120,synthetic_segment_000,0.99511034270222887,0.00018078130360750226,0.97509993517241078,0.00017714602076124571
0.0083333333333333037,0.0083333333333333315,120,synthetic_segment_000,0.99544912372783068,0.000181058150933088,0.97543190374104705,0.00017741730103806229
0.01041666666666663,0.010416666666666657,120,synthetic_segment_000,0.99541516644632588,0.00018133499825867376,0.97539862929742693,0.00017768858131487889
0.012499999999999956,0.012500000000000011,120,synthetic_segment_000,0.9959312844707302,0.00018161184558425955,0.97590436884262288,0.00017795986159169553
0.014583333333333393,0.014583333333333337,120,synthetic_segment_000,0.9963859734974615,0.00018188869290984531,0.97634991464941789,0.00017823114186851213
0.016666666666666607,0.016666666666666663,120,synthetic_segment_000,0.99573617821982641,0.00018216554023543104,0.97571318593109624,0.00017850242214532874
0.018750000000000044,0.018750000000000017,120,synthetic_segment_000,0.99731900389957806,0.00018244238756101678,0.97726418299291351,0.00017877370242214531
0.02083333333333337,0.020833333333333343,120,synthetic_segment_000,0.99755669853067541,0.00018271923488660257,0.97749709788629557,0.00017904498269896195
0.022916666666666696,0.022916666666666669,120,synthetic_segment_000,1.0004735277873251,0.00018299608221218833,0.98035527340414275,0.00017931626297577855
0.025000000000000022,0.024999999999999994,120,synthetic_segment_000,1.0005835184285365,0.00018327292953777412,0.98046305227299035,0.00017958754325259518
0.027083333333333348,0.027083333333333348,120,synthetic_segment_000,0.99978742490712325,0.00018354977686335983,0.97968296718311643,0.00017985882352941176
0.029166666666666674,0.029166666666666674,120,synthetic_segment_000,0.99911995853311708,0.00018382662418894559,0.97902892271177078,0.00018013010380622837
0.03125,0.03125,120,synthetic_segment_000,0.99965909705190403,0.00018410347151453135,0.9795572198383895,0.00018040138408304497
0.033333333333333326,0.033333333333333326,120,synthetic_segment_000,0.99917175061434127,0.00018438031884011714,0.97907967331989632,0.00018067266435986161
0.035416666666666652,0.03541666666666668,120,synthetic_segment_000,0.9993139603459833,0.00018465716616570293,0.97921902339410871,0.00018094394463667824
0.037499999999999978,0.037500000000000006,120,synthetic_segment_000,0.99871270089135866,0.00018493401349128867,0.97862985450492379,0.00018121522491349482
0.039583333333333304,0.039583333333333331,120,synthetic_segment_000,0.9992001324053702,0.0001852108608168744,0.97910748438908612,0.00018148650519031142
0.04166666666666663,0.041666666666666657,120,synthetic_segment_000,0.99932435037038958,0.00018548770814246017,0.9792292044882952,0.00018175778546712803
0.043749999999999956,0.043750000000000011,120,synthetic_segment_000,0.99887677538796849,0.00018576455546804595,0.97879062967139752,0.00018202906574394466
0.045833333333333393,0.045833333333333337,120,synthetic_segment_000,0.99884889085933426,0.00018604140279363172,0.97876330586528604,0.00018230034602076126
0.047916666666666607,0.047916666666666663,120,synthetic_segment_000,0.99991274147537845,0.00018631825011921748,0.97980576379404283,0.00018257162629757787
0.050000000000000044,0.050000000000000017,120,synthetic_segment_000,0.99951279848182828,0.00018659509744480324,0.9794138631471011,0.00018284290657439448
0.05208333333333337,0.052083333333333343,120,synthetic_segment_000,0.99999768486368368,0.00018687194477038898,0.97988899907848859,0.00018311418685121108
0.054166666666666696,0.054166666666666669,120,synthetic_segment_000,1.0002016625260512,0.00018714879209597474,0.98008887500864028,0.00018338546712802769
0.056250000000000022,0.056249999999999994,120,synthetic_segment_000,1.0007503730136209,0.0001874256394215605,0.98062655162388346,0.00018365674740484429
0.058333333333333348,0.058333333333333348,120,synthetic_segment_000,1.0007555774849499,0.00018770248674714629,0.98063165143989151,0.00018392802768166092
0.060416666666666674,0.060416666666666674,120,synthetic_segment_000,1.0001282170459582,0.00018797933407273203,0.98001690642404804,0.0001841993079584775
0.0625,0.0625,120,synthetic_segment_000,1.0012179276570472,0.00018825618139831782,0.98108470433613104,0.00018447058823529413
0.064583333333333326,0.064583333333333326,120,synthetic_segment_000,1.0017901863161163,0.00018853302872390355,0.98164545559899574,0.00018474186851211074
0.066666666666666652,0.06666666666666668,120,synthetic_segment_000,1.0013829852735892,0.00018880987604948931,0.98124644285324136,0.00018501314878892734
0.068749999999999978,0.068750000000000006,120,synthetic_segment_000,1.0009621111721334,0.00018908672337507508,0.98083403199644037,0.00018528442906574395
0.070833333333333304,0.070833333333333331,120,synthetic_segment_000,1.0018635388485435,0.00018936357070066087,0.9817173331049821,0.00018555570934256058
0.07291666666666663,0.072916666666666657,120,synthetic_segment_000,1.0008995145329596,0.0001896404180262466,0.98077269409632906,0.00018582698961937716
0.074999999999999956,0.075000000000000011,120,synthetic_segment_000,1.0003707498234486,0.00018991726535183239,0.98025456217483231,0.00018609826989619379
0.077083333333333393,0.077083333333333337,120,synthetic_segment_000,1.0014363785011247,0.0001901941126774181,0.9812987624106555,0.00018636955017301037
0.079166666666666607,0.079166666666666663,120,synthetic_segment_000,1.0002786361040736,0.00019047096000300389,0.98016430074558514,0.000186640830449827
0.081250000000000044,0.081249999999999989,120,synthetic_segment_000,1.0005581565837252,0.00019074780732858965,0.98043820042272789,0.00018691211072664361
0.08333333333333337,0.083333333333333343,120,synthetic_segment_000,1.0000356664565453,0.00019102465465417541,0.97992621690966553,0.00018718339100346021
0.085416666666666696,0.085416666666666669,120,synthetic_segment_000,0.99946013997678718,0.00019130150197976117,0.97936226353784328,0.00018745467128027682
0.087500000000000022,0.087499999999999994,120,synthetic_segment_000,1.0000304135027898,0.00019157834930534694,0.97992106958615111,0.00018772595155709342
0.089583333333333348,0.089583333333333348,120,synthetic_segment_000,0.99891429440886936,0.0001918551966309327,0.97882739423234943,0.00018799723183391006
0.091666666666666674,0.091666666666666674,120,synthetic_segment_000,0.9999288346940769,0.00019213204395651846,0.97982153339851397,0.00018826851211072666
0.09375,0.09375,120,synthetic_segment_000,0.99932495089072793,0.00019240889128210422,0.97922979293293078,0.00018853979238754327
0.095833333333333326,0.095833333333333326,120,synthetic_segment_000,0.99842762775910088,0.00019268573860768996,0.9783505138319798,0.00018881107266435985
0.097916666666666652,0.09791666666666668,120,synthetic_segment_000,0.99940655418034385,0.00019296258593327575,0.97930975528383779,0.00018908235294117648
0.099999999999999978,0.10000000000000001,120,synthetic_segment_000,0.9987035348219776,0.00019323943325886154,0.97862087275357856,0.00018935363321799311
0.1020833333333333,0.10208333333333333,120,synthetic_segment_000,1.0000122823407818,0.00019351628058444725,0.97990330301882689,0.00018962491349480969
0.10416666666666663,0.10416666666666666,120,synthetic_segment_000,0.9995546811464322,0.00019379312791003301,0.97945490360441279,0.00018989619377162629
0.10624999999999996,0.10624999999999998,120,synthetic_segment_000,0.99937153802064649,0.00019406997523561877,0.97927544325472338,0.0001901674740484429
0.10833333333333328,0.10833333333333331,120,synthetic_segment_000,0.99919855218428033,0.00019434682256120456,0.97910593594423923,0.00019043875432525953
0.11041666666666672,0.11041666666666669,120,synthetic_segment_000,0.999512768962183,0.00019462366988679032,0.97941383422105843,0.00019071003460207614
0.11250000000000004,0.11250000000000002,120,synthetic_segment_000,0.99952619499140549,0.00019490051721237608,0.97942699026985292,0.00019098131487889274
0.11458333333333337,0.11458333333333334,120,synthetic_segment_000,0.99972390949330991,0.00019517736453796182,0.97962072898375885,0.00019125259515570935
0.1166666666666667,0.11666666666666667,120,synthetic_segment_000,1.0004931776414516,0.00019545421186354758,0.98037452812461212,0.00019152387543252595
0.11875000000000002,0.11874999999999999,120,synthetic_segment_000,0.99942460589000837,0.00019573105918913334,0.9793274439965044,0.00019179515570934256
0.12083333333333335,0.12083333333333332,120,synthetic_segment_000,1.000323187714953,0.00019600790651471913,0.98020795648004599,0.00019206643598615919
0.12291666666666667,0.12291666666666665,120,synthetic_segment_000,0.99998771765921812,0.0001962847538403049,0.9798792323018698,0.0001923377162629758
0.125,0.12500000000000003,120,synthetic_segment_000,1.0007965154324874,0.00019656160116589063,0.98067176617719953,0.00019260899653979237
0.12708333333333333,0.12708333333333335,120,synthetic_segment_000,1.0009514171436897,0.00019683844849147639,0.98082355301135238,0.00019288027681660901
0.12916666666666665,0.12916666666666668,120,synthetic_segment_000,1.0011737498197835,0.00019711529581706216,0.98104141485917207,0.00019315155709342561
0.13124999999999998,0.13125000000000001,120,synthetic_segment_000,1.0015723298439994,0.00019739214314264795,0.98143197994436504,0.00019342283737024224
0.1333333333333333,0.13333333333333333,120,synthetic_segment_000,1.0018328096284315,0.00019766899046823368,0.98168722181053214,0.00019369411764705882
0.13541666666666663,0.13541666666666666,120,synthetic_segment_000,1.0009106119485063,0.00019794583779381947,0.98078356835691693,0.00019396539792387545
0.13749999999999996,0.13749999999999998,120,synthetic_segment_000,1.0013353219942334,0.00019822268511940518,0.98119973802201255,0.00019423667820069203
0.13958333333333328,0.13958333333333331,120,synthetic_segment_000,1.0006152407926654,0.00019849953244499097,0.98049413674058972,0.00019450795847750866
0.14166666666666672,0.14166666666666669,120,synthetic_segment_000,1.000767679276358,0.0001987763797705767,0.98064350987961546,0.00019477923875432524
0.14375000000000004,0.14375000000000002,120,synthetic_segment_000,1.0005908880301568,0.00019905322709616249,0.98047027368126405,0.00019505051903114188
0.14583333333333337,0.14583333333333334,120,synthetic_segment_000,1.0004051280029058,0.00019933007442174825,0.98028824905268053,0.00019532179930795848
0.1479166666666667,0.14791666666666667,120,synthetic_segment_000,0.99938597380504313,0.00019960692174733402,0.97928958875379546,0.00019559307958477509
0.15000000000000002,0.14999999999999999,120,synthetic_segment_000,1.0000207146252571,0.00019988376907291981,0.97991156574075078,0.00019586435986159172
-0.14999999999999991,0.84999999999999998,120,synthetic_segment_000,1.0001660955570288,0.00020016061639850551,0.98005402324627822,0.0001961356401384083
-0.1479166666666667,0.85208333333333319,120,synthetic_segment_000,1.0007944915931859,0.0002004374637240913,0.98066978303474084,0.00019640692041522493
-0.14583333333333348,0.85416666666666663,120,synthetic_segment_000,1.0004523027708665,0.00020071431104967707,0.98033447519585915,0.00019667820069204153
-0.14374999999999982,0.85625000000000007,120,synthetic_segment_000,1.0014757893062693,0.00020099115837526286,0.98133738071446819,0.00019694948096885817
-0.14166666666666661,0.85833333333333328,120,synthetic_segment_000,1.0005484625157499,0.00020126800570084859,0.98042870129017079,0.00019722076124567474
-0.13958333333333339,0.86041666666666672,120,synthetic_segment_000,1.000954455365815,0.0002015448530264343,0.98082653013868193,0.00019749204152249132
-0.13750000000000018,0.86249999999999993,120,synthetic_segment_000,1.0008000452466441,0.00020182170035202009,0.98067522501126825,0.00019776332179930796
-0.13541666666666652,0.86458333333333337,120,synthetic_segment_000,1.0003688811828064,0.00020209854767760585,0.98025273111018474,0.00019803460207612456
-0.1333333333333333,0.86666666666666659,120,synthetic_segment_000,1.0003773158061748,0.00020237539500319164,0.98026099612396933,0.00019830588235294119
-0.13125000000000009,0.86875000000000002,120,synthetic_segment_000,1.000508409043092,0.00020265224232877738,0.98038945324207372,0.00019857716262975777
-0.12916666666666687,0.87083333333333324,120,synthetic_segment_000,0.99966079282448517,0.00020292908965436317,0.97955888151113368,0.0001988484429065744
-0.12708333333333321,0.87291666666666667,120,synthetic_segment_000,0.99882305485683476,0.0002032059369799489,0.97873798939204548,0.00019911972318339101
-0.125,0.87499999999999989,120,synthetic_segment_000,0.99964736974863022,0.00020348278430553469,0.97954572835631826,0.00019939100346020764
-0.12291666666666679,0.87708333333333333,120,synthetic_segment_000,0.99913715434777428,0.00020375963163112043,0.97904577274039373,0.00019966228373702422
-0.12083333333333357,0.87916666666666654,120,synthetic_segment_000,0.99935487373079035,0.00020403647895670621,0.97925911406261157,0.00019993356401384085
-0.11874999999999991,0.88124999999999998,120,synthetic_segment_000,0.99933193669013298,0.00020431332628229198,0.97923663825676543,0.00020020484429065746
-0.1166666666666667,0.88333333333333319,120,synthetic_segment_000,0.99920039329016475,0.00020459017360787771,0.9791077400278182,0.00020047612456747403
-0.11458333333333348,0.88541666666666663,120,synthetic_segment_000,0.9983629381787833,0.00020486702093346347,0.97828712507711801,0.00020074740484429067
-0.11249999999999982,0.88750000000000007,120,synthetic_segment_000,0.99939740890292372,0.00020514386825904924,0.9793007939063535,0.00020101868512110727
-0.11041666666666661,0.88958333333333328,120,synthetic_segment_000,0.99953434104557659,0.000205420715584635,0.97943497251720102,0.00020128996539792388
-0.10833333333333339,0.89166666666666672,120,synthetic_segment_000,0.99898514959276508,0.00020569756291022076,0.9788968246083174,0.00020156124567474048
-0.10625000000000018,0.89374999999999993,120,synthetic_segment_000,0.9984300483856704,0.00020597441023580655,0.97835288578281754,0.00020183252595155712
-0.10416666666666652,0.89583333333333337,120,synthetic_segment_000,0.99970588389695769,0.00020625125756139231,0.9796030658592989,0.00020210380622837372
-0.1020833333333333,0.89791666666666659,120,synthetic_segment_000,1.0009939398563314,0.00020652810488697805,0.98086522064614712,0.00020237508650519033
-0.10000000000000009,0.90000000000000002,120,synthetic_segment_000,0.99979927571486382,0.00020680495221256381,0.97969457968613605,0.00020264636678200693
-0.097916666666666874,0.90208333333333324,120,synthetic_segment_000,1.0010464443694982,0.0002070817995381496,0.98091666936011201,0.00020291764705882356
-0.095833333333333215,0.90416666666666667,120,synthetic_segment_000,1.0006735860853047,0.00020735864686373531,0.98055130878335606,0.00020318892733564011
-0.09375,0.90624999999999989,120,synthetic_segment_000,1.00080820952275,0.0002076354941893211,0.98068322511413109,0.00020346020761245675
-0.091666666666666785,0.90833333333333333,120,synthetic_segment_000,1.0006718897350362,0.00020791234151490686,0.98054964654454102,0.00020373148788927335
-0.08958333333333357,0.91041666666666654,120,synthetic_segment_000,1.0022680711493201,0.0002081891888404926,0.98211373077399966,0.00020400276816608996
-0.087499999999999911,0.91249999999999998,120,synthetic_segment_000,1.0008070941450806,0.00020846603616607838,0.98068213216529265,0.00020427404844290659
-0.085416666666666696,0.91458333333333319,120,synthetic_segment_000,1.0016577300180332,0.00020874288349166415,0.98151566282915759,0.0002045453287197232
-0.083333333333333481,0.91666666666666663,120,synthetic_segment_000,1.0013157655180076,0.00020901973081724991,0.9811805748017326,0.0002048166089965398
-0.081249999999999822,0.91875000000000007,120,synthetic_segment_000,1.0002892340137608,0.00020929657814283567,0.98017468554474285,0.00020508788927335641
-0.079166666666666607,0.92083333333333328,120,synthetic_segment_000,1.001488054463801,0.00020957342546842146,0.98134939923523001,0.00020535916955017304
-0.077083333333333393,0.92291666666666672,120,synthetic_segment_000,0.99950588297163845,0.0002098502727940072,0.97940708669905463,0.00020563044982698964
-0.075000000000000178,0.92499999999999993,120,synthetic_segment_000,1.0005848278187963,0.00021012712011959296,0.98046433533307176,0.00020590173010380625
-0.072916666666666519,0.92708333333333337,120,synthetic_segment_000,1.0004324645641649,0.00021040396744517872,0.98031503591034608,0.00020617301038062285
-0.070833333333333304,0.92916666666666659,120,synthetic_segment_000,0.99892371925039858,0.00021068081477076446,0.97883662955226303,0.00020644429065743943
-0.068750000000000089,0.93125000000000002,120,synthetic_segment_000,1.0002815295447058,0.00021095766209635025,0.98016713600279415,0.00020671557093425606
-0.066666666666666874,0.93333333333333324,120,synthetic_segment_000,0.9997998902702,0.00021123450942193601,0.97969518188354354,0.00020698685121107267
-0.064583333333333215,0.93541666666666667,120,synthetic_segment_000,1.0000896000882467,0.00021151135674752174,0.97997906600440299,0.00020725813148788928
-0.0625,0.93749999999999989,120,synthetic_segment_000,0.99920066125383022,0.00021178820407310751,0.97910800260307407,0.00020752941176470588
-0.060416666666666785,0.93958333333333333,120,synthetic_segment_000,0.99927410115982318,0.0002120650513986933,0.97917996572565436,0.00020780069204152251
-0.05833333333333357,0.94166666666666654,120,synthetic_segment_000,0.99909217269152251,0.00021234189872427906,0.9790016956082277,0.00020807197231833912
-0.056249999999999911,0.94374999999999998,120,synthetic_segment_000,0.99906923086596566,0.00021261874604986482,0.97897921511370034,0.00020834325259515572
-0.054166666666666696,0.94583333333333319,120,synthetic_segment_000,0.99866023315746089,0.00021289559337545053,0.97857844183064346,0.0002086145328719723
-0.052083333333333481,0.94791666666666663,120,synthetic_segment_000,0.99888651426533825,0.00021317244070103629,0.97880017271228903,0.00020888581314878891
-0.049999999999999822,0.95000000000000007,120,synthetic_segment_000,1.000297546163309,0.00021344928802662208,0.98018283054750066,0.00020915709342560554
-0.047916666666666607,0.95208333333333328,120,synthetic_segment_000,0.99936170989558315,0.00021372613535220784,0.97926581276079627,0.00020942837370242214
-0.045833333333333393,0.95416666666666672,120,synthetic_segment_000,0.99894363321979429,0.0002140029826777936,0.97885614307697832,0.00020969965397923875
-0.043750000000000178,0.95624999999999993,120,synthetic_segment_000,0.99897338528578694,0.00021427983000337937,0.97888529686663939,0.00020997093425605536
-0.041666666666666519,0.95833333333333337,120,synthetic_segment_000,1.0003302570675803,0.00021455667732896516,0.98021488367695342,0.00021024221453287199
-0.039583333333333304,0.96041666666666659,120,synthetic_segment_000,1.0011175879448064,0.00021483352465455089,0.98098638232830671,0.00021051349480968859
-0.037500000000000089,0.96250000000000002,120,synthetic_segment_000,1.0003010009042792,0.00021511037198013665,0.98018621581800935,0.0002107847750865052
-0.035416666666666874,0.96458333333333324,120,synthetic_segment_000,0.99949922540652114,0.00021538721930572242,0.97940056300913225,0.0002110560553633218
-0.033333333333333215,0.96666666666666667,120,synthetic_segment_000,1.0009058283699437,0.00021566406663130821,0.98077888097005528,0.00021132733564013844
-0.03125,0.96874999999999989,120,synthetic_segment_000,1.0011883026799999,0.00021594091395689397,0.98105567507981761,0.00021159861591695504
-0.029166666666666785,0.97083333333333333,120,synthetic_segment_000,1.0007670009557907,0.00021621776128247968,0.98064284519921485,0.00021186989619377162
-0.02708333333333357,0.97291666666666654,120,synthetic_segment_000,1.0007761646434357,0.00021649460860806547,0.98065182461671774,0.00021214117647058825
-0.024999999999999911,0.97499999999999998,120,synthetic_segment_000,1.0011137260084708,0.0002167714559336512,0.98098259805061527,0.00021241245674740483
-0.022916666666666696,0.97708333333333319,120,synthetic_segment_000,1.0008563176666672,0.00021704830325923699,0.98073036586425877,0.00021268373702422146
-0.020833333333333481,0.97916666666666663,120,synthetic_segment_000,1.0004273182725487,0.00021732515058482275,0.98030999310413058,0.00021295501730103807
-0.018749999999999822,0.98125000000000007,120,synthetic_segment_000,0.99729304027101173,0.00021760199791040854,0.97723874146000456,0.0002132262975778547
-0.016666666666666607,0.98333333333333328,120,synthetic_segment_000,0.99621938402653198,0.00021787884523599425,0.97618667508156987,0.00021349757785467128
-0.014583333333333393,0.98541666666666672,120,synthetic_segment_000,0.99637948169183854,0.00021815569256158004,0.97634355338577661,0.00021376885813148791
-0.012500000000000178,0.98749999999999993,120,synthetic_segment_000,0.99402652987474283,0.00021843253988716575,0.9740379164469789,0.00021404013840830446
-0.010416666666666519,0.98958333333333337,120,synthetic_segment_000,0.99430905033825001,0.00021870938721275154,0.97431475578210502,0.00021431141868512109
-0.0083333333333333037,0.99166666666666659,120,synthetic_segment_000,0.99587956735705652,0.0002189862345383373,0.97585369169454539,0.0002145826989619377
-0.0062500000000000888,0.99375000000000002,120,synthetic_segment_000,0.99528423017278955,0.00021926308186392306,0.97527032598636876,0.0002148539792387543
-0.0041666666666668739,0.99583333333333324,120,synthetic_segment_000,0.9945382794965677,0.00021953992918950882,0.97453937543263358,0.00021512525951557094
-0.0020833333333332149,0.99791666666666667,120,synthetic_segment_000,0.9939733062350572,0.00021981677651509459,0.97398576306721785,0.00021539653979238754
0,0.99999999999999989,120,synthetic_segment_000,0.99472458616771908,0.00022009362384068038,0.97472193571280175,0.00021566782006920417
0.002083333333333437,1.0020833333333334,120,synthetic_segment_000,0.99302522035801744,0.00022037047116626611,0.97305674199531456,0.00021593910034602075
0.0041666666666666519,1.0041666666666667,120,synthetic_segment_000,0.99399616559746506,0.0002206473184918519,0.97400816275682567,0.00021621038062283738
0.0062500000000000888,1.0062500000000001,120,synthetic_segment_000,0.99349680256091277,0.00022092416581743766,0.97351884127791566,0.00021648166089965399
0.0083333333333333037,1.0083333333333333,120,synthetic_segment_000,0.99362273396709688,0.00022120101314302342,0.97364224036315972,0.00021675294117647062
0.010416666666666741,1.0104166666666667,120,synthetic_segment_000,0.99457986550728927,0.00022147786046860916,0.97458012520139647,0.0002170242214532872
0.012500000000000178,1.0125000000000002,120,synthetic_segment_000,0.99496063139822477,0.00022175470779419495,0.97495323437294712,0.00021729550173010383
0.014583333333333393,1.0145833333333334,120,synthetic_segment_000,0.99513278087072232,0.00022203155511978068,0.97512192213777982,0.00021756678200692041
0.016666666666666829,1.0166666666666668,120,synthetic_segment_000,0.99525342936270478,0.00022230840244536645,0.97524014454152974,0.00021783806228373702
0.018750000000000044,1.01875,120,synthetic_segment_000,0.99632514957846841,0.00022258524977095224,0.97629031382233167,0.00021810934256055365
0.020833333333333481,1.0208333333333335,120,synthetic_segment_000,0.99765590632451062,0.00022286209709653794,0.97759431073715852,0.00021838062283737023
0.022916666666666696,1.0229166666666667,120,synthetic_segment_000,1.0003057130452144,0.00022313894442212373,0.98019083320376377,0.00021865190311418686
0.025000000000000133,1.0250000000000001,120,synthetic_segment_000,1.0000050303658288,0.0002234157917477095,0.97989619687189711,0.00021892318339100346
0.027083333333333348,1.0270833333333333,120,synthetic_segment_000,1.0003991302073825,0.00022369263907329529,0.98028237186522205,0.0002191944636678201
0.029166666666666785,1.0291666666666668,120,synthetic_segment_000,1.001304612476974,0.00022396948639888102,0.98116964603421597,0.00021946574394463668
0.03125,1.03125,120,synthetic_segment_000,1.0006580046329463,0.00022424633372446678,0.98053604065425248,0.00021973702422145328
0.033333333333333437,1.0333333333333334,120,synthetic_segment_000,1.0010894546536258,0.00022452318105005249,0.98095881476194824,0.00022000830449826986
0.035416666666666652,1.0354166666666667,120,synthetic_segment_000,1.0003540121089363,0.00022480002837563828,0.98023816103454098,0.00022027958477508649
0.037500000000000089,1.0375000000000001,120,synthetic_segment_000,1.0010732831121278,0.00022507687570122407,0.9809429684096499,0.00022055086505190312
0.039583333333333304,1.0395833333333333,120,synthetic_segment_000,1.0004829532592399,0.00022535372302680983,0.98036450934176556,0.00022082214532871973
0.041666666666666741,1.0416666666666667,120,synthetic_segment_000,1.0016921087712347,0.0002256305703523956,0.98154935026921275,0.00022109342560553633
0.043750000000000178,1.0437500000000002,120,synthetic_segment_000,1.0011039924180856,0.00022590741767798136,0.98097306019039365,0.00022136470588235294
0.045833333333333393,1.0458333333333334,120,synthetic_segment_000,0.99982972469332321,0.00022618426500356712,0.97972441637423757,0.00022163598615916957
0.047916666666666829,1.0479166666666668,120,synthetic_segment_000,0.9999442663597351,0.00022646111232915288,0.97983665475293791,0.00022190726643598618
0.050000000000000044,1.05,120,synthetic_segment_000,0.99954567536798,0.00022673795965473864,0.97944607892074897,0.00022217854671280278
0.052083333333333481,1.0520833333333335,120,synthetic_segment_000,1.0001813404547635,0.00022701480698032441,0.9800689615884447,0.00022244982698961939
0.054166666666666696,1.0541666666666667,120,synthetic_segment_000,0.99994882303977262,0.0002272916543059102,0.97984111980391619,0.00022272110726643602
0.056250000000000133,1.0562500000000001,120,synthetic_segment_000,1.0003100854460933,0.00022756850163149593,0.98019511768120393,0.0002229923875432526
0.058333333333333348,1.0583333333333333,120,synthetic_segment_000,0.99949677200968456,0.00022784534895708167,0.979398158946996,0.0002232636678200692
0.060416666666666785,1.0604166666666668,120,synthetic_segment_000,0.99890361265719663,0.00022812219628266743,0.97881692727716207,0.00022353494809688581
0.0625,1.0625,120,synthetic_segment_000,0.99821128260322667,0.00022839904360825319,0.97813851910293803,0.00022380622837370241
0.064583333333333437,1.0645833333333334,120,synthetic_segment_000,0.99972485584836501,0.00022867589093383898,0.97962165630881348,0.00022407750865051905
0.066666666666666652,1.0666666666666667,120,synthetic_segment_000,0.99913069825267664,0.00022895273825942474,0.97903944646918439,0.00022434878892733565
0.068750000000000089,1.0687500000000001,120,synthetic_segment_000,0.99965771863233588,0.00022922958558501051,0.97955586913709147,0.00022462006920415226
0.070833333333333304,1.0708333333333333,120,synthetic_segment_000,0.99864770824124494,0.00022950643291059624,0.97856616877461522,0.00022489134948096886
0.072916666666666741,1.0729166666666667,120,synthetic_segment_000,0.9992290852125908,0.00022978328023618203,0.97913585499205591,0.00022516262975778549
0.075000000000000178,1.0750000000000002,120,synthetic_segment_000,0.999719445785197,0.00023006012756176774,0.97961635503515765,0.00022543391003460205
0.077083333333333393,1.0770833333333334,120,synthetic_segment_000,1.0005162749134107,0.00023033697488735353,0.98039716093971152,0.00022570519031141868
0.079166666666666829,1.0791666666666668,120,synthetic_segment_000,1.0008791007652889,0.00023061382221293929,0.98075269082364858,0.00022597647058823528
0.081250000000000044,1.08125,120,synthetic_segment_000,1.0002548947832495,0.00023089066953852503,0.98014103683262666,0.00022624775086505189
0.083333333333333481,1.0833333333333335,120,synthetic_segment_000,1.0009995861123231,0.00023116751686411081,0.98087075336308838,0.00022651903114186852
0.085416666666666696,1.0854166666666667,120,synthetic_segment_000,1.0015854859527675,0.00023144436418969658,0.98144487150046344,0.00022679031141868513
0.087500000000000133,1.0875000000000001,120,synthetic_segment_000,1.0010648059956673,0.00023172121151528234,0.98093466175725519,0.00022706159169550173
0.089583333333333348,1.0895833333333333,120,synthetic_segment_000,1.0009745056045838,0.0002319980588408681,0.98084617719256606,0.00022733287197231834
0.091666666666666785,1.0916666666666668,120,synthetic_segment_000,1.0003046193600704,0.00023227490616645389,0.9801897615112416,0.00022760415224913497
0.09375,1.09375,120,synthetic_segment_000,1.0008158371298317,0.00023255175349203963,0.98069069933970365,0.00022787543252595157
0.095833333333333437,1.0958333333333334,120,synthetic_segment_000,1.0006162271589625,0.00023282860081762539,0.98049510327231093,0.00022814671280276818
0.097916666666666652,1.0979166666666667,120,synthetic_segment_000,1.0018325312482981,0.00023310544814321115,0.98168694902827047,0.00022841799307958478
0.10000000000000009,1.1000000000000001,120,synthetic_segment_000,1.0004118752985591,0.00023338229546879694,0.98029486066877158,0.00022868927335640142
0.1020833333333333,1.1020833333333333,120,synthetic_segment_000,1.0011297456918478,0.00023365914279438268,0.98099829559846685,0.000228960553633218
0.10416666666666674,1.1041666666666667,120,synthetic_segment_000,0.99967239119173046,0.00023393599011996844,0.97957024664991643,0.0002292318339100346
0.10625000000000018,1.1062500000000002,120,synthetic_segment_000,1.0001881974363398,0.00023421283744555417,0.98007568068481377,0.00022950311418685121
0.10833333333333339,1.1083333333333334,120,synthetic_segment_000,0.99944249768818139,0.00023448968477113994,0.97934497601329684,0.00022977439446366781
0.11041666666666683,1.1104166666666668,120,synthetic_segment_000,0.99899125807909928,0.00023476653209672572,0.97890281026073489,0.00023004567474048444
0.11250000000000004,1.1125,120,synthetic_segment_000,0.99849709460318004,0.00023504337942231149,0.97841858378588487,0.00023031695501730105
0.11458333333333348,1.1145833333333335,120,synthetic_segment_000,1.0003515030061001,0.00023532022674789725,0.9802357023865822,0.00023058823529411765
0.1166666666666667,1.1166666666666667,120,synthetic_segment_000,0.99952864502274541,0.00023559707407348298,0.97942939103416837,0.00023085951557093423
0.11875000000000013,1.1187500000000001,120,synthetic_segment_000,0.99880909446516464,0.00023587392139906872,0.97872430972615487,0.00023113079584775084
0.12083333333333335,1.1208333333333333,120,synthetic_segment_000,0.99920459525570315,0.00023615076872465448,0.97911185749715635,0.00023140207612456744
0.12291666666666679,1.1229166666666668,120,synthetic_segment_000,1.0000411886550682,0.00023642761605024027,0.97993162806377632,0.00023167335640138408
0.125,1.125,120,synthetic_segment_000,0.99880933559581175,0.00023670446337582606,0.97872454600797032,0.00023194463667820071
0.12708333333333344,1.1270833333333334,120,synthetic_segment_000,0.99847394953272628,0.0002369813107014118,0.97839590413345789,0.00023221591695501729
0.12916666666666665,1.1291666666666667,120,synthetic_segment_000,0.9990428969741324,0.00023725815802699759,0.97895341076304943,0.00023248719723183392
0.13125000000000009,1.1312500000000001,120,synthetic_segment_000,0.99826630967407559,0.00023753500535258332,0.97819243964914782,0.00023275847750865052
0.1333333333333333,1.1333333333333333,120,synthetic_segment_000,0.9995213718588869,0.00023781185267816911,0.97942226412441513,0.00023302975778546716
0.13541666666666674,1.1354166666666667,120,synthetic_segment_000,1.0011395373361081,0.00023808870000375485,0.98100789034517355,0.00023330103806228373
0.13750000000000018,1.1375000000000002,120,synthetic_segment_000,0.99985064930957301,0.00023836554732934064,0.97974492022297999,0.00023357231833910037
0.13958333333333339,1.1395833333333334,120,synthetic_segment_000,0.9997176477012728,0.0002386423946549264,0.97961459310842181,0.00023384359861591697
0.14166666666666683,1.1416666666666668,120,synthetic_segment_000,1.0018004145876964,0.00023891924198051219,0.98165547819300047,0.0002341148788927336
0.14375000000000004,1.14375,120,synthetic_segment_000,1.0014865035896372,0.0002391960893060979,0.98134787954717961,0.00023438615916955018
0.14583333333333348,1.1458333333333335,120,synthetic_segment_000,1.0012094022304283,0.00023947293663168363,0.98107635034503415,0.00023465743944636676
0.1479166666666667,1.1479166666666667,120,synthetic_segment_000,1.0009354339673944,0.00023974978395726942,0.98080789123647105,0.00023492871972318339
0.15000000000000013,1.1500000000000001,120,synthetic_segment_000,1.0007872326905196,0.00024002663128285518,0.98066267009940533,0.0002352
-0.14930555555555558,2.8506944444444446,120,synthetic_segment_001,1.0001805891655857,0.00015999732256700907,1.0001973264238309,0.00016000000000000001
-0.14722222222222225,2.8527777777777779,120,synthetic_segment_001,1.0001984025331891,0.00016027606354709095,1.0002151400895274,0.00016027874564459931
-0.14513888888888887,2.8548611111111111,120,synthetic_segment_001,0.99933969262790689,0.00016055480452717286,0.99935641581439072,0.00016055749128919861
-0.14305555555555555,2.8569444444444443,120,synthetic_segment_001,0.99887178749064676,0.00016083354550725475,0.99888850284709552,0.00016083623693379792
-0.14097222222222222,2.8590277777777779,120,synthetic_segment_001,0.99913760108322935,0.00016111228648733666,0.9991543208878656,0.00016111498257839724
-0.1388888888888889,2.8611111111111112,120,synthetic_segment_001,0.99841720791446653,0.00016139102746741857,0.99843391566387329,0.00016139372822299654
-0.13680555555555551,2.8631944444444444,120,synthetic_segment_001,0.99883389484435992,0.00016166976844750043,0.99885060956670413,0.00016167247386759582
-0.13472222222222219,2.8652777777777776,120,synthetic_segment_001,0.99896426730153143,0.00016194850942758237,0.99898098420555914,0.00016195121951219515
-0.13263888888888886,2.8673611111111112,120,synthetic_segment_001,0.99889310432678291,0.00016222725040766425,0.99890982003995266,0.00016222996515679445
-0.13055555555555554,2.8694444444444445,120,synthetic_segment_001,0.99939720408657895,0.00016250599138774614,0.99941392823547315,0.00016250871080139375
-0.12847222222222221,2.8715277777777777,120,synthetic_segment_001,1.0010207504712738,0.00016278473236782805,1.0010375017889768,0.00016278745644599305
-0.12638888888888888,2.8736111111111109,120,synthetic_segment_001,1.0002309939577749,0.00016306347334790993,1.0002477320595058,0.00016306620209059235
-0.12430555555555556,2.8756944444444446,120,synthetic_segment_001,0.99998242558041661,0.00016334221432799182,0.99999915952254548,0.00016334494773519165
-0.12222222222222223,2.8777777777777778,120,synthetic_segment_001,1.0003389062854828,0.00016362095530807373,1.0003556461930441,0.00016362369337979095
-0.12013888888888891,2.879861111111111,120,synthetic_segment_001,1.0001970039123891,0.00016389969628815562,1.0002137414453225,0.00016390243902439025
-0.11805555555555558,2.8819444444444446,120,synthetic_segment_001,1.000236901201337,0.00016417843726823755,1.000253639401921,0.00016418118466898958
-0.11597222222222225,2.8840277777777779,120,synthetic_segment_001,1.0010139930029265,0.00016445717824831941,1.0010307442075483,0.00016445993031358885
-0.11388888888888887,2.8861111111111111,120,synthetic_segment_001,1.0003837889465093,0.00016473591922840132,1.0004005296051475,0.00016473867595818818
-0.11180555555555555,2.8881944444444443,120,synthetic_segment_001,1.0020471503730903,0.00016501466020848324,1.0020639188668117,0.00016501742160278748
-0.10972222222222222,2.8902777777777779,120,synthetic_segment_001,1.0001767874675425,0.00016529340118856512,1.0001935246621692,0.00016529616724738678
-0.1076388888888889,2.8923611111111112,120,synthetic_segment_001,1.0015623861045446,0.00016557214216864701,1.0015791464861061,0.00016557491289198608
-0.10555555555555557,2.8944444444444444,120,synthetic_segment_001,1.0009695656326629,0.00016585088314872892,1.0009863160938266,0.00016585365853658538
-0.10347222222222219,2.8965277777777776,120,synthetic_segment_001,1.0013903009599541,0.0001661296241288108,1.0014070584618022,0.00016613240418118468
-0.10138888888888886,2.8986111111111112,120,synthetic_segment_001,1.0013195610804657,0.00016640836510889271,1.0013363173985359,0.00016641114982578398
-0.099305555555555536,2.9006944444444445,120,synthetic_segment_001,0.9998701317112958,0.0001666871060889746,0.99988686377427261,0.00016668989547038329
-0.09722222222222221,2.9027777777777777,120,synthetic_segment_001,0.99994435561374628,0.00016696584706905648,0.99996108891880342,0.00016696864111498259
-0.095138888888888884,2.9048611111111109,120,synthetic_segment_001,0.99994965023730409,0.0001672445880491384,0.99996638363096269,0.00016724738675958189
-0.093055555555555558,2.9069444444444446,120,synthetic_segment_001,0.99996306529082601,0.00016752332902922031,0.99997979890897526,0.00016752613240418121
-0.090972222222222232,2.9090277777777778,120,synthetic_segment_001,1.0002967294235956,0.00016780207000930219,1.0003134686253592,0.00016780487804878052
-0.088888888888888906,2.911111111111111,120,synthetic_segment_001,0.99947254654186035,0.00016808081098938408,0.99948927195155302,0.00016808362369337979
-0.08680555555555558,2.9131944444444446,120,synthetic_segment_001,0.99987745728728694,0.00016835955196946599,0.99989418947285158,0.00016836236933797912
-0.084722222222222254,2.9152777777777779,120,synthetic_segment_001,0.99934924320111274,0.0001686382929495479,0.99936596654741816,0.00016864111498257842
-0.082638888888888873,2.9173611111111111,120,synthetic_segment_001,0.99922878381210889,0.00016891703392962979,0.99924550514261845,0.00016891986062717772
-0.080555555555555547,2.9194444444444443,120,synthetic_segment_001,0.998658884366879,0.00016919577490971167,0.99867559616055657,0.00016919860627177702
-0.078472222222222221,2.9215277777777779,120,synthetic_segment_001,0.99878128748843886,0.00016947451588979358,0.99879800133043917,0.00016947735191637632
-0.076388888888888895,2.9236111111111112,120,synthetic_segment_001,0.99890492803111242,0.00016975325686987549,0.99892164394214278,0.00016975609756097565
-0.074305555555555569,2.9256944444444444,120,synthetic_segment_001,0.99885082112425139,0.00017003199784995735,0.99886753612984402,0.00017003484320557492
-0.072222222222222188,2.9277777777777776,120,synthetic_segment_001,0.99897298496958797,0.00017031073883003926,0.99898970201949921,0.00017031358885017422
-0.070138888888888862,2.9298611111111112,120,synthetic_segment_001,0.99913846299123188,0.00017058947981012118,0.99915518281029148,0.00017059233449477355
-0.068055555555555536,2.9319444444444445,120,synthetic_segment_001,0.99934029144508008,0.00017086822079020306,0.99935701464158466,0.00017087108013937282
-0.06597222222222221,2.9340277777777777,120,synthetic_segment_001,1.0007745145272555,0.00017114696177028497,1.0007912617243879,0.00017114982578397215
-0.063888888888888884,2.9361111111111109,120,synthetic_segment_001,0.99941690430263685,0.00017142570275036686,0.99943362878119912,0.00017142857142857145
-0.061805555555555558,2.9381944444444446,120,synthetic_segment_001,0.99998945793819072,0.00017170444373044874,1.0000061919980008,0.00017170731707317073
-0.059722222222222232,2.9402777777777778,120,synthetic_segment_001,0.99956330940392968,0.00017198318471053065,0.9995800363324695,0.00017198606271777005
-0.057638888888888906,2.942361111111111,120,synthetic_segment_001,1.0012610019079009,0.00017226192569061254,1.0012777572460281,0.00017226480836236935
-0.05555555555555558,2.9444444444444446,120,synthetic_segment_001,1.0006051958835569,0.00017254066667069445,1.0006219402472711,0.00017254355400696866
-0.053472222222222254,2.9465277777777779,120,synthetic_segment_001,1.0004302161860836,0.00017281940765077633,1.0004469576216464,0.00017282229965156796
-0.051388888888888873,2.9486111111111111,120,synthetic_segment_001,1.0013614442874339,0.00017309814863085825,1.0013782013063877,0.00017310104529616726
-0.049305555555555547,2.9506944444444443,120,synthetic_segment_001,1.0024946605726672,0.00017337688961094016,1.00251143655513,0.00017337979094076658
-0.047222222222222221,2.9527777777777779,120,synthetic_segment_001,1.0010953912232148,0.00017365563059102202,1.0011121437899737,0.00017365853658536586
-0.045138888888888895,2.9548611111111112,120,synthetic_segment_001,1.0016184120375196,0.00017393437157110393,1.0016351733566322,0.00017393728222996516
-0.043055555555555569,2.9569444444444444,120,synthetic_segment_001,1.000817174337143,0.00017421311255118584,1.0008339222481548,0.00017421602787456449
-0.040972222222222188,2.9590277777777776,120,synthetic_segment_001,0.99992126960136296,0.0001744918535312677,0.99993800252009324,0.00017449477351916376
-0.038888888888888862,2.9611111111111112,120,synthetic_segment_001,1.0003090284818525,0.00017477059451134964,1.0003257678894315,0.00017477351916376309
-0.036805555555555536,2.9631944444444445,120,synthetic_segment_001,0.99990833501225274,0.00017504933549143152,0.9999250677145326,0.00017505226480836239
-0.03472222222222221,2.9652777777777777,120,synthetic_segment_001,0.99944297390045922,0.00017532807647151343,0.9994596988152763,0.00017533101045296169
-0.032638888888888884,2.9673611111111109,120,synthetic_segment_001,0.99959988256963184,0.00017560681745159532,0.99961661011019565,0.00017560975609756099
-0.030555555555555558,2.9694444444444446,120,synthetic_segment_001,0.99993425014743487,0.0001758855584316772,0.99995098328338472,0.00017588850174216029
-0.028472222222222232,2.9715277777777778,120,synthetic_segment_001,0.99934342033849,0.00017616429941175911,0.99936014358735425,0.00017616724738675959
-0.026388888888888906,2.973611111111111,120,synthetic_segment_001,0.99948171828860755,0.000176443040391841,0.99949844385178233,0.00017644599303135889
-0.02430555555555558,2.9756944444444446,120,synthetic_segment_001,0.99975864505794876,0.00017672178137192288,0.99977537525528148,0.00017672473867595819
-0.022222222222222254,2.9777777777777779,120,synthetic_segment_001,0.99802175021279782,0.00017700052235200482,0.99803845134452196,0.00017700348432055752
-0.020138888888888928,2.9798611111111111,120,synthetic_segment_001,0.99791848902354752,0.00017727926333208671,0.99793518842727458,0.00017728222996515682
-0.018055555555555547,2.9819444444444443,120,synthetic_segment_001,0.99568642206288527,0.00017755800431216859,0.99570308411467645,0.0001775609756097561
-0.015972222222222221,2.9840277777777779,120,synthetic_segment_001,0.99393243590912106,0.0001778367452922505,0.99394906860929366,0.00017783972125435542
-0.013888888888888895,2.9861111111111112,120,synthetic_segment_001,0.9931151339919998,0.00017811548627233239,0.99313175301524903,0.00017811846689895472
-0.011805555555555514,2.9881944444444444,120,synthetic_segment_001,0.99441439120240138,0.0001783942272524143,0.99443103196772775,0.00017839721254355403
-0.0097222222222221877,2.9902777777777776,120,synthetic_segment_001,0.99415203295887433,0.00017867296823249619,0.99416866933383585,0.00017867595818815333
-0.0076388888888888618,2.9923611111111112,120,synthetic_segment_001,0.99387762611233299,0.00017895170921257807,0.9938942578953055,0.00017895470383275263
-0.0055555555555555358,2.9944444444444445,120,synthetic_segment_001,0.99419314941355397,0.00017923045019265998,0.99420978647656788,0.00017923344947735193
-0.0034722222222222099,2.9965277777777777,120,synthetic_segment_001,0.99501223092026236,0.00017950919117274187,0.99502888168997972,0.00017951219512195123
-0.001388888888888884,2.9986111111111109,120,synthetic_segment_001,0.99437761903269528,0.00017978793215282378,0.99439425918266744,0.00017979094076655053
0.00069444444444444198,3.0006944444444446,120,synthetic_segment_001,0.99487268497623527,0.00018006667313290566,0.99488933341075791,0.00018006968641114983
0.0027777777777777679,3.0027777777777778,120,synthetic_segment_001,0.99514873280180904,0.00018034541411298755,0.99516538585578118,0.00018034843205574913
0.0048611111111110938,3.004861111111111,120,synthetic_segment_001,0.9955684069107773,0.00018062415509306949,0.99558506698767513,0.00018062717770034846
0.0069444444444444198,3.0069444444444446,120,synthetic_segment_001,0.99499608963890973,0.00018090289607315137,0.99501274013851515,0.00018090592334494776
0.0090277777777777457,3.0090277777777779,120,synthetic_segment_001,0.99557910523953896,0.00018118163705323323,0.99559576549546513,0.00018118466898954703
0.011111111111111072,3.0111111111111111,120,synthetic_segment_001,0.99572100039052036,0.00018146037803331517,0.99573766302095346,0.00018146341463414636
0.013194444444444509,3.0131944444444443,120,synthetic_segment_001,0.9959137806988394,0.00018173911901339705,0.99593044655530372,0.00018174216027874566
0.015277777777777724,3.0152777777777779,120,synthetic_segment_001,0.99543906320906272,0.00018201785999347897,0.9954557211214925,0.00018202090592334496
0.01736111111111116,3.0173611111111112,120,synthetic_segment_001,0.99622063272223504,0.00018229660097356085,0.99623730371363362,0.00018229965156794426
0.019444444444444486,3.0194444444444444,120,synthetic_segment_001,0.99748316322284913,0.00018257534195364274,0.99749985534173136,0.00018257839721254356
0.021527777777777812,3.0215277777777776,120,synthetic_segment_001,0.99719878346064861,0.00018285408293372467,0.99721547082065276,0.00018285714285714289
0.023611111111111138,3.0236111111111112,120,synthetic_segment_001,1.0005039343350599,0.00018313282391380653,1.0005206770042394,0.00018313588850174217
0.025694444444444464,3.0256944444444445,120,synthetic_segment_001,0.99856961507006392,0.00018341156489388844,0.99858632536988801,0.00018341463414634149
0.02777777777777779,3.0277777777777777,120,synthetic_segment_001,0.99916274523028947,0.00018369030587397036,0.9991794654556938,0.00018369337979094079
0.029861111111111116,3.0298611111111109,120,synthetic_segment_001,0.99974492160714334,0.00018396904685405221,0.99976165157482466,0.00018397212543554007
0.031944444444444442,3.0319444444444446,120,synthetic_segment_001,0.99905746731147915,0.00018424778783413415,0.99907418577513785,0.0001842508710801394
0.034027777777777768,3.0340277777777778,120,synthetic_segment_001,0.99936272818484229,0.00018452652881421604,0.99937945175680853,0.0001845296167247387
0.036111111111111094,3.036111111111111,120,synthetic_segment_001,0.99849361441700624,0.00018480526979429792,0.99851032344501744,0.000184808362369338
0.03819444444444442,3.0381944444444446,120,synthetic_segment_001,0.99944846259209896,0.00018508401077437983,0.99946518759876513,0.0001850871080139373
0.040277777777777746,3.0402777777777779,120,synthetic_segment_001,0.99866984756900001,0.00018536275175446172,0.99868655954613839,0.0001853658536585366
0.042361111111111072,3.0423611111111111,120,synthetic_segment_001,0.99803122492994201,0.0001856414927345436,0.99804792622021832,0.0001856445993031359
0.044444444444444509,3.0444444444444443,120,synthetic_segment_001,1.0000862758611273,0.00018592023371462552,1.0001030115411114,0.0001859233449477352
0.046527777777777724,3.0465277777777779,120,synthetic_segment_001,0.99950947073388086,0.0001861989746947074,0.99952619676147159,0.0001862020905923345
0.04861111111111116,3.0486111111111112,120,synthetic_segment_001,0.99938656078572052,0.00018647771567478934,0.99940328475650719,0.00018648083623693383
0.050694444444444486,3.0506944444444444,120,synthetic_segment_001,0.99905260233149484,0.0001867564566548712,0.99906932071374188,0.0001867595818815331
0.052777777777777812,3.0527777777777776,120,synthetic_segment_001,1.0012203225027436,0.00018703519763495311,1.001237077160132,0.00018703832752613243
0.054861111111111138,3.0548611111111112,120,synthetic_segment_001,0.9997628182606132,0.00018731393861503502,0.99977954852778128,0.00018731707317073173
0.056944444444444464,3.0569444444444445,120,synthetic_segment_001,0.99985060029386619,0.00018759267959511688,0.99986733202999956,0.000187595818815331
0.05902777777777779,3.0590277777777777,120,synthetic_segment_001,1.0003861560335086,0.00018787142057519879,1.0004028967317582,0.00018787456445993033
0.061111111111111116,3.0611111111111109,120,synthetic_segment_001,0.99982462999325317,0.0001881501615552807,0.9998413612947934,0.00018815331010452963
0.063194444444444442,3.0631944444444446,120,synthetic_segment_001,1.0004556397784625,0.00018842890253536259,1.0004723816394696,0.00018843205574912893
0.065277777777777768,3.0652777777777778,120,synthetic_segment_001,1.0006520213821331,0.0001887076435154445,1.0006687665294363,0.00018871080139372823
0.067361111111111094,3.067361111111111,120,synthetic_segment_001,1.0000400865032688,0.00018898638449552638,1.0000568214103092,0.00018898954703832754
0.06944444444444442,3.0694444444444446,120,synthetic_segment_001,1.0007807984879489,0.00018926512547560827,1.0007975457902387,0.00018926829268292684
0.071527777777777746,3.0715277777777779,120,synthetic_segment_001,1.0005386126162261,0.00018954386645569018,1.0005553558657203,0.00018954703832752614
0.073611111111111072,3.0736111111111111,120,synthetic_segment_001,1.0016753317974334,0.00018982260743577206,1.0016920940690548,0.00018982578397212544
0.075694444444444509,3.0756944444444443,120,synthetic_segment_001,1.0000904095399408,0.00019010134841585398,1.0001071452890988,0.00019010452961672477
0.077777777777777724,3.0777777777777779,120,synthetic_segment_001,1.0009490668092638,0.00019038008939593589,1.0009658169273954,0.00019038327526132407
0.07986111111111116,3.0798611111111112,120,synthetic_segment_001,1.0007087562482229,0.00019065883037601777,1.0007255023449408,0.00019066202090592337
0.081944444444444375,3.0819444444444444,120,synthetic_segment_001,1.0015003327133309,0.00019093757135609969,1.0015170920564764,0.00019094076655052267
0.084027777777777812,3.0840277777777776,120,synthetic_segment_001,1.0002160147125068,0.00019121631233618154,1.0002327525635715,0.00019121951219512194
0.086111111111111138,3.0861111111111112,120,synthetic_segment_001,0.99927554003230556,0.00019149505331626345,0.99929226214524469,0.00019149825783972127
0.088194444444444464,3.0881944444444445,120,synthetic_segment_001,0.99929684280953479,0.00019177379429634537,0.99931356527895965,0.00019177700348432057
0.09027777777777779,3.0902777777777777,120,synthetic_segment_001,0.99936502581144493,0.00019205253527642725,0.9993817494218602,0.00019205574912891987
0.092361111111111116,3.0923611111111109,120,synthetic_segment_001,1.0003228058674953,0.00019233127625650914,1.0003395455056283,0.00019233449477351917
0.094444444444444442,3.0944444444444446,120,synthetic_segment_001,0.9984598419723042,0.00019261001723659105,0.99847655043515937,0.00019261324041811847
0.096527777777777768,3.0965277777777778,120,synthetic_segment_001,0.99926916303132907,0.00019288875821667296,0.999285885037554,0.0001928919860627178
0.098611111111111094,3.098611111111111,120,synthetic_segment_001,0.99938787022903175,0.00019316749919675484,0.999404594221731,0.00019317073170731707
0.10069444444444442,3.1006944444444446,120,synthetic_segment_001,0.99940366439622053,0.00019344624017683673,0.99942038865322302,0.00019344947735191637
0.10277777777777775,3.1027777777777779,120,synthetic_segment_001,0.99939115399747658,0.00019372498115691864,0.9994078780451271,0.0001937282229965157
0.10486111111111107,3.1048611111111111,120,synthetic_segment_001,0.99790878803664707,0.00019400372213700055,0.99792548727803543,0.000194006968641115
0.1069444444444444,3.1069444444444443,120,synthetic_segment_001,0.99886222605298747,0.00019428246311708244,0.99887894124943288,0.0001942857142857143
0.10902777777777772,3.1090277777777779,120,synthetic_segment_001,0.99979870268215143,0.00019456120409716432,0.99981543354981794,0.0001945644599303136
0.11111111111111116,3.1111111111111112,120,synthetic_segment_001,1.000301323933656,0.00019483994507724623,1.0003180632123052,0.00019484320557491291
0.11319444444444449,3.1131944444444444,120,synthetic_segment_001,0.99911040473185952,0.00019511868605732812,0.9991271240813856,0.00019512195121951221
0.11527777777777781,3.1152777777777776,120,synthetic_segment_001,0.99988224588151631,0.00019539742703741003,0.99989897814721451,0.00019540069686411151
0.11736111111111114,3.1173611111111112,120,synthetic_segment_001,0.99865480441821008,0.00019567616801749192,0.99867151614361283,0.00019567944250871081
0.11944444444444446,3.1194444444444445,120,synthetic_segment_001,1.0010708619421396,0.00019595490899757383,1.0010876140984197,0.00019595818815331014
0.12152777777777779,3.1215277777777777,120,synthetic_segment_001,1.0002114742886659,0.00019623364997765571,1.00022821206375,0.00019623693379790941
0.12361111111111112,3.1236111111111109,120,synthetic_segment_001,1.0010924500427525,0.00019651239095773762,1.001109202560293,0.00019651567944250874
0.12569444444444444,3.1256944444444446,120,synthetic_segment_001,1.0009444642740541,0.00019679113193781948,1.0009612143151658,0.00019679442508710801
0.12777777777777777,3.1277777777777778,120,synthetic_segment_001,1.0009955758310829,0.00019706987291790139,1.0010123267275075,0.00019707317073170731
0.12986111111111109,3.129861111111111,120,synthetic_segment_001,1.0001564061782746,0.00019734861389798331,1.0001731430318359,0.00019735191637630664
0.13194444444444442,3.1319444444444446,120,synthetic_segment_001,1.0002033691161132,0.00019762735487806522,1.0002201067555634,0.00019763066202090594
0.13402777777777775,3.1340277777777779,120,synthetic_segment_001,1.0006190705597593,0.0001979060958581471,1.0006358151556556,0.00019790940766550524
0.13611111111111107,3.1361111111111111,120,synthetic_segment_001,1.0007835129418463,0.00019818483683822899,1.0008002602895603,0.00019818815331010454
0.1381944444444444,3.1381944444444443,120,synthetic_segment_001,1.000732143783333,0.0001984635778183109,1.0007488902714234,0.00019846689895470384
0.14027777777777772,3.1402777777777779,120,synthetic_segment_001,1.0008086994526249,0.00019874231879839278,1.0008254472218159,0.00019874564459930314
0.14236111111111116,3.1423611111111112,120,synthetic_segment_001,1.0011734688182006,0.00019902105977847467,1.0011902226915284,0.00019902439024390244
0.14444444444444449,3.1444444444444444,120,synthetic_segment_001,1.0010473427158533,0.00019929980075855658,1.0010640944785572,0.00019930313588850174
0.14652777777777781,3.1465277777777776,120,synthetic_segment_001,1.0000358086341341,0.00019957854173863849,1.0000525434695877,0.00019958188153310107
0.14861111111111114,3.1486111111111112,120,synthetic_segment_001,0.99908397824799167,0.00019985728271872038,0.99910069715529071,0.00019986062717770035
-0.14930555555555558,3.8506944444444446,120,synthetic_segment_001,1.0004897693631314,0.00020013602369880229,1.0005065117952709,0.00020013937282229967
-0.14722222222222237,3.8527777777777779,120,synthetic_segment_001,1.0011648598059162,0.00020041476467888415,1.0011816135351788,0.00020041811846689895
-0.14513888888888893,3.8548611111111111,120,synthetic_segment_001,1.0007002905673037,0.00020069350565896609,1.0007170365223548,0.00020069686411149828
-0.14305555555555549,3.8569444444444443,120,synthetic_segment_001,1.0006660139124539,0.00020097224663904797,1.0006827592939114,0.00020097560975609758
-0.14097222222222228,3.8590277777777775,120,synthetic_segment_001,1.0009701703428759,0.00020125098761912986,1.0009869208141591,0.00020125435540069688
-0.13888888888888884,3.8611111111111112,120,synthetic_segment_001,1.0015431750033732,0.00020152972859921179,1.0015599350634516,0.0002015331010452962
-0.13680555555555562,3.8631944444444444,120,synthetic_segment_001,1.0006874048330032,0.00020180846957929368,1.0007041505724215,0.00020181184668989551
-0.13472222222222219,3.865277777777778,120,synthetic_segment_001,0.99945136458470274,0.00020208721055937559,0.9994680896399315,0.00020209059233449481
-0.13263888888888897,3.8673611111111112,120,synthetic_segment_001,0.99976349663799002,0.00020236595153945745,0.99978022691651025,0.00020236933797909408
-0.13055555555555554,3.8694444444444445,120,synthetic_segment_001,0.99868185844546453,0.00020264469251953933,0.99869857062359579,0.00020264808362369338
-0.12847222222222232,3.8715277777777777,120,synthetic_segment_001,0.99892560303920042,0.00020292343349962127,0.99894231929621125,0.00020292682926829271
-0.12638888888888888,3.8736111111111109,120,synthetic_segment_001,0.99925762612239266,0.00020320217447970316,0.99927434793555625,0.00020320557491289201
-0.12430555555555567,3.8756944444444441,120,synthetic_segment_001,0.99850326092567077,0.00020348091545978504,0.99851997011510896,0.00020348432055749131
-0.12222222222222223,3.8777777777777778,120,synthetic_segment_001,0.99951535994011032,0.00020375965643986693,0.99953208606625243,0.00020376306620209058
-0.12013888888888902,3.879861111111111,120,synthetic_segment_001,0.99906874352061892,0.00020403839741994881,0.99908546217297645,0.00020404181184668988
-0.11805555555555558,3.8819444444444446,120,synthetic_segment_001,0.99908824542204366,0.00020431713840003075,0.99910496440075058,0.00020432055749128921
-0.11597222222222237,3.8840277777777779,120,synthetic_segment_001,0.99888332499538723,0.00020459587938011263,0.99890004054490733,0.00020459930313588851
-0.11388888888888893,3.8861111111111111,120,synthetic_segment_001,0.99866385315916528,0.00020487462036019452,0.99868056503599179,0.00020487804878048781
-0.11180555555555549,3.8881944444444443,120,synthetic_segment_001,0.99834487716647058,0.00020515336134027646,0.99836158370547745,0.00020515679442508714
-0.10972222222222228,3.8902777777777775,120,synthetic_segment_001,0.99953126628462352,0.00020543210232035834,0.99954799267694616,0.00020543554006968644
-0.10763888888888884,3.8923611111111112,120,synthetic_segment_001,0.99958215188700672,0.0002057108433004402,0.9995988791308611,0.00020571428571428572
-0.10555555555555562,3.8944444444444444,120,synthetic_segment_001,0.99924987457961756,0.00020598958428052211,0.99926659626306502,0.00020599303135888502
-0.10347222222222219,3.896527777777778,120,synthetic_segment_001,1.0001189647250703,0.000206268325260604,1.0001357009520775,0.00020627177700348432
-0.10138888888888897,3.8986111111111112,120,synthetic_segment_001,1.0000391101585122,0.00020654706624068594,1.0000558450492143,0.00020655052264808364
-0.099305555555555536,3.9006944444444445,120,synthetic_segment_001,0.99948549540387577,0.00020682580722076782,0.99950222103025776,0.00020682926829268295
-0.097222222222222321,3.9027777777777777,120,synthetic_segment_001,1.0007097867710564,0.00020710454820084971,1.0007265328850192,0.00020710801393728225
-0.095138888888888884,3.9048611111111109,120,synthetic_segment_001,1.0012934521899419,0.00020738328918093165,1.0013102080710998,0.00020738675958188157
-0.093055555555555669,3.9069444444444441,120,synthetic_segment_001,1.0008612762190734,0.00020766203016101348,1.0008780248680964,0.00020766550522648082
-0.090972222222222232,3.9090277777777778,120,synthetic_segment_001,1.0011727323991828,0.00020794077114109539,1.0011894862601871,0.00020794425087108015
-0.088888888888889017,3.911111111111111,120,synthetic_segment_001,1.0017158458602695,0.0002082195121211773,1.0017326088098628,0.00020822299651567945
-0.08680555555555558,3.9131944444444446,120,synthetic_segment_001,1.0008289719634447,0.00020849825310125918,1.0008457200718808,0.00020850174216027875
-0.084722222222222365,3.9152777777777779,120,synthetic_segment_001,1.0016158660319046,0.00020877699408134112,1.0016326273084117,0.00020878048780487808
-0.082638888888888928,3.9173611111111111,120,synthetic_segment_001,0.99946148652731526,0.00020905573506142301,0.99947821175192697,0.00020905923344947738
-0.080555555555555491,3.9194444444444443,120,synthetic_segment_001,0.99966366345663649,0.00020933447604150489,0.99968039206452475,0.00020933797909407668
-0.078472222222222276,3.9215277777777775,120,synthetic_segment_001,1.0009081552200711,0.00020961321702158678,1.0009249046535784,0.00020961672473867595
-0.07638888888888884,3.9236111111111112,120,synthetic_segment_001,1.000440372939513,0.00020989195800166866,1.0004571145450412,0.00020989547038327525
-0.074305555555555625,3.9256944444444444,120,synthetic_segment_001,0.99938009577162956,0.00021017069898175057,0.99939681963422911,0.00021017421602787458
-0.072222222222222188,3.927777777777778,120,synthetic_segment_001,0.99998618817403118,0.00021044943996183249,1.0000029221791242,0.00021045296167247388
-0.070138888888888973,3.9298611111111112,120,synthetic_segment_001,1.0003822120915082,0.00021072818094191437,1.0003989527237591,0.00021073170731707318
-0.068055555555555536,3.9319444444444445,120,synthetic_segment_001,0.99909013044503525,0.00021100692192199631,0.99910684945528661,0.00021101045296167251
-0.065972222222222321,3.9340277777777777,120,synthetic_segment_001,0.99964512914067216,0.00021128566290207819,0.99966185743840275,0.00021128919860627181
-0.063888888888888884,3.9361111111111109,120,synthetic_segment_001,0.99923522581133573,0.00021156440388216005,0.99925194724964717,0.00021156794425087109
-0.061805555555555669,3.9381944444444441,120,synthetic_segment_001,0.99923257386145958,0.00021184314486224196,0.99924929525539274,0.00021184668989547039
-0.059722222222222232,3.9402777777777778,120,synthetic_segment_001,0.99879516429468562,0.00021212188584232385,0.99881187836890373,0.00021212543554006969
-0.057638888888889017,3.942361111111111,120,synthetic_segment_001,0.99933929948005762,0.00021240062682240576,0.99935602265996248,0.00021240418118466901
-0.05555555555555558,3.9444444444444446,120,synthetic_segment_001,0.99941549735704927,0.00021267936780248767,0.99943222181206737,0.00021268292682926832
-0.053472222222222365,3.9465277777777779,120,synthetic_segment_001,0.99914268047204124,0.00021295810878256953,0.99915940036167716,0.00021296167247386759
-0.051388888888888928,3.9486111111111111,120,synthetic_segment_001,0.99849794743078857,0.0002132368497626515,0.99851465653130944,0.00021324041811846694
-0.049305555555555491,3.9506944444444443,120,synthetic_segment_001,0.99920736651005193,0.00021351559074273333,0.9992240874821593,0.00021351916376306619
-0.047222222222222276,3.9527777777777775,120,synthetic_segment_001,1.0006542194475581,0.00021379433172281524,1.0006709646316443,0.00021379790940766552
-0.04513888888888884,3.9548611111111112,120,synthetic_segment_001,1.0000348465474298,0.00021407307270289715,1.0000515813667836,0.00021407665505226482
-0.043055555555555625,3.9569444444444444,120,synthetic_segment_001,0.99967803519388299,0.00021435181368297904,0.99969476404227131,0.00021435540069686412
-0.040972222222222188,3.959027777777778,120,synthetic_segment_001,1.0001970414230488,0.00021463055466306095,1.0002137789566099,0.00021463414634146345
-0.038888888888888973,3.9611111111111112,120,synthetic_segment_001,1.0010246378170073,0.00021490929564314281,1.001041389199762,0.00021491289198606269
-0.036805555555555536,3.9631944444444445,120,synthetic_segment_001,1.0002009453301817,0.00021518803662322474,1.0002176829290716,0.00021519163763066205
-0.034722222222222321,3.9652777777777777,120,synthetic_segment_001,1.0001816026590427,0.00021546677760330663,1.0001983399342478,0.00021547038327526132
-0.032638888888888884,3.9673611111111109,120,synthetic_segment_001,1.0002898623029235,0.00021574551858338851,1.0003066013897712,0.00021574912891986062
-0.030555555555555669,3.9694444444444441,120,synthetic_segment_001,1.0008546773636116,0.00021602425956347043,1.0008714259022078,0.00021602787456445995
-0.028472222222222232,3.9715277777777778,120,synthetic_segment_001,1.0015338484648069,0.00021630300054355234,1.0015506083688128,0.00021630662020905925
-0.026388888888889017,3.973611111111111,120,synthetic_segment_001,0.99991550054818634,0.00021658174152363422,0.99993223337037596,0.00021658536585365855
-0.02430555555555558,3.9756944444444446,120,synthetic_segment_001,1.0010401980700081,0.00021686048250371608,1.0010569497131516,0.00021686411149825783
-0.022222222222222365,3.9777777777777779,120,synthetic_segment_001,1.0006212489990802,0.00021713922348379799,1.0006379936314311,0.00021714285714285713
-0.020138888888888928,3.9798611111111111,120,synthetic_segment_001,0.99821412078964633,0.0002174179644638799,0.99823082514054517,0.00021742160278745646
-0.018055555555555491,3.9819444444444443,120,synthetic_segment_001,0.99600520789494174,0.00021769670544396182,0.99602187528137043,0.00021770034843205576
-0.015972222222222276,3.9840277777777775,120,synthetic_segment_001,0.99591170595758705,0.0002179754464240437,0.99592837177933213,0.00021797909407665506
-0.01388888888888884,3.9861111111111112,120,synthetic_segment_001,0.99498088103040783,0.00021825418740412561,0.99499753127550872,0.00021825783972125438
-0.011805555555555625,3.9881944444444444,120,synthetic_segment_001,0.99552506388653017,0.00021853292838420752,0.99554172323811552,0.00021853658536585369
-0.0097222222222221877,3.990277777777778,120,synthetic_segment_001,0.99357078870539661,0.00021881166936428938,0.99358741535367945,0.00021881533101045296
-0.0076388888888889728,3.9923611111111112,120,synthetic_segment_001,0.9942723615375767,0.00021909041034437127,0.99428899992614506,0.00021909407665505226
-0.0055555555555555358,3.9944444444444445,120,synthetic_segment_001,0.99386654890533732,0.00021936915132445318,0.99388318050294122,0.00021937282229965156
-0.0034722222222223209,3.9965277777777777,120,synthetic_segment_001,0.99369942513096943,0.00021964789230453509,0.99371605393188467,0.00021965156794425089
-0.001388888888888884,3.9986111111111109,120,synthetic_segment_001,0.99402146922327728,0.000219926633284617,0.99403810341335441,0.00021993031358885019
0.00069444444444433095,4.0006944444444441,120,synthetic_segment_001,0.99292539689535708,0.00022020537426469889,0.99294201274350091,0.00022020905923344949
0.0027777777777777679,4.0027777777777782,120,synthetic_segment_001,0.99392051119597791,0.0002204841152447808,0.99393714369659958,0.00022048780487804882
0.0048611111111109828,4.0048611111111114,120,synthetic_segment_001,0.99326290488419422,0.00022076285622486266,0.9932795263802765,0.00022076655052264806
0.0069444444444444198,4.0069444444444446,120,synthetic_segment_001,0.99465655455834201,0.00022104159720494457,0.99467319937608711,0.00022104529616724739
0.0090277777777776347,4.0090277777777779,120,synthetic_segment_001,0.99344613636279722,0.00022132033818502645,0.99346276092511832,0.00022132404181184669
0.011111111111111072,4.0111111111111111,120,synthetic_segment_001,0.99352609541837922,0.00022159907916510836,0.9935427213187541,0.00022160278745644599
0.013194444444444509,4.0131944444444443,120,synthetic_segment_001,0.9939358830771402,0.00022187782014519028,0.99395251583499855,0.00022188153310104532
0.015277777777777724,4.0152777777777775,120,synthetic_segment_001,0.99470588089865475,0.00022215656112527219,0.99472252654183846,0.00022216027874564462
0.01736111111111116,4.0173611111111107,120,synthetic_segment_001,0.99634710165544904,0.00022243530210535407,0.99636377476320859,0.00022243902439024392
0.019444444444444375,4.0194444444444439,120,synthetic_segment_001,0.99523878393222376,0.00022271404308543593,0.9952554384931328,0.0002227177700348432
0.021527777777777812,4.021527777777778,120,synthetic_segment_001,0.99825573362865294,0.00022299278406551784,0.99827243867591087,0.0002229965156794425
0.023611111111111027,4.0236111111111112,120,synthetic_segment_001,1.0010402158434168,0.00022327152504559975,1.0010569674868579,0.00022327526132404183
0.025694444444444464,4.0256944444444445,120,synthetic_segment_001,1.0017228945807972,0.00022355026602568164,1.0017396576483455,0.00022355400696864113
0.027777777777777679,4.0277777777777777,120,synthetic_segment_001,1.001139789332973,0.00022382900700576355,1.0011565426427003,0.00022383275261324043
0.029861111111111116,4.0298611111111109,120,synthetic_segment_001,1.0007424744411475,0.00022410774798584546,1.0007592211021137,0.00022411149825783975
0.031944444444444331,4.0319444444444441,120,synthetic_segment_001,1.0005818292481963,0.00022438648896592738,1.0005985732208877,0.00022439024390243906
0.034027777777777768,4.0340277777777782,120,synthetic_segment_001,1.000079912213633,0.00022466522994600923,1.0000966477871263,0.00022466898954703833
0.036111111111110983,4.0361111111111114,120,synthetic_segment_001,1.0008593215862156,0.00022494397092609112,1.0008760702025294,0.00022494773519163763
0.03819444444444442,4.0381944444444446,120,synthetic_segment_001,1.0010942118792208,0.00022522271190617303,1.0011109644262441,0.00022522648083623693
0.040277777777777635,4.0402777777777779,120,synthetic_segment_001,1.0003601944405194,0.00022550145288625494,1.0003769347043217,0.00022550522648083626
0.042361111111111072,4.0423611111111111,120,synthetic_segment_001,1.0010575325297593,0.00022578019386633683,1.0010742844629819,0.00022578397212543556
0.044444444444444509,4.0444444444444443,120,synthetic_segment_001,1.0002857971593748,0.00022605893484641871,1.0003025361781954,0.00022606271777003483
0.046527777777777724,4.0465277777777775,120,synthetic_segment_001,0.99956276916483033,0.00022633767582650065,0.99957949608432961,0.00022634146341463419
0.04861111111111116,4.0486111111111107,120,synthetic_segment_001,1.0007942073642109,0.00022661641680658251,1.0008109548908879,0.00022662020905923343
0.050694444444444375,4.0506944444444439,120,synthetic_segment_001,1.0002503108082161,0.00022689515778666442,1.0002670492331998,0.00022689895470383276
0.052777777777777812,4.052777777777778,120,synthetic_segment_001,0.99934058129421632,0.0002271738987667463,0.99935730449557136,0.00022717770034843206
0.054861111111111027,4.0548611111111112,120,synthetic_segment_001,0.99925955567800429,0.00022745263974682822,0.99927627752345749,0.00022745644599303136
0.056944444444444464,4.0569444444444445,120,synthetic_segment_001,0.999538374640071,0.00022773138072691013,0.9995551011513466,0.00022773519163763069
0.059027777777777679,4.0590277777777777,120,synthetic_segment_001,0.99893050110809123,0.00022801012170699196,0.99894721744706749,0.00022801393728222994
0.061111111111111116,4.0611111111111109,120,synthetic_segment_001,0.99988029363378128,0.00022828886268707392,0.99989702586681006,0.00022829268292682929
0.063194444444444331,4.0631944444444441,120,synthetic_segment_001,0.99978382826172785,0.00022856760366715578,0.99980055888048236,0.00022857142857142857
0.065277777777777768,4.0652777777777782,120,synthetic_segment_001,0.99920105007450055,0.00022884634464723769,0.99921777094090714,0.00022885017421602787
0.067361111111110983,4.0673611111111114,120,synthetic_segment_001,0.99968116847398325,0.00022912508562731961,0.99969789737480452,0.0002291289198606272
0.06944444444444442,4.0694444444444446,120,synthetic_segment_001,0.99908092826997452,0.00022940382660740149,0.9990976471262345,0.0002294076655052265
0.071527777777777635,4.0715277777777779,120,synthetic_segment_001,0.9996366127111157,0.0002296825675874834,0.9996533408663304,0.0002296864111498258
0.073611111111111072,4.0736111111111111,120,synthetic_segment_001,0.99943121314904737,0.00022996130856756526,0.99944793786705721,0.00022996515679442507
0.075694444444444509,4.0756944444444443,120,synthetic_segment_001,1.0010030252538176,0.00023024004954764714,1.0010197762749025,0.00023024390243902437
0.077777777777777724,4.0777777777777775,120,synthetic_segment_001,1.0000464399520297,0.00023051879052772908,1.0000631749653901,0.0002305226480836237
0.07986111111111116,4.0798611111111107,120,synthetic_segment_001,1.0012943706278958,0.00023079753150781097,1.001311126524423,0.000230801393728223
0.081944444444444375,4.0819444444444439,120,synthetic_segment_001,1.0010265852191318,0.00023107627248789288,1.0010433366344746,0.0002310801393728223
0.084027777777777812,4.084027777777778,120,synthetic_segment_001,1.0012060661185307,0.00023135501346797479,1.0012228205373495,0.00023135888501742163
0.086111111111111027,4.0861111111111112,120,synthetic_segment_001,1.0002869136740802,0.00023163375444805668,1.0003036527115847,0.00023163763066202093
0.088194444444444464,4.0881944444444445,120,synthetic_segment_001,1.0004485836928472,0.00023191249542813856,1.000465325435776,0.0002319163763066202
0.090277777777777679,4.0902777777777777,120,synthetic_segment_001,1.000350201458758,0.00023219123640822045,1.0003669415553353,0.0002321951219512195
0.092361111111111116,4.0923611111111109,120,synthetic_segment_001,1.0003197227335374,0.00023246997738830233,1.0003364623200766,0.0002324738675958188
0.094444444444444331,4.0944444444444441,120,synthetic_segment_001,1.0005307490947772,0.00023274871836838427,1.0005474922126814,0.00023275261324041813
0.096527777777777768,4.0965277777777782,120,synthetic_segment_001,0.99933547885941931,0.00023302745934846616,0.99935220197538899,0.00023303135888501743
0.098611111111110983,4.0986111111111114,120,synthetic_segment_001,1.0003447893943858,0.00023330620032854807,1.0003615294003962,0.00023331010452961673
0.10069444444444442,4.1006944444444446,120,synthetic_segment_001,1.0001831010187792,0.00023358494130862998,1.0001998383190582,0.00023358885017421606
0.10277777777777763,4.1027777777777779,120,synthetic_segment_001,1.0000164072531723,0.00023386368228871181,1.0000331417639585,0.00023386759581881531
0.10486111111111107,4.1048611111111111,120,synthetic_segment_001,0.99992915734607368,0.00023414242326879375,0.99994589039679938,0.00023414634146341464
0.10694444444444451,4.1069444444444443,120,synthetic_segment_001,0.99964072820003469,0.00023442116424887563,0.99965745642411896,0.00023442508710801394
0.10902777777777772,4.1090277777777775,120,synthetic_segment_001,0.99920672636934882,0.00023469990522895752,0.99922344733074386,0.00023470383275261324
0.11111111111111116,4.1111111111111107,120,synthetic_segment_001,0.99911845655377163,0.00023497864620903946,0.9991351760380387,0.00023498257839721257
0.11319444444444438,4.1131944444444439,120,synthetic_segment_001,0.99998359274682769,0.00023525738718912134,1.0000003267084883,0.00023526132404181187
0.11527777777777781,4.115277777777778,120,synthetic_segment_001,0.99916143103657218,0.00023553612816920325,0.99917815123998444,0.00023554006968641117
0.11736111111111103,4.1173611111111112,120,synthetic_segment_001,0.99881034123880941,0.00023581486914928511,0.99882705556700202,0.00023581881533101044
0.11944444444444446,4.1194444444444445,120,synthetic_segment_001,0.99855658168073602,0.00023609361012936702,0.99857329176245624,0.00023609756097560977
0.12152777777777768,4.1215277777777777,120,synthetic_segment_001,0.99867591673010037,0.00023637235110944894,0.9986926288088015,0.00023637630662020907
0.12361111111111112,4.1236111111111109,120,synthetic_segment_001,0.99872545878674257,0.00023665109208953082,0.9987421716944922,0.00023665505226480837
0.12569444444444433,4.1256944444444441,120,synthetic_segment_001,0.99994821864212002,0.00023692983306961273,0.99996495201182189,0.0002369337979094077
0.12777777777777777,4.1277777777777782,120,synthetic_segment_001,0.99911643772047753,0.00023720857404969459,0.99913315717096107,0.00023721254355400694
0.12986111111111098,4.1298611111111114,120,synthetic_segment_001,0.99882748791458342,0.00023748731502977653,0.99884420252971262,0.0002374912891986063
0.13194444444444442,4.1319444444444446,120,synthetic_segment_001,1.0000345575507155,0.00023776605600985841,1.0000512923652332,0.00023777003484320557
0.13402777777777763,4.1340277777777779,120,synthetic_segment_001,0.99995072242283989,0.0002380447969899403,0.99996745583444069,0.00023804878048780487
0.13611111111111107,4.1361111111111111,120,synthetic_segment_001,1.0003156686818446,0.00023832353797002221,1.0003324082005423,0.0002383275261324042
0.13819444444444451,4.1381944444444443,120,synthetic_segment_001,0.99846432527983242,0.00023860227895010412,0.99848103381771225,0.0002386062717770035
0.14027777777777772,4.1402777777777775,120,synthetic_segment_001,1.0007390879157658,0.00023888101993018601,1.0007558345200609,0.0002388850174216028
0.14236111111111116,4.1423611111111107,120,synthetic_segment_001,1.0005829114946492,0.00023915976091026786,1.0005996554854513,0.00023916376306620208
0.14444444444444438,4.1444444444444439,120,synthetic_segment_001,1.0003938859023869,0.00023943850189034983,1.0004106267299899,0.00023944250871080143
0.14652777777777781,4.146527777777778,120,synthetic_segment_001,1.0016024361619509,0.00023971724287043169,1.0016191972137196,0.00023972125435540071
0.14861111111111103,4.1486111111111112,120,synthetic_segment_001,1.0017230423455443,0.0002399959838505136,1.0017398054155653,0.00024000000000000001
-0.14861111111111114,5.8513888888888888,120,synthetic_segment_002,0.99925359315993501,0.0001600292228700647,1.0190525422729342,0.00016320000000000001
-0.14652777777777781,5.853472222222222,120,synthetic_segment_002,0.99983265710821345,0.00016030801942558745,1.0196430796426981,0.00016348432055749131
-0.14444444444444443,5.8555555555555552,120,synthetic_segment_002,0.99902543345401484,0.00016058681598111021,1.0188198618703279,0.00016376864111498259
-0.1423611111111111,5.8576388888888893,120,synthetic_segment_002,0.99872027801331775,0.00016086561253663296,1.0185086601596116,0.00016405296167247387
-0.14027777777777778,5.8597222222222225,120,synthetic_segment_002,0.99854960477314203,0.00016114440909215577,1.0183346052445335,0.0001643372822299652
-0.13819444444444445,5.8618055555555557,120,synthetic_segment_002,0.9992100036815238,0.00016142320564767849,1.0190080891240085,0.00016462160278745647
-0.13611111111111107,5.8638888888888889,120,synthetic_segment_002,0.99987522158985931,0.00016170200220320125,1.0196864874858409,0.00016490592334494775
-0.13402777777777775,5.8659722222222221,120,synthetic_segment_002,0.99915961506110385,0.00016198079875872403,1.0189567021166541,0.00016519024390243905
-0.13194444444444442,5.8680555555555554,120,synthetic_segment_002,0.9986189081734218,0.00016225959531424678,1.0184052818042444,0.00016547456445993033
-0.12986111111111109,5.8701388888888886,120,synthetic_segment_002,0.99918665557553432,0.00016253839186976957,1.0189842784047589,0.00016575888501742163
-0.12777777777777777,5.8722222222222218,120,synthetic_segment_002,0.99986038212843986,0.00016281718842529229,1.0196713539992175,0.00016604320557491291
-0.12569444444444444,5.8743055555555559,120,synthetic_segment_002,1.0000807650340355,0.00016309598498081505,1.0198961035140133,0.00016632752613240419
-0.12361111111111112,5.8763888888888891,120,synthetic_segment_002,0.99989996172951878,0.00016337478153633783,1.0197117178201511,0.00016661184668989549
-0.12152777777777779,5.8784722222222223,120,synthetic_segment_002,1.0011591116875138,0.00016365357809186058,1.020995816245797,0.00016689616724738677
-0.11944444444444446,5.8805555555555555,120,synthetic_segment_002,0.99984213725196103,0.00016393237464738334,1.0196527476235322,0.00016718048780487807
-0.11736111111111114,5.8826388888888888,120,synthetic_segment_002,1.0013066991277038,0.00016421117120290612,1.0211463279448918,0.00016746480836236937
-0.11527777777777781,5.884722222222222,120,synthetic_segment_002,1.0018323827203237,0.00016448996775842884,1.0216824272946039,0.00016774912891986062
-0.11319444444444443,5.8868055555555552,120,synthetic_segment_002,1.0014089109374045,0.00016476876431395165,1.0212505649526333,0.00016803344947735195
-0.1111111111111111,5.8888888888888893,120,synthetic_segment_002,1.0012888945163134,0.00016504756086947441,1.0211281705575923,0.00016831777003484323
-0.10902777777777778,5.8909722222222225,120,synthetic_segment_002,1.0010046293312542,0.00016532635742499716,1.0208382730165706,0.00016860209059233453
-0.10694444444444445,5.8930555555555557,120,synthetic_segment_002,1.001029739632429,0.00016560515398051991,1.0208638808466795,0.00016888641114982581
-0.10486111111111113,5.8951388888888889,120,synthetic_segment_002,1.0011158266532452,0.00016588395053604267,1.0209516735731905,0.00016917073170731709
-0.10277777777777775,5.8972222222222221,120,synthetic_segment_002,1.0006113745146448,0.00016616274709156545,1.0204372263519699,0.00016945505226480839
-0.10069444444444442,5.8993055555555554,120,synthetic_segment_002,1.0002315181129084,0.00016644154364708818,1.0200498435749275,0.00016973937282229967
-0.098611111111111094,5.9013888888888886,120,synthetic_segment_002,1.0005101622164121,0.00016672034020261093,1.0203340086597552,0.00017002369337979094
-0.096527777777777768,5.9034722222222218,120,synthetic_segment_002,1.0002480787959194,0.00016699913675813371,1.0200667323869763,0.00017030801393728225
-0.094444444444444442,5.9055555555555559,120,synthetic_segment_002,1.0001809599129978,0.00016727793331365647,1.0199982836280788,0.00017059233449477352
-0.092361111111111116,5.9076388888888891,120,synthetic_segment_002,1.000546115899686,0.00016755672986917925,1.0203706747198975,0.00017087665505226485
-0.09027777777777779,5.9097222222222223,120,synthetic_segment_002,0.99937339749480159,0.000167835526424702,1.0191747203795298,0.00017116097560975613
-0.088194444444444464,5.9118055555555555,120,synthetic_segment_002,0.99895380844911719,0.00016811432298022473,1.018746817706333,0.00017144529616724738
-0.086111111111111138,5.9138888888888888,120,synthetic_segment_002,0.99999590496853619,0.00016839311953574754,1.0198095620533907,0.00017172961672473871
-0.084027777777777812,5.915972222222222,120,synthetic_segment_002,0.99896218829225125,0.00016867191609127029,1.0187553635854854,0.00017201393728222999
-0.081944444444444431,5.9180555555555552,120,synthetic_segment_002,0.9997243192938523,0.00016895071264679302,1.0195325952512435,0.00017229825783972126
-0.079861111111111105,5.9201388888888893,120,synthetic_segment_002,0.99936293229334083,0.0001692295092023158,1.0191640478233068,0.00017258257839721257
-0.077777777777777779,5.9222222222222225,120,synthetic_segment_002,0.99951955107850665,0.00016950830575783855,1.0193237698120827,0.00017286689895470384
-0.075694444444444453,5.9243055555555557,120,synthetic_segment_002,0.99859864633825979,0.00016978710231336136,1.0183846185063845,0.00017315121951219517
-0.073611111111111127,5.9263888888888889,120,synthetic_segment_002,0.99986738598755798,0.00017006589886888406,1.0196784966309667,0.00017343554006968642
-0.071527777777777746,5.9284722222222221,120,synthetic_segment_002,0.99996886073272273,0.00017034469542440682,1.0197819819701683,0.0001737198606271777
-0.06944444444444442,5.9305555555555554,120,synthetic_segment_002,1.0003757790720154,0.00017062349197992962,1.0201969628829137,0.00017400418118466903
-0.067361111111111094,5.9326388888888886,120,synthetic_segment_002,0.99957474324159823,0.00017090228853545235,1.0193800555382457,0.00017428850174216028
-0.065277777777777768,5.9347222222222218,120,synthetic_segment_002,1.0003225737782853,0.00017118108509097516,1.0201427033934216,0.00017457282229965161
-0.063194444444444442,5.9368055555555559,120,synthetic_segment_002,1.0000504985788963,0.00017145988164649789,1.019865237367255,0.00017485714285714289
-0.061111111111111116,5.9388888888888891,120,synthetic_segment_002,1.0001473179096463,0.00017173867820202061,1.0199639750508795,0.00017514146341463414
-0.05902777777777779,5.9409722222222223,120,synthetic_segment_002,1.000765772555317,0.00017201747475754342,1.0205946835950022,0.00017542578397212547
-0.056944444444444464,5.9430555555555555,120,synthetic_segment_002,1.0012229570290647,0.00017229627131306618,1.0210609266022321,0.00017571010452961674
-0.054861111111111138,5.9451388888888888,120,synthetic_segment_002,1.001642345635507,0.0001725750678685889,1.0214886248647361,0.00017599442508710802
-0.052777777777777812,5.947222222222222,120,synthetic_segment_002,1.0008488349366875,0.00017285386442411168,1.0206793917526533,0.00017627874564459932
-0.050694444444444431,5.9493055555555552,120,synthetic_segment_002,1.0017493153146337,0.00017313266097963444,1.0215977140130827,0.0001765630662020906
-0.048611111111111105,5.9513888888888893,120,synthetic_segment_002,1.001587061423683,0.00017341145753515725,1.0214322452660112,0.00017684738675958193
-0.046527777777777779,5.9534722222222225,120,synthetic_segment_002,1.0014386875249011,0.00017369025409067997,1.0212809315256397,0.00017713170731707318
-0.044444444444444453,5.9555555555555557,120,synthetic_segment_002,1.0023685558098718,0.0001739690506462027,1.0222292239773905,0.00017741602787456446
-0.042361111111111127,5.9576388888888889,120,synthetic_segment_002,0.99971420239646291,0.00017424784720172551,1.0195222779002977,0.00017770034843205579
-0.040277777777777746,5.9597222222222221,120,synthetic_segment_002,1.0012827376881794,0.00017452664375724824,1.0211218917396774,0.00017798466898954704
-0.03819444444444442,5.9618055555555554,120,synthetic_segment_002,0.99945265719249043,0.00017480544031277102,1.0192555505081202,0.00017826898954703834
-0.036111111111111094,5.9638888888888886,120,synthetic_segment_002,0.99938392723494973,0.00017508423686829377,1.0191854587531928,0.00017855331010452964
-0.034027777777777768,5.9659722222222218,120,synthetic_segment_002,1.0005370518123249,0.00017536303342381652,1.0203614310390823,0.00017883763066202092
-0.031944444444444442,5.9680555555555559,120,synthetic_segment_002,1.0000360061381091,0.00017564182997933931,1.01985045777704,0.00017912195121951222
-0.029861111111111116,5.9701388888888891,120,synthetic_segment_002,1.0000906786245227,0.00017592062653486206,1.0199062135297874,0.0001794062717770035
-0.02777777777777779,5.9722222222222223,120,synthetic_segment_002,0.99962180469930617,0.00017619942309038481,1.0194280494593571,0.00017969059233449478
-0.025694444444444464,5.9743055555555555,120,synthetic_segment_002,0.99951837099808727,0.00017647821964590757,1.0193225663498588,0.00017997491289198608
-0.023611111111111138,5.9763888888888888,120,synthetic_segment_002,0.99914807948884121,0.00017675701620143032,1.0189449379815825,0.00018025923344947736
-0.021527777777777812,5.978472222222222,120,synthetic_segment_002,0.9980139092507242,0.00017703581275695313,1.0177882955912674,0.00018054355400696869
-0.019444444444444486,5.9805555555555552,120,synthetic_segment_002,0.99610304882614653,0.00017731460931247588,1.0158395738784569,0.00018082787456445996
-0.017361111111111105,5.9826388888888893,120,synthetic_segment_002,0.99472004855235352,0.00017759340586799858,1.014429171199277,0.00018111219512195121
-0.015277777777777779,5.9847222222222225,120,synthetic_segment_002,0.99551095927977928,0.00017787220242352139,1.0152357528248135,0.00018139651567944254
-0.013194444444444453,5.9868055555555557,120,synthetic_segment_002,0.99398670351169383,0.00017815099897904415,1.0136812958519548,0.00018168083623693382
-0.011111111111111072,5.9888888888888889,120,synthetic_segment_002,0.99371705458747672,0.0001784297955345669,1.0134063041745411,0.0001819651567944251
-0.0090277777777777457,5.9909722222222221,120,synthetic_segment_002,0.99459285580477563,0.00017870859209008968,1.0142994582878948,0.0001822494773519164
-0.0069444444444444198,5.9930555555555554,120,synthetic_segment_002,0.99406206064274172,0.00017898738864561241,1.0137581460894705,0.00018253379790940768
-0.0048611111111110938,5.9951388888888886,120,synthetic_segment_002,0.99469786504210767,0.00017926618520113519,1.0144065481507663,0.00018281811846689898
-0.0027777777777777679,5.9972222222222218,120,synthetic_segment_002,0.99533095377789016,0.00017954498175665794,1.0150521807410313,0.00018310243902439026
-0.00069444444444444198,5.9993055555555559,120,synthetic_segment_002,0.99547528825215492,0.0001798237783121807,1.0151993750207857,0.00018338675958188153
0.001388888888888884,6.0013888888888891,120,synthetic_segment_002,0.99461020506544751,0.00018010257486770345,1.014317151302276,0.00018367108013937284
0.0034722222222222099,6.0034722222222223,120,synthetic_segment_002,0.99602167579401102,0.00018038137142322621,1.0157565885423643,0.00018395540069686411
0.0055555555555555358,6.0055555555555555,120,synthetic_segment_002,0.99554130698610643,0.00018066016797874902,1.0152667018326496,0.00018423972125435544
0.0076388888888888618,6.0076388888888888,120,synthetic_segment_002,0.99500315151878993,0.00018093896453427177,1.0147178834937804,0.00018452404181184672
0.0097222222222221877,6.009722222222222,120,synthetic_segment_002,0.99531925984099612,0.0001812177610897945,1.0150402551035329,0.00018480836236933797
0.011805555555555514,6.0118055555555552,120,synthetic_segment_002,0.99500365943425406,0.00018149655764531728,1.0147184014729487,0.0001850926829268293
0.01388888888888884,6.0138888888888893,120,synthetic_segment_002,0.99668221769326526,0.00018177535420084003,1.0164302182458955,0.00018537700348432058
0.015972222222222276,6.0159722222222225,120,synthetic_segment_002,0.99661088967867295,0.00018205415075636279,1.0163574769566941,0.00018566132404181185
0.018055555555555491,6.0180555555555557,120,synthetic_segment_002,0.99642727910198514,0.00018233294731188557,1.0161702283681049,0.00018594564459930316
0.020138888888888928,6.0201388888888889,120,synthetic_segment_002,0.99619592932986589,0.00018261174386740829,1.015934294692163,0.00018622996515679443
0.022222222222222254,6.0222222222222221,120,synthetic_segment_002,0.99892615848186572,0.0001828905404229311,1.0187186198898686,0.00018651428571428576
0.02430555555555558,6.0243055555555554,120,synthetic_segment_002,1.0004588514021846,0.00018316933697845383,1.0202816811864865,0.00018679860627177701
0.026388888888888906,6.0263888888888886,120,synthetic_segment_002,1.0003888325680945,0.00018344813353397661,1.0202102750175472,0.00018708292682926832
0.028472222222222232,6.0284722222222218,120,synthetic_segment_002,1.0007438804834163,0.00018372693008949939,1.0205723577593198,0.00018736724738675962
0.030555555555555558,6.0305555555555559,120,synthetic_segment_002,0.99993250553040247,0.00018400572664502209,1.0197449064353863,0.00018765156794425087
0.032638888888888884,6.0326388888888891,120,synthetic_segment_002,1.000395085621919,0.00018428452320054487,1.0202166519677431,0.00018793588850174217
0.03472222222222221,6.0347222222222223,120,synthetic_segment_002,0.99903257674043622,0.00018456331975606765,1.0188271466919565,0.00018822020905923348
0.036805555555555536,6.0368055555555555,120,synthetic_segment_002,0.99947284726477836,0.00018484211631159041,1.0192761406212152,0.00018850452961672475
0.038888888888888862,6.0388888888888888,120,synthetic_segment_002,0.99897171840662469,0.00018512091286711316,1.0187650825270502,0.00018878885017421606
0.040972222222222188,6.040972222222222,120,synthetic_segment_002,0.99905615184023044,0.00018539970942263592,1.0188511889026066,0.00018907317073170733
0.043055555555555514,6.0430555555555552,120,synthetic_segment_002,0.99963396440878161,0.00018567850597815867,1.0194404500981329,0.00018935749128919861
0.04513888888888884,6.0451388888888893,120,synthetic_segment_002,0.99937625887228676,0.00018595730253368145,1.0191776384515994,0.00018964181184668991
0.047222222222222276,6.0472222222222225,120,synthetic_segment_002,1.0004749810535745,0.00018623609908920421,1.0202981304265666,0.00018992613240418119
0.049305555555555491,6.0493055555555557,120,synthetic_segment_002,1.0001805045644481,0.00018651489564472699,1.019997819257372,0.00019021045296167252
0.051388888888888928,6.0513888888888889,120,synthetic_segment_002,1.0004028592322993,0.00018679369220024971,1.0202245796024045,0.00019049477351916377
0.053472222222222254,6.0534722222222221,120,synthetic_segment_002,0.99941332298065777,0.00018707248875577249,1.0192154369385111,0.00019077909407665507
0.05555555555555558,6.0555555555555554,120,synthetic_segment_002,1.0006296637341789,0.00018735128531129528,1.0204558779493123,0.00019106341463414638
0.057638888888888906,6.0576388888888886,120,synthetic_segment_002,1.0013158300680025,0.00018763008186681798,1.0211556398032515,0.00019134773519163763
0.059722222222222232,6.0597222222222218,120,synthetic_segment_002,1.0006591687035058,0.00018790887842234076,1.0204859675223776,0.00019163205574912893
0.061805555555555558,6.0618055555555559,120,synthetic_segment_002,1.0018259683671467,0.00018818767497786354,1.0216758858491122,0.00019191637630662023
0.063888888888888884,6.0638888888888891,120,synthetic_segment_002,1.0007365910564399,0.00018846647153338629,1.0205649239015453,0.00019220069686411151
0.06597222222222221,6.0659722222222223,120,synthetic_segment_002,1.0004556516876519,0.00018874526808890905,1.0202784180736477,0.00019248501742160281
0.068055555555555536,6.0680555555555555,120,synthetic_segment_002,1.0006531621093326,0.0001890240646444318,1.02047984191512,0.00019276933797909409
0.070138888888888862,6.0701388888888888,120,synthetic_segment_002,1.0018707752791418,0.00018930286119995455,1.0217215805535322,0.00019305365853658537
0.072222222222222188,6.072222222222222,120,synthetic_segment_002,1.0012991734187047,0.00018958165775547734,1.0211386531234647,0.00019333797909407667
0.074305555555555514,6.0743055555555552,120,synthetic_segment_002,1.001199276414819,0.00018986045431100009,1.0210367767864947,0.00019362229965156795
0.07638888888888884,6.0763888888888893,120,synthetic_segment_002,1.000528940937141,0.00019013925086652287,1.0203531594571407,0.00019390662020905928
0.078472222222222276,6.0784722222222225,120,synthetic_segment_002,1.0015902219301132,0.00019041804742204563,1.0214354683938884,0.00019419094076655055
0.080555555555555491,6.0805555555555557,120,synthetic_segment_002,1.0001665167520626,0.00019069684397756838,1.0199835542941336,0.00019447526132404183
0.082638888888888928,6.0826388888888889,120,synthetic_segment_002,0.99972829534047947,0.00019097564053309116,1.0195366500782177,0.00019475958188153313
0.084722222222222254,6.0847222222222221,120,synthetic_segment_002,1.0005903578126387,0.00019125443708861386,1.020415793230532,0.00019504390243902438
0.08680555555555558,6.0868055555555554,120,synthetic_segment_002,0.99867667494490187,0.00019153323364413664,1.0184641931514125,0.00019532822299651569
0.088888888888888906,6.0888888888888886,120,synthetic_segment_002,0.99967899833268448,0.00019181203019965942,1.0194863763124151,0.00019561254355400699
0.090972222222222232,6.0909722222222218,120,synthetic_segment_002,0.99933587364419196,0.00019209082675518218,1.0191364530411671,0.00019589686411149827
0.093055555555555558,6.0930555555555559,120,synthetic_segment_002,0.99889963220607847,0.00019236962331070496,1.0186915680293969,0.00019618118466898957
0.095138888888888884,6.0951388888888891,120,synthetic_segment_002,0.99991527829649429,0.00019264841986622769,1.0197273378655751,0.00019646550522648085
0.09722222222222221,6.0972222222222223,120,synthetic_segment_002,1.0000783378578963,0.00019292721642175047,1.0198936282464415,0.00019674982578397215
0.099305555555555536,6.0993055555555555,120,synthetic_segment_002,0.99950986170510414,0.00019320601297727322,1.019313888455972,0.00019703414634146343
0.10138888888888886,6.1013888888888888,120,synthetic_segment_002,0.99958510838490588,0.00019348480953279597,1.0193906260537895,0.0001973184668989547
0.10347222222222219,6.103472222222222,120,synthetic_segment_002,1.0002489396546201,0.00019376360608831873,1.0200676103025059,0.00019760278745644601
0.10555555555555551,6.1055555555555552,120,synthetic_segment_002,0.99932581157924827,0.00019404240264384151,1.0191261916091026,0.00019788710801393731
0.10763888888888884,6.1076388888888893,120,synthetic_segment_002,0.99906661913280737,0.00019432119919936426,1.0188618635913786,0.00019817142857142859
0.10972222222222217,6.1097222222222225,120,synthetic_segment_002,0.99956088438105739,0.00019459999575488705,1.01936592208187,0.00019845574912891989
0.1118055555555556,6.1118055555555557,120,synthetic_segment_002,0.99995185175584933,0.0001948787923104098,1.0197646359818797,0.00019874006968641117
0.11388888888888893,6.1138888888888889,120,synthetic_segment_002,0.99886500556004187,0.00019515758886593253,1.0186562553000602,0.00019902439024390244
0.11597222222222225,6.1159722222222221,120,synthetic_segment_002,0.99945936815750414,0.00019543638542145531,1.0192623944424379,0.00019930871080139375
0.11805555555555558,6.1180555555555554,120,synthetic_segment_002,1.0002470166962181,0.00019571518197697806,1.0200656492431095,0.00019959303135888502
0.12013888888888891,6.1201388888888886,120,synthetic_segment_002,1.0005894230331041,0.00019599397853250087,1.0204148399295203,0.00019987735191637635
0.12222222222222223,6.1222222222222218,120,synthetic_segment_002,1.0001842074694132,0.00019627277508802357,1.0200015955307267,0.0002001616724738676
0.12430555555555556,6.1243055555555559,120,synthetic_segment_002,1.0016959107183918,0.00019655157164354635,1.0215432512721512,0.00020044599303135891
0.12638888888888888,6.1263888888888891,120,synthetic_segment_002,1.0015264737806902,0.0001968303681990691,1.0213704571553206,0.00020073031358885018
0.12847222222222221,6.1284722222222223,120,synthetic_segment_002,1.0013025956555943,0.00019710916475459186,1.0211421431676602,0.00020101463414634146
0.13055555555555554,6.1305555555555555,120,synthetic_segment_002,1.0012968130291144,0.00019738796131011464,1.0211362459657332,0.00020129895470383276
0.13263888888888886,6.1326388888888888,120,synthetic_segment_002,1.0008360541705521,0.00019766675786563739,1.0206663577517634,0.00020158327526132407
0.13472222222222219,6.134722222222222,120,synthetic_segment_002,1.0002707027205606,0.00019794555442116015,1.020089804576138,0.00020186759581881534
0.13680555555555551,6.1368055555555552,120,synthetic_segment_002,1.001359792430117,0.00019822435097668293,1.0212004732241005,0.00020215191637630665
0.13888888888888884,6.1388888888888893,120,synthetic_segment_002,1.0013326952781088,0.00019850314753220568,1.0211728391762158,0.00020243623693379792
0.14097222222222217,6.1409722222222225,120,synthetic_segment_002,1.000809929779801,0.00019878194408772841,1.0206397157391727,0.0002027205574912892
0.1430555555555556,6.1430555555555557,120,synthetic_segment_002,1.0008490361370064,0.00019906074064325119,1.0206795969395026,0.0002030048780487805
0.14513888888888893,6.1451388888888889,120,synthetic_segment_002,1.000342338976528,0.00019933953719877395,1.0201628602141284,0.00020328919860627178
0.14722222222222225,6.1472222222222221,120,synthetic_segment_002,0.99957905023669091,0.00019961833375429673,1.0193844478710117,0.00020357351916376308
0.14930555555555558,6.1493055555555554,120,synthetic_segment_002,0.99922279448165596,0.00019989713030981948,1.0190211333577062,0.00020385783972125436
-0.14861111111111125,6.8513888888888888,120,synthetic_segment_002,1.0009610541991885,0.00020017592686534224,1.020793834498245,0.00020414216027874566
-0.14652777777777803,6.853472222222222,120,synthetic_segment_002,1.0018292128648636,0.00020045472342086499,1.0216791946324575,0.00020442648083623694
-0.14444444444444438,6.8555555555555552,120,synthetic_segment_002,1.0012680077221521,0.00020073351997638777,1.0211068699179591,0.00020471080139372824
-0.14236111111111116,6.8576388888888893,120,synthetic_segment_002,1.0010483304515743,0.00020101231653191052,1.0208828400194485,0.00020499512195121952
-0.14027777777777795,6.8597222222222225,120,synthetic_segment_002,1.0004308702141467,0.00020129111308743328,1.0202531455865136,0.00020527944250871082
-0.13819444444444429,6.8618055555555557,120,synthetic_segment_002,1.0007669989900088,0.00020156990964295606,1.0205959343299498,0.00020556376306620213
-0.13611111111111107,6.8638888888888889,120,synthetic_segment_002,1.0008624831119812,0.00020184870619847884,1.0206933103493194,0.00020584808362369343
-0.13402777777777786,6.8659722222222221,120,synthetic_segment_002,1.0008158202935302,0.0002021275027540016,1.0206457229659989,0.00020613240418118471
-0.13194444444444464,6.8680555555555554,120,synthetic_segment_002,0.99919111179896103,0.00020240629930952432,1.01898882292263,0.00020641672473867596
-0.12986111111111098,6.8701388888888886,120,synthetic_segment_002,0.99992102463959476,0.00020268509586504708,1.0197331980652136,0.00020670104529616726
-0.12777777777777777,6.8722222222222218,120,synthetic_segment_002,0.9999055885049607,0.00020296389242056986,1.0197174560830486,0.00020698536585365856
-0.12569444444444455,6.8743055555555559,120,synthetic_segment_002,0.99948767863067145,0.00020324268897609261,1.0192912658519095,0.00020726968641114984
-0.12361111111111134,6.8763888888888891,120,synthetic_segment_002,1.0000513167730167,0.00020352148553161539,1.0198660717728596,0.00020755400696864114
-0.12152777777777768,6.8784722222222223,120,synthetic_segment_002,0.99953579823010663,0.00020380028208713809,1.0193403388804914,0.00020783832752613239
-0.11944444444444446,6.8805555555555555,120,synthetic_segment_002,0.99906833156825547,0.00020407907864266087,1.0188636099565744,0.0002081226480836237
-0.11736111111111125,6.8826388888888888,120,synthetic_segment_002,0.99910809297191738,0.00020435787519818366,1.0189041591822798,0.000208406968641115
-0.11527777777777803,6.884722222222222,120,synthetic_segment_002,0.99949352222381194,0.00020463667175370641,1.0192972252284749,0.00020869128919860628
-0.11319444444444438,6.8868055555555552,120,synthetic_segment_002,0.99859096979483275,0.00020491546830922919,1.0183767898619356,0.00020897560975609758
-0.11111111111111116,6.8888888888888893,120,synthetic_segment_002,0.99971587178581167,0.00020519426486475194,1.0195239803664899,0.00020925993031358888
-0.10902777777777795,6.8909722222222225,120,synthetic_segment_002,1.0007051879783533,0.00020547306142027473,1.0205328986110902,0.00020954425087108019
-0.10694444444444429,6.8930555555555557,120,synthetic_segment_002,0.99897384440169268,0.00020575185797579745,1.0187672506460279,0.00020982857142857144
-0.10486111111111107,6.8951388888888889,120,synthetic_segment_002,0.99910255692324279,0.00020603065453132021,1.018898513443786,0.00021011289198606271
-0.10277777777777786,6.8972222222222221,120,synthetic_segment_002,1.0002902052856542,0.00020630945108684296,1.020109693559951,0.00021039721254355402
-0.10069444444444464,6.8993055555555554,120,synthetic_segment_002,1.0007905425549479,0.00020658824764236574,1.0206199443809214,0.00021068153310104532
-0.098611111111110983,6.9013888888888886,120,synthetic_segment_002,1.0011351691044161,0.0002068670441978885,1.0209713992706255,0.0002109658536585366
-0.096527777777777768,6.9034722222222218,120,synthetic_segment_002,1.0022100351243872,0.00020714584075341128,1.0220675624045408,0.0002112501742160279
-0.094444444444444553,6.9055555555555559,120,synthetic_segment_002,1.0001397659519138,0.00020742463730893403,1.0199562734606333,0.0002115344947735192
-0.092361111111111338,6.9076388888888891,120,synthetic_segment_002,1.0008745086807673,0.00020770343386445676,1.0207055741895774,0.00021181881533101045
-0.090277777777777679,6.9097222222222223,120,synthetic_segment_002,1.0014414764215054,0.00020798223041997954,1.0212837756807112,0.00021210313588850176
-0.088194444444444464,6.9118055555555555,120,synthetic_segment_002,0.99997316850174844,0.00020826102697550229,1.0197863750922018,0.00021238745644599303
-0.086111111111111249,6.9138888888888888,120,synthetic_segment_002,1.0007251283590406,0.00020853982353102507,1.0205532340852603,0.00021267177700348434
-0.084027777777778034,6.915972222222222,120,synthetic_segment_002,1.0011460456463745,0.00020881862008654783,1.0209824913175389,0.00021295609756097564
-0.081944444444444375,6.9180555555555552,120,synthetic_segment_002,1.0009883622192737,0.00020909741664207058,1.0208216835922914,0.00021324041811846692
-0.07986111111111116,6.9201388888888893,120,synthetic_segment_002,1.0006770180242059,0.00020937621319759336,1.0205041705048457,0.00021352473867595822
-0.077777777777777946,6.9222222222222225,120,synthetic_segment_002,0.9998729351227027,0.00020965500975311609,1.0196841557152225,0.00021380905923344947
-0.075694444444444287,6.9243055555555557,120,synthetic_segment_002,1.0012104250544449,0.00020993380630863885,1.0210481463223477,0.00021409337979094077
-0.073611111111111072,6.9263888888888889,120,synthetic_segment_002,0.99910781834760143,0.00021021260286416163,1.0189038791166296,0.00021437770034843208
-0.071527777777777857,6.9284722222222221,120,synthetic_segment_002,0.99934651906439576,0.00021049139941968438,1.0191473093869401,0.00021466202090592335
-0.069444444444444642,6.9305555555555554,120,synthetic_segment_002,0.99920605142296026,0.00021077019597520716,1.0190040585564284,0.00021494634146341466
-0.067361111111110983,6.9326388888888886,120,synthetic_segment_002,0.99928229234288923,0.00021104899253072994,1.0190818100939867,0.00021523066202090596
-0.065277777777777768,6.9347222222222218,120,synthetic_segment_002,0.99979734252915708,0.0002113277890862527,1.0196070653498168,0.00021551498257839726
-0.063194444444444553,6.9368055555555559,120,synthetic_segment_002,1.0000324679376775,0.00021160658564177542,1.0198468494716313,0.00021579930313588851
-0.061111111111111338,6.9388888888888891,120,synthetic_segment_002,0.99885485960255271,0.00021188538219729818,1.0186459083132253,0.00021608362369337979
-0.059027777777777679,6.9409722222222223,120,synthetic_segment_002,0.9994967968209072,0.00021216417875282096,1.0193005647075797,0.00021636794425087109
-0.056944444444444464,6.9430555555555555,120,synthetic_segment_002,0.99860923948134495,0.00021244297530834371,1.0183954215392337,0.0002166522648083624
-0.054861111111111249,6.9451388888888888,120,synthetic_segment_002,0.99907936618205939,0.00021272177186386647,1.0188748632073277,0.00021693658536585367
-0.052777777777778034,6.947222222222222,120,synthetic_segment_002,0.99882263874572896,0.00021300056841938922,1.0186130490407792,0.00021722090592334495
-0.050694444444444375,6.9493055555555552,120,synthetic_segment_002,1.0004134393547199,0.00021327936497491203,1.0202353693566013,0.00021750522648083628
-0.04861111111111116,6.9513888888888893,120,synthetic_segment_002,1.0001252538723027,0.00021355816153043476,1.0199414738424757,0.00021778954703832753
-0.046527777777777946,6.9534722222222225,120,synthetic_segment_002,0.99946844553784375,0.00021383695808595751,1.0192716516796154,0.00021807386759581883
-0.044444444444444287,6.9555555555555557,120,synthetic_segment_002,0.9994299738971254,0.00021411575464148027,1.0192324177718788,0.00021835818815331011
-0.042361111111111072,6.9576388888888889,120,synthetic_segment_002,1.0004866889688973,0.00021439455119700305,1.0203100703194588,0.00021864250871080141
-0.040277777777777857,6.9597222222222221,120,synthetic_segment_002,1.0010975690023201,0.00021467334775252583,1.0209330541699493,0.00021892682926829272
-0.038194444444444642,6.9618055555555554,120,synthetic_segment_002,1.0013912458540377,0.0002149521443080485,1.0212325498579289,0.00021921114982578394
-0.036111111111110983,6.9638888888888886,120,synthetic_segment_002,1.0005224637250463,0.00021523094086357134,1.0203465539072611,0.0002194954703832753
-0.034027777777777768,6.9659722222222218,120,synthetic_segment_002,1.001523525527402,0.00021550973741909406,1.0213674504861134,0.00021977979094076655
-0.031944444444444553,6.9680555555555559,120,synthetic_segment_002,1.0017830134876951,0.00021578853397461684,1.0216320798729237,0.00022006411149825785
-0.029861111111111338,6.9701388888888891,120,synthetic_segment_002,1.0020083264452182,0.00021606733053013963,1.0218618571224054,0.00022034843205574915
-0.027777777777777679,6.9722222222222223,120,synthetic_segment_002,1.0008347421700976,0.00021634612708566235,1.0206650197556753,0.00022063275261324043
-0.025694444444444464,6.9743055555555555,120,synthetic_segment_002,1.000896476170934,0.00021662492364118513,1.0207279769378437,0.00022091707317073173
-0.023611111111111249,6.9763888888888888,120,synthetic_segment_002,1.0006604211281596,0.00021690372019670786,1.0204872447622455,0.00022120139372822298
-0.021527777777778034,6.978472222222222,120,synthetic_segment_002,0.99989388450652417,0.00021718251675223064,1.019705520184651,0.00022148571428571429
-0.019444444444444375,6.9805555555555552,120,synthetic_segment_002,0.9970666704989124,0.0002174613133077534,1.0168222884987927,0.00022177003484320559
-0.01736111111111116,6.9826388888888893,120,synthetic_segment_002,0.99598810636701718,0.00021774010986327615,1.0157223539795317,0.00022205435540069687
-0.015277777777777946,6.9847222222222225,120,synthetic_segment_002,0.99579141754487388,0.00021801890641879893,1.0155217680165551,0.00022233867595818817
-0.013194444444444287,6.9868055555555557,120,synthetic_segment_002,0.99480363147189732,0.00021829770297432171,1.0145144102089085,0.00022262299651567947
-0.011111111111111072,6.9888888888888889,120,synthetic_segment_002,0.99371111346548691,0.00021857649952984447,1.0134002453367155,0.00022290731707317075
-0.0090277777777778567,6.9909722222222221,120,synthetic_segment_002,0.99519500365198821,0.00021885529608536719,1.0149135369349234,0.00022319163763066203
-0.0069444444444446418,6.9930555555555554,120,synthetic_segment_002,0.99470828510936715,0.00021913409264088995,1.0144171746785107,0.0002234759581881533
-0.0048611111111109828,6.9951388888888886,120,synthetic_segment_002,0.99425067915957788,0.00021941288919641273,1.0139505018442232,0.00022376027874564461
-0.0027777777777777679,6.9972222222222218,120,synthetic_segment_002,0.99414575531299221,0.00021969168575193551,1.0138434990640079,0.00022404459930313591
-0.000694444444444553,6.9993055555555559,120,synthetic_segment_002,0.99284881073674458,0.00021997048230745824,1.0125208571674371,0.00022432891986062719
0.001388888888888884,7.0013888888888891,120,synthetic_segment_002,0.99353734081327127,0.00022024927886298102,1.0132230295986586,0.00022461324041811849
0.0034722222222223209,7.0034722222222223,120,synthetic_segment_002,0.99316971707224033,0.0002205280754185038,1.0128481218570584,0.00022489756097560979
0.0055555555555555358,7.0055555555555555,120,synthetic_segment_002,0.99434229908243232,0.0002208068719740265,1.014043937100245,0.00022518188153310102
0.0076388888888889728,7.0076388888888888,120,synthetic_segment_002,0.99466745922979938,0.00022108566852954931,1.0143755398856524,0.00022546620209059235
0.0097222222222221877,7.009722222222222,120,synthetic_segment_002,0.99559253648321677,0.00022136446508507203,1.0153189463776049,0.00022575052264808362
0.011805555555555625,7.0118055555555561,120,synthetic_segment_002,0.99385517406512469,0.00022164326164059482,1.0135471603153627,0.00022603484320557493
0.013888888888889062,7.0138888888888893,120,synthetic_segment_002,0.99464315956160287,0.0002219220581961176,1.0143507587501914,0.00022631916376306623
0.015972222222222276,7.0159722222222225,120,synthetic_segment_002,0.99588895127674892,0.00022220085475164035,1.0156212342562614,0.00022660348432055751
0.018055555555555713,7.0180555555555557,120,synthetic_segment_002,0.99511892265172064,0.0002224796513071631,1.0148359484856329,0.00022688780487804881
0.020138888888888928,7.0201388888888889,120,synthetic_segment_002,0.99614744918709841,0.00022275844786268583,1.0158848539765377,0.00022717212543554006
0.022222222222222365,7.0222222222222221,120,synthetic_segment_002,0.99917425074795896,0.00022303724441820861,1.0189716277911773,0.00022745644599303136
0.02430555555555558,7.0243055555555554,120,synthetic_segment_002,1.0003420014508781,0.00022331604097373139,1.0201625160008336,0.00022774076655052267
0.026388888888889017,7.0263888888888886,120,synthetic_segment_002,1.0015497625096903,0.00022359483752925415,1.0213942073211006,0.00022802508710801394
0.028472222222222232,7.0284722222222218,120,synthetic_segment_002,1.000713262150446,0.0002238736340847769,1.020541132762715,0.00022830940766550525
0.030555555555555669,7.0305555555555559,120,synthetic_segment_002,1.0012117359615562,0.00022415243064029968,1.0210494832034296,0.00022859372822299655
0.032638888888888884,7.0326388888888891,120,synthetic_segment_002,1.00096698064434,0.00022443122719582244,1.0207998783684293,0.00022887804878048783
0.034722222222222321,7.0347222222222223,120,synthetic_segment_002,1.0010873239306681,0.00022471002375134519,1.0209226061051295,0.0002291623693379791
0.036805555555555536,7.0368055555555555,120,synthetic_segment_002,1.0002771273098601,0.00022498882030686792,1.0200963564605678,0.00022944668989547038
0.038888888888888973,7.0388888888888888,120,synthetic_segment_002,1.0010697503803345,0.0002252676168623907,1.0209046843570702,0.00022973101045296168
0.040972222222222188,7.040972222222222,120,synthetic_segment_002,1.0005187250420069,0.00022554641341791348,1.0203427411469348,0.00023001533101045299
0.043055555555555625,7.0430555555555561,120,synthetic_segment_002,1.0004242097956964,0.00022582520997343624,1.0202463532002757,0.00023029965156794426
0.045138888888889062,7.0451388888888893,120,synthetic_segment_002,0.99956509262370952,0.00022610400652895899,1.0193702137055405,0.00023058397212543554
0.047222222222222276,7.0472222222222225,120,synthetic_segment_002,0.99985051950565473,0.00022638280308448177,1.0196612959610063,0.00023086829268292687
0.049305555555555713,7.0493055555555557,120,synthetic_segment_002,1.0002103051409079,0.0002266615996400045,1.0200282102946527,0.00023115261324041812
0.051388888888888928,7.0513888888888889,120,synthetic_segment_002,1.000427181131033,0.00022694039619552728,1.0202493834088728,0.00023143693379790942
0.053472222222222365,7.0534722222222221,120,synthetic_segment_002,0.99909453698268824,0.00022721919275105003,1.0188903345982288,0.0002317212543554007
0.05555555555555558,7.0555555555555554,120,synthetic_segment_002,1.0006460073477437,0.00022749798930657279,1.0204725453909578,0.000232005574912892
0.057638888888889017,7.0576388888888886,120,synthetic_segment_002,0.9992238604501803,0.00022777678586209557,1.0190222204470518,0.00023228989547038331
0.059722222222222232,7.0597222222222218,120,synthetic_segment_002,0.999450194418672,0.00022805558241761827,1.019253038937546,0.00023257421602787453
0.061805555555555669,7.0618055555555559,120,synthetic_segment_002,0.99987271973629643,0.0002283343789731411,1.0196839360612064,0.00023285853658536589
0.063888888888888884,7.0638888888888891,120,synthetic_segment_002,0.99961584999958553,0.00022861317552866383,1.019421976774775,0.00023314285714285714
0.065972222222222321,7.0659722222222223,120,synthetic_segment_002,0.99980475167289851,0.00022889197208418658,1.0196146212963928,0.00023342717770034844
0.068055555555555536,7.0680555555555555,120,synthetic_segment_002,1.0001245828474845,0.00022917076863970937,1.0199407895221475,0.00023371149825783974
0.070138888888888973,7.0701388888888888,120,synthetic_segment_002,0.99879491487191052,0.00022944956519523212,1.0185847758533824,0.00023399581881533102
0.072222222222222188,7.072222222222222,120,synthetic_segment_002,0.99964838636618458,0.0002297283617507549,1.0194551578084246,0.00023428013937282232
0.074305555555555625,7.0743055555555561,120,synthetic_segment_002,0.99990543207066296,0.0002300071583062776,1.0197172965492027,0.00023456445993031357
0.076388888888889062,7.0763888888888893,120,synthetic_segment_002,0.9989931255241723,0.00023028595486180035,1.0187869137996211,0.00023484878048780485
0.078472222222222276,7.0784722222222225,120,synthetic_segment_002,1.0007408822757937,0.00023056475141732316,1.0205693001459961,0.00023513310104529618
0.080555555555555713,7.0805555555555557,120,synthetic_segment_002,1.0010774448352078,0.00023084354797284592,1.020912531267858,0.00023541742160278746
0.082638888888888928,7.0826388888888889,120,synthetic_segment_002,1.0014922997896887,0.00023112234452836867,1.0213356060498073,0.00023570174216027876
0.084722222222222365,7.0847222222222221,120,synthetic_segment_002,1.0022380066258203,0.00023140114108389145,1.0220960881259809,0.00023598606271777006
0.08680555555555558,7.0868055555555554,120,synthetic_segment_002,1.0009135980790629,0.00023167993763941421,1.0207454380949781,0.00023627038327526134
0.088888888888889017,7.0888888888888886,120,synthetic_segment_002,1.0007108146278894,0.00023195873419493696,1.0205386367455871,0.00023655470383275262
0.090972222222222232,7.0909722222222218,120,synthetic_segment_002,1.0003098823709538,0.00023223753075045971,1.0201297605218675,0.00023683902439024389
0.093055555555555669,7.0930555555555559,120,synthetic_segment_002,0.99987057316427053,0.00023251632730598247,1.0196817469575643,0.0002371233449477352
0.095138888888888884,7.0951388888888891,120,synthetic_segment_002,1.0014704241239734,0.00023279512386150525,1.021313296945378,0.0002374076655052265
0.097222222222222321,7.0972222222222223,120,synthetic_segment_002,1.0010659184649879,0.000233073920417028,1.0209007765171558,0.00023769198606271778
0.099305555555555536,7.0993055555555555,120,synthetic_segment_002,1.0005749216666409,0.00023335271697255079,1.0204000512367781,0.00023797630662020908
0.10138888888888897,7.1013888888888888,120,synthetic_segment_002,1.0005712321103888,0.00023363151352807354,1.0203962885766245,0.00023826062717770038
0.10347222222222219,7.103472222222222,120,synthetic_segment_002,0.99912671809968245,0.00023391031008359624,1.0189231533434508,0.00023854494773519161
0.10555555555555562,7.1055555555555561,120,synthetic_segment_002,1.0003163114607871,0.00023418910663911905,1.020136316996004,0.00023882926829268294
0.10763888888888906,7.1076388888888893,120,synthetic_segment_002,1.0005652311519038,0.0002344679031946418,1.0203901687167187,0.00023911358885017421
0.10972222222222228,7.1097222222222225,120,synthetic_segment_002,0.99980737764311056,0.00023474669975016458,1.0196172992968913,0.00023939790940766552
0.11180555555555571,7.1118055555555557,120,synthetic_segment_002,0.99993241399180988,0.00023502549630568734,1.019744813083072,0.00023968222996515682
0.11388888888888893,7.1138888888888889,120,synthetic_segment_002,0.999089366988125,0.00023530429286121009,1.0188850621667467,0.0002399665505226481
0.11597222222222237,7.1159722222222221,120,synthetic_segment_002,0.99775668231325387,0.00023558308941673287,1.0175259720265941,0.0002402508710801394
0.11805555555555558,7.1180555555555554,120,synthetic_segment_002,0.99974617488821949,0.0002358618859722556,1.0195548838866362,0.00024053519163763065
0.12013888888888902,7.1201388888888886,120,synthetic_segment_002,0.99972815916057367,0.00023614068252777838,1.0195365112000789,0.00024081951219512198
0.12222222222222223,7.1222222222222218,120,synthetic_segment_002,0.99774138097284626,0.00023641947908330113,1.0175103675094332,0.00024110383275261326
0.12430555555555567,7.1243055555555559,120,synthetic_segment_002,0.99976744983840327,0.00023669827563882389,1.0195765803731136,0.00024138815331010453
0.12638888888888888,7.1263888888888891,120,synthetic_segment_002,0.99972971812714684,0.0002369770721943467,1.0195381010556077,0.00024167247386759586
0.12847222222222232,7.1284722222222223,120,synthetic_segment_002,0.99904740791142077,0.0002372558687498694,1.0188422717238805,0.00024195679442508709
0.13055555555555554,7.1305555555555555,120,synthetic_segment_002,0.99945472490599607,0.00023753466530539218,1.0192576591907601,0.00024224111498257842
0.13263888888888897,7.1326388888888888,120,synthetic_segment_002,0.99841858571843789,0.00023781346186091493,1.0182009902125773,0.00024252543554006969
0.13472222222222219,7.134722222222222,120,synthetic_segment_002,0.99959551424939308,0.00023809225841643769,1.0194012380973516,0.00024280975609756097
0.13680555555555562,7.1368055555555561,120,synthetic_segment_002,1.0001753582950599,0.00023837105497196049,1.0199925710211493,0.0002430940766550523
0.13888888888888906,7.1388888888888893,120,synthetic_segment_002,1.0006031226381684,0.00023864985152748322,1.0204288109749733,0.00024337839721254358
0.14097222222222228,7.1409722222222225,120,synthetic_segment_002,1.000048148244151,0.00023892864808300598,1.0198628404635923,0.00024366271777003485
0.14305555555555571,7.1430555555555557,120,synthetic_segment_002,1.0025081531141986,0.00023920744463852873,1.0223715872261618,0.00024394703832752613
0.14513888888888893,7.1451388888888889,120,synthetic_segment_002,1.0012797086841434,0.00023948624119405157,1.0211188027197482,0.00024423135888501749
0.14722222222222237,7.1472222222222221,120,synthetic_segment_002,1.0011264710823937,0.00023976503774957426,1.0209625289082718,0.00024451567944250871
0.14930555555555558,7.1493055555555554,120,synthetic_segment_002,1.0007305825288983,0.00024004383430509699,1.0205587963226119,0.00024479999999999999
