phase,time,exposure_time_seconds,segment_id,normalized_flux,normalized_flux_err,raw_flux,raw_flux_err
-0.15000000000000002,-0.14999999999999999,120,synthetic_segment_000,0.99999691754746833,0.00016000000000000001,0.97999697919651896,0.00015680000000000002
-0.1479166666666667,-0.14791666666666667,120,synthetic_segment_000,1.0001721709013662,0.00016027681660899656,0.98016872748333894,0.00015707128027681662
-0.14583333333333331,-0.14583333333333331,120,synthetic_segment_000,1.0007002040799116,0.00016055363321799311,0.9806861999983133,0.00015734256055363325
-0.14374999999999999,-0.14374999999999999,120,synthetic_segment_000,1.0001609718912774,0.00016083044982698964,0.98015775245345182,0.00015761384083044983
-0.14166666666666666,-0.14166666666666666,120,synthetic_segment_000,0.99955087263570264,0.00016110726643598616,0.9795598551829886,0.00015788512110726644
-0.13958333333333334,-0.13958333333333334,120,synthetic_segment_000,0.9998170856976254,0.00016138408304498271,0.97982074398367291,0.00015815640138408304
-0.13749999999999996,-0.13749999999999998,120,synthetic_segment_000,0.99941607839761715,0.00016166089965397926,0.97942775682966476,0.00015842768166089968
-0.13541666666666663,-0.13541666666666666,120,synthetic_segment_000,0.99918285238913696,0.00016193771626297582,0.97919919534135424,0.00015869896193771631
-0.1333333333333333,-0.13333333333333333,120,synthetic_segment_000,1.0001447823320786,0.00016221453287197231,0.980141886685437,0.00015897024221453286
-0.13124999999999998,-0.13125000000000001,120,synthetic_segment_000,0.99926431241674118,0.00016249134948096886,0.97927902616840634,0.00015924152249134949
-0.12916666666666665,-0.12916666666666665,120,synthetic_segment_000,0.99942801634164558,0.00016276816608996541,0.97943945601481264,0.0001595128027681661
-0.12708333333333333,-0.12708333333333333,120,synthetic_segment_000,1.0006038963868356,0.00016304498269896196,0.98059181845909882,0.00015978408304498273
-0.125,-0.125,120,synthetic_segment_000,0.99990707786814836,0.00016332179930795849,0.97990893631078535,0.00016005536332179931
-0.12291666666666667,-0.12291666666666666,120,synthetic_segment_000,1.0005289760052329,0.00016359861591695504,0.98051839648512829,0.00016032664359861594
-0.12083333333333335,-0.12083333333333332,120,synthetic_segment_000,1.0004686255069397,0.00016387543252595156,0.98045925299680092,0.00016059792387543252
-0.11875000000000002,-0.11874999999999999,120,synthetic_segment_000,1.0002320920535452,0.00016415224913494811,0.98022745021247437,0.00016086920415224915
-0.1166666666666667,-0.11666666666666667,120,synthetic_segment_000,0.99984803726761018,0.00016442906574394467,0.979851076522258,0.00016114048442906578
-0.11458333333333331,-0.11458333333333333,120,synthetic_segment_000,0.99909927722353875,0.00016470588235294119,0.97911729167906791,0.00016141176470588236
-0.11249999999999999,-0.11249999999999999,120,synthetic_segment_000,1.0004581569385098,0.00016498269896193774,0.9804489937997396,0.00016168304498269899
-0.11041666666666666,-0.11041666666666666,120,synthetic_segment_000,0.99961086243812458,0.00016525951557093426,0.97961864518936204,0.00016195432525951557
-0.10833333333333334,-0.10833333333333334,120,synthetic_segment_000,1.0005295341156291,0.00016553633217993081,0.98051894343331647,0.0001622256055363322
-0.10625000000000001,-0.10625,120,synthetic_segment_000,1.0001484569433348,0.00016581314878892737,0.98014548780446809,0.00016249688581314881
-0.10416666666666663,-0.10416666666666666,120,synthetic_segment_000,1.0000386269177182,0.00016608996539792389,0.98003785437936375,0.00016276816608996541
-0.1020833333333333,-0.10208333333333333,120,synthetic_segment_000,0.99974736287637911,0.00016636678200692044,0.97975241561885151,0.00016303944636678202
-0.099999999999999978,-0.099999999999999992,120,synthetic_segment_000,1.000640576201185,0.00016664359861591696,0.98062776467716128,0.00016331072664359862
-0.097916666666666652,-0.097916666666666652,120,synthetic_segment_000,0.99971375664473761,0.00016692041522491352,0.97971948151184285,0.00016358200692041523
-0.095833333333333326,-0.095833333333333326,120,synthetic_segment_000,1.0005127290530713,0.00016719723183391004,0.98050247447200989,0.00016385328719723184
-0.09375,-0.09375,120,synthetic_segment_000,1.0002286971090271,0.00016747404844290659,0.98022412316684648,0.00016412456747404847
-0.091666666666666674,-0.09166666666666666,120,synthetic_segment_000,0.99869509292248593,0.00016775086505190314,0.97872119106403621,0.00016439584775086507
-0.089583333333333348,-0.08958333333333332,120,synthetic_segment_000,0.99963838449015963,0.00016802768166089966,0.97964561680035644,0.00016466712802768168
-0.087500000000000022,-0.087499999999999994,120,synthetic_segment_000,1.0007934628794237,0.00016830449826989622,0.98077759362183525,0.00016493840830449828
-0.085416666666666696,-0.085416666666666669,120,synthetic_segment_000,1.0005689491745828,0.00016858131487889274,0.98055757019109113,0.00016520968858131489
-0.083333333333333315,-0.083333333333333329,120,synthetic_segment_000,0.99937517484191185,0.00016885813148788929,0.97938767134507365,0.00016548096885813149
-0.081249999999999989,-0.081249999999999989,120,synthetic_segment_000,0.99934282751766013,0.00016913494809688584,0.97935597096730687,0.00016575224913494813
-0.079166666666666663,-0.079166666666666663,120,synthetic_segment_000,1.0003762947415418,0.00016941176470588237,0.98036876884671087,0.0001660235294117647
-0.077083333333333337,-0.077083333333333323,120,synthetic_segment_000,1.0003314754905734,0.00016968858131487892,0.98032484598076197,0.00016629480968858134
-0.075000000000000011,-0.074999999999999997,120,synthetic_segment_000,1.0001527177373348,0.00016996539792387544,0.98014966338258813,0.00016656608996539791
-0.07291666666666663,-0.072916666666666657,120,synthetic_segment_000,0.99931523115416354,0.00017024221453287199,0.97932892653108028,0.00016683737024221455
-0.070833333333333304,-0.070833333333333331,120,synthetic_segment_000,0.99949353828343546,0.00017051903114186854,0.97950366751776674,0.00016710865051903118
-0.068749999999999978,-0.068749999999999992,120,synthetic_segment_000,1.0001712201116908,0.00017079584775086507,0.980167795709457,0.00016737993079584776
-0.066666666666666652,-0.066666666666666666,120,synthetic_segment_000,1.0003122331022927,0.00017107266435986159,0.98030598844024674,0.00016765121107266436
-0.064583333333333326,-0.064583333333333326,120,synthetic_segment_000,1.0004307074406034,0.00017134948096885814,0.98042209329179131,0.00016792249134948097
-0.0625,-0.0625,120,synthetic_segment_000,0.99989504760613002,0.00017162629757785469,0.9798971466540074,0.0001681937716262976
-0.060416666666666674,-0.06041666666666666,120,synthetic_segment_000,0.99980874594413494,0.00017190311418685124,0.97981257102525221,0.00016846505190311421
-0.058333333333333348,-0.058333333333333334,120,synthetic_segment_000,0.9997593899637125,0.00017217993079584777,0.97976420216443827,0.00016873633217993081
-0.056250000000000022,-0.056249999999999994,120,synthetic_segment_000,0.99997336995104913,0.00017245674740484429,0.9799739025520281,0.00016900761245674739
-0.054166666666666696,-0.054166666666666669,120,synthetic_segment_000,0.99947673702481798,0.00017273356401384084,0.97948720228432162,0.00016927889273356402
-0.052083333333333315,-0.052083333333333329,120,synthetic_segment_000,1.000724446001364,0.00017301038062283739,0.98070995708133668,0.00016955017301038065
-0.049999999999999989,-0.049999999999999989,120,synthetic_segment_000,0.99998929152109239,0.00017328719723183394,0.97998950569067056,0.00016982145328719726
-0.047916666666666663,-0.047916666666666663,120,synthetic_segment_000,0.99930438197233828,0.00017356401384083044,0.97931829433289153,0.00017009273356401384
-0.045833333333333337,-0.045833333333333323,120,synthetic_segment_000,1.0003454104672174,0.00017384083044982699,0.980338502257873,0.00017036401384083044
-0.043750000000000011,-0.043749999999999997,120,synthetic_segment_000,1.0014032014841245,0.00017411764705882354,0.98137513745444205,0.00017063529411764708
-0.04166666666666663,-0.041666666666666657,120,synthetic_segment_000,1.0000544499578985,0.00017439446366782009,0.98005336095874052,0.00017090657439446368
-0.039583333333333304,-0.039583333333333331,120,synthetic_segment_000,0.99977405123912277,0.00017467128027681662,0.97977857021434034,0.00017117785467128029
-0.037499999999999978,-0.037499999999999992,120,synthetic_segment_000,0.99983778986990313,0.00017494809688581317,0.979841034072505,0.00017144913494809689
-0.035416666666666652,-0.035416666666666666,120,synthetic_segment_000,1.0009161080496756,0.00017522491349480969,0.98089778588868204,0.0001717204152249135
-0.033333333333333326,-0.033333333333333326,120,synthetic_segment_000,0.99928515728129852,0.00017550173010380624,0.97929945413567254,0.0001719916955017301
-0.03125,-0.03125,120,synthetic_segment_000,0.99995674045752392,0.00017577854671280279,0.97995760564837342,0.00017226297577854673
-0.029166666666666674,-0.02916666666666666,120,synthetic_segment_000,1.0000221706013652,0.00017605536332179932,0.98002172718933789,0.00017253425605536334
-0.027083333333333348,-0.027083333333333334,120,synthetic_segment_000,0.999792883304224,0.00017633217993079587,0.97979702563813953,0.00017280553633217994
-0.025000000000000022,-0.024999999999999994,120,synthetic_segment_000,1.0005694594806174,0.00017660899653979239,0.98055807029100506,0.00017307681660899655
-0.022916666666666696,-0.022916666666666669,120,synthetic_segment_000,1.0000115307637327,0.00017688581314878894,0.98001130014845805,0.00017334809688581316
-0.02083333333333337,-0.020833333333333343,120,synthetic_segment_000,0.99904960610293758,0.00017716262975778549,0.97906861398087885,0.00017361937716262979
-0.018749999999999989,-0.018749999999999989,120,synthetic_segment_000,0.9955610985190041,0.00017743944636678202,0.97564987654862401,0.00017389065743944637
-0.016666666666666663,-0.016666666666666663,120,synthetic_segment_000,0.99502603194036965,0.00017771626297577857,0.97512551130156222,0.000174161937716263
-0.014583333333333337,-0.014583333333333337,120,synthetic_segment_000,0.99493060825570601,0.00017799307958477509,0.97503199609059188,0.00017443321799307958
-0.012499999999999956,-0.012499999999999983,120,synthetic_segment_000,0.99597108381581723,0.00017826989619377164,0.9760516621395009,0.00017470449826989621
-0.01041666666666663,-0.010416666666666657,120,synthetic_segment_000,0.99374057419153705,0.00017854671280276817,0.97386576270770631,0.00017497577854671279
-0.0083333333333333037,-0.0083333333333333315,120,synthetic_segment_000,0.99507198810825792,0.00017882352941176472,0.97517054834609274,0.00017524705882352942
-0.0062499999999999778,-0.0062500000000000056,120,synthetic_segment_000,0.99469436460420224,0.00017910034602076127,0.97480047731211816,0.00017551833910034605
-0.0041666666666666519,-0.0041666666666666519,120,synthetic_segment_000,0.99416307211159338,0.00017937716262975779,0.97427981066936153,0.00017578961937716263
-0.0020833333333333259,-0.0020833333333333259,120,synthetic_segment_000,0.99523858434215462,0.00017965397923875434,0.97533381265531149,0.00017606089965397926
0,0,120,synthetic_segment_000,0.99491238336515886,0.00017993079584775087,0.97501413569785567,0.00017633217993079584
0.0020833333333333259,0.0020833333333333259,120,synthetic_segment_000,0.99459907768114275,0.00018020761245674742,0.97470709612751993,0.00017660346020761247
0.0041666666666666519,0.0041666666666666796,120,synthetic_segment_000,0.99452475556665132,0.00018048442906574397,0.97463426045531831,0.00017687474048442908
0.0062499999999999778,0.0062500000000000056,120,synthetic_segment_000,0.99427004437174571,0.00018076124567474052,0.97438464348431075,0.00017714602076124571
0.0083333333333333037,0.0083333333333333315,120,synthetic_segment_000,0.99421691543031021,0.00018103806228373704,0.97433257712170396,0.00017741730103806229
0.01041666666666663,0.010416666666666657,120,synthetic_segment_000,0.99429025678597927,0.00018131487889273357,0.97440445165025968,0.00017768858131487889
0.012499999999999956,0.012500000000000011,120,synthetic_segment_000,0.99497932286631041,0.00018159169550173012,0.97507973640898415,0.00017795986159169553
0.014583333333333393,0.014583333333333337,120,synthetic_segment_000,0.99479453983861299,0.00018186851211072667,0.97489864904184076,0.00017823114186851213
0.016666666666666607,0.016666666666666663,120,synthetic_segment_000,0.99499269441203153,0.00018214532871972319,0.97509284052379086,0.00017850242214532874
0.018750000000000044,0.018750000000000017,120,synthetic_segment_000,0.99655014037296019,0.00018242214532871972,0.97661913756550101,0.00017877370242214531
0.02083333333333337,0.020833333333333343,120,synthetic_segment_000,0.99658972943879132,0.00018269896193771627,0.97665793485001551,0.00017904498269896195
0.022916666666666696,0.022916666666666669,120,synthetic_segment_000,0.99902534327466563,0.00018297577854671282,0.97904483640917228,0.00017931626297577855
0.025000000000000022,0.024999999999999994,120,synthetic_segment_000,1.0006254724035548,0.00018325259515570937,0.98061296295548372,0.00017958754325259518
0.027083333333333348,0.027083333333333348,120,synthetic_segment_000,0.99966679421577909,0.00018352941176470589,0.97967345833146346,0.00017985882352941176
0.029166666666666674,0.029166666666666674,120,synthetic_segment_000,1.0000847683293896,0.00018380622837370242,0.98008307296280184,0.00018013010380622837
0.03125,0.03125,120,synthetic_segment_000,0.99905613784047387,0.00018408304498269897,0.97907501508366435,0.00018040138408304497
0.033333333333333326,0.033333333333333326,120,synthetic_segment_000,1.0001959562233751,0.00018435986159169552,0.98019203709890756,0.00018067266435986161
0.035416666666666652,0.03541666666666668,120,synthetic_segment_000,1.0001989648330749,0.00018463667820069207,0.98019498553641338,0.00018094394463667824
0.037499999999999978,0.037500000000000006,120,synthetic_segment_000,0.99939458308536311,0.00018491349480968859,0.97940669142365588,0.00018121522491349482
0.039583333333333304,0.039583333333333331,120,synthetic_segment_000,1.0000303808219431,0.00018519031141868512,0.98002977320550422,0.00018148650519031142
0.04166666666666663,0.041666666666666657,120,synthetic_segment_000,1.0001772693763795,0.00018546712802768167,0.98017372398885194,0.00018175778546712803
0.043749999999999956,0.043750000000000011,120,synthetic_segment_000,0.99960779653816467,0.00018574394463667822,0.97961564060740136,0.00018202906574394466
0.045833333333333393,0.045833333333333337,120,synthetic_segment_000,1.001005537073163,0.00018602076124567477,0.98098542633169972,0.00018230034602076126
0.047916666666666607,0.047916666666666663,120,synthetic_segment_000,1.0001854315817196,0.00018629757785467129,0.98018172295008521,0.00018257162629757787
0.050000000000000044,0.050000000000000017,120,synthetic_segment_000,1.0005229684551857,0.00018657439446366785,0.98051250908608201,0.00018284290657439448
0.05208333333333337,0.052083333333333343,120,synthetic_segment_000,1.0012031356265274,0.00018685121107266437,0.98117907291399686,0.00018311418685121108
0.054166666666666696,0.054166666666666669,120,synthetic_segment_000,1.0001434935395663,0.00018712802768166092,0.98014062366877497,0.00018338546712802769
0.056250000000000022,0.056249999999999994,120,synthetic_segment_000,1.0001375592806159,0.00018740484429065744,0.98013480809500353,0.00018365674740484429
0.058333333333333348,0.058333333333333348,120,synthetic_segment_000,0.99999359650574149,0.00018768166089965399,0.97999372457562661,0.00018392802768166092
0.060416666666666674,0.060416666666666674,120,synthetic_segment_000,1.0004232840383449,0.00018795847750865052,0.98041481835757804,0.0001841993079584775
0.0625,0.0625,120,synthetic_segment_000,0.99971807507744859,0.00018823529411764707,0.9797237135758996,0.00018447058823529413
0.064583333333333326,0.064583333333333326,120,synthetic_segment_000,1.0000034816204804,0.00018851211072664362,0.98000341198807073,0.00018474186851211074
0.066666666666666652,0.06666666666666668,120,synthetic_segment_000,0.99921570210820454,0.00018878892733564014,0.97923138806604049,0.00018501314878892734
0.068749999999999978,0.068750000000000006,120,synthetic_segment_000,0.99953681073151279,0.0001890657439446367,0.97954607451688247,0.00018528442906574395
0.070833333333333304,0.070833333333333331,120,synthetic_segment_000,0.99933151679863086,0.00018934256055363325,0.97934488646265827,0.00018555570934256058
0.07291666666666663,0.072916666666666657,120,synthetic_segment_000,0.99963139331039097,0.00018961937716262977,0.97963876544418316,0.00018582698961937716
0.074999999999999956,0.075000000000000011,120,synthetic_segment_000,0.99978498628987511,0.00018989619377162632,0.9797892865640776,0.00018609826989619379
0.077083333333333393,0.077083333333333337,120,synthetic_segment_000,0.99987602830661881,0.00019017301038062284,0.97987850774048646,0.00018636955017301037
0.079166666666666607,0.079166666666666663,120,synthetic_segment_000,1.0004016090222039,0.0001904498269896194,0.98039357684175976,0.000186640830449827
0.081250000000000044,0.081249999999999989,120,synthetic_segment_000,1.0004784165019993,0.00019072664359861592,0.98046884817195934,0.00018691211072664361
0.08333333333333337,0.083333333333333343,120,synthetic_segment_000,0.99978111131309599,0.00019100346020761247,0.97978548908683405,0.00018718339100346021
0.085416666666666696,0.085416666666666669,120,synthetic_segment_000,0.998943620932912,0.00019128027681660899,0.97896474851425375,0.00018745467128027682
0.087500000000000022,0.087499999999999994,120,synthetic_segment_000,1.0003395298444635,0.00019155709342560555,0.98033273924757425,0.00018772595155709342
0.089583333333333348,0.089583333333333348,120,synthetic_segment_000,1.0005422645381763,0.0001918339100346021,0.98053141924741272,0.00018799723183391006
0.091666666666666674,0.091666666666666674,120,synthetic_segment_000,0.99999522928520457,0.00019211072664359865,0.97999532469950046,0.00018826851211072666
0.09375,0.09375,120,synthetic_segment_000,1.0003680299706996,0.00019238754325259517,0.98036066937128563,0.00018853979238754327
0.095833333333333326,0.095833333333333326,120,synthetic_segment_000,1.0001859088459779,0.00019266435986159169,0.98018219066905832,0.00018881107266435985
0.097916666666666652,0.09791666666666668,120,synthetic_segment_000,0.99997941011034519,0.00019294117647058825,0.97997982190813826,0.00018908235294117648
0.099999999999999978,0.10000000000000001,120,synthetic_segment_000,1.0009582531962955,0.0001932179930795848,0.98093908813236952,0.00018935363321799311
0.1020833333333333,0.10208333333333333,120,synthetic_segment_000,0.99964518949059378,0.00019349480968858132,0.97965228570078189,0.00018962491349480969
0.10416666666666663,0.10416666666666666,120,synthetic_segment_000,0.99921939835922091,0.00019377162629757784,0.97923501039203653,0.00018989619377162629
0.10624999999999996,0.10624999999999998,120,synthetic_segment_000,1.0003838310340716,0.0001940484429065744,0.9803761544133901,0.0001901674740484429
0.10833333333333328,0.10833333333333331,120,synthetic_segment_000,1.0005138699128933,0.00019432525951557095,0.98050359251463537,0.00019043875432525953
0.11041666666666672,0.11041666666666669,120,synthetic_segment_000,0.99994918212290129,0.0001946020761245675,0.97995019848044329,0.00019071003460207614
0.11250000000000004,0.11250000000000002,120,synthetic_segment_000,1.0001812260016081,0.00019487889273356402,0.98017760148157596,0.00019098131487889274
0.11458333333333337,0.11458333333333334,120,synthetic_segment_000,1.0003357626880665,0.00019515570934256057,0.98032904743430516,0.00019125259515570935
0.1166666666666667,0.11666666666666667,120,synthetic_segment_000,1.0000624524359669,0.0001954325259515571,0.98006120338724756,0.00019152387543252595
0.11875000000000002,0.11874999999999999,120,synthetic_segment_000,0.99948974747654429,0.00019570934256055365,0.97949995252701338,0.00019179515570934256
0.12083333333333335,0.12083333333333332,120,synthetic_segment_000,1.0002076461630174,0.0001959861591695502,0.98020349323975697,0.00019206643598615919
0.12291666666666667,0.12291666666666665,120,synthetic_segment_000,0.99956234711884895,0.00019626297577854672,0.97957110017647198,0.0001923377162629758
0.125,0.12500000000000003,120,synthetic_segment_000,0.99937121122842876,0.00019653979238754324,0.9793837870038602,0.00019260899653979237
0.12708333333333333,0.12708333333333335,120,synthetic_segment_000,1.00043498647833,0.0001968166089965398,0.98042628674876331,0.00019288027681660901
0.12916666666666665,0.12916666666666668,120,synthetic_segment_000,0.99975943169383241,0.00019709342560553635,0.9797642430599558,0.00019315155709342561
0.13124999999999998,0.13125000000000001,120,synthetic_segment_000,1.0001034761756293,0.0001973702422145329,0.98010140665211676,0.00019342283737024224
0.1333333333333333,0.13333333333333333,120,synthetic_segment_000,0.99937913126438871,0.00019764705882352942,0.97939154863910094,0.00019369411764705882
0.13541666666666663,0.13541666666666666,120,synthetic_segment_000,1.0003865503745633,0.00019792387543252597,0.98037881936707194,0.00019396539792387545
0.13749999999999996,0.13749999999999998,120,synthetic_segment_000,0.9998686123926166,0.0001982006920415225,0.97987124014476423,0.00019423667820069203
0.13958333333333328,0.13958333333333331,120,synthetic_segment_000,0.99981120572596338,0.00019847750865051905,0.97981498161144409,0.00019450795847750866
0.14166666666666672,0.14166666666666669,120,synthetic_segment_000,0.99971984968457217,0.00019875432525951557,0.97972545269088074,0.00019477923875432524
0.14375000000000004,0.14375000000000002,120,synthetic_segment_000,1.001058461352387,0.00019903114186851212,0.98103729212533919,0.00019505051903114188
0.14583333333333337,0.14583333333333334,120,synthetic_segment_000,0.99986940859381068,0.00019930795847750865,0.97987202042193444,0.00019532179930795848
0.1479166666666667,0.14791666666666667,120,synthetic_segment_000,0.99897192951141034,0.0001995847750865052,0.97899249092118212,0.00019559307958477509
0.15000000000000002,0.14999999999999999,120,synthetic_segment_000,1.0004823446274549,0.00019986159169550175,0.98047269773490575,0.00019586435986159172
-0.14999999999999991,0.84999999999999998,120,synthetic_segment_000,1.0006254698746324,0.00020013840830449827,0.98061296047713975,0.0001961356401384083
-0.1479166666666667,0.85208333333333319,120,synthetic_segment_000,0.99987380262039616,0.00020041522491349482,0.97987632656798818,0.00019640692041522493
-0.14583333333333348,0.85416666666666663,120,synthetic_segment_000,0.99966079433510313,0.00020069204152249137,0.97966757844840102,0.00019667820069204153
-0.14374999999999982,0.85625000000000007,120,synthetic_segment_000,0.99993658454672474,0.00020096885813148792,0.97993785285579027,0.00019694948096885817
-0.14166666666666661,0.85833333333333328,120,synthetic_segment_000,0.99883808767336235,0.00020124567474048445,0.97886132591989505,0.00019722076124567474
-0.13958333333333339,0.86041666666666672,120,synthetic_segment_000,1.0001013820870108,0.00020152249134948094,0.98009935444527063,0.00019749204152249132
-0.13750000000000018,0.86249999999999993,120,synthetic_segment_000,0.99896817145361982,0.0002017993079584775,0.97898880802454746,0.00019776332179930796
-0.13541666666666652,0.86458333333333337,120,synthetic_segment_000,1.0000805828143733,0.00020207612456747405,0.98007897115808584,0.00019803460207612456
-0.1333333333333333,0.86666666666666659,120,synthetic_segment_000,0.9990536603034863,0.0002023529411764706,0.97907258709741651,0.00019830588235294119
-0.13125000000000009,0.86875000000000002,120,synthetic_segment_000,1.0013649217654328,0.00020262975778546712,0.98133762333012409,0.00019857716262975777
-0.12916666666666687,0.87083333333333324,120,synthetic_segment_000,1.0003760821255776,0.00020290657439446367,0.98036856048306609,0.0001988484429065744
-0.12708333333333321,0.87291666666666667,120,synthetic_segment_000,1.0005875025638957,0.00020318339100346022,0.98057575251261775,0.00019911972318339101
-0.125,0.87499999999999989,120,synthetic_segment_000,0.99930928896090565,0.00020346020761245677,0.97932310318168747,0.00019939100346020764
-0.12291666666666679,0.87708333333333333,120,synthetic_segment_000,0.99947088611241941,0.0002037370242214533,0.97948146839017103,0.00019966228373702422
-0.12083333333333357,0.87916666666666654,120,synthetic_segment_000,1.0000454237073326,0.00020401384083044985,0.98004451523318592,0.00019993356401384085
-0.11874999999999991,0.88124999999999998,120,synthetic_segment_000,0.99939950583630444,0.0002042906574394464,0.9794115157195783,0.00020020484429065746
-0.1166666666666667,0.88333333333333319,120,synthetic_segment_000,0.99893193518519308,0.0002045674740484429,0.97895329648148921,0.00020047612456747403
-0.11458333333333348,0.88541666666666663,120,synthetic_segment_000,1.0005902125307622,0.00020484429065743945,0.98057840828014697,0.00020074740484429067
-0.11249999999999982,0.88750000000000007,120,synthetic_segment_000,0.99977494840557823,0.000205121107266436,0.97977944943746664,0.00020101868512110727
-0.11041666666666661,0.88958333333333328,120,synthetic_segment_000,1.0001804138529029,0.00020539792387543252,0.98017680557584486,0.00020128996539792388
-0.10833333333333339,0.89166666666666672,120,synthetic_segment_000,1.0005358597321172,0.00020567474048442907,0.98052514253747491,0.00020156124567474048
-0.10625000000000018,0.89374999999999993,120,synthetic_segment_000,0.99915157166869017,0.00020595155709342562,0.97916854023531641,0.00020183252595155712
-0.10416666666666652,0.89583333333333337,120,synthetic_segment_000,0.99964496743484166,0.00020622837370242218,0.9796520680861448,0.00020210380622837372
-0.1020833333333333,0.89791666666666659,120,synthetic_segment_000,0.99981951476751385,0.0002065051903114187,0.97982312447216358,0.00020237508650519033
-0.10000000000000009,0.90000000000000002,120,synthetic_segment_000,1.0001373757698766,0.00020678200692041525,0.98013462825447906,0.00020264636678200693
-0.097916666666666874,0.90208333333333324,120,synthetic_segment_000,0.99984810301529337,0.0002070588235294118,0.97985114095498749,0.00020291764705882356
-0.095833333333333215,0.90416666666666667,120,synthetic_segment_000,0.99969659562789515,0.0002073356401384083,0.97970266371533721,0.00020318892733564011
-0.09375,0.90624999999999989,120,synthetic_segment_000,0.99984780624978375,0.00020761245674740485,0.97985085012478801,0.00020346020761245675
-0.091666666666666785,0.90833333333333333,120,synthetic_segment_000,1.0008384833240673,0.00020788927335640137,0.98082171365758597,0.00020373148788927335
-0.08958333333333357,0.91041666666666654,120,synthetic_segment_000,0.99986939862916846,0.00020816608996539792,0.97987201065658502,0.00020400276816608996
-0.087499999999999911,0.91249999999999998,120,synthetic_segment_000,1.0001001782640049,0.00020844290657439447,0.98009817469872473,0.00020427404844290659
-0.085416666666666696,0.91458333333333319,120,synthetic_segment_000,1.0000170050727824,0.00020871972318339103,0.98001666497132667,0.0002045453287197232
-0.083333333333333481,0.91666666666666663,120,synthetic_segment_000,1.0004486136277078,0.00020899653979238755,0.9804396413551536,0.0002048166089965398
-0.081249999999999822,0.91875000000000007,120,synthetic_segment_000,0.99962637711401992,0.0002092733564013841,0.97963384957173949,0.00020508788927335641
-0.079166666666666607,0.92083333333333328,120,synthetic_segment_000,0.99970055663698743,0.00020955017301038065,0.97970654550424763,0.00020535916955017304
-0.077083333333333393,0.92291666666666672,120,synthetic_segment_000,1.0001388342638728,0.0002098269896193772,0.98013605757859534,0.00020563044982698964
-0.075000000000000178,0.92499999999999993,120,synthetic_segment_000,1.0010654534722689,0.00021010380622837373,0.9810441444028235,0.00020590173010380625
-0.072916666666666519,0.92708333333333337,120,synthetic_segment_000,0.99962592334805789,0.00021038062283737028,0.97963340488109674,0.00020617301038062285
-0.070833333333333304,0.92916666666666659,120,synthetic_segment_000,1.000079964980606,0.00021065743944636677,0.98007836568099393,0.00020644429065743943
-0.068750000000000089,0.93125000000000002,120,synthetic_segment_000,0.9994368702398615,0.00021093425605536332,0.97944813283506427,0.00020671557093425606
-0.066666666666666874,0.93333333333333324,120,synthetic_segment_000,0.99976308313635776,0.00021121107266435987,0.97976782147363062,0.00020698685121107267
-0.064583333333333215,0.93541666666666667,120,synthetic_segment_000,0.99990830851089452,0.0002114878892733564,0.97991014234067664,0.00020725813148788928
-0.0625,0.93749999999999989,120,synthetic_segment_000,1.0000871967380085,0.00021176470588235295,0.98008545280324832,0.00020752941176470588
-0.060416666666666785,0.93958333333333333,120,synthetic_segment_000,1.0004306630195596,0.0002120415224913495,0.98042204975916847,0.00020780069204152251
-0.05833333333333357,0.94166666666666654,120,synthetic_segment_000,0.99922483142632323,0.00021231833910034605,0.97924033479779671,0.00020807197231833912
-0.056249999999999911,0.94374999999999998,120,synthetic_segment_000,1.0002019360580277,0.00021259515570934258,0.98019789733686713,0.00020834325259515572
-0.054166666666666696,0.94583333333333319,120,synthetic_segment_000,1.0000305817612538,0.0002128719723183391,0.98002997012602877,0.0002086145328719723
-0.052083333333333481,0.94791666666666663,120,synthetic_segment_000,1.0003466857890579,0.00021314878892733562,0.98033975207327673,0.00020888581314878891
-0.049999999999999822,0.95000000000000007,120,synthetic_segment_000,1.0005990138523748,0.00021342560553633217,0.98058703357532728,0.00020915709342560554
-0.047916666666666607,0.95208333333333328,120,synthetic_segment_000,1.0003706865052389,0.00021370242214532872,0.98036327277513402,0.00020942837370242214
-0.045833333333333393,0.95416666666666672,120,synthetic_segment_000,1.0014737000326197,0.00021397923875432525,0.98144422603196735,0.00020969965397923875
-0.043750000000000178,0.95624999999999993,120,synthetic_segment_000,1.000926840342427,0.0002142560553633218,0.98090830353557845,0.00020997093425605536
-0.041666666666666519,0.95833333333333337,120,synthetic_segment_000,1.0010054507440216,0.00021453287197231835,0.98098534172914109,0.00021024221453287199
-0.039583333333333304,0.96041666666666659,120,synthetic_segment_000,1.0003994491113761,0.0002148096885813149,0.98039146012914857,0.00021051349480968859
-0.037500000000000089,0.96250000000000002,120,synthetic_segment_000,1.0010576751701115,0.00021508650519031143,0.98103652166670918,0.0002107847750865052
-0.035416666666666874,0.96458333333333324,120,synthetic_segment_000,0.99989961810570704,0.00021536332179930798,0.97990162574359285,0.0002110560553633218
-0.033333333333333215,0.96666666666666667,120,synthetic_segment_000,0.99880045124689321,0.00021564013840830453,0.9788244422219553,0.00021132733564013844
-0.03125,0.96874999999999989,120,synthetic_segment_000,1.0000640380153654,0.00021591695501730108,0.98006275725505809,0.00021159861591695504
-0.029166666666666785,0.97083333333333333,120,synthetic_segment_000,0.99986725086747041,0.00021619377162629757,0.97986990585012101,0.00021186989619377162
-0.02708333333333357,0.97291666666666654,120,synthetic_segment_000,0.99959013901785176,0.00021647058823529413,0.9795983362374947,0.00021214117647058825
-0.024999999999999911,0.97499999999999998,120,synthetic_segment_000,1.0005242356799695,0.00021674740484429065,0.98051375096637006,0.00021241245674740483
-0.022916666666666696,0.97708333333333319,120,synthetic_segment_000,0.99902650502754742,0.0002170242214532872,0.97904597492699641,0.00021268373702422146
-0.020833333333333481,0.97916666666666663,120,synthetic_segment_000,1.0001493873100893,0.00021730103806228375,0.98014639956388749,0.00021295501730103807
-0.018749999999999822,0.98125000000000007,120,synthetic_segment_000,0.99638515782516079,0.0002175778546712803,0.97645745466865752,0.0002132262975778547
-0.016666666666666607,0.98333333333333328,120,synthetic_segment_000,0.99588662572496633,0.00021785467128027683,0.97596889321046698,0.00021349757785467128
-0.014583333333333393,0.98541666666666672,120,synthetic_segment_000,0.9954507196764304,0.00021813148788927338,0.97554170528290174,0.00021376885813148791
-0.012500000000000178,0.98749999999999993,120,synthetic_segment_000,0.99537675245391632,0.00021840830449826987,0.97546921740483794,0.00021404013840830446
-0.010416666666666519,0.98958333333333337,120,synthetic_segment_000,0.99563301529238424,0.00021868512110726642,0.97572035498653653,0.00021431141868512109
-0.0083333333333333037,0.99166666666666659,120,synthetic_segment_000,0.9949936818583448,0.00021896193771626298,0.97509380822117786,0.0002145826989619377
-0.0062500000000000888,0.99375000000000002,120,synthetic_segment_000,0.9957715088198098,0.0002192387543252595,0.97585607864341362,0.0002148539792387543
-0.0041666666666668739,0.99583333333333324,120,synthetic_segment_000,0.99533440162858022,0.00021951557093425605,0.97542771359600855,0.00021512525951557094
-0.0020833333333332149,0.99791666666666667,120,synthetic_segment_000,0.99537434911196598,0.0002197923875432526,0.97546686212972666,0.00021539653979238754
0,0.99999999999999989,120,synthetic_segment_000,0.99445222397001165,0.00022006920415224915,0.97456317949061144,0.00021566782006920417
0.002083333333333437,1.0020833333333334,120,synthetic_segment_000,0.99499147515487996,0.00022034602076124568,0.9750916456517823,0.00021593910034602075
0.0041666666666666519,1.0041666666666667,120,synthetic_segment_000,0.99495527820368168,0.00022062283737024223,0.97505617263960798,0.00021621038062283738
0.0062500000000000888,1.0062500000000001,120,synthetic_segment_000,0.99399394081689751,0.00022089965397923878,0.9741140620005595,0.00021648166089965399
0.0083333333333333037,1.0083333333333333,120,synthetic_segment_000,0.99378207909934646,0.00022117647058823533,0.9739064375173595,0.00021675294117647062
0.010416666666666741,1.0104166666666667,120,synthetic_segment_000,0.99518311745009647,0.00022145328719723185,0.97527945510109448,0.0002170242214532872
0.012500000000000178,1.0125000000000002,120,synthetic_segment_000,0.99479188872234015,0.0002217301038062284,0.97489605094789333,0.00021729550173010383
0.014583333333333393,1.0145833333333334,120,synthetic_segment_000,0.99520475382406781,0.0002220069204152249,0.97530065874758642,0.00021756678200692041
0.016666666666666829,1.0166666666666668,120,synthetic_segment_000,0.99565435927427026,0.00022228373702422145,0.97574127208878481,0.00021783806228373702
0.018750000000000044,1.01875,120,synthetic_segment_000,0.99480870931508936,0.000222560553633218,0.97491253512878751,0.00021810934256055365
0.020833333333333481,1.0208333333333335,120,synthetic_segment_000,0.99726288683728048,0.00022283737024221453,0.97731762910053488,0.00021838062283737023
0.022916666666666696,1.0229166666666667,120,synthetic_segment_000,0.99897462503284351,0.00022311418685121108,0.97899513253218662,0.00021865190311418686
0.025000000000000133,1.0250000000000001,120,synthetic_segment_000,1.0005389539308776,0.00022339100346020763,0.98052817485225996,0.00021892318339100346
0.027083333333333348,1.0270833333333333,120,synthetic_segment_000,1.000085046239392,0.00022366782006920418,0.98008334531460417,0.0002191944636678201
0.029166666666666785,1.0291666666666668,120,synthetic_segment_000,1.000112820144303,0.0002239446366782007,0.98011056374141692,0.00021946574394463668
0.03125,1.03125,120,synthetic_segment_000,0.99999096940604437,0.00022422145328719723,0.97999115001792347,0.00021973702422145328
0.033333333333333437,1.0333333333333334,120,synthetic_segment_000,0.99952802043784639,0.00022449826989619375,0.97953746002908948,0.00022000830449826986
0.035416666666666652,1.0354166666666667,120,synthetic_segment_000,0.99985048372106144,0.0002247750865051903,0.97985347404664025,0.00022027958477508649
0.037500000000000089,1.0375000000000001,120,synthetic_segment_000,0.99988751745257765,0.00022505190311418685,0.97988976710352604,0.00022055086505190312
0.039583333333333304,1.0395833333333333,120,synthetic_segment_000,0.99879634852918719,0.0002253287197231834,0.97882042155860338,0.00022082214532871973
0.041666666666666741,1.0416666666666667,120,synthetic_segment_000,0.99903010332009334,0.00022560553633217993,0.9790495012536915,0.00022109342560553633
0.043750000000000178,1.0437500000000002,120,synthetic_segment_000,1.0001048092732812,0.00022588235294117648,0.98010271308781549,0.00022136470588235294
0.045833333333333393,1.0458333333333334,120,synthetic_segment_000,1.0007835479902856,0.00022615916955017303,0.98076787703047985,0.00022163598615916957
0.047916666666666829,1.0479166666666668,120,synthetic_segment_000,1.0003795124387065,0.00022643598615916958,0.9803719221899323,0.00022190726643598618
0.050000000000000044,1.05,120,synthetic_segment_000,0.99999502857737976,0.0002267128027681661,0.97999512800583211,0.00022217854671280278
0.052083333333333481,1.0520833333333335,120,synthetic_segment_000,0.99959468824261355,0.00022698961937716265,0.97960279447776122,0.00022244982698961939
0.054166666666666696,1.0541666666666667,120,synthetic_segment_000,0.99878897980234183,0.00022726643598615921,0.97881320020629492,0.00022272110726643602
0.056250000000000133,1.0562500000000001,120,synthetic_segment_000,0.99994366053645523,0.00022754325259515573,0.9799447873257261,0.0002229923875432526
0.058333333333333348,1.0583333333333333,120,synthetic_segment_000,0.9992195985979383,0.00022782006920415225,0.97923520662597952,0.0002232636678200692
0.060416666666666785,1.0604166666666668,120,synthetic_segment_000,1.0004479055628133,0.00022809688581314878,0.98043894745155702,0.00022353494809688581
0.0625,1.0625,120,synthetic_segment_000,1.0000084406294016,0.00022837370242214533,0.9800082718168136,0.00022380622837370241
0.064583333333333437,1.0645833333333334,120,synthetic_segment_000,0.9992918065083185,0.00022865051903114188,0.97930597037815215,0.00022407750865051905
0.066666666666666652,1.0666666666666667,120,synthetic_segment_000,0.99988470206197577,0.00022892733564013843,0.97988700802073625,0.00022434878892733565
0.068750000000000089,1.0687500000000001,120,synthetic_segment_000,0.99945083482902575,0.00022920415224913495,0.97946181813244526,0.00022462006920415226
0.070833333333333304,1.0708333333333333,120,synthetic_segment_000,1.0005855382601359,0.0002294809688581315,0.98057382749493316,0.00022489134948096886
0.072916666666666741,1.0729166666666667,120,synthetic_segment_000,0.99899176105715748,0.00022975778546712806,0.97901192583601426,0.00022516262975778549
0.075000000000000178,1.0750000000000002,120,synthetic_segment_000,1.0004412433362933,0.00023003460207612455,0.98043241846956741,0.00022543391003460205
0.077083333333333393,1.0770833333333334,120,synthetic_segment_000,0.9989805801587196,0.0002303114186851211,0.97900096855554519,0.00022570519031141868
0.079166666666666829,1.0791666666666668,120,synthetic_segment_000,0.99986055880511238,0.00023058823529411763,0.97986334762901006,0.00022597647058823528
0.081250000000000044,1.08125,120,synthetic_segment_000,1.0010668995497167,0.00023086505190311418,0.98104556155872236,0.00022624775086505189
0.083333333333333481,1.0833333333333335,120,synthetic_segment_000,0.99937011459285519,0.00023114186851211073,0.97938271230099805,0.00022651903114186852
0.085416666666666696,1.0854166666666667,120,synthetic_segment_000,1.000983312268874,0.00023141868512110728,0.9809636460234965,0.00022679031141868513
0.087500000000000133,1.0875000000000001,120,synthetic_segment_000,0.99941811979192163,0.0002316955017301038,0.97942975739608318,0.00022706159169550173
0.089583333333333348,1.0895833333333333,120,synthetic_segment_000,1.0000792835975183,0.00023197231833910035,0.98007769792556787,0.00022733287197231834
0.091666666666666785,1.0916666666666668,120,synthetic_segment_000,0.99973729209173057,0.00023224913494809691,0.97974254624989598,0.00022760415224913497
0.09375,1.09375,120,synthetic_segment_000,1.000352476110302,0.00023252595155709346,0.98034542658809587,0.00022787543252595157
0.095833333333333437,1.0958333333333334,120,synthetic_segment_000,1.0000490524106296,0.00023280276816608998,0.98004807136241701,0.00022814671280276818
0.097916666666666652,1.0979166666666667,120,synthetic_segment_000,0.9999347235349485,0.00023307958477508653,0.97993602906424948,0.00022841799307958478
0.10000000000000009,1.1000000000000001,120,synthetic_segment_000,0.99922418095938659,0.00023335640138408308,0.97923969734019889,0.00022868927335640142
0.1020833333333333,1.1020833333333333,120,synthetic_segment_000,0.99936230532745884,0.00023363321799307958,0.97937505922090962,0.000228960553633218
0.10416666666666674,1.1041666666666667,120,synthetic_segment_000,0.99941561563718284,0.00023391003460207613,0.97942730332443917,0.0002292318339100346
0.10625000000000018,1.1062500000000002,120,synthetic_segment_000,0.99970327291905303,0.00023418685121107265,0.97970920746067192,0.00022950311418685121
0.10833333333333339,1.1083333333333334,120,synthetic_segment_000,0.99994162292910427,0.0002344636678200692,0.97994279047052213,0.00022977439446366781
0.11041666666666683,1.1104166666666668,120,synthetic_segment_000,1.0000376123060528,0.00023474048442906576,0.98003686005993174,0.00023004567474048444
0.11250000000000004,1.1125,120,synthetic_segment_000,0.99940883403068315,0.00023501730103806231,0.97942065735006945,0.00023031695501730105
0.11458333333333348,1.1145833333333335,120,synthetic_segment_000,1.0003007214337722,0.00023529411764705883,0.9802947070050968,0.00023058823529411765
0.1166666666666667,1.1166666666666667,120,synthetic_segment_000,0.99982303366713365,0.00023557093425605535,0.97982657299379095,0.00023085951557093423
0.11875000000000013,1.1187500000000001,120,synthetic_segment_000,0.99911012422778078,0.00023584775086505188,0.97912792174322516,0.00023113079584775084
0.12083333333333335,1.1208333333333333,120,synthetic_segment_000,0.99906631882428087,0.00023612456747404843,0.97908499244779523,0.00023140207612456744
0.12291666666666679,1.1229166666666668,120,synthetic_segment_000,1.000274072168521,0.00023640138408304498,0.9802685907251506,0.00023167335640138408
0.125,1.125,120,synthetic_segment_000,0.99985658313199799,0.00023667820069204153,0.97985945146935804,0.00023194463667820071
0.12708333333333344,1.1270833333333334,120,synthetic_segment_000,0.99958823273145436,0.00023695501730103805,0.97959646807682521,0.00023221591695501729
0.12916666666666665,1.1291666666666667,120,synthetic_segment_000,1.0005732219323673,0.00023723183391003461,0.98056175749371999,0.00023248719723183392
0.13125000000000009,1.1312500000000001,120,synthetic_segment_000,0.99981247042066801,0.00023750865051903116,0.97981622101225463,0.00023275847750865052
0.1333333333333333,1.1333333333333333,120,synthetic_segment_000,1.0005131743648172,0.00023778546712802771,0.98050291087752084,0.00023302975778546716
0.13541666666666674,1.1354166666666667,120,synthetic_segment_000,0.99955229382888056,0.00023806228373702423,0.97956124795230293,0.00023330103806228373
0.13750000000000018,1.1375000000000002,120,synthetic_segment_000,0.99952394002848721,0.00023833910034602078,0.9795334612279174,0.00023357231833910037
0.13958333333333339,1.1395833333333334,120,synthetic_segment_000,0.99940892829111527,0.00023861591695501733,0.97942074972529292,0.00023384359861591697
0.14166666666666683,1.1416666666666668,120,synthetic_segment_000,1.0005346490045905,0.00023889273356401388,0.98052395602449871,0.0002341148788927336
0.14375000000000004,1.14375,120,synthetic_segment_000,1.0003180234388178,0.00023916955017301038,0.98031166297004146,0.00023438615916955018
0.14583333333333348,1.1458333333333335,120,synthetic_segment_000,0.99987966596581923,0.0002394463667820069,0.97988207264650284,0.00023465743944636676
0.1479166666666667,1.1479166666666667,120,synthetic_segment_000,1.0007318421756397,0.00023972318339100346,0.98071720533212692,0.00023492871972318339
0.15000000000000013,1.1500000000000001,120,synthetic_segment_000,0.999460757336878,0.00024000000000000001,0.97947154219014043,0.0002352
-0.14930555555555558,2.8506944444444446,120,synthetic_segment_001,1.0000656145833764,0.00016000000000000001,1.0000656145833764,0.00016000000000000001
-0.14722222222222225,2.8527777777777779,120,synthetic_segment_001,1.0004454300721382,0.00016027874564459931,1.0004454300721382,0.00016027874564459931
-0.14513888888888887,2.8548611111111111,120,synthetic_segment_001,0.99974360881954538,0.00016055749128919861,0.99974360881954538,0.00016055749128919861
-0.14305555555555555,2.8569444444444443,120,synthetic_segment_001,1.0004159797297658,0.00016083623693379792,1.0004159797297658,0.00016083623693379792
-0.14097222222222222,2.8590277777777779,120,synthetic_segment_001,1.0002757662457455,0.00016111498257839724,1.0002757662457455,0.00016111498257839724
-0.1388888888888889,2.8611111111111112,120,synthetic_segment_001,0.9996789977243612,0.00016139372822299654,0.9996789977243612,0.00016139372822299654
-0.13680555555555551,2.8631944444444444,120,synthetic_segment_001,1.0004488771563929,0.00016167247386759582,1.0004488771563929,0.00016167247386759582
-0.13472222222222219,2.8652777777777776,120,synthetic_segment_001,1.000454405444668,0.00016195121951219515,1.000454405444668,0.00016195121951219515
-0.13263888888888886,2.8673611111111112,120,synthetic_segment_001,0.99997576613966765,0.00016222996515679445,0.99997576613966765,0.00016222996515679445
-0.13055555555555554,2.8694444444444445,120,synthetic_segment_001,1.0003329056167385,0.00016250871080139375,1.0003329056167385,0.00016250871080139375
-0.12847222222222221,2.8715277777777777,120,synthetic_segment_001,1.0002964561255658,0.00016278745644599305,1.0002964561255658,0.00016278745644599305
-0.12638888888888888,2.8736111111111109,120,synthetic_segment_001,0.99897154941845667,0.00016306620209059235,0.99897154941845667,0.00016306620209059235
-0.12430555555555556,2.8756944444444446,120,synthetic_segment_001,1.0004724997175707,0.00016334494773519165,1.0004724997175707,0.00016334494773519165
-0.12222222222222223,2.8777777777777778,120,synthetic_segment_001,1.000168065336098,0.00016362369337979095,1.000168065336098,0.00016362369337979095
-0.12013888888888891,2.879861111111111,120,synthetic_segment_001,1.0003168780620131,0.00016390243902439025,1.0003168780620131,0.00016390243902439025
-0.11805555555555558,2.8819444444444446,120,synthetic_segment_001,1.0002012345780076,0.00016418118466898958,1.0002012345780076,0.00016418118466898958
-0.11597222222222225,2.8840277777777779,120,synthetic_segment_001,1.0006390983628244,0.00016445993031358885,1.0006390983628244,0.00016445993031358885
-0.11388888888888887,2.8861111111111111,120,synthetic_segment_001,0.99953559669378522,0.00016473867595818818,0.99953559669378522,0.00016473867595818818
-0.11180555555555555,2.8881944444444443,120,synthetic_segment_001,0.99968741563147212,0.00016501742160278748,0.99968741563147212,0.00016501742160278748
-0.10972222222222222,2.8902777777777779,120,synthetic_segment_001,0.99981739776840861,0.00016529616724738678,0.99981739776840861,0.00016529616724738678
-0.1076388888888889,2.8923611111111112,120,synthetic_segment_001,0.9995429987287433,0.00016557491289198608,0.9995429987287433,0.00016557491289198608
-0.10555555555555557,2.8944444444444444,120,synthetic_segment_001,1.0007750240572149,0.00016585365853658538,1.0007750240572149,0.00016585365853658538
-0.10347222222222219,2.8965277777777776,120,synthetic_segment_001,1.000677747680313,0.00016613240418118468,1.000677747680313,0.00016613240418118468
-0.10138888888888886,2.8986111111111112,120,synthetic_segment_001,0.99940812144434843,0.00016641114982578398,0.99940812144434843,0.00016641114982578398
-0.099305555555555536,2.9006944444444445,120,synthetic_segment_001,0.99985237404395066,0.00016668989547038329,0.99985237404395066,0.00016668989547038329
-0.09722222222222221,2.9027777777777777,120,synthetic_segment_001,0.99967483750042263,0.00016696864111498259,0.99967483750042263,0.00016696864111498259
-0.095138888888888884,2.9048611111111109,120,synthetic_segment_001,1.0000470054729891,0.00016724738675958189,1.0000470054729891,0.00016724738675958189
-0.093055555555555558,2.9069444444444446,120,synthetic_segment_001,0.9993887518391199,0.00016752613240418121,0.9993887518391199,0.00016752613240418121
-0.090972222222222232,2.9090277777777778,120,synthetic_segment_001,0.9996389887974837,0.00016780487804878052,0.9996389887974837,0.00016780487804878052
-0.088888888888888906,2.911111111111111,120,synthetic_segment_001,0.9999652314486589,0.00016808362369337979,0.9999652314486589,0.00016808362369337979
-0.08680555555555558,2.9131944444444446,120,synthetic_segment_001,1.0005421842311213,0.00016836236933797912,1.0005421842311213,0.00016836236933797912
-0.084722222222222254,2.9152777777777779,120,synthetic_segment_001,1.0002263693986742,0.00016864111498257842,1.0002263693986742,0.00016864111498257842
-0.082638888888888873,2.9173611111111111,120,synthetic_segment_001,0.99953681634224045,0.00016891986062717772,0.99953681634224045,0.00016891986062717772
-0.080555555555555547,2.9194444444444443,120,synthetic_segment_001,1.0005826236580764,0.00016919860627177702,1.0005826236580764,0.00016919860627177702
-0.078472222222222221,2.9215277777777779,120,synthetic_segment_001,0.9994105622536964,0.00016947735191637632,0.9994105622536964,0.00016947735191637632
-0.076388888888888895,2.9236111111111112,120,synthetic_segment_001,0.99987895559830797,0.00016975609756097565,0.99987895559830797,0.00016975609756097565
-0.074305555555555569,2.9256944444444444,120,synthetic_segment_001,0.99951966142899196,0.00017003484320557492,0.99951966142899196,0.00017003484320557492
-0.072222222222222188,2.9277777777777776,120,synthetic_segment_001,1.0001136478070094,0.00017031358885017422,1.0001136478070094,0.00017031358885017422
-0.070138888888888862,2.9298611111111112,120,synthetic_segment_001,0.99903471409773403,0.00017059233449477355,0.99903471409773403,0.00017059233449477355
-0.068055555555555536,2.9319444444444445,120,synthetic_segment_001,1.0005978052034175,0.00017087108013937282,1.0005978052034175,0.00017087108013937282
-0.06597222222222221,2.9340277777777777,120,synthetic_segment_001,0.99995476269663719,0.00017114982578397215,0.99995476269663719,0.00017114982578397215
-0.063888888888888884,2.9361111111111109,120,synthetic_segment_001,1.000039567416197,0.00017142857142857145,1.000039567416197,0.00017142857142857145
-0.061805555555555558,2.9381944444444446,120,synthetic_segment_001,1.0002819266925387,0.00017170731707317073,1.0002819266925387,0.00017170731707317073
-0.059722222222222232,2.9402777777777778,120,synthetic_segment_001,1.0006325311171991,0.00017198606271777005,1.0006325311171991,0.00017198606271777005
-0.057638888888888906,2.942361111111111,120,synthetic_segment_001,0.99930817263483196,0.00017226480836236935,0.99930817263483196,0.00017226480836236935
-0.05555555555555558,2.9444444444444446,120,synthetic_segment_001,0.9999122001255959,0.00017254355400696866,0.9999122001255959,0.00017254355400696866
-0.053472222222222254,2.9465277777777779,120,synthetic_segment_001,1.0001619640811439,0.00017282229965156796,1.0001619640811439,0.00017282229965156796
-0.051388888888888873,2.9486111111111111,120,synthetic_segment_001,1.0002116554363074,0.00017310104529616726,1.0002116554363074,0.00017310104529616726
-0.049305555555555547,2.9506944444444443,120,synthetic_segment_001,0.99963228694927386,0.00017337979094076658,0.99963228694927386,0.00017337979094076658
-0.047222222222222221,2.9527777777777779,120,synthetic_segment_001,0.99973684798566431,0.00017365853658536586,0.99973684798566431,0.00017365853658536586
-0.045138888888888895,2.9548611111111112,120,synthetic_segment_001,0.99959889243731093,0.00017393728222996516,0.99959889243731093,0.00017393728222996516
-0.043055555555555569,2.9569444444444444,120,synthetic_segment_001,1.0002331750143936,0.00017421602787456449,1.0002331750143936,0.00017421602787456449
-0.040972222222222188,2.9590277777777776,120,synthetic_segment_001,1.0000494544227307,0.00017449477351916376,1.0000494544227307,0.00017449477351916376
-0.038888888888888862,2.9611111111111112,120,synthetic_segment_001,1.0001457421531059,0.00017477351916376309,1.0001457421531059,0.00017477351916376309
-0.036805555555555536,2.9631944444444445,120,synthetic_segment_001,1.0011256842022223,0.00017505226480836239,1.0011256842022223,0.00017505226480836239
-0.03472222222222221,2.9652777777777777,120,synthetic_segment_001,1.0001853798801941,0.00017533101045296169,1.0001853798801941,0.00017533101045296169
-0.032638888888888884,2.9673611111111109,120,synthetic_segment_001,0.99961633049883492,0.00017560975609756099,0.99961633049883492,0.00017560975609756099
-0.030555555555555558,2.9694444444444446,120,synthetic_segment_001,1.0007155714049709,0.00017588850174216029,1.0007155714049709,0.00017588850174216029
-0.028472222222222232,2.9715277777777778,120,synthetic_segment_001,1.0005253021871408,0.00017616724738675959,1.0005253021871408,0.00017616724738675959
-0.026388888888888906,2.973611111111111,120,synthetic_segment_001,0.99967790272919255,0.00017644599303135889,0.99967790272919255,0.00017644599303135889
-0.02430555555555558,2.9756944444444446,120,synthetic_segment_001,1.0001404688972459,0.00017672473867595819,1.0001404688972459,0.00017672473867595819
-0.022222222222222254,2.9777777777777779,120,synthetic_segment_001,0.99966601252469833,0.00017700348432055752,0.99966601252469833,0.00017700348432055752
-0.020138888888888928,2.9798611111111111,120,synthetic_segment_001,0.99812753108325325,0.00017728222996515682,0.99812753108325325,0.00017728222996515682
-0.018055555555555547,2.9819444444444443,120,synthetic_segment_001,0.99622975968781191,0.0001775609756097561,0.99622975968781191,0.0001775609756097561
-0.015972222222222221,2.9840277777777779,120,synthetic_segment_001,0.99654359906140377,0.00017783972125435542,0.99654359906140377,0.00017783972125435542
-0.013888888888888895,2.9861111111111112,120,synthetic_segment_001,0.99511828393653157,0.00017811846689895472,0.99511828393653157,0.00017811846689895472
-0.011805555555555514,2.9881944444444444,120,synthetic_segment_001,0.99470608820522521,0.00017839721254355403,0.99470608820522521,0.00017839721254355403
-0.0097222222222221877,2.9902777777777776,120,synthetic_segment_001,0.99444878556452265,0.00017867595818815333,0.99444878556452265,0.00017867595818815333
-0.0076388888888888618,2.9923611111111112,120,synthetic_segment_001,0.99515202057463692,0.00017895470383275263,0.99515202057463692,0.00017895470383275263
-0.0055555555555555358,2.9944444444444445,120,synthetic_segment_001,0.99466617640457156,0.00017923344947735193,0.99466617640457156,0.00017923344947735193
-0.0034722222222222099,2.9965277777777777,120,synthetic_segment_001,0.99421436037213107,0.00017951219512195123,0.99421436037213107,0.00017951219512195123
-0.001388888888888884,2.9986111111111109,120,synthetic_segment_001,0.99469605871233835,0.00017979094076655053,0.99469605871233835,0.00017979094076655053
0.00069444444444444198,3.0006944444444446,120,synthetic_segment_001,0.99451427264864467,0.00018006968641114983,0.99451427264864467,0.00018006968641114983
0.0027777777777777679,3.0027777777777778,120,synthetic_segment_001,0.99464546972817736,0.00018034843205574913,0.99464546972817736,0.00018034843205574913
0.0048611111111110938,3.004861111111111,120,synthetic_segment_001,0.99483672694131597,0.00018062717770034846,0.99483672694131597,0.00018062717770034846
0.0069444444444444198,3.0069444444444446,120,synthetic_segment_001,0.99446399277820363,0.00018090592334494776,0.99446399277820363,0.00018090592334494776
0.0090277777777777457,3.0090277777777779,120,synthetic_segment_001,0.99382815064395846,0.00018118466898954703,0.99382815064395846,0.00018118466898954703
0.011111111111111072,3.0111111111111111,120,synthetic_segment_001,0.99475012077912039,0.00018146341463414636,0.99475012077912039,0.00018146341463414636
0.013194444444444509,3.0131944444444443,120,synthetic_segment_001,0.99490302899412619,0.00018174216027874566,0.99490302899412619,0.00018174216027874566
0.015277777777777724,3.0152777777777779,120,synthetic_segment_001,0.99462180823066959,0.00018202090592334496,0.99462180823066959,0.00018202090592334496
0.01736111111111116,3.0173611111111112,120,synthetic_segment_001,0.99614031325398689,0.00018229965156794426,0.99614031325398689,0.00018229965156794426
0.019444444444444486,3.0194444444444444,120,synthetic_segment_001,0.99526178412390232,0.00018257839721254356,0.99526178412390232,0.00018257839721254356
0.021527777777777812,3.0215277777777776,120,synthetic_segment_001,0.99742840382317965,0.00018285714285714289,0.99742840382317965,0.00018285714285714289
0.023611111111111138,3.0236111111111112,120,synthetic_segment_001,1.0010832878054623,0.00018313588850174217,1.0010832878054623,0.00018313588850174217
0.025694444444444464,3.0256944444444445,120,synthetic_segment_001,0.99902093989213736,0.00018341463414634149,0.99902093989213736,0.00018341463414634149
0.02777777777777779,3.0277777777777777,120,synthetic_segment_001,0.99974626694380642,0.00018369337979094079,0.99974626694380642,0.00018369337979094079
0.029861111111111116,3.0298611111111109,120,synthetic_segment_001,1.0000807814702095,0.00018397212543554007,1.0000807814702095,0.00018397212543554007
0.031944444444444442,3.0319444444444446,120,synthetic_segment_001,0.99980088868551853,0.0001842508710801394,0.99980088868551853,0.0001842508710801394
0.034027777777777768,3.0340277777777778,120,synthetic_segment_001,0.99966164095728749,0.0001845296167247387,0.99966164095728749,0.0001845296167247387
0.036111111111111094,3.036111111111111,120,synthetic_segment_001,1.0003117622765643,0.000184808362369338,1.0003117622765643,0.000184808362369338
0.03819444444444442,3.0381944444444446,120,synthetic_segment_001,0.99966292531432077,0.0001850871080139373,0.99966292531432077,0.0001850871080139373
0.040277777777777746,3.0402777777777779,120,synthetic_segment_001,1.0003615025824446,0.0001853658536585366,1.0003615025824446,0.0001853658536585366
0.042361111111111072,3.0423611111111111,120,synthetic_segment_001,1.0004282977981047,0.0001856445993031359,1.0004282977981047,0.0001856445993031359
0.044444444444444509,3.0444444444444443,120,synthetic_segment_001,1.0014209486969945,0.0001859233449477352,1.0014209486969945,0.0001859233449477352
0.046527777777777724,3.0465277777777779,120,synthetic_segment_001,1.0005534490634642,0.0001862020905923345,1.0005534490634642,0.0001862020905923345
0.04861111111111116,3.0486111111111112,120,synthetic_segment_001,0.99977043614830918,0.00018648083623693383,0.99977043614830918,0.00018648083623693383
0.050694444444444486,3.0506944444444444,120,synthetic_segment_001,0.99977721091489025,0.0001867595818815331,0.99977721091489025,0.0001867595818815331
0.052777777777777812,3.0527777777777776,120,synthetic_segment_001,0.99989551187907422,0.00018703832752613243,0.99989551187907422,0.00018703832752613243
0.054861111111111138,3.0548611111111112,120,synthetic_segment_001,0.99956651192986712,0.00018731707317073173,0.99956651192986712,0.00018731707317073173
0.056944444444444464,3.0569444444444445,120,synthetic_segment_001,0.99955700227911715,0.000187595818815331,0.99955700227911715,0.000187595818815331
0.05902777777777779,3.0590277777777777,120,synthetic_segment_001,1.0000696562819855,0.00018787456445993033,1.0000696562819855,0.00018787456445993033
0.061111111111111116,3.0611111111111109,120,synthetic_segment_001,1.0008008237093984,0.00018815331010452963,1.0008008237093984,0.00018815331010452963
0.063194444444444442,3.0631944444444446,120,synthetic_segment_001,0.99978667583554581,0.00018843205574912893,0.99978667583554581,0.00018843205574912893
0.065277777777777768,3.0652777777777778,120,synthetic_segment_001,1.0010008811619264,0.00018871080139372823,1.0010008811619264,0.00018871080139372823
0.067361111111111094,3.067361111111111,120,synthetic_segment_001,1.0012322520019659,0.00018898954703832754,1.0012322520019659,0.00018898954703832754
0.06944444444444442,3.0694444444444446,120,synthetic_segment_001,0.99934070612407522,0.00018926829268292684,0.99934070612407522,0.00018926829268292684
0.071527777777777746,3.0715277777777779,120,synthetic_segment_001,1.0002004176343267,0.00018954703832752614,1.0002004176343267,0.00018954703832752614
0.073611111111111072,3.0736111111111111,120,synthetic_segment_001,0.99970605606181084,0.00018982578397212544,0.99970605606181084,0.00018982578397212544
0.075694444444444509,3.0756944444444443,120,synthetic_segment_001,1.0012260637042534,0.00019010452961672477,1.0012260637042534,0.00019010452961672477
0.077777777777777724,3.0777777777777779,120,synthetic_segment_001,0.99961426468056436,0.00019038327526132407,0.99961426468056436,0.00019038327526132407
0.07986111111111116,3.0798611111111112,120,synthetic_segment_001,1.0008499090465783,0.00019066202090592337,1.0008499090465783,0.00019066202090592337
0.081944444444444375,3.0819444444444444,120,synthetic_segment_001,1.0004325716394014,0.00019094076655052267,1.0004325716394014,0.00019094076655052267
0.084027777777777812,3.0840277777777776,120,synthetic_segment_001,1.0000620779993821,0.00019121951219512194,1.0000620779993821,0.00019121951219512194
0.086111111111111138,3.0861111111111112,120,synthetic_segment_001,1.0007246687590714,0.00019149825783972127,1.0007246687590714,0.00019149825783972127
0.088194444444444464,3.0881944444444445,120,synthetic_segment_001,1.0004612580979622,0.00019177700348432057,1.0004612580979622,0.00019177700348432057
0.09027777777777779,3.0902777777777777,120,synthetic_segment_001,1.0005504168040875,0.00019205574912891987,1.0005504168040875,0.00019205574912891987
0.092361111111111116,3.0923611111111109,120,synthetic_segment_001,1.000333792777278,0.00019233449477351917,1.000333792777278,0.00019233449477351917
0.094444444444444442,3.0944444444444446,120,synthetic_segment_001,1.0004052121999725,0.00019261324041811847,1.0004052121999725,0.00019261324041811847
0.096527777777777768,3.0965277777777778,120,synthetic_segment_001,0.99958295680368059,0.0001928919860627178,0.99958295680368059,0.0001928919860627178
0.098611111111111094,3.098611111111111,120,synthetic_segment_001,0.99974352461223781,0.00019317073170731707,0.99974352461223781,0.00019317073170731707
0.10069444444444442,3.1006944444444446,120,synthetic_segment_001,1.0002444588447832,0.00019344947735191637,1.0002444588447832,0.00019344947735191637
0.10277777777777775,3.1027777777777779,120,synthetic_segment_001,0.99997386965253898,0.0001937282229965157,0.99997386965253898,0.0001937282229965157
0.10486111111111107,3.1048611111111111,120,synthetic_segment_001,0.99993326941663196,0.000194006968641115,0.99993326941663196,0.000194006968641115
0.1069444444444444,3.1069444444444443,120,synthetic_segment_001,1.0002769665970841,0.0001942857142857143,1.0002769665970841,0.0001942857142857143
0.10902777777777772,3.1090277777777779,120,synthetic_segment_001,1.0006558092031248,0.0001945644599303136,1.0006558092031248,0.0001945644599303136
0.11111111111111116,3.1111111111111112,120,synthetic_segment_001,1.0006392468582808,0.00019484320557491291,1.0006392468582808,0.00019484320557491291
0.11319444444444449,3.1131944444444444,120,synthetic_segment_001,0.99960977380217997,0.00019512195121951221,0.99960977380217997,0.00019512195121951221
0.11527777777777781,3.1152777777777776,120,synthetic_segment_001,1.0000823507713223,0.00019540069686411151,1.0000823507713223,0.00019540069686411151
0.11736111111111114,3.1173611111111112,120,synthetic_segment_001,1.0001883609665692,0.00019567944250871081,1.0001883609665692,0.00019567944250871081
0.11944444444444446,3.1194444444444445,120,synthetic_segment_001,1.0000278894408885,0.00019595818815331014,1.0000278894408885,0.00019595818815331014
0.12152777777777779,3.1215277777777777,120,synthetic_segment_001,0.99992130285508884,0.00019623693379790941,0.99992130285508884,0.00019623693379790941
0.12361111111111112,3.1236111111111109,120,synthetic_segment_001,0.99911960344070305,0.00019651567944250874,0.99911960344070305,0.00019651567944250874
0.12569444444444444,3.1256944444444446,120,synthetic_segment_001,1.0002597048284207,0.00019679442508710801,1.0002597048284207,0.00019679442508710801
0.12777777777777777,3.1277777777777778,120,synthetic_segment_001,0.99995993348294276,0.00019707317073170731,0.99995993348294276,0.00019707317073170731
0.12986111111111109,3.129861111111111,120,synthetic_segment_001,1.0003492250835653,0.00019735191637630664,1.0003492250835653,0.00019735191637630664
0.13194444444444442,3.1319444444444446,120,synthetic_segment_001,1.0004433296061812,0.00019763066202090594,1.0004433296061812,0.00019763066202090594
0.13402777777777775,3.1340277777777779,120,synthetic_segment_001,1.0006018343078413,0.00019790940766550524,1.0006018343078413,0.00019790940766550524
0.13611111111111107,3.1361111111111111,120,synthetic_segment_001,1.0000419220357202,0.00019818815331010454,1.0000419220357202,0.00019818815331010454
0.1381944444444444,3.1381944444444443,120,synthetic_segment_001,1.0012982498826961,0.00019846689895470384,1.0012982498826961,0.00019846689895470384
0.14027777777777772,3.1402777777777779,120,synthetic_segment_001,0.99927794429194927,0.00019874564459930314,0.99927794429194927,0.00019874564459930314
0.14236111111111116,3.1423611111111112,120,synthetic_segment_001,0.99899757050684501,0.00019902439024390244,0.99899757050684501,0.00019902439024390244
0.14444444444444449,3.1444444444444444,120,synthetic_segment_001,1.0007284138992958,0.00019930313588850174,1.0007284138992958,0.00019930313588850174
0.14652777777777781,3.1465277777777776,120,synthetic_segment_001,1.0000251678819196,0.00019958188153310107,1.0000251678819196,0.00019958188153310107
0.14861111111111114,3.1486111111111112,120,synthetic_segment_001,1.0000316560141858,0.00019986062717770035,1.0000316560141858,0.00019986062717770035
-0.14930555555555558,3.8506944444444446,120,synthetic_segment_001,1.0006784413219725,0.00020013937282229967,1.0006784413219725,0.00020013937282229967
-0.14722222222222237,3.8527777777777779,120,synthetic_segment_001,0.9996874962771225,0.00020041811846689895,0.9996874962771225,0.00020041811846689895
-0.14513888888888893,3.8548611111111111,120,synthetic_segment_001,1.0005970145790577,0.00020069686411149828,1.0005970145790577,0.00020069686411149828
-0.14305555555555549,3.8569444444444443,120,synthetic_segment_001,1.0000965817746137,0.00020097560975609758,1.0000965817746137,0.00020097560975609758
-0.14097222222222228,3.8590277777777775,120,synthetic_segment_001,0.99890848607571991,0.00020125435540069688,0.99890848607571991,0.00020125435540069688
-0.13888888888888884,3.8611111111111112,120,synthetic_segment_001,0.9998625765089092,0.0002015331010452962,0.9998625765089092,0.0002015331010452962
-0.13680555555555562,3.8631944444444444,120,synthetic_segment_001,0.99977265104752377,0.00020181184668989551,0.99977265104752377,0.00020181184668989551
-0.13472222222222219,3.865277777777778,120,synthetic_segment_001,0.99867499563720086,0.00020209059233449481,0.99867499563720086,0.00020209059233449481
-0.13263888888888897,3.8673611111111112,120,synthetic_segment_001,1.0004779184679551,0.00020236933797909408,1.0004779184679551,0.00020236933797909408
-0.13055555555555554,3.8694444444444445,120,synthetic_segment_001,0.99979255479495355,0.00020264808362369338,0.99979255479495355,0.00020264808362369338
-0.12847222222222232,3.8715277777777777,120,synthetic_segment_001,0.99986828545102679,0.00020292682926829271,0.99986828545102679,0.00020292682926829271
-0.12638888888888888,3.8736111111111109,120,synthetic_segment_001,0.99996857577410669,0.00020320557491289201,0.99996857577410669,0.00020320557491289201
-0.12430555555555567,3.8756944444444441,120,synthetic_segment_001,1.001176544048038,0.00020348432055749131,1.001176544048038,0.00020348432055749131
-0.12222222222222223,3.8777777777777778,120,synthetic_segment_001,0.99951959985617,0.00020376306620209058,0.99951959985617,0.00020376306620209058
-0.12013888888888902,3.879861111111111,120,synthetic_segment_001,1.0002853750106697,0.00020404181184668988,1.0002853750106697,0.00020404181184668988
-0.11805555555555558,3.8819444444444446,120,synthetic_segment_001,0.99994061958586966,0.00020432055749128921,0.99994061958586966,0.00020432055749128921
-0.11597222222222237,3.8840277777777779,120,synthetic_segment_001,1.000661002279688,0.00020459930313588851,1.000661002279688,0.00020459930313588851
-0.11388888888888893,3.8861111111111111,120,synthetic_segment_001,0.99960597483694669,0.00020487804878048781,0.99960597483694669,0.00020487804878048781
-0.11180555555555549,3.8881944444444443,120,synthetic_segment_001,1.0006296547625626,0.00020515679442508714,1.0006296547625626,0.00020515679442508714
-0.10972222222222228,3.8902777777777775,120,synthetic_segment_001,1.0001051184008505,0.00020543554006968644,1.0001051184008505,0.00020543554006968644
-0.10763888888888884,3.8923611111111112,120,synthetic_segment_001,1.0002536305559118,0.00020571428571428572,1.0002536305559118,0.00020571428571428572
-0.10555555555555562,3.8944444444444444,120,synthetic_segment_001,1.0010354388002047,0.00020599303135888502,1.0010354388002047,0.00020599303135888502
-0.10347222222222219,3.896527777777778,120,synthetic_segment_001,0.99980253187282642,0.00020627177700348432,0.99980253187282642,0.00020627177700348432
-0.10138888888888897,3.8986111111111112,120,synthetic_segment_001,1.0005170211942971,0.00020655052264808364,1.0005170211942971,0.00020655052264808364
-0.099305555555555536,3.9006944444444445,120,synthetic_segment_001,0.9993896920129941,0.00020682926829268295,0.9993896920129941,0.00020682926829268295
-0.097222222222222321,3.9027777777777777,120,synthetic_segment_001,0.99937539636798434,0.00020710801393728225,0.99937539636798434,0.00020710801393728225
-0.095138888888888884,3.9048611111111109,120,synthetic_segment_001,1.0006053997310445,0.00020738675958188157,1.0006053997310445,0.00020738675958188157
-0.093055555555555669,3.9069444444444441,120,synthetic_segment_001,0.99914000813417714,0.00020766550522648082,0.99914000813417714,0.00020766550522648082
-0.090972222222222232,3.9090277777777778,120,synthetic_segment_001,1.0004296052613666,0.00020794425087108015,1.0004296052613666,0.00020794425087108015
-0.088888888888889017,3.911111111111111,120,synthetic_segment_001,0.99933157435811359,0.00020822299651567945,0.99933157435811359,0.00020822299651567945
-0.08680555555555558,3.9131944444444446,120,synthetic_segment_001,1.0002214177662618,0.00020850174216027875,1.0002214177662618,0.00020850174216027875
-0.084722222222222365,3.9152777777777779,120,synthetic_segment_001,0.99939407103409972,0.00020878048780487808,0.99939407103409972,0.00020878048780487808
-0.082638888888888928,3.9173611111111111,120,synthetic_segment_001,0.99893218124361594,0.00020905923344947738,0.99893218124361594,0.00020905923344947738
-0.080555555555555491,3.9194444444444443,120,synthetic_segment_001,1.0008529223183749,0.00020933797909407668,1.0008529223183749,0.00020933797909407668
-0.078472222222222276,3.9215277777777775,120,synthetic_segment_001,0.99989219576231203,0.00020961672473867595,0.99989219576231203,0.00020961672473867595
-0.07638888888888884,3.9236111111111112,120,synthetic_segment_001,0.99970221797193737,0.00020989547038327525,0.99970221797193737,0.00020989547038327525
-0.074305555555555625,3.9256944444444444,120,synthetic_segment_001,0.9997085275293035,0.00021017421602787458,0.9997085275293035,0.00021017421602787458
-0.072222222222222188,3.927777777777778,120,synthetic_segment_001,1.0002691049890413,0.00021045296167247388,1.0002691049890413,0.00021045296167247388
-0.070138888888888973,3.9298611111111112,120,synthetic_segment_001,0.99921802883137778,0.00021073170731707318,0.99921802883137778,0.00021073170731707318
-0.068055555555555536,3.9319444444444445,120,synthetic_segment_001,1.0001050123702397,0.00021101045296167251,1.0001050123702397,0.00021101045296167251
-0.065972222222222321,3.9340277777777777,120,synthetic_segment_001,0.99992499843981109,0.00021128919860627181,0.99992499843981109,0.00021128919860627181
-0.063888888888888884,3.9361111111111109,120,synthetic_segment_001,0.99941841940411347,0.00021156794425087109,0.99941841940411347,0.00021156794425087109
-0.061805555555555669,3.9381944444444441,120,synthetic_segment_001,1.0000028857821979,0.00021184668989547039,1.0000028857821979,0.00021184668989547039
-0.059722222222222232,3.9402777777777778,120,synthetic_segment_001,1.000249700751054,0.00021212543554006969,1.000249700751054,0.00021212543554006969
-0.057638888888889017,3.942361111111111,120,synthetic_segment_001,0.99946984479431578,0.00021240418118466901,0.99946984479431578,0.00021240418118466901
-0.05555555555555558,3.9444444444444446,120,synthetic_segment_001,0.99978420702679216,0.00021268292682926832,0.99978420702679216,0.00021268292682926832
-0.053472222222222365,3.9465277777777779,120,synthetic_segment_001,1.0001189705414342,0.00021296167247386759,1.0001189705414342,0.00021296167247386759
-0.051388888888888928,3.9486111111111111,120,synthetic_segment_001,1.0004681238076805,0.00021324041811846694,1.0004681238076805,0.00021324041811846694
-0.049305555555555491,3.9506944444444443,120,synthetic_segment_001,0.99956339551277551,0.00021351916376306619,0.99956339551277551,0.00021351916376306619
-0.047222222222222276,3.9527777777777775,120,synthetic_segment_001,1.000393017414561,0.00021379790940766552,1.000393017414561,0.00021379790940766552
-0.04513888888888884,3.9548611111111112,120,synthetic_segment_001,0.99998562997060925,0.00021407665505226482,0.99998562997060925,0.00021407665505226482
-0.043055555555555625,3.9569444444444444,120,synthetic_segment_001,0.99928246899563244,0.00021435540069686412,0.99928246899563244,0.00021435540069686412
-0.040972222222222188,3.959027777777778,120,synthetic_segment_001,0.99959081888564816,0.00021463414634146345,0.99959081888564816,0.00021463414634146345
-0.038888888888888973,3.9611111111111112,120,synthetic_segment_001,1.0003930922240178,0.00021491289198606269,1.0003930922240178,0.00021491289198606269
-0.036805555555555536,3.9631944444444445,120,synthetic_segment_001,1.0001689060789141,0.00021519163763066205,1.0001689060789141,0.00021519163763066205
-0.034722222222222321,3.9652777777777777,120,synthetic_segment_001,1.000860038606004,0.00021547038327526132,1.000860038606004,0.00021547038327526132
-0.032638888888888884,3.9673611111111109,120,synthetic_segment_001,0.99962103148380332,0.00021574912891986062,0.99962103148380332,0.00021574912891986062
-0.030555555555555669,3.9694444444444441,120,synthetic_segment_001,1.000219738754055,0.00021602787456445995,1.000219738754055,0.00021602787456445995
-0.028472222222222232,3.9715277777777778,120,synthetic_segment_001,1.0000309229929496,0.00021630662020905925,1.0000309229929496,0.00021630662020905925
-0.026388888888889017,3.973611111111111,120,synthetic_segment_001,0.99937124952886636,0.00021658536585365855,0.99937124952886636,0.00021658536585365855
-0.02430555555555558,3.9756944444444446,120,synthetic_segment_001,0.99983798418814529,0.00021686411149825783,0.99983798418814529,0.00021686411149825783
-0.022222222222222365,3.9777777777777779,120,synthetic_segment_001,1.0000812694516406,0.00021714285714285713,1.0000812694516406,0.00021714285714285713
-0.020138888888888928,3.9798611111111111,120,synthetic_segment_001,0.99861972457446968,0.00021742160278745646,0.99861972457446968,0.00021742160278745646
-0.018055555555555491,3.9819444444444443,120,synthetic_segment_001,0.99725220967543393,0.00021770034843205576,0.99725220967543393,0.00021770034843205576
-0.015972222222222276,3.9840277777777775,120,synthetic_segment_001,0.99553259757902557,0.00021797909407665506,0.99553259757902557,0.00021797909407665506
-0.01388888888888884,3.9861111111111112,120,synthetic_segment_001,0.99455528116493208,0.00021825783972125438,0.99455528116493208,0.00021825783972125438
-0.011805555555555625,3.9881944444444444,120,synthetic_segment_001,0.99418261571831446,0.00021853658536585369,0.99418261571831446,0.00021853658536585369
-0.0097222222222221877,3.990277777777778,120,synthetic_segment_001,0.99440410449692274,0.00021881533101045296,0.99440410449692274,0.00021881533101045296
-0.0076388888888889728,3.9923611111111112,120,synthetic_segment_001,0.9949217951981687,0.00021909407665505226,0.9949217951981687,0.00021909407665505226
-0.0055555555555555358,3.9944444444444445,120,synthetic_segment_001,0.99576318192736946,0.00021937282229965156,0.99576318192736946,0.00021937282229965156
-0.0034722222222223209,3.9965277777777777,120,synthetic_segment_001,0.99470301885136159,0.00021965156794425089,0.99470301885136159,0.00021965156794425089
-0.001388888888888884,3.9986111111111109,120,synthetic_segment_001,0.99379139881594458,0.00021993031358885019,0.99379139881594458,0.00021993031358885019
0.00069444444444433095,4.0006944444444441,120,synthetic_segment_001,0.9934355676376726,0.00022020905923344949,0.9934355676376726,0.00022020905923344949
0.0027777777777777679,4.0027777777777782,120,synthetic_segment_001,0.99518762608427225,0.00022048780487804882,0.99518762608427225,0.00022048780487804882
0.0048611111111109828,4.0048611111111114,120,synthetic_segment_001,0.99439493606671325,0.00022076655052264806,0.99439493606671325,0.00022076655052264806
0.0069444444444444198,4.0069444444444446,120,synthetic_segment_001,0.99453477895292064,0.00022104529616724739,0.99453477895292064,0.00022104529616724739
0.0090277777777776347,4.0090277777777779,120,synthetic_segment_001,0.99499446377344358,0.00022132404181184669,0.99499446377344358,0.00022132404181184669
0.011111111111111072,4.0111111111111111,120,synthetic_segment_001,0.99472935665496798,0.00022160278745644599,0.99472935665496798,0.00022160278745644599
0.013194444444444509,4.0131944444444443,120,synthetic_segment_001,0.99510572491394156,0.00022188153310104532,0.99510572491394156,0.00022188153310104532
0.015277777777777724,4.0152777777777775,120,synthetic_segment_001,0.99484489926129738,0.00022216027874564462,0.99484489926129738,0.00022216027874564462
0.01736111111111116,4.0173611111111107,120,synthetic_segment_001,0.99498412600094055,0.00022243902439024392,0.99498412600094055,0.00022243902439024392
0.019444444444444375,4.0194444444444439,120,synthetic_segment_001,0.99579992791465588,0.0002227177700348432,0.99579992791465588,0.0002227177700348432
0.021527777777777812,4.021527777777778,120,synthetic_segment_001,0.99723702022652883,0.0002229965156794425,0.99723702022652883,0.0002229965156794425
0.023611111111111027,4.0236111111111112,120,synthetic_segment_001,0.99952099811562911,0.00022327526132404183,0.99952099811562911,0.00022327526132404183
0.025694444444444464,4.0256944444444445,120,synthetic_segment_001,1.000969877632113,0.00022355400696864113,1.000969877632113,0.00022355400696864113
0.027777777777777679,4.0277777777777777,120,synthetic_segment_001,1.0006520027259775,0.00022383275261324043,1.0006520027259775,0.00022383275261324043
0.029861111111111116,4.0298611111111109,120,synthetic_segment_001,0.99910500528294233,0.00022411149825783975,0.99910500528294233,0.00022411149825783975
0.031944444444444331,4.0319444444444441,120,synthetic_segment_001,0.99974142892435436,0.00022439024390243906,0.99974142892435436,0.00022439024390243906
0.034027777777777768,4.0340277777777782,120,synthetic_segment_001,0.99931885671165765,0.00022466898954703833,0.99931885671165765,0.00022466898954703833
0.036111111111110983,4.0361111111111114,120,synthetic_segment_001,1.0011333422535389,0.00022494773519163763,1.0011333422535389,0.00022494773519163763
0.03819444444444442,4.0381944444444446,120,synthetic_segment_001,1.0000217065133743,0.00022522648083623693,1.0000217065133743,0.00022522648083623693
0.040277777777777635,4.0402777777777779,120,synthetic_segment_001,0.99983087118826985,0.00022550522648083626,0.99983087118826985,0.00022550522648083626
0.042361111111111072,4.0423611111111111,120,synthetic_segment_001,1.0000390149309224,0.00022578397212543556,1.0000390149309224,0.00022578397212543556
0.044444444444444509,4.0444444444444443,120,synthetic_segment_001,0.99885726824587584,0.00022606271777003483,0.99885726824587584,0.00022606271777003483
0.046527777777777724,4.0465277777777775,120,synthetic_segment_001,0.99989017034240568,0.00022634146341463419,0.99989017034240568,0.00022634146341463419
0.04861111111111116,4.0486111111111107,120,synthetic_segment_001,0.99959016700373882,0.00022662020905923343,0.99959016700373882,0.00022662020905923343
0.050694444444444375,4.0506944444444439,120,synthetic_segment_001,1.0004364722940495,0.00022689895470383276,1.0004364722940495,0.00022689895470383276
0.052777777777777812,4.052777777777778,120,synthetic_segment_001,0.99982261165179054,0.00022717770034843206,0.99982261165179054,0.00022717770034843206
0.054861111111111027,4.0548611111111112,120,synthetic_segment_001,0.99999257881428794,0.00022745644599303136,0.99999257881428794,0.00022745644599303136
0.056944444444444464,4.0569444444444445,120,synthetic_segment_001,1.0005805706625377,0.00022773519163763069,1.0005805706625377,0.00022773519163763069
0.059027777777777679,4.0590277777777777,120,synthetic_segment_001,1.0010233824031607,0.00022801393728222994,1.0010233824031607,0.00022801393728222994
0.061111111111111116,4.0611111111111109,120,synthetic_segment_001,0.99998279389567646,0.00022829268292682929,0.99998279389567646,0.00022829268292682929
0.063194444444444331,4.0631944444444441,120,synthetic_segment_001,1.0002838267300025,0.00022857142857142857,1.0002838267300025,0.00022857142857142857
0.065277777777777768,4.0652777777777782,120,synthetic_segment_001,0.99938187446154569,0.00022885017421602787,0.99938187446154569,0.00022885017421602787
0.067361111111110983,4.0673611111111114,120,synthetic_segment_001,1.0001832189338158,0.0002291289198606272,1.0001832189338158,0.0002291289198606272
0.06944444444444442,4.0694444444444446,120,synthetic_segment_001,1.0009423127421195,0.0002294076655052265,1.0009423127421195,0.0002294076655052265
0.071527777777777635,4.0715277777777779,120,synthetic_segment_001,0.99962245923674575,0.0002296864111498258,0.99962245923674575,0.0002296864111498258
0.073611111111111072,4.0736111111111111,120,synthetic_segment_001,0.99883663880942608,0.00022996515679442507,0.99883663880942608,0.00022996515679442507
0.075694444444444509,4.0756944444444443,120,synthetic_segment_001,0.99941571856763245,0.00023024390243902437,0.99941571856763245,0.00023024390243902437
0.077777777777777724,4.0777777777777775,120,synthetic_segment_001,1.0007592540141674,0.0002305226480836237,1.0007592540141674,0.0002305226480836237
0.07986111111111116,4.0798611111111107,120,synthetic_segment_001,0.99947466310787081,0.000230801393728223,0.99947466310787081,0.000230801393728223
0.081944444444444375,4.0819444444444439,120,synthetic_segment_001,1.0004539331895219,0.0002310801393728223,1.0004539331895219,0.0002310801393728223
0.084027777777777812,4.084027777777778,120,synthetic_segment_001,1.0006341094642521,0.00023135888501742163,1.0006341094642521,0.00023135888501742163
0.086111111111111027,4.0861111111111112,120,synthetic_segment_001,1.0002861312639562,0.00023163763066202093,1.0002861312639562,0.00023163763066202093
0.088194444444444464,4.0881944444444445,120,synthetic_segment_001,0.99920845929232416,0.0002319163763066202,0.99920845929232416,0.0002319163763066202
0.090277777777777679,4.0902777777777777,120,synthetic_segment_001,0.9992922929391751,0.0002321951219512195,0.9992922929391751,0.0002321951219512195
0.092361111111111116,4.0923611111111109,120,synthetic_segment_001,0.99999463434172065,0.0002324738675958188,0.99999463434172065,0.0002324738675958188
0.094444444444444331,4.0944444444444441,120,synthetic_segment_001,1.0000589671316877,0.00023275261324041813,1.0000589671316877,0.00023275261324041813
0.096527777777777768,4.0965277777777782,120,synthetic_segment_001,1.0007833170228242,0.00023303135888501743,1.0007833170228242,0.00023303135888501743
0.098611111111110983,4.0986111111111114,120,synthetic_segment_001,0.99918758481827785,0.00023331010452961673,0.99918758481827785,0.00023331010452961673
0.10069444444444442,4.1006944444444446,120,synthetic_segment_001,1.0008943931971135,0.00023358885017421606,1.0008943931971135,0.00023358885017421606
0.10277777777777763,4.1027777777777779,120,synthetic_segment_001,0.99944887762283707,0.00023386759581881531,0.99944887762283707,0.00023386759581881531
0.10486111111111107,4.1048611111111111,120,synthetic_segment_001,1.0008912665980279,0.00023414634146341464,1.0008912665980279,0.00023414634146341464
0.10694444444444451,4.1069444444444443,120,synthetic_segment_001,1.0002171595805844,0.00023442508710801394,1.0002171595805844,0.00023442508710801394
0.10902777777777772,4.1090277777777775,120,synthetic_segment_001,1.0002390999843906,0.00023470383275261324,1.0002390999843906,0.00023470383275261324
0.11111111111111116,4.1111111111111107,120,synthetic_segment_001,1.0000130341483644,0.00023498257839721257,1.0000130341483644,0.00023498257839721257
0.11319444444444438,4.1131944444444439,120,synthetic_segment_001,0.99944432474077827,0.00023526132404181187,0.99944432474077827,0.00023526132404181187
0.11527777777777781,4.115277777777778,120,synthetic_segment_001,0.99981515191758907,0.00023554006968641117,0.99981515191758907,0.00023554006968641117
0.11736111111111103,4.1173611111111112,120,synthetic_segment_001,1.0000051952589919,0.00023581881533101044,1.0000051952589919,0.00023581881533101044
0.11944444444444446,4.1194444444444445,120,synthetic_segment_001,1.0009162209142402,0.00023609756097560977,1.0009162209142402,0.00023609756097560977
0.12152777777777768,4.1215277777777777,120,synthetic_segment_001,0.99990325478496422,0.00023637630662020907,0.99990325478496422,0.00023637630662020907
0.12361111111111112,4.1236111111111109,120,synthetic_segment_001,0.99949975676069247,0.00023665505226480837,0.99949975676069247,0.00023665505226480837
0.12569444444444433,4.1256944444444441,120,synthetic_segment_001,1.0003295606494214,0.0002369337979094077,1.0003295606494214,0.0002369337979094077
0.12777777777777777,4.1277777777777782,120,synthetic_segment_001,1.0003456446097752,0.00023721254355400694,1.0003456446097752,0.00023721254355400694
0.12986111111111098,4.1298611111111114,120,synthetic_segment_001,1.0002542676693764,0.0002374912891986063,1.0002542676693764,0.0002374912891986063
0.13194444444444442,4.1319444444444446,120,synthetic_segment_001,0.9996382984652511,0.00023777003484320557,0.9996382984652511,0.00023777003484320557
0.13402777777777763,4.1340277777777779,120,synthetic_segment_001,1.0003696790530654,0.00023804878048780487,1.0003696790530654,0.00023804878048780487
0.13611111111111107,4.1361111111111111,120,synthetic_segment_001,1.0007085703022931,0.0002383275261324042,1.0007085703022931,0.0002383275261324042
0.13819444444444451,4.1381944444444443,120,synthetic_segment_001,0.99963237689546514,0.0002386062717770035,0.99963237689546514,0.0002386062717770035
0.14027777777777772,4.1402777777777775,120,synthetic_segment_001,0.99939368800282968,0.0002388850174216028,0.99939368800282968,0.0002388850174216028
0.14236111111111116,4.1423611111111107,120,synthetic_segment_001,0.99991623597001844,0.00023916376306620208,0.99991623597001844,0.00023916376306620208
0.14444444444444438,4.1444444444444439,120,synthetic_segment_001,0.99920819559109486,0.00023944250871080143,0.99920819559109486,0.00023944250871080143
0.14652777777777781,4.146527777777778,120,synthetic_segment_001,1.0002080572035854,0.00023972125435540071,1.0002080572035854,0.00023972125435540071
0.14861111111111103,4.1486111111111112,120,synthetic_segment_001,0.99998930372650097,0.00024000000000000001,0.99998930372650097,0.00024000000000000001
-0.14861111111111114,5.8513888888888888,120,synthetic_segment_002,0.99954513287139368,0.00016000000000000001,1.0195360355288217,0.00016320000000000001
-0.14652777777777781,5.853472222222222,120,synthetic_segment_002,1.0011315902751017,0.00016027874564459931,1.0211542220806038,0.00016348432055749131
-0.14444444444444443,5.8555555555555552,120,synthetic_segment_002,0.99940607497346912,0.00016055749128919861,1.0193941964729385,0.00016376864111498259
-0.1423611111111111,5.8576388888888893,120,synthetic_segment_002,0.99948283543144623,0.00016083623693379792,1.0194724921400751,0.00016405296167247387
-0.14027777777777778,5.8597222222222225,120,synthetic_segment_002,1.0003356540288144,0.00016111498257839724,1.0203423671093907,0.0001643372822299652
-0.13819444444444445,5.8618055555555557,120,synthetic_segment_002,1.0006125237285601,0.00016139372822299654,1.0206247742031314,0.00016462160278745647
-0.13611111111111107,5.8638888888888889,120,synthetic_segment_002,1.0015862426029449,0.00016167247386759582,1.0216179674550039,0.00016490592334494775
-0.13402777777777775,5.8659722222222221,120,synthetic_segment_002,0.99891160751893071,0.00016195121951219515,1.0188898396693093,0.00016519024390243905
-0.13194444444444442,5.8680555555555554,120,synthetic_segment_002,0.99992993805537445,0.00016222996515679445,1.0199285368164819,0.00016547456445993033
-0.12986111111111109,5.8701388888888886,120,synthetic_segment_002,1.000167585222534,0.00016250871080139375,1.0201709369269847,0.00016575888501742163
-0.12777777777777777,5.8722222222222218,120,synthetic_segment_002,1.0003066301894517,0.00016278745644599305,1.0203127627932407,0.00016604320557491291
-0.12569444444444444,5.8743055555555559,120,synthetic_segment_002,1.0008938190051178,0.00016306620209059235,1.0209116953852202,0.00016632752613240419
-0.12361111111111112,5.8763888888888891,120,synthetic_segment_002,1.0006826949390126,0.00016334494773519165,1.0206963488377929,0.00016661184668989549
-0.12152777777777779,5.8784722222222223,120,synthetic_segment_002,0.99978945941441533,0.00016362369337979095,1.0197852486027037,0.00016689616724738677
-0.11944444444444446,5.8805555555555555,120,synthetic_segment_002,0.99984714219356197,0.00016390243902439025,1.0198440850374333,0.00016718048780487807
-0.11736111111111114,5.8826388888888888,120,synthetic_segment_002,0.99970095878502629,0.00016418118466898958,1.0196949779607269,0.00016746480836236937
-0.11527777777777781,5.884722222222222,120,synthetic_segment_002,1.000583827721506,0.00016445993031358885,1.020595504275936,0.00016774912891986062
-0.11319444444444443,5.8868055555555552,120,synthetic_segment_002,1.0000605924006238,0.00016473867595818818,1.0200618042486362,0.00016803344947735195
-0.1111111111111111,5.8888888888888893,120,synthetic_segment_002,0.99966861295699727,0.00016501742160278748,1.0196619852161373,0.00016831777003484323
-0.10902777777777778,5.8909722222222225,120,synthetic_segment_002,1.0002284299446498,0.00016529616724738678,1.0202329985435428,0.00016860209059233453
-0.10694444444444445,5.8930555555555557,120,synthetic_segment_002,1.0002713266242573,0.00016557491289198608,1.0202767531567425,0.00016888641114982581
-0.10486111111111113,5.8951388888888889,120,synthetic_segment_002,0.99980322466852356,0.00016585365853658538,1.0197992891618941,0.00016917073170731709
-0.10277777777777775,5.8972222222222221,120,synthetic_segment_002,1.0002384154852351,0.00016613240418118468,1.0202431837949397,0.00016945505226480839
-0.10069444444444442,5.8993055555555554,120,synthetic_segment_002,0.9995882207558543,0.00016641114982578398,1.0195799851709715,0.00016973937282229967
-0.098611111111111094,5.9013888888888886,120,synthetic_segment_002,1.0004541061405612,0.00016668989547038329,1.0204631882633723,0.00017002369337979094
-0.096527777777777768,5.9034722222222218,120,synthetic_segment_002,1.0002554260900618,0.00016696864111498259,1.0202605346118629,0.00017030801393728225
-0.094444444444444442,5.9055555555555559,120,synthetic_segment_002,1.0004334461078741,0.00016724738675958189,1.0204421150300316,0.00017059233449477352
-0.092361111111111116,5.9076388888888891,120,synthetic_segment_002,1.0002925733506716,0.00016752613240418121,1.020298424817685,0.00017087665505226485
-0.09027777777777779,5.9097222222222223,120,synthetic_segment_002,0.99997390030936462,0.00016780487804878052,1.019973378315552,0.00017116097560975613
-0.088194444444444464,5.9118055555555555,120,synthetic_segment_002,1.0001374321771253,0.00016808362369337979,1.0201401808206678,0.00017144529616724738
-0.086111111111111138,5.9138888888888888,120,synthetic_segment_002,1.0004425042328058,0.00016836236933797912,1.0204513543174618,0.00017172961672473871
-0.084027777777777812,5.915972222222222,120,synthetic_segment_002,0.99993803926706637,0.00016864111498257842,1.0199368000524076,0.00017201393728222999
-0.081944444444444431,5.9180555555555552,120,synthetic_segment_002,0.99946346556027921,0.00016891986062717772,1.0194527348714848,0.00017229825783972126
-0.079861111111111105,5.9201388888888893,120,synthetic_segment_002,1.000017607288836,0.00016919860627177702,1.0200179594346128,0.00017258257839721257
-0.077777777777777779,5.9222222222222225,120,synthetic_segment_002,0.99982992120126679,0.00016947735191637632,1.0198265196252922,0.00017286689895470384
-0.075694444444444453,5.9243055555555557,120,synthetic_segment_002,1.0000669867168741,0.00016975609756097565,1.0200683264512116,0.00017315121951219517
-0.073611111111111127,5.9263888888888889,120,synthetic_segment_002,0.99984494844952498,0.00017003484320557492,1.0198418474185156,0.00017343554006968642
-0.071527777777777746,5.9284722222222221,120,synthetic_segment_002,0.99996374792668397,0.00017031358885017422,1.0199630228852177,0.0001737198606271777
-0.06944444444444442,5.9305555555555554,120,synthetic_segment_002,0.9997861147478182,0.00017059233449477355,1.0197818370427745,0.00017400418118466903
-0.067361111111111094,5.9326388888888886,120,synthetic_segment_002,1.0007633602837498,0.00017087108013937282,1.0207786274894248,0.00017428850174216028
-0.065277777777777768,5.9347222222222218,120,synthetic_segment_002,0.99990163222903372,0.00017114982578397215,1.0198996648736145,0.00017457282229965161
-0.063194444444444442,5.9368055555555559,120,synthetic_segment_002,0.99909539037513551,0.00017142857142857145,1.0190772981826381,0.00017485714285714289
-0.061111111111111116,5.9388888888888891,120,synthetic_segment_002,0.99970391487626953,0.00017170731707317073,1.0196979931737948,0.00017514146341463414
-0.05902777777777779,5.9409722222222223,120,synthetic_segment_002,0.99962803231922992,0.00017198606271777005,1.0196205929656146,0.00017542578397212547
-0.056944444444444464,5.9430555555555555,120,synthetic_segment_002,1.0003963507915274,0.00017226480836236935,1.0204042778073581,0.00017571010452961674
-0.054861111111111138,5.9451388888888888,120,synthetic_segment_002,1.0001847838356404,0.00017254355400696866,1.0201884795123533,0.00017599442508710802
-0.052777777777777812,5.947222222222222,120,synthetic_segment_002,0.99938530160350458,0.00017282229965156796,1.0193730076355747,0.00017627874564459932
-0.050694444444444431,5.9493055555555552,120,synthetic_segment_002,0.99965885830443946,0.00017310104529616726,1.0196520354705283,0.0001765630662020906
-0.048611111111111105,5.9513888888888893,120,synthetic_segment_002,1.0004350619470215,0.00017337979094076658,1.020443763185962,0.00017684738675958193
-0.046527777777777779,5.9534722222222225,120,synthetic_segment_002,0.99977248474562064,0.00017365853658536586,1.019767934440533,0.00017713170731707318
-0.044444444444444453,5.9555555555555557,120,synthetic_segment_002,1.0006699547904583,0.00017393728222996516,1.0206833538862674,0.00017741602787456446
-0.042361111111111127,5.9576388888888889,120,synthetic_segment_002,1.0004935027643669,0.00017421602787456449,1.0205033728196542,0.00017770034843205579
-0.040277777777777746,5.9597222222222221,120,synthetic_segment_002,0.99930407735987881,0.00017449477351916376,1.0192901589070764,0.00017798466898954704
-0.03819444444444442,5.9618055555555554,120,synthetic_segment_002,1.0003846427181904,0.00017477351916376309,1.0203923355725542,0.00017826898954703834
-0.036111111111111094,5.9638888888888886,120,synthetic_segment_002,0.99935034798049971,0.00017505226480836239,1.0193373549401097,0.00017855331010452964
-0.034027777777777768,5.9659722222222218,120,synthetic_segment_002,0.9997622873364449,0.00017533101045296169,1.0197575330831739,0.00017883763066202092
-0.031944444444444442,5.9680555555555559,120,synthetic_segment_002,1.0000600159352948,0.00017560975609756099,1.0200612162540008,0.00017912195121951222
-0.029861111111111116,5.9701388888888891,120,synthetic_segment_002,0.99966416163325766,0.00017588850174216029,1.0196574448659228,0.0001794062717770035
-0.02777777777777779,5.9722222222222223,120,synthetic_segment_002,1.0008175323259867,0.00017616724738675959,1.0208338829725065,0.00017969059233449478
-0.025694444444444464,5.9743055555555555,120,synthetic_segment_002,1.0006617693281088,0.00017644599303135889,1.0206750047146711,0.00017997491289198608
-0.023611111111111138,5.9763888888888888,120,synthetic_segment_002,0.99946191231137371,0.00017672473867595819,1.0194511505576012,0.00018025923344947736
-0.021527777777777812,5.978472222222222,120,synthetic_segment_002,1.0002250352641597,0.00017700348432055752,1.0202295359694429,0.00018054355400696869
-0.019444444444444486,5.9805555555555552,120,synthetic_segment_002,0.99795019899756965,0.00017728222996515682,1.017909202977521,0.00018082787456445996
-0.017361111111111105,5.9826388888888893,120,synthetic_segment_002,0.99565711471211915,0.0001775609756097561,1.0155702570063616,0.00018111219512195121
-0.015277777777777779,5.9847222222222225,120,synthetic_segment_002,0.99563834937486018,0.00017783972125435542,1.0155511163623574,0.00018139651567944254
-0.013194444444444453,5.9868055555555557,120,synthetic_segment_002,0.99534576554852161,0.00017811846689895472,1.0152526808594922,0.00018168083623693382
-0.011111111111111072,5.9888888888888889,120,synthetic_segment_002,0.99506228236334415,0.00017839721254355403,1.0149635280106111,0.0001819651567944251
-0.0090277777777777457,5.9909722222222221,120,synthetic_segment_002,0.99487761819807252,0.00017867595818815333,1.014775170562034,0.0001822494773519164
-0.0069444444444444198,5.9930555555555554,120,synthetic_segment_002,0.99469843555942739,0.00017895470383275263,1.014592404270616,0.00018253379790940768
-0.0048611111111110938,5.9951388888888886,120,synthetic_segment_002,0.99408737982552986,0.00017923344947735193,1.0139691274220404,0.00018281811846689898
-0.0027777777777777679,5.9972222222222218,120,synthetic_segment_002,0.99403745316940384,0.00017951219512195123,1.0139182022327919,0.00018310243902439026
-0.00069444444444444198,5.9993055555555559,120,synthetic_segment_002,0.99483898024418782,0.00017979094076655053,1.0147357598490716,0.00018338675958188153
0.001388888888888884,6.0013888888888891,120,synthetic_segment_002,0.9955249507926216,0.00018006968641114983,1.0154354498084741,0.00018367108013937284
0.0034722222222222099,6.0034722222222223,120,synthetic_segment_002,0.99482905177923775,0.00018034843205574913,1.0147256328148224,0.00018395540069686411
0.0055555555555555358,6.0055555555555555,120,synthetic_segment_002,0.99526584352551495,0.00018062717770034846,1.0151711603960252,0.00018423972125435544
0.0076388888888888618,6.0076388888888888,120,synthetic_segment_002,0.99495556698017174,0.00018090592334494776,1.0148546783197752,0.00018452404181184672
0.0097222222222221877,6.009722222222222,120,synthetic_segment_002,0.99398032272931147,0.00018118466898954703,1.0138599291838977,0.00018480836236933797
0.011805555555555514,6.0118055555555552,120,synthetic_segment_002,0.99544488264961317,0.00018146341463414636,1.0153537803026054,0.0001850926829268293
0.01388888888888884,6.0138888888888893,120,synthetic_segment_002,0.99510170896858263,0.00018174216027874566,1.0150037431479544,0.00018537700348432058
0.015972222222222276,6.0159722222222225,120,synthetic_segment_002,0.9943512478191221,0.00018202090592334496,1.0142382727755046,0.00018566132404181185
0.018055555555555491,6.0180555555555557,120,synthetic_segment_002,0.99480750656803429,0.00018229965156794426,1.014703656699395,0.00018594564459930316
0.020138888888888928,6.0201388888888889,120,synthetic_segment_002,0.99438423787124697,0.00018257839721254356,1.0142719226286718,0.00018622996515679443
0.022222222222222254,6.0222222222222221,120,synthetic_segment_002,0.9984031705271148,0.00018285714285714289,1.0183712339376572,0.00018651428571428576
0.02430555555555558,6.0243055555555554,120,synthetic_segment_002,1.0005863634108298,0.00018313588850174217,1.0205980906790464,0.00018679860627177701
0.026388888888888906,6.0263888888888886,120,synthetic_segment_002,0.99997207834280832,0.00018341463414634149,1.0199715199096646,0.00018708292682926832
0.028472222222222232,6.0284722222222218,120,synthetic_segment_002,1.000264099758104,0.00018369337979094079,1.0202693817532662,0.00018736724738675962
0.030555555555555558,6.0305555555555559,120,synthetic_segment_002,1.0003914879594658,0.00018397212543554007,1.020399317718655,0.00018765156794425087
0.032638888888888884,6.0326388888888891,120,synthetic_segment_002,1.0004227692711107,0.0001842508710801394,1.020431224656533,0.00018793588850174217
0.03472222222222221,6.0347222222222223,120,synthetic_segment_002,0.9994952487560258,0.0001845296167247387,1.0194851537311462,0.00018822020905923348
0.036805555555555536,6.0368055555555555,120,synthetic_segment_002,1.0007017478980689,0.000184808362369338,1.0207157828560303,0.00018850452961672475
0.038888888888888862,6.0388888888888888,120,synthetic_segment_002,0.99977559620849377,0.0001850871080139373,1.0197711081326637,0.00018878885017421606
0.040972222222222188,6.040972222222222,120,synthetic_segment_002,0.99982047844944655,0.0001853658536585366,1.0198168880184355,0.00018907317073170733
0.043055555555555514,6.0430555555555552,120,synthetic_segment_002,1.0002230987343714,0.0001856445993031359,1.020227560709059,0.00018935749128919861
0.04513888888888884,6.0451388888888893,120,synthetic_segment_002,0.99965043113688246,0.0001859233449477352,1.0196434397596201,0.00018964181184668991
0.047222222222222276,6.0472222222222225,120,synthetic_segment_002,0.99967146413953301,0.0001862020905923345,1.0196648934223236,0.00018992613240418119
0.049305555555555491,6.0493055555555557,120,synthetic_segment_002,1.0000369639038933,0.00018648083623693383,1.0200377031819712,0.00019021045296167252
0.051388888888888928,6.0513888888888889,120,synthetic_segment_002,1.000567398544469,0.0001867595818815331,1.0205787465153584,0.00019049477351916377
0.053472222222222254,6.0534722222222221,120,synthetic_segment_002,0.99986188943381893,0.00018703832752613243,1.0198591272224953,0.00019077909407665507
0.05555555555555558,6.0555555555555554,120,synthetic_segment_002,0.99933994848303942,0.00018731707317073173,1.0193267474527001,0.00019106341463414638
0.057638888888888906,6.0576388888888886,120,synthetic_segment_002,0.99957478077803508,0.000187595818815331,1.0195662763935958,0.00019134773519163763
0.059722222222222232,6.0597222222222218,120,synthetic_segment_002,0.99997543396817012,0.00018787456445993033,1.0199749426475335,0.00019163205574912893
0.061805555555555558,6.0618055555555559,120,synthetic_segment_002,1.0002818363162689,0.00018815331010452963,1.0202874730425944,0.00019191637630662023
0.063888888888888884,6.0638888888888891,120,synthetic_segment_002,0.99997900975152954,0.00018843205574912893,1.0199785899465601,0.00019220069686411151
0.06597222222222221,6.0659722222222223,120,synthetic_segment_002,0.99950020108127557,0.00018871080139372823,1.0194902051029011,0.00019248501742160281
0.068055555555555536,6.0680555555555555,120,synthetic_segment_002,0.99994861260713397,0.00018898954703832754,1.0199475848592767,0.00019276933797909409
0.070138888888888862,6.0701388888888888,120,synthetic_segment_002,1.000593362634151,0.00018926829268292684,1.020605229886834,0.00019305365853658537
0.072222222222222188,6.072222222222222,120,synthetic_segment_002,1.0001799620606191,0.00018954703832752614,1.0201835613018315,0.00019333797909407667
0.074305555555555514,6.0743055555555552,120,synthetic_segment_002,1.0002888712681794,0.00018982578397212544,1.0202946486935431,0.00019362229965156795
0.07638888888888884,6.0763888888888893,120,synthetic_segment_002,1.0003309567970171,0.00019010452961672477,1.0203375759329574,0.00019390662020905928
0.078472222222222276,6.0784722222222225,120,synthetic_segment_002,1.0002110749466928,0.00019038327526132407,1.0202152964456266,0.00019419094076655055
0.080555555555555491,6.0805555555555557,120,synthetic_segment_002,0.99893076785513446,0.00019066202090592337,1.0189093832122371,0.00019447526132404183
0.082638888888888928,6.0826388888888889,120,synthetic_segment_002,1.0002262698949287,0.00019094076655052267,1.0202307952928273,0.00019475958188153313
0.084722222222222254,6.0847222222222221,120,synthetic_segment_002,1.0000633791511431,0.00019121951219512194,1.0200646467341659,0.00019504390243902438
0.08680555555555558,6.0868055555555554,120,synthetic_segment_002,0.99957120872686722,0.00019149825783972127,1.0195626329014045,0.00019532822299651569
0.088888888888888906,6.0888888888888886,120,synthetic_segment_002,1.0002288303167823,0.00019177700348432057,1.020233406923118,0.00019561254355400699
0.090972222222222232,6.0909722222222218,120,synthetic_segment_002,1.0002888871583608,0.00019205574912891987,1.0202946649015281,0.00019589686411149827
0.093055555555555558,6.0930555555555559,120,synthetic_segment_002,1.0008960308244836,0.00019233449477351917,1.0209139514409733,0.00019618118466898957
0.095138888888888884,6.0951388888888891,120,synthetic_segment_002,1.0006080388918492,0.00019261324041811847,1.0206201996696862,0.00019646550522648085
0.09722222222222221,6.0972222222222223,120,synthetic_segment_002,1.0002702841256461,0.0001928919860627178,1.0202756898081591,0.00019674982578397215
0.099305555555555536,6.0993055555555555,120,synthetic_segment_002,0.99971507665185699,0.00019317073170731707,1.019709378184894,0.00019703414634146343
0.10138888888888886,6.1013888888888888,120,synthetic_segment_002,0.99976934332031386,0.00019344947735191637,1.0197647301867201,0.0001973184668989547
0.10347222222222219,6.103472222222222,120,synthetic_segment_002,0.99995312148804116,0.0001937282229965157,1.0199521839178021,0.00019760278745644601
0.10555555555555551,6.1055555555555552,120,synthetic_segment_002,1.0007276026318968,0.000194006968641115,1.0207421546845348,0.00019788710801393731
0.10763888888888884,6.1076388888888893,120,synthetic_segment_002,1.0002460877915593,0.0001942857142857143,1.0202510095473905,0.00019817142857142859
0.10972222222222217,6.1097222222222225,120,synthetic_segment_002,0.99960759982228287,0.0001945644599303136,1.0195997518187285,0.00019845574912891989
0.1118055555555556,6.1118055555555557,120,synthetic_segment_002,0.99968345840765627,0.00019484320557491291,1.0196771275758094,0.00019874006968641117
0.11388888888888893,6.1138888888888889,120,synthetic_segment_002,1.0003035464003587,0.00019512195121951221,1.0203096173283659,0.00019902439024390244
0.11597222222222225,6.1159722222222221,120,synthetic_segment_002,0.99982175733087741,0.00019540069686411151,1.0198181924774949,0.00019930871080139375
0.11805555555555558,6.1180555555555554,120,synthetic_segment_002,0.99916918999539683,0.00019567944250871081,1.0191525737953049,0.00019959303135888502
0.12013888888888891,6.1201388888888886,120,synthetic_segment_002,0.9996904061902091,0.00019595818815331014,1.0196842143140132,0.00019987735191637635
0.12222222222222223,6.1222222222222218,120,synthetic_segment_002,0.99998569852620411,0.00019623693379790941,1.0199854124967282,0.0002001616724738676
0.12430555555555556,6.1243055555555559,120,synthetic_segment_002,1.0004800491459902,0.00019651567944250874,1.02048965012891,0.00020044599303135891
0.12638888888888888,6.1263888888888891,120,synthetic_segment_002,1.0003319341874402,0.00019679442508710801,1.0203385728711889,0.00020073031358885018
0.12847222222222221,6.1284722222222223,120,synthetic_segment_002,0.99999632596746468,0.00019707317073170731,1.019996252486814,0.00020101463414634146
0.13055555555555554,6.1305555555555555,120,synthetic_segment_002,1.0003434757706264,0.00019735191637630664,1.020350345286039,0.00020129895470383276
0.13263888888888886,6.1326388888888888,120,synthetic_segment_002,0.99998841360965418,0.00019763066202090594,1.0199881818818473,0.00020158327526132407
0.13472222222222219,6.134722222222222,120,synthetic_segment_002,1.0003123107113581,0.00019790940766550524,1.0203185569255853,0.00020186759581881534
0.13680555555555551,6.1368055555555552,120,synthetic_segment_002,0.99984122365719752,0.00019818815331010454,1.0198380481303415,0.00020215191637630665
0.13888888888888884,6.1388888888888893,120,synthetic_segment_002,0.99982239916655213,0.00019846689895470384,1.0198188471498832,0.00020243623693379792
0.14097222222222217,6.1409722222222225,120,synthetic_segment_002,1.0004971964443867,0.00019874564459930314,1.0205071403732744,0.0002027205574912892
0.1430555555555556,6.1430555555555557,120,synthetic_segment_002,1.0001337570534528,0.00019902439024390244,1.0201364321945219,0.0002030048780487805
0.14513888888888893,6.1451388888888889,120,synthetic_segment_002,1.001101074984357,0.00019930313588850174,1.0211230964840441,0.00020328919860627178
0.14722222222222225,6.1472222222222221,120,synthetic_segment_002,1.0000074284653935,0.00019958188153310107,1.0200075770347015,0.00020357351916376308
0.14930555555555558,6.1493055555555554,120,synthetic_segment_002,1.0003221400140117,0.00019986062717770035,1.0203285828142918,0.00020385783972125436
-0.14861111111111125,6.8513888888888888,120,synthetic_segment_002,1.0009156401004593,0.00020013937282229967,1.0209339529024686,0.00020414216027874566
-0.14652777777777803,6.853472222222222,120,synthetic_segment_002,1.000017066852859,0.00020041811846689895,1.0200174081899163,0.00020442648083623694
-0.14444444444444438,6.8555555555555552,120,synthetic_segment_002,0.99988745330211193,0.00020069686411149828,1.0198852023681542,0.00020471080139372824
-0.14236111111111116,6.8576388888888893,120,synthetic_segment_002,0.99937918292043793,0.00020097560975609758,1.0193667665788466,0.00020499512195121952
-0.14027777777777795,6.8597222222222225,120,synthetic_segment_002,1.0003691180430134,0.00020125435540069688,1.0203765004038736,0.00020527944250871082
-0.13819444444444429,6.8618055555555557,120,synthetic_segment_002,1.0008804567846283,0.0002015331010452962,1.0208980659203208,0.00020556376306620213
-0.13611111111111107,6.8638888888888889,120,synthetic_segment_002,1.0007872245708405,0.00020181184668989551,1.0208029690622573,0.00020584808362369343
-0.13402777777777786,6.8659722222222221,120,synthetic_segment_002,1.0007187749432553,0.00020209059233449481,1.0207331504421204,0.00020613240418118471
-0.13194444444444464,6.8680555555555554,120,synthetic_segment_002,0.999847947619663,0.00020236933797909408,1.0198449065720563,0.00020641672473867596
-0.12986111111111098,6.8701388888888886,120,synthetic_segment_002,1.0000286260335176,0.00020264808362369338,1.0200291985541881,0.00020670104529616726
-0.12777777777777777,6.8722222222222218,120,synthetic_segment_002,0.99998158240384249,0.00020292682926829271,1.0199812140519193,0.00020698536585365856
-0.12569444444444455,6.8743055555555559,120,synthetic_segment_002,1.0011354388309275,0.00020320557491289201,1.021158147607546,0.00020726968641114984
-0.12361111111111134,6.8763888888888891,120,synthetic_segment_002,0.99888073605889871,0.00020348432055749131,1.0188583507800768,0.00020755400696864114
-0.12152777777777768,6.8784722222222223,120,synthetic_segment_002,1.0006858001475529,0.00020376306620209058,1.0206995161505039,0.00020783832752613239
-0.11944444444444446,6.8805555555555555,120,synthetic_segment_002,0.99965165270418965,0.00020404181184668988,1.0196446857582735,0.0002081226480836237
-0.11736111111111125,6.8826388888888888,120,synthetic_segment_002,0.99955952390912017,0.00020432055749128921,1.0195507143873026,0.000208406968641115
-0.11527777777777803,6.884722222222222,120,synthetic_segment_002,0.99959272774475627,0.00020459930313588851,1.0195845822996514,0.00020869128919860628
-0.11319444444444438,6.8868055555555552,120,synthetic_segment_002,1.0002124118921014,0.00020487804878048781,1.0202166601299434,0.00020897560975609758
-0.11111111111111116,6.8888888888888893,120,synthetic_segment_002,1.0000336112256418,0.00020515679442508714,1.0200342834501548,0.00020925993031358888
-0.10902777777777795,6.8909722222222225,120,synthetic_segment_002,0.99992897529374647,0.00020543554006968644,1.0199275547996214,0.00020954425087108019
-0.10694444444444429,6.8930555555555557,120,synthetic_segment_002,1.000528127351116,0.00020571428571428572,1.0205386898981383,0.00020982857142857144
-0.10486111111111107,6.8951388888888889,120,synthetic_segment_002,0.99940769161340959,0.00020599303135888502,1.0193958454456777,0.00021011289198606271
-0.10277777777777786,6.8972222222222221,120,synthetic_segment_002,1.0002827427822598,0.00020627177700348432,1.0202883976379051,0.00021039721254355402
-0.10069444444444464,6.8993055555555554,120,synthetic_segment_002,1.0003709812482717,0.00020655052264808364,1.0203784008732373,0.00021068153310104532
-0.098611111111110983,6.9013888888888886,120,synthetic_segment_002,0.99906303913674155,0.00020682926829268295,1.0190442999194764,0.0002109658536585366
-0.096527777777777768,6.9034722222222218,120,synthetic_segment_002,0.9997872638591454,0.00020710801393728225,1.0197830091363282,0.0002112501742160279
-0.094444444444444553,6.9055555555555559,120,synthetic_segment_002,0.99965893654971816,0.00020738675958188157,1.0196521152807125,0.0002115344947735192
-0.092361111111111338,6.9076388888888891,120,synthetic_segment_002,0.99838027713601574,0.00020766550522648082,1.018347882678736,0.00021181881533101045
-0.090277777777777679,6.9097222222222223,120,synthetic_segment_002,1.0001468014067498,0.00020794425087108015,1.0201497374348849,0.00021210313588850176
-0.088194444444444464,6.9118055555555555,120,synthetic_segment_002,1.0007771053862691,0.00020822299651567945,1.0207926474939946,0.00021238745644599303
-0.086111111111111249,6.9138888888888888,120,synthetic_segment_002,0.9996244340733309,0.00020850174216027875,1.0196169227547975,0.00021267177700348434
-0.084027777777778034,6.915972222222222,120,synthetic_segment_002,1.0003232008500786,0.00020878048780487808,1.0203296648670803,0.00021295609756097564
-0.081944444444444375,6.9180555555555552,120,synthetic_segment_002,1.0000127333452029,0.00020905923344947738,1.0200129880121069,0.00021324041811846692
-0.07986111111111116,6.9201388888888893,120,synthetic_segment_002,1.0003247094520402,0.00020933797909407668,1.020331203641081,0.00021352473867595822
-0.077777777777777946,6.9222222222222225,120,synthetic_segment_002,1.0009075829313494,0.00020961672473867595,1.0209257345899765,0.00021380905923344947
-0.075694444444444287,6.9243055555555557,120,synthetic_segment_002,1.0001659709824442,0.00020989547038327525,1.0201692904020931,0.00021409337979094077
-0.073611111111111072,6.9263888888888889,120,synthetic_segment_002,0.99940456564232671,0.00021017421602787458,1.0193926569551732,0.00021437770034843208
-0.071527777777777857,6.9284722222222221,120,synthetic_segment_002,0.99947558118947777,0.00021045296167247388,1.0194650928132674,0.00021466202090592335
-0.069444444444444642,6.9305555555555554,120,synthetic_segment_002,1.0006898720559292,0.00021073170731707318,1.0207036694970477,0.00021494634146341466
-0.067361111111110983,6.9326388888888886,120,synthetic_segment_002,0.9997330333348895,0.00021101045296167251,1.0197276940015874,0.00021523066202090596
-0.065277777777777768,6.9347222222222218,120,synthetic_segment_002,1.0005690732651313,0.00021128919860627181,1.020580454730434,0.00021551498257839726
-0.063194444444444553,6.9368055555555559,120,synthetic_segment_002,1.0005545078940437,0.00021156794425087109,1.0205655980519246,0.00021579930313588851
-0.061111111111111338,6.9388888888888891,120,synthetic_segment_002,0.99981978811517924,0.00021184668989547039,1.0198161838774829,0.00021608362369337979
-0.059027777777777679,6.9409722222222223,120,synthetic_segment_002,0.99997132373285014,0.00021212543554006969,1.019970750207507,0.00021636794425087109
-0.056944444444444464,6.9430555555555555,120,synthetic_segment_002,0.99980125309753076,0.00021240418118466901,1.0197972781594813,0.0002166522648083624
-0.054861111111111249,6.9451388888888888,120,synthetic_segment_002,1.0002561413619826,0.00021268292682926832,1.0202612641892224,0.00021693658536585367
-0.052777777777778034,6.947222222222222,120,synthetic_segment_002,0.99930652602450132,0.00021296167247386759,1.0192926565449913,0.00021722090592334495
-0.050694444444444375,6.9493055555555552,120,synthetic_segment_002,0.99920287661094809,0.00021324041811846694,1.019186934143167,0.00021750522648083628
-0.04861111111111116,6.9513888888888893,120,synthetic_segment_002,1.0008253576187285,0.00021351916376306619,1.0208418647711031,0.00021778954703832753
-0.046527777777777946,6.9534722222222225,120,synthetic_segment_002,1.0006755898393578,0.00021379790940766552,1.020689101636145,0.00021807386759581883
-0.044444444444444287,6.9555555555555557,120,synthetic_segment_002,1.000069563777289,0.00021407665505226482,1.0200709550528348,0.00021835818815331011
-0.042361111111111072,6.9576388888888889,120,synthetic_segment_002,1.0010787627974351,0.00021435540069686412,1.0211003380533838,0.00021864250871080141
-0.040277777777777857,6.9597222222222221,120,synthetic_segment_002,0.99973776228243694,0.00021463414634146345,1.0197325175280858,0.00021892682926829272
-0.038194444444444642,6.9618055555555554,120,synthetic_segment_002,1.0006961419854874,0.00021491289198606269,1.0207100648251972,0.00021921114982578394
-0.036111111111110983,6.9638888888888886,120,synthetic_segment_002,0.99935924721035285,0.00021519163763066205,1.01934643215456,0.0002194954703832753
-0.034027777777777768,6.9659722222222218,120,synthetic_segment_002,0.99987751102619693,0.00021547038327526132,1.0198750612467209,0.00021977979094076655
-0.031944444444444553,6.9680555555555559,120,synthetic_segment_002,0.99982034029570954,0.00021574912891986062,1.0198167471016237,0.00022006411149825785
-0.029861111111111338,6.9701388888888891,120,synthetic_segment_002,0.99975747608078558,0.00021602787456445995,1.0197526256024012,0.00022034843205574915
-0.027777777777777679,6.9722222222222223,120,synthetic_segment_002,0.99945197804150931,0.00021630662020905925,1.0194410176023396,0.00022063275261324043
-0.025694444444444464,6.9743055555555555,120,synthetic_segment_002,1.000194629430442,0.00021658536585365855,1.0201985220190508,0.00022091707317073173
-0.023611111111111249,6.9763888888888888,120,synthetic_segment_002,0.99940609710003647,0.00021686411149825783,1.0193942190420373,0.00022120139372822298
-0.021527777777778034,6.978472222222222,120,synthetic_segment_002,0.99998381459369479,0.00021714285714285713,1.0199834908855687,0.00022148571428571429
-0.019444444444444375,6.9805555555555552,120,synthetic_segment_002,0.99820839098300995,0.00021742160278745646,1.0181725588026702,0.00022177003484320559
-0.01736111111111116,6.9826388888888893,120,synthetic_segment_002,0.99476440941851829,0.00021770034843205576,1.0146596976068887,0.00022205435540069687
-0.015277777777777946,6.9847222222222225,120,synthetic_segment_002,0.99496738701972365,0.00021797909407665506,1.0148667347601181,0.00022233867595818817
-0.013194444444444287,6.9868055555555557,120,synthetic_segment_002,0.99496242467871965,0.00021825783972125438,1.0148616731722941,0.00022262299651567947
-0.011111111111111072,6.9888888888888889,120,synthetic_segment_002,0.99452117833283793,0.00021853658536585369,1.0144116018994946,0.00022290731707317075
-0.0090277777777778567,6.9909722222222221,120,synthetic_segment_002,0.99525812464305108,0.00021881533101045296,1.0151632871359122,0.00022319163763066203
-0.0069444444444446418,6.9930555555555554,120,synthetic_segment_002,0.99512146486745179,0.00021909407665505226,1.0150238941648009,0.0002234759581881533
-0.0048611111111109828,6.9951388888888886,120,synthetic_segment_002,0.99446792601856948,0.00021937282229965156,1.0143572845389408,0.00022376027874564461
-0.0027777777777777679,6.9972222222222218,120,synthetic_segment_002,0.99440908904257175,0.00021965156794425089,1.0142972708234232,0.00022404459930313591
-0.000694444444444553,6.9993055555555559,120,synthetic_segment_002,0.99462221247610727,0.00021993031358885019,1.0145146567256293,0.00022432891986062719
0.001388888888888884,7.0013888888888891,120,synthetic_segment_002,0.99400538444599684,0.00022020905923344949,1.0138854921349167,0.00022461324041811849
0.0034722222222223209,7.0034722222222223,120,synthetic_segment_002,0.99518519856065735,0.00022048780487804882,1.0150889025318706,0.00022489756097560979
0.0055555555555555358,7.0055555555555555,120,synthetic_segment_002,0.99456220488017355,0.00022076655052264806,1.014453448977777,0.00022518188153310102
0.0076388888888889728,7.0076388888888888,120,synthetic_segment_002,0.99519286215795133,0.00022104529616724739,1.0150967194011105,0.00022546620209059235
0.0097222222222221877,7.009722222222222,120,synthetic_segment_002,0.99571331624106074,0.00022132404181184669,1.015627582565882,0.00022575052264808362
0.011805555555555625,7.0118055555555561,120,synthetic_segment_002,0.99451795847262114,0.00022160278745644599,1.0144083176420735,0.00022603484320557493
0.013888888888889062,7.0138888888888893,120,synthetic_segment_002,0.9949629135068685,0.00022188153310104532,1.0148621717770059,0.00022631916376306623
0.015972222222222276,7.0159722222222225,120,synthetic_segment_002,0.99477733664242363,0.00022216027874564462,1.0146728833752721,0.00022660348432055751
0.018055555555555713,7.0180555555555557,120,synthetic_segment_002,0.99488354208749497,0.00022243902439024392,1.0147812129292448,0.00022688780487804881
0.020138888888888928,7.0201388888888889,120,synthetic_segment_002,0.99717506281824342,0.0002227177700348432,1.0171185640746083,0.00022717212543554006
0.022222222222222365,7.0222222222222221,120,synthetic_segment_002,0.99815907745053345,0.0002229965156794425,1.0181222589995442,0.00022745644599303136
0.02430555555555558,7.0243055555555554,120,synthetic_segment_002,1.0002849379901984,0.00022327526132404183,1.0202906367500024,0.00022774076655052267
0.026388888888889017,7.0263888888888886,120,synthetic_segment_002,0.99984602064320793,0.00022355400696864113,1.0198429410560721,0.00022802508710801394
0.028472222222222232,7.0284722222222218,120,synthetic_segment_002,1.0000199112521906,0.00022383275261324043,1.0200203094772344,0.00022830940766550525
0.030555555555555669,7.0305555555555559,120,synthetic_segment_002,1.0001522536593324,0.00022411149825783975,1.0201552987325191,0.00022859372822299655
0.032638888888888884,7.0326388888888891,120,synthetic_segment_002,1.0007356757803949,0.00022439024390243906,1.0207503892960028,0.00022887804878048783
0.034722222222222321,7.0347222222222223,120,synthetic_segment_002,1.0002099004821665,0.00022466898954703833,1.0202140984918098,0.0002291623693379791
0.036805555555555536,7.0368055555555555,120,synthetic_segment_002,1.0005066664117932,0.00022494773519163763,1.0205167997400291,0.00022944668989547038
0.038888888888888973,7.0388888888888888,120,synthetic_segment_002,0.99972936637806475,0.00022522648083623693,1.019723953705626,0.00022973101045296168
0.040972222222222188,7.040972222222222,120,synthetic_segment_002,0.99935024614953605,0.00022550522648083626,1.0193372510725267,0.00023001533101045299
0.043055555555555625,7.0430555555555561,120,synthetic_segment_002,0.9992976542366574,0.00022578397212543556,1.0192836073213905,0.00023029965156794426
0.045138888888889062,7.0451388888888893,120,synthetic_segment_002,1.0007696021059191,0.00022606271777003483,1.0207849941480376,0.00023058397212543554
0.047222222222222276,7.0472222222222225,120,synthetic_segment_002,1.0001819049980336,0.00022634146341463419,1.0201855430979943,0.00023086829268292687
0.049305555555555713,7.0493055555555557,120,synthetic_segment_002,1.0008861015882657,0.00022662020905923343,1.0209038236200312,0.00023115261324041812
0.051388888888888928,7.0513888888888889,120,synthetic_segment_002,1.0000000242024227,0.00022689895470383276,1.0200000246864711,0.00023143693379790942
0.053472222222222365,7.0534722222222221,120,synthetic_segment_002,1.000255131354985,0.00022717770034843206,1.0202602339820848,0.0002317212543554007
0.05555555555555558,7.0555555555555554,120,synthetic_segment_002,0.99991409248121021,0.00022745644599303136,1.0199123743308345,0.000232005574912892
0.057638888888889017,7.0576388888888886,120,synthetic_segment_002,1.0006583147273571,0.00022773519163763069,1.0206714810219042,0.00023228989547038331
0.059722222222222232,7.0597222222222218,120,synthetic_segment_002,0.99958804438004289,0.00022801393728222994,1.0195798052676437,0.00023257421602787453
0.061805555555555669,7.0618055555555559,120,synthetic_segment_002,1.0002946646832624,0.00022829268292682929,1.0203005579769278,0.00023285853658536589
0.063888888888888884,7.0638888888888891,120,synthetic_segment_002,1.0002614816578719,0.00022857142857142857,1.0202667112910293,0.00023314285714285714
0.065972222222222321,7.0659722222222223,120,synthetic_segment_002,1.0011694015065702,0.00022885017421602787,1.0211927895367017,0.00023342717770034844
0.068055555555555536,7.0680555555555555,120,synthetic_segment_002,1.0005489321780248,0.0002291289198606272,1.0205599108215853,0.00023371149825783974
0.070138888888888973,7.0701388888888888,120,synthetic_segment_002,0.9994859725768569,0.0002294076655052265,1.0194756920283941,0.00023399581881533102
0.072222222222222188,7.072222222222222,120,synthetic_segment_002,1.0001855891625326,0.0002296864111498258,1.0201893009457834,0.00023428013937282232
0.074305555555555625,7.0743055555555561,120,synthetic_segment_002,0.99978334081668985,0.00022996515679442507,1.0197790076330238,0.00023456445993031357
0.076388888888889062,7.0763888888888893,120,synthetic_segment_002,0.99992568132864823,0.00023024390243902437,1.0199241949552211,0.00023484878048780485
0.078472222222222276,7.0784722222222225,120,synthetic_segment_002,0.99962991643547017,0.0002305226480836237,1.0196225147641795,0.00023513310104529618
0.080555555555555713,7.0805555555555557,120,synthetic_segment_002,0.9999038079829532,0.000230801393728223,1.0199018841426122,0.00023541742160278746
0.082638888888888928,7.0826388888888889,120,synthetic_segment_002,1.0006066349828928,0.0002310801393728223,1.0206187676825507,0.00023570174216027876
0.084722222222222365,7.0847222222222221,120,synthetic_segment_002,1.0001244160845784,0.00023135888501742163,1.02012690440627,0.00023598606271777006
0.08680555555555558,7.0868055555555554,120,synthetic_segment_002,0.99902991183343626,0.00023163763066202093,1.019010510070105,0.00023627038327526134
0.088888888888889017,7.0888888888888886,120,synthetic_segment_002,0.99974450005854543,0.0002319163763066202,1.0197393900597163,0.00023655470383275262
0.090972222222222232,7.0909722222222218,120,synthetic_segment_002,1.0004548221590337,0.0002321951219512195,1.0204639186022144,0.00023683902439024389
0.093055555555555669,7.0930555555555559,120,synthetic_segment_002,1.0006294558139837,0.0002324738675958188,1.0206420449302633,0.0002371233449477352
0.095138888888888884,7.0951388888888891,120,synthetic_segment_002,0.9995171348626235,0.00023275261324041813,1.019507477559876,0.0002374076655052265
0.097222222222222321,7.0972222222222223,120,synthetic_segment_002,0.99964295191521702,0.00023303135888501743,1.0196358109535213,0.00023769198606271778
0.099305555555555536,7.0993055555555555,120,synthetic_segment_002,0.9999316634830413,0.00023331010452961673,1.0199302967527022,0.00023797630662020908
0.10138888888888897,7.1013888888888888,120,synthetic_segment_002,0.99977085466886872,0.00023358885017421606,1.0197662717622462,0.00023826062717770038
0.10347222222222219,7.103472222222222,120,synthetic_segment_002,1.0007139580529338,0.00023386759581881531,1.0207282372139925,0.00023854494773519161
0.10555555555555562,7.1055555555555561,120,synthetic_segment_002,1.0000202927559689,0.00023414634146341464,1.0200206986110882,0.00023882926829268294
0.10763888888888906,7.1076388888888893,120,synthetic_segment_002,1.0002981336687848,0.00023442508710801394,1.0203040963421606,0.00023911358885017421
0.10972222222222228,7.1097222222222225,120,synthetic_segment_002,1.0003804460817609,0.00023470383275261324,1.0203880550033961,0.00023939790940766552
0.11180555555555571,7.1118055555555557,120,synthetic_segment_002,0.99978428421913934,0.00023498257839721257,1.0197799699035222,0.00023968222996515682
0.11388888888888893,7.1138888888888889,120,synthetic_segment_002,1.0003083522395209,0.00023526132404181187,1.0203145192843113,0.0002399665505226481
0.11597222222222237,7.1159722222222221,120,synthetic_segment_002,1.0014862054730496,0.00023554006968641117,1.0215159295825105,0.0002402508710801394
0.11805555555555558,7.1180555555555554,120,synthetic_segment_002,1.0003190810592533,0.00023581881533101044,1.0203254626804383,0.00024053519163763065
0.12013888888888902,7.1201388888888886,120,synthetic_segment_002,1.0008073182442472,0.00023609756097560977,1.0208234646091321,0.00024081951219512198
0.12222222222222223,7.1222222222222218,120,synthetic_segment_002,1.0005329289890112,0.00023637630662020907,1.0205435875687916,0.00024110383275261326
0.12430555555555567,7.1243055555555559,120,synthetic_segment_002,0.99947238621168744,0.00023665505226480837,1.0194618339359212,0.00024138815331010453
0.12638888888888888,7.1263888888888891,120,synthetic_segment_002,1.0006603811528199,0.0002369337979094077,1.0206735887758762,0.00024167247386759586
0.12847222222222232,7.1284722222222223,120,synthetic_segment_002,0.99980621306625095,0.00023721254355400694,1.019802337327576,0.00024195679442508709
0.13055555555555554,7.1305555555555555,120,synthetic_segment_002,1.0001127460254811,0.0002374912891986063,1.0201150009459907,0.00024224111498257842
0.13263888888888897,7.1326388888888888,120,synthetic_segment_002,1.0000183036895087,0.00023777003484320557,1.0200186697632989,0.00024252543554006969
0.13472222222222219,7.134722222222222,120,synthetic_segment_002,1.00055632159048,0.00023804878048780487,1.0205674480222897,0.00024280975609756097
0.13680555555555562,7.1368055555555561,120,synthetic_segment_002,1.0001092808997993,0.0002383275261324042,1.0201114665177953,0.0002430940766550523
0.13888888888888906,7.1388888888888893,120,synthetic_segment_002,0.99910543542716068,0.0002386062717770035,1.0190875441357039,0.00024337839721254358
0.14097222222222228,7.1409722222222225,120,synthetic_segment_002,0.99981361615806774,0.0002388850174216028,1.0198098884812292,0.00024366271777003485
0.14305555555555571,7.1430555555555557,120,synthetic_segment_002,1.0004901613287964,0.00023916376306620208,1.0204999645553723,0.00024394703832752613
0.14513888888888893,7.1451388888888889,120,synthetic_segment_002,1.000239327341653,0.00023944250871080143,1.0202441138884861,0.00024423135888501749
0.14722222222222237,7.1472222222222221,120,synthetic_segment_002,0.99853134002967714,0.00023972125435540071,1.0185019668302706,0.00024451567944250871
0.14930555555555558,7.1493055555555554,120,synthetic_segment_002,0.99980797301874735,0.00024000000000000001,1.0198041324791223,0.00024479999999999999
