phase,time,exposure_time_seconds,segment_id,normalized_flux,normalized_flux_err,raw_flux,raw_flux_err
-0.15000000000000002,-0.14999999999999999,120,synthetic_segment_000,1.0001253280317814,0.00016002054574082141,0.97999697919651896,0.00015680000000000002
-0.1479166666666667,-0.14791666666666667,120,synthetic_segment_000,1.0003006038901168,0.00016029739789608232,0.98016872748333894,0.00015707128027681662
-0.14583333333333331,-0.14583333333333331,120,synthetic_segment_000,1.0008287048738673,0.00016057425005134329,0.9806861999983133,0.00015734256055363325
-0.14374999999999999,-0.14374999999999999,120,synthetic_segment_000,1.0002894034419532,0.00016085110220660421,0.98015775245345182,0.00015761384083044983
-0.14166666666666666,-0.14166666666666666,120,synthetic_segment_000,0.99967922584299618,0.00016112795436186512,0.9795598551829886,0.00015788512110726644
-0.13958333333333334,-0.13958333333333334,120,synthetic_segment_000,0.99994547308957249,0.00016140480651712606,0.97982074398367291,0.00015815640138408304
-0.13749999999999996,-0.13749999999999998,120,synthetic_segment_000,0.99954441429586383,0.00016168165867238703,0.97942775682966476,0.00015842768166089968
-0.13541666666666663,-0.13541666666666666,120,synthetic_segment_000,0.99931115833862671,0.00016195851082764797,0.97919919534135424,0.00015869896193771631
-0.1333333333333333,-0.13333333333333333,120,synthetic_segment_000,1.0002732118038389,0.00016223536298290886,0.980141886685437,0.00015897024221453286
-0.13124999999999998,-0.13125000000000001,120,synthetic_segment_000,0.99939262882658475,0.00016251221513816983,0.97927902616840634,0.00015924152249134949
-0.12916666666666665,-0.12916666666666665,120,synthetic_segment_000,0.99955635377285412,0.00016278906729343075,0.97943945601481264,0.0001595128027681661
-0.12708333333333333,-0.12708333333333333,120,synthetic_segment_000,1.0007323848138356,0.00016306591944869171,0.98059181845909882,0.00015978408304498273
-0.125,-0.125,120,synthetic_segment_000,1.0000354768160693,0.00016334277160395263,0.97990893631078535,0.00016005536332179931
-0.12291666666666667,-0.12291666666666666,120,synthetic_segment_000,1.0006574548116409,0.00016361962375921357,0.98051839648512829,0.00016032664359861594
-0.12083333333333335,-0.12083333333333332,120,synthetic_segment_000,1.0005970965636872,0.00016389647591447449,0.98045925299680092,0.00016059792387543252
-0.11875000000000002,-0.11874999999999999,120,synthetic_segment_000,1.0003605327368237,0.00016417332806973546,0.98022745021247437,0.00016086920415224915
-0.1166666666666667,-0.11666666666666667,120,synthetic_segment_000,0.99997642863407565,0.0001644501802249964,0.979851076522258,0.00016114048442906578
-0.11458333333333331,-0.11458333333333333,120,synthetic_segment_000,0.99922757244106786,0.00016472703238025731,0.97911729167906791,0.00016141176470588236
-0.11249999999999999,-0.11249999999999999,120,synthetic_segment_000,1.0005866266509791,0.00016500388453551828,0.9804489937997396,0.00016168304498269899
-0.11041666666666666,-0.11041666666666666,120,synthetic_segment_000,0.99973922334876131,0.00016528073669077917,0.97961864518936204,0.00016195432525951557
-0.10833333333333334,-0.10833333333333334,120,synthetic_segment_000,1.0006580129937046,0.00016555758884604014,0.98051894343331647,0.0001622256055363322
-0.10625000000000001,-0.10625,120,synthetic_segment_000,1.0002768868869552,0.00016583444100130108,0.98014548780446809,0.00016249688581314881
-0.10416666666666663,-0.10416666666666666,120,synthetic_segment_000,1.0001670427579683,0.000166111293156562,0.98003785437936375,0.00016276816608996541
-0.1020833333333333,-0.10208333333333333,120,synthetic_segment_000,0.99987574131515733,0.00016638814531182294,0.97975241561885151,0.00016303944636678202
-0.099999999999999978,-0.099999999999999992,120,synthetic_segment_000,1.0007690693382725,0.00016666499746708388,0.98062776467716128,0.00016331072664359862
-0.097916666666666652,-0.097916666666666652,120,synthetic_segment_000,0.99984213076811002,0.0001669418496223448,0.97971948151184285,0.00016358200692041523
-0.095833333333333326,-0.095833333333333326,120,synthetic_segment_000,1.0006412057731939,0.00016721870177760574,0.98050247447200989,0.00016385328719723184
-0.09375,-0.09375,120,synthetic_segment_000,1.0003571373563578,0.00016749555393286671,0.98022412316684648,0.00016412456747404847
-0.091666666666666674,-0.09166666666666666,120,synthetic_segment_000,0.99882333623835329,0.00016777240608812762,0.97872119106403621,0.00016439584775086507
-0.089583333333333348,-0.08958333333333332,120,synthetic_segment_000,0.99976674893492734,0.00016804925824338856,0.97964561680035644,0.00016466712802768168
-0.087500000000000022,-0.087499999999999994,120,synthetic_segment_000,1.0009219756488241,0.00016832611039864948,0.98077759362183525,0.00016493840830449828
-0.085416666666666696,-0.085416666666666669,120,synthetic_segment_000,1.0006974331139806,0.00016860296255391042,0.98055757019109113,0.00016520968858131489
-0.083333333333333315,-0.083333333333333329,120,synthetic_segment_000,0.99950350548769706,0.00016887981470917136,0.97938767134507365,0.00016548096885813149
-0.081249999999999989,-0.081249999999999989,120,synthetic_segment_000,0.99947115400969688,0.0001691566668644323,0.97935597096730687,0.00016575224913494813
-0.079166666666666663,-0.079166666666666663,120,synthetic_segment_000,1.0005047539420142,0.00016943351901969322,0.98036876884671087,0.0001660235294117647
-0.077083333333333337,-0.077083333333333323,120,synthetic_segment_000,1.0004599289357665,0.00016971037117495419,0.98032484598076197,0.00016629480968858134
-0.075000000000000011,-0.074999999999999997,120,synthetic_segment_000,1.0002811482280876,0.00016998722333021508,0.98014966338258813,0.00016656608996539791
-0.07291666666666663,-0.072916666666666657,120,synthetic_segment_000,0.99944355410252694,0.00017026407548547605,0.97932892653108028,0.00016683737024221455
-0.070833333333333304,-0.070833333333333331,120,synthetic_segment_000,0.99962188412837427,0.00017054092764073702,0.97950366751776674,0.00016710865051903118
-0.068749999999999978,-0.068749999999999992,120,synthetic_segment_000,1.0002996529783497,0.0001708177797959979,0.980167795709457,0.00016737993079584776
-0.066666666666666652,-0.066666666666666666,120,synthetic_segment_000,1.0004406840765536,0.00017109463195125885,0.98030598844024674,0.00016765121107266436
-0.064583333333333326,-0.064583333333333326,120,synthetic_segment_000,1.0005591736282584,0.00017137148410651979,0.98042209329179131,0.00016792249134948097
-0.0625,-0.0625,120,synthetic_segment_000,1.0000234450092345,0.00017164833626178073,0.9798971466540074,0.0001681937716262976
-0.060416666666666674,-0.06041666666666666,120,synthetic_segment_000,0.99993713226516689,0.00017192518841704167,0.97981257102525221,0.00016846505190311421
-0.058333333333333348,-0.058333333333333334,120,synthetic_segment_000,0.99988776994689965,0.00017220204057230261,0.97976420216443827,0.00016873633217993081
-0.056250000000000022,-0.056249999999999994,120,synthetic_segment_000,1.0001017774115948,0.0001724788927275635,0.9799739025520281,0.00016900761245674739
-0.054166666666666696,-0.054166666666666669,120,synthetic_segment_000,0.99960508071229237,0.00017275574488282447,0.97948720228432162,0.00016927889273356402
-0.052083333333333315,-0.052083333333333329,120,synthetic_segment_000,1.0008529499082461,0.00017303259703808544,0.98070995708133668,0.00016955017301038065
-0.049999999999999989,-0.049999999999999989,120,synthetic_segment_000,1.0001177010261408,0.00017330944919334635,0.97998950569067056,0.00016982145328719726
-0.047916666666666663,-0.047916666666666663,120,synthetic_segment_000,0.99943270352754876,0.00017358630134860727,0.97931829433289153,0.00017009273356401384
-0.045833333333333337,-0.045833333333333323,120,synthetic_segment_000,1.0004738657018131,0.00017386315350386821,0.980338502257873,0.00017036401384083044
-0.043750000000000011,-0.043749999999999997,120,synthetic_segment_000,1.0015317925505958,0.00017414000565912915,0.98137513745444205,0.00017063529411764708
-0.04166666666666663,-0.041666666666666657,120,synthetic_segment_000,1.0001828678299991,0.0001744168578143901,0.98005336095874052,0.00017090657439446368
-0.039583333333333304,-0.039583333333333331,120,synthetic_segment_000,0.99990243310497717,0.00017469370996965104,0.97977857021434034,0.00017117785467128029
-0.037499999999999978,-0.037499999999999992,120,synthetic_segment_000,0.99996617992049108,0.00017497056212491195,0.979841034072505,0.00017144913494809689
-0.035416666666666652,-0.035416666666666666,120,synthetic_segment_000,1.0010446365680501,0.0001752474142801729,0.98089778588868204,0.0001717204152249135
-0.033333333333333326,-0.033333333333333326,120,synthetic_segment_000,0.9994134763678495,0.00017552426643543384,0.97929945413567254,0.0001719916955017301
-0.03125,-0.03125,120,synthetic_segment_000,1.0000851457826616,0.00017580111859069478,0.97995760564837342,0.00017226297577854673
-0.029166666666666674,-0.02916666666666666,120,synthetic_segment_000,1.0001505843284453,0.00017607797074595572,0.98002172718933789,0.00017253425605536334
-0.027083333333333348,-0.027083333333333334,120,synthetic_segment_000,0.99992126758832045,0.00017635482290121666,0.97979702563813953,0.00017280553633217994
-0.025000000000000022,-0.024999999999999994,120,synthetic_segment_000,1.0006979434855441,0.00017663167505647758,0.98055807029100506,0.00017307681660899655
-0.022916666666666696,-0.022916666666666669,120,synthetic_segment_000,1.0001399431245419,0.00017690852721173852,0.98001130014845805,0.00017334809688581316
-0.02083333333333337,-0.020833333333333343,120,synthetic_segment_000,0.99917789494215448,0.00017718537936699949,0.97906861398087885,0.00017361937716262979
-0.018749999999999989,-0.018749999999999989,120,synthetic_segment_000,0.99568893939589176,0.00017746223152226038,0.97564987654862401,0.00017389065743944637
-0.016666666666666663,-0.016666666666666663,120,synthetic_segment_000,0.99515380410888699,0.00017773908367752135,0.97512551130156222,0.000174161937716263
-0.014583333333333337,-0.014583333333333337,120,synthetic_segment_000,0.99505836817078397,0.00017801593583278226,0.97503199609059188,0.00017443321799307958
-0.012499999999999956,-0.012499999999999983,120,synthetic_segment_000,0.99609897733927766,0.0001782927879880432,0.9760516621395009,0.00017470449826989621
-0.01041666666666663,-0.010416666666666657,120,synthetic_segment_000,0.99386818129329346,0.00017856964014330412,0.97386576270770631,0.00017497577854671279
-0.0083333333333333037,-0.0083333333333333315,120,synthetic_segment_000,0.99519976617804717,0.00017884649229856509,0.97517054834609274,0.00017524705882352942
-0.0062499999999999778,-0.0062500000000000056,120,synthetic_segment_000,0.99482209418302503,0.00017912334445382603,0.97480047731211816,0.00017551833910034605
-0.0041666666666666519,-0.0041666666666666519,120,synthetic_segment_000,0.99429073346667962,0.00017940019660908694,0.97427981066936153,0.00017578961937716263
-0.0020833333333333259,-0.0020833333333333259,120,synthetic_segment_000,0.99536638380471287,0.00017967704876434791,0.97533381265531149,0.00017606089965397926
0,0,120,synthetic_segment_000,0.99504014093996263,0.0001799539009196088,0.97501413569785567,0.00017633217993079584
0.0020833333333333259,0.0020833333333333259,120,synthetic_segment_000,0.9947267950240879,0.00018023075307486977,0.97470709612751993,0.00017660346020761247
0.0041666666666666519,0.0041666666666666796,120,synthetic_segment_000,0.99465246336582835,0.00018050760523013071,0.97463426045531831,0.00017687474048442908
0.0062499999999999778,0.0062500000000000056,120,synthetic_segment_000,0.99439771946323396,0.00018078445738539166,0.97438464348431075,0.00017714602076124571
0.0083333333333333037,0.0083333333333333315,120,synthetic_segment_000,0.99434458369946432,0.00018106130954065257,0.97433257712170396,0.00017741730103806229
0.01041666666666663,0.010416666666666657,120,synthetic_segment_000,0.99441793447296145,0.00018133816169591351,0.97440445165025968,0.00017768858131487889
0.012499999999999956,0.012500000000000011,120,synthetic_segment_000,0.99510708903687439,0.00018161501385117445,0.97507973640898415,0.00017795986159169553
0.014583333333333393,0.014583333333333337,120,synthetic_segment_000,0.99492228228102586,0.0001818918660064354,0.97489864904184076,0.00017823114186851213
0.016666666666666607,0.016666666666666663,120,synthetic_segment_000,0.99512046229964746,0.00018216871816169634,0.97509284052379086,0.00017850242214532874
0.018750000000000044,0.018750000000000017,120,synthetic_segment_000,0.99667810825358283,0.00018244557031695723,0.97661913756550101,0.00017877370242214531
0.02083333333333337,0.020833333333333343,120,synthetic_segment_000,0.99671770240308066,0.0001827224224722182,0.97665793485001551,0.00017904498269896195
0.022916666666666696,0.022916666666666669,120,synthetic_segment_000,0.99915362899827131,0.00018299927462747914,0.97904483640917228,0.00017931626297577855
0.025000000000000022,0.024999999999999994,120,synthetic_segment_000,1.0007539636011502,0.00018327612678274008,0.98061296295548372,0.00017958754325259518
0.027083333333333348,0.027083333333333348,120,synthetic_segment_000,0.99979516230866461,0.00018355297893800099,0.97967345833146346,0.00017985882352941176
0.029166666666666674,0.029166666666666674,120,synthetic_segment_000,1.0002131900946991,0.00018382983109326194,0.98008307296280184,0.00018013010380622837
0.03125,0.03125,120,synthetic_segment_000,0.99918442751843684,0.00018410668324852285,0.97907501508366435,0.00018040138408304497
0.033333333333333326,0.033333333333333326,120,synthetic_segment_000,1.0003243922664198,0.00018438353540378382,0.98019203709890756,0.00018067266435986161
0.035416666666666652,0.03541666666666668,120,synthetic_segment_000,1.0003274012624579,0.00018466038755904479,0.98019498553641338,0.00018094394463667824
0.037499999999999978,0.037500000000000006,120,synthetic_segment_000,0.99952291622337786,0.00018493723971430568,0.97940669142365588,0.00018121522491349482
0.039583333333333304,0.039583333333333331,120,synthetic_segment_000,1.0001587956033047,0.00018521409186956662,0.98002977320550422,0.00018148650519031142
0.04166666666666663,0.041666666666666657,120,synthetic_segment_000,1.0003057030198297,0.00018549094402482756,0.98017372398885194,0.00018175778546712803
0.043749999999999956,0.043750000000000011,120,synthetic_segment_000,0.99973615705510654,0.0001857677961800885,0.97961564060740136,0.00018202906574394466
0.045833333333333393,0.045833333333333337,120,synthetic_segment_000,1.0011340770751971,0.00018604464833534945,0.98098542633169972,0.00018230034602076126
0.047916666666666607,0.047916666666666663,120,synthetic_segment_000,1.0003138662732858,0.00018632150049061039,0.98018172295008521,0.00018257162629757787
0.050000000000000044,0.050000000000000017,120,synthetic_segment_000,1.000651446490159,0.0001865983526458713,0.98051250908608201,0.00018284290657439448
0.05208333333333337,0.052083333333333343,120,synthetic_segment_000,1.0013317010023657,0.00018687520480113225,0.98117907291399686,0.00018311418685121108
0.054166666666666696,0.054166666666666669,120,synthetic_segment_000,1.0002719228458317,0.00018715205695639319,0.98014062366877497,0.00018338546712802769
0.056250000000000022,0.056249999999999994,120,synthetic_segment_000,1.0002659878248576,0.0001874289091116541,0.98013480809500353,0.00018365674740484429
0.058333333333333348,0.058333333333333348,120,synthetic_segment_000,1.0001220065635967,0.00018770576126691507,0.97999372457562661,0.00018392802768166092
0.060416666666666674,0.060416666666666674,120,synthetic_segment_000,1.0005517492727545,0.00018798261342217596,0.98041481835757804,0.0001841993079584775
0.0625,0.0625,120,synthetic_segment_000,0.99984644975535475,0.00018825946557743693,0.9797237135758996,0.00018447058823529413
0.064583333333333326,0.064583333333333326,120,synthetic_segment_000,1.0001318929476919,0.00018853631773269787,0.98000341198807073,0.00018474186851211074
0.066666666666666652,0.06666666666666668,120,synthetic_segment_000,0.9993440122759556,0.00018881316988795879,0.97923138806604049,0.00018501314878892734
0.068749999999999978,0.068750000000000006,120,synthetic_segment_000,0.99966516213310475,0.00018909002204321973,0.97954607451688247,0.00018528442906574395
0.070833333333333304,0.070833333333333331,120,synthetic_segment_000,0.99945984183824832,0.0001893668741984807,0.97934488646265827,0.00018555570934256058
0.07291666666666663,0.072916666666666657,120,synthetic_segment_000,0.99975975685741514,0.00018964372635374159,0.97963876544418316,0.00018582698961937716
0.074999999999999956,0.075000000000000011,120,synthetic_segment_000,0.99991336955990895,0.00018992057850900255,0.9797892865640776,0.00018609826989619379
0.077083333333333393,0.077083333333333337,120,synthetic_segment_000,1.0000044232674381,0.00019019743066426347,0.97987850774048646,0.00018636955017301037
0.079166666666666607,0.079166666666666663,120,synthetic_segment_000,1.0005300714733054,0.00019047428281952441,0.98039357684175976,0.000186640830449827
0.081250000000000044,0.081249999999999989,120,synthetic_segment_000,1.0006068888160171,0.00019075113497478535,0.98046884817195934,0.00018691211072664361
0.08333333333333337,0.083333333333333343,120,synthetic_segment_000,0.99990949408554064,0.0001910279871300463,0.97978548908683405,0.00018718339100346021
0.085416666666666696,0.085416666666666669,120,synthetic_segment_000,0.99907189616247982,0.00019130483928530721,0.97896474851425375,0.00018745467128027682
0.087500000000000022,0.087499999999999994,120,synthetic_segment_000,1.0004679843239233,0.00019158169144056815,0.98033273924757425,0.00018772595155709342
0.089583333333333348,0.089583333333333348,120,synthetic_segment_000,1.0006707450509764,0.00019185854359582912,0.98053141924741272,0.00018799723183391006
0.091666666666666674,0.091666666666666674,120,synthetic_segment_000,1.0001236395527264,0.00019213539575109004,0.97999532469950046,0.00018826851211072666
0.09375,0.09375,120,synthetic_segment_000,1.0004964881098857,0.00019241224790635098,0.98036066937128563,0.00018853979238754327
0.095833333333333326,0.095833333333333326,120,synthetic_segment_000,1.00031434359883,0.00019268910006161189,0.98018219066905832,0.00018881107266435985
0.097916666666666652,0.09791666666666668,120,synthetic_segment_000,1.0001078183465129,0.00019296595221687284,0.97997982190813826,0.00018908235294117648
0.099999999999999978,0.10000000000000001,120,synthetic_segment_000,1.0010867871265654,0.00019324280437213381,0.98093908813236952,0.00018935363321799311
0.1020833333333333,0.10208333333333333,120,synthetic_segment_000,0.99977355480919761,0.00019351965652739472,0.97965228570078189,0.00018962491349480969
0.10416666666666663,0.10416666666666666,120,synthetic_segment_000,0.99934770900161085,0.00019379650868265564,0.97923501039203653,0.00018989619377162629
0.10624999999999996,0.10624999999999998,120,synthetic_segment_000,1.0005122912022861,0.00019407336083791658,0.9803761544133901,0.0001901674740484429
0.10833333333333328,0.10833333333333331,120,synthetic_segment_000,1.0006423467795147,0.00019435021299317755,0.98050359251463537,0.00019043875432525953
0.11041666666666672,0.11041666666666669,120,synthetic_segment_000,1.0000775864774667,0.00019462706514843846,0.97995019848044329,0.00019071003460207614
0.11250000000000004,0.11250000000000002,120,synthetic_segment_000,1.0003096601531321,0.0001949039173036994,0.98017760148157596,0.00019098131487889274
0.11458333333333337,0.11458333333333334,120,synthetic_segment_000,1.0004642166837825,0.00019518076945896035,0.98032904743430516,0.00019125259515570935
0.1166666666666667,0.11666666666666667,120,synthetic_segment_000,1.0001908713356729,0.00019545762161422126,0.98006120338724756,0.00019152387543252595
0.11875000000000002,0.11874999999999999,120,synthetic_segment_000,0.99961809283470227,0.0001957344737694822,0.97949995252701338,0.00019179515570934256
0.12083333333333335,0.12083333333333332,120,synthetic_segment_000,1.0003360837071775,0.00019601132592474317,0.98020349323975697,0.00019206643598615919
0.12291666666666667,0.12291666666666665,120,synthetic_segment_000,0.99969070179959096,0.00019628817808000409,0.97957110017647198,0.0001923377162629758
0.125,0.12500000000000003,120,synthetic_segment_000,0.99949954136524277,0.000196565030235265,0.9793837870038602,0.00019260899653979237
0.12708333333333333,0.12708333333333335,120,synthetic_segment_000,1.0005634532154601,0.00019684188239052597,0.98042628674876331,0.00019288027681660901
0.12916666666666665,0.12916666666666668,120,synthetic_segment_000,0.99988781168237817,0.00019711873454578689,0.9797642430599558,0.00019315155709342561
0.13124999999999998,0.13125000000000001,120,synthetic_segment_000,1.0002319003432298,0.00019739558670104786,0.98010140665211676,0.00019342283737024224
0.1333333333333333,0.13333333333333333,120,synthetic_segment_000,0.99950746241822153,0.00019767243885630877,0.97939154863910094,0.00019369411764705882
0.13541666666666663,0.13541666666666666,120,synthetic_segment_000,1.0005150108919707,0.00019794929101156971,0.98037881936707194,0.00019396539792387545
0.13749999999999996,0.13749999999999998,120,synthetic_segment_000,0.99999700640115186,0.00019822614316683063,0.97987124014476423,0.00019423667820069203
0.13958333333333328,0.13958333333333331,120,synthetic_segment_000,0.99993959236285812,0.0001985029953220916,0.97981498161144409,0.00019450795847750866
0.14166666666666672,0.14166666666666669,120,synthetic_segment_000,0.99984822459035727,0.00019877984747735248,0.97972545269088074,0.00019477923875432524
0.14375000000000004,0.14375000000000002,120,synthetic_segment_000,1.0011870081504743,0.00019905669963261345,0.98103729212533919,0.00019505051903114188
0.14583333333333337,0.14583333333333334,120,synthetic_segment_000,0.99999780270458682,0.0001993335517878744,0.97987202042193444,0.00019532179930795848
0.1479166666666667,0.14791666666666667,120,synthetic_segment_000,0.99910020837610769,0.00019961040394313531,0.97899249092118212,0.00019559307958477509
0.15000000000000002,0.14999999999999999,120,synthetic_segment_000,1.0006108174458865,0.00019988725609839628,0.98047269773490575,0.00019586435986159172
-0.14999999999999991,0.84999999999999998,120,synthetic_segment_000,1.0007539610719032,0.00020016410825365719,0.98061296047713975,0.0001961356401384083
-0.1479166666666667,0.85208333333333319,120,synthetic_segment_000,1.0000021972954132,0.00020044096040891814,0.97987632656798818,0.00019640692041522493
-0.14583333333333348,0.85416666666666663,120,synthetic_segment_000,0.99978916165753873,0.00020071781256417908,0.97966757844840102,0.00019667820069204153
-0.14374999999999982,0.85625000000000007,120,synthetic_segment_000,1.0000649872836243,0.00020099466471944005,0.97993785285579027,0.00019694948096885817
-0.14166666666666661,0.85833333333333328,120,synthetic_segment_000,0.99896634935131146,0.00020127151687470094,0.97886132591989505,0.00019722076124567474
-0.13958333333333339,0.86041666666666672,120,synthetic_segment_000,1.0002298059857075,0.00020154836902996185,0.98009935444527063,0.00019749204152249132
-0.13750000000000018,0.86249999999999993,120,synthetic_segment_000,0.99909644983574164,0.00020182522118522282,0.97898880802454746,0.00019776332179930796
-0.13541666666666652,0.86458333333333337,120,synthetic_segment_000,1.0002090040422171,0.00020210207334048373,0.98007897115808584,0.00019803460207612456
-0.1333333333333333,0.86666666666666659,120,synthetic_segment_000,0.99918194966330653,0.0002023789254957447,0.97907258709741651,0.00019830588235294119
-0.13125000000000009,0.86875000000000002,120,synthetic_segment_000,1.0014935079163716,0.00020265577765100562,0.98133762333012409,0.00019857716262975777
-0.12916666666666687,0.87083333333333324,120,synthetic_segment_000,1.0005045412987481,0.00020293262980626656,0.98036856048306609,0.0001988484429065744
-0.12708333333333321,0.87291666666666667,120,synthetic_segment_000,1.0007159888857506,0.0002032094819615275,0.98057575251261775,0.00019911972318339101
-0.125,0.87499999999999989,120,synthetic_segment_000,0.99943761114622676,0.00020348633411678847,0.97932310318168747,0.00019939100346020764
-0.12291666666666679,0.87708333333333333,120,synthetic_segment_000,0.99959922904857301,0.00020376318627204936,0.97948146839017103,0.00019966228373702422
-0.12083333333333357,0.87916666666666654,120,synthetic_segment_000,1.0001738404203644,0.00020404003842731033,0.98004451523318592,0.00019993356401384085
-0.11874999999999991,0.88124999999999998,120,synthetic_segment_000,0.99952783960645397,0.00020431689058257127,0.9794115157195783,0.00020020484429065746
-0.1166666666666667,0.88333333333333319,120,synthetic_segment_000,0.99906020891418379,0.00020459374273783216,0.97895329648148921,0.00020047612456747403
-0.11458333333333348,0.88541666666666663,120,synthetic_segment_000,1.0007186992006063,0.00020487059489309313,0.98057840828014697,0.00020074740484429067
-0.11249999999999982,0.88750000000000007,120,synthetic_segment_000,0.99990333038663848,0.00020514744704835407,0.97977944943746664,0.00020101868512110727
-0.11041666666666661,0.88958333333333328,120,synthetic_segment_000,1.0003088479001381,0.00020542429920361499,0.98017680557584486,0.00020128996539792388
-0.10833333333333339,0.89166666666666672,120,synthetic_segment_000,1.0006643394224708,0.00020570115135887593,0.98052514253747491,0.00020156124567474048
-0.10625000000000018,0.89374999999999993,120,synthetic_segment_000,0.99927987360139503,0.0002059780035141369,0.97916854023531641,0.00020183252595155712
-0.10416666666666652,0.89583333333333337,120,synthetic_segment_000,0.99977333272493107,0.00020625485566939781,0.9796520680861448,0.00020210380622837372
-0.1020833333333333,0.89791666666666659,120,synthetic_segment_000,0.99994790247137988,0.00020653170782465875,0.97982312447216358,0.00020237508650519033
-0.10000000000000009,0.90000000000000002,120,synthetic_segment_000,1.0002658042905537,0.0002068085599799197,0.98013462825447906,0.00020264636678200693
-0.097916666666666874,0.90208333333333324,120,synthetic_segment_000,0.99997649439020153,0.00020708541213518064,0.97985114095498749,0.00020291764705882356
-0.095833333333333215,0.90416666666666667,120,synthetic_segment_000,0.9998249675476063,0.00020736226429044153,0.97970266371533721,0.00020318892733564011
-0.09375,0.90624999999999989,120,synthetic_segment_000,0.99997619758658385,0.00020763911644570247,0.97985085012478801,0.00020346020761245675
-0.091666666666666785,0.90833333333333333,120,synthetic_segment_000,1.0009670018745827,0.00020791596860096341,0.98082171365758597,0.00020373148788927335
-0.08958333333333357,0.91041666666666654,120,synthetic_segment_000,0.99999779273866507,0.00020819282075622435,0.97987201065658502,0.00020400276816608996
-0.087499999999999911,0.91249999999999998,120,synthetic_segment_000,1.0002286020081175,0.00020846967291148529,0.98009817469872473,0.00020427404844290659
-0.085416666666666696,0.91458333333333319,120,synthetic_segment_000,1.0001454181365523,0.00020874652506674624,0.98001666497132667,0.0002045453287197232
-0.083333333333333481,0.91666666666666663,120,synthetic_segment_000,1.0005770821147122,0.00020902337722200718,0.9804396413551536,0.0002048166089965398
-0.081249999999999822,0.91875000000000007,120,synthetic_segment_000,0.99975474001690989,0.00020930022937726809,0.97963384957173949,0.00020508788927335641
-0.079166666666666607,0.92083333333333328,120,synthetic_segment_000,0.99982892906533516,0.00020957708153252906,0.97970654550424763,0.00020535916955017304
-0.077083333333333393,0.92291666666666672,120,synthetic_segment_000,1.0002672629718365,0.00020985393368779,0.98013605757859534,0.00020563044982698964
-0.075000000000000178,0.92499999999999993,120,synthetic_segment_000,1.0011940011682205,0.00021013078584305092,0.9810441444028235,0.00020590173010380625
-0.072916666666666519,0.92708333333333337,120,synthetic_segment_000,0.99975428619267936,0.00021040763799831186,0.97963340488109674,0.00020617301038062285
-0.070833333333333304,0.92916666666666659,120,synthetic_segment_000,1.0002083861291131,0.00021068449015357278,0.98007836568099393,0.00020644429065743943
-0.068750000000000089,0.93125000000000002,120,synthetic_segment_000,0.99956520880800703,0.00021096134230883372,0.97944813283506427,0.00020671557093425606
-0.066666666666666874,0.93333333333333324,120,synthetic_segment_000,0.99989146359378844,0.00021123819446409466,0.97976782147363062,0.00020698685121107267
-0.064583333333333215,0.93541666666666667,120,synthetic_segment_000,1.0000367076168433,0.0002115150466193556,0.97991014234067664,0.00020725813148788928
-0.0625,0.93749999999999989,120,synthetic_segment_000,1.0002156188151521,0.00021179189877461652,0.98008545280324832,0.00020752941176470588
-0.060416666666666785,0.93958333333333333,120,synthetic_segment_000,1.0005591292015106,0.00021206875092987749,0.98042204975916847,0.00020780069204152251
-0.05833333333333357,0.94166666666666654,120,synthetic_segment_000,0.99935314276637799,0.00021234560308513843,0.97924033479779671,0.00020807197231833912
-0.056249999999999911,0.94374999999999998,120,synthetic_segment_000,1.0003303728689483,0.00021262245524039934,0.98019789733686713,0.00020834325259515572
-0.054166666666666696,0.94583333333333319,120,synthetic_segment_000,1.0001589965684183,0.00021289930739566026,0.98002997012602877,0.0002086145328719723
-0.052083333333333481,0.94791666666666663,120,synthetic_segment_000,1.0004751411874189,0.0002131761595509212,0.98033975207327673,0.00020888581314878891
-0.049999999999999822,0.95000000000000007,120,synthetic_segment_000,1.0007275016524044,0.00021345301170618214,0.98058703357532728,0.00020915709342560554
-0.047916666666666607,0.95208333333333328,120,synthetic_segment_000,1.0004991449855527,0.00021372986386144309,0.98036327277513402,0.00020942837370242214
-0.045833333333333393,0.95416666666666672,120,synthetic_segment_000,1.0016023001518717,0.00021400671601670403,0.98144422603196735,0.00020969965397923875
-0.043750000000000178,0.95624999999999993,120,synthetic_segment_000,1.0010553702389446,0.00021428356817196494,0.98090830353557845,0.00020997093425605536
-0.041666666666666519,0.95833333333333337,120,synthetic_segment_000,1.0011339907349701,0.00021456042032722591,0.98098534172914109,0.00021024221453287199
-0.039583333333333304,0.96041666666666659,120,synthetic_segment_000,1.0005279112851218,0.00021483727248248685,0.98039146012914857,0.00021051349480968859
-0.037500000000000089,0.96250000000000002,120,synthetic_segment_000,1.0011862218672445,0.00021511412463774777,0.98103652166670918,0.0002107847750865052
-0.035416666666666874,0.96458333333333324,120,synthetic_segment_000,1.0000280160957131,0.00021539097679300871,0.97990162574359285,0.0002110560553633218
-0.033333333333333215,0.96666666666666667,120,synthetic_segment_000,0.99892870809191558,0.00021566782894826968,0.9788244422219553,0.00021132733564013844
-0.03125,0.96874999999999989,120,synthetic_segment_000,1.0001924571186769,0.00021594468110353059,0.98006275725505809,0.00021159861591695504
-0.029166666666666785,0.97083333333333333,120,synthetic_segment_000,0.99999564470117108,0.00021622153325879151,0.97986990585012101,0.00021186989619377162
-0.02708333333333357,0.97291666666666654,120,synthetic_segment_000,0.99971849726737594,0.00021649838541405248,0.9795983362374947,0.00021214117647058825
-0.024999999999999911,0.97499999999999998,120,synthetic_segment_000,1.0006527138776682,0.00021677523756931337,0.98051375096637006,0.00021241245674740483
-0.022916666666666696,0.97708333333333319,120,synthetic_segment_000,0.99915479090033477,0.00021705208972457434,0.97904597492699641,0.00021268373702422146
-0.020833333333333481,0.97916666666666663,120,synthetic_segment_000,1.0002778173731788,0.00021732894187983528,0.98014639956388749,0.00021295501730103807
-0.018749999999999822,0.98125000000000007,120,synthetic_segment_000,0.99651310452022912,0.00021760579403509622,0.97645745466865752,0.0002132262975778547
-0.016666666666666607,0.98333333333333328,120,synthetic_segment_000,0.99601450840308892,0.00021788264619035714,0.97596889321046698,0.00021349757785467128
-0.014583333333333393,0.98541666666666672,120,synthetic_segment_000,0.99557854637947363,0.0002181594983456181,0.97554170528290174,0.00021376885813148791
-0.012500000000000178,0.98749999999999993,120,synthetic_segment_000,0.99550456965876344,0.00021843635050087897,0.97546921740483794,0.00021404013840830446
-0.010416666666666519,0.98958333333333337,120,synthetic_segment_000,0.99576086540416797,0.00021871320265613993,0.97572035498653653,0.00021431141868512109
-0.0083333333333333037,0.99166666666666659,120,synthetic_segment_000,0.99512144987275952,0.00021899005481140088,0.97509380822117786,0.0002145826989619377
-0.0062500000000000888,0.99375000000000002,120,synthetic_segment_000,0.9958993767156693,0.00021926690696666179,0.97585607864341362,0.0002148539792387543
-0.0041666666666668739,0.99583333333333324,120,synthetic_segment_000,0.99546221339512053,0.00021954375912192276,0.97542771359600855,0.00021512525951557094
-0.0020833333333332149,0.99791666666666667,120,synthetic_segment_000,0.99550216600819785,0.0002198206112771837,0.97546686212972666,0.00021539653979238754
0,0.99999999999999989,120,synthetic_segment_000,0.99457992245534255,0.00022009746343244464,0.97456317949061144,0.00021566782006920417
0.002083333333333437,1.0020833333333334,120,synthetic_segment_000,0.99511924288593001,0.00022037431558770556,0.9750916456517823,0.00021593910034602075
0.0041666666666666519,1.0041666666666667,120,synthetic_segment_000,0.99508304128664937,0.00022065116774296653,0.97505617263960798,0.00021621038062283738
0.0062500000000000888,1.0062500000000001,120,synthetic_segment_000,0.99412158045368526,0.00022092801989822744,0.9741140620005595,0.00021648166089965399
0.0083333333333333037,1.0083333333333333,120,synthetic_segment_000,0.99390969153078457,0.00022120487205348841,0.9739064375173595,0.00021675294117647062
0.010416666666666741,1.0104166666666667,120,synthetic_segment_000,0.99531090979010228,0.00022148172420874933,0.97527945510109448,0.0002170242214532872
0.012500000000000178,1.0125000000000002,120,synthetic_segment_000,0.99491963082432078,0.00022175857636401027,0.97489605094789333,0.00021729550173010383
0.014583333333333393,1.0145833333333334,120,synthetic_segment_000,0.99533254894241951,0.00022203542851927119,0.97530065874758642,0.00021756678200692041
0.016666666666666829,1.0166666666666668,120,synthetic_segment_000,0.99578221212685347,0.00022231228067453213,0.97574127208878481,0.00021783806228373702
0.018750000000000044,1.01875,120,synthetic_segment_000,0.99493645357701699,0.00022258913282979307,0.97491253512878751,0.00021810934256055365
0.020833333333333481,1.0208333333333335,120,synthetic_segment_000,0.99739094624230384,0.00022286598498505398,0.97731762910053488,0.00021838062283737023
0.022916666666666696,1.0229166666666667,120,synthetic_segment_000,0.99910290424367509,0.00022314283714031495,0.97899513253218662,0.00021865190311418686
0.025000000000000133,1.0250000000000001,120,synthetic_segment_000,1.0006674340185597,0.00022341968929557587,0.98052817485225996,0.00021892318339100346
0.027083333333333348,1.0270833333333333,120,synthetic_segment_000,1.000213468040388,0.00022369654145083684,0.98008334531460417,0.0002191944636678201
0.029166666666666785,1.0291666666666668,120,synthetic_segment_000,1.0002412455117706,0.00022397339360609775,0.98011056374141692,0.00021946574394463668
0.03125,1.03125,120,synthetic_segment_000,1.0001193791265515,0.00022425024576135867,0.97999115001792347,0.00021973702422145328
0.033333333333333437,1.0333333333333334,120,synthetic_segment_000,0.99965637071066904,0.00022452709791661958,0.97953746002908948,0.00022000830449826986
0.035416666666666652,1.0354166666666667,120,synthetic_segment_000,0.99997887540167818,0.00022480395007188055,0.97985347404664025,0.00022027958477508649
0.037500000000000089,1.0375000000000001,120,synthetic_segment_000,1.0000159138887283,0.00022508080222714149,0.97988976710352604,0.00022055086505190312
0.039583333333333304,1.0395833333333333,120,synthetic_segment_000,0.998924604847376,0.00022535765438240244,0.97882042155860338,0.00022082214532871973
0.041666666666666741,1.0416666666666667,120,synthetic_segment_000,0.99915838965494064,0.00022563450653766338,0.9790495012536915,0.00022109342560553633
0.043750000000000178,1.0437500000000002,120,synthetic_segment_000,1.0002332336120658,0.00022591135869292429,0.98010271308781549,0.00022136470588235294
0.045833333333333393,1.0458333333333334,120,synthetic_segment_000,1.0009120594865062,0.00022618821084818526,0.98076787703047985,0.00022163598615916957
0.047916666666666829,1.0479166666666668,120,synthetic_segment_000,1.0005079720523664,0.0002264650630034462,0.9803719221899323,0.00022190726643598618
0.050000000000000044,1.05,120,synthetic_segment_000,1.0001234388191285,0.00022674191515870712,0.97999512800583211,0.00022217854671280278
0.052083333333333481,1.0520833333333335,120,synthetic_segment_000,0.99972304707630766,0.00022701876731396806,0.97960279447776122,0.00022244982698961939
0.054166666666666696,1.0541666666666667,120,synthetic_segment_000,0.99891723517430597,0.00022729561946922903,0.97881320020629492,0.00022272110726643602
0.056250000000000133,1.0562500000000001,120,synthetic_segment_000,1.0000720641819887,0.00022757247162448992,0.9799447873257261,0.0002229923875432526
0.058333333333333348,1.0583333333333333,120,synthetic_segment_000,0.999347909266041,0.00022784932377975086,0.97923520662597952,0.0002232636678200692
0.060416666666666785,1.0604166666666668,120,synthetic_segment_000,1.0005763739588944,0.00022812617593501178,0.98043894745155702,0.00022353494809688581
0.0625,1.0625,120,synthetic_segment_000,1.000136852593404,0.00022840302809027272,0.9800082718168136,0.00022380622837370241
0.064583333333333437,1.0645833333333334,120,synthetic_segment_000,0.99942012644870259,0.00022867988024553369,0.97930597037815215,0.00022407750865051905
0.066666666666666652,1.0666666666666667,120,synthetic_segment_000,1.0000130981365998,0.0002289567324007946,0.97988700802073625,0.00022434878892733565
0.068750000000000089,1.0687500000000001,120,synthetic_segment_000,0.99957917519037642,0.00022923358455605554,0.97946181813244526,0.00022462006920415226
0.070833333333333304,1.0708333333333333,120,synthetic_segment_000,1.0007140243297528,0.00022951043671131649,0.98057382749493316,0.00022489134948096886
0.072916666666666741,1.0729166666666667,120,synthetic_segment_000,0.99912004246844099,0.00022978728886657743,0.97901192583601426,0.00022516262975778549
0.075000000000000178,1.0750000000000002,120,synthetic_segment_000,1.0005697108768721,0.00023006414102183832,0.98043241846956741,0.00022543391003460205
0.077083333333333393,1.0770833333333334,120,synthetic_segment_000,0.99910886013425415,0.00023034099317709929,0.97900096855554519,0.00022570519031141868
0.079166666666666829,1.0791666666666668,120,synthetic_segment_000,0.99998895177947933,0.0002306178453323602,0.97986334762901006,0.00022597647058823528
0.081250000000000044,1.08125,120,synthetic_segment_000,1.0011954474313605,0.00023089469748762114,0.98104556155872236,0.00022624775086505189
0.083333333333333481,1.0833333333333335,120,synthetic_segment_000,0.99949844458884929,0.00023117154964288211,0.97938271230099805,0.00022651903114186852
0.085416666666666696,1.0854166666666667,120,synthetic_segment_000,1.0011118494170015,0.00023144840179814303,0.9809636460234965,0.00022679031141868513
0.087500000000000133,1.0875000000000001,120,synthetic_segment_000,0.99954645595230562,0.00023172525395340397,0.97942975739608318,0.00022706159169550173
0.089583333333333348,1.0895833333333333,120,synthetic_segment_000,1.0002077046585285,0.00023200210610866491,0.98007769792556787,0.00022733287197231834
0.091666666666666785,1.0916666666666668,120,synthetic_segment_000,0.99986566923731046,0.00023227895826392585,0.97974254624989598,0.00022760415224913497
0.09375,1.09375,120,synthetic_segment_000,1.000480932252203,0.00023255581041918679,0.98034542658809587,0.00022787543252595157
0.095833333333333437,1.0958333333333334,120,synthetic_segment_000,1.0001774695896264,0.00023283266257444774,0.98004807136241701,0.00022814671280276818
0.097916666666666652,1.0979166666666667,120,synthetic_segment_000,1.0000631260328738,0.00023310951472970865,0.97993602906424948,0.00022841799307958478
0.10000000000000009,1.1000000000000001,120,synthetic_segment_000,0.99935249221591438,0.00023338636688496962,0.97923969734019889,0.00022868927335640142
0.1020833333333333,1.1020833333333333,120,synthetic_segment_000,0.99949063432065821,0.00023366321904023054,0.97937505922090962,0.000228960553633218
0.10416666666666674,1.1041666666666667,120,synthetic_segment_000,0.99954395147600605,0.00023394007119549145,0.97942730332443917,0.0002292318339100346
0.10625000000000018,1.1062500000000002,120,synthetic_segment_000,0.99983164569620098,0.00023421692335075239,0.97970920746067192,0.00022950311418685121
0.10833333333333339,1.1083333333333334,120,synthetic_segment_000,1.0000700263129867,0.00023449377550601333,0.97994279047052213,0.00022977439446366781
0.11041666666666683,1.1104166666666668,120,synthetic_segment_000,1.0001660280160158,0.00023477062766127428,0.98003686005993174,0.00023004567474048444
0.11250000000000004,1.1125,120,synthetic_segment_000,0.99953716899867429,0.00023504747981653522,0.97942065735006945,0.00023031695501730105
0.11458333333333348,1.1145833333333335,120,synthetic_segment_000,1.0004291709298099,0.00023532433197179616,0.9802947070050968,0.00023058823529411765
0.1166666666666667,1.1166666666666667,120,synthetic_segment_000,0.99995142182286467,0.00023560118412705705,0.97982657299379095,0.00023085951557093423
0.11875000000000013,1.1187500000000001,120,synthetic_segment_000,0.99923842083818326,0.00023587803628231799,0.97912792174322516,0.00023113079584775084
0.12083333333333335,1.1208333333333333,120,synthetic_segment_000,0.99919460980959296,0.00023615488843757893,0.97908499244779523,0.00023140207612456744
0.12291666666666679,1.1229166666666668,120,synthetic_segment_000,1.0004025182425029,0.00023643174059283988,0.9802685907251506,0.00023167335640138408
0.125,1.125,120,synthetic_segment_000,0.99998497559584543,0.00023670859274810084,0.97985945146935804,0.00023194463667820071
0.12708333333333344,1.1270833333333334,120,synthetic_segment_000,0.99971659073619057,0.00023698544490336176,0.97959646807682521,0.00023221591695501729
0.12916666666666665,1.1291666666666667,120,synthetic_segment_000,1.0007017064204338,0.0002372622970586227,0.98056175749371999,0.00023248719723183392
0.13125000000000009,1.1312500000000001,120,synthetic_segment_000,0.99994085721996329,0.00023753914921388364,0.97981622101225463,0.00023275847750865052
0.1333333333333333,1.1333333333333333,120,synthetic_segment_000,1.0006416511421226,0.00023781600136914461,0.98050291087752084,0.00023302975778546716
0.13541666666666674,1.1354166666666667,120,synthetic_segment_000,0.99968064721867067,0.0002380928535244055,0.97956124795230293,0.00023330103806228373
0.13750000000000018,1.1375000000000002,120,synthetic_segment_000,0.99965228977734077,0.00023836970567966647,0.9795334612279174,0.00023357231833910037
0.13958333333333339,1.1395833333333334,120,synthetic_segment_000,0.99953726327121051,0.00023864655783492741,0.97942074972529292,0.00023384359861591697
0.14166666666666683,1.1416666666666668,120,synthetic_segment_000,1.0006631285394734,0.00023892340999018835,0.98052395602449871,0.0002341148788927336
0.14375000000000004,1.14375,120,synthetic_segment_000,1.0004464751566211,0.00023920026214544927,0.98031166297004146,0.00023438615916955018
0.14583333333333348,1.1458333333333335,120,synthetic_segment_000,1.0000080613937536,0.00023947711430071018,0.97988207264650284,0.00023465743944636676
0.1479166666666667,1.1479166666666667,120,synthetic_segment_000,1.0008603470322712,0.00023975396645597113,0.98071720533212692,0.00023492871972318339
0.15000000000000013,1.1500000000000001,120,synthetic_segment_000,0.99958909897238668,0.00024003081861123207,0.97947154219014043,0.0002352
-0.14930555555555558,2.8506944444444446,120,synthetic_segment_001,0.99997615044413923,0.00015998568667688481,1.0000656145833764,0.00016000000000000001
-0.14722222222222225,2.8527777777777779,120,synthetic_segment_001,1.0003559319552646,0.00016026440738538112,1.0004454300721382,0.00016027874564459931
-0.14513888888888887,2.8548611111111111,120,synthetic_segment_001,0.99965417348638663,0.00016054312809387744,0.99974360881954538,0.00016055749128919861
-0.14305555555555555,2.8569444444444443,120,synthetic_segment_001,1.0003264842474691,0.00016082184880237375,1.0004159797297658,0.00016083623693379792
-0.14097222222222222,2.8590277777777779,120,synthetic_segment_001,1.0001862833067043,0.00016110056951087009,1.0002757662457455,0.00016111498257839724
-0.1388888888888889,2.8611111111111112,120,synthetic_segment_001,0.99958956817119926,0.0001613792902193664,0.9996789977243612,0.00016139372822299654
-0.13680555555555551,2.8631944444444444,120,synthetic_segment_001,1.0003593787311491,0.00016165801092786269,1.0004488771563929,0.00016167247386759582
-0.13472222222222219,2.8652777777777776,120,synthetic_segment_001,1.0003649065248732,0.00016193673163635903,1.000454405444668,0.00016195121951219515
-0.13263888888888886,2.8673611111111112,120,synthetic_segment_001,0.99988631003811679,0.00016221545234485534,0.99997576613966765,0.00016222996515679445
-0.13055555555555554,2.8694444444444445,120,synthetic_segment_001,1.0002434175661081,0.00016249417305335163,1.0003329056167385,0.00016250871080139375
-0.12847222222222221,2.8715277777777777,120,synthetic_segment_001,1.0002069713356438,0.00016277289376184794,1.0002964561255658,0.00016278745644599305
-0.12638888888888888,2.8736111111111109,120,synthetic_segment_001,0.99888218315239585,0.00016305161447034426,0.99897154941845667,0.00016306620209059235
-0.12430555555555556,2.8756944444444446,120,synthetic_segment_001,1.0003829991790936,0.00016333033517884057,1.0004724997175707,0.00016334494773519165
-0.12222222222222223,2.8777777777777778,120,synthetic_segment_001,1.0000785920317938,0.00016360905588733688,1.000168065336098,0.00016362369337979095
-0.12013888888888891,2.879861111111111,120,synthetic_segment_001,1.00022739144518,0.0001638877765958332,1.0003168780620131,0.00016390243902439025
-0.11805555555555558,2.8819444444444446,120,synthetic_segment_001,1.0001117583064405,0.00016416649730432954,1.0002012345780076,0.00016418118466898958
-0.11597222222222225,2.8840277777777779,120,synthetic_segment_001,1.0005495829207207,0.00016444521801282583,1.0006390983628244,0.00016445993031358885
-0.11388888888888887,2.8861111111111111,120,synthetic_segment_001,0.99944617996903129,0.00016472393872132217,0.99953559669378522,0.00016473867595818818
-0.11180555555555555,2.8881944444444443,120,synthetic_segment_001,0.99959798532525868,0.00016500265942981848,0.99968741563147212,0.00016501742160278748
-0.10972222222222222,2.8902777777777779,120,synthetic_segment_001,0.99972795583421814,0.00016528138013831479,0.99981739776840861,0.00016529616724738678
-0.1076388888888889,2.8923611111111112,120,synthetic_segment_001,0.99945358134181617,0.00016556010084681111,0.9995429987287433,0.00016557491289198608
-0.10555555555555557,2.8944444444444444,120,synthetic_segment_001,1.0006854964554339,0.00016583882155530742,1.0007750240572149,0.00016585365853658538
-0.10347222222222219,2.8965277777777776,120,synthetic_segment_001,1.0005882287807084,0.00016611754226380373,1.000677747680313,0.00016613240418118468
-0.10138888888888886,2.8986111111111112,120,synthetic_segment_001,0.99931871612330969,0.00016639626297230005,0.99940812144434843,0.00016641114982578398
-0.099305555555555536,2.9006944444444445,120,synthetic_segment_001,0.99976292898084318,0.00016667498368079636,0.99985237404395066,0.00016668989547038329
-0.09722222222222221,2.9027777777777777,120,synthetic_segment_001,0.9995854083194271,0.00016695370438929267,0.99967483750042263,0.00016696864111498259
-0.095138888888888884,2.9048611111111109,120,synthetic_segment_001,0.99995754299849071,0.00016723242509778899,1.0000470054729891,0.00016724738675958189
-0.093055555555555558,2.9069444444444446,120,synthetic_segment_001,0.99929934825085254,0.00016751114580628533,0.9993887518391199,0.00016752613240418121
-0.090972222222222232,2.9090277777777778,120,synthetic_segment_001,0.99954956282345109,0.00016778986651478164,0.9996389887974837,0.00016780487804878052
-0.088888888888888906,2.911111111111111,120,synthetic_segment_001,0.99987577628952329,0.00016806858722327793,0.9999652314486589,0.00016808362369337979
-0.08680555555555558,2.9131944444444446,120,synthetic_segment_001,1.0004526774587881,0.00016834730793177427,1.0005421842311213,0.00016836236933797912
-0.084722222222222254,2.9152777777777779,120,synthetic_segment_001,1.0001368908785895,0.00016862602864027058,1.0002263693986742,0.00016864111498257842
-0.082638888888888873,2.9173611111111111,120,synthetic_segment_001,0.99944739950837891,0.0001689047493487669,0.99953681634224045,0.00016891986062717772
-0.080555555555555547,2.9194444444444443,120,synthetic_segment_001,1.0004931132681021,0.00016918347005726321,1.0005826236580764,0.00016919860627177702
-0.078472222222222221,2.9215277777777779,120,synthetic_segment_001,0.9993211567143071,0.00016946219076575952,0.9994105622536964,0.00016947735191637632
-0.076388888888888895,2.9236111111111112,120,synthetic_segment_001,0.99978950815726064,0.00016974091147425586,0.99987895559830797,0.00016975609756097565
-0.074305555555555569,2.9256944444444444,120,synthetic_segment_001,0.99943024612977927,0.00017001963218275212,0.99951966142899196,0.00017003484320557492
-0.072222222222222188,2.9277777777777776,120,synthetic_segment_001,1.0000241793708031,0.00017029835289124844,1.0001136478070094,0.00017031358885017422
-0.070138888888888862,2.9298611111111112,120,synthetic_segment_001,0.99894534218107034,0.00017057707359974478,0.99903471409773403,0.00017059233449477355
-0.068055555555555536,2.9319444444444445,120,synthetic_segment_001,1.0005082934553284,0.00017085579430824106,1.0005978052034175,0.00017087108013937282
-0.06597222222222221,2.9340277777777777,120,synthetic_segment_001,0.999865308474018,0.00017113451501673741,0.99995476269663719,0.00017114982578397215
-0.063888888888888884,2.9361111111111109,120,synthetic_segment_001,0.99995010560709441,0.00017141323572523372,1.000039567416197,0.00017142857142857145
-0.061805555555555558,2.9381944444444446,120,synthetic_segment_001,1.0001924432023945,0.00017169195643373001,1.0002819266925387,0.00017170731707317073
-0.059722222222222232,2.9402777777777778,120,synthetic_segment_001,1.0005430162625899,0.00017197067714222635,1.0006325311171991,0.00017198606271777005
-0.057638888888888906,2.942361111111111,120,synthetic_segment_001,0.99921877625504074,0.00017224939785072266,0.99930817263483196,0.00017226480836236935
-0.05555555555555558,2.9444444444444446,120,synthetic_segment_001,0.99982274971055063,0.00017252811855921897,0.9999122001255959,0.00017254355400696866
-0.053472222222222254,2.9465277777777779,120,synthetic_segment_001,1.0000724913226473,0.00017280683926771529,1.0001619640811439,0.00017282229965156796
-0.051388888888888873,2.9486111111111111,120,synthetic_segment_001,1.0001221782325083,0.0001730855599762116,1.0002116554363074,0.00017310104529616726
-0.049305555555555547,2.9506944444444443,120,synthetic_segment_001,0.99954286157477701,0.00017336428068470794,0.99963228694927386,0.00017337979094076658
-0.047222222222222221,2.9527777777777779,120,synthetic_segment_001,0.9996474132573181,0.00017364300139320423,0.99973684798566431,0.00017365853658536586
-0.045138888888888895,2.9548611111111112,120,synthetic_segment_001,0.99950947005022928,0.00017392172210170054,0.99959889243731093,0.00017393728222996516
-0.043055555555555569,2.9569444444444444,120,synthetic_segment_001,1.0001436958854903,0.00017420044281019688,1.0002331750143936,0.00017421602787456449
-0.040972222222222188,2.9590277777777776,120,synthetic_segment_001,0.99995999172915362,0.00017447916351869317,1.0000494544227307,0.00017449477351916376
-0.038888888888888862,2.9611111111111112,120,synthetic_segment_001,1.000056270845795,0.00017475788422718951,1.0001457421531059,0.00017477351916376309
-0.036805555555555536,2.9631944444444445,120,synthetic_segment_001,1.0010361252309914,0.00017503660493568582,1.0011256842022223,0.00017505226480836239
-0.03472222222222221,2.9652777777777777,120,synthetic_segment_001,1.0000959050269607,0.00017531532564418214,1.0001853798801941,0.00017533101045296169
-0.032638888888888884,2.9673611111111109,120,synthetic_segment_001,0.99952690655177445,0.00017559404635267845,0.99961633049883492,0.00017560975609756099
-0.030555555555555558,2.9694444444444446,120,synthetic_segment_001,1.0006260491217214,0.00017587276706117476,1.0007155714049709,0.00017588850174216029
-0.028472222222222232,2.9715277777777778,120,synthetic_segment_001,1.0004357969250461,0.00017615148776967108,1.0005253021871408,0.00017616724738675959
-0.026388888888888906,2.973611111111111,120,synthetic_segment_001,0.99958847327398692,0.00017643020847816739,0.99967790272919255,0.00017644599303135889
-0.02430555555555558,2.9756944444444446,120,synthetic_segment_001,1.0000509980616714,0.0001767089291866637,1.0001404688972459,0.00017672473867595819
-0.022222222222222254,2.9777777777777779,120,synthetic_segment_001,0.99957658413316985,0.00017698764989516004,0.99966601252469833,0.00017700348432055752
-0.020138888888888928,2.9798611111111111,120,synthetic_segment_001,0.99803824032161215,0.00017726637060365636,0.99812753108325325,0.00017728222996515682
-0.018055555555555547,2.9819444444444443,120,synthetic_segment_001,0.99614063869751568,0.00017754509131215262,0.99622975968781191,0.0001775609756097561
-0.015972222222222221,2.9840277777777779,120,synthetic_segment_001,0.9964544499955803,0.00017782381202064896,0.99654359906140377,0.00017783972125435542
-0.013888888888888895,2.9861111111111112,120,synthetic_segment_001,0.99502926237693257,0.00017810253272914527,0.99511828393653157,0.00017811846689895472
-0.011805555555555514,2.9881944444444444,120,synthetic_segment_001,0.99461710351994304,0.00017838125343764159,0.99470608820522521,0.00017839721254355403
-0.0097222222222221877,2.9902777777777776,120,synthetic_segment_001,0.99435982389708943,0.0001786599741461379,0.99444878556452265,0.00017867595818815333
-0.0076388888888888618,2.9923611111111112,120,synthetic_segment_001,0.99506299599701664,0.00017893869485463421,0.99515202057463692,0.00017895470383275263
-0.0055555555555555358,2.9944444444444445,120,synthetic_segment_001,0.99457719528972999,0.00017921741556313053,0.99466617640457156,0.00017923344947735193
-0.0034722222222222099,2.9965277777777777,120,synthetic_segment_001,0.9941254196759699,0.00017949613627162684,0.99421436037213107,0.00017951219512195123
-0.001388888888888884,2.9986111111111109,120,synthetic_segment_001,0.99460707492427725,0.00017977485698012315,0.99469605871233835,0.00017979094076655053
0.00069444444444444198,3.0006944444444446,120,synthetic_segment_001,0.99442530512285021,0.00018005357768861947,0.99451427264864467,0.00018006968641114983
0.0027777777777777679,3.0027777777777778,120,synthetic_segment_001,0.99455649046571926,0.00018033229839711578,0.99464546972817736,0.00018034843205574913
0.0048611111111110938,3.004861111111111,120,synthetic_segment_001,0.99474773056931853,0.00018061101910561212,0.99483672694131597,0.00018062717770034846
0.0069444444444444198,3.0069444444444446,120,synthetic_segment_001,0.99437502975035941,0.00018088973981410843,0.99446399277820363,0.00018090592334494776
0.0090277777777777457,3.0090277777777779,120,synthetic_segment_001,0.99373924449745121,0.00018116846052260472,0.99382815064395846,0.00018118466898954703
0.011111111111111072,3.0111111111111111,120,synthetic_segment_001,0.99466113215476037,0.00018144718123110106,0.99475012077912039,0.00018146341463414636
0.013194444444444509,3.0131944444444443,120,synthetic_segment_001,0.99481402669086183,0.00018172590193959738,0.99490302899412619,0.00018174216027874566
0.015277777777777724,3.0152777777777779,120,synthetic_segment_001,0.99453283108492807,0.00018200462264809369,0.99462180823066959,0.00018202090592334496
0.01736111111111116,3.0173611111111112,120,synthetic_segment_001,0.99605120026541383,0.00018228334335659,0.99614031325398689,0.00018229965156794426
0.019444444444444486,3.0194444444444444,120,synthetic_segment_001,0.99517274972702485,0.00018256206406508632,0.99526178412390232,0.00018257839721254356
0.021527777777777812,3.0215277777777776,120,synthetic_segment_001,0.99733917560425334,0.00018284078477358266,0.99742840382317965,0.00018285714285714289
0.023611111111111138,3.0236111111111112,120,synthetic_segment_001,1.0009937326269398,0.00018311950548207894,1.0010832878054623,0.00018313588850174217
0.025694444444444464,3.0256944444444445,120,synthetic_segment_001,0.99893156920769022,0.00018339822619057528,0.99902093989213736,0.00018341463414634149
0.02777777777777779,3.0277777777777777,120,synthetic_segment_001,0.99965683137285644,0.0001836769468990716,0.99974626694380642,0.00018369337979094079
0.029861111111111116,3.0298611111111109,120,synthetic_segment_001,0.9999913159741689,0.00018395566760756788,1.0000807814702095,0.00018397212543554007
0.031944444444444442,3.0319444444444446,120,synthetic_segment_001,0.99971144822820213,0.00018423438831606422,0.99980088868551853,0.0001842508710801394
0.034027777777777768,3.0340277777777778,120,synthetic_segment_001,0.99957221295683185,0.00018451310902456054,0.99966164095728749,0.0001845296167247387
0.036111111111111094,3.036111111111111,120,synthetic_segment_001,1.0002222761173805,0.00018479182973305685,1.0003117622765643,0.000184808362369338
0.03819444444444442,3.0381944444444446,120,synthetic_segment_001,0.99957349719896882,0.00018507055044155314,0.99966292531432077,0.0001850871080139373
0.040277777777777746,3.0402777777777779,120,synthetic_segment_001,1.0002720119735791,0.00018534927115004945,1.0003615025824446,0.0001853658536585366
0.042361111111111072,3.0423611111111111,120,synthetic_segment_001,1.0003388012138548,0.00018562799185854577,1.0004282977981047,0.0001856445993031359
0.044444444444444509,3.0444444444444443,120,synthetic_segment_001,1.001331363311913,0.00018590671256704208,1.0014209486969945,0.0001859233449477352
0.046527777777777724,3.0465277777777779,120,synthetic_segment_001,1.0004639412833987,0.00018618543327553839,1.0005534490634642,0.0001862020905923345
0.04861111111111116,3.0486111111111112,120,synthetic_segment_001,0.99968099841522406,0.00018646415398403473,0.99977043614830918,0.00018648083623693383
0.050694444444444486,3.0506944444444444,120,synthetic_segment_001,0.99968777257574615,0.00018674287469253102,0.99977721091489025,0.0001867595818815331
0.052777777777777812,3.0527777777777776,120,synthetic_segment_001,0.99980606295693064,0.00018702159540102736,0.99989551187907422,0.00018703832752613243
0.054861111111111138,3.0548611111111112,120,synthetic_segment_001,0.99947709243948968,0.00018730031610952367,0.99956651192986712,0.00018731707317073173
0.056944444444444464,3.0569444444444445,120,synthetic_segment_001,0.99946758363945654,0.00018757903681801996,0.99955700227911715,0.000187595818815331
0.05902777777777779,3.0590277777777777,120,synthetic_segment_001,0.99998019178118502,0.0001878577575265163,1.0000696562819855,0.00018787456445993033
0.061111111111111116,3.0611111111111109,120,synthetic_segment_001,1.0007112937996252,0.00018813647823501262,1.0008008237093984,0.00018815331010452963
0.063194444444444442,3.0631944444444446,120,synthetic_segment_001,0.99969723664968635,0.00018841519894350893,0.99978667583554581,0.00018843205574912893
0.065277777777777768,3.0652777777777778,120,synthetic_segment_001,1.0009113333553596,0.00018869391965200524,1.0010008811619264,0.00018871080139372823
0.067361111111111094,3.067361111111111,120,synthetic_segment_001,1.0011426834973642,0.00018897264036050156,1.0012322520019659,0.00018898954703832754
0.06944444444444442,3.0694444444444446,120,synthetic_segment_001,0.9992513068338944,0.00018925136106899787,0.99934070612407522,0.00018926829268292684
0.071527777777777746,3.0715277777777779,120,synthetic_segment_001,1.0001109414358418,0.00018953008177749418,1.0002004176343267,0.00018954703832752614
0.073611111111111072,3.0736111111111111,120,synthetic_segment_001,0.99961662408805685,0.0001898088024859905,0.99970605606181084,0.00018982578397212544
0.075694444444444509,3.0756944444444443,120,synthetic_segment_001,1.001136495753246,0.00019008752319448684,1.0012260637042534,0.00019010452961672477
0.077777777777777724,3.0777777777777779,120,synthetic_segment_001,0.9995248409183084,0.00019036624390298315,0.99961426468056436,0.00019038327526132407
0.07986111111111116,3.0798611111111112,120,synthetic_segment_001,1.0007603747457157,0.00019064496461147946,1.0008499090465783,0.00019066202090592337
0.081944444444444375,3.0819444444444444,120,synthetic_segment_001,1.000343074672821,0.00019092368531997578,1.0004325716394014,0.00019094076655052267
0.084027777777777812,3.0840277777777776,120,synthetic_segment_001,0.99997261417652161,0.00019120240602847206,1.0000620779993821,0.00019121951219512194
0.086111111111111138,3.0861111111111112,120,synthetic_segment_001,1.0006351456619882,0.00019148112673696841,1.0007246687590714,0.00019149825783972127
0.088194444444444464,3.0881944444444445,120,synthetic_segment_001,1.0003717585651408,0.00019175984744546472,1.0004612580979622,0.00019177700348432057
0.09027777777777779,3.0902777777777777,120,synthetic_segment_001,1.0004609092952828,0.00019203856815396103,1.0005504168040875,0.00019205574912891987
0.092361111111111116,3.0923611111111109,120,synthetic_segment_001,1.0002443046472838,0.00019231728886245735,1.000333792777278,0.00019233449477351917
0.094444444444444442,3.0944444444444446,120,synthetic_segment_001,1.0003157176809203,0.00019259600957095363,1.0004052121999725,0.00019261324041811847
0.096527777777777768,3.0965277777777778,120,synthetic_segment_001,0.99949353584217315,0.00019287473027944997,0.99958295680368059,0.0001928919860627178
0.098611111111111094,3.098611111111111,120,synthetic_segment_001,0.99965408928661215,0.00019315345098794626,0.99974352461223781,0.00019317073170731707
0.10069444444444442,3.1006944444444446,120,synthetic_segment_001,1.0001549787064479,0.00019343217169644257,1.0002444588447832,0.00019344947735191637
0.10277777777777775,3.1027777777777779,120,synthetic_segment_001,0.99988441372064463,0.00019371089240493891,0.99997386965253898,0.0001937282229965157
0.10486111111111107,3.1048611111111111,120,synthetic_segment_001,0.9998438171167644,0.00019398961311343523,0.99993326941663196,0.000194006968641115
0.1069444444444444,3.1069444444444443,120,synthetic_segment_001,1.0001874835506614,0.00019426833382193154,1.0002769665970841,0.0001942857142857143
0.10902777777777772,3.1090277777777779,120,synthetic_segment_001,1.0005662922660983,0.00019454705453042785,1.0006558092031248,0.0001945644599303136
0.11111111111111116,3.1111111111111112,120,synthetic_segment_001,1.0005497314028931,0.00019482577523892417,1.0006392468582808,0.00019484320557491291
0.11319444444444449,3.1131944444444444,120,synthetic_segment_001,0.99952035044167031,0.00019510449594742048,0.99960977380217997,0.00019512195121951221
0.11527777777777781,3.1152777777777776,120,synthetic_segment_001,0.99999288513489482,0.0001953832166559168,1.0000823507713223,0.00019540069686411151
0.11736111111111114,3.1173611111111112,120,synthetic_segment_001,1.0000988858466531,0.00019566193736441311,1.0001883609665692,0.00019567944250871081
0.11944444444444446,3.1194444444444445,120,synthetic_segment_001,0.99993842867647731,0.00019594065807290945,1.0000278894408885,0.00019595818815331014
0.12152777777777779,3.1215277777777777,120,synthetic_segment_001,0.99983185162572918,0.00019621937878140574,0.99992130285508884,0.00019623693379790941
0.12361111111111112,3.1236111111111109,120,synthetic_segment_001,0.99903022392998564,0.00019649809948990208,0.99911960344070305,0.00019651567944250874
0.12569444444444444,3.1256944444444446,120,synthetic_segment_001,1.0001702233262062,0.00019677682019839836,1.0002597048284207,0.00019679442508710801
0.12777777777777777,3.1277777777777778,120,synthetic_segment_001,0.99987047879775393,0.00019705554090689468,0.99995993348294276,0.00019707317073170731
0.12986111111111109,3.129861111111111,120,synthetic_segment_001,1.0002597355730236,0.00019733426161539102,1.0003492250835653,0.00019735191637630664
0.13194444444444442,3.1319444444444446,120,synthetic_segment_001,1.0003538316772118,0.00019761298232388733,1.0004433296061812,0.00019763066202090594
0.13402777777777775,3.1340277777777779,120,synthetic_segment_001,1.0005123221993155,0.00019789170303238364,1.0006018343078413,0.00019790940766550524
0.13611111111111107,3.1361111111111111,120,synthetic_segment_001,0.99995246001597737,0.00019817042374087996,1.0000419220357202,0.00019818815331010454
0.1381944444444444,3.1381944444444443,120,synthetic_segment_001,1.0012086754740381,0.00019844914444937627,1.0012982498826961,0.00019846689895470384
0.14027777777777772,3.1402777777777779,120,synthetic_segment_001,0.99918855061633327,0.00019872786515787259,0.99927794429194927,0.00019874564459930314
0.14236111111111116,3.1423611111111112,120,synthetic_segment_001,0.99890820191298269,0.0001990065858663689,0.99899757050684501,0.00019902439024390244
0.14444444444444449,3.1444444444444444,120,synthetic_segment_001,1.0006388904671788,0.00019928530657486521,1.0007284138992958,0.00019930313588850174
0.14652777777777781,3.1465277777777776,120,synthetic_segment_001,0.99993570736097437,0.00019956402728336155,1.0000251678819196,0.00019958188153310107
0.14861111111111114,3.1486111111111112,120,synthetic_segment_001,0.99994219491282343,0.00019984274799185784,1.0000316560141858,0.00019986062717770035
-0.14930555555555558,3.8506944444444446,120,synthetic_segment_001,1.0005889223603157,0.00020012146870035415,1.0006784413219725,0.00020013937282229967
-0.14722222222222237,3.8527777777777779,120,synthetic_segment_001,0.99959806596369472,0.00020040018940885044,0.9996874962771225,0.00020041811846689895
-0.14513888888888893,3.8548611111111111,120,synthetic_segment_001,1.0005075029016965,0.00020067891011734678,1.0005970145790577,0.00020069686411149828
-0.14305555555555549,3.8569444444444443,120,synthetic_segment_001,1.0000071148651053,0.00020095763082584309,1.0000965817746137,0.00020097560975609758
-0.14097222222222228,3.8590277777777775,120,synthetic_segment_001,0.99881912545119667,0.00020123635153433941,0.99890848607571991,0.00020125435540069688
-0.13888888888888884,3.8611111111111112,120,synthetic_segment_001,0.99977313053310679,0.00020151507224283575,0.9998625765089092,0.0002015331010452962
-0.13680555555555562,3.8631944444444444,120,synthetic_segment_001,0.9996832131162976,0.00020179379295133206,0.99977265104752377,0.00020181184668989551
-0.13472222222222219,3.865277777777778,120,synthetic_segment_001,0.99858565590032811,0.00020207251365982838,0.99867499563720086,0.00020209059233449481
-0.13263888888888897,3.8673611111111112,120,synthetic_segment_001,1.000388417444726,0.00020235123436832466,1.0004779184679551,0.00020236933797909408
-0.13055555555555554,3.8694444444444445,120,synthetic_segment_001,0.99970311508317256,0.00020262995507682098,0.99979255479495355,0.00020264808362369338
-0.12847222222222232,3.8715277777777777,120,synthetic_segment_001,0.99977883896451236,0.00020290867578531732,0.99986828545102679,0.00020292682926829271
-0.12638888888888888,3.8736111111111109,120,synthetic_segment_001,0.99987912031579351,0.00020318739649381363,0.99996857577410669,0.00020320557491289201
-0.12430555555555567,3.8756944444444441,120,synthetic_segment_001,1.0010869805269735,0.00020346611720230994,1.001176544048038,0.00020348432055749131
-0.12222222222222223,3.8777777777777778,120,synthetic_segment_001,0.99943018456246546,0.00020374483791080623,0.99951959985617,0.00020376306620209058
-0.12013888888888902,3.879861111111111,120,synthetic_segment_001,1.000195891212045,0.00020402355861930254,1.0002853750106697,0.00020404181184668988
-0.11805555555555558,3.8819444444444446,120,synthetic_segment_001,0.99985116662846873,0.00020430227932779888,0.99994061958586966,0.00020432055749128921
-0.11597222222222237,3.8840277777777779,120,synthetic_segment_001,1.000571484878098,0.0002045810000362952,1.000661002279688,0.00020459930313588851
-0.11388888888888893,3.8861111111111111,120,synthetic_segment_001,0.99951655181628585,0.00020485972074479151,0.99960597483694669,0.00020487804878048781
-0.11180555555555549,3.8881944444444443,120,synthetic_segment_001,1.0005401401652672,0.00020513844145328785,1.0006296547625626,0.00020515679442508714
-0.10972222222222228,3.8902777777777775,120,synthetic_segment_001,1.0000156507276703,0.00020541716216178417,1.0001051184008505,0.00020543554006968644
-0.10763888888888884,3.8923611111111112,120,synthetic_segment_001,1.000164149597091,0.00020569588287028045,1.0002536305559118,0.00020571428571428572
-0.10555555555555562,3.8944444444444444,120,synthetic_segment_001,1.0009458879021715,0.00020597460357877677,1.0010354388002047,0.00020599303135888502
-0.10347222222222219,3.896527777777778,120,synthetic_segment_001,0.99971309126851327,0.00020625332428727308,0.99980253187282642,0.00020627177700348432
-0.10138888888888897,3.8986111111111112,120,synthetic_segment_001,1.0004275166730057,0.00020653204499576942,1.0005170211942971,0.00020655052264808364
-0.099305555555555536,3.9006944444444445,120,synthetic_segment_001,0.99930028834062035,0.00020681076570426573,0.9993896920129941,0.00020682926829268295
-0.097222222222222321,3.9027777777777777,120,synthetic_segment_001,0.99928599397447426,0.00020708948641276205,0.99937539636798434,0.00020710801393728225
-0.095138888888888884,3.9048611111111109,120,synthetic_segment_001,1.0005158873035622,0.00020736820712125839,1.0006053997310445,0.00020738675958188157
-0.093055555555555669,3.9069444444444441,120,synthetic_segment_001,0.9990506267980912,0.00020764692782975462,0.99914000813417714,0.00020766550522648082
-0.090972222222222232,3.9090277777777778,120,synthetic_segment_001,1.0003401085601533,0.00020792564853825096,1.0004296052613666,0.00020794425087108015
-0.088888888888889017,3.911111111111111,120,synthetic_segment_001,0.99924217588484476,0.00020820436924674727,0.99933157435811359,0.00020822299651567945
-0.08680555555555558,3.9131944444444446,120,synthetic_segment_001,1.0001319396891415,0.00020848308995524359,1.0002214177662618,0.00020850174216027875
-0.084722222222222365,3.9152777777777779,120,synthetic_segment_001,0.99930466696998632,0.00020876181066373993,0.99939407103409972,0.00020878048780487808
-0.082638888888888928,3.9173611111111111,120,synthetic_segment_001,0.99884281849936396,0.00020904053137223624,0.99893218124361594,0.00020905923344947738
-0.080555555555555491,3.9194444444444443,120,synthetic_segment_001,1.0007633877479503,0.00020931925208073256,1.0008529223183749,0.00020933797909407668
-0.078472222222222276,3.9215277777777775,120,synthetic_segment_001,0.99980274713682249,0.00020959797278922884,0.99989219576231203,0.00020961672473867595
-0.07638888888888884,3.9236111111111112,120,synthetic_segment_001,0.99961278634153217,0.00020987669349772516,0.99970221797193737,0.00020989547038327525
-0.074305555555555625,3.9256944444444444,120,synthetic_segment_001,0.99961909533445625,0.0002101554142062215,0.9997085275293035,0.00021017421602787458
-0.072222222222222188,3.927777777777778,120,synthetic_segment_001,1.0001796226459045,0.00021043413491471781,1.0002691049890413,0.00021045296167247388
-0.070138888888888973,3.9298611111111112,120,synthetic_segment_001,0.99912864051569528,0.00021071285562321412,0.99921802883137778,0.00021073170731707318
-0.068055555555555536,3.9319444444444445,120,synthetic_segment_001,1.0000155447065449,0.00021099157633171046,1.0001050123702397,0.00021101045296167251
-0.065972222222222321,3.9340277777777777,120,synthetic_segment_001,0.99983554687985077,0.00021127029704020678,0.99992499843981109,0.00021128919860627181
-0.063888888888888884,3.9361111111111109,120,synthetic_segment_001,0.99932901316183709,0.00021154901774870306,0.99941841940411347,0.00021156794425087109
-0.061805555555555669,3.9381944444444441,120,synthetic_segment_001,0.99991342725457077,0.00021182773845719938,1.0000028857821979,0.00021184668989547039
-0.059722222222222232,3.9402777777777778,120,synthetic_segment_001,1.0001602201437869,0.00021210645916569569,1.000249700751054,0.00021212543554006969
-0.057638888888889017,3.942361111111111,120,synthetic_segment_001,0.99938043395161291,0.00021238517987419203,0.99946984479431578,0.00021240418118466901
-0.05555555555555558,3.9444444444444446,120,synthetic_segment_001,0.99969476806178803,0.00021266390058268835,0.99978420702679216,0.00021268292682926832
-0.053472222222222365,3.9465277777777779,120,synthetic_segment_001,1.0000295016290655,0.00021294262129118463,1.0001189705414342,0.00021296167247386759
-0.051388888888888928,3.9486111111111111,120,synthetic_segment_001,1.0003786236606647,0.000213221341999681,1.0004681238076805,0.00021324041811846694
-0.049305555555555491,3.9506944444444443,120,synthetic_segment_001,0.99947397630118728,0.00021350006270817726,0.99956339551277551,0.00021351916376306619
-0.047222222222222276,3.9527777777777775,120,synthetic_segment_001,1.0003035239864331,0.0002137787834166736,1.000393017414561,0.00021379790940766552
-0.04513888888888884,3.9548611111111112,120,synthetic_segment_001,0.99989617298665712,0.00021405750412516991,0.99998562997060925,0.00021407665505226482
-0.043055555555555625,3.9569444444444444,120,synthetic_segment_001,0.99919307491524434,0.00021433622483366623,0.99928246899563244,0.00021435540069686412
-0.040972222222222188,3.959027777777778,120,synthetic_segment_001,0.99950139722081244,0.00021461494554216257,0.99959081888564816,0.00021463414634146345
-0.038888888888888973,3.9611111111111112,120,synthetic_segment_001,1.0003035987891977,0.00021489366625065883,1.0003930922240178,0.00021491289198606269
-0.036805555555555536,3.9631944444444445,120,synthetic_segment_001,1.0000794326993985,0.00021517238695915519,1.0001689060789141,0.00021519163763066205
-0.034722222222222321,3.9652777777777777,120,synthetic_segment_001,1.0007705033989687,0.00021545110766765145,1.000860038606004,0.00021547038327526132
-0.032638888888888884,3.9673611111111109,120,synthetic_segment_001,0.99953160711620093,0.00021572982837614777,0.99962103148380332,0.00021574912891986062
-0.030555555555555669,3.9694444444444441,120,synthetic_segment_001,1.0001302608271363,0.00021600854908464411,1.000219738754055,0.00021602787456445995
-0.028472222222222232,3.9715277777777778,120,synthetic_segment_001,0.99994146195716205,0.00021628726979314042,1.0000309229929496,0.00021630662020905925
-0.026388888888889017,3.973611111111111,120,synthetic_segment_001,0.99928184750632532,0.00021656599050163674,0.99937124952886636,0.00021658536585365855
-0.02430555555555558,3.9756944444444446,120,synthetic_segment_001,0.99974854041232941,0.00021684471121013302,0.99983798418814529,0.00021686411149825783
-0.022222222222222365,3.9777777777777779,120,synthetic_segment_001,0.99999180391194598,0.00021712343191862934,1.0000812694516406,0.00021714285714285713
-0.020138888888888928,3.9798611111111111,120,synthetic_segment_001,0.99853038978205055,0.00021740215262712568,0.99861972457446968,0.00021742160278745646
-0.018055555555555491,3.9819444444444443,120,synthetic_segment_001,0.99716299721853119,0.00021768087333562199,0.99725220967543393,0.00021770034843205576
-0.015972222222222276,3.9840277777777775,120,synthetic_segment_001,0.99544353895564508,0.0002179595940441183,0.99553259757902557,0.00021797909407665506
-0.01388888888888884,3.9861111111111112,120,synthetic_segment_001,0.99446630997058671,0.00021823831475261464,0.99455528116493208,0.00021825783972125438
-0.011805555555555625,3.9881944444444444,120,synthetic_segment_001,0.99409367786197511,0.00021851703546111096,0.99418261571831446,0.00021853658536585369
-0.0097222222222221877,3.990277777777778,120,synthetic_segment_001,0.99431514682658051,0.00021879575616960724,0.99440410449692274,0.00021881533101045296
-0.0076388888888889728,3.9923611111111112,120,synthetic_segment_001,0.99483279121611223,0.00021907447687810356,0.9949217951981687,0.00021909407665505226
-0.0055555555555555358,3.9944444444444445,120,synthetic_segment_001,0.99567410267631218,0.00021935319758659987,0.99576318192736946,0.00021937282229965156
-0.0034722222222223209,3.9965277777777777,120,synthetic_segment_001,0.99461403444065855,0.00021963191829509621,0.99470301885136159,0.00021965156794425089
-0.001388888888888884,3.9986111111111109,120,synthetic_segment_001,0.99370249595719229,0.00021991063900359253,0.99379139881594458,0.00021993031358885019
0.00069444444444433095,4.0006944444444441,120,synthetic_segment_001,0.99334669661096175,0.00022018935971208884,0.9934355676376726,0.00022020905923344949
0.0027777777777777679,4.0027777777777782,120,synthetic_segment_001,0.99509859832144476,0.00022046808042058518,0.99518762608427225,0.00022048780487804882
0.0048611111111109828,4.0048611111111114,120,synthetic_segment_001,0.99430597921656294,0.00022074680112908144,0.99439493606671325,0.00022076655052264806
0.0069444444444444198,4.0069444444444446,120,synthetic_segment_001,0.99444580959266771,0.00022102552183757778,0.99453477895292064,0.00022104529616724739
0.0090277777777776347,4.0090277777777779,120,synthetic_segment_001,0.99490545329058211,0.00022130424254607409,0.99499446377344358,0.00022132404181184669
0.011111111111111072,4.0111111111111111,120,synthetic_segment_001,0.99464036988813054,0.00022158296325457041,0.99472935665496798,0.00022160278745644599
0.013194444444444509,4.0131944444444443,120,synthetic_segment_001,0.99501670447785096,0.00022186168396306675,0.99510572491394156,0.00022188153310104532
0.015277777777777724,4.0152777777777775,120,synthetic_segment_001,0.9947559021582183,0.00022214040467156306,0.99484489926129738,0.00022216027874564462
0.01736111111111116,4.0173611111111107,120,synthetic_segment_001,0.99489511644287831,0.00022241912538005938,0.99498412600094055,0.00022243902439024392
0.019444444444444375,4.0194444444444439,120,synthetic_segment_001,0.99571084537636623,0.00022269784608855566,0.99579992791465588,0.0002227177700348432
0.021527777777777812,4.021527777777778,120,synthetic_segment_001,0.99714780912844792,0.00022297656679705195,0.99723702022652883,0.0002229965156794425
0.023611111111111027,4.0236111111111112,120,synthetic_segment_001,0.99943158269683874,0.00022325528750554829,0.99952099811562911,0.00022327526132404183
0.025694444444444464,4.0256944444444445,120,synthetic_segment_001,1.0008803325990683,0.0002235340082140446,1.000969877632113,0.00022355400696864113
0.027777777777777679,4.0277777777777777,120,synthetic_segment_001,1.000562486129472,0.00022381272892254092,1.0006520027259775,0.00022383275261324043
0.029861111111111116,4.0298611111111109,120,synthetic_segment_001,0.99901562707815084,0.00022409144963103726,0.99910500528294233,0.00022411149825783975
0.031944444444444331,4.0319444444444441,120,synthetic_segment_001,0.99965199378620528,0.00022437017033953357,0.99974142892435436,0.00022439024390243906
0.034027777777777768,4.0340277777777782,120,synthetic_segment_001,0.99922945937608743,0.00022464889104802986,0.99931885671165765,0.00022466898954703833
0.036111111111110983,4.0361111111111114,120,synthetic_segment_001,1.001043782597232,0.00022492761175652617,1.0011333422535389,0.00022494773519163763
0.03819444444444442,4.0381944444444446,120,synthetic_segment_001,0.99993224630207711,0.00022520633246502248,1.0000217065133743,0.00022522648083623693
0.040277777777777635,4.0402777777777779,120,synthetic_segment_001,0.99974142804877064,0.00022548505317351882,0.99983087118826985,0.00022550522648083626
0.042361111111111072,4.0423611111111111,120,synthetic_segment_001,0.99994955317124412,0.00022576377388201514,1.0000390149309224,0.00022578397212543556
0.044444444444444509,4.0444444444444443,120,synthetic_segment_001,0.99876791220321093,0.00022604249459051142,0.99885726824587584,0.00022606271777003483
0.046527777777777724,4.0465277777777775,120,synthetic_segment_001,0.99980072189810676,0.00022632121529900779,0.99989017034240568,0.00022634146341463419
0.04861111111111116,4.0486111111111107,120,synthetic_segment_001,0.99950074539721934,0.00022659993600750405,0.99959016700373882,0.00022662020905923343
0.050694444444444375,4.0506944444444439,120,synthetic_segment_001,1.0003469749785234,0.00022687865671600039,1.0004364722940495,0.00022689895470383276
0.052777777777777812,4.052777777777778,120,synthetic_segment_001,0.99973316925117517,0.00022715737742449671,0.99982261165179054,0.00022717770034843206
0.054861111111111027,4.0548611111111112,120,synthetic_segment_001,0.99990312120870428,0.00022743609813299302,0.99999257881428794,0.00022745644599303136
0.056944444444444464,4.0569444444444445,120,synthetic_segment_001,1.0004910604562209,0.00022771481884148936,1.0005805706625377,0.00022773519163763069
0.059027777777777679,4.0590277777777777,120,synthetic_segment_001,1.0009338325836719,0.00022799353954998562,1.0010233824031607,0.00022801393728222994
0.061111111111111116,4.0611111111111109,120,synthetic_segment_001,0.99989333716543471,0.00022827226025848199,0.99998279389567646,0.00022829268292682929
0.063194444444444331,4.0631944444444441,120,synthetic_segment_001,1.0001943430698843,0.00022855098096697827,1.0002838267300025,0.00022857142857142857
0.065277777777777768,4.0652777777777782,120,synthetic_segment_001,0.99929247148851663,0.00022882970167547459,0.99938187446154569,0.00022885017421602787
0.067361111111110983,4.0673611111111114,120,synthetic_segment_001,1.0000937442738971,0.00022910842238397093,1.0001832189338158,0.0002291289198606272
0.06944444444444442,4.0694444444444446,120,synthetic_segment_001,1.0008527701749823,0.00022938714309246724,1.0009423127421195,0.0002294076655052265
0.071527777777777635,4.0715277777777779,120,synthetic_segment_001,0.99953303474141897,0.00022966586380096356,0.99962245923674575,0.0002296864111498258
0.073611111111111072,4.0736111111111111,120,synthetic_segment_001,0.99874728461223494,0.00022994458450945984,0.99883663880942608,0.00022996515679442507
0.075694444444444509,4.0756944444444443,120,synthetic_segment_001,0.99932631256696824,0.00023022330521795616,0.99941571856763245,0.00023024390243902437
0.077777777777777724,4.0777777777777775,120,synthetic_segment_001,1.0006697278231471,0.00023050202592645247,1.0007592540141674,0.0002305226480836237
0.07986111111111116,4.0798611111111107,120,synthetic_segment_001,0.99938525183412996,0.00023078074663494878,0.99947466310787081,0.000230801393728223
0.081944444444444375,4.0819444444444439,120,synthetic_segment_001,1.0003644343119742,0.0002310594673434451,1.0004539331895219,0.0002310801393728223
0.084027777777777812,4.084027777777778,120,synthetic_segment_001,1.0005445944684468,0.00023133818805194144,1.0006341094642521,0.00023135888501742163
0.086111111111111027,4.0861111111111112,120,synthetic_segment_001,1.0001966473976784,0.00023161690876043775,1.0002861312639562,0.00023163763066202093
0.088194444444444464,4.0881944444444445,120,synthetic_segment_001,0.99911907183271598,0.00023189562946893404,0.99920845929232416,0.0002319163763066202
0.090277777777777679,4.0902777777777777,120,synthetic_segment_001,0.99920289797995399,0.00023217435017743035,0.9992922929391751,0.0002321951219512195
0.092361111111111116,4.0923611111111109,120,synthetic_segment_001,0.99990517655225308,0.00023245307088592666,0.99999463434172065,0.0002324738675958188
0.094444444444444331,4.0944444444444441,120,synthetic_segment_001,0.99996950358712011,0.000232731791594423,1.0000589671316877,0.00023275261324041813
0.096527777777777768,4.0965277777777782,120,synthetic_segment_001,1.0006937886791689,0.00023301051230291932,1.0007833170228242,0.00023303135888501743
0.098611111111110983,4.0986111111111114,120,synthetic_segment_001,0.99909819922606402,0.00023328923301141563,0.99918758481827785,0.00023331010452961673
0.10069444444444442,4.1006944444444446,120,synthetic_segment_001,1.0008048549167758,0.00023356795371991197,1.0008943931971135,0.00023358885017421606
0.10277777777777763,4.1027777777777779,120,synthetic_segment_001,0.99935946865582115,0.00023384667442840823,0.99944887762283707,0.00023386759581881531
0.10486111111111107,4.1048611111111111,120,synthetic_segment_001,1.0008017285973902,0.00023412539513690457,1.0008912665980279,0.00023414634146341464
0.10694444444444451,4.1069444444444443,120,synthetic_segment_001,1.000127681884394,0.00023440411584540089,1.0002171595805844,0.00023442508710801394
0.10902777777777772,4.1090277777777775,120,synthetic_segment_001,1.0001496203254499,0.0002346828365538972,1.0002390999843906,0.00023470383275261324
0.11111111111111116,4.1111111111111107,120,synthetic_segment_001,0.99992357471288196,0.00023496155726239354,1.0000130341483644,0.00023498257839721257
0.11319444444444438,4.1131944444444439,120,synthetic_segment_001,0.99935491618105532,0.00023524027797088985,0.99944432474077827,0.00023526132404181187
0.11527777777777781,4.115277777777778,120,synthetic_segment_001,0.99972571018430856,0.00023551899867938617,0.99981515191758907,0.00023554006968641117
0.11736111111111103,4.1173611111111112,120,synthetic_segment_001,0.99991573652476295,0.00023579771938788245,1.0000051952589919,0.00023581881533101044
0.11944444444444446,4.1194444444444445,120,synthetic_segment_001,1.0008266806812327,0.00023607644009637879,1.0009162209142402,0.00023609756097560977
0.12152777777777768,4.1215277777777777,120,synthetic_segment_001,0.99981380517015372,0.00023635516080487511,0.99990325478496422,0.00023637630662020907
0.12361111111111112,4.1236111111111109,120,synthetic_segment_001,0.99941034324211686,0.00023663388151337142,0.99949975676069247,0.00023665505226480837
0.12569444444444433,4.1256944444444441,120,synthetic_segment_001,1.0002400728980259,0.00023691260222186776,1.0003295606494214,0.0002369337979094077
0.12777777777777777,4.1277777777777782,120,synthetic_segment_001,1.0002561554195364,0.00023719132293036402,1.0003456446097752,0.00023721254355400694
0.12986111111111098,4.1298611111111114,120,synthetic_segment_001,1.0001647866535606,0.00023747004363886039,1.0002542676693764,0.0002374912891986063
0.13194444444444442,4.1319444444444446,120,synthetic_segment_001,0.99954887255297442,0.00023774876434735668,0.9996382984652511,0.00023777003484320557
0.13402777777777763,4.1340277777777779,120,synthetic_segment_001,1.000280187712747,0.00023802748505585296,1.0003696790530654,0.00023804878048780487
0.13611111111111107,4.1361111111111111,120,synthetic_segment_001,1.0006190486453499,0.0002383062057643493,1.0007085703022931,0.0002383275261324042
0.13819444444444451,4.1381944444444443,120,synthetic_segment_001,0.99954295151292183,0.00023858492647284562,0.99963237689546514,0.0002386062717770035
0.14027777777777772,4.1402777777777775,120,synthetic_segment_001,0.99930428397298166,0.00023886364718134193,0.99939368800282968,0.0002388850174216028
0.14236111111111116,4.1423611111111107,120,synthetic_segment_001,0.99982678519393353,0.00023914236788983822,0.99991623597001844,0.00023916376306620208
0.14444444444444438,4.1444444444444439,120,synthetic_segment_001,0.99911880815507703,0.00023942108859833458,0.99920819559109486,0.00023944250871080143
0.14652777777777781,4.146527777777778,120,synthetic_segment_001,1.0001185803216779,0.00023969980930683087,1.0002080572035854,0.00023972125435540071
0.14861111111111103,4.1486111111111112,120,synthetic_segment_001,0.99989984641390106,0.00023997853001532718,0.99998930372650097,0.00024000000000000001
-0.14861111111111114,5.8513888888888888,120,synthetic_segment_002,0.99946024206641293,0.00015998641129014564,1.0195360355288217,0.00016320000000000001
-0.14652777777777781,5.853472222222222,120,synthetic_segment_002,1.0010465647331874,0.00016026513326103441,1.0211542220806038,0.00016348432055749131
-0.14444444444444443,5.8555555555555552,120,synthetic_segment_002,0.99932119597859725,0.00016054385523192315,1.0193941964729385,0.00016376864111498259
-0.1423611111111111,5.8576388888888893,120,synthetic_segment_002,0.99939794991735176,0.00016082257720281189,1.0194724921400751,0.00016405296167247387
-0.14027777777777778,5.8597222222222225,120,synthetic_segment_002,1.000250696085317,0.00016110129917370071,1.0203423671093907,0.0001643372822299652
-0.13819444444444445,5.8618055555555557,120,synthetic_segment_002,1.0005275422706752,0.00016138002114458945,1.0206247742031314,0.00016462160278745647
-0.13611111111111107,5.8638888888888889,120,synthetic_segment_002,1.0015011784476646,0.00016165874311547819,1.0216179674550039,0.00016490592334494775
-0.13402777777777775,5.8659722222222221,120,synthetic_segment_002,0.99882677051890112,0.00016193746508636695,1.0188898396693093,0.00016519024390243905
-0.13194444444444442,5.8680555555555554,120,synthetic_segment_002,0.99984501456910613,0.00016221618705725569,1.0199285368164819,0.00016547456445993033
-0.12986111111111109,5.8701388888888886,120,synthetic_segment_002,1.0000826415530257,0.00016249490902814446,1.0201709369269847,0.00016575888501742163
-0.12777777777777777,5.8722222222222218,120,synthetic_segment_002,1.0002216747109327,0.0001627736309990332,1.0203127627932407,0.00016604320557491291
-0.12569444444444444,5.8743055555555559,120,synthetic_segment_002,1.0008088136569835,0.00016305235296992194,1.0209116953852202,0.00016632752613240419
-0.12361111111111112,5.8763888888888891,120,synthetic_segment_002,1.0005977075215264,0.00016333107494081073,1.0206963488377929,0.00016661184668989549
-0.12152777777777779,5.8784722222222223,120,synthetic_segment_002,0.99970454785891893,0.00016360979691169947,1.0197852486027037,0.00016689616724738677
-0.11944444444444446,5.8805555555555555,120,synthetic_segment_002,0.99976222573909967,0.00016388851888258824,1.0198440850374333,0.00016718048780487807
-0.11736111111111114,5.8826388888888888,120,synthetic_segment_002,0.99961605474583859,0.000164167240853477,1.0196949779607269,0.00016746480836236937
-0.11527777777777781,5.884722222222222,120,synthetic_segment_002,1.0004988487007567,0.00016444596282436572,1.020595504275936,0.00016774912891986062
-0.11319444444444443,5.8868055555555552,120,synthetic_segment_002,0.9999756578179555,0.00016472468479525451,1.0200618042486362,0.00016803344947735195
-0.1111111111111111,5.8888888888888893,120,synthetic_segment_002,0.99958371166492244,0.00016500340676614325,1.0196619852161373,0.00016831777003484323
-0.10902777777777778,5.8909722222222225,120,synthetic_segment_002,1.0001434811076335,0.00016528212873703202,1.0202329985435428,0.00016860209059233453
-0.10694444444444445,5.8930555555555557,120,synthetic_segment_002,1.0001863741440502,0.00016556085070792078,1.0202767531567425,0.00016888641114982581
-0.10486111111111113,5.8951388888888889,120,synthetic_segment_002,0.99971831194395189,0.00016583957267880952,1.0197992891618941,0.00016917073170731709
-0.10277777777777775,5.8972222222222221,120,synthetic_segment_002,1.0001534658001523,0.00016611829464969829,1.0202431837949397,0.00016945505226480839
-0.10069444444444442,5.8993055555555554,120,synthetic_segment_002,0.99950332629144378,0.00016639701662058703,1.0195799851709715,0.00016973937282229967
-0.098611111111111094,5.9013888888888886,120,synthetic_segment_002,1.0003691381369926,0.00016667573859147577,1.0204631882633723,0.00017002369337979094
-0.096527777777777768,5.9034722222222218,120,synthetic_segment_002,1.000170474960278,0.00016695446056236453,1.0202605346118629,0.00017030801393728225
-0.094444444444444442,5.9055555555555559,120,synthetic_segment_002,1.0003484798589506,0.00016723318253325327,1.0204421150300316,0.00017059233449477352
-0.092361111111111116,5.9076388888888891,120,synthetic_segment_002,1.0002076190659919,0.00016751190450414207,1.020298424817685,0.00017087665505226485
-0.09027777777777779,5.9097222222222223,120,synthetic_segment_002,0.99988897308940694,0.00016779062647503083,1.019973378315552,0.00017116097560975613
-0.088194444444444464,5.9118055555555555,120,synthetic_segment_002,1.0000524910684983,0.00016806934844591954,1.0201401808206678,0.00017144529616724738
-0.086111111111111138,5.9138888888888888,120,synthetic_segment_002,1.0003575372145808,0.00016834807041680834,1.0204513543174618,0.00017172961672473871
-0.084027777777777812,5.915972222222222,120,synthetic_segment_002,0.99985311509276664,0.00016862679238769708,1.0199368000524076,0.00017201393728222999
-0.081944444444444431,5.9180555555555552,120,synthetic_segment_002,0.99937858169125715,0.00016890551435858582,1.0194527348714848,0.00017229825783972126
-0.079861111111111105,5.9201388888888893,120,synthetic_segment_002,0.99993267635686922,0.00016918423632947458,1.0200179594346128,0.00017258257839721257
-0.077777777777777779,5.9222222222222225,120,synthetic_segment_002,0.99974500620937368,0.00016946295830036332,1.0198265196252922,0.00017286689895470384
-0.075694444444444453,5.9243055555555557,120,synthetic_segment_002,0.99998205159114018,0.00016974168027125212,1.0200683264512116,0.00017315121951219517
-0.073611111111111127,5.9263888888888889,120,synthetic_segment_002,0.9997600321813761,0.00017002040224214083,1.0198418474185156,0.00017343554006968642
-0.071527777777777746,5.9284722222222221,120,synthetic_segment_002,0.99987882156896235,0.0001702991242130296,1.0199630228852177,0.0001737198606271777
-0.06944444444444442,5.9305555555555554,120,synthetic_segment_002,0.99970120347638225,0.00017057784618391839,1.0197818370427745,0.00017400418118466903
-0.067361111111111094,5.9326388888888886,120,synthetic_segment_002,1.0006783660154013,0.0001708565681548071,1.0207786274894248,0.00017428850174216028
-0.065277777777777768,5.9347222222222218,120,synthetic_segment_002,0.9998167111467634,0.0001711352901256959,1.0198996648736145,0.00017457282229965161
-0.063194444444444442,5.9368055555555559,120,synthetic_segment_002,0.99901053776653137,0.00017141401209658463,1.0190772981826381,0.00017485714285714289
-0.061111111111111116,5.9388888888888891,120,synthetic_segment_002,0.99961901058602243,0.00017169273406747335,1.0196979931737948,0.00017514146341463414
-0.05902777777777779,5.9409722222222223,120,synthetic_segment_002,0.99954313447364573,0.00017197145603836214,1.0196205929656146,0.00017542578397212547
-0.056944444444444464,5.9430555555555555,120,synthetic_segment_002,1.0003113876930882,0.00017225017800925088,1.0204042778073581,0.00017571010452961674
-0.054861111111111138,5.9451388888888888,120,synthetic_segment_002,1.0000998387054636,0.00017252889998013965,1.0201884795123533,0.00017599442508710802
-0.052777777777777812,5.947222222222222,120,synthetic_segment_002,0.99930042437290334,0.00017280762195102841,1.0193730076355747,0.00017627874564459932
-0.050694444444444431,5.9493055555555552,120,synthetic_segment_002,0.9995739578408217,0.00017308634392191715,1.0196520354705283,0.0001765630662020906
-0.048611111111111105,5.9513888888888893,120,synthetic_segment_002,1.0003500955608657,0.00017336506589280595,1.020443763185962,0.00017684738675958193
-0.046527777777777779,5.9534722222222225,120,synthetic_segment_002,0.99968757463177327,0.00017364378786369466,1.019767934440533,0.00017713170731707318
-0.044444444444444453,5.9555555555555557,120,synthetic_segment_002,1.0005849684549855,0.0001739225098345834,1.0206833538862674,0.00017741602787456446
-0.042361111111111127,5.9576388888888889,120,synthetic_segment_002,1.0004085314148654,0.00017420123180547219,1.0205033728196542,0.00017770034843205579
-0.040277777777777746,5.9597222222222221,120,synthetic_segment_002,0.9992192070276068,0.0001744799537763609,1.0192901589070764,0.00017798466898954704
-0.03819444444444442,5.9618055555555554,120,synthetic_segment_002,1.0002996806141111,0.0001747586757472497,1.0203923355725542,0.00017826898954703834
-0.036111111111111094,5.9638888888888886,120,synthetic_segment_002,0.99926547371848995,0.00017503739771813846,1.0193373549401097,0.00017855331010452964
-0.034027777777777768,5.9659722222222218,120,synthetic_segment_002,0.99967737808865775,0.0001753161196890272,1.0197575330831739,0.00017883763066202092
-0.031944444444444442,5.9680555555555559,120,synthetic_segment_002,0.99997508140158553,0.00017559484165991597,1.0200612162540008,0.00017912195121951222
-0.029861111111111116,5.9701388888888891,120,synthetic_segment_002,0.99957926071923109,0.00017587356363080471,1.0196574448659228,0.0001794062717770035
-0.02777777777777779,5.9722222222222223,120,synthetic_segment_002,1.0007325334568371,0.00017615228560169345,1.0208338829725065,0.00017969059233449478
-0.025694444444444464,5.9743055555555555,120,synthetic_segment_002,1.000576783687823,0.00017643100757258222,1.0206750047146711,0.00017997491289198608
-0.023611111111111138,5.9763888888888888,120,synthetic_segment_002,0.99937702857426813,0.00017670972954347095,1.0194511505576012,0.00018025923344947736
-0.021527777777777812,5.978472222222222,120,synthetic_segment_002,1.0001400867154517,0.00017698845151435978,1.0202295359694429,0.00018054355400696869
-0.019444444444444486,5.9805555555555552,120,synthetic_segment_002,0.99786544364942409,0.00017726717348524851,1.017909202977521,0.00018082787456445996
-0.017361111111111105,5.9826388888888893,120,synthetic_segment_002,0.9955725541143301,0.00017754589545613723,1.0155702570063616,0.00018111219512195121
-0.015277777777777779,5.9847222222222225,120,synthetic_segment_002,0.99555379037080061,0.00017782461742702602,1.0155511163623574,0.00018139651567944254
-0.013194444444444453,5.9868055555555557,120,synthetic_segment_002,0.99526123139344169,0.00017810333939791476,1.0152526808594922,0.00018168083623693382
-0.011111111111111072,5.9888888888888889,120,synthetic_segment_002,0.99497777228433137,0.0001783820613688035,1.0149635280106111,0.0001819651567944251
-0.0090277777777777457,5.9909722222222221,120,synthetic_segment_002,0.99479312380248319,0.00017866078333969227,1.014775170562034,0.0001822494773519164
-0.0069444444444444198,5.9930555555555554,120,synthetic_segment_002,0.99461395638171868,0.00017893950531058101,1.014592404270616,0.00018253379790940768
-0.0048611111111110938,5.9951388888888886,120,synthetic_segment_002,0.99400295254444015,0.0001792182272814698,1.0139691274220404,0.00018281811846689898
-0.0027777777777777679,5.9972222222222218,120,synthetic_segment_002,0.99395303012855707,0.00017949694925235854,1.0139182022327919,0.00018310243902439026
-0.00069444444444444198,5.9993055555555559,120,synthetic_segment_002,0.99475448913009812,0.00017977567122324728,1.0147357598490716,0.00018338675958188153
0.001388888888888884,6.0013888888888891,120,synthetic_segment_002,0.99544040141943979,0.00018005439319413604,1.0154354498084741,0.00018367108013937284
0.0034722222222222099,6.0034722222222223,120,synthetic_segment_002,0.99474456150836688,0.00018033311516502478,1.0147256328148224,0.00018395540069686411
0.0055555555555555358,6.0055555555555555,120,synthetic_segment_002,0.99518131615816718,0.00018061183713591358,1.0151711603960252,0.00018423972125435544
0.0076388888888888618,6.0076388888888888,120,synthetic_segment_002,0.9948710659644362,0.00018089055910680232,1.0148546783197752,0.00018452404181184672
0.0097222222222221877,6.009722222222222,120,synthetic_segment_002,0.99389590454052068,0.00018116928107769103,1.0138599291838977,0.00018480836236933797
0.011805555555555514,6.0118055555555552,120,synthetic_segment_002,0.99536034007657348,0.00018144800304857982,1.0153537803026054,0.0001850926829268293
0.01388888888888884,6.0138888888888893,120,synthetic_segment_002,0.99501719554109047,0.00018172672501946859,1.0150037431479544,0.00018537700348432058
0.015972222222222276,6.0159722222222225,120,synthetic_segment_002,0.99426679812787255,0.00018200544699035733,1.0142382727755046,0.00018566132404181185
0.018055555555555491,6.0180555555555557,120,synthetic_segment_002,0.99472301812698616,0.0001822841689612461,1.014703656699395,0.00018594564459930316
0.020138888888888928,6.0201388888888889,120,synthetic_segment_002,0.99429978537817076,0.00018256289093213483,1.0142719226286718,0.00018622996515679443
0.022222222222222254,6.0222222222222221,120,synthetic_segment_002,0.99831837670835255,0.00018284161290302363,1.0183712339376572,0.00018651428571428576
0.02430555555555558,6.0243055555555554,120,synthetic_segment_002,1.0005013841747259,0.00018312033487391234,1.0205980906790464,0.00018679860627177701
0.026388888888888906,6.0263888888888886,120,synthetic_segment_002,0.99988715127758931,0.00018339905684480111,1.0199715199096646,0.00018708292682926832
0.028472222222222232,6.0284722222222218,120,synthetic_segment_002,1.0001791478916706,0.00018367777881568987,1.0202693817532662,0.00018736724738675962
0.030555555555555558,6.0305555555555559,120,synthetic_segment_002,1.000306525274024,0.00018395650078657861,1.020399317718655,0.00018765156794425087
0.032638888888888884,6.0326388888888891,120,synthetic_segment_002,1.000337803928965,0.00018423522275746738,1.020431224656533,0.00018793588850174217
0.03472222222222221,6.0347222222222223,120,synthetic_segment_002,0.99941036218767465,0.00018451394472835615,1.0194851537311462,0.00018822020905923348
0.036805555555555536,6.0368055555555555,120,synthetic_segment_002,1.0006167588624255,0.00018479266669924489,1.0207157828560303,0.00018850452961672475
0.038888888888888862,6.0388888888888888,120,synthetic_segment_002,0.99969068583039167,0.00018507138867013365,1.0197711081326637,0.00018878885017421606
0.040972222222222188,6.040972222222222,120,synthetic_segment_002,0.99973556425952093,0.00018535011064102239,1.0198168880184355,0.00018907317073170733
0.043055555555555514,6.0430555555555552,120,synthetic_segment_002,1.0001381503501319,0.00018562883261191113,1.020227560709059,0.00018935749128919861
0.04513888888888884,6.0451388888888893,120,synthetic_segment_002,0.9995655313889793,0.0001859075545827999,1.0196434397596201,0.00018964181184668991
0.047222222222222276,6.0472222222222225,120,synthetic_segment_002,0.99958656260530865,0.00018618627655368866,1.0196648934223236,0.00018992613240418119
0.049305555555555491,6.0493055555555557,120,synthetic_segment_002,0.99995203132797994,0.00018646499852457746,1.0200377031819712,0.00019021045296167252
0.051388888888888928,6.0513888888888889,120,synthetic_segment_002,1.0004824209190406,0.00018674372049546617,1.0205787465153584,0.00019049477351916377
0.053472222222222254,6.0534722222222221,120,synthetic_segment_002,0.99977697172688174,0.00018702244246635494,1.0198591272224953,0.00019077909407665507
0.05555555555555558,6.0555555555555554,120,synthetic_segment_002,0.99925507510425304,0.0001873011644372437,1.0193267474527001,0.00019106341463414638
0.057638888888888906,6.0576388888888886,120,synthetic_segment_002,0.99948988745507417,0.00018757988640813242,1.0195662763935958,0.00019134773519163763
0.059722222222222232,6.0597222222222218,120,synthetic_segment_002,0.99989050661795953,0.00018785860837902118,1.0199749426475335,0.00019163205574912893
0.061805555555555558,6.0618055555555559,120,synthetic_segment_002,1.0001968829434797,0.00018813733034990995,1.0202874730425944,0.00019191637630662023
0.063888888888888884,6.0638888888888891,120,synthetic_segment_002,0.99989408209762964,0.00018841605232079871,1.0199785899465601,0.00019220069686411151
0.06597222222222221,6.0659722222222223,120,synthetic_segment_002,0.99941531409232642,0.00018869477429168748,1.0194902051029011,0.00019248501742160281
0.068055555555555536,6.0680555555555555,120,synthetic_segment_002,0.99986368753484656,0.00018897349626257622,1.0199475848592767,0.00019276933797909409
0.070138888888888862,6.0701388888888888,120,synthetic_segment_002,1.000508382803607,0.00018925221823346496,1.020605229886834,0.00019305365853658537
0.072222222222222188,6.072222222222222,120,synthetic_segment_002,1.000095017339953,0.00018953094020435373,1.0201835613018315,0.00019333797909407667
0.074305555555555514,6.0743055555555552,120,synthetic_segment_002,1.0002039172979158,0.00018980966217524247,1.0202946486935431,0.00019362229965156795
0.07638888888888884,6.0763888888888893,120,synthetic_segment_002,1.0002459992524528,0.00019008838414613126,1.0203375759329574,0.00019390662020905928
0.078472222222222276,6.0784722222222225,120,synthetic_segment_002,1.0001261275836266,0.00019036710611702,1.0202152964456266,0.00019419094076655055
0.080555555555555491,6.0805555555555557,120,synthetic_segment_002,0.99884592922782833,0.00019064582808790877,1.0189093832122371,0.00019447526132404183
0.082638888888888928,6.0826388888888889,120,synthetic_segment_002,1.0001413212413643,0.00019092455005879753,1.0202307952928273,0.00019475958188153313
0.084722222222222254,6.0847222222222221,120,synthetic_segment_002,0.99997844433179761,0.00019120327202968624,1.0200646467341659,0.00019504390243902438
0.08680555555555558,6.0868055555555554,120,synthetic_segment_002,0.99948631570727864,0.00019148199400057501,1.0195626329014045,0.00019532822299651569
0.088888888888888906,6.0888888888888886,120,synthetic_segment_002,1.0001438814457628,0.00019176071597146378,1.020233406923118,0.00019561254355400699
0.090972222222222232,6.0909722222222218,120,synthetic_segment_002,1.0002039331867474,0.00019203943794235252,1.0202946649015281,0.00019589686411149827
0.093055555555555558,6.0930555555555559,120,synthetic_segment_002,1.0008110252885007,0.00019231815991324128,1.0209139514409733,0.00019618118466898957
0.095138888888888884,6.0951388888888891,120,synthetic_segment_002,1.000523057814859,0.00019259688188413002,1.0206201996696862,0.00019646550522648085
0.09722222222222221,6.0972222222222223,120,synthetic_segment_002,1.0001853317339779,0.00019287560385501882,1.0202756898081591,0.00019674982578397215
0.099305555555555536,6.0993055555555555,120,synthetic_segment_002,0.99963017141364652,0.00019315432582590756,1.019709378184894,0.00019703414634146343
0.10138888888888886,6.1013888888888888,120,synthetic_segment_002,0.99968443347326585,0.0001934330477967963,1.0197647301867201,0.0001973184668989547
0.10347222222222219,6.103472222222222,120,synthetic_segment_002,0.99986819603281707,0.00019371176976768506,1.0199521839178021,0.00019760278745644601
0.10555555555555551,6.1055555555555552,120,synthetic_segment_002,1.0006426114004254,0.00019399049173857383,1.0207421546845348,0.00019788710801393731
0.10763888888888884,6.1076388888888893,120,synthetic_segment_002,1.000161137454872,0.00019426921370946257,1.0202510095473905,0.00019817142857142859
0.10972222222222217,6.1097222222222225,120,synthetic_segment_002,0.99952270371201912,0.00019454793568035133,1.0195997518187285,0.00019845574912891989
0.1118055555555556,6.1118055555555557,120,synthetic_segment_002,0.99959855585476565,0.00019482665765124007,1.0196771275758094,0.00019874006968641117
0.11388888888888893,6.1138888888888889,120,synthetic_segment_002,1.0002185911837442,0.00019510537962212881,1.0203096173283659,0.00019902439024390244
0.11597222222222225,6.1159722222222221,120,synthetic_segment_002,0.99973684303233712,0.00019538410159301761,1.0198181924774949,0.00019930871080139375
0.11805555555555558,6.1180555555555554,120,synthetic_segment_002,0.99908433111903272,0.00019566282356390635,1.0191525737953049,0.00019959303135888502
0.12013888888888891,6.1201388888888886,120,synthetic_segment_002,0.99960550304724716,0.00019594154553479514,1.0196842143140132,0.00019987735191637635
0.12222222222222223,6.1222222222222218,120,synthetic_segment_002,0.99990077030423052,0.00019622026750568385,1.0199854124967282,0.0002001616724738676
0.12430555555555556,6.1243055555555559,120,synthetic_segment_002,1.000395078939097,0.00019649898947657262,1.02048965012891,0.00020044599303135891
0.12638888888888888,6.1263888888888891,120,synthetic_segment_002,1.0002469765598667,0.00019677771144746136,1.0203385728711889,0.00020073031358885018
0.12847222222222221,6.1284722222222223,120,synthetic_segment_002,0.99991139684290842,0.0001970564334183501,1.019996252486814,0.00020101463414634146
0.13055555555555554,6.1305555555555555,120,synthetic_segment_002,1.0002585171628329,0.00019733515538923886,1.020350345286039,0.00020129895470383276
0.13263888888888886,6.1326388888888888,120,synthetic_segment_002,0.99990348515709004,0.00019761387736012766,1.0199881818818473,0.00020158327526132407
0.13472222222222219,6.134722222222222,120,synthetic_segment_002,1.0002273547503955,0.0001978925993310164,1.0203185569255853,0.00020186759581881534
0.13680555555555551,6.1368055555555552,120,synthetic_segment_002,0.99975630770539314,0.00019817132130190516,1.0198380481303415,0.00020215191637630665
0.13888888888888884,6.1388888888888893,120,synthetic_segment_002,0.99973748481350111,0.0001984500432727939,1.0198188471498832,0.00020243623693379792
0.14097222222222217,6.1409722222222225,120,synthetic_segment_002,1.0004122247811831,0.00019872876524368264,1.0205071403732744,0.0002027205574912892
0.1430555555555556,6.1430555555555557,120,synthetic_segment_002,1.0000488162569519,0.00019900748721457141,1.0201364321945219,0.0002030048780487805
0.14513888888888893,6.1451388888888889,120,synthetic_segment_002,1.0010160520340892,0.00019928620918546015,1.0211230964840441,0.00020328919860627178
0.14722222222222225,6.1472222222222221,120,synthetic_segment_002,0.99992249839790848,0.00019956493115634891,1.0200075770347015,0.00020357351916376308
0.14930555555555558,6.1493055555555554,120,synthetic_segment_002,1.0002371832182519,0.00019984365312723768,1.0203285828142918,0.00020385783972125436
-0.14861111111111125,6.8513888888888888,120,synthetic_segment_002,1.0008306328990717,0.00020012237509812645,1.0209339529024686,0.00020414216027874566
-0.14652777777777803,6.853472222222222,120,synthetic_segment_002,0.99993213596679109,0.00020040109706901519,1.0200174081899163,0.00020442648083623694
-0.14444444444444438,6.8555555555555552,120,synthetic_segment_002,0.99980253342404979,0.00020067981903990395,1.0198852023681542,0.00020471080139372824
-0.14236111111111116,6.8576388888888893,120,synthetic_segment_002,0.99929430620949289,0.00020095854101079269,1.0193667665788466,0.00020499512195121952
-0.14027777777777795,6.8597222222222225,120,synthetic_segment_002,1.0002841572574361,0.00020123726298168146,1.0203765004038736,0.00020527944250871082
-0.13819444444444429,6.8618055555555557,120,synthetic_segment_002,1.0007954525713398,0.00020151598495257023,1.0208980659203208,0.00020556376306620213
-0.13611111111111107,6.8638888888888889,120,synthetic_segment_002,1.0007022282757114,0.00020179470692345899,1.0208029690622573,0.00020584808362369343
-0.13402777777777786,6.8659722222222221,120,synthetic_segment_002,1.0006337844615145,0.00020207342889434776,1.0207331504421204,0.00020613240418118471
-0.13194444444444464,6.8680555555555554,120,synthetic_segment_002,0.99976303109679621,0.00020235215086523647,1.0198449065720563,0.00020641672473867596
-0.12986111111111098,6.8701388888888886,120,synthetic_segment_002,0.99994369416573503,0.00020263087283612524,1.0200291985541881,0.00020670104529616726
-0.12777777777777777,6.8722222222222218,120,synthetic_segment_002,0.99989665453144871,0.000202909594807014,1.0199812140519193,0.00020698536585365856
-0.12569444444444455,6.8743055555555559,120,synthetic_segment_002,1.0010504129621574,0.00020318831677790274,1.021158147607546,0.00020726968641114984
-0.12361111111111134,6.8763888888888891,120,synthetic_segment_002,0.99879590168076493,0.00020346703874879151,1.0188583507800768,0.00020755400696864114
-0.12152777777777768,6.8784722222222223,120,synthetic_segment_002,1.000600812466343,0.00020374576071968022,1.0206995161505039,0.00020783832752613239
-0.11944444444444446,6.8805555555555555,120,synthetic_segment_002,0.99956675285253949,0.00020402448269056899,1.0196446857582735,0.0002081226480836237
-0.11736111111111125,6.8826388888888888,120,synthetic_segment_002,0.99947463188191665,0.00020430320466145778,1.0195507143873026,0.000208406968641115
-0.11527777777777803,6.884722222222222,120,synthetic_segment_002,0.99950783289756973,0.00020458192663234652,1.0195845822996514,0.00020869128919860628
-0.11319444444444438,6.8868055555555552,120,synthetic_segment_002,1.0001274644154892,0.00020486064860323529,1.0202166601299434,0.00020897560975609758
-0.11111111111111116,6.8888888888888893,120,synthetic_segment_002,0.9999486789344697,0.00020513937057412406,1.0200342834501548,0.00020925993031358888
-0.10902777777777795,6.8909722222222225,120,synthetic_segment_002,0.99984405188924497,0.00020541809254501282,1.0199275547996214,0.00020954425087108019
-0.10694444444444429,6.8930555555555557,120,synthetic_segment_002,1.0004431530609679,0.00020569681451590153,1.0205386898981383,0.00020982857142857144
-0.10486111111111107,6.8951388888888889,120,synthetic_segment_002,0.99932281248123733,0.00020597553648679027,1.0193958454456777,0.00021011289198606271
-0.10277777777777786,6.8972222222222221,120,synthetic_segment_002,1.0001977893324849,0.00020625425845767904,1.0202883976379051,0.00021039721254355402
-0.10069444444444464,6.8993055555555554,120,synthetic_segment_002,1.0002860203044537,0.00020653298042856781,1.0203784008732373,0.00021068153310104532
-0.098611111111110983,6.9013888888888886,120,synthetic_segment_002,0.99897818927571003,0.00020681170239945657,1.0190442999194764,0.0002109658536585366
-0.096527777777777768,6.9034722222222218,120,synthetic_segment_002,0.99970235249011619,0.00020709042437034534,1.0197830091363282,0.0002112501742160279
-0.094444444444444553,6.9055555555555559,120,synthetic_segment_002,0.99957403607945505,0.00020736914634123411,1.0196521152807125,0.0002115344947735192
-0.092361111111111338,6.9076388888888891,120,synthetic_segment_002,0.99829548526157619,0.00020764786831212282,1.018347882678736,0.00021181881533101045
-0.090277777777777679,6.9097222222222223,120,synthetic_segment_002,1.0000618595023993,0.00020792659028301159,1.0201497374348849,0.00021210313588850176
-0.088194444444444464,6.9118055555555555,120,synthetic_segment_002,1.0006921099505568,0.00020820531225390032,1.0207926474939946,0.00021238745644599303
-0.086111111111111249,6.9138888888888888,120,synthetic_segment_002,0.99953953653334371,0.00020848403422478909,1.0196169227547975,0.00021267177700348434
-0.084027777777778034,6.915972222222222,120,synthetic_segment_002,1.0002382439642228,0.00020876275619567786,1.0203296648670803,0.00021295609756097564
-0.081944444444444375,6.9180555555555552,120,synthetic_segment_002,0.9999278028271773,0.00020904147816656662,1.0200129880121069,0.00021324041811846692
-0.07986111111111116,6.9201388888888893,120,synthetic_segment_002,1.0002397524380595,0.00020932020013745539,1.020331203641081,0.00021352473867595822
-0.077777777777777946,6.9222222222222225,120,synthetic_segment_002,1.0008225764142527,0.0002095989221083441,1.0209257345899765,0.00021380905923344947
-0.075694444444444287,6.9243055555555557,120,synthetic_segment_002,1.0000810274500325,0.00020987764407923287,1.0201692904020931,0.00021409337979094077
-0.073611111111111072,6.9263888888888889,120,synthetic_segment_002,0.99931968677564142,0.00021015636605012164,1.0193926569551732,0.00021437770034843208
-0.071527777777777857,6.9284722222222221,120,synthetic_segment_002,0.99939069629148214,0.00021043508802101038,1.0194650928132674,0.00021466202090592335
-0.069444444444444642,6.9305555555555554,120,synthetic_segment_002,1.0006048840288944,0.00021071380999189914,1.0207036694970477,0.00021494634146341466
-0.067361111111110983,6.9326388888888886,120,synthetic_segment_002,0.99964812657162827,0.00021099253196278791,1.0197276940015874,0.00021523066202090596
-0.065277777777777768,6.9347222222222218,120,synthetic_segment_002,1.0004840954974699,0.0002112712539336767,1.020580454730434,0.00021551498257839726
-0.063194444444444553,6.9368055555555559,120,synthetic_segment_002,1.0004695313634109,0.00021154997590456541,1.0205655980519246,0.00021579930313588851
-0.061111111111111338,6.9388888888888891,120,synthetic_segment_002,0.99973487398388328,0.00021182869787545415,1.0198161838774829,0.00021608362369337979
-0.059027777777777679,6.9409722222222223,120,synthetic_segment_002,0.99988639673171953,0.00021210741984634292,1.019970750207507,0.00021636794425087109
-0.056944444444444464,6.9430555555555555,120,synthetic_segment_002,0.99971634054040337,0.00021238614181723169,1.0197972781594813,0.0002166522648083624
-0.054861111111111249,6.9451388888888888,120,synthetic_segment_002,1.0001711901714514,0.00021266486378812043,1.0202612641892224,0.00021693658536585367
-0.052777777777778034,6.947222222222222,120,synthetic_segment_002,0.99922165548426556,0.00021294358575900917,1.0192926565449913,0.00021722090592334495
-0.050694444444444375,6.9493055555555552,120,synthetic_segment_002,0.99911801487359853,0.00021322230772989796,1.019186934143167,0.00021750522648083628
-0.04861111111111116,6.9513888888888893,120,synthetic_segment_002,1.0007403580849812,0.0002135010297007867,1.0208418647711031,0.00021778954703832753
-0.046527777777777946,6.9534722222222225,120,synthetic_segment_002,1.0005906030253036,0.00021377975167167547,1.020689101636145,0.00021807386759581883
-0.044444444444444287,6.9555555555555557,120,synthetic_segment_002,0.99998462843268687,0.0002140584736425642,1.0200709550528348,0.00021835818815331011
-0.042361111111111072,6.9576388888888889,120,synthetic_segment_002,1.0009937417421289,0.00021433719561345297,1.0211003380533838,0.00021864250871080141
-0.040277777777777857,6.9597222222222221,120,synthetic_segment_002,0.99965285511754887,0.00021461591758434174,1.0197325175280858,0.00021892682926829272
-0.038194444444444642,6.9618055555555554,120,synthetic_segment_002,1.000611153425951,0.00021489463955523042,1.0207100648251972,0.00021921114982578394
-0.036111111111110983,6.9638888888888886,120,synthetic_segment_002,0.99927437219253656,0.00021517336152611924,1.01934643215456,0.0002194954703832753
-0.034027777777777768,6.9659722222222218,120,synthetic_segment_002,0.99979259199252668,0.00021545208349700796,1.0198750612467209,0.00021977979094076655
-0.031944444444444553,6.9680555555555559,120,synthetic_segment_002,0.9997354261175172,0.00021573080546789675,1.0198167471016237,0.00022006411149825785
-0.029861111111111338,6.9701388888888891,120,synthetic_segment_002,0.99967256724161557,0.00021600952743878552,1.0197526256024012,0.00022034843205574915
-0.027777777777777679,6.9722222222222223,120,synthetic_segment_002,0.99936709514811584,0.00021628824940967426,1.0194410176023396,0.00022063275261324043
-0.025694444444444464,6.9743055555555555,120,synthetic_segment_002,1.0001096834640844,0.00021656697138056302,1.0201985220190508,0.00022091707317073173
-0.023611111111111249,6.9763888888888888,120,synthetic_segment_002,0.99932121810328545,0.00021684569335145173,1.0193942190420373,0.00022120139372822298
-0.021527777777778034,6.978472222222222,120,synthetic_segment_002,0.99989888653172243,0.0002171244153223405,1.0199834908855687,0.00022148571428571429
-0.019444444444444375,6.9805555555555552,120,synthetic_segment_002,0.99812361370676461,0.00021740313729322927,1.0181725588026702,0.00022177003484320559
-0.01736111111111116,6.9826388888888893,120,synthetic_segment_002,0.99467992463768684,0.00021768185926411801,1.0146596976068887,0.00022205435540069687
-0.015277777777777946,6.9847222222222225,120,synthetic_segment_002,0.9948828850001189,0.00021796058123500677,1.0148667347601181,0.00022233867595818817
-0.013194444444444287,6.9868055555555557,120,synthetic_segment_002,0.99487792308056378,0.00021823930320589557,1.0148616731722941,0.00022262299651567947
-0.011111111111111072,6.9888888888888889,120,synthetic_segment_002,0.99443671420948543,0.00021851802517678431,1.0144116018994946,0.00022290731707317075
-0.0090277777777778567,6.9909722222222221,120,synthetic_segment_002,0.99517359793126381,0.00021879674714767305,1.0151632871359122,0.00022319163763066203
-0.0069444444444446418,6.9930555555555554,120,synthetic_segment_002,0.99503694976210222,0.00021907546911856179,1.0150238941648009,0.0002234759581881533
-0.0048611111111109828,6.9951388888888886,120,synthetic_segment_002,0.99438346641790609,0.00021935419108945055,1.0143572845389408,0.00022376027874564461
-0.0027777777777777679,6.9972222222222218,120,synthetic_segment_002,0.99432463443889962,0.00021963291306033932,1.0142972708234232,0.00022404459930313591
-0.000694444444444553,6.9993055555555559,120,synthetic_segment_002,0.9945377397719819,0.00021991163503122806,1.0145146567256293,0.00022432891986062719
0.001388888888888884,7.0013888888888891,120,synthetic_segment_002,0.99392096412872855,0.00022019035700211682,1.0138854921349167,0.00022461324041811849
0.0034722222222223209,7.0034722222222223,120,synthetic_segment_002,0.99510067804244118,0.00022046907897300562,1.0150889025318706,0.00022489756097560979
0.0055555555555555358,7.0055555555555555,120,synthetic_segment_002,0.99447773727245958,0.0002207478009438943,1.014453448977777,0.00022518188153310102
0.0076388888888889728,7.0076388888888888,120,synthetic_segment_002,0.99510834098887013,0.0002210265229147831,1.0150967194011105,0.00022546620209059235
0.0097222222222221877,7.009722222222222,120,synthetic_segment_002,0.99562875087010749,0.00022130524488567184,1.015627582565882,0.00022575052264808362
0.011805555555555625,7.0118055555555561,120,synthetic_segment_002,0.99443349462272956,0.0002215839668565606,1.0144083176420735,0.00022603484320557493
0.013888888888889062,7.0138888888888893,120,synthetic_segment_002,0.99487841186719661,0.00022186268882744937,1.0148621717770059,0.00022631916376306623
0.015972222222222276,7.0159722222222225,120,synthetic_segment_002,0.99469285076369029,0.00022214141079833811,1.0146728833752721,0.00022660348432055751
0.018055555555555713,7.0180555555555557,120,synthetic_segment_002,0.99479904718879297,0.00022242013276922688,1.0147812129292448,0.00022688780487804881
0.020138888888888928,7.0201388888888889,120,synthetic_segment_002,0.99709037330197692,0.00022269885474011561,1.0171185640746083,0.00022717212543554006
0.022222222222222365,7.0222222222222221,120,synthetic_segment_002,0.9980743043624587,0.00022297757671100438,1.0181222589995442,0.00022745644599303136
0.02430555555555558,7.0243055555555554,120,synthetic_segment_002,1.0001999843539857,0.00022325629868189315,1.0202906367500024,0.00022774076655052267
0.026388888888889017,7.0263888888888886,120,synthetic_segment_002,0.99976110428399811,0.00022353502065278189,1.0198429410560721,0.00022802508710801394
0.028472222222222232,7.0284722222222218,120,synthetic_segment_002,0.9999349801245494,0.00022381374262367065,1.0200203094772344,0.00022830940766550525
0.030555555555555669,7.0305555555555559,120,synthetic_segment_002,1.0000673112919252,0.00022409246459455942,1.0201552987325191,0.00022859372822299655
0.032638888888888884,7.0326388888888891,120,synthetic_segment_002,1.0006506838632756,0.00022437118656544816,1.0207503892960028,0.00022887804878048783
0.034722222222222321,7.0347222222222223,120,synthetic_segment_002,1.000124953218847,0.0002246499085363369,1.0202140984918098,0.0002291623693379791
0.036805555555555536,7.0368055555555555,120,synthetic_segment_002,1.0004216939443105,0.00022492863050722567,1.0205167997400291,0.00022944668989547038
0.038888888888888973,7.0388888888888888,120,synthetic_segment_002,0.99964445992623596,0.00022520735247811443,1.019723953705626,0.00022973101045296168
0.040972222222222188,7.040972222222222,120,synthetic_segment_002,0.99926537189617459,0.0002254860744490032,1.0193372510725267,0.00023001533101045299
0.043055555555555625,7.0430555555555561,120,synthetic_segment_002,0.99921278444989747,0.00022576479641989194,1.0192836073213905,0.00023029965156794426
0.045138888888889062,7.0451388888888893,120,synthetic_segment_002,1.0006846073074562,0.00022604351839078068,1.0207849941480376,0.00023058397212543554
0.047222222222222276,7.0472222222222225,120,synthetic_segment_002,1.0000969601123548,0.00022632224036166947,1.0201855430979943,0.00023086829268292687
0.049305555555555713,7.0493055555555557,120,synthetic_segment_002,1.0008010968955674,0.00022660096233255818,1.0209038236200312,0.00023115261324041812
0.051388888888888928,7.0513888888888889,120,synthetic_segment_002,0.99991509476377738,0.00022687968430344695,1.0200000246864711,0.00023143693379790942
0.053472222222222365,7.0534722222222221,120,synthetic_segment_002,1.000170180250233,0.00022715840627433572,1.0202602339820848,0.0002317212543554007
0.05555555555555558,7.0555555555555554,120,synthetic_segment_002,0.99982917034069763,0.00022743712824522448,1.0199123743308345,0.000232005574912892
0.057638888888889017,7.0576388888888886,120,synthetic_segment_002,1.0005733293804684,0.00022771585021611325,1.0206714810219042,0.00023228989547038331
0.059722222222222232,7.0597222222222218,120,synthetic_segment_002,0.99950314993061173,0.00022799457218700193,1.0195798052676437,0.00023257421602787453
0.061805555555555669,7.0618055555555559,120,synthetic_segment_002,1.0002097102209673,0.00022827329415789076,1.0203005579769278,0.00023285853658536589
0.063888888888888884,7.0638888888888891,120,synthetic_segment_002,1.0001765300137921,0.00022855201612877947,1.0202667112910293,0.00023314285714285714
0.065972222222222321,7.0659722222222223,120,synthetic_segment_002,1.0010843727533694,0.00022883073809966823,1.0211927895367017,0.00023342717770034844
0.068055555555555536,7.0680555555555555,120,synthetic_segment_002,1.0004639561209343,0.000229109460070557,1.0205599108215853,0.00023371149825783974
0.070138888888888973,7.0701388888888888,120,synthetic_segment_002,0.99940108679632655,0.00022938818204144577,1.0194756920283941,0.00023399581881533102
0.072222222222222188,7.072222222222222,120,synthetic_segment_002,1.0001006439639599,0.00022966690401233453,1.0201893009457834,0.00023428013937282232
0.074305555555555625,7.0743055555555561,120,synthetic_segment_002,0.99969842978084256,0.00022994562598322325,1.0197790076330238,0.00023456445993031357
0.076388888888889062,7.0763888888888893,120,synthetic_segment_002,0.99984075820390128,0.00023022434795411199,1.0199241949552211,0.00023484878048780485
0.078472222222222276,7.0784722222222225,120,synthetic_segment_002,0.99954501842986898,0.00023050306992500078,1.0196225147641795,0.00023513310104529618
0.080555555555555713,7.0805555555555557,120,synthetic_segment_002,0.99981888671589714,0.00023078179189588952,1.0199018841426122,0.00023541742160278746
0.082638888888888928,7.0826388888888889,120,synthetic_segment_002,1.0005216540251358,0.00023106051386677828,1.0206187676825507,0.00023570174216027876
0.084722222222222365,7.0847222222222221,120,synthetic_segment_002,1.0000394760814006,0.00023133923583766705,1.02012690440627,0.00023598606271777006
0.08680555555555558,7.0868055555555554,120,synthetic_segment_002,0.99894506478588796,0.00023161795780855579,1.019010510070105,0.00023627038327526134
0.088888888888889017,7.0888888888888886,120,synthetic_segment_002,0.99965959232142165,0.00023189667977944456,1.0197393900597163,0.00023655470383275262
0.090972222222222232,7.0909722222222218,120,synthetic_segment_002,1.0003698540946542,0.0002321754017503333,1.0204639186022144,0.00023683902439024389
0.093055555555555669,7.0930555555555559,120,synthetic_segment_002,1.0005444729180661,0.00023245412372122206,1.0206420449302633,0.0002371233449477352
0.095138888888888884,7.0951388888888891,120,synthetic_segment_002,0.99943224643549788,0.00023273284569211083,1.019507477559876,0.0002374076655052265
0.097222222222222321,7.0972222222222223,120,synthetic_segment_002,0.99955805280251986,0.00023301156766299957,1.0196358109535213,0.00023769198606271778
0.099305555555555536,7.0993055555555555,120,synthetic_segment_002,0.99984673985023342,0.00023329028963388834,1.0199302967527022,0.00023797630662020908
0.10138888888888897,7.1013888888888888,120,synthetic_segment_002,0.99968594469346295,0.0002335690116047771,1.0197662717622462,0.00023826062717770038
0.10347222222222219,7.103472222222222,120,synthetic_segment_002,1.0006289679802889,0.00023384773357566579,1.0207282372139925,0.00023854494773519161
0.10555555555555562,7.1055555555555561,120,synthetic_segment_002,0.99993536159592677,0.00023412645554655461,1.0200206986110882,0.00023882926829268294
0.10763888888888906,7.1076388888888893,120,synthetic_segment_002,1.0002131789118707,0.00023440517751744335,1.0203040963421606,0.00023911358885017421
0.10972222222222228,7.1097222222222225,120,synthetic_segment_002,1.0002954843340996,0.00023468389948833211,1.0203880550033961,0.00023939790940766552
0.11180555555555571,7.1118055555555557,120,synthetic_segment_002,0.99969937310316936,0.00023496262145922088,1.0197799699035222,0.00023968222996515682
0.11388888888888893,7.1138888888888889,120,synthetic_segment_002,1.0002233966147491,0.00023524134343010962,1.0203145192843113,0.0002399665505226481
0.11597222222222237,7.1159722222222221,120,synthetic_segment_002,1.0014011498138662,0.00023552006540099839,1.0215159295825105,0.0002402508710801394
0.11805555555555558,7.1180555555555554,120,synthetic_segment_002,1.0002341245232889,0.0002357987873718871,1.0203254626804383,0.00024053519163763065
0.12013888888888902,7.1201388888888886,120,synthetic_segment_002,1.0007223202425737,0.00023607750934277589,1.0208234646091321,0.00024081951219512198
0.12222222222222223,7.1222222222222218,120,synthetic_segment_002,1.0004479542910627,0.00023635623131366466,1.0205435875687916,0.00024110383275261326
0.12430555555555567,7.1243055555555559,120,synthetic_segment_002,0.99938750158503942,0.0002366349532845534,1.0194618339359212,0.00024138815331010453
0.12638888888888888,7.1263888888888891,120,synthetic_segment_002,1.0005753956304309,0.00023691367525544219,1.0206735887758762,0.00024167247386759586
0.12847222222222232,7.1284722222222223,120,synthetic_segment_002,0.9997213000878763,0.00023719239722633088,1.019802337327576,0.00024195679442508709
0.13055555555555554,7.1305555555555555,120,synthetic_segment_002,1.000027807013435,0.00023747111919721967,1.0201150009459907,0.00024224111498257842
0.13263888888888897,7.1326388888888888,120,synthetic_segment_002,0.99993337269839688,0.00023774984116810841,1.0200186697632989,0.00024252543554006969
0.13472222222222219,7.134722222222222,120,synthetic_segment_002,1.0004713449058111,0.00023802856313899715,1.0205674480222897,0.00024280975609756097
0.13680555555555562,7.1368055555555561,120,synthetic_segment_002,1.0000243421820443,0.00023830728510988594,1.0201114665177953,0.0002430940766550523
0.13888888888888906,7.1388888888888893,120,synthetic_segment_002,0.99902058196543608,0.00023858600708077471,1.0190875441357039,0.00024337839721254358
0.14097222222222228,7.1409722222222225,120,synthetic_segment_002,0.99972870255095281,0.00023886472905166345,1.0198098884812292,0.00024366271777003485
0.14305555555555571,7.1430555555555557,120,synthetic_segment_002,1.0004051902630811,0.00023914345102255219,1.0204999645553723,0.00024394703832752613
0.14513888888888893,7.1451388888888889,120,synthetic_segment_002,1.0001543775791271,0.00023942217299344101,1.0202441138884861,0.00024423135888501749
0.14722222222222237,7.1472222222222221,120,synthetic_segment_002,0.99844653532555105,0.00023970089496432969,1.0185019668302706,0.00024451567944250871
0.14930555555555558,7.1493055555555554,120,synthetic_segment_002,0.99972305989090082,0.00023997961693521843,1.0198041324791223,0.00024479999999999999
