-0.1499995177 1.0000241724 0.0002117387 B000 1.0000000000
-0.1499781000 0.9999669625 0.0002037050 B000 1.0000000000
-0.1499752057 1.0006654768 0.0002126465 B000 1.0000000000
-0.1497265695 0.9992028788 0.0002155621 B000 1.0000000000
-0.1497189993 0.9998482788 0.0002015653 B000 1.0000000000
-0.1496857667 0.9999584327 0.0002117885 B000 1.0000000000
-0.1494586218 0.9992646570 0.0002158801 B000 1.0000000000
-0.1494351741 0.9994737340 0.0002015624 B000 1.0000000000
-0.1494099320 0.9999440689 0.0002145206 B000 1.0000000000
-0.1491662761 0.9993985351 0.0002126500 B000 1.0000000000
-0.1491128365 1.0002379060 0.0002040182 B000 1.0000000000
-0.1491106098 0.9996087874 0.0002108673 B000 1.0000000000
-0.1489004876 0.9999937197 0.0002123824 B000 1.0000000000
-0.1488473930 0.9996416297 0.0002114870 B000 1.0000000000
-0.1488250817 1.0000913918 0.0002028496 B000 1.0000000000
-0.1486372561 1.0000788166 0.0002118159 B000 1.0000000000
-0.1485295107 1.0001615067 0.0002115355 B000 1.0000000000
-0.1485133459 0.9998599497 0.0002034789 B000 1.0000000000
-0.1483740368 1.0002127706 0.0002126670 B000 1.0000000000
-0.1482678337 1.0002211334 0.0002114127 B000 1.0000000000
-0.1481558730 1.0001261171 0.0002046994 B000 1.0000000000
-0.1481104246 1.0001128933 0.0002122277 B000 1.0000000000
-0.1479692225 1.0002739022 0.0002104623 B000 1.0000000000
-0.1478770623 1.0002909635 0.0002043567 B000 1.0000000000
-0.1478283189 0.9995052430 0.0002157890 B000 1.0000000000
-0.1476909058 1.0001383798 0.0002114873 B000 1.0000000000
-0.1475983942 1.0001398708 0.0002049860 B000 1.0000000000
-0.1475369899 0.9992799498 0.0002136105 B000 1.0000000000
-0.1474290601 0.9996001005 0.0002117310 B000 1.0000000000
-0.1472829240 1.0000803314 0.0002020501 B000 1.0000000000
-0.1472269255 1.0001878392 0.0002131718 B000 1.0000000000
-0.1471206395 0.9996621276 0.0002126743 B000 1.0000000000
-0.1469946151 0.9999258452 0.0002015923 B000 1.0000000000
-0.1469415752 1.0007520778 0.0002106289 B000 1.0000000000
-0.1468716287 0.9999496697 0.0002105688 B000 1.0000000000
-0.1467107774 0.9996839890 0.0002015535 B000 1.0000000000
-0.1466375952 0.9998200159 0.0002120862 B000 1.0000000000
-0.1465696921 1.0001365510 0.0002127343 B000 1.0000000000
-0.1463732579 1.0001449208 0.0002120452 B000 1.0000000000
-0.1463687741 0.9999964090 0.0002042773 B000 1.0000000000
-0.1462782398 0.9995215189 0.0002115354 B000 1.0000000000
-0.1461086014 1.0000397308 0.0002104978 B000 1.0000000000
-0.1460817497 1.0000601498 0.0002014533 B000 1.0000000000
-0.1460156359 1.0001184535 0.0002117792 B000 1.0000000000
-0.1457888366 1.0001811676 0.0002035205 B000 1.0000000000
-0.1457850641 0.9989355779 0.0002157018 B000 1.0000000000
-0.1457090908 1.0003186699 0.0002120081 B000 1.0000000000
-0.1455395555 0.9997890888 0.0002131603 B000 1.0000000000
-0.1454994381 0.9999381444 0.0002037134 B000 1.0000000000
-0.1454419893 1.0001583824 0.0002114092 B000 1.0000000000
-0.1452263463 0.9990925659 0.0002142687 B000 1.0000000000
-0.1451742996 0.9999726004 0.0002013548 B000 1.0000000000
-0.1451239126 0.9999839598 0.0002115778 B000 1.0000000000
-0.1449587781 0.9996028624 0.0002157504 B000 1.0000000000
-0.1449083006 0.9996692658 0.0002032652 B000 1.0000000000
-0.1448622362 1.0000078867 0.0002114841 B000 1.0000000000
-0.1446909289 0.9995335137 0.0002159363 B000 1.0000000000
-0.1446056750 0.9998746729 0.0002013723 B000 1.0000000000
-0.1444980276 1.0001530294 0.0002113646 B000 1.0000000000
-0.1444227942 0.9994790593 0.0002157338 B000 1.0000000000
-0.1443254655 1.0000408301 0.0002042262 B000 1.0000000000
-0.1442369342 1.0002649486 0.0002119047 B000 1.0000000000
-0.1441017715 1.0001936072 0.0002107334 B000 1.0000000000
-0.1439882510 0.9998545631 0.0002017994 B000 1.0000000000
-0.1439723949 0.9996538218 0.0002117535 B000 1.0000000000
-0.1438357944 1.0000344182 0.0002108787 B000 1.0000000000
-0.1437070203 0.9999897656 0.0002019901 B000 1.0000000000
-0.1436955365 0.9999241425 0.0002141088 B000 1.0000000000
-0.1435696636 0.9994314354 0.0002118974 B000 1.0000000000
-0.1434160444 0.9998296055 0.0002013528 B000 1.0000000000
-0.1433987327 1.0001824618 0.0002142247 B000 1.0000000000
-0.1432709183 1.0008155636 0.0002106481 B000 1.0000000000
-0.1431357693 0.9996974465 0.0002113420 B000 1.0000000000
-0.1431091077 1.0000000000 0.0002043950 B000 1.0000000000
-0.1430053340 1.0000796894 0.0002105643 B000 1.0000000000
-0.1428653667 0.9998407032 0.0002142316 B000 1.0000000000
-0.1428306414 1.0002266660 0.0002048651 B000 1.0000000000
-0.1427396055 1.0000256903 0.0002106907 B000 1.0000000000
-0.1425989992 0.9998988059 0.0002142314 B000 1.0000000000
-0.1425151254 1.0000576361 0.0002020548 B000 1.0000000000
-0.1424592646 1.0002666558 0.0002130790 B000 1.0000000000
-0.1422996008 1.0000982604 0.0002107480 B000 1.0000000000
-0.1422783982 1.0001152722 0.0002014237 B000 1.0000000000
-0.1421738986 1.0006159608 0.0002106100 B000 1.0000000000
-0.1419918664 1.0000614067 0.0002039957 B000 1.0000000000
-0.1419802222 0.9997247643 0.0002115896 B000 1.0000000000
-0.1418833757 0.9996446045 0.0002234384 B000 1.0000000000
-0.1417184145 1.0003168601 0.0002116532 B000 1.0000000000
-0.1416636338 1.0001329580 0.0002020109 B000 1.0000000000
-0.1416215030 1.0000281569 0.0002164354 B000 1.0000000000
-0.1414228727 1.0002079127 0.0002104396 B000 1.0000000000
-0.1413725486 0.9998106627 0.0002013476 B000 1.0000000000
-0.1413409274 1.0000640171 0.0002104685 B000 1.0000000000
-0.1411419937 0.9994050276 0.0002117546 B000 1.0000000000
-0.1410761453 1.0003448272 0.0002107306 B000 1.0000000000
-0.1410454740 0.9997689170 0.0002030892 B000 1.0000000000
-0.1408293960 1.0002606624 0.0002119628 B000 1.0000000000
-0.1407718851 1.0001473115 0.0002132857 B000 1.0000000000
-0.1407316239 1.0000326784 0.0002036397 B000 1.0000000000
-0.1405556492 0.9999304291 0.0002141797 B000 1.0000000000
-0.1404641861 1.0001075617 0.0002122675 B000 1.0000000000
-0.1404065113 1.0001230827 0.0002013659 B000 1.0000000000
-0.1402128603 0.9995342634 0.0002101347 B000 1.0000000000
-0.1401640467 0.9999826960 0.0002117249 B000 1.0000000000
-0.1401220250 1.0000134664 0.0002013847 B000 1.0000000000
-0.1399368829 1.0001821951 0.0002115737 B000 1.0000000000
-0.1398908839 1.0004107796 0.0002120555 B000 1.0000000000
-0.1397907264 1.0002586442 0.0002021232 B000 1.0000000000
-0.1396232716 1.0001374273 0.0002117821 B000 1.0000000000
-0.1395998202 1.0003880113 0.0002105330 B000 1.0000000000
-0.1395540082 1.0000716411 0.0002014217 B000 1.0000000000
-0.1393431446 1.0000574170 0.0002129929 B000 1.0000000000
-0.1392674559 1.0003361926 0.0002039935 B000 1.0000000000
-0.1392164727 0.9999592825 0.0002125004 B000 1.0000000000
-0.1390491945 0.9996895216 0.0002114100 B000 1.0000000000
-0.1389776133 1.0003696251 0.0002035661 B000 1.0000000000
-0.1389469289 1.0000021630 0.0002125932 B000 1.0000000000
-0.1387786659 1.0000006287 0.0002142348 B000 1.0000000000
-0.1387045704 1.0001957113 0.0002015792 B000 1.0000000000
-0.1386826975 0.9994871231 0.0002136975 B000 1.0000000000
-0.1384764100 0.9996485640 0.0002107187 B000 1.0000000000
-0.1383870290 0.9999187738 0.0002107098 B000 1.0000000000
-0.1383413531 1.0001843996 0.0002044752 B000 1.0000000000
-0.1382094452 0.9998771650 0.0002115978 B000 1.0000000000
-0.1381101462 1.0003162719 0.0002120825 B000 1.0000000000
-0.1380234739 0.9998653362 0.0002015582 B000 1.0000000000
-0.1378658521 1.0004473532 0.0002112038 B000 1.0000000000
-0.1378474427 1.0000784371 0.0002119748 B000 1.0000000000
-0.1377179681 1.0000851075 0.0002038076 B000 1.0000000000
-0.1375656885 0.9997333368 0.0002142131 B000 1.0000000000
-0.1375348237 1.0001164603 0.0002164296 B000 1.0000000000
-0.1374159596 0.9999883291 0.0002035446 B000 1.0000000000
-0.1372687778 1.0001502671 0.0002143765 B000 1.0000000000
-0.1372128262 1.0002493897 0.0002121360 B000 1.0000000000
-0.1371033724 0.9995521083 0.0002062422 B000 1.0000000000
-0.1370056813 1.0001616972 0.0002117027 B000 1.0000000000
-0.1369491132 1.0000905802 0.0002117540 B000 1.0000000000
-0.1368295184 1.0006052687 0.0002014761 B000 1.0000000000
-0.1367354153 1.0002200666 0.0002142850 B000 1.0000000000
-0.1366392455 0.9995066850 0.0002136789 B000 1.0000000000
-0.1364548265 1.0004738369 0.0002030623 B000 1.0000000000
-0.1364275337 0.9998939482 0.0002118870 B000 1.0000000000
-0.1363436795 0.9998315898 0.0002106611 B000 1.0000000000
-0.1361751332 1.0003427642 0.0002041132 B000 1.0000000000
-0.1361662071 1.0002281820 0.0002116267 B000 1.0000000000
-0.1360153881 0.9998974284 0.0002236454 B000 1.0000000000
-0.1358959845 0.9999548607 0.0002050843 B000 1.0000000000
-0.1358226050 0.9999736728 0.0002112018 B000 1.0000000000
-0.1357398888 0.9999342373 0.0002121400 B000 1.0000000000
-0.1356169790 1.0003079311 0.0002045185 B000 1.0000000000
-0.1355365902 0.9999060450 0.0002118186 B000 1.0000000000
-0.1353962630 0.9999756947 0.0002115479 B000 1.0000000000
-0.1353383157 0.9998330169 0.0002045791 B000 1.0000000000
-0.1352565471 0.9999511937 0.0002130884 B000 1.0000000000
-0.1351298711 0.9995586348 0.0002126980 B000 1.0000000000
-0.1350166116 1.0001773971 0.0002016760 B000 1.0000000000
-0.1349627196 0.9995056121 0.0002114750 B000 1.0000000000
-0.1348105042 1.0001710285 0.0002163440 B000 1.0000000000
-0.1347344859 0.9997514107 0.0002017068 B000 1.0000000000
-0.1347016274 1.0000613032 0.0002119509 B000 1.0000000000
-0.1345300073 0.9999643106 0.0002105807 B000 1.0000000000
-0.1344505918 0.9998691068 0.0002014985 B000 1.0000000000
-0.1344369701 1.0001558869 0.0002117994 B000 1.0000000000
-0.1342062200 0.9990683935 0.0002159160 B000 1.0000000000
-0.1341318509 1.0000614785 0.0002041834 B000 1.0000000000
-0.1341264301 0.9998815656 0.0002106392 B000 1.0000000000
-0.1339162126 1.0002560305 0.0002124299 B000 1.0000000000
-0.1338216002 0.9999228826 0.0002014866 B000 1.0000000000
-0.1338187668 0.9998640586 0.0002099205 B000 1.0000000000
-0.1336531777 1.0002010069 0.0002124016 B000 1.0000000000
-0.1335286947 1.0001198328 0.0002035175 B000 1.0000000000
-0.1335142658 1.0001552963 0.0002109168 B000 1.0000000000
-0.1333800420 0.9988049253 0.0002160542 B000 1.0000000000
-0.1332555974 0.9999421844 0.0002015753 B000 1.0000000000
-0.1332310660 1.0003412633 0.0002121864 B000 1.0000000000
-0.1331120888 0.9994264074 0.0002161232 B000 1.0000000000
-0.1329192822 0.9997574543 0.0002115391 B000 1.0000000000
-0.1329143297 1.0002185862 0.0002013714 B000 1.0000000000
-0.1328170041 1.0001271994 0.0002126256 B000 1.0000000000
-0.1326563304 0.9999606235 0.0002120428 B000 1.0000000000
-0.1326297462 0.9998555507 0.0002013907 B000 1.0000000000
-0.1325231610 1.0005671985 0.0002107200 B000 1.0000000000
-0.1323410571 0.9997529775 0.0002119571 B000 1.0000000000
-0.1322920262 0.9996399989 0.0002016349 B000 1.0000000000
-0.1322217768 1.0005207130 0.0002107710 B000 1.0000000000
-0.1320395802 1.0000968316 0.0002101925 B000 1.0000000000
-0.1319801574 0.9999391320 0.0002036509 B000 1.0000000000
-0.1319573629 1.0003906296 0.0002106270 B000 1.0000000000
-0.1317754224 1.0002102749 0.0002099702 B000 1.0000000000
-0.1316921146 1.0004885716 0.0002105501 B000 1.0000000000
-0.1316870659 0.9999829426 0.0002029172 B000 1.0000000000
-0.1314709193 1.0002851417 0.0002109387 B000 1.0000000000
-0.1314073747 1.0006872161 0.0002043425 B000 1.0000000000
-0.1314049048 0.9995844769 0.0002161538 B000 1.0000000000
-0.1312061426 0.9998252726 0.0002104759 B000 1.0000000000
-0.1311243972 0.9998105291 0.0002106935 B000 1.0000000000
-0.1311160654 0.9997721489 0.0002028383 B000 1.0000000000
-0.1308761448 0.9997688843 0.0002115846 B000 1.0000000000
-0.1308286689 0.9998913712 0.0002030879 B000 1.0000000000
-0.1308191814 1.0004135119 0.0002120936 B000 1.0000000000
-0.1306054640 0.9997011803 0.0002144301 B000 1.0000000000
-0.1305705630 1.0002599908 0.0002045190 B000 1.0000000000
-0.1305553630 0.9998260875 0.0002128527 B000 1.0000000000
-0.1303391000 0.9998572767 0.0002142307 B000 1.0000000000
-0.1302138309 1.0001147906 0.0002106341 B000 1.0000000000
-0.1301475686 0.9999707331 0.0002029277 B000 1.0000000000
-0.1300362933 1.0001877958 0.0002116380 B000 1.0000000000
-0.1299368831 1.0002627851 0.0002122453 B000 1.0000000000
-0.1298893697 1.0000849279 0.0002044973 B000 1.0000000000
-0.1297203869 0.9998167000 0.0002114978 B000 1.0000000000
-0.1295676409 0.9999403888 0.0002016410 B000 1.0000000000
-0.1295665927 1.0002688377 0.0002123514 B000 1.0000000000
-0.1294066683 0.9995523610 0.0002119742 B000 1.0000000000
-0.1292934351 0.9994750748 0.0002162535 B000 1.0000000000
-0.1292855175 0.9998321192 0.0002017340 B000 1.0000000000
-0.1291266009 1.0001953015 0.0002134261 B000 1.0000000000
-0.1290015981 0.9997541937 0.0002014410 B000 1.0000000000
-0.1289931976 1.0003792454 0.0002117324 B000 1.0000000000
-0.1288326139 0.9998054605 0.0002116163 B000 1.0000000000
-0.1287021958 1.0003570652 0.0002105968 B000 1.0000000000
-0.1286793090 1.0003678296 0.0002037979 B000 1.0000000000
-0.1285233712 0.9997852674 0.0002100733 B000 1.0000000000
-0.1284184610 1.0000738834 0.0002142357 B000 1.0000000000
-0.1283726225 1.0000895245 0.0002015121 B000 1.0000000000
-0.1282543806 0.9997231641 0.0002119981 B000 1.0000000000
-0.1281351836 1.0003268022 0.0002107385 B000 1.0000000000
-0.1280796758 0.9999473914 0.0002034701 B000 1.0000000000
-0.1279529901 1.0003444828 0.0002101912 B000 1.0000000000
-0.1278308370 0.9996572978 0.0002126631 B000 1.0000000000
-0.1277901848 0.9997927076 0.0002036206 B000 1.0000000000
-0.1276888333 1.0003715148 0.0002100487 B000 1.0000000000
-0.1275668089 1.0001338402 0.0002121860 B000 1.0000000000
-0.1274654429 1.0000192839 0.0002013582 B000 1.0000000000
-0.1274154423 0.9998622298 0.0002114681 B000 1.0000000000
-0.1272599261 0.9999072947 0.0002122094 B000 1.0000000000
-0.1271648967 1.0001099575 0.0002045023 B000 1.0000000000
-0.1271011453 1.0001801757 0.0002121091 B000 1.0000000000
-0.1269565680 0.9999238777 0.0002127310 B000 1.0000000000
-0.1268431556 1.0004100960 0.0002016615 B000 1.0000000000
-0.1268176932 1.0003301952 0.0002130312 B000 1.0000000000
-0.1266371457 1.0004620844 0.0002160131 B000 1.0000000000
-0.1265610334 0.9999874314 0.0002017416 B000 1.0000000000
-0.1265283787 1.0003742962 0.0002117712 B000 1.0000000000
-0.1263567232 1.0003185297 0.0002109715 B000 1.0000000000
-0.1262771013 0.9998232314 0.0002014361 B000 1.0000000000
-0.1262673883 0.9998307971 0.0002124448 B000 1.0000000000
-0.1260919370 0.9999738922 0.0002106871 B000 1.0000000000
-0.1259921646 0.9997711614 0.0002014039 B000 1.0000000000
-0.1259869759 0.9998177478 0.0002135765 B000 1.0000000000
-0.1258274214 1.0006924246 0.0002106860 B000 1.0000000000
-0.1256900518 0.9995583046 0.0002142702 B000 1.0000000000
-0.1256671603 1.0002661674 0.0002030014 B000 1.0000000000
-0.1255370615 0.9999845934 0.0002224966 B000 1.0000000000
-0.1254270109 0.9999307339 0.0002115803 B000 1.0000000000
-0.1253649603 1.0002501155 0.0002015539 B000 1.0000000000
-0.1252591212 1.0000416282 0.0002111675 B000 1.0000000000
-0.1251104300 1.0002819794 0.0002114815 B000 1.0000000000
-0.1250823380 1.0001842200 0.0002015662 B000 1.0000000000
-0.1249944591 1.0006816096 0.0002110761 B000 1.0000000000
-0.1248488835 1.0000425388 0.0002120438 B000 1.0000000000
-0.1247551410 1.0003425846 0.0002027579 B000 1.0000000000
-0.1247297726 1.0003751851 0.0002107154 B000 1.0000000000
-0.1245090136 1.0002498991 0.0002123277 B000 1.0000000000
-0.1244878411 0.9999351818 0.0002035402 B000 1.0000000000
-0.1244367341 1.0002435079 0.0002227380 B000 1.0000000000
-0.1242241514 1.0001054994 0.0002123697 B000 1.0000000000
-0.1241721420 0.9996858743 0.0002013656 B000 1.0000000000
-0.1241612007 0.9998444919 0.0002121817 B000 1.0000000000
-0.1239137000 0.9999873888 0.0002119729 B000 1.0000000000
-0.1238968576 1.0004827657 0.0002111346 B000 1.0000000000
-0.1238916787 1.0004291285 0.0002036512 B000 1.0000000000
-0.1236048421 1.0003448290 0.0002015411 B000 1.0000000000
-0.1236022443 0.9996913505 0.0002100747 B000 1.0000000000
-0.1235767028 0.9994611482 0.0002162004 B000 1.0000000000
-0.1233287645 0.9996835399 0.0002113371 B000 1.0000000000
-0.1233216696 1.0000007182 0.0002015243 B000 1.0000000000
-0.1232816765 1.0005749777 0.0002126948 B000 1.0000000000
-0.1230389482 0.9999224337 0.0002015326 B000 1.0000000000
-0.1229966548 0.9997942209 0.0002137502 B000 1.0000000000
-0.1229097220 0.9999866046 0.0002121882 B000 1.0000000000
-0.1227332292 0.9996247370 0.0002042192 B000 1.0000000000
-0.1227027951 1.0000232030 0.0002117282 B000 1.0000000000
-0.1226274760 0.9989284438 0.0002164526 B000 1.0000000000
-0.1224743569 1.0004989023 0.0002017671 B000 1.0000000000
-0.1224321623 0.9997904871 0.0002147713 B000 1.0000000000
-0.1223375409 1.0000932365 0.0002120181 B000 1.0000000000
-0.1221514448 1.0001772175 0.0002028963 B000 1.0000000000
-0.1221299649 0.9992427970 0.0002103886 B000 1.0000000000
-0.1220687817 0.9996261051 0.0002143709 B000 1.0000000000
-0.1218484700 1.0002811779 0.0002035992 B000 1.0000000000
-0.1218230550 1.0002593479 0.0002101456 B000 1.0000000000
-0.1217742953 0.9998128818 0.0002114339 B000 1.0000000000
-0.1215614507 1.0000817858 0.0002015257 B000 1.0000000000
-0.1215076992 0.9997319781 0.0002125431 B000 1.0000000000
-0.1214997355 0.9999563372 0.0002122107 B000 1.0000000000
-0.1212782789 0.9999475709 0.0002015006 B000 1.0000000000
-0.1212383349 1.0001808948 0.0002126385 B000 1.0000000000
-0.1212191942 0.9999196658 0.0002133556 B000 1.0000000000
-0.1209789643 0.9998456753 0.0002037230 B000 1.0000000000
-0.1209739127 0.9992351340 0.0002131879 B000 1.0000000000
-0.1209222822 1.0000520639 0.0002110438 B000 1.0000000000
-0.1206555151 1.0002340875 0.0002144430 B000 1.0000000000
-0.1206541595 1.0000172370 0.0002013833 B000 1.0000000000
-0.1206027617 0.9998750395 0.0002125757 B000 1.0000000000
-0.1203880937 1.0002601704 0.0002034117 B000 1.0000000000
-0.1202942989 0.9999805330 0.0002119991 B000 1.0000000000
-0.1202900444 1.0000212980 0.0002119688 B000 1.0000000000
-0.1200755484 1.0003718515 0.0002063103 B000 1.0000000000
-0.1200067660 0.9999616712 0.0002129096 B000 1.0000000000
-0.1199619973 1.0005541066 0.0002106733 B000 1.0000000000
-0.1197518953 1.0003377367 0.0002018582 B000 1.0000000000
-0.1197174881 0.9999535940 0.0002114685 B000 1.0000000000
-0.1196690766 0.9997286767 0.0002226976 B000 1.0000000000
-0.1194660093 0.9998658749 0.0002014292 B000 1.0000000000
-0.1194527026 1.0000368238 0.0002116882 B000 1.0000000000
-0.1193499801 0.9999566262 0.0002121186 B000 1.0000000000
-0.1191473813 1.0002134870 0.0002044484 B000 1.0000000000
-0.1191460115 0.9998968057 0.0002121654 B000 1.0000000000
-0.1190392989 0.9998732370 0.0002123866 B000 1.0000000000
-0.1188789399 0.9997902204 0.0002110669 B000 1.0000000000
-0.1188370619 1.0001027036 0.0002015125 B000 1.0000000000
-0.1187260639 1.0002863884 0.0002221401 B000 1.0000000000
-0.1185706167 1.0001375035 0.0002101364 B000 1.0000000000
-0.1185439435 0.9997339044 0.0002034792 B000 1.0000000000
-0.1183957834 0.9991208367 0.0002164476 B000 1.0000000000
-0.1183069532 1.0000201550 0.0002099790 B000 1.0000000000
-0.1182710717 1.0001308932 0.0002015106 B000 1.0000000000
-0.1180956112 1.0001361170 0.0002116716 B000 1.0000000000
-0.1180378893 1.0001416946 0.0002120242 B000 1.0000000000
-0.1179438918 0.9999570871 0.0002029154 B000 1.0000000000
-0.1177764654 0.9999942469 0.0002116605 B000 1.0000000000
-0.1177244922 1.0002075338 0.0002124733 B000 1.0000000000
-0.1176637151 1.0002353923 0.0002033133 B000 1.0000000000
-0.1174723106 1.0001920821 0.0002102245 B000 1.0000000000
-0.1174211976 0.9997641385 0.0002124154 B000 1.0000000000
-0.1173609644 0.9999117683 0.0002013884 B000 1.0000000000
-0.1171987479 0.9999774828 0.0002112045 B000 1.0000000000
-0.1171018274 0.9998757226 0.0002156001 B000 1.0000000000
-0.1170805498 1.0000614785 0.0002035420 B000 1.0000000000
-0.1169371759 0.9998713738 0.0002112448 B000 1.0000000000
-0.1167936703 1.0001653671 0.0002015178 B000 1.0000000000
-0.1167797917 1.0000601275 0.0002121901 B000 1.0000000000
-0.1166011524 0.9998520380 0.0002128633 B000 1.0000000000
-0.1164706711 1.0006249543 0.0002125063 B000 1.0000000000
-0.1164623007 0.9997543733 0.0002019303 B000 1.0000000000
-0.1163357231 0.9997170681 0.0002122545 B000 1.0000000000
-0.1161766696 1.0002469232 0.0002109666 B000 1.0000000000
-0.1161435643 0.9999317704 0.0002042452 B000 1.0000000000
-0.1160472010 0.9999053782 0.0002116796 B000 1.0000000000
-0.1158753041 1.0001368760 0.0002105822 B000 1.0000000000
-0.1158645669 0.9999069922 0.0002047060 B000 1.0000000000
-0.1157405909 1.0002403740 0.0002123652 B000 1.0000000000
-0.1155861118 0.9998797901 0.0002046940 B000 1.0000000000
-0.1155822988 1.0003352455 0.0002230389 B000 1.0000000000
-0.1154734935 0.9999047877 0.0002140608 B000 1.0000000000
-0.1152703348 1.0001586519 0.0002023083 B000 1.0000000000
-0.1152066457 1.0001199775 0.0002144312 B000 1.0000000000
-0.1151539111 0.9998650594 0.0002126222 B000 1.0000000000
-0.1149822004 1.0000009875 0.0002016770 B000 1.0000000000
-0.1149013473 1.0000435866 0.0002099735 B000 1.0000000000
-0.1149012191 0.9999677448 0.0002231003 B000 1.0000000000
-0.1146982151 0.9999645206 0.0002014288 B000 1.0000000000
-0.1145952124 1.0001605542 0.0002101032 B000 1.0000000000
-0.1145822143 1.0004424467 0.0002121192 B000 1.0000000000
-0.1143795228 1.0003285796 0.0002043751 B000 1.0000000000
-0.1143169932 0.9999964567 0.0002117994 B000 1.0000000000
-0.1143090765 0.9993872268 0.0002163928 B000 1.0000000000
-0.1141002829 1.0003878316 0.0002041999 B000 1.0000000000
-0.1140413168 0.9996531426 0.0002162055 B000 1.0000000000
-0.1140273696 1.0002493276 0.0002115033 B000 1.0000000000
-0.1138006605 0.9999019648 0.0002025768 B000 1.0000000000
-0.1137270803 0.9998058415 0.0002133813 B000 1.0000000000
-0.1136963280 0.9998556864 0.0002155104 B000 1.0000000000
-0.1135427320 0.9999408377 0.0002047426 B000 1.0000000000
-0.1134612942 1.0000632082 0.0002138358 B000 1.0000000000
-0.1134157649 0.9999069152 0.0002114110 B000 1.0000000000
-0.1131976048 1.0001098856 0.0002044140 B000 1.0000000000
-0.1131674871 0.9997840482 0.0002117694 B000 1.0000000000
-0.1130919867 0.9994144350 0.0002170346 B000 1.0000000000
-0.1129088162 1.0001299954 0.0002035067 B000 1.0000000000
-0.1129064976 1.0002013213 0.0002112878 B000 1.0000000000
-0.1128021113 1.0001480704 0.0002122910 B000 1.0000000000
-0.1126304345 0.9997498342 0.0002144099 B000 1.0000000000
-0.1125832257 1.0001075515 0.0002058340 B000 1.0000000000
-0.1125389717 0.9999885020 0.0002120871 B000 1.0000000000
-0.1123277309 0.9998660398 0.0002116520 B000 1.0000000000
-0.1123093090 1.0002574771 0.0002014118 B000 1.0000000000
-0.1122388279 1.0003440683 0.0002115922 B000 1.0000000000
-0.1120225516 1.0001766070 0.0002036203 B000 1.0000000000
-0.1120118139 1.0000809248 0.0002118869 B000 1.0000000000
-0.1119723288 0.9998930645 0.0002123193 B000 1.0000000000
-0.1116981829 0.9999908179 0.0002123518 B000 1.0000000000
-0.1116885876 1.0000404889 0.0002013753 B000 1.0000000000
-0.1116529884 1.0001119446 0.0002154942 B000 1.0000000000
-0.1114358033 0.9999977711 0.0002118571 B000 1.0000000000
-0.1113909610 0.9999099510 0.0002140645 B000 1.0000000000
-0.1113758078 1.0004067743 0.0002041349 B000 1.0000000000
-0.1111239181 1.0002153041 0.0002114207 B000 1.0000000000
-0.1110762591 1.0003921409 0.0002025088 B000 1.0000000000
-0.1110673232 1.0002112527 0.0002125442 B000 1.0000000000
-0.1108147601 1.0002010165 0.0002099903 B000 1.0000000000
-0.1108146412 0.9997201386 0.0002235654 B000 1.0000000000
-0.1107892221 0.9999445185 0.0002023150 B000 1.0000000000
-0.1105529068 0.9998818700 0.0002219146 B000 1.0000000000
-0.1105457158 0.9995305677 0.0002119365 B000 1.0000000000
-0.1104373844 1.0000383522 0.0002014062 B000 1.0000000000
-0.1102748209 0.9997973424 0.0002108226 B000 1.0000000000
-0.1102304142 1.0001314837 0.0002117659 B000 1.0000000000
-0.1101529107 1.0001263326 0.0002013652 B000 1.0000000000
-0.1099687801 0.9999412576 0.0002121123 B000 1.0000000000
-0.1099685747 1.0000670182 0.0002118808 B000 1.0000000000
-0.1098214366 1.0000603294 0.0002022826 B000 1.0000000000
-0.1096756896 0.9995113271 0.0002107356 B000 1.0000000000
-0.1096622150 0.9995179553 0.0002126001 B000 1.0000000000
-0.1095848193 0.9996570563 0.0002013593 B000 1.0000000000
-0.1093951841 0.9993163602 0.0002132601 B000 1.0000000000
-0.1093924631 0.9999164463 0.0002118431 B000 1.0000000000
-0.1092492214 0.9999560098 0.0002014412 B000 1.0000000000
-0.1091302354 1.0002374403 0.0002117981 B000 1.0000000000
-0.1090853383 1.0002233010 0.0002125270 B000 1.0000000000
-0.1089070151 0.9999264736 0.0002035657 B000 1.0000000000
-0.1088227950 1.0004762388 0.0002122625 B000 1.0000000000
-0.1088197233 0.9996847591 0.0002112210 B000 1.0000000000
-0.1086169386 1.0002483200 0.0002036603 B000 1.0000000000
-0.1085588350 0.9997596450 0.0002116164 B000 1.0000000000
-0.1085095675 1.0000145907 0.0002219915 B000 1.0000000000
-0.1082889550 0.9999139947 0.0002018971 B000 1.0000000000
-0.1082783155 1.0000590172 0.0002136585 B000 1.0000000000
-0.1081791161 0.9991013697 0.0002160150 B000 1.0000000000
-0.1079977159 0.9996338941 0.0002013506 B000 1.0000000000
-0.1079813479 1.0000015812 0.0002112492 B000 1.0000000000
-0.1078791052 1.0002772810 0.0002121383 B000 1.0000000000
-0.1077183151 1.0004423050 0.0002115043 B000 1.0000000000
-0.1077128911 0.9996954085 0.0002013741 B000 1.0000000000
-0.1075504936 1.0003054759 0.0002108992 B000 1.0000000000
-0.1074468954 1.0002933875 0.0002031116 B000 1.0000000000
-0.1074093542 0.9999961519 0.0002099874 B000 1.0000000000
-0.1072444555 0.9992992839 0.0002120179 B000 1.0000000000
-0.1071440979 1.0001879906 0.0002013988 B000 1.0000000000
-0.1071031121 0.9998964437 0.0002102028 B000 1.0000000000
-0.1069352435 1.0004357110 0.0002119566 B000 1.0000000000
-0.1068833799 1.0000096240 0.0002033289 B000 1.0000000000
-0.1068003676 1.0002479941 0.0002118401 B000 1.0000000000
-0.1066411079 1.0003595508 0.0002107427 B000 1.0000000000
-0.1065269836 0.9998246857 0.0002018003 B000 1.0000000000
-0.1065004850 0.9999812928 0.0002143121 B000 1.0000000000
-0.1063752196 0.9998940132 0.0002109807 B000 1.0000000000
-0.1062395962 0.9999079618 0.0002013748 B000 1.0000000000
-0.1062013134 1.0000688470 0.0002108864 B000 1.0000000000
-0.1060755322 1.0004547796 0.0002105720 B000 1.0000000000
-0.1059544201 1.0001102447 0.0002013903 B000 1.0000000000
-0.1058936251 1.0003885837 0.0002102418 B000 1.0000000000
-0.1058101766 1.0003277509 0.0002106627 B000 1.0000000000
-0.1056695960 0.9996197095 0.0002013647 B000 1.0000000000
-0.1056296711 1.0000792103 0.0002099330 B000 1.0000000000
-0.1055231694 1.0008234567 0.0002155295 B000 1.0000000000
-0.1053850242 0.9994380032 0.0002013156 B000 1.0000000000
-0.1053586241 1.0001730320 0.0002112982 B000 1.0000000000
-0.1052011120 0.9998541685 0.0002120445 B000 1.0000000000
-0.1050969804 0.9999368109 0.0002119623 B000 1.0000000000
-0.1050911032 0.9996310213 0.0002054358 B000 1.0000000000
-0.1048919018 1.0001755063 0.0002118555 B000 1.0000000000
-0.1047816754 0.9997681223 0.0002115473 B000 1.0000000000
-0.1047672067 0.9999883291 0.0002018863 B000 1.0000000000
-0.1045978590 1.0001678030 0.0002106612 B000 1.0000000000
-0.1044836964 0.9998825732 0.0002017830 B000 1.0000000000
-0.1044685352 1.0001556011 0.0002118830 B000 1.0000000000
-0.1042375823 0.9990564211 0.0002174222 B000 1.0000000000
-0.1041917169 1.0000725427 0.0002138760 B000 1.0000000000
-0.1041628117 1.0003143052 0.0002040401 B000 1.0000000000
-0.1039922851 1.0000259749 0.0002132019 B000 1.0000000000
-0.1038946675 0.9996410582 0.0002137692 B000 1.0000000000
-0.1038712405 1.0000760581 0.0002032444 B000 1.0000000000
-0.1036847208 0.9992679774 0.0002121768 B000 1.0000000000
-0.1036279232 1.0003824877 0.0002144654 B000 1.0000000000
-0.1035591922 1.0001655467 0.0002039144 B000 1.0000000000
-0.1034212914 0.9998979976 0.0002132942 B000 1.0000000000
-0.1033152854 1.0002255150 0.0002113577 B000 1.0000000000
-0.1032024823 0.9998989842 0.0002043028 B000 1.0000000000
-0.1031435613 0.9995318061 0.0002161248 B000 1.0000000000
-0.1030003158 0.9995783834 0.0002115880 B000 1.0000000000
-0.1029235900 1.0000489099 0.0002045736 B000 1.0000000000
-0.1028754124 0.9990227429 0.0002174722 B000 1.0000000000
-0.1027383358 0.9999523367 0.0002114761 B000 1.0000000000
-0.1026605321 0.9999863541 0.0002013640 B000 1.0000000000
-0.1025856010 0.9998880554 0.0002129746 B000 1.0000000000
-0.1024485696 1.0001086236 0.0002115460 B000 1.0000000000
-0.1023666314 0.9997168470 0.0002052947 B000 1.0000000000
-0.1023168381 0.9994143591 0.0002149432 B000 1.0000000000
-0.1021626600 0.9998182240 0.0002119509 B000 1.0000000000
-0.1020957862 1.0000773868 0.0002036688 B000 1.0000000000
-0.1020222770 1.0001628699 0.0002115801 B000 1.0000000000
-0.1018824848 1.0001628402 0.0002133066 B000 1.0000000000
-0.1018091322 0.9996162981 0.0002013859 B000 1.0000000000
-0.1017491815 0.9998655527 0.0002123563 B000 1.0000000000
-0.1015888417 0.9997584068 0.0002115099 B000 1.0000000000
-0.1015259688 0.9996512029 0.0002014352 B000 1.0000000000
-0.1014580848 1.0004752901 0.0002107802 B000 1.0000000000
-0.1012793234 1.0000333758 0.0002100492 B000 1.0000000000
-0.1012431565 1.0000147232 0.0002014626 B000 1.0000000000
-0.1011922441 1.0002440771 0.0002105744 B000 1.0000000000
-0.1010104039 0.9996897502 0.0002119444 B000 1.0000000000
-0.1009373731 1.0000911045 0.0002042585 B000 1.0000000000
-0.1008507034 0.9999098751 0.0002121322 B000 1.0000000000
-0.1006786833 1.0000116709 0.0002016150 B000 1.0000000000
-0.1006704249 1.0001070234 0.0002115604 B000 1.0000000000
-0.1005868776 0.9999078639 0.0002134242 B000 1.0000000000
-0.1003945321 1.0002000206 0.0002015047 B000 1.0000000000
-0.1003856873 0.9996657090 0.0002115182 B000 1.0000000000
-0.1003227427 0.9998330318 0.0002122166 B000 1.0000000000
-0.1001194193 1.0001854145 0.0002119131 B000 1.0000000000
-0.1000721709 1.0000443493 0.0002031224 B000 1.0000000000
-0.1000582934 0.9999587133 0.0002110435 B000 1.0000000000
-0.0998391361 0.9995695061 0.0002131937 B000 1.0000000000
-0.0997938246 1.0001086052 0.0002109886 B000 1.0000000000
-0.0997657406 0.9998394808 0.0002013953 B000 1.0000000000
-0.0995413212 0.9997772664 0.0002143420 B000 1.0000000000
-0.0994886408 1.0003937793 0.0002121472 B000 1.0000000000
-0.0994284072 0.9996711690 0.0002013981 B000 1.0000000000
-0.0992360799 0.9995267577 0.0002100430 B000 1.0000000000
-0.0991801975 0.9999789013 0.0002132433 B000 1.0000000000
-0.0990845434 1.0003768072 0.0002014312 B000 1.0000000000
-0.0989299302 0.9998748981 0.0002103599 B000 1.0000000000
-0.0989169549 1.0001849931 0.0002124439 B000 1.0000000000
-0.0987534183 0.9995972656 0.0002018574 B000 1.0000000000
-0.0986655783 0.9997932684 0.0002101742 B000 1.0000000000
-0.0986167600 0.9997139532 0.0002114756 B000 1.0000000000
-0.0984621352 0.9996812958 0.0002014059 B000 1.0000000000
-0.0983898193 0.9996959225 0.0002116330 B000 1.0000000000
-0.0982930711 0.9996945241 0.0002219723 B000 1.0000000000
-0.0981557355 1.0000843893 0.0002044759 B000 1.0000000000
-0.0980968926 1.0002133991 0.0002106004 B000 1.0000000000
-0.0979625487 0.9994182298 0.0002153081 B000 1.0000000000
-0.0978926459 0.9998285281 0.0002013529 B000 1.0000000000
-0.0978138016 1.0002258960 0.0002118812 B000 1.0000000000
-0.0976690731 0.9996942965 0.0002125425 B000 1.0000000000
-0.0975317643 0.9997344431 0.0002041449 B000 1.0000000000
-0.0975018060 1.0003363865 0.0002114813 B000 1.0000000000
-0.0973714882 1.0003229126 0.0002106759 B000 1.0000000000
-0.0972731031 1.0000866157 0.0002016234 B000 1.0000000000
-0.0972313736 0.9999425259 0.0002145596 B000 1.0000000000
-0.0970877809 1.0000082346 0.0002142560 B000 1.0000000000
-0.0969501539 1.0004633331 0.0002036593 B000 1.0000000000
-0.0968704961 1.0000272035 0.0002115205 B000 1.0000000000
-0.0967641155 0.9997564542 0.0002120817 B000 1.0000000000
-0.0966468632 1.0000435233 0.0002037606 B000 1.0000000000
-0.0965838296 0.9997705988 0.0002114593 B000 1.0000000000
-0.0965002887 1.0000078551 0.0002135462 B000 1.0000000000
-0.0963567918 1.0000597907 0.0002036554 B000 1.0000000000
-0.0962481854 0.9994810375 0.0002105648 B000 1.0000000000
-0.0961237203 1.0005728906 0.0002104517 B000 1.0000000000
-0.0959894829 1.0003023650 0.0002037952 B000 1.0000000000
-0.0959412517 0.9999301433 0.0002101878 B000 1.0000000000
-0.0958589964 1.0002617226 0.0002104658 B000 1.0000000000
-0.0957102505 1.0004322527 0.0002047946 B000 1.0000000000
-0.0956375461 0.9998558480 0.0002114900 B000 1.0000000000
-0.0955115507 1.0000920222 0.0002126303 B000 1.0000000000
-0.0953857645 0.9998726979 0.0002039821 B000 1.0000000000
-0.0953073687 0.9994580631 0.0002124580 B000 1.0000000000
-0.0952382107 0.9990567057 0.0002151353 B000 1.0000000000
-0.0950963870 1.0000761299 0.0002038930 B000 1.0000000000
-0.0950389435 0.9998768983 0.0002116304 B000 1.0000000000
-0.0949447387 0.9999515033 0.0002126178 B000 1.0000000000
-0.0947717228 0.9998048273 0.0002013543 B000 1.0000000000
-0.0947226204 0.9997654553 0.0002114430 B000 1.0000000000
-0.0946254913 0.9999050179 0.0002158846 B000 1.0000000000
-0.0944715213 1.0002991331 0.0002046461 B000 1.0000000000
-0.0943902730 0.9999155700 0.0002131911 B000 1.0000000000
-0.0943634609 1.0003165565 0.0002142934 B000 1.0000000000
-0.0941049699 0.9999594213 0.0002031231 B000 1.0000000000
-0.0940964030 0.9996719194 0.0002115069 B000 1.0000000000
-0.0940397902 0.9999657336 0.0002121308 B000 1.0000000000
-0.0937903281 1.0006010313 0.0002046667 B000 1.0000000000
-0.0937872303 0.9996044820 0.0002101699 B000 1.0000000000
-0.0937757628 1.0003397043 0.0002135155 B000 1.0000000000
-0.0934682082 0.9998718140 0.0002127407 B000 1.0000000000
-0.0934436401 1.0001801757 0.0002126275 B000 1.0000000000
-0.0934238750 0.9995475298 0.0002030921 B000 1.0000000000
-0.0931948573 0.9991978697 0.0002150601 B000 1.0000000000
-0.0931545050 0.9997479292 0.0002115900 B000 1.0000000000
-0.0930696970 1.0001497461 0.0002014946 B000 1.0000000000
-0.0929269905 0.9989257875 0.0002160086 B000 1.0000000000
-0.0928372509 1.0001807472 0.0002119816 B000 1.0000000000
-0.0927283279 1.0000296260 0.0002013727 B000 1.0000000000
-0.0926037087 1.0000634479 0.0002105839 B000 1.0000000000
-0.0925758306 0.9999300481 0.0002115664 B000 1.0000000000
-0.0924624137 1.0002359309 0.0002032023 B000 1.0000000000
-0.0923016224 1.0001393425 0.0002108591 B000 1.0000000000
-0.0922320343 1.0000752860 0.0002114632 B000 1.0000000000
-0.0921062425 1.0001030627 0.0002016797 B000 1.0000000000
-0.0919776531 0.9992428373 0.0002176559 B000 1.0000000000
-0.0919462568 0.9994628256 0.0002118735 B000 1.0000000000
-0.0918242348 0.9999336557 0.0002016177 B000 1.0000000000
-0.0916880099 0.9998763677 0.0002133786 B000 1.0000000000
-0.0916348579 1.0002305442 0.0002136606 B000 1.0000000000
-0.0915012991 1.0002496666 0.0002037468 B000 1.0000000000
-0.0914247657 0.9995240269 0.0002128528 B000 1.0000000000
-0.0913680170 0.9999687198 0.0002140497 B000 1.0000000000
-0.0911978401 1.0000210794 0.0002038441 B000 1.0000000000
-0.0911142081 1.0004819309 0.0002119277 B000 1.0000000000
-0.0911014222 1.0000171070 0.0002142935 B000 1.0000000000
-0.0909077711 1.0000642795 0.0002035386 B000 1.0000000000
-0.0908515951 1.0001454141 0.0002121709 B000 1.0000000000
-0.0907567481 0.9999387159 0.0002103271 B000 1.0000000000
-0.0905406302 0.9999989227 0.0002037262 B000 1.0000000000
-0.0904804524 1.0001161947 0.0002135449 B000 1.0000000000
-0.0904538869 0.9996934460 0.0002115326 B000 1.0000000000
-0.0902488281 1.0000862746 0.0002031552 B000 1.0000000000
-0.0902025516 0.9994136002 0.0002160186 B000 1.0000000000
-0.0901539863 0.9996933317 0.0002141290 B000 1.0000000000
-0.0899470214 0.9996408966 0.0002014394 B000 1.0000000000
-0.0899101842 0.9999171610 0.0002130352 B000 1.0000000000
-0.0898548721 0.9999418591 0.0002107853 B000 1.0000000000
-0.0896473707 0.9999192017 0.0002037219 B000 1.0000000000
-0.0896431469 0.9997609319 0.0002140371 B000 1.0000000000
-0.0895471690 0.9995551423 0.0002101269 B000 1.0000000000
-0.0893758371 0.9990512034 0.0002150226 B000 1.0000000000
-0.0892802484 1.0000120300 0.0002024558 B000 1.0000000000
-0.0892736834 1.0002262770 0.0002115478 B000 1.0000000000
-0.0890709673 1.0004030763 0.0002119107 B000 1.0000000000
-0.0890225756 0.9997149437 0.0002046390 B000 1.0000000000
-0.0890121157 0.9996405820 0.0002115067 B000 1.0000000000
-0.0887826120 1.0000619300 0.0002107076 B000 1.0000000000
-0.0886973366 0.9999271906 0.0002116021 B000 1.0000000000
-0.0886772414 0.9997088749 0.0002039063 B000 1.0000000000
-0.0884955724 0.9997749345 0.0002163060 B000 1.0000000000
-0.0884352591 0.9997992883 0.0002112502 B000 1.0000000000
-0.0884185546 0.9999348946 0.0002016312 B000 1.0000000000
-0.0882150303 1.0002115563 0.0002108860 B000 1.0000000000
-0.0881258658 0.9998650111 0.0002116227 B000 1.0000000000
-0.0880957272 1.0001598908 0.0002037317 B000 1.0000000000
-0.0878910433 0.9992553599 0.0002175438 B000 1.0000000000
-0.0878451229 0.9998095372 0.0002136611 B000 1.0000000000
-0.0877922257 0.9998448673 0.0002038772 B000 1.0000000000
-0.0876458294 1.0001638944 0.0002131345 B000 1.0000000000
-0.0875482547 0.9996820159 0.0002136215 B000 1.0000000000
-0.0874558023 0.9997580361 0.0002016739 B000 1.0000000000
-0.0873817911 1.0003096311 0.0002118659 B000 1.0000000000
-0.0872814151 1.0000724284 0.0002138799 B000 1.0000000000
-0.0871349600 1.0005937774 0.0002038187 B000 1.0000000000
-0.0870380423 1.0003497604 0.0002115320 B000 1.0000000000
-0.0870148214 1.0001700792 0.0002141496 B000 1.0000000000
-0.0868557313 1.0004680912 0.0002050733 B000 1.0000000000
-0.0867143151 1.0002748144 0.0002217197 B000 1.0000000000
-0.0867073363 0.9997580258 0.0002119041 B000 1.0000000000
-0.0865558472 0.9998807777 0.0002023720 B000 1.0000000000
-0.0864363567 0.9998306411 0.0002112607 B000 1.0000000000
-0.0863672917 0.9999201420 0.0002116870 B000 1.0000000000
-0.0862586310 0.9997774457 0.0002015013 B000 1.0000000000
-0.0861716843 1.0002764272 0.0002109183 B000 1.0000000000
-0.0860673866 0.9998551812 0.0002141665 B000 1.0000000000
-0.0858956523 0.9996631610 0.0002042837 B000 1.0000000000
-0.0858476884 0.9991971108 0.0002174554 B000 1.0000000000
-0.0857682867 1.0002183902 0.0002108620 B000 1.0000000000
-0.0856171093 1.0000720002 0.0002047613 B000 1.0000000000
-0.0856025849 1.0000110806 0.0002129752 B000 1.0000000000
-0.0855036344 1.0001295025 0.0002115189 B000 1.0000000000
-0.0852950381 1.0000777920 0.0002132743 B000 1.0000000000
-0.0852715328 1.0000055661 0.0002038610 B000 1.0000000000
-0.0851871057 0.9998727073 0.0002115127 B000 1.0000000000
-0.0850216433 0.9992483397 0.0002148846 B000 1.0000000000
-0.0849827559 1.0002215668 0.0002039882 B000 1.0000000000
-0.0848913662 1.0004748806 0.0002105698 B000 1.0000000000
-0.0847537738 0.9990808023 0.0002159123 B000 1.0000000000
-0.0846200455 0.9999974863 0.0002024807 B000 1.0000000000
-0.0845893649 1.0002961908 0.0002125249 B000 1.0000000000
-0.0844613136 0.9992084950 0.0002129692 B000 1.0000000000
-0.0843835129 0.9999767481 0.0002013610 B000 1.0000000000
-0.0843002773 0.9997583306 0.0002117496 B000 1.0000000000
-0.0841959222 1.0003645598 0.0002132401 B000 1.0000000000
-0.0840965450 1.0000052070 0.0002033826 B000 1.0000000000
-0.0839883268 1.0002187522 0.0002107464 B000 1.0000000000
-0.0839327764 0.9997577823 0.0002132981 B000 1.0000000000
-0.0837294896 1.0001790849 0.0002038785 B000 1.0000000000
-0.0836813817 0.9998744218 0.0002100924 B000 1.0000000000
-0.0835991133 1.0008908890 0.0002106565 B000 1.0000000000
-0.0834501623 1.0002975890 0.0002049900 B000 1.0000000000
-0.0833776638 1.0002569476 0.0002113461 B000 1.0000000000
-0.0833337513 1.0005425327 0.0002105934 B000 1.0000000000
-0.0831502456 0.9998748525 0.0002023811 B000 1.0000000000
-0.0830919142 1.0001963683 0.0002126031 B000 1.0000000000
-0.0830468333 1.0001465525 0.0002166847 B000 1.0000000000
-0.0828633202 1.0000665239 0.0002021029 B000 1.0000000000
-0.0827806604 1.0003849642 0.0002117479 B000 1.0000000000
-0.0827661742 1.0002962547 0.0002109756 B000 1.0000000000
-0.0825180259 0.9996743959 0.0002109364 B000 1.0000000000
-0.0825115531 0.9994085568 0.0002013242 B000 1.0000000000
-0.0824422637 0.9992162742 0.0002173252 B000 1.0000000000
-0.0822548756 1.0002365640 0.0002118394 B000 1.0000000000
-0.0822269908 0.9997784332 0.0002013320 B000 1.0000000000
-0.0821526802 1.0000488382 0.0002131387 B000 1.0000000000
-0.0818955464 1.0000239881 0.0002025050 B000 1.0000000000
-0.0818863370 1.0000321566 0.0002118441 B000 1.0000000000
-0.0818837102 0.9991052783 0.0002148726 B000 1.0000000000
-0.0816092246 1.0005046300 0.0002018071 B000 1.0000000000
-0.0815891752 1.0003076389 0.0002116090 B000 1.0000000000
-0.0815757611 1.0001076711 0.0002117933 B000 1.0000000000
-0.0813257405 1.0000629329 0.0002017521 B000 1.0000000000
-0.0813226665 0.9998452509 0.0002123970 B000 1.0000000000
-0.0812997036 0.9999540512 0.0002142065 B000 1.0000000000
-0.0810249014 1.0004914936 0.0002105965 B000 1.0000000000
-0.0810049133 1.0002102550 0.0002039766 B000 1.0000000000
-0.0810042030 1.0001319790 0.0002116649 B000 1.0000000000
-0.0807592546 1.0002969377 0.0002106251 B000 1.0000000000
-0.0807256872 1.0003564999 0.0002049002 B000 1.0000000000
-0.0806337971 0.9998414652 0.0002117151 B000 1.0000000000
-0.0804257442 0.9996235878 0.0002024507 B000 1.0000000000
-0.0803989088 0.9993602842 0.0002172640 B000 1.0000000000
-0.0803193396 1.0001079759 0.0002109503 B000 1.0000000000
-0.0801538330 1.0000051039 0.0002126989 B000 1.0000000000
-0.0801285615 0.9999924588 0.0002015459 B000 1.0000000000
-0.0800118279 0.9999029969 0.0002101816 B000 1.0000000000
-0.0798461913 0.9994545074 0.0002133546 B000 1.0000000000
-0.0798014767 0.9997197198 0.0002033756 B000 1.0000000000
-0.0797071739 1.0000506351 0.0002107581 B000 1.0000000000
-0.0795727674 0.9992926431 0.0002148852 B000 1.0000000000
-0.0795024987 1.0000982866 0.0002013628 B000 1.0000000000
-0.0794425102 0.9999663385 0.0002106749 B000 1.0000000000
-0.0793048960 0.9992591546 0.0002158486 B000 1.0000000000
-0.0791710476 0.9998397322 0.0002024843 B000 1.0000000000
-0.0791125302 1.0000369191 0.0002109262 B000 1.0000000000
-0.0789441564 0.9996429917 0.0002112837 B000 1.0000000000
-0.0788829100 0.9998456753 0.0002016592 B000 1.0000000000
-0.0788514450 1.0000667134 0.0002117927 B000 1.0000000000
-0.0785987582 1.0000382445 0.0002014700 B000 1.0000000000
-0.0785917478 1.0003250946 0.0002116400 B000 1.0000000000
-0.0785394784 0.9999320483 0.0002107609 B000 1.0000000000
-0.0782791741 1.0003159114 0.0002168589 B000 1.0000000000
-0.0782727650 0.9999635762 0.0002115796 B000 1.0000000000
-0.0782534357 0.9998038218 0.0002013496 B000 1.0000000000
-0.0779985000 0.9998539029 0.0002110175 B000 1.0000000000
-0.0779200617 1.0000306136 0.0002017888 B000 1.0000000000
-0.0779093811 0.9997405949 0.0002117579 B000 1.0000000000
-0.0776745689 0.9995629229 0.0002172166 B000 1.0000000000
-0.0776285767 1.0002120846 0.0002131420 B000 1.0000000000
-0.0775951413 1.0001398708 0.0002034580 B000 1.0000000000
-0.0773832341 0.9999677448 0.0002140222 B000 1.0000000000
-0.0773302837 1.0001637927 0.0002110705 B000 1.0000000000
-0.0773075165 0.9997349099 0.0002028775 B000 1.0000000000
-0.0771160203 0.9991948339 0.0002147712 B000 1.0000000000
-0.0770140502 1.0000957838 0.0002114531 B000 1.0000000000
-0.0769955019 0.9997279792 0.0002037483 B000 1.0000000000
-0.0767596588 0.9995513489 0.0002259913 B000 1.0000000000
-0.0767229782 1.0000211871 0.0002015552 B000 1.0000000000
-0.0767180823 0.9998949007 0.0002107343 B000 1.0000000000
-0.0764840845 1.0004001165 0.0002115485 B000 1.0000000000
-0.0763878073 1.0000399671 0.0002121183 B000 1.0000000000
-0.0763814680 0.9997949520 0.0002013533 B000 1.0000000000
-0.0761300421 1.0001366862 0.0002119646 B000 1.0000000000
-0.0761171858 0.9999564515 0.0002141195 B000 1.0000000000
-0.0760969085 0.9998968476 0.0002013409 B000 1.0000000000
-0.0758674261 1.0004124493 0.0002116470 B000 1.0000000000
-0.0758150543 0.9997030853 0.0002107532 B000 1.0000000000
-0.0757595308 0.9998909044 0.0002017366 B000 1.0000000000
-0.0755484478 0.9997758376 0.0002115766 B000 1.0000000000
-0.0754861604 0.9990047179 0.0002148998 B000 1.0000000000
-0.0754774298 0.9995335247 0.0002016316 B000 1.0000000000
-0.0751927141 1.0002441720 0.0002122745 B000 1.0000000000
-0.0751811807 0.9998519427 0.0002123655 B000 1.0000000000
-0.0751545348 0.9999766583 0.0002034252 B000 1.0000000000
-0.0748742462 1.0001594111 0.0002117971 B000 1.0000000000
-0.0748736747 1.0003029903 0.0002168384 B000 1.0000000000
-0.0748509712 0.9998953214 0.0002040202 B000 1.0000000000
-0.0746059668 0.9997656458 0.0002109296 B000 1.0000000000
-0.0745929899 1.0002555562 0.0002110887 B000 1.0000000000
-0.0745145829 0.9998681193 0.0002018252 B000 1.0000000000
-0.0743404254 0.9998452752 0.0002136672 B000 1.0000000000
-0.0742448562 0.9994824746 0.0002129127 B000 1.0000000000
-0.0741896369 0.9999641794 0.0002033664 B000 1.0000000000
-0.0740353759 1.0000336044 0.0002107180 B000 1.0000000000
-0.0739482248 1.0002461642 0.0002107346 B000 1.0000000000
-0.0739019135 1.0000265736 0.0002027300 B000 1.0000000000
-0.0737664274 1.0000769243 0.0002116830 B000 1.0000000000
-0.0736680713 1.0002065093 0.0002121798 B000 1.0000000000
-0.0735520857 0.9999429026 0.0002020094 B000 1.0000000000
-0.0734648567 0.9999782448 0.0002100315 B000 1.0000000000
-0.0733825774 1.0002474924 0.0002106476 B000 1.0000000000
-0.0733004218 0.9999208177 0.0002037282 B000 1.0000000000
-0.0731264043 0.9997700273 0.0002142148 B000 1.0000000000
-0.0730786762 0.9995380674 0.0002114378 B000 1.0000000000
-0.0729544757 1.0001264044 0.0002043928 B000 1.0000000000
-0.0728273499 0.9998288159 0.0002110381 B000 1.0000000000
-0.0727717464 1.0000399206 0.0002124795 B000 1.0000000000
-0.0726914185 0.9999519520 0.0002013493 B000 1.0000000000
-0.0725083165 0.9996742982 0.0002124656 B000 1.0000000000
-0.0724606494 1.0001222635 0.0002118868 B000 1.0000000000
-0.0723538492 1.0000668650 0.0002017490 B000 1.0000000000
-0.0721991356 1.0003380916 0.0002132660 B000 1.0000000000
-0.0721943310 0.9997963164 0.0002133093 B000 1.0000000000
-0.0720735321 1.0001505720 0.0002017698 B000 1.0000000000
-0.0719344617 0.9995322994 0.0002139152 B000 1.0000000000
-0.0718830684 1.0004931687 0.0002116868 B000 1.0000000000
-0.0717900999 1.0000646386 0.0002018722 B000 1.0000000000
-0.0716247309 1.0006445161 0.0002122288 B000 1.0000000000
-0.0716159906 1.0001809377 0.0002137527 B000 1.0000000000
-0.0714422610 0.9997205458 0.0002013568 B000 1.0000000000
-0.0713392302 1.0005459480 0.0002106414 B000 1.0000000000
-0.0713035483 1.0001752989 0.0002111421 B000 1.0000000000
-0.0711551956 1.0000248859 0.0002033833 B000 1.0000000000
-0.0709918403 1.0001413537 0.0002129078 B000 1.0000000000
-0.0709886577 1.0000806390 0.0002120220 B000 1.0000000000
-0.0708277039 0.9998630739 0.0002019975 B000 1.0000000000
-0.0707266832 1.0002098939 0.0002119493 B000 1.0000000000
-0.0707183690 0.9991538508 0.0002150081 B000 1.0000000000
-0.0705760136 0.9999991920 0.0002038623 B000 1.0000000000
-0.0704249288 0.9997442161 0.0002120656 B000 1.0000000000
-0.0704135185 0.9995614288 0.0002121902 B000 1.0000000000
-0.0702301018 1.0001666240 0.0002044307 B000 1.0000000000
-0.0701557939 1.0001609725 0.0002131937 B000 1.0000000000
-0.0701065577 0.9997063048 0.0002120681 B000 1.0000000000
-0.0699220195 0.9997949520 0.0002021233 B000 1.0000000000
-0.0698911096 0.9994534449 0.0002138819 B000 1.0000000000
-0.0697953054 1.0002173234 0.0002100894 B000 1.0000000000
-0.0695702850 1.0001647207 0.0002013735 B000 1.0000000000
-0.0695218744 0.9999066927 0.0002114349 B000 1.0000000000
-0.0695200626 0.9997443110 0.0002126115 B000 1.0000000000
-0.0692857283 0.9998597701 0.0002013465 B000 1.0000000000
-0.0692259803 0.9996048630 0.0002108460 B000 1.0000000000
-0.0692101255 0.9995130222 0.0002138725 B000 1.0000000000
-0.0689542513 1.0001568564 0.0002022235 B000 1.0000000000
-0.0689427090 0.9989524265 0.0002146734 B000 1.0000000000
-0.0688957207 1.0003907935 0.0002120239 B000 1.0000000000
-0.0686661696 0.9995256244 0.0002015938 B000 1.0000000000
-0.0686481906 0.9995642510 0.0002115405 B000 1.0000000000
-0.0686328662 0.9998540382 0.0002114793 B000 1.0000000000
-0.0683819705 0.9997789719 0.0002014532 B000 1.0000000000
-0.0683752417 1.0000016697 0.0002118356 B000 1.0000000000
-0.0683230630 1.0000595887 0.0002108400 B000 1.0000000000
-0.0680626759 1.0000237930 0.0002165454 B000 1.0000000000
-0.0680595287 0.9996233724 0.0002030635 B000 1.0000000000
-0.0680562752 1.0000576837 0.0002116304 B000 1.0000000000
-0.0677819697 0.9998134700 0.0002110746 B000 1.0000000000
-0.0677718081 0.9998744934 0.0002025997 B000 1.0000000000
-0.0677403315 0.9999558609 0.0002112365 B000 1.0000000000
-0.0674844381 0.9999135638 0.0002026702 B000 1.0000000000
-0.0674768186 0.9999919172 0.0002125746 B000 1.0000000000
-0.0674121303 1.0001304550 0.0002128704 B000 1.0000000000
-0.0672269923 0.9999452367 0.0002054750 B000 1.0000000000
-0.0671684049 0.9998947721 0.0002126028 B000 1.0000000000
-0.0671150386 0.9998938529 0.0002140674 B000 1.0000000000
-0.0669052552 1.0004571513 0.0002125504 B000 1.0000000000
-0.0669048785 0.9998603088 0.0002017336 B000 1.0000000000
-0.0668483049 1.0001019561 0.0002139040 B000 1.0000000000
-0.0666227815 0.9998710819 0.0002016021 B000 1.0000000000
-0.0665946184 1.0000998773 0.0002121078 B000 1.0000000000
-0.0665816172 1.0000044387 0.0002145923 B000 1.0000000000
-0.0663319004 1.0001712183 0.0002120024 B000 1.0000000000
-0.0663041962 1.0004525600 0.0002031575 B000 1.0000000000
-0.0662744539 0.9996062918 0.0002114636 B000 1.0000000000
-0.0660032014 0.9996503914 0.0002113726 B000 1.0000000000
-0.0659434370 0.9999517006 0.0002017747 B000 1.0000000000
-0.0659084444 1.0003416253 0.0002115202 B000 1.0000000000
-0.0657386236 0.9999936249 0.0002110780 B000 1.0000000000
-0.0656601383 1.0001167086 0.0002019371 B000 1.0000000000
-0.0655932745 1.0001935108 0.0002114994 B000 1.0000000000
-0.0654146396 0.9991026220 0.0002176080 B000 1.0000000000
-0.0653393500 1.0004933003 0.0002045572 B000 1.0000000000
-0.0652778446 0.9999000251 0.0002119315 B000 1.0000000000
-0.0651234213 0.9994713560 0.0002137959 B000 1.0000000000
-0.0650474055 1.0001074796 0.0002025507 B000 1.0000000000
-0.0649879405 1.0001574299 0.0002113123 B000 1.0000000000
-0.0648138295 0.9999743856 0.0002122253 B000 1.0000000000
-0.0647022487 1.0000163450 0.0002131407 B000 1.0000000000
-0.0646975446 0.9998892166 0.0002020380 B000 1.0000000000
-0.0645282063 1.0005205233 0.0002104967 B000 1.0000000000
-0.0643895785 0.9997530727 0.0002109991 B000 1.0000000000
-0.0643663051 1.0000590725 0.0002025303 B000 1.0000000000
-0.0642629389 1.0009780920 0.0002107379 B000 1.0000000000
-0.0641238704 1.0000710187 0.0002140024 B000 1.0000000000
-0.0640645394 0.9999834812 0.0002014269 B000 1.0000000000
-0.0639599559 0.9993521256 0.0002113734 B000 1.0000000000
-0.0638114737 0.9998288921 0.0002114251 B000 1.0000000000
-0.0637918190 1.0000712820 0.0002021505 B000 1.0000000000
-0.0636952775 1.0001125897 0.0002110682 B000 1.0000000000
-0.0635126750 1.0001676789 0.0002103624 B000 1.0000000000
-0.0634756769 1.0003672730 0.0002040301 B000 1.0000000000
-0.0633713847 0.9990386808 0.0002177545 B000 1.0000000000
-0.0632345050 1.0002449460 0.0002119326 B000 1.0000000000
-0.0632173012 1.0000120300 0.0002015749 B000 1.0000000000
-0.0630818207 0.9996900464 0.0002125322 B000 1.0000000000
-0.0629214349 0.9999706248 0.0002119079 B000 1.0000000000
-0.0628985904 1.0001355615 0.0002031129 B000 1.0000000000
-0.0627704891 1.0002478718 0.0002122588 B000 1.0000000000
-0.0626443488 0.9998130805 0.0002128153 B000 1.0000000000
-0.0626149737 0.9998231416 0.0002045463 B000 1.0000000000
-0.0624451141 0.9999399294 0.0002138464 B000 1.0000000000
-0.0623462409 1.0000079629 0.0002111157 B000 1.0000000000
-0.0623356551 1.0003948342 0.0002045100 B000 1.0000000000
-0.0621810695 0.9997312951 0.0002115134 B000 1.0000000000
-0.0620805193 0.9998723263 0.0002140684 B000 1.0000000000
-0.0620354356 1.0003874725 0.0002029726 B000 1.0000000000
-0.0618741503 0.9999038795 0.0002121146 B000 1.0000000000
-0.0617780466 1.0001253271 0.0002054694 B000 1.0000000000
-0.0617755146 1.0000507494 0.0002104191 B000 1.0000000000
-0.0616106179 1.0001334607 0.0002124326 B000 1.0000000000
-0.0614693296 0.9997554731 0.0002103948 B000 1.0000000000
-0.0614619541 1.0000507054 0.0002019306 B000 1.0000000000
-0.0613037634 0.9994805772 0.0002129296 B000 1.0000000000
-0.0612254990 0.9995301132 0.0002013496 B000 1.0000000000
-0.0611664383 1.0001028324 0.0002119763 B000 1.0000000000
-0.0610073480 1.0005063689 0.0002106907 B000 1.0000000000
-0.0608896793 0.9998694659 0.0002014854 B000 1.0000000000
-0.0608780939 1.0002596146 0.0002118627 B000 1.0000000000
-0.0606468449 0.9992447347 0.0002179741 B000 1.0000000000
-0.0606046703 0.9996364078 0.0002013417 B000 1.0000000000
-0.0606009996 1.0000657609 0.0002128445 B000 1.0000000000
-0.0604017696 0.9998545480 0.0002140026 B000 1.0000000000
-0.0603040999 1.0000963554 0.0002142220 B000 1.0000000000
-0.0602922737 0.9998980865 0.0002045013 B000 1.0000000000
-0.0600884135 0.9991379130 0.0002148067 B000 1.0000000000
-0.0600372684 0.9997469005 0.0002141331 B000 1.0000000000
-0.0599921346 0.9998757502 0.0002028897 B000 1.0000000000
-0.0597605295 1.0008504751 0.0002104379 B000 1.0000000000
-0.0597347668 1.0003614375 0.0002054523 B000 1.0000000000
-0.0597248966 0.9998913764 0.0002116745 B000 1.0000000000
-0.0594952607 1.0001227406 0.0002107881 B000 1.0000000000
-0.0594099984 0.9999511937 0.0002116508 B000 1.0000000000
-0.0593889665 0.9999575540 0.0002040542 B000 1.0000000000
-0.0591498263 0.9998571094 0.0002121255 B000 1.0000000000
-0.0591231908 1.0001044516 0.0002119404 B000 1.0000000000
-0.0591002002 1.0002951111 0.0002039070 B000 1.0000000000
-0.0588347528 0.9999419353 0.0002117791 B000 1.0000000000
-0.0587892447 0.9998733319 0.0002227281 B000 1.0000000000
-0.0587848577 0.9997618426 0.0002013353 B000 1.0000000000
-0.0585577504 1.0000685422 0.0002128644 B000 1.0000000000
-0.0584495290 0.9996945108 0.0002015150 B000 1.0000000000
-0.0584213551 0.9999646711 0.0002121845 B000 1.0000000000
-0.0582596655 1.0001723652 0.0002113516 B000 1.0000000000
-0.0581267764 1.0002402402 0.0002035261 B000 1.0000000000
-0.0581081650 0.9996749623 0.0002226918 B000 1.0000000000
-0.0579525772 0.9998610867 0.0002100870 B000 1.0000000000
-0.0578300193 0.9996223104 0.0002114882 B000 1.0000000000
-0.0578227993 0.9998461242 0.0002040127 B000 1.0000000000
-0.0576815581 1.0005465090 0.0002118464 B000 1.0000000000
-0.0575327439 1.0003837019 0.0002037442 B000 1.0000000000
-0.0575095846 0.9996300137 0.0002161955 B000 1.0000000000
-0.0573666586 1.0000117730 0.0002115969 B000 1.0000000000
-0.0571990759 0.9997527573 0.0002013407 B000 1.0000000000
-0.0571864039 1.0001727362 0.0002109642 B000 1.0000000000
-0.0570798432 0.9997364992 0.0002118809 B000 1.0000000000
-0.0569138202 1.0001557431 0.0002013855 B000 1.0000000000
-0.0569028604 0.9998387998 0.0002133744 B000 1.0000000000
-0.0567915118 0.9998091753 0.0002117196 B000 1.0000000000
-0.0566077317 1.0001473222 0.0002045094 B000 1.0000000000
-0.0565791174 0.9996667847 0.0002124499 B000 1.0000000000
-0.0564809087 0.9999352678 0.0002110444 B000 1.0000000000
-0.0563445658 0.9997553429 0.0002014110 B000 1.0000000000
-0.0562708137 1.0005301998 0.0002125556 B000 1.0000000000
-0.0561335701 0.9998238248 0.0002113241 B000 1.0000000000
-0.0560017079 0.9989944721 0.0002148679 B000 1.0000000000
-0.0559832579 1.0000174883 0.0002040705 B000 1.0000000000
-0.0558479061 0.9998507997 0.0002125915 B000 1.0000000000
-0.0556970340 0.9998548515 0.0002121754 B000 1.0000000000
-0.0556946930 1.0001486688 0.0002038691 B000 1.0000000000
-0.0555366307 0.9996082921 0.0002109197 B000 1.0000000000
-0.0554085652 1.0002824039 0.0002108357 B000 1.0000000000
-0.0553792688 0.9999875212 0.0002013638 B000 1.0000000000
-0.0552737087 0.9995974335 0.0002113524 B000 1.0000000000
-0.0551217580 1.0003244495 0.0002158074 B000 1.0000000000
-0.0550954221 1.0003732161 0.0002014289 B000 1.0000000000
-0.0550108569 1.0003120976 0.0002116911 B000 1.0000000000
-0.0548596204 1.0001125897 0.0002134243 B000 1.0000000000
-0.0547211045 1.0003194224 0.0002036293 B000 1.0000000000
-0.0546582113 1.0002021976 0.0002105853 B000 1.0000000000
-0.0545768057 1.0005125543 0.0002111832 B000 1.0000000000
-0.0544171851 1.0000153517 0.0002039878 B000 1.0000000000
-0.0543802672 1.0001195965 0.0002118237 B000 1.0000000000
-0.0543116703 1.0003633455 0.0002103586 B000 1.0000000000
-0.0541271309 0.9998635407 0.0002037584 B000 1.0000000000
-0.0540903231 1.0001260735 0.0002113359 B000 1.0000000000
-0.0540077895 0.9998223686 0.0002115253 B000 1.0000000000
-0.0538045655 1.0003329575 0.0002125249 B000 1.0000000000
-0.0537603510 1.0001631407 0.0002045848 B000 1.0000000000
-0.0536536932 0.9998649835 0.0002121677 B000 1.0000000000
-0.0535241993 0.9998669923 0.0002129534 B000 1.0000000000
-0.0534812361 1.0001189350 0.0002046569 B000 1.0000000000
-0.0533911726 1.0000687605 0.0002125409 B000 1.0000000000
-0.0532303669 1.0002810269 0.0002114467 B000 1.0000000000
-0.0531809314 0.9999489175 0.0002029015 B000 1.0000000000
-0.0530785184 1.0002413259 0.0002157138 B000 1.0000000000
-0.0529596479 1.0000025337 0.0002146732 B000 1.0000000000
-0.0528838972 0.9994083772 0.0002014864 B000 1.0000000000
-0.0528162803 1.0000680016 0.0002134721 B000 1.0000000000
-0.0526523656 0.9996877309 0.0002114213 B000 1.0000000000
-0.0525568807 0.9998924485 0.0002027250 B000 1.0000000000
-0.0524925294 0.9998112880 0.0002126580 B000 1.0000000000
-0.0523507252 1.0000129160 0.0002100669 B000 1.0000000000
-0.0522577774 0.9999200995 0.0002014303 B000 1.0000000000
-0.0522286917 1.0003826797 0.0002139520 B000 1.0000000000
-0.0520749979 1.0000275845 0.0002113119 B000 1.0000000000
-0.0519210765 1.0002765221 0.0002119116 B000 1.0000000000
-0.0519203595 0.9999463140 0.0002017255 B000 1.0000000000
-0.0517820051 1.0001848240 0.0002111763 B000 1.0000000000
-0.0516400484 1.0004009389 0.0002018259 B000 1.0000000000
-0.0516206055 0.9992912201 0.0002115347 B000 1.0000000000
-0.0514497097 0.9994434135 0.0002141198 B000 1.0000000000
-0.0513541876 0.9998515122 0.0002119724 B000 1.0000000000
-0.0513195704 0.9998405581 0.0002030966 B000 1.0000000000
-0.0511871251 0.9994858000 0.0002112538 B000 1.0000000000
-0.0510564588 1.0003058364 0.0002109921 B000 1.0000000000
-0.0510359748 1.0002978762 0.0002045785 B000 1.0000000000
-0.0508779156 1.0000889258 0.0002102670 B000 1.0000000000
-0.0507730403 1.0005801006 0.0002135810 B000 1.0000000000
-0.0507566610 0.9998408454 0.0002046737 B000 1.0000000000
-0.0506090274 0.9996430775 0.0002114608 B000 1.0000000000
-0.0504565302 1.0000366285 0.0002028275 B000 1.0000000000
-0.0504492854 1.0000610762 0.0002128275 B000 1.0000000000
-0.0502688180 1.0007921599 0.0002118841 B000 1.0000000000
-0.0501594110 0.9998217770 0.0002015154 B000 1.0000000000
-0.0501408874 1.0005986188 0.0002125337 B000 1.0000000000
-0.0499843433 0.9998311781 0.0002119859 B000 1.0000000000
-0.0498295664 1.0001795667 0.0002121887 B000 1.0000000000
-0.0497754297 0.9995831887 0.0002026883 B000 1.0000000000
-0.0496698998 0.9999615760 0.0002109981 B000 1.0000000000
-0.0495671115 0.9995856913 0.0002121117 B000 1.0000000000
-0.0494783142 0.9996556199 0.0002014965 B000 1.0000000000
-0.0493621605 1.0001822713 0.0002099744 B000 1.0000000000
-0.0492787218 1.0006893888 0.0002107169 B000 1.0000000000
-0.0491721404 1.0002796338 0.0002040145 B000 1.0000000000
-0.0490983198 0.9997230879 0.0002100520 B000 1.0000000000
-0.0489756553 1.0002222574 0.0002117263 B000 1.0000000000
-0.0489139846 1.0000985739 0.0002015992 B000 1.0000000000
-0.0488273244 0.9997839339 0.0002119671 B000 1.0000000000
-0.0486234098 1.0001051899 0.0002125380 B000 1.0000000000
-0.0485949657 0.9996780638 0.0002031043 B000 1.0000000000
-0.0485283749 0.9997542157 0.0002105314 B000 1.0000000000
-0.0483107591 1.0002207395 0.0002155434 B000 1.0000000000
-0.0483069031 1.0001119684 0.0002027773 B000 1.0000000000
-0.0482503487 0.9996059299 0.0002118481 B000 1.0000000000
-0.0480299909 0.9997490544 0.0002106501 B000 1.0000000000
-0.0480192906 0.9997879495 0.0002026009 B000 1.0000000000
-0.0479371676 1.0002492323 0.0002118963 B000 1.0000000000
-0.0477248601 0.9997732648 0.0002130383 B000 1.0000000000
-0.0477178142 0.9998472015 0.0002014466 B000 1.0000000000
-0.0476601211 1.0001601732 0.0002131122 B000 1.0000000000
-0.0474724338 1.0000148753 0.0002253829 B000 1.0000000000
-0.0473782398 0.9999472118 0.0002013693 B000 1.0000000000
-0.0473189160 1.0003510550 0.0002100270 B000 1.0000000000
-0.0472104887 0.9995066850 0.0002220701 B000 1.0000000000
-0.0470550758 1.0000334901 0.0002100632 B000 1.0000000000
-0.0470508286 0.9997071512 0.0002025983 B000 1.0000000000
-0.0468798114 0.9992229150 0.0002152952 B000 1.0000000000
-0.0467639183 1.0000835813 0.0002018935 B000 1.0000000000
-0.0466823811 0.9999631190 0.0002110028 B000 1.0000000000
-0.0465864022 0.9998206990 0.0002121126 B000 1.0000000000
-0.0464476334 0.9997849689 0.0002039302 B000 1.0000000000
-0.0463738945 1.0001688600 0.0002100655 B000 1.0000000000
-0.0462887792 1.0001539522 0.0002108789 B000 1.0000000000
-0.0461894004 0.9997586825 0.0002016224 B000 1.0000000000
-0.0461101474 1.0001799852 0.0002102844 B000 1.0000000000
-0.0460229223 1.0001643878 0.0002106480 B000 1.0000000000
-0.0459050977 1.0000606885 0.0002015931 B000 1.0000000000
-0.0458039477 1.0001281690 0.0002105227 B000 1.0000000000
-0.0457429855 0.9998615682 0.0002121592 B000 1.0000000000
-0.0455824994 1.0001243216 0.0002028617 B000 1.0000000000
-0.0455397087 0.9994491286 0.0002100382 B000 1.0000000000
-0.0454573991 1.0006140634 0.0002104515 B000 1.0000000000
-0.0452947881 1.0000312420 0.0002027371 B000 1.0000000000
-0.0452359526 1.0002474226 0.0002112066 B000 1.0000000000
-0.0451040594 0.9996841645 0.0002150138 B000 1.0000000000
-0.0450076277 0.9999362592 0.0002026090 B000 1.0000000000
-0.0449709834 1.0000694947 0.0002112499 B000 1.0000000000
-0.0447762167 1.0004847769 0.0002104484 B000 1.0000000000
-0.0447206183 0.9999667829 0.0002019273 B000 1.0000000000
-0.0446698218 0.9997333368 0.0002128970 B000 1.0000000000
-0.0445109437 1.0003345814 0.0002104862 B000 1.0000000000
-0.0444043283 0.9998254758 0.0002038872 B000 1.0000000000
-0.0443764944 1.0000327281 0.0002116693 B000 1.0000000000
-0.0442241798 1.0001729259 0.0002154607 B000 1.0000000000
-0.0441132696 0.9998412747 0.0002119415 B000 1.0000000000
-0.0441032955 1.0003443801 0.0002029025 B000 1.0000000000
-0.0439433988 1.0002280444 0.0002106109 B000 1.0000000000
-0.0438033459 0.9999400303 0.0002105821 B000 1.0000000000
-0.0438002072 0.9999438003 0.0002013778 B000 1.0000000000
-0.0436382721 0.9998158417 0.0002134187 B000 1.0000000000
-0.0435367199 0.9998773936 0.0002117889 B000 1.0000000000
-0.0435164654 0.9999876109 0.0002014470 B000 1.0000000000
-0.0433280316 0.9996459136 0.0002134979 B000 1.0000000000
-0.0432207614 0.9998516760 0.0002112453 B000 1.0000000000
-0.0431807010 1.0001943467 0.0002016225 B000 1.0000000000
-0.0430608066 0.9993375158 0.0002149966 B000 1.0000000000
-0.0429277368 0.9999009014 0.0002112499 B000 1.0000000000
-0.0428625463 0.9998448673 0.0002044784 B000 1.0000000000
-0.0427328694 1.0003908573 0.0002104679 B000 1.0000000000
-0.0426630825 0.9996448682 0.0002107969 B000 1.0000000000
-0.0425833357 1.0000071821 0.0002046574 B000 1.0000000000
-0.0424676959 1.0002748144 0.0002103958 B000 1.0000000000
-0.0423332570 0.9996494403 0.0002115936 B000 1.0000000000
-0.0422688391 0.9998935977 0.0002014525 B000 1.0000000000
-0.0421647368 1.0000507356 0.0002118446 B000 1.0000000000
-0.0420620126 1.0003226704 0.0002140841 B000 1.0000000000
-0.0419960181 1.0000311702 0.0002018924 B000 1.0000000000
-0.0417617505 0.9999911583 0.0002217317 B000 1.0000000000
-0.0417547951 1.0000755908 0.0002119049 B000 1.0000000000
-0.0416797213 1.0000435233 0.0002038591 B000 1.0000000000
-0.0414411202 1.0000495971 0.0002132835 B000 1.0000000000
-0.0413910625 1.0001842200 0.0002039047 B000 1.0000000000
-0.0413888477 0.9999946279 0.0002120117 B000 1.0000000000
-0.0411630511 0.9993463576 0.0002168715 B000 1.0000000000
-0.0411027529 0.9996912609 0.0002031872 B000 1.0000000000
-0.0410737157 1.0000247270 0.0002119392 B000 1.0000000000
-0.0408707485 0.9994804823 0.0002126579 B000 1.0000000000
-0.0408192640 1.0003040887 0.0002044996 B000 1.0000000000
-0.0407720371 0.9996054345 0.0002100560 B000 1.0000000000
-0.0406054576 1.0000506407 0.0002124540 B000 1.0000000000
-0.0405400544 1.0003417946 0.0002046514 B000 1.0000000000
-0.0404963426 0.9995835269 0.0002111969 B000 1.0000000000
-0.0403362695 0.9990017580 0.0002150079 B000 1.0000000000
-0.0402610880 0.9998849074 0.0002042530 B000 1.0000000000
-0.0402033082 1.0002792362 0.0002112840 B000 1.0000000000
-0.0400317877 1.0005406353 0.0002120259 B000 1.0000000000
-0.0399824636 0.9996899142 0.0002050871 B000 1.0000000000
-0.0399021416 0.9995355207 0.0002129466 B000 1.0000000000
-0.0397185112 0.9997452597 0.0002217162 B000 1.0000000000
-0.0396157776 1.0000608680 0.0002028164 B000 1.0000000000
-0.0396087405 1.0001240923 0.0002115571 B000 1.0000000000
-0.0393876818 0.9995639664 0.0002153031 B000 1.0000000000
-0.0393374787 1.0004134250 0.0002139988 B000 1.0000000000
-0.0393355333 1.0000009875 0.0002028828 B000 1.0000000000
-0.0390878840 1.0004854220 0.0002124645 B000 1.0000000000
-0.0390555349 1.0001104243 0.0002039159 B000 1.0000000000
-0.0390303775 0.9999115695 0.0002120468 B000 1.0000000000
-0.0387753407 1.0002764272 0.0002154535 B000 1.0000000000
-0.0387712905 1.0002036116 0.0002030956 B000 1.0000000000
-0.0386900151 1.0000203455 0.0002117459 B000 1.0000000000
-0.0385132001 1.0003494758 0.0002137831 B000 1.0000000000
-0.0384612715 1.0002819859 0.0002039229 B000 1.0000000000
-0.0384018430 1.0000468251 0.0002123904 B000 1.0000000000
-0.0382302326 1.0001520549 0.0002109869 B000 1.0000000000
-0.0381341218 0.9998321192 0.0002020273 B000 1.0000000000
-0.0380911248 1.0000124207 0.0002109413 B000 1.0000000000
-0.0378792591 0.9995701329 0.0002135031 B000 1.0000000000
-0.0378154793 1.0004226647 0.0002046034 B000 1.0000000000
-0.0377834751 0.9999905131 0.0002101963 B000 1.0000000000
-0.0375697238 1.0000461819 0.0002123021 B000 1.0000000000
-0.0375195371 1.0001040897 0.0002100377 B000 1.0000000000
-0.0375152242 1.0001752424 0.0002022633 B000 1.0000000000
-0.0372580906 0.9995816446 0.0002050815 B000 1.0000000000
-0.0372560389 0.9997295116 0.0002253194 B000 1.0000000000
-0.0372142267 0.9996442967 0.0002108037 B000 1.0000000000
-0.0369940921 0.9996769545 0.0002215580 B000 1.0000000000
-0.0369358408 0.9998540963 0.0002016845 B000 1.0000000000
-0.0369336600 0.9993981696 0.0002118705 B000 1.0000000000
-0.0367158820 1.0001289070 0.0002118604 B000 1.0000000000
-0.0366537561 0.9995200583 0.0002018644 B000 1.0000000000
-0.0366467676 1.0001195965 0.0002117449 B000 1.0000000000
-0.0363697479 1.0003619035 0.0002125424 B000 1.0000000000
-0.0363584021 0.9999006157 0.0002124709 B000 1.0000000000
-0.0363309578 0.9997885599 0.0002039034 B000 1.0000000000
-0.0361007663 1.0001985403 0.0002118105 B000 1.0000000000
-0.0360814088 0.9999496697 0.0002134918 B000 1.0000000000
-0.0360468870 0.9998849074 0.0002031418 B000 1.0000000000
-0.0358360070 0.9994852257 0.0002135082 B000 1.0000000000
-0.0357407062 0.9999362592 0.0002014340 B000 1.0000000000
-0.0357402307 0.9996878452 0.0002102034 B000 1.0000000000
-0.0355685795 0.9993445361 0.0002151483 B000 1.0000000000
-0.0354762931 0.9997446907 0.0002100112 B000 1.0000000000
-0.0354470613 0.9998965064 0.0002038492 B000 1.0000000000
-0.0352741038 0.9994151181 0.0002117235 B000 1.0000000000
-0.0351748857 0.9999084286 0.0002015448 B000 1.0000000000
-0.0351344613 0.9998725168 0.0002131122 B000 1.0000000000
-0.0350014015 1.0003044133 0.0002124127 B000 1.0000000000
-0.0348406908 0.9997997455 0.0002114403 B000 1.0000000000
-0.0348331709 1.0001276612 0.0002013653 B000 1.0000000000
-0.0346301101 0.9999256992 0.0002135231 B000 1.0000000000
-0.0345488289 0.9997032729 0.0002013244 B000 1.0000000000
-0.0345314673 1.0000145543 0.0002103483 B000 1.0000000000
-0.0343665712 0.9999674412 0.0002118466 B000 1.0000000000
-0.0342171643 1.0000642795 0.0002022241 B000 1.0000000000
-0.0341599074 0.9997244976 0.0002113659 B000 1.0000000000
-0.0340596101 0.9996635781 0.0002127289 B000 1.0000000000
-0.0339808010 0.9997553429 0.0002014746 B000 1.0000000000
-0.0338989276 0.9998843279 0.0002118525 B000 1.0000000000
-0.0337944506 1.0001404051 0.0002124101 B000 1.0000000000
-0.0336934536 0.9997992612 0.0002039263 B000 1.0000000000
-0.0335441748 0.9997923159 0.0002103847 B000 1.0000000000
-0.0335312935 0.9995439492 0.0002127377 B000 1.0000000000
-0.0333599150 1.0000467732 0.0002014025 B000 1.0000000000
-0.0332661922 1.0000401576 0.0002121934 B000 1.0000000000
-0.0331692610 0.9996967820 0.0002257877 B000 1.0000000000
-0.0330345774 1.0001963577 0.0002031389 B000 1.0000000000
-0.0329530004 0.9999696723 0.0002125810 B000 1.0000000000
-0.0327813749 1.0004224295 0.0002108455 B000 1.0000000000
-0.0326851581 1.0000000000 0.0002020268 B000 1.0000000000
-0.0326458339 0.9993170162 0.0002121103 B000 1.0000000000
-0.0324881814 0.9995763942 0.0002258716 B000 1.0000000000
-0.0324332005 0.9997191812 0.0002037484 B000 1.0000000000
-0.0323777551 1.0000485396 0.0002113845 B000 1.0000000000
-0.0322125760 1.0000179111 0.0002111741 B000 1.0000000000
-0.0321087776 0.9998567178 0.0002013489 B000 1.0000000000
-0.0320706865 1.0002257817 0.0002100602 B000 1.0000000000
-0.0318686867 0.9997783687 0.0002117775 B000 1.0000000000
-0.0318091448 1.0003155441 0.0002051258 B000 1.0000000000
-0.0317998367 0.9999072832 0.0002112126 B000 1.0000000000
-0.0316020626 0.9998323488 0.0002126174 B000 1.0000000000
-0.0314925653 1.0001691377 0.0002022502 B000 1.0000000000
-0.0314634139 0.9998347976 0.0002124661 B000 1.0000000000
-0.0312832619 0.9998600503 0.0002155746 B000 1.0000000000
-0.0312048880 0.9993989328 0.0002019130 B000 1.0000000000
-0.0311643772 1.0001178820 0.0002140949 B000 1.0000000000
-0.0309610654 0.9998235450 0.0002118493 B000 1.0000000000
-0.0309205159 0.9994196890 0.0002015614 B000 1.0000000000
-0.0308625063 0.9998859662 0.0002102668 B000 1.0000000000
-0.0306541909 0.9995803786 0.0002128584 B000 1.0000000000
-0.0305978801 0.9999548607 0.0002031914 B000 1.0000000000
-0.0305416729 0.9997393567 0.0002121247 B000 1.0000000000
-0.0303576134 1.0002622918 0.0002110156 B000 1.0000000000
-0.0303101750 1.0000551224 0.0002031485 B000 1.0000000000
-0.0302325532 0.9999971806 0.0002122354 B000 1.0000000000
-0.0300570460 0.9999877430 0.0002107059 B000 1.0000000000
-0.0300086954 0.9998085261 0.0002014567 B000 1.0000000000
-0.0299514612 0.9998496567 0.0002136642 B000 1.0000000000
-0.0297638627 0.9995185245 0.0002262822 B000 1.0000000000
-0.0297359176 0.9992925664 0.0002018558 B000 1.0000000000
-0.0296543261 0.9999907417 0.0002137201 B000 1.0000000000
-0.0294880493 1.0000591788 0.0002111641 B000 1.0000000000
-0.0294195901 0.9998470220 0.0002037897 B000 1.0000000000
-0.0293875037 0.9999387159 0.0002141018 B000 1.0000000000
-0.0291342033 1.0000917187 0.0002116867 B000 1.0000000000
-0.0291188140 1.0003944751 0.0002030581 B000 1.0000000000
-0.0290753186 0.9998403222 0.0002112053 B000 1.0000000000
-0.0288208349 0.9998490456 0.0002216418 B000 1.0000000000
-0.0288157571 0.9998384035 0.0002013691 B000 1.0000000000
-0.0287764022 0.9994275829 0.0002103826 B000 1.0000000000
-0.0285425998 0.9995095310 0.0002115393 B000 1.0000000000
-0.0285319215 0.9996540039 0.0002014516 B000 1.0000000000
-0.0284985334 0.9997654553 0.0002120533 B000 1.0000000000
-0.0282366407 0.9996069417 0.0002118576 B000 1.0000000000
-0.0281853381 0.9999201420 0.0002125480 B000 1.0000000000
-0.0281614308 0.9996996100 0.0002032180 B000 1.0000000000
-0.0279538663 0.9988504621 0.0002169797 B000 1.0000000000
-0.0278781456 0.9999143127 0.0002125414 B000 1.0000000000
-0.0278534733 0.9998265531 0.0002041306 B000 1.0000000000
-0.0276626983 0.9989794830 0.0002135516 B000 1.0000000000
-0.0275672402 0.9995861334 0.0002014207 B000 1.0000000000
-0.0275669528 0.9997053523 0.0002102250 B000 1.0000000000
-0.0273030171 1.0001514101 0.0002100846 B000 1.0000000000
-0.0272919201 0.9998691577 0.0002136582 B000 1.0000000000
-0.0272735338 0.9998748525 0.0002040638 B000 1.0000000000
-0.0270320801 0.9995416167 0.0002112190 B000 1.0000000000
-0.0270278762 0.9999229290 0.0002110617 B000 1.0000000000
-0.0269446819 0.9998173959 0.0002013481 B000 1.0000000000
-0.0267202850 0.9997481057 0.0002129528 B000 1.0000000000
-0.0267172607 1.0000771910 0.0002122310 B000 1.0000000000
-0.0266388181 1.0000746037 0.0002041940 B000 1.0000000000
-0.0264465762 0.9990310913 0.0002155756 B000 1.0000000000
-0.0264302299 1.0000755146 0.0002116946 B000 1.0000000000
-0.0263303176 0.9999391320 0.0002019491 B000 1.0000000000
-0.0261419972 0.9995997195 0.0002124552 B000 1.0000000000
-0.0261212136 1.0004025071 0.0002105343 B000 1.0000000000
-0.0260379997 0.9995158568 0.0002016288 B000 1.0000000000
-0.0258648627 0.9993901685 0.0002137466 B000 1.0000000000
-0.0257758570 0.9997585413 0.0002131843 B000 1.0000000000
-0.0257560196 0.9994509309 0.0002018052 B000 1.0000000000
-0.0255668629 0.9998240534 0.0002110750 B000 1.0000000000
-0.0254977021 0.9996497084 0.0002167419 B000 1.0000000000
-0.0254368262 0.9997984353 0.0002032038 B000 1.0000000000
-0.0253009017 1.0000927358 0.0002140438 B000 1.0000000000
-0.0252053202 0.9994699520 0.0002132543 B000 1.0000000000
-0.0251289619 0.9999845586 0.0002042010 B000 1.0000000000
-0.0249961309 1.0001210062 0.0002103464 B000 1.0000000000
-0.0249088494 1.0002929153 0.0002110665 B000 1.0000000000
-0.0248389201 1.0001027036 0.0002040115 B000 1.0000000000
-0.0246738209 0.9995025641 0.0002122109 B000 1.0000000000
-0.0246081883 1.0004196783 0.0002105541 B000 1.0000000000
-0.0245491245 0.9999920100 0.0002041588 B000 1.0000000000
-0.0243868823 0.9999259714 0.0002116813 B000 1.0000000000
-0.0243034502 0.9994308662 0.0002109604 B000 1.0000000000
-0.0242596765 0.9999911122 0.0002038119 B000 1.0000000000
-0.0240987562 0.9996678426 0.0002123777 B000 1.0000000000
-0.0239958616 1.0001195340 0.0002130308 B000 1.0000000000
-0.0239500951 0.9997124659 0.0002028622 B000 1.0000000000
-0.0238215135 0.9997268979 0.0002138239 B000 1.0000000000
-0.0236953858 0.9994295381 0.0002117393 B000 1.0000000000
-0.0236698573 1.0002294671 0.0002032210 B000 1.0000000000
-0.0235243714 0.9997785999 0.0002136316 B000 1.0000000000
-0.0234288591 0.9991677016 0.0002125302 B000 1.0000000000
-0.0233667752 1.0000270225 0.0002013816 B000 1.0000000000
-0.0232575506 0.9998990726 0.0002140065 B000 1.0000000000
-0.0231598357 1.0000137369 0.0002120620 B000 1.0000000000
-0.0230856533 0.9996350432 0.0002042139 B000 1.0000000000
-0.0229910757 0.9997265931 0.0002145138 B000 1.0000000000
-0.0228950098 0.9992224406 0.0002136469 B000 1.0000000000
-0.0227994600 0.9995214948 0.0002014429 B000 1.0000000000
-0.0226839717 1.0000092012 0.0002123888 B000 1.0000000000
-0.0226275781 0.9987812082 0.0002158228 B000 1.0000000000
-0.0224684264 0.9999886882 0.0002021074 B000 1.0000000000
-0.0223686149 0.9997664078 0.0002117347 B000 1.0000000000
-0.0223231005 0.9999678207 0.0002115577 B000 1.0000000000
-0.0222162704 0.9997236700 0.0002038102 B000 1.0000000000
-0.0220604736 0.9997157557 0.0002120473 B000 1.0000000000
-0.0220593056 0.9998561337 0.0002124304 B000 1.0000000000
-0.0218920030 0.9999588827 0.0002013514 B000 1.0000000000
-0.0217481891 0.9998983487 0.0002130278 B000 1.0000000000
-0.0217315813 1.0000013092 0.0002113022 B000 1.0000000000
-0.0216075666 0.9999297953 0.0002013418 B000 1.0000000000
-0.0214669918 0.9995117889 0.0002112986 B000 1.0000000000
-0.0214256103 0.9998976629 0.0002114444 B000 1.0000000000
-0.0213233820 0.9992044065 0.0002013169 B000 1.0000000000
-0.0211618881 0.9994260469 0.0002131197 B000 1.0000000000
-0.0211118160 0.9998218436 0.0002118300 B000 1.0000000000
-0.0210395494 1.0002081004 0.0002014471 B000 1.0000000000
-0.0208979427 0.9995781967 0.0002109767 B000 1.0000000000
-0.0208313208 1.0000024384 0.0002136747 B000 1.0000000000
-0.0207521045 0.9995466320 0.0002039572 B000 1.0000000000
-0.0205843253 0.9991307030 0.0002159762 B000 1.0000000000
-0.0205374983 0.9999977711 0.0002114803 B000 1.0000000000
-0.0204187362 0.9998636305 0.0002013923 B000 1.0000000000
-0.0202898687 0.9995287703 0.0002117318 B000 1.0000000000
-0.0202746536 0.9996879214 0.0002115655 B000 1.0000000000
-0.0201334961 0.9996128147 0.0002013205 B000 1.0000000000
-0.0200172324 0.9998496148 0.0002120433 B000 1.0000000000
-0.0199221385 1.0002291345 0.0002105612 B000 1.0000000000
-0.0198486081 0.9998762889 0.0002013426 B000 1.0000000000
-0.0196883358 1.0001474063 0.0002112570 B000 1.0000000000
-0.0196441956 0.9997450717 0.0002115786 B000 1.0000000000
-0.0195830897 0.9998711537 0.0002033517 B000 1.0000000000
-0.0193676394 0.9990453974 0.0002163209 B000 1.0000000000
-0.0193541238 1.0001295025 0.0002112438 B000 1.0000000000
-0.0192325701 0.9998914610 0.0002020737 B000 1.0000000000
-0.0190684755 0.9998302256 0.0002117350 B000 1.0000000000
-0.0190446674 1.0002668455 0.0002108550 B000 1.0000000000
-0.0189020951 1.0001003694 0.0002033905 B000 1.0000000000
-0.0187572710 0.9997783332 0.0002113248 B000 1.0000000000
-0.0187425636 0.9996103570 0.0002114027 B000 1.0000000000
-0.0185989911 0.9997461139 0.0002013613 B000 1.0000000000
-0.0184898651 1.0000581409 0.0002140289 B000 1.0000000000
-0.0184184766 0.9990967401 0.0002171828 B000 1.0000000000
-0.0183151597 0.9997033806 0.0002013923 B000 1.0000000000
-0.0181850191 0.9996486783 0.0002102623 B000 1.0000000000
-0.0181290944 1.0000777920 0.0002122241 B000 1.0000000000
-0.0179819363 0.9995843379 0.0002017276 B000 1.0000000000
-0.0179162158 0.9997225926 0.0002122238 B000 1.0000000000
-0.0177971661 1.0002369430 0.0002104038 B000 1.0000000000
-0.0176941408 1.0000793618 0.0002014041 B000 1.0000000000
-0.0176145609 0.9996301044 0.0002099085 B000 1.0000000000
-0.0175040289 0.9995636818 0.0002274167 B000 1.0000000000
-0.0173820662 0.9999139947 0.0002042892 B000 1.0000000000
-0.0173106767 0.9998252726 0.0002112095 B000 1.0000000000
-0.0171849530 0.9997698306 0.0002130366 B000 1.0000000000
-0.0170816148 0.9999360078 0.0002027086 B000 1.0000000000
-0.0170103828 0.9998543049 0.0002140260 B000 1.0000000000
-0.0168844517 0.9998456303 0.0002118047 B000 1.0000000000
-0.0167946174 0.9997891165 0.0002022111 B000 1.0000000000
-0.0167139288 1.0000667134 0.0002113444 B000 1.0000000000
-0.0165857572 0.9999709513 0.0002111237 B000 1.0000000000
-0.0164578515 0.9999840199 0.0002026666 B000 1.0000000000
-0.0164466140 0.9994635114 0.0002140040 B000 1.0000000000
-0.0162990043 1.0000222751 0.0002159106 B000 1.0000000000
-0.0161896089 0.9997441388 0.0002040728 B000 1.0000000000
-0.0161345080 0.9997990597 0.0002117349 B000 1.0000000000
-0.0160368595 0.9998040780 0.0002130365 B000 1.0000000000
-0.0158976279 1.0000583543 0.0002033646 B000 1.0000000000
-0.0158354476 0.9996710621 0.0002105566 B000 1.0000000000
-0.0156939367 0.9987316870 0.0002172606 B000 1.0000000000
-0.0155932218 0.9998704714 0.0002042104 B000 1.0000000000
-0.0155327096 0.9993987411 0.0002116774 B000 1.0000000000
-0.0153733874 0.9999487711 0.0002110543 B000 1.0000000000
-0.0153071912 0.9996094751 0.0002015045 B000 1.0000000000
-0.0152483160 0.9997294506 0.0002125398 B000 1.0000000000
-0.0150240641 0.9997199891 0.0002014854 B000 1.0000000000
-0.0149866690 0.9998813008 0.0002122894 B000 1.0000000000
-0.0149672336 0.9999441451 0.0002140890 B000 1.0000000000
-0.0147413881 0.9998891089 0.0002016124 B000 1.0000000000
-0.0147217011 0.9992259507 0.0002137152 B000 1.0000000000
-0.0146700812 0.9995459221 0.0002136149 B000 1.0000000000
-0.0144349521 0.9995642281 0.0002039409 B000 1.0000000000
-0.0144075729 1.0001586491 0.0002114284 B000 1.0000000000
-0.0143508748 0.9996655703 0.0002125471 B000 1.0000000000
-0.0141769874 0.9999148925 0.0002015095 B000 1.0000000000
-0.0141367907 0.9998701355 0.0002148383 B000 1.0000000000
-0.0140986306 0.9997142188 0.0002271830 B000 1.0000000000
-0.0138543449 1.0000518186 0.0002033102 B000 1.0000000000
-0.0138349807 0.9997158298 0.0002101762 B000 1.0000000000
-0.0137794487 0.9997327371 0.0002130189 B000 1.0000000000
-0.0135683303 1.0002487561 0.0002116010 B000 1.0000000000
-0.0135498135 1.0000760581 0.0002041634 B000 1.0000000000
-0.0134788346 0.9991630341 0.0002117140 B000 1.0000000000
-0.0132523536 1.0001438663 0.0002116899 B000 1.0000000000
-0.0132141661 0.9997261837 0.0002017691 B000 1.0000000000
-0.0130921982 0.9988100482 0.0002162279 B000 1.0000000000
-0.0129905665 0.9998321306 0.0002114201 B000 1.0000000000
-0.0129263485 0.9996862155 0.0002013636 B000 1.0000000000
-0.0127363713 0.9995566616 0.0002270116 B000 1.0000000000
-0.0126580262 1.0000264415 0.0002136048 B000 1.0000000000
-0.0126411117 0.9998428923 0.0002013324 B000 1.0000000000
-0.0124171870 1.0004169271 0.0002130767 B000 1.0000000000
-0.0123923984 1.0001012322 0.0002127179 B000 1.0000000000
-0.0123563270 0.9999195608 0.0002013467 B000 1.0000000000
-0.0121435014 0.9994559114 0.0002163873 B000 1.0000000000
-0.0121036981 1.0001463618 0.0002118786 B000 1.0000000000
-0.0120909491 1.0001482199 0.0002035892 B000 1.0000000000
-0.0118439674 0.9998389896 0.0002120195 B000 1.0000000000
-0.0118109619 1.0003224748 0.0002032831 B000 1.0000000000
-0.0117916376 0.9995741924 0.0002101871 B000 1.0000000000
-0.0115525566 0.9998881313 0.0002108499 B000 1.0000000000
-0.0115282706 0.9999085977 0.0002108578 B000 1.0000000000
-0.0115264556 0.9999315908 0.0002030380 B000 1.0000000000
-0.0112505613 0.9997864325 0.0002113177 B000 1.0000000000
-0.0112091145 0.9992595802 0.0002116544 B000 1.0000000000
-0.0111679403 0.9997735135 0.0002014768 B000 1.0000000000
-0.0109474276 0.9995272339 0.0002114067 B000 1.0000000000
-0.0109000856 1.0001691312 0.0002123943 B000 1.0000000000
-0.0108830520 0.9999181244 0.0002013856 B000 1.0000000000
-0.0106511292 0.9998171572 0.0002106296 B000 1.0000000000
-0.0106057064 1.0002744350 0.0002110883 B000 1.0000000000
-0.0105709286 0.9999501565 0.0002043540 B000 1.0000000000
-0.0103708419 0.9999387159 0.0002119348 B000 1.0000000000
-0.0103051617 1.0005436711 0.0002104779 B000 1.0000000000
-0.0102562860 0.9999252347 0.0002014978 B000 1.0000000000
-0.0100604609 0.9999139507 0.0002118466 B000 1.0000000000
-0.0100400139 0.9997241989 0.0002104813 B000 1.0000000000
-0.0099735119 0.9997627404 0.0002015698 B000 1.0000000000
-0.0097482945 0.9997409569 0.0002102280 B000 1.0000000000
-0.0096927635 0.9998904082 0.0002130063 B000 1.0000000000
-0.0096467027 0.9997999794 0.0002024844 B000 1.0000000000
-0.0094817544 0.9999279526 0.0002115769 B000 1.0000000000
-0.0093782945 0.9997349099 0.0002040418 B000 1.0000000000
-0.0093589315 0.9999570057 0.0002105198 B000 1.0000000000
-0.0091657754 0.9994247254 0.0002117081 B000 1.0000000000
-0.0090632230 0.9999998204 0.0002013857 B000 1.0000000000
-0.0090550990 0.9998533147 0.0002120062 B000 1.0000000000
-0.0088519726 1.0002705494 0.0002115866 B000 1.0000000000
-0.0087378788 0.9993444602 0.0002164879 B000 1.0000000000
-0.0087294828 0.9997905709 0.0002018068 B000 1.0000000000
-0.0085406600 0.9997196398 0.0002111148 B000 1.0000000000
-0.0084088973 0.9994810956 0.0002029413 B000 1.0000000000
-0.0083878417 0.9999022857 0.0002214986 B000 1.0000000000
-0.0082734103 0.9998043175 0.0002142779 B000 1.0000000000
-0.0080983981 0.9995134149 0.0002013572 B000 1.0000000000
-0.0080568943 0.9988604043 0.0002164668 B000 1.0000000000
-0.0080068396 0.9998271776 0.0002147612 B000 1.0000000000
-0.0077624445 0.9996355101 0.0002014548 B000 1.0000000000
-0.0077067619 0.9996477351 0.0002214383 B000 1.0000000000
-0.0076623658 0.9997091623 0.0002105394 B000 1.0000000000
-0.0074773576 0.9998714410 0.0002013781 B000 1.0000000000
-0.0073860696 0.9994587575 0.0002123618 B000 1.0000000000
-0.0073843586 0.9998047747 0.0002111806 B000 1.0000000000
-0.0071654598 1.0000922896 0.0002044281 B000 1.0000000000
-0.0070823521 0.9998625169 0.0002122697 B000 1.0000000000
-0.0070751683 0.9995729541 0.0002124206 B000 1.0000000000
-0.0068865069 0.9997592212 0.0002047125 B000 1.0000000000
-0.0067939367 0.9996945128 0.0002141890 B000 1.0000000000
-0.0067848770 0.9997954450 0.0002108179 B000 1.0000000000
-0.0066078963 0.9999902144 0.0002048350 B000 1.0000000000
-0.0064974178 0.9994972300 0.0002110582 B000 1.0000000000
-0.0064827870 0.9998792137 0.0002110198 B000 1.0000000000
-0.0062912753 0.9994880263 0.0002021356 B000 1.0000000000
-0.0062301592 1.0001096904 0.0002143796 B000 1.0000000000
-0.0061585470 0.9993262075 0.0002175949 B000 1.0000000000
-0.0060048852 1.0001000103 0.0002018190 B000 1.0000000000
-0.0059634892 0.9999822453 0.0002147195 B000 1.0000000000
-0.0058693416 0.9994460451 0.0002123212 B000 1.0000000000
-0.0057219132 0.9995149591 0.0002017245 B000 1.0000000000
-0.0056565865 0.9998267966 0.0002120359 B000 1.0000000000
-0.0054966174 0.9996452685 0.0002119507 B000 1.0000000000
-0.0054012736 1.0000539553 0.0002037777 B000 1.0000000000
-0.0053950785 1.0004708801 0.0002117068 B000 1.0000000000
-0.0052441950 0.9995170066 0.0002259934 B000 1.0000000000
-0.0051220785 0.9997967475 0.0002044585 B000 1.0000000000
-0.0050791971 0.9996087874 0.0002117620 B000 1.0000000000
-0.0049685090 0.9999021718 0.0002123791 B000 1.0000000000
-0.0048432265 1.0000186734 0.0002047127 B000 1.0000000000
-0.0047859359 0.9993809102 0.0002105205 B000 1.0000000000
-0.0046617456 0.9997527543 0.0002123704 B000 1.0000000000
-0.0045646165 0.9997797978 0.0002048686 B000 1.0000000000
-0.0045211913 0.9997863151 0.0002105803 B000 1.0000000000
-0.0043518828 0.9999329092 0.0002120770 B000 1.0000000000
-0.0042477760 0.9998094238 0.0002021203 B000 1.0000000000
-0.0042193061 1.0001886340 0.0002127921 B000 1.0000000000
-0.0040116134 0.9999464936 0.0002014105 B000 1.0000000000
-0.0039806646 0.9995101761 0.0002123507 B000 1.0000000000
-0.0039283226 0.9997656458 0.0002112716 B000 1.0000000000
-0.0037240402 0.9994934847 0.0002035140 B000 1.0000000000
-0.0037022902 0.9991057526 0.0002161648 B000 1.0000000000
-0.0036132483 1.0001406468 0.0002120902 B000 1.0000000000
-0.0034343535 0.9995473502 0.0002039461 B000 1.0000000000
-0.0034100372 0.9993927292 0.0002134310 B000 1.0000000000
-0.0032977796 0.9997526917 0.0002112036 B000 1.0000000000
-0.0031429720 0.9992474669 0.0002133968 B000 1.0000000000
-0.0031055315 0.9997809469 0.0002013291 B000 1.0000000000
-0.0029885945 1.0000710187 0.0002122651 B000 1.0000000000
-0.0028129572 0.9998092009 0.0002107096 B000 1.0000000000
-0.0027780086 1.0001855846 0.0002028241 B000 1.0000000000
-0.0027073384 0.9998564385 0.0002141709 B000 1.0000000000
-0.0025082420 0.9998188016 0.0002125508 B000 1.0000000000
-0.0024638122 0.9999938055 0.0002036237 B000 1.0000000000
-0.0024108334 0.9993672132 0.0002109406 B000 1.0000000000
-0.0021544588 0.9998829323 0.0002024527 B000 1.0000000000
-0.0021525563 0.9996492530 0.0002125862 B000 1.0000000000
-0.0021023079 0.9997857246 0.0002100393 B000 1.0000000000
-0.0018899921 0.9999076742 0.0002120927 B000 1.0000000000
-0.0018860787 1.0000757708 0.0002039649 B000 1.0000000000
-0.0018313384 0.9998163190 0.0002117149 B000 1.0000000000
-0.0016014399 1.0002818347 0.0002112856 B000 1.0000000000
-0.0015942472 0.9999136356 0.0002032515 B000 1.0000000000
-0.0015324295 1.0001168342 0.0002105003 B000 1.0000000000
-0.0012985257 0.9999131766 0.0002120023 B000 1.0000000000
-0.0012897620 0.9997927076 0.0002036166 B000 1.0000000000
-0.0012293769 1.0001378845 0.0002119940 B000 1.0000000000
-0.0010340307 1.0001366103 0.0002106818 B000 1.0000000000
-0.0010037511 0.9999924588 0.0002015525 B000 1.0000000000
-0.0009452576 0.9997513582 0.0002121277 B000 1.0000000000
-0.0007206300 0.9999208177 0.0002014956 B000 1.0000000000
-0.0007096672 0.9991493920 0.0002175866 B000 1.0000000000
-0.0006306767 0.9998428749 0.0002105532 B000 1.0000000000
-0.0004378599 0.9998573462 0.0002014765 B000 1.0000000000
-0.0004204960 0.9996906156 0.0002124434 B000 1.0000000000
-0.0003228932 0.9998165095 0.0002102705 B000 1.0000000000
-0.0001511966 0.9994403530 0.0002155452 B000 1.0000000000
-0.0000962575 1.0000345457 0.0002013604 B000 1.0000000000
-0.0000589639 1.0001144529 0.0002100453 B000 1.0000000000
0.0001691538 1.0002195917 0.0002034240 B000 1.0000000000
0.0001765222 1.0000288210 0.0002111294 B000 1.0000000000
0.0002119001 1.0002779027 0.0002116728 B000 1.0000000000
0.0004491358 0.9999497255 0.0002032879 B000 1.0000000000
0.0004803445 0.9997541773 0.0002128512 B000 1.0000000000
0.0005267372 0.9998393696 0.0002113810 B000 1.0000000000
0.0007537466 0.9998868824 0.0002035486 B000 1.0000000000
0.0007976044 0.9992145665 0.0002164960 B000 1.0000000000
0.0008371038 0.9996787774 0.0002117155 B000 1.0000000000
0.0010438777 0.9997116400 0.0002033954 B000 1.0000000000
0.0011228905 1.0000317619 0.0002111629 B000 1.0000000000
0.0011494017 0.9998561337 0.0002104498 B000 1.0000000000
0.0013770277 0.9995656645 0.0002013504 B000 1.0000000000
0.0014158145 1.0001133861 0.0002119731 B000 1.0000000000
0.0014681836 0.9994136002 0.0002123706 B000 1.0000000000
0.0016622587 0.9998179346 0.0002013347 B000 1.0000000000
0.0017464878 0.9988919385 0.0002164116 B000 1.0000000000
0.0017600285 0.9998383409 0.0002107589 B000 1.0000000000
0.0019897935 0.9998525881 0.0002027158 B000 1.0000000000
0.0020249856 0.9996447539 0.0002105680 B000 1.0000000000
0.0020409450 0.9996853978 0.0002124674 B000 1.0000000000
0.0022865264 0.9999462243 0.0002014570 B000 1.0000000000
0.0023261971 0.9996495165 0.0002129870 B000 1.0000000000
0.0023352707 1.0000123329 0.0002110889 B000 1.0000000000
0.0026134053 1.0001524394 0.0002025260 B000 1.0000000000
0.0026193656 0.9996235321 0.0002116023 B000 1.0000000000
0.0026766587 1.0003788849 0.0002117406 B000 1.0000000000
0.0028818313 0.9994770378 0.0002038316 B000 1.0000000000
0.0028825819 1.0002506611 0.0002113964 B000 1.0000000000
0.0029405101 0.9995634921 0.0002131186 B000 1.0000000000
0.0031735130 1.0001709332 0.0002033610 B000 1.0000000000
0.0031978458 0.9997621406 0.0002121701 B000 1.0000000000
0.0033577400 0.9998084420 0.0002116846 B000 1.0000000000
0.0034806584 0.9998726979 0.0002014420 B000 1.0000000000
0.0034995702 0.9998607057 0.0002101971 B000 1.0000000000
0.0036660883 0.9998437330 0.0002125161 B000 1.0000000000
0.0037682880 0.9997277996 0.0002033269 B000 1.0000000000
0.0038033755 0.9999146175 0.0002107637 B000 1.0000000000
0.0039980650 1.0000658196 0.0002110820 B000 1.0000000000
0.0040888512 0.9996138166 0.0002120542 B000 1.0000000000
0.0041016231 0.9998876006 0.0002013794 B000 1.0000000000
0.0042911202 0.9993903575 0.0002258007 B000 1.0000000000
0.0044008667 0.9996239131 0.0002137919 B000 1.0000000000
0.0044135340 1.0001132073 0.0002047387 B000 1.0000000000
0.0045669346 0.9994001289 0.0002130795 B000 1.0000000000
0.0046676791 0.9995596191 0.0002145703 B000 1.0000000000
0.0046924822 1.0001730160 0.0002045003 B000 1.0000000000
0.0048737886 0.9994469179 0.0002123961 B000 1.0000000000
0.0049341460 0.9996503928 0.0002143540 B000 1.0000000000
0.0050011831 1.0000614785 0.0002022283 B000 1.0000000000
0.0051835431 1.0003580139 0.0002121442 B000 1.0000000000
0.0052411840 0.9999109980 0.0002122134 B000 1.0000000000
0.0053174979 0.9998453342 0.0002038874 B000 1.0000000000
0.0055024904 1.0000524258 0.0002121819 B000 1.0000000000
0.0055124929 0.9996577911 0.0002122948 B000 1.0000000000
0.0056062372 0.9996912609 0.0002037842 B000 1.0000000000
0.0057770897 0.9998340564 0.0002104399 B000 1.0000000000
0.0058183784 1.0001775087 0.0002117725 B000 1.0000000000
0.0058979902 0.9998464833 0.0002033812 B000 1.0000000000
0.0060801626 0.9995796217 0.0002113697 B000 1.0000000000
0.0061013827 0.9989525404 0.0002174369 B000 1.0000000000
0.0062051481 1.0001499257 0.0002014783 B000 1.0000000000
0.0063925049 0.9991925571 0.0002131514 B000 1.0000000000
0.0064441182 0.9997666745 0.0002137836 B000 1.0000000000
0.0065758281 0.9994195094 0.0002028823 B000 1.0000000000
0.0067520494 0.9996444872 0.0002099651 B000 1.0000000000
0.0068065205 0.9990400089 0.0002124523 B000 1.0000000000
0.0068588190 0.9998244703 0.0002036479 B000 1.0000000000
0.0070574023 0.9996885691 0.0002105723 B000 1.0000000000
0.0070714918 0.9998055959 0.0002125396 B000 1.0000000000
0.0071379091 1.0003152030 0.0002048170 B000 1.0000000000
0.0073827658 0.9999816714 0.0002121488 B000 1.0000000000
0.0073870195 0.9999000251 0.0002116053 B000 1.0000000000
0.0074386959 0.9999093264 0.0002027010 B000 1.0000000000
0.0076585799 0.9997672651 0.0002143142 B000 1.0000000000
0.0076686288 1.0000710374 0.0002115343 B000 1.0000000000
0.0077353992 0.9995496844 0.0002013795 B000 1.0000000000
0.0080158388 1.0000053885 0.0002127038 B000 1.0000000000
0.0080189167 0.9998909954 0.0002112400 B000 1.0000000000
0.0080622644 1.0000903145 0.0002026144 B000 1.0000000000
0.0083264122 1.0003427401 0.0002119565 B000 1.0000000000
0.0083314256 0.9999250950 0.0002114507 B000 1.0000000000
0.0083616461 0.9998501641 0.0002013571 B000 1.0000000000
0.0086059875 1.0000973079 0.0002144768 B000 1.0000000000
0.0087031992 0.9989998607 0.0002148920 B000 1.0000000000
0.0087434592 1.0000702047 0.0002026179 B000 1.0000000000
0.0089046556 1.0001001654 0.0002106324 B000 1.0000000000
0.0090075924 1.0003228178 0.0002119223 B000 1.0000000000
0.0090428440 0.9994475195 0.0002013225 B000 1.0000000000
0.0092239770 0.9998634680 0.0002117248 B000 1.0000000000
0.0093207325 0.9993913061 0.0002207327 B000 1.0000000000
0.0093269156 0.9993958984 0.0002013262 B000 1.0000000000
0.0095376926 0.9998485899 0.0002122997 B000 1.0000000000
0.0096519031 0.9994291586 0.0002162917 B000 1.0000000000
0.0096929458 0.9994159902 0.0002036587 B000 1.0000000000
0.0098497374 0.9998869187 0.0002137492 B000 1.0000000000
0.0099451387 0.9993546680 0.0002123789 B000 1.0000000000
0.0099813339 0.9996856050 0.0002029569 B000 1.0000000000
0.0101164482 0.9995361684 0.0002144286 B000 1.0000000000
0.0102427931 1.0004381776 0.0002107678 B000 1.0000000000
0.0102893864 0.9995672804 0.0002034098 B000 1.0000000000
0.0104282927 0.9996574413 0.0002113134 B000 1.0000000000
0.0105795136 1.0000324989 0.0002032789 B000 1.0000000000
0.0106263223 0.9996041716 0.0002124163 B000 1.0000000000
0.0107432365 0.9994776084 0.0002112522 B000 1.0000000000
0.0109061506 0.9997466526 0.0002023389 B000 1.0000000000
0.0109238759 1.0004070608 0.0002107663 B000 1.0000000000
0.0110536894 1.0001826523 0.0002117747 B000 1.0000000000
0.0111979387 0.9997602985 0.0002013252 B000 1.0000000000
0.0112258460 0.9992904612 0.0002105172 B000 1.0000000000
0.0113658171 0.9996143881 0.0002106007 B000 1.0000000000
0.0115036168 1.0000306136 0.0002043777 B000 1.0000000000
0.0115762729 1.0000070013 0.0002124495 B000 1.0000000000
0.0116291791 0.9998339404 0.0002107336 B000 1.0000000000
0.0117672361 1.0001432822 0.0002013725 B000 1.0000000000
0.0118882213 1.0000544354 0.0002144846 B000 1.0000000000
0.0119482958 0.9998248916 0.0002117064 B000 1.0000000000
0.0120990173 0.9999123788 0.0002022763 B000 1.0000000000
0.0122313476 0.9992167485 0.0002172781 B000 1.0000000000
0.0122415179 1.0000230125 0.0002105080 B000 1.0000000000
0.0123352251 1.0000437388 0.0002014717 B000 1.0000000000
0.0125203375 1.0002283290 0.0002125753 B000 1.0000000000
0.0125740730 0.9997812669 0.0002136937 B000 1.0000000000
0.0127059386 0.9997797978 0.0002030256 B000 1.0000000000
0.0128364507 0.9996291519 0.0002111610 B000 1.0000000000
0.0128931788 0.9998992119 0.0002117745 B000 1.0000000000
0.0130163225 0.9998899348 0.0002014563 B000 1.0000000000
0.0131453558 0.9995481993 0.0002275253 B000 1.0000000000
0.0131456148 0.9996288662 0.0002103244 B000 1.0000000000
0.0133040238 0.9995999588 0.0002032420 B000 1.0000000000
0.0134212964 0.9995512730 0.0002130832 B000 1.0000000000
0.0134894438 0.9999856743 0.0002126805 B000 1.0000000000
0.0136372073 0.9996493356 0.0002013590 B000 1.0000000000
0.0137280419 0.9996811287 0.0002124586 B000 1.0000000000
0.0137780055 1.0000879733 0.0002118181 B000 1.0000000000
0.0139490467 1.0001227415 0.0002048476 B000 1.0000000000
0.0140064133 0.9988525492 0.0002167189 B000 1.0000000000
0.0141488361 0.9994042656 0.0002113819 B000 1.0000000000
0.0142498987 0.9999380547 0.0002024425 B000 1.0000000000
0.0143503910 1.0000028460 0.0002170272 B000 1.0000000000
0.0144107959 0.9999771018 0.0002116876 B000 1.0000000000
0.0145367833 0.9994177857 0.0002021663 B000 1.0000000000
0.0146875981 0.9985189923 0.0002166904 B000 1.0000000000
0.0147239221 0.9997630931 0.0002118230 B000 1.0000000000
0.0148289782 0.9996137125 0.0002016256 B000 1.0000000000
0.0149817758 0.9996676574 0.0002123882 B000 1.0000000000
0.0150314502 0.9998514474 0.0002126182 B000 1.0000000000
0.0151110410 0.9996586722 0.0002018165 B000 1.0000000000
0.0152467978 0.9991743424 0.0002133648 B000 1.0000000000
0.0152985082 0.9999390778 0.0002136589 B000 1.0000000000
0.0153956266 1.0001630329 0.0002014900 B000 1.0000000000
0.0155560276 1.0001327017 0.0002120940 B000 1.0000000000
0.0156063065 1.0001358843 0.0002100369 B000 1.0000000000
0.0157132413 1.0000518186 0.0002039096 B000 1.0000000000
0.0158771287 0.9997631693 0.0002113612 B000 1.0000000000
0.0158815587 0.9998874672 0.0002130440 B000 1.0000000000
0.0160738502 0.9995356793 0.0002015759 B000 1.0000000000
0.0162138746 0.9999089025 0.0002126170 B000 1.0000000000
0.0162371078 0.9997043715 0.0002120620 B000 1.0000000000
0.0163551140 1.0000183143 0.0002024115 B000 1.0000000000
0.0165024217 0.9997060190 0.0002118571 B000 1.0000000000
0.0165230002 1.0003186436 0.0002113781 B000 1.0000000000
0.0166469273 1.0001077310 0.0002013501 B000 1.0000000000
0.0168128101 0.9997293977 0.0002205882 B000 1.0000000000
0.0168146652 0.9997796476 0.0002106351 B000 1.0000000000
0.0169316999 0.9999279280 0.0002013450 B000 1.0000000000
0.0171217031 0.9995206617 0.0002101867 B000 1.0000000000
0.0171806559 1.0001586957 0.0002115719 B000 1.0000000000
0.0172162200 0.9999884189 0.0002013632 B000 1.0000000000
0.0174255221 0.9996597273 0.0002111712 B000 1.0000000000
0.0174692731 1.0004704328 0.0002106604 B000 1.0000000000
0.0175480152 1.0002520187 0.0002021256 B000 1.0000000000
0.0177109549 0.9996180076 0.0002123767 B000 1.0000000000
0.0177722664 1.0000642827 0.0002117368 B000 1.0000000000
0.0178354252 0.9998588724 0.0002018048 B000 1.0000000000
0.0179915033 1.0002403740 0.0002134254 B000 1.0000000000
0.0180930218 0.9990663823 0.0002166624 B000 1.0000000000
0.0181548477 1.0000422844 0.0002031785 B000 1.0000000000
0.0182851953 1.0002021976 0.0002114844 B000 1.0000000000
0.0184159867 1.0002606601 0.0002108148 B000 1.0000000000
0.0184629204 0.9998726081 0.0002035864 B000 1.0000000000
0.0185562150 0.9996501070 0.0002143703 B000 1.0000000000
0.0186992215 0.9993424490 0.0002141482 B000 1.0000000000
0.0187530445 1.0001488483 0.0002033243 B000 1.0000000000
0.0188630720 0.9998409699 0.0002121535 B000 1.0000000000
0.0190423974 0.9991553687 0.0002170956 B000 1.0000000000
0.0190795959 1.0001694968 0.0002024508 B000 1.0000000000
0.0191785548 0.9997235451 0.0002117676 B000 1.0000000000
0.0193313446 1.0000795755 0.0002125248 B000 1.0000000000
0.0193321518 1.0001621352 0.0002038185 B000 1.0000000000
0.0194877113 0.9997777426 0.0002113191 B000 1.0000000000
0.0196008478 0.9989729370 0.0002148215 B000 1.0000000000
0.0196561929 0.9998229620 0.0002013383 B000 1.0000000000
0.0197992384 0.9996291519 0.0002129044 B000 1.0000000000
0.0199284122 1.0002670352 0.0002112034 B000 1.0000000000
0.0199407121 0.9996162981 0.0002013400 B000 1.0000000000
0.0201101513 0.9998218436 0.0002101195 B000 1.0000000000
0.0202724140 0.9999786333 0.0002020523 B000 1.0000000000
0.0202819322 0.9992831563 0.0002148566 B000 1.0000000000
0.0203739758 0.9997609595 0.0002100336 B000 1.0000000000
0.0205084941 0.9998595906 0.0002014220 B000 1.0000000000
0.0205861573 1.0002755734 0.0002115145 B000 1.0000000000
0.0207160347 1.0000405386 0.0002135300 B000 1.0000000000
0.0208416201 0.9995035396 0.0002015842 B000 1.0000000000
0.0208994887 0.9997156608 0.0002205039 B000 1.0000000000
0.0210091020 0.9996085588 0.0002115303 B000 1.0000000000
0.0211620935 1.0001082697 0.0002042134 B000 1.0000000000
0.0212201331 0.9999262684 0.0002124913 B000 1.0000000000
0.0212806488 0.9997424047 0.0002144798 B000 1.0000000000
0.0214549694 0.9996389216 0.0002025086 B000 1.0000000000
0.0215560688 1.0005816184 0.0002105934 B000 1.0000000000
0.0216250521 1.0001815093 0.0002101709 B000 1.0000000000
0.0217562666 0.9995134149 0.0002015788 B000 1.0000000000
0.0219028740 0.9998885189 0.0002118267 B000 1.0000000000
0.0219117246 0.9993722376 0.0002158780 B000 1.0000000000
0.0220291833 0.9998007874 0.0002022194 B000 1.0000000000
0.0222111537 0.9996436558 0.0002124136 B000 1.0000000000
0.0222121271 0.9996424870 0.0002113120 B000 1.0000000000
0.0223213372 0.9997703534 0.0002016046 B000 1.0000000000
0.0224934350 0.9998437512 0.0002128351 B000 1.0000000000
0.0225822951 0.9999769280 0.0002124896 B000 1.0000000000
0.0226020913 0.9996157594 0.0002017088 B000 1.0000000000
0.0227906306 0.9999163320 0.0002135678 B000 1.0000000000
0.0228862277 0.9994106403 0.0002125326 B000 1.0000000000
0.0229226556 0.9993988610 0.0002032167 B000 1.0000000000
0.0230529594 0.9996139118 0.0002114942 B000 1.0000000000
0.0232048297 1.0002947368 0.0002176162 B000 1.0000000000
0.0232054756 1.0001574668 0.0002043414 B000 1.0000000000
0.0233238992 1.0000505208 0.0002146081 B000 1.0000000000
0.0234857228 0.9997649923 0.0002113725 B000 1.0000000000
0.0235661031 0.9995750012 0.0002015980 B000 1.0000000000
0.0236307278 0.9995585713 0.0002120460 B000 1.0000000000
0.0238341167 0.9994814310 0.0002126955 B000 1.0000000000
0.0238473640 0.9995261631 0.0002024623 B000 1.0000000000
0.0239462135 0.9999000251 0.0002118608 B000 1.0000000000
0.0240999658 1.0000572770 0.0002038660 B000 1.0000000000
0.0241011908 0.9993323929 0.0002138713 B000 1.0000000000
0.0242553640 1.0000016764 0.0002113662 B000 1.0000000000
0.0244090412 1.0002569385 0.0002030008 B000 1.0000000000
0.0244102696 1.0002265075 0.0002122134 B000 1.0000000000
0.0245219569 0.9999350011 0.0002123339 B000 1.0000000000
0.0246728390 1.0001949353 0.0002114784 B000 1.0000000000
0.0246893592 1.0000095162 0.0002029338 B000 1.0000000000
0.0248330957 0.9996809491 0.0002111807 B000 1.0000000000
0.0249614818 1.0003397043 0.0002105154 B000 1.0000000000
0.0249692310 0.9998363566 0.0002031690 B000 1.0000000000
0.0251006885 0.9998399411 0.0002142178 B000 1.0000000000
0.0252539912 0.9997768891 0.0002030344 B000 1.0000000000
0.0252643669 0.9995330204 0.0002111453 B000 1.0000000000
0.0253672495 1.0000555120 0.0002147362 B000 1.0000000000
0.0255416729 0.9998208792 0.0002024953 B000 1.0000000000
0.0256105623 0.9995392058 0.0002125681 B000 1.0000000000
0.0256740660 0.9995144894 0.0002120024 B000 1.0000000000
0.0258428477 0.9997285179 0.0002016042 B000 1.0000000000
0.0258793648 0.9998143238 0.0002122676 B000 1.0000000000
0.0259354696 0.9997901252 0.0002122297 B000 1.0000000000
0.0261256067 1.0000006464 0.0002013906 B000 1.0000000000
0.0261913017 0.9999505547 0.0002138452 B000 1.0000000000
0.0262797923 1.0002603004 0.0002115646 B000 1.0000000000
0.0264324510 0.9996649566 0.0002038730 B000 1.0000000000
0.0265345323 0.9992884879 0.0002170009 B000 1.0000000000
0.0265651974 0.9998414652 0.0002122930 B000 1.0000000000
0.0267209814 0.9999750423 0.0002034110 B000 1.0000000000
0.0267791629 0.9998868032 0.0002124753 B000 1.0000000000
0.0268459806 1.0001622687 0.0002137308 B000 1.0000000000
0.0270093625 0.9997637100 0.0002032752 B000 1.0000000000
0.0270930751 0.9991899008 0.0002150747 B000 1.0000000000
0.0271439395 0.9996040248 0.0002142761 B000 1.0000000000
0.0272973938 1.0000888781 0.0002030415 B000 1.0000000000
0.0273872706 0.9994605600 0.0002111555 B000 1.0000000000
0.0274104999 0.9998222246 0.0002148625 B000 1.0000000000
0.0276075776 0.9997647873 0.0002034824 B000 1.0000000000
0.0276598971 0.9997443110 0.0002123913 B000 1.0000000000
0.0277549884 0.9997599308 0.0002100883 B000 1.0000000000
0.0279724890 1.0002189180 0.0002174618 B000 1.0000000000
0.0279732339 1.0001502848 0.0002046155 B000 1.0000000000
0.0280580709 1.0000745620 0.0002118737 B000 1.0000000000
0.0282660750 0.9995462729 0.0002024332 B000 1.0000000000
0.0283095931 0.9988039766 0.0002164114 B000 1.0000000000
0.0283420378 0.9998152522 0.0002114418 B000 1.0000000000
0.0285534049 0.9998892166 0.0002020433 B000 1.0000000000
0.0286233826 0.9995882895 0.0002129388 B000 1.0000000000
0.0286325288 1.0001086052 0.0002109135 B000 1.0000000000
0.0288404833 1.0002433823 0.0002022523 B000 1.0000000000
0.0289157218 0.9997875710 0.0002137174 B000 1.0000000000
0.0289198800 1.0002641866 0.0002114096 B000 1.0000000000
0.0291568578 0.9998388344 0.0002039166 B000 1.0000000000
0.0291827847 0.9997590545 0.0002115952 B000 1.0000000000
0.0292395310 0.9998320831 0.0002122157 B000 1.0000000000
0.0294455872 0.9996715102 0.0002033811 B000 1.0000000000
0.0294456195 0.9997330701 0.0002116061 B000 1.0000000000
0.0294917678 0.9997046561 0.0002299912 B000 1.0000000000
0.0297606424 0.9997726943 0.0002119772 B000 1.0000000000
0.0298081101 0.9996340737 0.0002019435 B000 1.0000000000
0.0298591108 1.0002177037 0.0002122986 B000 1.0000000000
0.0300625544 0.9995249670 0.0002102397 B000 1.0000000000
0.0300942850 0.9995823628 0.0002017341 B000 1.0000000000
0.0301216813 1.0002132259 0.0002115182 B000 1.0000000000
0.0303663862 0.9998095372 0.0002115884 B000 1.0000000000
0.0303801080 0.9999044785 0.0002014449 B000 1.0000000000
0.0304348057 1.0001198945 0.0002204534 B000 1.0000000000
0.0306516785 0.9999933706 0.0002122389 B000 1.0000000000
0.0306976099 0.9998309700 0.0002047121 B000 1.0000000000
0.0308027616 0.9996505812 0.0002114907 B000 1.0000000000
0.0309638369 0.9998504187 0.0002136399 B000 1.0000000000
0.0309906774 1.0003208589 0.0002024830 B000 1.0000000000
0.0311158854 0.9997602489 0.0002203788 B000 1.0000000000
0.0312306414 1.0004935497 0.0002145686 B000 1.0000000000
0.0312918226 1.0001290977 0.0002015995 B000 1.0000000000
0.0314366484 0.9994247947 0.0002123884 B000 1.0000000000
0.0315353063 0.9998714500 0.0002108131 B000 1.0000000000
0.0316315961 0.9999190222 0.0002013373 B000 1.0000000000
0.0317152169 0.9988046597 0.0002163885 B000 1.0000000000
0.0318415792 0.9996992753 0.0002100393 B000 1.0000000000
0.0319370210 0.9999071718 0.0002050035 B000 1.0000000000
0.0320092899 1.0000601275 0.0002122162 B000 1.0000000000
0.0321445659 0.9997288791 0.0002117517 B000 1.0000000000
0.0322007760 0.9994586517 0.0002013370 B000 1.0000000000
0.0323211220 1.0004768839 0.0002136551 B000 1.0000000000
0.0324326104 0.9999085977 0.0002115101 B000 1.0000000000
0.0325380816 1.0000598984 0.0002015982 B000 1.0000000000
0.0326903705 1.0003584883 0.0002122406 B000 1.0000000000
0.0327432861 1.0000458726 0.0002115213 B000 1.0000000000
0.0328626942 1.0000917509 0.0002029610 B000 1.0000000000
0.0329554837 0.9995397750 0.0002141624 B000 1.0000000000
0.0330510995 1.0001729367 0.0002100713 B000 1.0000000000
0.0331425627 0.9998638998 0.0002029202 B000 1.0000000000
0.0332855008 1.0000079500 0.0002105265 B000 1.0000000000
0.0333150209 0.9998135758 0.0002099983 B000 1.0000000000
0.0334275014 0.9997734058 0.0002030136 B000 1.0000000000
0.0335901781 0.9998679054 0.0002125318 B000 1.0000000000
0.0336203995 0.9997641218 0.0002105399 B000 1.0000000000
0.0337377006 1.0001106038 0.0002036924 B000 1.0000000000
0.0339040181 0.9991384822 0.0002152601 B000 1.0000000000
0.0339500054 1.0002205619 0.0002115580 B000 1.0000000000
0.0340640955 0.9998273790 0.0002024629 B000 1.0000000000
0.0341984048 0.9996119887 0.0002110966 B000 1.0000000000
0.0342215343 1.0002960003 0.0002154445 B000 1.0000000000
0.0343962804 0.9996314522 0.0002023602 B000 1.0000000000
0.0344969384 1.0003161770 0.0002103849 B000 1.0000000000
0.0345818345 0.9999851028 0.0002121703 B000 1.0000000000
0.0346973068 0.9995970860 0.0002015090 B000 1.0000000000
0.0348794882 0.9997520902 0.0002111096 B000 1.0000000000
0.0348919558 1.0001835095 0.0002120691 B000 1.0000000000
0.0349978977 0.9998375955 0.0002037526 B000 1.0000000000
0.0351689343 0.9997230879 0.0002133740 B000 1.0000000000
0.0352024641 0.9999490368 0.0002204301 B000 1.0000000000
0.0353424884 0.9997508541 0.0002050535 B000 1.0000000000
0.0354645715 0.9998046985 0.0002129143 B000 1.0000000000
0.0355232345 0.9998211543 0.0002123950 B000 1.0000000000
0.0356210818 0.9998908326 0.0002053179 B000 1.0000000000
0.0357320665 0.9997138296 0.0002111464 B000 1.0000000000
0.0358271168 0.9996640525 0.0002125687 B000 1.0000000000
0.0359435629 0.9997224131 0.0002015671 B000 1.0000000000
0.0360393462 0.9998306066 0.0002099587 B000 1.0000000000
0.0361246398 0.9999182994 0.0002109587 B000 1.0000000000
0.0362256171 0.9997402964 0.0002016942 B000 1.0000000000
0.0363813407 1.0001031372 0.0002136991 B000 1.0000000000
0.0363904211 1.0004031902 0.0002107008 B000 1.0000000000
0.0365450786 0.9997645359 0.0002031837 B000 1.0000000000
0.0366743219 0.9997114292 0.0002115168 B000 1.0000000000
0.0367317259 0.9992277722 0.0002122644 B000 1.0000000000
0.0368331056 0.9999079618 0.0002030321 B000 1.0000000000
0.0369353930 0.9996587748 0.0002119448 B000 1.0000000000
0.0369955856 1.0003461554 0.0002126631 B000 1.0000000000
0.0371387890 0.9996697147 0.0002013766 B000 1.0000000000
0.0372476957 0.9998586102 0.0002103131 B000 1.0000000000
0.0373095396 0.9993972829 0.0002153404 B000 1.0000000000
0.0374764672 1.0000158005 0.0002013860 B000 1.0000000000
0.0375109521 1.0000083439 0.0002112436 B000 1.0000000000
0.0376136645 1.0001261748 0.0002119149 B000 1.0000000000
0.0377881278 1.0002989536 0.0002042690 B000 1.0000000000
0.0378300250 1.0003501025 0.0002118613 B000 1.0000000000
0.0380323727 0.9999924105 0.0002123606 B000 1.0000000000
0.0380891089 1.0002151029 0.0002021339 B000 1.0000000000
0.0381438606 1.0002304680 0.0002121612 B000 1.0000000000
0.0383182376 1.0000785130 0.0002105789 B000 1.0000000000
0.0383455546 1.0000225337 0.0002054138 B000 1.0000000000
0.0384246894 1.0001060709 0.0002136684 B000 1.0000000000
0.0386220188 0.9998076830 0.0002119297 B000 1.0000000000
0.0386924817 0.9997402964 0.0002040083 B000 1.0000000000
0.0387176593 1.0001453141 0.0002115470 B000 1.0000000000
0.0389500011 0.9999364387 0.0002017548 B000 1.0000000000
0.0389660888 0.9995389402 0.0002111316 B000 1.0000000000
0.0389787301 0.9997789809 0.0002118665 B000 1.0000000000
0.0392386643 0.9997381636 0.0002124013 B000 1.0000000000
0.0392695830 0.9998269122 0.0002031558 B000 1.0000000000
0.0392909388 0.9997744088 0.0002102669 B000 1.0000000000
0.0395302538 1.0003394008 0.0002110000 B000 1.0000000000
0.0395573556 1.0002888756 0.0002116089 B000 1.0000000000
0.0395576091 0.9998191915 0.0002030056 B000 1.0000000000
0.0398321918 0.9999836447 0.0002111217 B000 1.0000000000
0.0398632776 0.9999712717 0.0002014053 B000 1.0000000000
0.0399017387 0.9999169035 0.0002115556 B000 1.0000000000
0.0401806293 0.9995886322 0.0002136063 B000 1.0000000000
0.0401941543 0.9998106627 0.0002023704 B000 1.0000000000
0.0402322599 0.9997688843 0.0002127358 B000 1.0000000000
0.0404454468 0.9996948846 0.0002124586 B000 1.0000000000
0.0404860774 0.9999470323 0.0002013434 B000 1.0000000000
0.0405431956 0.9997948877 0.0002100292 B000 1.0000000000
0.0407150611 0.9993786887 0.0002153724 B000 1.0000000000
0.0407913360 1.0001710050 0.0002050765 B000 1.0000000000
0.0408477681 0.9995023736 0.0002107358 B000 1.0000000000
0.0410192659 1.0003414120 0.0002122231 B000 1.0000000000
0.0410699273 1.0001167984 0.0002055289 B000 1.0000000000
0.0411796330 0.9999771018 0.0002117911 B000 1.0000000000
0.0413324822 1.0003118890 0.0002206671 B000 1.0000000000
0.0413925334 0.9999534063 0.0002015847 B000 1.0000000000
0.0414973020 1.0001184535 0.0002118101 B000 1.0000000000
0.0416531637 0.9998010422 0.0002123782 B000 1.0000000000
0.0417058128 0.9999097573 0.0002034657 B000 1.0000000000
0.0418607137 1.0000416816 0.0002117583 B000 1.0000000000
0.0419570696 0.9996748674 0.0002124929 B000 1.0000000000
0.0419969887 1.0002401324 0.0002027659 B000 1.0000000000
0.0421230548 0.9999088263 0.0002115290 B000 1.0000000000
0.0422545851 1.0001702696 0.0002109777 B000 1.0000000000
0.0423544748 0.9998776535 0.0002018177 B000 1.0000000000
0.0424401292 0.9997155441 0.0002114370 B000 1.0000000000
0.0425377223 0.9999807987 0.0002134370 B000 1.0000000000
0.0426373832 0.9996787820 0.0002015392 B000 1.0000000000
0.0427768992 1.0000463489 0.0002125955 B000 1.0000000000
0.0428809721 0.9989460893 0.0002170042 B000 1.0000000000
0.0429186362 0.9997304929 0.0002023124 B000 1.0000000000
0.0430676284 1.0000247270 0.0002116602 B000 1.0000000000
0.0431255193 1.0001129691 0.0002128104 B000 1.0000000000
0.0432105716 1.0001536065 0.0002013679 B000 1.0000000000
0.0433826304 0.9996770629 0.0002121042 B000 1.0000000000
0.0434394983 1.0001027234 0.0002154562 B000 1.0000000000
0.0435159099 1.0002265942 0.0002050357 B000 1.0000000000
0.0436440315 0.9998618488 0.0002113993 B000 1.0000000000
0.0437670969 1.0002621021 0.0002105305 B000 1.0000000000
0.0437797420 0.9996277894 0.0002013888 B000 1.0000000000
0.0439885327 0.9999599567 0.0002115099 B000 1.0000000000
0.0440323950 1.0000895367 0.0002103259 B000 1.0000000000
0.0440638989 1.0000112040 0.0002013577 B000 1.0000000000
0.0442533789 0.9999154938 0.0002108423 B000 1.0000000000
0.0443882139 0.9995534360 0.0002156651 B000 1.0000000000
0.0443978729 0.9997809469 0.0002018143 B000 1.0000000000
0.0445859137 1.0000228982 0.0002141533 B000 1.0000000000
0.0446561273 0.9998748498 0.0002167018 B000 1.0000000000
0.0446831898 0.9999728877 0.0002014310 B000 1.0000000000
0.0448527141 1.0001558869 0.0002148917 B000 1.0000000000
0.0449483163 0.9999137458 0.0002136698 B000 1.0000000000
0.0450011844 1.0002518033 0.0002047884 B000 1.0000000000
0.0451644472 0.9995377115 0.0002113684 B000 1.0000000000
0.0452154971 0.9995232679 0.0002139985 B000 1.0000000000
0.0452802589 1.0001369979 0.0002040851 B000 1.0000000000
0.0454827512 1.0001080360 0.0002154651 B000 1.0000000000
0.0455012300 1.0002848369 0.0002126373 B000 1.0000000000
0.0455591904 0.9999385933 0.0002049701 B000 1.0000000000
0.0457771231 0.9999268376 0.0002113163 B000 1.0000000000
0.0457920501 1.0000914023 0.0002116739 B000 1.0000000000
0.0458231360 1.0001781153 0.0002014286 B000 1.0000000000
0.0460756429 1.0005969871 0.0002103709 B000 1.0000000000
0.0461020489 0.9998739456 0.0002102522 B000 1.0000000000
0.0461550031 1.0001317909 0.0002020511 B000 1.0000000000
0.0463654034 0.9995129464 0.0002106652 B000 1.0000000000
0.0463910963 1.0003675423 0.0002015009 B000 1.0000000000
0.0464208309 0.9999659233 0.0002124100 B000 1.0000000000
0.0466844612 1.0003073351 0.0002118913 B000 1.0000000000
0.0466994816 0.9993267009 0.0002166930 B000 1.0000000000
0.0467264872 0.9998840096 0.0002014214 B000 1.0000000000
0.0469777075 1.0000060579 0.0002108700 B000 1.0000000000
0.0470222648 1.0001075617 0.0002109304 B000 1.0000000000
0.0470444665 1.0003864670 0.0002047581 B000 1.0000000000
0.0472789666 1.0001986543 0.0002135733 B000 1.0000000000
0.0473053825 1.0004728045 0.0002134391 B000 1.0000000000
0.0474051532 1.0000405787 0.0002015579 B000 1.0000000000
0.0475718879 1.0000063437 0.0002115496 B000 1.0000000000
0.0476487671 0.9990426652 0.0002171388 B000 1.0000000000
0.0477255605 1.0002355718 0.0002047303 B000 1.0000000000
0.0478352916 1.0001973208 0.0002116906 B000 1.0000000000
0.0479376347 1.0001104077 0.0002126691 B000 1.0000000000
0.0480186916 0.9999381444 0.0002026055 B000 1.0000000000
0.0481880425 1.0001576966 0.0002099570 B000 1.0000000000
0.0482072885 0.9994570499 0.0002154032 B000 1.0000000000
0.0483675996 1.0000207382 0.0002022201 B000 1.0000000000
0.0484910459 1.0000016764 0.0002116605 B000 1.0000000000
0.0485015568 0.9997338755 0.0002113120 B000 1.0000000000
0.0486859277 0.9997185348 0.0002039950 B000 1.0000000000
0.0487739903 1.0000399206 0.0002123994 B000 1.0000000000
0.0487790380 0.9999621665 0.0002116233 B000 1.0000000000
0.0489870133 1.0003026344 0.0002023049 B000 1.0000000000
0.0490865525 1.0001295787 0.0002125598 B000 1.0000000000
0.0491030321 1.0000519499 0.0002108205 B000 1.0000000000
0.0492739833 1.0002951830 0.0002022056 B000 1.0000000000
0.0493540507 0.9999996761 0.0002117414 B000 1.0000000000
0.0494088135 1.0001895089 0.0002118497 B000 1.0000000000
0.0496253175 0.9997823834 0.0002013559 B000 1.0000000000
0.0496704573 0.9992077830 0.0002114458 B000 1.0000000000
0.0496921221 0.9991023184 0.0002171905 B000 1.0000000000
0.0499098239 1.0000375263 0.0002014220 B000 1.0000000000
0.0499366345 1.0001094590 0.0002127973 B000 1.0000000000
0.0500034981 0.9999081405 0.0002135407 B000 1.0000000000
0.0502469849 0.9997044579 0.0002016020 B000 1.0000000000
0.0502504414 0.9993552562 0.0002153990 B000 1.0000000000
0.0502690088 1.0003731532 0.0002126999 B000 1.0000000000
0.0505290331 0.9993929358 0.0002018884 B000 1.0000000000
0.0505545900 1.0001638944 0.0002127601 B000 1.0000000000
0.0505680369 0.9997035425 0.0002157439 B000 1.0000000000
0.0508433212 1.0002119168 0.0002103256 B000 1.0000000000
0.0508487024 0.9999053763 0.0002030950 B000 1.0000000000
0.0508697159 1.0002720924 0.0002103678 B000 1.0000000000
0.0511366236 0.9998527676 0.0002032185 B000 1.0000000000
0.0511992593 0.9993511010 0.0002159099 B000 1.0000000000
0.0512153759 1.0000571122 0.0002117151 B000 1.0000000000
0.0514468670 1.0004494179 0.0002040841 B000 1.0000000000
0.0514983120 0.9999643106 0.0002123323 B000 1.0000000000
0.0515034592 0.9995764784 0.0002115483 B000 1.0000000000
0.0517365309 1.0000558406 0.0002036660 B000 1.0000000000
0.0517809064 1.0002778075 0.0002135215 B000 1.0000000000
0.0518108856 1.0003300278 0.0002156232 B000 1.0000000000
0.0520079761 1.0001952445 0.0002015184 B000 1.0000000000
0.0520784675 0.9998374646 0.0002117606 B000 1.0000000000
0.0520920687 1.0001133486 0.0002105958 B000 1.0000000000
0.0523347307 0.9997930487 0.0002026436 B000 1.0000000000
0.0523448341 0.9999931039 0.0002143279 B000 1.0000000000
0.0524165621 0.9989562212 0.0002172214 B000 1.0000000000
0.0526149371 1.0004672653 0.0002030082 B000 1.0000000000
0.0526565216 1.0002550426 0.0002113310 B000 1.0000000000
0.0527075220 0.9992060284 0.0002139698 B000 1.0000000000
0.0529714928 0.9999615760 0.0002117807 B000 1.0000000000
0.0529961176 0.9998744934 0.0002039272 B000 1.0000000000
0.0530373856 1.0002849653 0.0002104521 B000 1.0000000000
0.0532816899 1.0001266450 0.0002113244 B000 1.0000000000
0.0533024508 1.0009918289 0.0002105610 B000 1.0000000000
0.0533300049 1.0001296363 0.0002059409 B000 1.0000000000
0.0535922182 1.0003634214 0.0002215595 B000 1.0000000000
0.0535940400 0.9999069975 0.0002104151 B000 1.0000000000
0.0537326119 1.0000982866 0.0002047719 B000 1.0000000000
0.0538605210 0.9996875404 0.0002112570 B000 1.0000000000
0.0539130222 0.9997752381 0.0002125037 B000 1.0000000000
0.0540417833 1.0001364593 0.0002022312 B000 1.0000000000
0.0541765818 0.9999703631 0.0002118653 B000 1.0000000000
0.0542049675 0.9999529082 0.0002114347 B000 1.0000000000
0.0544137054 1.0002518033 0.0002047676 B000 1.0000000000
0.0544699110 0.9998126995 0.0002107953 B000 1.0000000000
0.0544837903 0.9994661572 0.0002132187 B000 1.0000000000
0.0546777099 1.0000482276 0.0002014154 B000 1.0000000000
0.0547508742 0.9998603159 0.0002140614 B000 1.0000000000
0.0548016475 1.0002021976 0.0002115269 B000 1.0000000000
0.0550095994 1.0001312523 0.0002019066 B000 1.0000000000
0.0550182315 0.9994002048 0.0002154007 B000 1.0000000000
0.0551192941 0.9995471413 0.0002113364 B000 1.0000000000
0.0552957638 1.0004450368 0.0002019176 B000 1.0000000000
0.0553124911 0.9996268641 0.0002113744 B000 1.0000000000
0.0554827282 0.9996196269 0.0002113995 B000 1.0000000000
0.0555785017 0.9999879700 0.0002016558 B000 1.0000000000
0.0555849946 1.0002142885 0.0002123919 B000 1.0000000000
0.0557457274 0.9998395601 0.0002112136 B000 1.0000000000
0.0558975650 1.0001380144 0.0002155343 B000 1.0000000000
0.0559045296 0.9996628019 0.0002032300 B000 1.0000000000
0.0560169044 1.0000145543 0.0002154130 B000 1.0000000000
0.0562101089 1.0000359103 0.0002014404 B000 1.0000000000
0.0562348683 0.9996189900 0.0002166790 B000 1.0000000000
0.0563234390 0.9999562229 0.0002120773 B000 1.0000000000
0.0565043468 1.0001842200 0.0002036133 B000 1.0000000000
0.0565786449 1.0001695865 0.0002155378 B000 1.0000000000
0.0566390451 1.0004396380 0.0002118702 B000 1.0000000000
0.0567937612 1.0000091571 0.0002035389 B000 1.0000000000
0.0568408029 1.0000186701 0.0002134014 B000 1.0000000000
0.0569482541 0.9997113530 0.0002124272 B000 1.0000000000
0.0571024949 1.0000357308 0.0002026544 B000 1.0000000000
0.0571239790 1.0001452244 0.0002106148 B000 1.0000000000
0.0572598609 0.9997012565 0.0002125200 B000 1.0000000000
0.0573715454 0.9999896578 0.0002034679 B000 1.0000000000
0.0574729647 0.9997931872 0.0002129896 B000 1.0000000000
0.0575272011 0.9999675767 0.0002116619 B000 1.0000000000
0.0576626576 1.0006964810 0.0002030333 B000 1.0000000000
0.0577426687 0.9991668288 0.0002153824 B000 1.0000000000
0.0578437125 1.0001249305 0.0002113448 B000 1.0000000000
0.0579680850 0.9999147129 0.0002036628 B000 1.0000000000
0.0580370248 0.9997993346 0.0002113951 B000 1.0000000000
0.0582079903 1.0001098047 0.0002149243 B000 1.0000000000
0.0582580926 1.0001080901 0.0002040283 B000 1.0000000000
0.0583093163 1.0001497780 0.0002123545 B000 1.0000000000
0.0585157297 0.9997685033 0.0002097966 B000 1.0000000000
0.0585911318 0.9999199199 0.0002013776 B000 1.0000000000
0.0586383783 0.9998159555 0.0002110087 B000 1.0000000000
0.0588211325 1.0001040897 0.0002103783 B000 1.0000000000
0.0589029892 1.0001254918 0.0002105283 B000 1.0000000000
0.0589166006 0.9999728159 0.0002029280 B000 1.0000000000
0.0591013123 1.0001881768 0.0002120047 B000 1.0000000000
0.0592039175 0.9999461345 0.0002024570 B000 1.0000000000
0.0592515773 0.9995516335 0.0002129032 B000 1.0000000000
0.0594116013 0.9998186050 0.0002112899 B000 1.0000000000
0.0594907833 0.9998815857 0.0002023478 B000 1.0000000000
0.0595163069 0.9998804660 0.0002130692 B000 1.0000000000
0.0596766229 1.0000240793 0.0002113396 B000 1.0000000000
0.0597860216 0.9994881667 0.0002154094 B000 1.0000000000
0.0598072346 1.0004387525 0.0002038256 B000 1.0000000000
0.0599873206 1.0000291085 0.0002105396 B000 1.0000000000
0.0600803751 0.9996000164 0.0002113871 B000 1.0000000000
0.0600959510 0.9999351818 0.0002034529 B000 1.0000000000
0.0603526576 1.0006643436 0.0002123941 B000 1.0000000000
0.0603536490 1.0003114309 0.0002123381 B000 1.0000000000
0.0603843182 0.9997768173 0.0002031947 B000 1.0000000000
0.0606715140 1.0003006676 0.0002115089 B000 1.0000000000
0.0606817239 0.9996111160 0.0002110363 B000 1.0000000000
0.0606945421 0.9996547939 0.0002014892 B000 1.0000000000
0.0609875937 1.0003123823 0.0002119832 B000 1.0000000000
0.0610300691 1.0000201816 0.0002014588 B000 1.0000000000
0.0610348279 1.0000107443 0.0002122807 B000 1.0000000000
0.0612966544 1.0000643966 0.0002125098 B000 1.0000000000
0.0613012869 1.0002533281 0.0002125242 B000 1.0000000000
0.0613478410 1.0003556021 0.0002045238 B000 1.0000000000
0.0615911927 1.0002055606 0.0002107881 B000 1.0000000000
0.0616137765 0.9999647192 0.0002114819 B000 1.0000000000
0.0616271087 1.0002730981 0.0002039185 B000 1.0000000000
0.0618916546 1.0004870348 0.0002109028 B000 1.0000000000
0.0619059335 1.0000539553 0.0002046091 B000 1.0000000000
0.0619620146 1.0000207265 0.0002107304 B000 1.0000000000
0.0621844162 1.0002251578 0.0002057355 B000 1.0000000000
0.0622406298 1.0002087861 0.0002131586 B000 1.0000000000
0.0622945934 0.9998334641 0.0002150414 B000 1.0000000000
0.0625071179 0.9997910018 0.0002016951 B000 1.0000000000
0.0625103588 0.9989394485 0.0002153672 B000 1.0000000000
0.0626023176 0.9997424999 0.0002098027 B000 1.0000000000
0.0627880573 1.0000847484 0.0002019180 B000 1.0000000000
0.0628379048 1.0003945382 0.0002105541 B000 1.0000000000
0.0629443725 0.9998030983 0.0002134990 B000 1.0000000000
0.0630733665 0.9997940542 0.0002014477 B000 1.0000000000
0.0631276352 0.9995718405 0.0002217769 B000 1.0000000000
0.0632424723 0.9998774698 0.0002134014 B000 1.0000000000
0.0633589237 1.0001447187 0.0002014004 B000 1.0000000000
0.0634060514 1.0000181009 0.0002111246 B000 1.0000000000
0.0635540937 1.0003384058 0.0002113301 B000 1.0000000000
0.0636844046 0.9999180526 0.0002030307 B000 1.0000000000
0.0637119184 1.0003670264 0.0002120119 B000 1.0000000000
0.0638691719 0.9995919090 0.0002121705 B000 1.0000000000
0.0640192644 0.9994612241 0.0002126568 B000 1.0000000000
0.0640332944 0.9999181244 0.0002019492 B000 1.0000000000
0.0641792545 0.9997028567 0.0002113438 B000 1.0000000000
0.0643157247 1.0001733813 0.0002107617 B000 1.0000000000
0.0643514836 1.0000861848 0.0002039098 B000 1.0000000000
0.0644442851 1.0003136407 0.0002112464 B000 1.0000000000
0.0646161836 1.0005917504 0.0002110696 B000 1.0000000000
0.0646304071 0.9999782742 0.0002045719 B000 1.0000000000
0.0647549867 0.9999466216 0.0002106019 B000 1.0000000000
0.0649493109 1.0001743447 0.0002015113 B000 1.0000000000
0.0649651526 1.0003665521 0.0002132113 B000 1.0000000000
0.0650628288 0.9997558350 0.0002101328 B000 1.0000000000
0.0652347961 0.9993097194 0.0002154043 B000 1.0000000000
0.0652562481 1.0001817781 0.0002036805 B000 1.0000000000
0.0654330695 1.0000873066 0.0002126777 B000 1.0000000000
0.0655387564 1.0000088986 0.0002125123 B000 1.0000000000
0.0655449624 0.9998806879 0.0002034263 B000 1.0000000000
0.0657837669 1.0000050292 0.0002114118 B000 1.0000000000
0.0658276388 1.0000951339 0.0002102679 B000 1.0000000000
0.0658360892 1.0001835018 0.0002033876 B000 1.0000000000
0.0660486075 0.9998584197 0.0002107090 B000 1.0000000000
0.0661415190 1.0003125995 0.0002035255 B000 1.0000000000
0.0661726807 0.9996887182 0.0002128713 B000 1.0000000000
0.0663811963 1.0005670831 0.0002151419 B000 1.0000000000
0.0664514398 0.9996261051 0.0002164613 B000 1.0000000000
0.0664763330 0.9998417431 0.0002019333 B000 1.0000000000
0.0666433167 0.9999628142 0.0002113089 B000 1.0000000000
0.0667453990 1.0001577470 0.0002125510 B000 1.0000000000
0.0667644178 0.9996162981 0.0002013588 B000 1.0000000000
0.0669526268 1.0003549603 0.0002102905 B000 1.0000000000
0.0670900074 0.9998832914 0.0002031046 B000 1.0000000000
0.0671174244 0.9998427843 0.0002119691 B000 1.0000000000
0.0673236824 0.9998477517 0.0002114812 B000 1.0000000000
0.0673910557 0.9995416764 0.0002014565 B000 1.0000000000
0.0674008321 0.9993481411 0.0002170532 B000 1.0000000000
0.0676338080 1.0001407421 0.0002102822 B000 1.0000000000
0.0677383834 1.0004765993 0.0002135175 B000 1.0000000000
0.0677570524 1.0001267635 0.0002039520 B000 1.0000000000
0.0679776584 1.0001005464 0.0002128915 B000 1.0000000000
0.0680623679 1.0002641892 0.0002126413 B000 1.0000000000
0.0680720524 0.9996507720 0.0002014803 B000 1.0000000000
0.0682658288 1.0003449590 0.0002114689 B000 1.0000000000
0.0683262355 0.9997131942 0.0002126506 B000 1.0000000000
0.0683453831 1.0002098959 0.0002023242 B000 1.0000000000
0.0685430133 1.0004822340 0.0002141756 B000 1.0000000000
0.0685905133 0.9997323576 0.0002131967 B000 1.0000000000
0.0686815073 1.0002044375 0.0002027558 B000 1.0000000000
0.0688415719 1.0001948443 0.0002107026 B000 1.0000000000
0.0689079572 0.9992344130 0.0002165104 B000 1.0000000000
0.0690264831 1.0002231827 0.0002023227 B000 1.0000000000
0.0691494176 1.0000340616 0.0002101613 B000 1.0000000000
0.0692011154 0.9994646393 0.0002120440 B000 1.0000000000
0.0693627022 1.0000240599 0.0002027530 B000 1.0000000000
0.0694224657 0.9999462406 0.0002112335 B000 1.0000000000
0.0694698213 0.9997456392 0.0002125052 B000 1.0000000000
0.0696428016 0.9999527779 0.0002031419 B000 1.0000000000
0.0697188440 0.9999066165 0.0002105188 B000 1.0000000000
0.0697817235 0.9999241813 0.0002134926 B000 1.0000000000
0.0699226549 1.0001730160 0.0002035729 B000 1.0000000000
0.0700210065 1.0007360574 0.0002129491 B000 1.0000000000
0.0701057120 1.0001075617 0.0002125668 B000 1.0000000000
0.0702080473 1.0005853385 0.0002034987 B000 1.0000000000
0.0703092659 1.0001243590 0.0002114779 B000 1.0000000000
0.0704139984 0.9998909015 0.0002131351 B000 1.0000000000
0.0705135486 1.0000512620 0.0002014552 B000 1.0000000000
0.0705863632 1.0001229112 0.0002141374 B000 1.0000000000
0.0706836705 0.9993280290 0.0002154468 B000 1.0000000000
0.0708443485 1.0001402299 0.0002019707 B000 1.0000000000
0.0708849145 1.0002383928 0.0002107474 B000 1.0000000000
0.0709780101 1.0000657247 0.0002114075 B000 1.0000000000
0.0710974029 1.0000212948 0.0002035836 B000 1.0000000000
0.0711927621 0.9997513582 0.0002101386 B000 1.0000000000
0.0713007926 0.9996181362 0.0002211217 B000 1.0000000000
0.0714640224 1.0002492177 0.0002025130 B000 1.0000000000
0.0714657046 1.0001373130 0.0002112474 B000 1.0000000000
0.0716323953 0.9992263302 0.0002164031 B000 1.0000000000
0.0717508831 1.0000084389 0.0002022841 B000 1.0000000000
0.0717987497 1.0004034428 0.0002134105 B000 1.0000000000
0.0719256500 0.9997843454 0.0002121186 B000 1.0000000000
0.0720427657 1.0000010773 0.0002017292 B000 1.0000000000
0.0720915362 0.9999828930 0.0002115199 B000 1.0000000000
0.0722231290 1.0000189737 0.0002105107 B000 1.0000000000
0.0723561766 0.9997793310 0.0002034113 B000 1.0000000000
0.0724014761 1.0002900948 0.0002103875 B000 1.0000000000
0.0725061436 1.0001752027 0.0002135415 B000 1.0000000000
0.0726445387 0.9996193504 0.0002032917 B000 1.0000000000
0.0727234111 1.0000067056 0.0002124343 B000 1.0000000000
0.0728300374 0.9995663381 0.0002124152 B000 1.0000000000
0.0729324508 1.0000832402 0.0002034304 B000 1.0000000000
0.0730336821 0.9999802641 0.0002114964 B000 1.0000000000
0.0730822665 0.9999349963 0.0002324516 B000 1.0000000000
0.0732201125 1.0002637614 0.0002031822 B000 1.0000000000
0.0733107961 1.0000059817 0.0002140991 B000 1.0000000000
0.0734704527 1.0006172889 0.0002114840 B000 1.0000000000
0.0735210273 1.0000874417 0.0002015569 B000 1.0000000000
0.0736094379 1.0000563502 0.0002107894 B000 1.0000000000
0.0737356237 1.0004068711 0.0002106320 B000 1.0000000000
0.0738037662 0.9998731647 0.0002014917 B000 1.0000000000
0.0739569547 1.0002162566 0.0002114219 B000 1.0000000000
0.0740393668 1.0002880960 0.0002136516 B000 1.0000000000
0.0741304661 1.0001876315 0.0002027693 B000 1.0000000000
0.0742422103 0.9998805178 0.0002126481 B000 1.0000000000
0.0743835273 0.9999691488 0.0002113965 B000 1.0000000000
0.0744301514 0.9997735135 0.0002013594 B000 1.0000000000
0.0745546815 1.0001498099 0.0002110717 B000 1.0000000000
0.0746499846 0.9995837939 0.0002121672 B000 1.0000000000
0.0747057094 1.0000310624 0.0002029964 B000 1.0000000000
0.0748620812 0.9998669923 0.0002098184 B000 1.0000000000
0.0749186659 0.9998333923 0.0002124309 B000 1.0000000000
0.0749961556 1.0000639204 0.0002037234 B000 1.0000000000
0.0752133531 0.9999456215 0.0002107394 B000 1.0000000000
0.0752346690 1.0000984509 0.0002110645 B000 1.0000000000
0.0752860562 1.0004211385 0.0002038338 B000 1.0000000000
0.0754927814 1.0001042413 0.0002117903 B000 1.0000000000
0.0754975642 1.0000044387 0.0002111999 B000 1.0000000000
0.0756122164 0.9998893962 0.0002020204 B000 1.0000000000
0.0758065852 0.9998729524 0.0002326726 B000 1.0000000000
0.0758140245 1.0000822583 0.0002113591 B000 1.0000000000
0.0759043025 1.0000584441 0.0002013607 B000 1.0000000000
0.0761258256 1.0000543406 0.0002123907 B000 1.0000000000
0.0761288107 0.9995164706 0.0002123387 B000 1.0000000000
0.0762093961 1.0002572976 0.0002046509 B000 1.0000000000
0.0764268776 1.0001298557 0.0002114134 B000 1.0000000000
0.0764390772 0.9997824099 0.0002114896 B000 1.0000000000
0.0764734454 0.9995955419 0.0002013428 B000 1.0000000000
0.0766933355 0.9998798778 0.0002122566 B000 1.0000000000
0.0767490188 0.9998235725 0.0002030148 B000 1.0000000000
0.0767565209 1.0000761623 0.0002120463 B000 1.0000000000
0.0769908087 1.0001605930 0.0002105643 B000 1.0000000000
0.0770412802 0.9998254758 0.0002014938 B000 1.0000000000
0.0770719398 1.0002430410 0.0002115167 B000 1.0000000000
0.0772566021 0.9999419027 0.0002107453 B000 1.0000000000
0.0773294639 1.0002744627 0.0002037999 B000 1.0000000000
0.0773811229 1.0000377763 0.0002118721 B000 1.0000000000
0.0776174071 0.9992344889 0.0002167933 B000 1.0000000000
0.0776192171 1.0002855770 0.0002034434 B000 1.0000000000
0.0776929822 0.9997254501 0.0002128800 B000 1.0000000000
0.0778904455 0.9999330272 0.0002015068 B000 1.0000000000
0.0779059864 1.0002082169 0.0002129571 B000 1.0000000000
0.0779601774 1.0001563631 0.0002110891 B000 1.0000000000
0.0781727322 1.0000431822 0.0002016925 B000 1.0000000000
0.0782381284 1.0007912773 0.0002115898 B000 1.0000000000
0.0782676878 0.9997116578 0.0002097919 B000 1.0000000000
0.0784539441 1.0003945469 0.0002019934 B000 1.0000000000
0.0785429583 1.0002362220 0.0002135746 B000 1.0000000000
0.0786096783 0.9997507105 0.0002132379 B000 1.0000000000
0.0787746487 1.0000960602 0.0002033171 B000 1.0000000000
0.0788982822 1.0003362891 0.0002120079 B000 1.0000000000
0.0789031671 0.9996149596 0.0002110877 B000 1.0000000000
0.0790567853 1.0001833223 0.0002043651 B000 1.0000000000
0.0791608622 1.0001156255 0.0002116164 B000 1.0000000000
0.0792194221 1.0001596969 0.0002113573 B000 1.0000000000
0.0793501174 1.0000763992 0.0002033224 B000 1.0000000000
0.0794740501 1.0000021630 0.0002201944 B000 1.0000000000
0.0795344104 1.0001009274 0.0002122854 B000 1.0000000000
0.0796510986 0.9996514184 0.0002015422 B000 1.0000000000
0.0798322947 0.9998591016 0.0002114362 B000 1.0000000000
0.0798555248 0.9999189990 0.0002143705 B000 1.0000000000
0.0799337350 0.9997942338 0.0002015045 B000 1.0000000000
0.0800988538 0.9998741857 0.0002123698 B000 1.0000000000
0.0801569994 0.9997120198 0.0002107925 B000 1.0000000000
0.0802409856 0.9998023136 0.0002034707 B000 1.0000000000
0.0803963228 1.0005167285 0.0002106385 B000 1.0000000000
0.0805028232 0.9996310569 0.0002118760 B000 1.0000000000
0.0805296934 1.0000693070 0.0002034617 B000 1.0000000000
0.0806622172 0.9999102356 0.0002107696 B000 1.0000000000
0.0808029117 0.9995256909 0.0002139466 B000 1.0000000000
0.0808179522 0.9998824834 0.0002032918 B000 1.0000000000
0.0809625573 1.0004618947 0.0002115576 B000 1.0000000000
0.0810679936 1.0000437388 0.0002014012 B000 1.0000000000
0.0810986023 0.9999282383 0.0002129234 B000 1.0000000000
0.0812276304 1.0003646547 0.0002106661 B000 1.0000000000
0.0813531911 1.0001104243 0.0002013877 B000 1.0000000000
0.0814204264 1.0001098809 0.0002113900 B000 1.0000000000
0.0815172894 1.0001138419 0.0002200112 B000 1.0000000000
0.0816378362 1.0001186837 0.0002013659 B000 1.0000000000
0.0817342923 0.9998949007 0.0002124850 B000 1.0000000000
0.0818381443 1.0000363156 0.0002133977 B000 1.0000000000
0.0819224293 0.9997969270 0.0002013621 B000 1.0000000000
0.0820468527 0.9999073785 0.0002111432 B000 1.0000000000
0.0821479314 1.0001585059 0.0002123955 B000 1.0000000000
0.0822064704 1.0000662546 0.0002014234 B000 1.0000000000
0.0823542757 1.0000763528 0.0002098089 B000 1.0000000000
0.0824769438 0.9998811111 0.0002109504 B000 1.0000000000
0.0824883868 1.0000723593 0.0002039767 B000 1.0000000000
0.0826963754 0.9999233805 0.0002132205 B000 1.0000000000
0.0827415611 0.9999662079 0.0002108556 B000 1.0000000000
0.0827784841 0.9998119017 0.0002037329 B000 1.0000000000
0.0829943977 0.9997781046 0.0002136761 B000 1.0000000000
0.0830465577 0.9995882717 0.0002119250 B000 1.0000000000
0.0830682350 0.9999696558 0.0002034600 B000 1.0000000000
0.0832987616 0.9998061651 0.0002326117 B000 1.0000000000
0.0833059990 1.0002798077 0.0002113749 B000 1.0000000000
0.0833394178 1.0002340636 0.0002015443 B000 1.0000000000
0.0835747106 1.0001127794 0.0002139952 B000 1.0000000000
0.0836217024 0.9998437900 0.0002016184 B000 1.0000000000
0.0836701813 0.9996917315 0.0002116608 B000 1.0000000000
0.0839336550 0.9996810634 0.0002119649 B000 1.0000000000
0.0839353006 0.9999755092 0.0002034797 B000 1.0000000000
0.0839798412 0.9999879328 0.0002325418 B000 1.0000000000
0.0842413527 1.0000389627 0.0002031584 B000 1.0000000000
0.0842991961 1.0000598429 0.0002123646 B000 1.0000000000
0.0843240427 1.0001731272 0.0002126881 B000 1.0000000000
0.0845336518 1.0000105935 0.0002014876 B000 1.0000000000
0.0845734015 0.9994773517 0.0002153397 B000 1.0000000000
0.0846147355 0.9996361814 0.0002119542 B000 1.0000000000
0.0848692386 0.9999583440 0.0002014330 B000 1.0000000000
0.0848985523 1.0003679751 0.0002106952 B000 1.0000000000
0.0849674598 0.9999686055 0.0002102425 B000 1.0000000000
0.0851867312 1.0003951035 0.0002043023 B000 1.0000000000
0.0852013713 1.0000262595 0.0002109150 B000 1.0000000000
0.0852933047 1.0000649227 0.0002115392 B000 1.0000000000
0.0854659894 0.9997715025 0.0002047501 B000 1.0000000000
0.0855071165 0.9996506571 0.0002117939 B000 1.0000000000
0.0856107530 1.0000993272 0.0002124299 B000 1.0000000000
0.0857247260 0.9999080695 0.0002013565 B000 1.0000000000
0.0858145481 0.9993093589 0.0002140056 B000 1.0000000000
0.0859744838 0.9998688973 0.0002115307 B000 1.0000000000
0.0859895712 1.0000769559 0.0002028614 B000 1.0000000000
0.0860816422 0.9994357994 0.0002150199 B000 1.0000000000
0.0862869284 0.9998887094 0.0002107006 B000 1.0000000000
0.0862931564 0.9998621043 0.0002014188 B000 1.0000000000
0.0863904639 1.0001982747 0.0002124030 B000 1.0000000000
0.0865751038 1.0001865542 0.0002040543 B000 1.0000000000
0.0866528455 0.9999645952 0.0002113076 B000 1.0000000000
0.0866665591 0.9997961259 0.0002143857 B000 1.0000000000
0.0869126360 1.0000265736 0.0002014391 B000 1.0000000000
0.0869419002 1.0003343917 0.0002107429 B000 1.0000000000
0.0870108052 1.0000973079 0.0002102698 B000 1.0000000000
0.0872281407 1.0000547959 0.0002163280 B000 1.0000000000
0.0872301133 1.0001535167 0.0002042546 B000 1.0000000000
0.0872884370 1.0000002667 0.0002116561 B000 1.0000000000
0.0875092355 1.0000445881 0.0002109342 B000 1.0000000000
0.0875093705 1.0002881805 0.0002049018 B000 1.0000000000
0.0876017156 0.9998412747 0.0002116865 B000 1.0000000000
0.0877882846 0.9996826244 0.0002049368 B000 1.0000000000
0.0878142272 1.0002056365 0.0002117675 B000 1.0000000000
0.0879095426 0.9997544062 0.0002128216 B000 1.0000000000
0.0880664193 0.9998119331 0.0002318604 B000 1.0000000000
0.0880667568 1.0001633920 0.0002045094 B000 1.0000000000
0.0882600832 0.9997885821 0.0002112911 B000 1.0000000000
0.0883365497 1.0003111631 0.0002014532 B000 1.0000000000
0.0883857813 0.9999286211 0.0002124833 B000 1.0000000000
0.0885452941 0.9996715384 0.0002123263 B000 1.0000000000
0.0886185121 0.9999667829 0.0002040359 B000 1.0000000000
0.0886600088 0.9991225443 0.0002151188 B000 1.0000000000
0.0888566833 0.9999596710 0.0002116197 B000 1.0000000000
0.0889037711 0.9997149437 0.0002013764 B000 1.0000000000
0.0889532412 0.9999254146 0.0002125905 B000 1.0000000000
0.0891742741 0.9997060190 0.0002112466 B000 1.0000000000
0.0891867544 1.0000500231 0.0002015738 B000 1.0000000000
0.0892506995 1.0004528822 0.0002107148 B000 1.0000000000
0.0894707210 1.0003765822 0.0002106770 B000 1.0000000000
0.0895164966 1.0000871650 0.0002108202 B000 1.0000000000
0.0895265736 0.9999622941 0.0002014126 B000 1.0000000000
0.0897729040 1.0001481716 0.0002124337 B000 1.0000000000
0.0897958648 1.0003579190 0.0002125251 B000 1.0000000000
0.0898543299 1.0002116196 0.0002023362 B000 1.0000000000
0.0900635789 0.9999078738 0.0002119146 B000 1.0000000000
0.0900820020 1.0004668278 0.0002106266 B000 1.0000000000
0.0901411826 1.0002293593 0.0002020769 B000 1.0000000000
0.0903735144 0.9998428749 0.0002106764 B000 1.0000000000
0.0903858276 0.9999224736 0.0002136739 B000 1.0000000000
0.0904328649 1.0001219156 0.0002015848 B000 1.0000000000
0.0906923977 0.9998710550 0.0002132248 B000 1.0000000000
0.0907193605 1.0003878217 0.0002119587 B000 1.0000000000
0.0907465146 0.9997145128 0.0002035623 B000 1.0000000000
0.0909964922 0.9999236121 0.0002125861 B000 1.0000000000
0.0910031021 0.9997778379 0.0002121964 B000 1.0000000000
0.0910372778 1.0002057662 0.0002036103 B000 1.0000000000
0.0912650998 1.0000965380 0.0002120715 B000 1.0000000000
0.0913178402 1.0001939871 0.0002110801 B000 1.0000000000
0.0913227734 0.9997239213 0.0002031225 B000 1.0000000000
0.0915768845 1.0000661801 0.0002137716 B000 1.0000000000
0.0916281594 0.9998482788 0.0002013930 B000 1.0000000000
0.0916370220 0.9999338581 0.0002117010 B000 1.0000000000
0.0918602732 1.0003526823 0.0002111014 B000 1.0000000000
0.0918987925 0.9995865750 0.0002112703 B000 1.0000000000
0.0919227644 1.0000716411 0.0002036551 B000 1.0000000000
0.0922091816 1.0006683281 0.0002125065 B000 1.0000000000
0.0922621869 0.9996485640 0.0002115880 B000 1.0000000000
0.0922772265 1.0003102653 0.0002050744 B000 1.0000000000
0.0924723666 0.9997507621 0.0002126811 B000 1.0000000000
0.0925250786 0.9999869316 0.0002111244 B000 1.0000000000
0.0926401018 0.9996289744 0.0002023600 B000 1.0000000000
0.0927827682 1.0000284605 0.0002113158 B000 1.0000000000
0.0928414120 1.0002476131 0.0002114814 B000 1.0000000000
0.0928932662 1.0001329580 0.0002036361 B000 1.0000000000
0.0930959458 1.0003756784 0.0002198723 B000 1.0000000000
0.0931563091 1.0000082487 0.0002119906 B000 1.0000000000
0.0932015220 0.9999250192 0.0002027295 B000 1.0000000000
0.0933745538 1.0001395323 0.0002108470 B000 1.0000000000
0.0934437905 0.9999700533 0.0002119578 B000 1.0000000000
0.0935156023 0.9998505053 0.0002044792 B000 1.0000000000
0.0936391740 1.0000543406 0.0002109750 B000 1.0000000000
0.0937839057 1.0000112015 0.0002124156 B000 1.0000000000
0.0938633193 1.0001387935 0.0002037830 B000 1.0000000000
0.0939639473 0.9991926709 0.0002166223 B000 1.0000000000
0.0940994352 1.0002920950 0.0002117522 B000 1.0000000000
0.0941520216 0.9999623839 0.0002036455 B000 1.0000000000
0.0942549512 0.9993969982 0.0002146496 B000 1.0000000000
0.0944085968 1.0003771537 0.0002122304 B000 1.0000000000
0.0944428493 0.9998996306 0.0002035343 B000 1.0000000000
0.0945636259 1.0004070608 0.0002125986 B000 1.0000000000
0.0946752157 1.0000626367 0.0002123419 B000 1.0000000000
0.0947284776 0.9997975375 0.0002031097 B000 1.0000000000
0.0948261091 1.0002446463 0.0002113789 B000 1.0000000000
0.0949876174 0.9996761866 0.0002138991 B000 1.0000000000
0.0951215757 1.0000257836 0.0002029934 B000 1.0000000000
0.0951392852 0.9998096753 0.0002198132 B000 1.0000000000
0.0952544031 0.9999478790 0.0002142127 B000 1.0000000000
0.0954034414 1.0000899554 0.0002041206 B000 1.0000000000
0.0954177995 0.9999664925 0.0002108290 B000 1.0000000000
0.0955657299 0.9995338062 0.0002114712 B000 1.0000000000
0.0956825202 1.0002937881 0.0002109998 B000 1.0000000000
0.0956971307 1.0004076721 0.0002032105 B000 1.0000000000
0.0959028480 0.9999570992 0.0002120896 B000 1.0000000000
0.0959616061 0.9999009952 0.0002051203 B000 1.0000000000
0.0960327638 0.9997008613 0.0002119743 B000 1.0000000000
0.0962019271 1.0000981461 0.0002145239 B000 1.0000000000
0.0962258870 1.0002589135 0.0002013924 B000 1.0000000000
0.0963637023 1.0003623968 0.0002110045 B000 1.0000000000
0.0965016086 1.0001222747 0.0002033989 B000 1.0000000000
0.0965084233 0.9998269871 0.0002122593 B000 1.0000000000
0.0966883873 0.9992480550 0.0002166346 B000 1.0000000000
0.0967920459 1.0001446289 0.0002039092 B000 1.0000000000
0.0968493029 1.0000112015 0.0002120059 B000 1.0000000000
0.0969325595 1.0006656717 0.0002143404 B000 1.0000000000
0.0970770364 0.9997425229 0.0002014136 B000 1.0000000000
0.0971370399 0.9998377504 0.0002115698 B000 1.0000000000
0.0972400327 0.9999050179 0.0002129571 B000 1.0000000000
0.0973466326 1.0002317114 0.0002024883 B000 1.0000000000
0.0974507961 0.9996679188 0.0002115258 B000 1.0000000000
0.0975143079 0.9989887041 0.0002154150 B000 1.0000000000
0.0976611800 1.0001527087 0.0002036596 B000 1.0000000000
0.0977955356 1.0001963683 0.0002112136 B000 1.0000000000
0.0978394222 0.9999148842 0.0002108159 B000 1.0000000000
0.0979847945 0.9999060945 0.0002013670 B000 1.0000000000
0.0981261032 1.0002473273 0.0002126067 B000 1.0000000000
0.0981845891 1.0002388404 0.0002128742 B000 1.0000000000
0.0982496734 1.0002313703 0.0002028199 B000 1.0000000000
0.0984368208 1.0002624721 0.0002102004 B000 1.0000000000
0.0984635240 0.9993743247 0.0002169633 B000 1.0000000000
0.0985295149 1.0005674731 0.0002035373 B000 1.0000000000
0.0987770368 1.0001345698 0.0002132109 B000 1.0000000000
0.0988067991 1.0003091567 0.0002160474 B000 1.0000000000
0.0988091116 0.9998933463 0.0002040574 B000 1.0000000000
0.0990743328 0.9998380361 0.0002114726 B000 1.0000000000
0.0990880305 1.0003019468 0.0002109882 B000 1.0000000000
0.0991204277 1.0000711025 0.0002014587 B000 1.0000000000
0.0993818085 0.9999119505 0.0002097520 B000 1.0000000000
0.0993930103 0.9997615770 0.0002114994 B000 1.0000000000
0.0994035069 1.0001756015 0.0002016224 B000 1.0000000000
0.0996862351 1.0002128585 0.0002015384 B000 1.0000000000
0.0996873504 1.0003921080 0.0002109220 B000 1.0000000000
0.0997329420 1.0002786851 0.0002108367 B000 1.0000000000
0.0999674084 0.9998778508 0.0002121351 B000 1.0000000000
0.0999934345 1.0000435233 0.0002040129 B000 1.0000000000
0.1000124672 1.0001490191 0.0002125534 B000 1.0000000000
0.1002776435 0.9997726943 0.0002116560 B000 1.0000000000
0.1002929571 1.0005524805 0.0002028756 B000 1.0000000000
0.1003381672 1.0000957031 0.0002141417 B000 1.0000000000
0.1005548256 1.0001724414 0.0002140227 B000 1.0000000000
0.1005883273 0.9999935361 0.0002034415 B000 1.0000000000
0.1006022531 1.0000251211 0.0002126625 B000 1.0000000000
0.1008505392 0.9996296282 0.0002125210 B000 1.0000000000
0.1008583850 0.9999871800 0.0002031209 B000 1.0000000000
0.1009089132 0.9998329180 0.0002126986 B000 1.0000000000
0.1011638191 0.9999920100 0.0002014676 B000 1.0000000000
0.1011723378 0.9999968186 0.0002115950 B000 1.0000000000
0.1011725838 0.9997100636 0.0002123113 B000 1.0000000000
0.1014467973 1.0003134972 0.0002016536 B000 1.0000000000
0.1014798771 0.9998951516 0.0002131864 B000 1.0000000000
0.1014862174 0.9997999360 0.0002124011 B000 1.0000000000
0.1017295247 0.9999413943 0.0002015099 B000 1.0000000000
0.1017445117 1.0002480616 0.0002123997 B000 1.0000000000
0.1018423281 0.9997873629 0.0002101621 B000 1.0000000000
0.1020077989 1.0000078551 0.0002131331 B000 1.0000000000
0.1020369396 1.0001963577 0.0002041023 B000 1.0000000000
0.1021151864 1.0000209170 0.0002114817 B000 1.0000000000
0.1022820996 0.9992845793 0.0002158679 B000 1.0000000000
0.1022938281 0.9996981736 0.0002017778 B000 1.0000000000
0.1024116783 1.0000486158 0.0002109493 B000 1.0000000000
0.1025500327 0.9993849500 0.0002168848 B000 1.0000000000
0.1026317366 1.0003034423 0.0002034743 B000 1.0000000000
0.1027408966 1.0001459999 0.0002119913 B000 1.0000000000
0.1028727560 1.0005055341 0.0002106630 B000 1.0000000000
0.1029237817 0.9998196403 0.0002013970 B000 1.0000000000
0.1030509281 0.9997479292 0.0002103239 B000 1.0000000000
0.1031746229 1.0002881719 0.0002109623 B000 1.0000000000
0.1032567007 0.9994862308 0.0002017912 B000 1.0000000000
0.1033572681 0.9999811023 0.0002101638 B000 1.0000000000
0.1034795985 1.0001451485 0.0002115937 B000 1.0000000000
0.1035019028 1.0000096958 0.0002038449 B000 1.0000000000
0.1036603278 1.0001511244 0.0002120758 B000 1.0000000000
0.1037435748 1.0004285010 0.0002139724 B000 1.0000000000
0.1037729144 1.0001108552 0.0002015179 B000 1.0000000000
0.1039481430 1.0001247400 0.0002114209 B000 1.0000000000
0.1040578019 0.9994434837 0.0002143067 B000 1.0000000000
0.1040801445 0.9998868824 0.0002041415 B000 1.0000000000
0.1042588765 0.9996783964 0.0002109781 B000 1.0000000000
0.1043373160 0.9999139947 0.0002018014 B000 1.0000000000
0.1043520986 0.9998334872 0.0002119512 B000 1.0000000000
0.1045667541 1.0000395861 0.0002101887 B000 1.0000000000
0.1046185653 0.9992692107 0.0002121171 B000 1.0000000000
0.1046571913 1.0001966091 0.0002030147 B000 1.0000000000
0.1048917183 0.9996285614 0.0002124379 B000 1.0000000000
0.1049070529 1.0000767404 0.0002014013 B000 1.0000000000
0.1049954994 0.9996420430 0.0002125039 B000 1.0000000000
0.1052184073 1.0002155518 0.0002048124 B000 1.0000000000
0.1052478354 0.9997034473 0.0002101554 B000 1.0000000000
0.1052744718 0.9991350669 0.0002167927 B000 1.0000000000
0.1054770754 1.0002804597 0.0002013938 B000 1.0000000000
0.1055206844 1.0000548262 0.0002115246 B000 1.0000000000
0.1055664804 0.9996900464 0.0002127145 B000 1.0000000000
0.1057419135 1.0003936491 0.0002029769 B000 1.0000000000
0.1058336808 0.9996534272 0.0002137459 B000 1.0000000000
0.1058852249 1.0001016894 0.0002114643 B000 1.0000000000
0.1060218520 0.9998848355 0.0002034527 B000 1.0000000000
0.1061520411 1.0001028324 0.0002144340 B000 1.0000000000
0.1062040239 0.9998475277 0.0002116632 B000 1.0000000000
0.1063014454 0.9997311034 0.0002039748 B000 1.0000000000
0.1065122768 0.9996963077 0.0002124621 B000 1.0000000000
0.1065348754 1.0007619655 0.0002137747 B000 1.0000000000
0.1066177731 0.9998228902 0.0002037655 B000 1.0000000000
0.1067821392 0.9995398888 0.0002141286 B000 1.0000000000
0.1068282706 0.9999736728 0.0002115002 B000 1.0000000000
0.1069074139 1.0003921409 0.0002038397 B000 1.0000000000
0.1071371501 0.9999167815 0.0002280159 B000 1.0000000000
0.1071444812 1.0001901770 0.0002118070 B000 1.0000000000
0.1072356359 0.9995309033 0.0002013235 B000 1.0000000000
0.1074132701 1.0002485549 0.0002122491 B000 1.0000000000
0.1074594877 1.0001860051 0.0002123156 B000 1.0000000000
0.1075204703 0.9997609449 0.0002013471 B000 1.0000000000
0.1077696128 1.0000108205 0.0002117718 B000 1.0000000000
0.1078190587 0.9999849177 0.0002049989 B000 1.0000000000
0.1078301640 1.0005006768 0.0002137283 B000 1.0000000000
0.1080470412 0.9998355596 0.0002140389 B000 1.0000000000
0.1080944518 0.9999765486 0.0002122075 B000 1.0000000000
0.1081418678 0.9998236802 0.0002016051 B000 1.0000000000
0.1083427637 0.9999716916 0.0002126517 B000 1.0000000000
0.1084119606 0.9989405870 0.0002162719 B000 1.0000000000
0.1084555511 0.9999517006 0.0002038497 B000 1.0000000000
0.1086645146 1.0002105416 0.0002114227 B000 1.0000000000
0.1087051673 0.9995160579 0.0002119992 B000 1.0000000000
0.1087438981 0.9996891242 0.0002030376 B000 1.0000000000
0.1089580820 0.9997995550 0.0002110937 B000 1.0000000000
0.1089939459 0.9999376956 0.0002013942 B000 1.0000000000
0.1090232978 0.9999784459 0.0002159949 B000 1.0000000000
0.1092790315 0.9997721489 0.0002013397 B000 1.0000000000
0.1092908777 0.9998982344 0.0002136130 B000 1.0000000000
0.1093044614 0.9999357552 0.0002108749 B000 1.0000000000
0.1095838750 0.9999858154 0.0002049603 B000 1.0000000000
0.1095983280 0.9998765173 0.0002097670 B000 1.0000000000
0.1096531836 0.9993088656 0.0002123664 B000 1.0000000000
0.1098482464 0.9997280690 0.0002013412 B000 1.0000000000
0.1099177805 1.0005882592 0.0002126826 B000 1.0000000000
0.1099404897 0.9998263203 0.0002136397 B000 1.0000000000
0.1101322756 1.0001566409 0.0002013575 B000 1.0000000000
0.1102289697 1.0000155394 0.0002123194 B000 1.0000000000
0.1102337735 1.0002464701 0.0002116282 B000 1.0000000000
0.1104665161 1.0001027036 0.0002015407 B000 1.0000000000
0.1105849618 0.9999569087 0.0002109672 B000 1.0000000000
0.1106476255 1.0002578140 0.0002136659 B000 1.0000000000
0.1107518053 0.9998879597 0.0002014071 B000 1.0000000000
0.1108649873 0.9998681353 0.0002122581 B000 1.0000000000
0.1109311761 1.0002810757 0.0002104607 B000 1.0000000000
0.1110372424 0.9996899142 0.0002013752 B000 1.0000000000
0.1111862625 0.9999651002 0.0002144668 B000 1.0000000000
0.1113117535 1.0003835335 0.0002107933 B000 1.0000000000
0.1113223273 0.9998079695 0.0002013457 B000 1.0000000000
0.1114877256 1.0002788552 0.0002106647 B000 1.0000000000
0.1115916827 1.0002213872 0.0002032715 B000 1.0000000000
0.1116121583 1.0002034735 0.0002104688 B000 1.0000000000
0.1118081104 1.0002555379 0.0002117704 B000 1.0000000000
0.1118916404 0.9998935259 0.0002013581 B000 1.0000000000
0.1119168532 0.9999704770 0.0002134381 B000 1.0000000000
0.1121214065 1.0000621795 0.0002114519 B000 1.0000000000
0.1121673799 1.0000141128 0.0002033747 B000 1.0000000000
0.1122243121 1.0000129780 0.0002127103 B000 1.0000000000
0.1124321467 0.9999297814 0.0002108907 B000 1.0000000000
0.1124594451 1.0001027036 0.0002014181 B000 1.0000000000
0.1125346968 1.0003254741 0.0002123152 B000 1.0000000000
0.1127510928 1.0002457081 0.0002113436 B000 1.0000000000
0.1127951027 0.9993366463 0.0002013573 B000 1.0000000000
0.1128237400 1.0007683192 0.0002107480 B000 1.0000000000
0.1130801807 1.0001110239 0.0002129735 B000 1.0000000000
0.1131390134 0.9997190016 0.0002035847 B000 1.0000000000
0.1131687719 1.0001816538 0.0002123856 B000 1.0000000000
0.1134288982 1.0000983943 0.0002034967 B000 1.0000000000
0.1134321725 1.0002502801 0.0002113363 B000 1.0000000000
0.1134323453 0.9998710550 0.0002122330 B000 1.0000000000
0.1137187365 1.0001454369 0.0002036202 B000 1.0000000000
0.1137397869 0.9995378776 0.0002122956 B000 1.0000000000
0.1137612637 0.9999597662 0.0002130014 B000 1.0000000000
0.1140068900 0.9990602159 0.0002133893 B000 1.0000000000
0.1140081272 0.9998596983 0.0002037639 B000 1.0000000000
0.1140585646 1.0001354080 0.0002136563 B000 1.0000000000
0.1143160623 0.9999811471 0.0002033154 B000 1.0000000000
0.1143365873 1.0002982469 0.0002105724 B000 1.0000000000
0.1143750191 1.0000174880 0.0002114239 B000 1.0000000000
0.1145963430 1.0001752424 0.0002031306 B000 1.0000000000
0.1146412793 1.0002163756 0.0002132939 B000 1.0000000000
0.1146715535 0.9999033779 0.0002108950 B000 1.0000000000
0.1148762777 0.9997540142 0.0002034727 B000 1.0000000000
0.1149554511 0.9997486750 0.0002139139 B000 1.0000000000
0.1150014374 0.9997951734 0.0002116798 B000 1.0000000000
0.1151620025 0.9999782024 0.0002032542 B000 1.0000000000
0.1152591180 1.0002473785 0.0002125125 B000 1.0000000000
0.1153526355 0.9998374646 0.0002108814 B000 1.0000000000
0.1154672586 1.0000120300 0.0002015294 B000 1.0000000000
0.1155481706 1.0000245519 0.0002106473 B000 1.0000000000
0.1156548454 1.0001676789 0.0002123705 B000 1.0000000000
0.1157503307 0.9998432514 0.0002016150 B000 1.0000000000
0.1158930960 1.0003014534 0.0002123917 B000 1.0000000000
0.1159918700 0.9997730753 0.0002101333 B000 1.0000000000
0.1160237817 0.9999036885 0.0002022858 B000 1.0000000000
0.1161721283 0.9990202763 0.0002164602 B000 1.0000000000
0.1162982221 1.0001648214 0.0002101483 B000 1.0000000000
0.1163152229 1.0001925512 0.0002017661 B000 1.0000000000
0.1165154768 1.0004484993 0.0002161883 B000 1.0000000000
0.1166239403 0.9998210816 0.0002118522 B000 1.0000000000
0.1166290679 0.9995556994 0.0002037867 B000 1.0000000000
0.1167775458 0.9999387910 0.0002135470 B000 1.0000000000
0.1168890687 0.9999923419 0.0002116676 B000 1.0000000000
0.1169353015 0.9996136048 0.0002032748 B000 1.0000000000
0.1170609163 1.0002470180 0.0002106838 B000 1.0000000000
0.1172026957 0.9999667004 0.0002119000 B000 1.0000000000
0.1172053050 1.0001185041 0.0002032923 B000 1.0000000000
0.1173260995 1.0001904576 0.0002106740 B000 1.0000000000
0.1175158133 1.0001172473 0.0002033192 B000 1.0000000000
0.1175660813 1.0003706766 0.0002114081 B000 1.0000000000
0.1176155183 0.9997897529 0.0002207646 B000 1.0000000000
0.1178413318 1.0000228749 0.0002020209 B000 1.0000000000
0.1178781399 1.0001792232 0.0002131176 B000 1.0000000000
0.1178942015 1.0002327878 0.0002109748 B000 1.0000000000
0.1181594881 1.0000851075 0.0002044456 B000 1.0000000000
0.1181998304 1.0003501025 0.0002113056 B000 1.0000000000
0.1182001137 0.9997151675 0.0002119906 B000 1.0000000000
0.1184383896 1.0000741548 0.0002046991 B000 1.0000000000
0.1184837077 0.9990994724 0.0002168666 B000 1.0000000000
0.1184934318 0.9998454657 0.0002107227 B000 1.0000000000
0.1187168495 0.9996148616 0.0002050179 B000 1.0000000000
0.1187277685 1.0000658196 0.0002130575 B000 1.0000000000
0.1188250347 0.9998469135 0.0002113241 B000 1.0000000000
0.1189920590 1.0002964444 0.0002123927 B000 1.0000000000
0.1190347709 1.0000426256 0.0002022955 B000 1.0000000000
0.1190880209 1.0001987496 0.0002117313 B000 1.0000000000
0.1192705193 0.9996871132 0.0002014232 B000 1.0000000000
0.1193363344 1.0002011966 0.0002120557 B000 1.0000000000
0.1193973758 1.0001308360 0.0002102016 B000 1.0000000000
0.1196029058 0.9998280607 0.0002119186 B000 1.0000000000
0.1196033973 0.9994887086 0.0002019365 B000 1.0000000000
0.1197037311 0.9997859532 0.0002101208 B000 1.0000000000
0.1198847181 0.9999806802 0.0002020080 B000 1.0000000000
0.1199002268 1.0003927547 0.0002106323 B000 1.0000000000
0.1199812682 1.0000053912 0.0002118320 B000 1.0000000000
0.1201381449 0.9997480890 0.0002037927 B000 1.0000000000
0.1201661329 1.0001698142 0.0002107240 B000 1.0000000000
0.1202903972 0.9994078089 0.0002113588 B000 1.0000000000
0.1204461157 1.0001504643 0.0002033865 B000 1.0000000000
0.1204665276 1.0003389454 0.0002108640 B000 1.0000000000
0.1205569623 0.9999388111 0.0002124878 B000 1.0000000000
0.1207263939 1.0001664444 0.0002031531 B000 1.0000000000
0.1207316117 1.0007151930 0.0002107739 B000 1.0000000000
0.1208695027 1.0001505338 0.0002137930 B000 1.0000000000
0.1210220199 0.9998060842 0.0002032476 B000 1.0000000000
0.1210785635 0.9999608763 0.0002119360 B000 1.0000000000
0.1211770102 0.9999361441 0.0002098488 B000 1.0000000000
0.1213530670 0.9992952046 0.0002153174 B000 1.0000000000
0.1213968777 1.0002411379 0.0002037746 B000 1.0000000000
0.1214475506 1.0001314837 0.0002118167 B000 1.0000000000
0.1216461568 0.9999055871 0.0002119395 B000 1.0000000000
0.1216874205 1.0002610681 0.0002035711 B000 1.0000000000
0.1217625663 1.0004977407 0.0002118023 B000 1.0000000000
0.1219436753 1.0006877950 0.0002106781 B000 1.0000000000
0.1219670074 1.0000434515 0.0002041392 B000 1.0000000000
0.1220501550 0.9998989964 0.0002116178 B000 1.0000000000
0.1222093820 1.0004538309 0.0002107417 B000 1.0000000000
0.1222784295 1.0000086185 0.0002014992 B000 1.0000000000
0.1223378111 1.0000211075 0.0002120078 B000 1.0000000000
0.1225480424 1.0000006464 0.0002027038 B000 1.0000000000
0.1225504766 1.0000064131 0.0002128213 B000 1.0000000000
0.1226458281 0.9996773677 0.0002132953 B000 1.0000000000
0.1228349814 1.0001541631 0.0002023959 B000 1.0000000000
0.1228586143 0.9997797918 0.0002132921 B000 1.0000000000
0.1229128543 1.0000163450 0.0002138451 B000 1.0000000000
0.1231264854 0.9999408377 0.0002018666 B000 1.0000000000
0.1231286629 0.9995211808 0.0002140951 B000 1.0000000000
0.1232202542 0.9998631061 0.0002098611 B000 1.0000000000
0.1234084033 0.9997773559 0.0002016968 B000 1.0000000000
0.1234323817 1.0001023439 0.0002129283 B000 1.0000000000
0.1235258191 1.0002044646 0.0002107032 B000 1.0000000000
0.1236929885 1.0001028831 0.0002013965 B000 1.0000000000
0.1237213622 1.0003254741 0.0002105702 B000 1.0000000000
0.1238280374 0.9997764282 0.0002128836 B000 1.0000000000
0.1239713906 0.9996927152 0.0002020064 B000 1.0000000000
0.1240074559 1.0004673970 0.0002162619 B000 1.0000000000
0.1241272476 0.9997043998 0.0002142565 B000 1.0000000000
0.1242635996 0.9997261837 0.0002013514 B000 1.0000000000
0.1242888668 1.0003820156 0.0002108429 B000 1.0000000000
0.1244714036 1.0003794397 0.0002101694 B000 1.0000000000
0.1245329847 1.0002422152 0.0002033910 B000 1.0000000000
0.1246375289 0.9995593179 0.0002128579 B000 1.0000000000
0.1247744849 0.9999290956 0.0002115619 B000 1.0000000000
0.1248130613 0.9998674909 0.0002030937 B000 1.0000000000
0.1249019565 1.0001727362 0.0002133793 B000 1.0000000000
0.1250580498 0.9996229606 0.0002114794 B000 1.0000000000
0.1251168246 0.9996517595 0.0002013100 B000 1.0000000000
0.1251651488 1.0003987124 0.0002117603 B000 1.0000000000
0.1253400755 1.0003022106 0.0002138948 B000 1.0000000000
0.1254510028 1.0002748936 0.0002017427 B000 1.0000000000
0.1254756226 0.9998890041 0.0002129172 B000 1.0000000000
0.1256372896 1.0001843668 0.0002139666 B000 1.0000000000
0.1257363857 1.0000597907 0.0002013954 B000 1.0000000000
0.1257647101 1.0000503561 0.0002105354 B000 1.0000000000
0.1259536722 0.9997525012 0.0002110012 B000 1.0000000000
0.1260219166 0.9999525086 0.0002013967 B000 1.0000000000
0.1261207588 0.9994868385 0.0002147756 B000 1.0000000000
0.1262869781 0.9996764914 0.0002130640 B000 1.0000000000
0.1263068951 1.0001994819 0.0002013961 B000 1.0000000000
0.1263888000 0.9993347457 0.0002162898 B000 1.0000000000
0.1265525680 1.0001571251 0.0002130227 B000 1.0000000000
0.1265761694 0.9997930487 0.0002033438 B000 1.0000000000
0.1266808806 0.9996701240 0.0002130173 B000 1.0000000000
0.1268515814 1.0002260865 0.0002143135 B000 1.0000000000
0.1268564450 1.0002101652 0.0002030927 B000 1.0000000000
0.1269478879 0.9990236916 0.0002136163 B000 1.0000000000
0.1271363746 0.9999333863 0.0002035742 B000 1.0000000000
0.1271529886 1.0000238507 0.0002100180 B000 1.0000000000
0.1273181462 1.0000667683 0.0002129987 B000 1.0000000000
0.1274159594 1.0000946956 0.0002042624 B000 1.0000000000
0.1274191851 1.0001369320 0.0002115293 B000 1.0000000000
0.1275821284 0.9995187142 0.0002125171 B000 1.0000000000
0.1276951001 1.0001517212 0.0002045852 B000 1.0000000000
0.1277824656 0.9998283206 0.0002115671 B000 1.0000000000
0.1278895724 1.0002258624 0.0002117081 B000 1.0000000000
0.1279738978 1.0003582056 0.0002044580 B000 1.0000000000
0.1280644076 1.0001695077 0.0002140311 B000 1.0000000000
0.1281906193 0.9999414473 0.0002117918 B000 1.0000000000
0.1282838812 0.9998605961 0.0002023752 B000 1.0000000000
0.1283617249 1.0002054171 0.0002140903 B000 1.0000000000
0.1285131950 0.9997334960 0.0002202300 B000 1.0000000000
0.1285753554 1.0002954523 0.0002019583 B000 1.0000000000
0.1286780906 0.9998968057 0.0002109507 B000 1.0000000000
0.1288718027 0.9998116675 0.0002117610 B000 1.0000000000
0.1288998287 1.0003921409 0.0002030708 B000 1.0000000000
0.1290113095 0.9997532632 0.0002130422 B000 1.0000000000
0.1291383771 0.9995598112 0.0002120792 B000 1.0000000000
0.1291795576 1.0003429437 0.0002036053 B000 1.0000000000
0.1293037822 1.0000376811 0.0002123369 B000 1.0000000000
0.1294067123 1.0001090985 0.0002129204 B000 1.0000000000
0.1294655200 0.9997186425 0.0002033610 B000 1.0000000000
0.1295760150 0.9997789809 0.0002143209 B000 1.0000000000
0.1297015953 1.0000846984 0.0002106471 B000 1.0000000000
0.1297706978 0.9997724003 0.0002014388 B000 1.0000000000
0.1299202580 0.9997221354 0.0002100950 B000 1.0000000000
0.1300537641 0.9999899451 0.0002015177 B000 1.0000000000
0.1300624531 0.9992057248 0.0002170077 B000 1.0000000000
0.1301977654 0.9999050163 0.0002119125 B000 1.0000000000
0.1303549743 0.9996065304 0.0002037784 B000 1.0000000000
0.1303826784 0.9999927710 0.0002106306 B000 1.0000000000
0.1305067815 1.0001717937 0.0002116503 B000 1.0000000000
0.1306785110 1.0000660750 0.0002013573 B000 1.0000000000
0.1306830614 1.0001558496 0.0002111140 B000 1.0000000000
0.1307734650 1.0001974351 0.0002123026 B000 1.0000000000
0.1309756388 0.9996749623 0.0002305320 B000 1.0000000000
0.1309769263 0.9998077001 0.0002044195 B000 1.0000000000
0.1310859554 0.9999305053 0.0002114772 B000 1.0000000000
0.1312518298 1.0000904854 0.0002129096 B000 1.0000000000
0.1312948651 0.9999502642 0.0002023298 B000 1.0000000000
0.1314546451 1.0000590172 0.0002122755 B000 1.0000000000
0.1315306722 1.0000042374 0.0002015293 B000 1.0000000000
0.1316292307 1.0004451979 0.0002107684 B000 1.0000000000
0.1317659681 1.0000892116 0.0002111706 B000 1.0000000000
0.1318192664 1.0001377161 0.0002033052 B000 1.0000000000
0.1318946538 1.0003279407 0.0002105447 B000 1.0000000000
0.1320339188 1.0001343412 0.0002147247 B000 1.0000000000
0.1321089971 0.9999174062 0.0002035193 B000 1.0000000000
0.1321807148 0.9999630773 0.0002159618 B000 1.0000000000
0.1323383176 0.9998492757 0.0002103150 B000 1.0000000000
0.1323797691 1.0001198328 0.0002016387 B000 1.0000000000
0.1324619516 1.0001739694 0.0002106856 B000 1.0000000000
0.1326446851 0.9999264286 0.0002100888 B000 1.0000000000
0.1326621330 0.9996278612 0.0002019069 B000 1.0000000000
0.1328121152 1.0003440683 0.0002128561 B000 1.0000000000
0.1329433963 0.9999421844 0.0002018209 B000 1.0000000000
0.1329728464 0.9997547872 0.0002115599 B000 1.0000000000
0.1331070105 1.0002017659 0.0002106128 B000 1.0000000000
0.1332285759 1.0001353101 0.0002014576 B000 1.0000000000
0.1332829176 0.9996507738 0.0002099667 B000 1.0000000000
0.1334480785 0.9999606107 0.0002128438 B000 1.0000000000
0.1335522248 1.0001072642 0.0002033808 B000 1.0000000000
0.1336287570 1.0001873195 0.0002115755 B000 1.0000000000
0.1337563060 1.0001173331 0.0002132487 B000 1.0000000000
0.1338397612 0.9998855178 0.0002027945 B000 1.0000000000
0.1339123762 1.0004543827 0.0002117127 B000 1.0000000000
0.1340263121 0.9992533866 0.0002145799 B000 1.0000000000
0.1341523038 0.9999498153 0.0002036139 B000 1.0000000000
0.1342273340 1.0003741057 0.0002107004 B000 1.0000000000
0.1343205703 0.9997078816 0.0002115732 B000 1.0000000000
0.1344230586 1.0002459858 0.0002016390 B000 1.0000000000
0.1345462433 1.0000447296 0.0002112679 B000 1.0000000000
0.1345872464 0.9996832158 0.0002123051 B000 1.0000000000
0.1347307201 0.9996796798 0.0002040069 B000 1.0000000000
0.1348080069 1.0000962411 0.0002109842 B000 1.0000000000
0.1348846491 1.0003418863 0.0002107977 B000 1.0000000000
0.1350194054 1.0001180373 0.0002035329 B000 1.0000000000
0.1351725306 1.0003217179 0.0002114470 B000 1.0000000000
0.1351864799 1.0003286996 0.0002106362 B000 1.0000000000
0.1353255849 0.9996844200 0.0002033947 B000 1.0000000000
0.1354394368 0.9998014600 0.0002148585 B000 1.0000000000
0.1355114332 0.9996493479 0.0002171018 B000 1.0000000000
0.1355956274 0.9998704714 0.0002033436 B000 1.0000000000
0.1357856943 0.9995983860 0.0002104179 B000 1.0000000000
0.1357996482 0.9998434673 0.0002131323 B000 1.0000000000
0.1359059816 0.9996294053 0.0002034686 B000 1.0000000000
0.1360627430 1.0002071733 0.0002120469 B000 1.0000000000
0.1361147732 0.9993681657 0.0002121203 B000 1.0000000000
0.1361838355 1.0000412969 0.0002015100 B000 1.0000000000
0.1363373272 0.9993378194 0.0002147703 B000 1.0000000000
0.1363871492 0.9998507997 0.0002145194 B000 1.0000000000
0.1364850920 0.9997806956 0.0002037523 B000 1.0000000000
0.1366359665 1.0000502802 0.0002123252 B000 1.0000000000
0.1366932073 0.9998426082 0.0002123080 B000 1.0000000000
0.1368084951 0.9995994202 0.0002013208 B000 1.0000000000
0.1369483743 1.0001906852 0.0002157350 B000 1.0000000000
0.1370086635 0.9999530034 0.0002118712 B000 1.0000000000
0.1370929649 0.9998645283 0.0002013465 B000 1.0000000000
0.1372105470 1.0005398764 0.0002133594 B000 1.0000000000
0.1373220778 0.9999498602 0.0002120645 B000 1.0000000000
0.1374249623 1.0001797312 0.0002023093 B000 1.0000000000
0.1375797793 1.0003365547 0.0002126989 B000 1.0000000000
0.1375998701 0.9999295528 0.0002141065 B000 1.0000000000
0.1377112921 1.0000844791 0.0002018531 B000 1.0000000000
0.1378748918 1.0002081220 0.0002105723 B000 1.0000000000
0.1378970983 1.0000721617 0.0002145280 B000 1.0000000000
0.1380321458 1.0001311625 0.0002034188 B000 1.0000000000
0.1381540566 0.9998503738 0.0002117413 B000 1.0000000000
0.1382134049 1.0001828428 0.0002110962 B000 1.0000000000
0.1383137633 0.9997630816 0.0002043906 B000 1.0000000000
0.1384678153 1.0002397132 0.0002317569 B000 1.0000000000
0.1385101220 0.9999758635 0.0002104390 B000 1.0000000000
0.1386076649 0.9999552916 0.0002027221 B000 1.0000000000
0.1387871665 0.9996883387 0.0002122102 B000 1.0000000000
0.1388122560 1.0001574299 0.0002127668 B000 1.0000000000
0.1388716928 1.0000597907 0.0002044369 B000 1.0000000000
0.1390976286 1.0001992234 0.0002121707 B000 1.0000000000
0.1391114829 1.0002055124 0.0002146406 B000 1.0000000000
0.1391502441 1.0002874622 0.0002044477 B000 1.0000000000
0.1393602882 1.0001028182 0.0002123771 B000 1.0000000000
0.1394684614 0.9998879597 0.0002021813 B000 1.0000000000
0.1394711444 0.9998607057 0.0002117748 B000 1.0000000000
0.1396728939 1.0000190496 0.0002155813 B000 1.0000000000
0.1397041410 1.0000664341 0.0002015178 B000 1.0000000000
0.1397812274 1.0000190882 0.0002116203 B000 1.0000000000
0.1399926967 0.9999060945 0.0002037294 B000 1.0000000000
0.1399953121 0.9999442933 0.0002114419 B000 1.0000000000
0.1400464989 0.9996618228 0.0002118667 B000 1.0000000000
0.1403253919 0.9997418047 0.0002014303 B000 1.0000000000
0.1403546128 0.9997450717 0.0002133465 B000 1.0000000000
0.1403706038 0.9999349963 0.0002123668 B000 1.0000000000
0.1406361807 0.9998394808 0.0002047680 B000 1.0000000000
0.1406761605 0.9997393567 0.0002112126 B000 1.0000000000
0.1406762933 0.9997056807 0.0002114414 B000 1.0000000000
0.1408952846 1.0000716411 0.0002013531 B000 1.0000000000
0.1409839421 0.9994955664 0.0002134218 B000 1.0000000000
0.1409899676 0.9996792727 0.0002120284 B000 1.0000000000
0.1412250805 0.9998478120 0.0002022077 B000 1.0000000000
0.1412803070 1.0002953060 0.0002105728 B000 1.0000000000
0.1413024434 0.9996863022 0.0002112378 B000 1.0000000000
0.1415116605 0.9998805981 0.0002021531 B000 1.0000000000
0.1415693894 1.0003436255 0.0002151112 B000 1.0000000000
0.1415806774 1.0005916745 0.0002108179 B000 1.0000000000
0.1417474331 0.9997833888 0.0002014868 B000 1.0000000000
0.1418457674 1.0006034381 0.0002104837 B000 1.0000000000
0.1419156317 0.9999439546 0.0002104479 B000 1.0000000000
0.1420361044 0.9999342123 0.0002038495 B000 1.0000000000
0.1421351909 1.0001000671 0.0002189975 B000 1.0000000000
0.1422446853 0.9993447150 0.0002118069 B000 1.0000000000
0.1423139069 0.9999721695 0.0002015130 B000 1.0000000000
0.1424561566 1.0002688377 0.0002125806 B000 1.0000000000
0.1425548348 0.9998969009 0.0002101518 B000 1.0000000000
0.1425965170 1.0001260453 0.0002015395 B000 1.0000000000
0.1427197369 0.9995756352 0.0002114998 B000 1.0000000000
0.1428232218 0.9995354445 0.0002121468 B000 1.0000000000
0.1428788767 0.9997813779 0.0002017466 B000 1.0000000000
0.1430272937 0.9993521256 0.0002133798 B000 1.0000000000
0.1431601872 1.0001434618 0.0002018512 B000 1.0000000000
0.1431868226 0.9993899780 0.0002115282 B000 1.0000000000
0.1433236561 1.0000426907 0.0002105670 B000 1.0000000000
0.1434454627 0.9997358795 0.0002016112 B000 1.0000000000
0.1434643691 1.0002933333 0.0002143476 B000 1.0000000000
0.1436028979 1.0000332798 0.0002117480 B000 1.0000000000
0.1437308858 0.9998720515 0.0002014586 B000 1.0000000000
0.1437655882 0.9997719323 0.0002114638 B000 1.0000000000
0.1439285853 1.0003176949 0.0002116561 B000 1.0000000000
0.1440418492 1.0002427539 0.0002048000 B000 1.0000000000
0.1441288605 0.9999177608 0.0002115369 B000 1.0000000000
0.1442360136 1.0001953148 0.0002126828 B000 1.0000000000
0.1443007758 1.0001238907 0.0002013583 B000 1.0000000000
0.1444412169 0.9997297554 0.0002132922 B000 1.0000000000
0.1445106418 0.9995018277 0.0002159784 B000 1.0000000000
0.1445852426 0.9998344533 0.0002013427 B000 1.0000000000
0.1447784892 0.9992749787 0.0002166023 B000 1.0000000000
0.1447915146 1.0002384690 0.0002110256 B000 1.0000000000
0.1450017337 0.9999699071 0.0002045813 B000 1.0000000000
0.1450766486 0.9999839598 0.0002119869 B000 1.0000000000
0.1451216332 1.0001300454 0.0002153750 B000 1.0000000000
0.1452802824 0.9999375160 0.0002047175 B000 1.0000000000
0.1453890186 0.9999761493 0.0002111468 B000 1.0000000000
0.1454030109 1.0006903375 0.0002105426 B000 1.0000000000
0.1455504550 1.0000016160 0.0002013463 B000 1.0000000000
0.1456559911 1.0001500766 0.0002151079 B000 1.0000000000
0.1457279085 0.9991432256 0.0002171783 B000 1.0000000000
0.1458845847 1.0001263326 0.0002018479 B000 1.0000000000
0.1459602405 0.9997018280 0.0002100859 B000 1.0000000000
0.1459718299 0.9999842329 0.0002115532 B000 1.0000000000
0.1461699589 0.9996276098 0.0002016514 B000 1.0000000000
0.1462793563 0.9995130222 0.0002127544 B000 1.0000000000
0.1463044652 1.0001717175 0.0002125097 B000 1.0000000000
0.1464869911 1.0001633920 0.0002043851 B000 1.0000000000
0.1465947550 1.0000106299 0.0002109405 B000 1.0000000000
0.1466135445 1.0005491735 0.0002103493 B000 1.0000000000
0.1467662241 1.0005119019 0.0002048145 B000 1.0000000000
0.1468788718 1.0003301416 0.0002105410 B000 1.0000000000
0.1469097981 1.0001215967 0.0002120661 B000 1.0000000000
0.1470451139 1.0000472221 0.0002046463 B000 1.0000000000
0.1471816226 1.0000395411 0.0002127112 B000 1.0000000000
0.1472251606 0.9999098550 0.0002117183 B000 1.0000000000
0.1473097344 0.9998905632 0.0002013482 B000 1.0000000000
0.1475159437 0.9999717678 0.0002109724 B000 1.0000000000
0.1475281361 0.9994798183 0.0002127875 B000 1.0000000000
0.1475858403 1.0002377264 0.0002035990 B000 1.0000000000
0.1477962881 1.0004174963 0.0002124385 B000 1.0000000000
0.1478164156 1.0005085993 0.0002138235 B000 1.0000000000
0.1478557421 1.0000879803 0.0002032224 B000 1.0000000000
0.1480620951 0.9998272259 0.0002133143 B000 1.0000000000
0.1481662270 0.9998698250 0.0002041009 B000 1.0000000000
0.1481971260 1.0002739974 0.0002109979 B000 1.0000000000
0.1484322686 0.9996815082 0.0002120116 B000 1.0000000000
0.1484438782 0.9996453854 0.0002014942 B000 1.0000000000
0.1484820494 0.9996084826 0.0002119185 B000 1.0000000000
0.1487431791 0.9992437860 0.0002132581 B000 1.0000000000
0.1487452271 0.9998917303 0.0002036188 B000 1.0000000000
0.1487947394 1.0004043953 0.0002147083 B000 1.0000000000
0.1490516393 1.0003176949 0.0002118155 B000 1.0000000000
0.1490615092 0.9999062355 0.0002149958 B000 1.0000000000
0.1490884941 1.0002862054 0.0002047352 B000 1.0000000000
0.1493726095 0.9997544062 0.0002113904 B000 1.0000000000
0.1493986800 1.0004755606 0.0002021544 B000 1.0000000000
0.1494215629 1.0003630419 0.0002124373 B000 1.0000000000
0.1496851565 0.9999776458 0.0002020640 B000 1.0000000000
0.1496876432 0.9999371728 0.0002123599 B000 1.0000000000
0.1496917516 0.9992940662 0.0002148915 B000 1.0000000000
0.1499713812 1.0000000000 0.0002018171 B000 1.0000000000
0.1499952135 0.9999850867 0.0002118044 B000 1.0000000000
0.1499978128 0.9997323843 0.0002115811 B000 1.0000000000
